rank,source_id,canonical_id,source_id_normalized,canonical_id_normalized,score,status,n_points_results,baseline_days_results,baseline_years_results,band_coverage_results,delta_mag_results,raw_points_total,kept_points_total,fraction_rejected_total,kept_points_w1,kept_points_w2,season_bins_w1,season_bins_w2,has_pre_gap,has_post_gap,has_both_sides,systematics_verdict,blazar_match,known_clagn_match,stage_a_positive,gate_blazar_veto,gate_wise_qc_pass,gate_data_sufficient,gate_state_change_ratio_pass,gate_transient_spike_pass,state_change_ratio_value,transient_spike_flag,transient_max_nonpeak_ratio,transient_max_adjacency_ratio,transient_min_band_seasons,fp_mode_hint,final_label,decision_trace,coordinate_source,is_top_clagn_candidate,card_path,figure_path
1,4645750160709248,4645750160709248,4645750160709248,4645750160709248,0.842179,OK,190.000000,5096.470296,13.953375,"W1,W2",0.537504,604,589,0.024834,298,291,24,24,True,True,True,PASS,False,False,True,True,True,True,True,True,6.101449,False,0.959044,0.904580,24,unknown,Rejected,stage_a_positive=pass;gate_blazar_veto=pass;gate_wise_qc_pass=pass;gate_data_sufficient=pass;gate_state_change_ratio_pass=pass;gate_transient_spike_pass=pass,benchmark_master,False,outputs/v2_rows/cards/01_4645750160709248.md,outputs/v2_rows/figures/4645750160709248_wise.png
2,3C 279,3C 279,3C 279,3C 279,0.825000,OK,191.000000,5269.149044,14.426144,"W1,W2",0.261190,636,636,0.000000,318,318,15,15,True,True,True,PASS,True,False,True,False,True,True,True,True,46.888889,False,0.965795,0.965795,15,unknown,Known blazar,stage_a_positive=pass;gate_blazar_veto=fail;gate_wise_qc_pass=pass;gate_data_sufficient=pass;gate_state_change_ratio_pass=pass;gate_transient_spike_pass=pass,benchmark_master,False,outputs/v2_rows/cards/02_3C_279.md,outputs/v2_rows/figures/3C_279_wise.png
3,BL Lac,BL Lac,BL LAC,BL LAC,0.795333,OK,247.000000,5114.356493,14.002345,"W1,W2",0.825271,982,140,0.857434,5,135,4,10,False,True,False,CAUTION,True,False,True,False,True,True,True,True,365.154535,False,0.655860,0.655860,4,artifact_like,Known blazar,stage_a_positive=pass;gate_blazar_veto=fail;gate_wise_qc_pass=pass;gate_data_sufficient=pass;gate_state_change_ratio_pass=pass;gate_transient_spike_pass=pass,benchmark_master,False,outputs/v2_rows/cards/03_BL_Lac.md,outputs/v2_rows/figures/BL_Lac_wise.png
4,SDSSJJ141324.27+530527.0,SDSSJ141324.27+530527.0,SDSSJ141324.27+530527.0,SDSSJ141324.27+530527.0,0.761227,OK,404.000000,5098.947455,13.960157,"W1,W2",0.091610,1218,1215,0.002463,609,606,24,24,False,True,False,CAUTION,False,False,True,True,True,True,True,True,26.929577,False,0.473333,0.390476,24,unknown,Known AGN,stage_a_positive=pass;gate_blazar_veto=pass;gate_wise_qc_pass=pass;gate_data_sufficient=pass;gate_state_change_ratio_pass=pass;gate_transient_spike_pass=pass,benchmark_master,False,outputs/v2_rows/cards/04_SDSSJ141324.27+530527.0.md,outputs/v2_rows/figures/SDSSJ141324.27+530527.0_wise.png
5,SDSSJJ082323.88+422048.2,SDSSJ082323.88+422048.2,SDSSJ082323.88+422048.2,SDSSJ082323.88+422048.2,0.757734,OK,253.000000,5098.611096,13.959236,"W1,W2",0.436716,614,614,0.000000,307,307,23,23,True,True,True,PASS,False,False,True,True,True,True,True,True,21.112360,False,0.937690,0.820513,23,unknown,Known AGN,stage_a_positive=pass;gate_blazar_veto=pass;gate_wise_qc_pass=pass;gate_data_sufficient=pass;gate_state_change_ratio_pass=pass;gate_transient_spike_pass=pass,benchmark_master,False,outputs/v2_rows/cards/05_SDSSJ082323.88+422048.2.md,outputs/v2_rows/figures/SDSSJ082323.88+422048.2_wise.png
6,TON 1542,TON 1542,TON 1542,TON 1542,0.754087,OK,289.000000,5098.272694,13.958310,"W1,W2",0.620792,704,703,0.001420,352,351,24,24,False,True,False,CAUTION,True,False,True,False,True,True,True,True,60.272727,False,0.985795,0.985795,24,unknown,Known blazar,stage_a_positive=pass;gate_blazar_veto=fail;gate_wise_qc_pass=pass;gate_data_sufficient=pass;gate_state_change_ratio_pass=pass;gate_transient_spike_pass=pass,benchmark_master,False,outputs/v2_rows/cards/06_TON_1542.md,outputs/v2_rows/figures/TON_1542_wise.png
7,SDSSJ153612.80+034245.7,SDSSJ153612.80+034245.7,SDSSJ153612.80+034245.7,SDSSJ153612.80+034245.7,0.731372,OK,269.000000,5276.732380,14.446906,"W1,W2",-0.925105,644,642,0.003106,322,320,24,24,True,True,True,PASS,False,True,True,True,True,True,True,True,16.575221,False,0.973538,0.973538,24,unknown,Known AGN,stage_a_positive=pass;gate_blazar_veto=pass;gate_wise_qc_pass=pass;gate_data_sufficient=pass;gate_state_change_ratio_pass=pass;gate_transient_spike_pass=pass,benchmark_master,False,outputs/v2_rows/cards/07_SDSSJ153612.80+034245.7.md,outputs/v2_rows/figures/SDSSJ153612.80+034245.7_wise.png
8,SDSSJJ101322.43+214021.74,SDSSJ101322.43+214021.74,SDSSJ101322.43+214021.74,SDSSJ101322.43+214021.74,0.729755,OK,180.000000,5098.376905,13.958595,"W1,W2",-0.509843,564,564,0.000000,282,282,23,23,True,True,True,PASS,False,False,True,True,True,True,True,True,5.591912,False,0.782419,0.782419,23,unknown,Known AGN,stage_a_positive=pass;gate_blazar_veto=pass;gate_wise_qc_pass=pass;gate_data_sufficient=pass;gate_state_change_ratio_pass=pass;gate_transient_spike_pass=pass,benchmark_master,False,outputs/v2_rows/cards/08_SDSSJ101322.43+214021.74.md,outputs/v2_rows/figures/SDSSJ101322.43+214021.74_wise.png
9,SDSSJJ100256.22+475027.7,SDSSJ100256.22+475027.7,SDSSJ100256.22+475027.7,SDSSJ100256.22+475027.7,0.719130,OK,291.000000,5101.828652,13.968046,"W1,W2",0.645789,704,704,0.000000,352,352,23,23,True,True,True,PASS,False,False,True,True,True,True,True,True,24.967742,False,0.883792,0.883792,23,unknown,Known AGN,stage_a_positive=pass;gate_blazar_veto=pass;gate_wise_qc_pass=pass;gate_data_sufficient=pass;gate_state_change_ratio_pass=pass;gate_transient_spike_pass=pass,benchmark_master,False,outputs/v2_rows/cards/09_SDSSJ100256.22+475027.7.md,outputs/v2_rows/figures/SDSSJ100256.22+475027.7_wise.png
10,3C 345,3C 345,3C 345,3C 345,0.712666,OK,505.000000,5277.517284,14.449055,"W1,W2",-0.029266,1260,1258,0.001587,630,628,24,24,True,True,True,PASS,True,False,True,False,True,True,True,True,69.463415,False,0.813550,0.782851,24,unknown,Known blazar,stage_a_positive=pass;gate_blazar_veto=fail;gate_wise_qc_pass=pass;gate_data_sufficient=pass;gate_state_change_ratio_pass=pass;gate_transient_spike_pass=pass,benchmark_master,False,outputs/v2_rows/cards/10_3C_345.md,outputs/v2_rows/figures/3C_345_wise.png
11,SDSSJJ091407.16+243633.08,SDSSJ091407.16+243633.08,SDSSJ091407.16+243633.08,SDSSJ091407.16+243633.08,0.710498,OK,160.000000,5095.680523,13.951213,"W1,W2",0.472757,512,492,0.039062,237,255,23,23,True,True,True,PASS,False,False,True,True,True,True,True,True,4.627848,False,0.830865,0.830865,23,unknown,Known AGN,stage_a_positive=pass;gate_blazar_veto=pass;gate_wise_qc_pass=pass;gate_data_sufficient=pass;gate_state_change_ratio_pass=pass;gate_transient_spike_pass=pass,benchmark_master,False,outputs/v2_rows/cards/11_SDSSJ091407.16+243633.08.md,outputs/v2_rows/figures/SDSSJ091407.16+243633.08_wise.png
12,5054111356737024,5054111356737024,5054111356737024,5054111356737024,0.706090,OK,217.000000,5096.218803,13.952687,"W1,W2",0.587607,642,622,0.031153,321,301,24,24,True,True,True,PASS,False,False,True,True,True,True,True,True,13.133531,False,0.957997,0.957997,24,unknown,Rejected,stage_a_positive=pass;gate_blazar_veto=pass;gate_wise_qc_pass=pass;gate_data_sufficient=pass;gate_state_change_ratio_pass=pass;gate_transient_spike_pass=pass,benchmark_master,False,outputs/v2_rows/cards/12_5054111356737024.md,outputs/v2_rows/figures/5054111356737024_wise.png
13,SDSSJJ081425.89+294115.6,SDSSJ081425.89+294115.6,SDSSJ081425.89+294115.6,SDSSJ081425.89+294115.6,0.704250,OK,224.000000,5098.705582,13.959495,"W1,W2",0.559170,564,563,0.001773,282,281,23,23,True,True,True,PASS,False,False,True,True,True,True,True,True,9.933824,False,0.994521,0.994521,23,unknown,Known AGN,stage_a_positive=pass;gate_blazar_veto=pass;gate_wise_qc_pass=pass;gate_data_sufficient=pass;gate_state_change_ratio_pass=pass;gate_transient_spike_pass=pass,benchmark_master,False,outputs/v2_rows/cards/13_SDSSJ081425.89+294115.6.md,outputs/v2_rows/figures/SDSSJ081425.89+294115.6_wise.png
14,1997bt,1997bt,1997BT,1997BT,0.699311,OK,197.000000,5098.219331,13.958164,"W1,W2",0.590177,682,679,0.004399,340,339,24,24,False,True,False,CAUTION,False,False,True,True,True,True,True,True,16.575000,False,0.934746,0.934746,24,unknown,Rejected,stage_a_positive=pass;gate_blazar_veto=pass;gate_wise_qc_pass=pass;gate_data_sufficient=pass;gate_state_change_ratio_pass=pass;gate_transient_spike_pass=pass,benchmark_master,False,outputs/v2_rows/cards/14_1997bt.md,outputs/v2_rows/figures/1997bt_wise.png
15,3C 446,3C 446,3C 446,3C 446,0.689994,OK,202.000000,5113.961700,14.001264,"W1,W2",-0.125613,618,617,0.001618,309,308,23,23,False,True,False,CAUTION,True,False,True,False,True,True,True,True,51.901235,False,0.891233,0.734516,23,unknown,Known blazar,stage_a_positive=pass;gate_blazar_veto=fail;gate_wise_qc_pass=pass;gate_data_sufficient=pass;gate_state_change_ratio_pass=pass;gate_transient_spike_pass=pass,benchmark_master,False,outputs/v2_rows/cards/15_3C_446.md,outputs/v2_rows/figures/3C_446_wise.png
16,2000dw,2000dw,2000DW,2000DW,0.680989,OK,202.000000,5114.343250,14.002309,"W1,W2",0.567032,910,909,0.001099,455,454,24,24,False,True,False,CAUTION,False,False,True,True,True,True,True,True,16.331429,False,0.531073,0.112994,24,unknown,Rejected,stage_a_positive=pass;gate_blazar_veto=pass;gate_wise_qc_pass=pass;gate_data_sufficient=pass;gate_state_change_ratio_pass=pass;gate_transient_spike_pass=pass,benchmark_master,False,outputs/v2_rows/cards/16_2000dw.md,outputs/v2_rows/figures/2000dw_wise.png
17,SDSSJJ025410.08+034911.9,SDSSJ025410.08+034911.9,SDSSJ025410.08+034911.9,SDSSJ025410.08+034911.9,0.680955,OK,207.000000,5096.450431,13.953321,"W1,W2",0.536274,626,624,0.003195,313,311,24,24,True,True,True,PASS,False,False,True,True,True,True,True,True,9.420168,False,0.973774,0.973774,24,unknown,Known AGN,stage_a_positive=pass;gate_blazar_veto=pass;gate_wise_qc_pass=pass;gate_data_sufficient=pass;gate_state_change_ratio_pass=pass;gate_transient_spike_pass=pass,benchmark_master,False,outputs/v2_rows/cards/17_SDSSJ025410.08+034911.9.md,outputs/v2_rows/figures/SDSSJ025410.08+034911.9_wise.png
18,SDSSJJ082942.66+415436.8,SDSSJ082942.66+415436.8,SDSSJ082942.66+415436.8,SDSSJ082942.66+415436.8,0.677192,OK,255.000000,5098.573278,13.959133,"W1,W2",0.416279,598,597,0.001672,298,299,23,23,True,True,True,PASS,False,False,True,True,True,True,True,True,75.040000,False,0.970018,0.970018,23,unknown,Known AGN,stage_a_positive=pass;gate_blazar_veto=pass;gate_wise_qc_pass=pass;gate_data_sufficient=pass;gate_state_change_ratio_pass=pass;gate_transient_spike_pass=pass,benchmark_master,False,outputs/v2_rows/cards/18_SDSSJ082942.66+415436.8.md,outputs/v2_rows/figures/SDSSJ082942.66+415436.8_wise.png
19,SDSSJJ020222.00+010557.11,SDSSJ020222.00+010557.11,SDSSJ020222.00+010557.11,SDSSJ020222.00+010557.11,0.669048,OK,147.000000,5300.560717,14.512144,"W1,W2",-0.435069,602,602,0.000000,301,301,20,20,True,True,True,PASS,False,False,True,True,True,True,True,True,13.149606,False,0.894464,0.894464,20,unknown,Known AGN,stage_a_positive=pass;gate_blazar_veto=pass;gate_wise_qc_pass=pass;gate_data_sufficient=pass;gate_state_change_ratio_pass=pass;gate_transient_spike_pass=pass,benchmark_master,False,outputs/v2_rows/cards/19_SDSSJ020222.00+010557.11.md,outputs/v2_rows/figures/SDSSJ020222.00+010557.11_wise.png
20,3C 66A,3C 66A,3C 66A,3C 66A,0.652129,OK,179.000000,5096.127757,13.952437,"W1,W2",-0.960377,634,633,0.001577,317,316,24,24,True,True,True,PASS,True,False,True,False,True,True,True,True,105.217391,False,0.996310,0.905289,24,unknown,Known blazar,stage_a_positive=pass;gate_blazar_veto=fail;gate_wise_qc_pass=pass;gate_data_sufficient=pass;gate_state_change_ratio_pass=pass;gate_transient_spike_pass=pass,benchmark_master,False,outputs/v2_rows/cards/20_3C_66A.md,outputs/v2_rows/figures/3C_66A_wise.png
21,SDSSJJ113706.93+481943.68,SDSSJ113706.93+481943.68,SDSSJ113706.93+481943.68,SDSSJ113706.93+481943.68,0.650362,OK,212.000000,5098.394618,13.958644,"W1,W2",-0.272990,720,719,0.001389,360,359,23,23,True,True,True,PASS,False,True,True,True,True,True,True,True,10.523077,False,0.838220,0.838220,23,unknown,Known AGN,stage_a_positive=pass;gate_blazar_veto=pass;gate_wise_qc_pass=pass;gate_data_sufficient=pass;gate_state_change_ratio_pass=pass;gate_transient_spike_pass=pass,benchmark_master,False,outputs/v2_rows/cards/21_SDSSJ113706.93+481943.68.md,outputs/v2_rows/figures/SDSSJ113706.93+481943.68_wise.png
22,1959C,1959C,1959C,1959C,0.650000,OK,46.000000,5268.449068,14.424227,"W1,W2",0.000000,96,96,0.000000,48,48,12,12,True,True,True,PASS,False,False,True,True,True,True,True,True,14.855843,False,0.913963,0.902680,12,unknown,Rejected,stage_a_positive=pass;gate_blazar_veto=pass;gate_wise_qc_pass=pass;gate_data_sufficient=pass;gate_state_change_ratio_pass=pass;gate_transient_spike_pass=pass,benchmark_master,False,outputs/v2_rows/cards/22_1959C.md,outputs/v2_rows/figures/1959C_wise.png
23,SDSSJJ022930.91-000845.37,SDSSJ022930.91-000845.37,SDSSJ022930.91-000845.37,SDSSJ022930.91-000845.37,0.644372,OK,208.000000,5304.715851,14.523520,"W1,W2",-0.300615,666,665,0.001502,333,332,25,25,True,True,True,PASS,False,False,True,True,True,True,True,True,9.319728,False,0.980728,0.980728,25,unknown,Known AGN,stage_a_positive=pass;gate_blazar_veto=pass;gate_wise_qc_pass=pass;gate_data_sufficient=pass;gate_state_change_ratio_pass=pass;gate_transient_spike_pass=pass,benchmark_master,False,outputs/v2_rows/cards/23_SDSSJ022930.91-000845.37.md,outputs/v2_rows/figures/SDSSJ022930.91-000845.37_wise.png
24,NGC 3516,NGC 3516,NGC 3516,NGC 3516,0.641190,OK,439.000000,5098.987122,13.960266,"W1,W2",0.171264,1072,892,0.167910,446,446,20,20,False,True,False,CAUTION,False,False,True,True,True,True,True,True,63.963636,False,0.867284,0.867284,20,unknown,Known AGN,stage_a_positive=pass;gate_blazar_veto=pass;gate_wise_qc_pass=pass;gate_data_sufficient=pass;gate_state_change_ratio_pass=pass;gate_transient_spike_pass=pass,benchmark_master,False,outputs/v2_rows/cards/24_NGC_3516.md,outputs/v2_rows/figures/NGC_3516_wise.png
25,NGC 1275,NGC 1275,NGC 1275,NGC 1275,0.640543,OK,167.000000,5098.912653,13.960062,"W1,W2",0.491767,628,624,0.006369,314,310,23,23,True,True,True,PASS,True,False,True,False,True,True,True,True,46.444444,False,0.784655,0.770471,23,unknown,Known blazar,stage_a_positive=pass;gate_blazar_veto=fail;gate_wise_qc_pass=pass;gate_data_sufficient=pass;gate_state_change_ratio_pass=pass;gate_transient_spike_pass=pass,benchmark_master,False,outputs/v2_rows/cards/25_NGC_1275.md,outputs/v2_rows/figures/NGC_1275_wise.png
26,5928944654308352,5928944654308352,5928944654308352,5928944654308352,0.637592,OK,47.000000,5095.348192,13.950303,"W1,W2",0.359020,246,241,0.020325,123,118,24,24,True,True,True,PASS,False,False,True,True,True,True,True,True,5.308989,False,0.965379,0.705726,24,unknown,Rejected,stage_a_positive=pass;gate_blazar_veto=pass;gate_wise_qc_pass=pass;gate_data_sufficient=pass;gate_state_change_ratio_pass=pass;gate_transient_spike_pass=pass,benchmark_master,False,outputs/v2_rows/cards/26_5928944654308352.md,outputs/v2_rows/figures/5928944654308352_wise.png
27,4C 29.45,4C 29.45,4C 29.45,4C 29.45,0.637300,OK,135.000000,5098.245539,13.958236,"W1,W2",-0.257479,670,670,0.000000,335,335,23,23,False,True,False,CAUTION,True,False,True,False,True,True,True,True,125.393443,False,0.926227,0.926227,23,unknown,Known blazar,stage_a_positive=pass;gate_blazar_veto=fail;gate_wise_qc_pass=pass;gate_data_sufficient=pass;gate_state_change_ratio_pass=pass;gate_transient_spike_pass=pass,benchmark_master,False,outputs/v2_rows/cards/27_4C_29.45.md,outputs/v2_rows/figures/4C_29.45_wise.png
28,3C 120,3C 120,3C 120,3C 120,0.636668,OK,218.000000,5098.834232,13.959847,"W1,W2",0.404256,614,606,0.013029,307,299,23,23,True,True,True,PASS,True,False,True,False,True,True,True,True,43.550000,False,0.884739,0.884739,23,unknown,Known blazar,stage_a_positive=pass;gate_blazar_veto=fail;gate_wise_qc_pass=pass;gate_data_sufficient=pass;gate_state_change_ratio_pass=pass;gate_transient_spike_pass=pass,benchmark_master,False,outputs/v2_rows/cards/28_3C_120.md,outputs/v2_rows/figures/3C_120_wise.png
29,SDSSJ161711.42+063833.4,SDSSJ161711.42+063833.4,SDSSJ161711.42+063833.4,SDSSJ161711.42+063833.4,0.636248,OK,273.000000,5276.768546,14.447005,"W1,W2",-0.697865,702,701,0.001425,351,350,24,24,True,True,True,PASS,False,True,True,True,True,True,True,True,23.432432,False,0.927966,0.927966,24,unknown,Known AGN,stage_a_positive=pass;gate_blazar_veto=pass;gate_wise_qc_pass=pass;gate_data_sufficient=pass;gate_state_change_ratio_pass=pass;gate_transient_spike_pass=pass,benchmark_master,False,outputs/v2_rows/cards/29_SDSSJ161711.42+063833.4.md,outputs/v2_rows/figures/SDSSJ161711.42+063833.4_wise.png
30,SDSSJ141213.61+021202.1,SDSSJ141213.61+021202.1,SDSSJ141213.61+021202.1,SDSSJ141213.61+021202.1,0.627534,OK,215.000000,5274.247076,14.440102,"W1,W2",0.372707,684,675,0.013158,342,333,19,19,True,True,True,PASS,False,False,True,True,True,True,True,True,15.855422,False,0.934495,0.934495,19,unknown,Known AGN,stage_a_positive=pass;gate_blazar_veto=pass;gate_wise_qc_pass=pass;gate_data_sufficient=pass;gate_state_change_ratio_pass=pass;gate_transient_spike_pass=pass,benchmark_master,False,outputs/v2_rows/cards/30_SDSSJ141213.61+021202.1.md,outputs/v2_rows/figures/SDSSJ141213.61+021202.1_wise.png
31,SDSSJJ110501.26+562724.5,SDSSJ110501.26+562724.5,SDSSJ110501.26+562724.5,SDSSJ110501.26+562724.5,0.621198,OK,245.000000,5098.856841,13.959909,"W1,W2",-0.811048,826,826,0.000000,413,413,23,23,True,True,True,PASS,False,False,True,True,True,True,True,True,24.925000,False,0.808960,0.808960,23,unknown,Known AGN,stage_a_positive=pass;gate_blazar_veto=pass;gate_wise_qc_pass=pass;gate_data_sufficient=pass;gate_state_change_ratio_pass=pass;gate_transient_spike_pass=pass,benchmark_master,False,outputs/v2_rows/cards/31_SDSSJ110501.26+562724.5.md,outputs/v2_rows/figures/SDSSJ110501.26+562724.5_wise.png
32,SDSSJJ215130.35+003522.26,SDSSJ215130.35+003522.26,SDSSJ215130.35+003522.26,SDSSJ215130.35+003522.26,0.610625,OK,203.000000,5114.146718,14.001771,"W1,W2",0.262236,622,620,0.003215,310,310,23,23,True,True,True,PASS,False,False,True,True,True,True,True,True,5.294521,False,0.862304,0.833674,23,unknown,Known AGN,stage_a_positive=pass;gate_blazar_veto=pass;gate_wise_qc_pass=pass;gate_data_sufficient=pass;gate_state_change_ratio_pass=pass;gate_transient_spike_pass=pass,benchmark_master,False,outputs/v2_rows/cards/32_SDSSJ215130.35+003522.26.md,outputs/v2_rows/figures/SDSSJ215130.35+003522.26_wise.png
33,1999H,1999H,1999H,1999H,0.609735,OK,80.000000,5094.790838,13.948777,"W1,W2",0.427919,344,334,0.029070,172,162,23,23,True,True,True,PASS,False,False,True,True,True,True,True,True,10.568807,False,0.618478,0.618478,23,unknown,Rejected,stage_a_positive=pass;gate_blazar_veto=pass;gate_wise_qc_pass=pass;gate_data_sufficient=pass;gate_state_change_ratio_pass=pass;gate_transient_spike_pass=pass,benchmark_master,False,outputs/v2_rows/cards/33_1999H.md,outputs/v2_rows/figures/1999H_wise.png
34,SDSSJJ124946.13+365204.21,SDSSJ124946.13+365204.21,SDSSJ124946.13+365204.21,SDSSJ124946.13+365204.21,0.603605,OK,293.000000,5098.421166,13.958716,"W1,W2",-0.263316,760,760,0.000000,380,380,24,24,False,True,False,CAUTION,False,False,True,True,True,True,True,True,6.568548,False,0.815414,0.815414,24,unknown,Known AGN,stage_a_positive=pass;gate_blazar_veto=pass;gate_wise_qc_pass=pass;gate_data_sufficient=pass;gate_state_change_ratio_pass=pass;gate_transient_spike_pass=pass,benchmark_master,False,outputs/v2_rows/cards/34_SDSSJ124946.13+365204.21.md,outputs/v2_rows/figures/SDSSJ124946.13+365204.21_wise.png
35,OJ 287,OJ 287,OJ 287,OJ 287,0.601788,OK,222.000000,5096.024726,13.952155,"W1,W2",0.351683,592,589,0.005068,296,293,23,23,True,True,True,PASS,True,False,True,False,True,True,True,True,111.250000,False,0.797730,0.529928,23,unknown,Known blazar,stage_a_positive=pass;gate_blazar_veto=fail;gate_wise_qc_pass=pass;gate_data_sufficient=pass;gate_state_change_ratio_pass=pass;gate_transient_spike_pass=pass,benchmark_master,False,outputs/v2_rows/cards/35_OJ_287.md,outputs/v2_rows/figures/OJ_287_wise.png
36,SDSSJ102152.34+464515.6,SDSSJ102152.34+464515.6,SDSSJ102152.34+464515.6,SDSSJ102152.34+464515.6,0.598574,OK,221.000000,5098.634631,13.959301,"W1,W2",-0.443346,732,731,0.001366,365,366,23,23,True,True,True,PASS,False,True,True,True,True,True,True,True,18.250000,False,0.748695,0.748695,23,unknown,Known AGN,stage_a_positive=pass;gate_blazar_veto=pass;gate_wise_qc_pass=pass;gate_data_sufficient=pass;gate_state_change_ratio_pass=pass;gate_transient_spike_pass=pass,benchmark_master,False,outputs/v2_rows/cards/36_SDSSJ102152.34+464515.6.md,outputs/v2_rows/figures/SDSSJ102152.34+464515.6_wise.png
37,SDSSJ123359.12+084211.5,SDSSJ123359.12+084211.5,SDSSJ123359.12+084211.5,SDSSJ123359.12+084211.5,0.588818,OK,170.000000,4936.046974,13.514160,"W1,W2",0.289907,576,574,0.003472,288,286,23,23,False,True,False,CAUTION,False,True,True,True,True,True,True,True,7.930000,False,0.788665,0.788665,23,unknown,Known AGN,stage_a_positive=pass;gate_blazar_veto=pass;gate_wise_qc_pass=pass;gate_data_sufficient=pass;gate_state_change_ratio_pass=pass;gate_transient_spike_pass=pass,benchmark_master,False,outputs/v2_rows/cards/37_SDSSJ123359.12+084211.5.md,outputs/v2_rows/figures/SDSSJ123359.12+084211.5_wise.png
38,3C 382.0,3C 382.0,3C 382.0,3C 382.0,0.587954,OK,333.000000,5117.165260,14.010035,"W1,W2",-0.542354,960,959,0.001042,480,479,22,22,True,True,True,PASS,True,False,True,False,True,True,True,True,57.000000,False,0.974576,0.962697,22,unknown,Known blazar,stage_a_positive=pass;gate_blazar_veto=fail;gate_wise_qc_pass=pass;gate_data_sufficient=pass;gate_state_change_ratio_pass=pass;gate_transient_spike_pass=pass,benchmark_master,False,outputs/v2_rows/cards/38_3C_382.0.md,outputs/v2_rows/figures/3C_382.0_wise.png
39,Fairall 9,Fairall 9,FAIRALL 9,FAIRALL 9,0.581710,OK,247.000000,5113.906829,14.001114,"W1,W2",0.234653,966,959,0.007246,483,476,23,23,False,True,False,CAUTION,True,False,True,False,True,True,True,True,20.700000,False,0.983827,0.983827,23,unknown,Known blazar,stage_a_positive=pass;gate_blazar_veto=fail;gate_wise_qc_pass=pass;gate_data_sufficient=pass;gate_state_change_ratio_pass=pass;gate_transient_spike_pass=pass,benchmark_master,False,outputs/v2_rows/cards/39_Fairall_9.md,outputs/v2_rows/figures/Fairall_9_wise.png
40,NGC 1566,NGC 1566,NGC 1566,NGC 1566,0.576138,OK,534.000000,5306.512096,14.528438,"W1,W2",-0.124193,1714,1606,0.063011,749,857,22,25,True,True,True,PASS,False,True,True,True,True,True,True,True,57.433333,False,0.560447,0.560447,22,unknown,Known AGN,stage_a_positive=pass;gate_blazar_veto=pass;gate_wise_qc_pass=pass;gate_data_sufficient=pass;gate_state_change_ratio_pass=pass;gate_transient_spike_pass=pass,benchmark_master,False,outputs/v2_rows/cards/40_NGC_1566.md,outputs/v2_rows/figures/NGC_1566_wise.png
41,000159.27+034352.9,000159.27+034352.9,000159.27+034352.9,000159.27+034352.9,0.572703,OK,64.000000,5113.843968,14.000942,"W1,W2",0.363577,254,253,0.003937,127,126,24,24,False,True,False,CAUTION,False,False,True,True,True,True,True,True,8.497006,False,0.978887,0.379079,24,normal_agn_like,Known AGN,stage_a_positive=pass;gate_blazar_veto=pass;gate_wise_qc_pass=pass;gate_data_sufficient=pass;gate_state_change_ratio_pass=pass;gate_transient_spike_pass=pass,benchmark_master,False,outputs/v2_rows/cards/41_000159.27+034352.9.md,outputs/v2_rows/figures/000159.27+034352.9_wise.png
42,SDSSJJ090258.39+252915.15,SDSSJ090258.39+252915.15,SDSSJ090258.39+252915.15,SDSSJ090258.39+252915.15,0.570870,OK,209.000000,5096.016576,13.952133,"W1,W2",-0.209250,518,499,0.036680,241,258,23,23,True,True,True,PASS,False,False,True,True,True,True,True,True,13.127907,False,0.993214,0.993214,23,unknown,Known AGN,stage_a_positive=pass;gate_blazar_veto=pass;gate_wise_qc_pass=pass;gate_data_sufficient=pass;gate_state_change_ratio_pass=pass;gate_transient_spike_pass=pass,benchmark_master,False,outputs/v2_rows/cards/42_SDSSJ090258.39+252915.15.md,outputs/v2_rows/figures/SDSSJ090258.39+252915.15_wise.png
43,SDSSJJ012256.19-000252.68,SDSSJ012256.19-000252.68,SDSSJ012256.19-000252.68,SDSSJ012256.19-000252.68,0.568901,OK,156.000000,5299.691451,14.509764,"W1,W2",0.333437,598,598,0.000000,299,299,17,17,True,True,True,PASS,False,False,True,True,True,True,True,True,8.118056,False,0.757493,0.757493,17,unknown,Known AGN,stage_a_positive=pass;gate_blazar_veto=pass;gate_wise_qc_pass=pass;gate_data_sufficient=pass;gate_state_change_ratio_pass=pass;gate_transient_spike_pass=pass,benchmark_master,False,outputs/v2_rows/cards/43_SDSSJ012256.19-000252.68.md,outputs/v2_rows/figures/SDSSJ012256.19-000252.68_wise.png
44,Mrk 421,Mrk 421,MRK 421,MRK 421,0.567627,OK,259.000000,5098.402512,13.958665,"W1,W2",-0.117710,674,480,0.287834,171,309,23,21,True,True,True,PASS,True,False,True,False,True,True,True,True,86.000000,False,0.671105,0.478949,21,unknown,Known blazar,stage_a_positive=pass;gate_blazar_veto=fail;gate_wise_qc_pass=pass;gate_data_sufficient=pass;gate_state_change_ratio_pass=pass;gate_transient_spike_pass=pass,benchmark_master,False,outputs/v2_rows/cards/44_Mrk_421.md,outputs/v2_rows/figures/Mrk_421_wise.png
45,AKN 120,AKN 120,AKN 120,AKN 120,0.566539,OK,253.000000,5100.004239,13.963051,"W1,W2",-0.334477,632,606,0.041139,316,290,23,21,True,True,True,PASS,True,False,True,False,True,True,True,True,46.578947,False,0.847507,0.847507,21,unknown,Known blazar,stage_a_positive=pass;gate_blazar_veto=fail;gate_wise_qc_pass=pass;gate_data_sufficient=pass;gate_state_change_ratio_pass=pass;gate_transient_spike_pass=pass,benchmark_master,False,outputs/v2_rows/cards/45_AKN_120.md,outputs/v2_rows/figures/AKN_120_wise.png
46,MR,MR,MR,MR,0.561052,OK,140.000000,5113.782925,14.000775,"W1,W2",-0.317438,594,594,0.000000,297,297,23,23,False,True,False,CAUTION,True,False,True,False,True,True,True,True,28.083333,False,0.930470,0.930470,23,unknown,Known blazar,stage_a_positive=pass;gate_blazar_veto=fail;gate_wise_qc_pass=pass;gate_data_sufficient=pass;gate_state_change_ratio_pass=pass;gate_transient_spike_pass=pass,benchmark_master,False,outputs/v2_rows/cards/46_MR.md,outputs/v2_rows/figures/MR_wise.png
47,SDSSJJ105325.40+302419.34,SDSSJ105325.40+302419.34,SDSSJ105325.40+302419.34,SDSSJ105325.40+302419.34,0.557966,OK,255.000000,5098.362785,13.958557,"W1,W2",-0.588395,628,627,0.001592,314,313,23,23,True,True,True,PASS,False,True,True,True,True,True,True,True,13.222222,False,0.908226,0.807816,23,unknown,Known AGN,stage_a_positive=pass;gate_blazar_veto=pass;gate_wise_qc_pass=pass;gate_data_sufficient=pass;gate_state_change_ratio_pass=pass;gate_transient_spike_pass=pass,benchmark_master,False,outputs/v2_rows/cards/47_SDSSJ105325.40+302419.34.md,outputs/v2_rows/figures/SDSSJ105325.40+302419.34_wise.png
48,Mrk 205,Mrk 205,MRK 205,MRK 205,0.555662,OK,495.000000,5098.946247,13.960154,"W1,W2",0.155629,1198,1145,0.044240,599,546,22,20,True,True,True,PASS,True,False,True,False,True,True,True,True,35.333333,False,0.951754,0.951754,20,unknown,Known blazar,stage_a_positive=pass;gate_blazar_veto=fail;gate_wise_qc_pass=pass;gate_data_sufficient=pass;gate_state_change_ratio_pass=pass;gate_transient_spike_pass=pass,benchmark_master,False,outputs/v2_rows/cards/48_Mrk_205.md,outputs/v2_rows/figures/Mrk_205_wise.png
49,3C 371,3C 371,3C 371,3C 371,0.554356,OK,1333.000000,5115.064501,14.004283,"W1,W2",-0.024107,5982,5971,0.001839,2988,2983,23,23,True,True,True,PASS,True,False,True,False,True,True,True,True,26.973333,False,0.668222,0.668222,23,unknown,Known blazar,stage_a_positive=pass;gate_blazar_veto=fail;gate_wise_qc_pass=pass;gate_data_sufficient=pass;gate_state_change_ratio_pass=pass;gate_transient_spike_pass=pass,benchmark_master,False,outputs/v2_rows/cards/49_3C_371.md,outputs/v2_rows/figures/3C_371_wise.png
50,3532799579575168,3532799579575168,3532799579575168,3532799579575168,0.548013,OK,179.000000,5096.367789,13.953095,"W1,W2",0.175873,574,574,0.000000,287,287,24,24,True,True,True,PASS,False,False,True,True,True,True,True,True,4.480427,False,0.934286,0.647235,24,unknown,Rejected,stage_a_positive=pass;gate_blazar_veto=pass;gate_wise_qc_pass=pass;gate_data_sufficient=pass;gate_state_change_ratio_pass=pass;gate_transient_spike_pass=pass,benchmark_master,False,outputs/v2_rows/cards/50_3532799579575168.md,outputs/v2_rows/figures/3532799579575168_wise.png
51,IIZw 136,IIZw 136,IIZW 136,IIZW 136,0.547307,OK,248.000000,5114.056558,14.001524,"W1,W2",0.124925,626,623,0.004792,312,311,23,23,True,True,True,PASS,True,False,True,False,True,True,True,True,51.647059,False,0.792956,0.792956,23,unknown,Known blazar,stage_a_positive=pass;gate_blazar_veto=fail;gate_wise_qc_pass=pass;gate_data_sufficient=pass;gate_state_change_ratio_pass=pass;gate_transient_spike_pass=pass,benchmark_master,False,outputs/v2_rows/cards/51_IIZw_136.md,outputs/v2_rows/figures/IIZw_136_wise.png
52,12441214586847872,12441214586847872,12441214586847872,12441214586847872,0.544854,OK,121.000000,5099.064694,13.960478,"W1,W2",0.284554,572,572,0.000000,286,286,23,23,True,True,True,PASS,False,False,True,True,True,True,True,True,5.012048,False,0.932356,0.437202,23,unknown,Rejected,stage_a_positive=pass;gate_blazar_veto=pass;gate_wise_qc_pass=pass;gate_data_sufficient=pass;gate_state_change_ratio_pass=pass;gate_transient_spike_pass=pass,benchmark_master,False,outputs/v2_rows/cards/52_12441214586847872.md,outputs/v2_rows/figures/12441214586847872_wise.png
53,7866077983944448,7866077983944448,7866077983944448,7866077983944448,0.544410,OK,179.000000,5096.361167,13.953076,"W1,W2",-0.235107,574,573,0.001742,287,286,24,24,True,True,True,PASS,False,False,True,True,True,True,True,True,5.787879,False,0.895455,0.895455,24,unknown,Rejected,stage_a_positive=pass;gate_blazar_veto=pass;gate_wise_qc_pass=pass;gate_data_sufficient=pass;gate_state_change_ratio_pass=pass;gate_transient_spike_pass=pass,benchmark_master,False,outputs/v2_rows/cards/53_7866077983944448.md,outputs/v2_rows/figures/7866077983944448_wise.png
54,IIIZw 2,IIIZw 2,IIIZW 2,IIIZW 2,0.533221,OK,180.000000,5116.754284,14.008910,"W1,W2",-0.299020,642,641,0.001558,320,321,24,24,False,True,False,CAUTION,True,False,True,False,True,True,True,True,40.080000,False,0.985612,0.985612,24,unknown,Known blazar,stage_a_positive=pass;gate_blazar_veto=fail;gate_wise_qc_pass=pass;gate_data_sufficient=pass;gate_state_change_ratio_pass=pass;gate_transient_spike_pass=pass,benchmark_master,False,outputs/v2_rows/cards/54_IIIZw_2.md,outputs/v2_rows/figures/IIIZw_2_wise.png
55,SDSSJJ120442.10+275411.8,SDSSJ120442.10+275411.8,SDSSJ120442.10+275411.8,SDSSJ120442.10+275411.8,0.532377,OK,74.000000,5097.739002,13.956849,"W1,W2",0.110911,654,654,0.000000,327,327,24,24,False,True,False,CAUTION,False,False,True,True,True,True,True,True,30.679245,False,0.996183,0.996183,24,unknown,Known AGN,stage_a_positive=pass;gate_blazar_veto=pass;gate_wise_qc_pass=pass;gate_data_sufficient=pass;gate_state_change_ratio_pass=pass;gate_transient_spike_pass=pass,benchmark_master,False,outputs/v2_rows/cards/55_SDSSJ120442.10+275411.8.md,outputs/v2_rows/figures/SDSSJ120442.10+275411.8_wise.png
56,4C 34.47,4C 34.47,4C 34.47,4C 34.47,0.529010,OK,415.000000,5117.290773,14.010379,"W1,W2",0.095811,1060,1059,0.000943,530,529,23,23,True,True,True,PASS,True,False,True,False,True,True,True,True,12.035714,False,0.920949,0.881423,23,unknown,Known blazar,stage_a_positive=pass;gate_blazar_veto=fail;gate_wise_qc_pass=pass;gate_data_sufficient=pass;gate_state_change_ratio_pass=pass;gate_transient_spike_pass=pass,benchmark_master,False,outputs/v2_rows/cards/56_4C_34.47.md,outputs/v2_rows/figures/4C_34.47_wise.png
57,SDSSJJ093812.27+074340.0,SDSSJ093812.27+074340.0,SDSSJ093812.27+074340.0,SDSSJ093812.27+074340.0,0.521703,OK,230.000000,5098.471390,13.958854,"W1,W2",0.126345,608,607,0.001645,304,303,23,23,True,True,True,PASS,False,False,True,True,True,True,True,True,22.269231,False,0.944162,0.847716,23,unknown,Known AGN,stage_a_positive=pass;gate_blazar_veto=pass;gate_wise_qc_pass=pass;gate_data_sufficient=pass;gate_state_change_ratio_pass=pass;gate_transient_spike_pass=pass,benchmark_master,False,outputs/v2_rows/cards/57_SDSSJ093812.27+074340.0.md,outputs/v2_rows/figures/SDSSJ093812.27+074340.0_wise.png
58,2000em,2000em,2000EM,2000EM,0.520629,OK,87.000000,5116.745244,14.008885,"W1,W2",-0.111563,612,612,0.000000,306,306,24,24,False,True,False,CAUTION,False,False,True,True,True,True,True,True,8.925926,False,0.877934,0.644068,24,unknown,Rejected,stage_a_positive=pass;gate_blazar_veto=pass;gate_wise_qc_pass=pass;gate_data_sufficient=pass;gate_state_change_ratio_pass=pass;gate_transient_spike_pass=pass,benchmark_master,False,outputs/v2_rows/cards/58_2000em.md,outputs/v2_rows/figures/2000em_wise.png
59,TON 490,TON 490,TON 490,TON 490,0.520271,OK,176.000000,3274.668372,8.965553,"W1,W2",-0.094228,596,573,0.038591,275,298,21,23,True,True,True,PASS,True,False,True,False,True,True,True,True,7.750000,False,0.954751,0.954751,21,unknown,Known blazar,stage_a_positive=pass;gate_blazar_veto=fail;gate_wise_qc_pass=pass;gate_data_sufficient=pass;gate_state_change_ratio_pass=pass;gate_transient_spike_pass=pass,benchmark_master,False,outputs/v2_rows/cards/59_TON_490.md,outputs/v2_rows/figures/TON_490_wise.png
60,PG,PG,PG,PG,0.520014,OK,253.000000,5104.948665,13.976588,"W1,W2",-0.154036,964,963,0.001037,482,481,23,23,False,True,False,CAUTION,True,False,True,False,True,True,True,True,18.545455,False,0.872928,0.867403,23,unknown,Known blazar,stage_a_positive=pass;gate_blazar_veto=fail;gate_wise_qc_pass=pass;gate_data_sufficient=pass;gate_state_change_ratio_pass=pass;gate_transient_spike_pass=pass,benchmark_master,False,outputs/v2_rows/cards/60_PG.md,outputs/v2_rows/figures/PG_wise.png
61,1996ck,1996ck,1996CK,1996CK,0.518824,OK,63.000000,5103.785194,13.973402,"W1,W2",0.232777,302,302,0.000000,151,151,16,16,True,True,True,PASS,False,False,True,True,True,True,True,True,9.421053,False,0.974977,0.340130,16,unknown,Rejected,stage_a_positive=pass;gate_blazar_veto=pass;gate_wise_qc_pass=pass;gate_data_sufficient=pass;gate_state_change_ratio_pass=pass;gate_transient_spike_pass=pass,benchmark_master,False,outputs/v2_rows/cards/61_1996ck.md,outputs/v2_rows/figures/1996ck_wise.png
62,000202.62+085628.4,000202.62+085628.4,000202.62+085628.4,000202.62+085628.4,0.518570,OK,214.000000,5114.032815,14.001459,"W1,W2",-0.238826,610,609,0.001639,304,305,24,24,False,True,False,CAUTION,False,False,True,True,True,True,True,True,12.067416,False,0.970588,0.904025,24,normal_agn_like,Known AGN,stage_a_positive=pass;gate_blazar_veto=pass;gate_wise_qc_pass=pass;gate_data_sufficient=pass;gate_state_change_ratio_pass=pass;gate_transient_spike_pass=pass,benchmark_master,False,outputs/v2_rows/cards/62_000202.62+085628.4.md,outputs/v2_rows/figures/000202.62+085628.4_wise.png
63,1998dx,1998dx,1998DX,1998DX,0.514583,OK,152.000000,4915.033570,13.456629,"W1,W2",-0.354340,364,363,0.002747,181,182,22,22,True,True,True,PASS,False,False,True,True,True,True,True,True,4.304487,False,0.948298,0.648172,22,unknown,Rejected,stage_a_positive=pass;gate_blazar_veto=pass;gate_wise_qc_pass=pass;gate_data_sufficient=pass;gate_state_change_ratio_pass=pass;gate_transient_spike_pass=pass,benchmark_master,False,outputs/v2_rows/cards/63_1998dx.md,outputs/v2_rows/figures/1998dx_wise.png
64,6258695063604736,6258695063604736,6258695063604736,6258695063604736,0.513650,OK,195.000000,5096.463674,13.953357,"W1,W2",0.248853,596,596,0.000000,298,298,24,24,True,True,True,PASS,False,False,True,True,True,True,True,True,4.959016,False,0.844660,0.844660,24,unknown,Rejected,stage_a_positive=pass;gate_blazar_veto=pass;gate_wise_qc_pass=pass;gate_data_sufficient=pass;gate_state_change_ratio_pass=pass;gate_transient_spike_pass=pass,benchmark_master,False,outputs/v2_rows/cards/64_6258695063604736.md,outputs/v2_rows/figures/6258695063604736_wise.png
65,Mrk 1383,Mrk 1383,MRK 1383,MRK 1383,0.510999,OK,207.000000,5274.889562,14.441861,"W1,W2",-0.139215,640,639,0.001563,320,319,25,25,True,True,True,PASS,True,False,True,False,True,True,True,True,42.800000,False,0.936897,0.936897,25,unknown,Known blazar,stage_a_positive=pass;gate_blazar_veto=fail;gate_wise_qc_pass=pass;gate_data_sufficient=pass;gate_state_change_ratio_pass=pass;gate_transient_spike_pass=pass,benchmark_master,False,outputs/v2_rows/cards/65_Mrk_1383.md,outputs/v2_rows/figures/Mrk_1383_wise.png
66,Mrk 180,Mrk 180,MRK 180,MRK 180,0.510912,OK,367.000000,5099.872759,13.962691,"W1,W2",-0.149836,1048,1048,0.000000,524,524,23,23,True,True,True,PASS,True,False,True,False,True,True,True,True,28.594595,False,0.924851,0.791631,23,unknown,Known blazar,stage_a_positive=pass;gate_blazar_veto=fail;gate_wise_qc_pass=pass;gate_data_sufficient=pass;gate_state_change_ratio_pass=pass;gate_transient_spike_pass=pass,benchmark_master,False,outputs/v2_rows/cards/66_Mrk_180.md,outputs/v2_rows/figures/Mrk_180_wise.png
67,3C 273,3C 273,3C 273,3C 273,0.510503,OK,233.000000,5095.679096,13.951209,"W1,W2",-0.184302,628,616,0.019108,311,305,24,24,False,True,False,CAUTION,True,False,True,False,True,True,True,True,23.209302,False,0.878661,0.778243,24,unknown,Known blazar,stage_a_positive=pass;gate_blazar_veto=fail;gate_wise_qc_pass=pass;gate_data_sufficient=pass;gate_state_change_ratio_pass=pass;gate_transient_spike_pass=pass,benchmark_master,False,outputs/v2_rows/cards/67_3C_273.md,outputs/v2_rows/figures/3C_273_wise.png
68,1984L,1984L,1984L,1984L,0.508416,OK,188.000000,5304.875410,14.523957,"W1,W2",-0.013786,576,576,0.000000,288,288,25,25,True,True,True,PASS,False,False,True,True,True,True,True,True,3.726562,False,0.954545,0.183983,25,unknown,Rejected,stage_a_positive=pass;gate_blazar_veto=pass;gate_wise_qc_pass=pass;gate_data_sufficient=pass;gate_state_change_ratio_pass=pass;gate_transient_spike_pass=pass,benchmark_master,False,outputs/v2_rows/cards/68_1984L.md,outputs/v2_rows/figures/1984L_wise.png
69,Mrk 734,Mrk 734,MRK 734,MRK 734,0.506189,OK,223.000000,5095.446522,13.950572,"W1,W2",0.181304,606,604,0.003300,303,301,23,23,False,True,False,CAUTION,True,False,True,False,True,True,True,True,27.000000,False,0.984496,0.891473,23,unknown,Known blazar,stage_a_positive=pass;gate_blazar_veto=fail;gate_wise_qc_pass=pass;gate_data_sufficient=pass;gate_state_change_ratio_pass=pass;gate_transient_spike_pass=pass,benchmark_master,False,outputs/v2_rows/cards/69_Mrk_734.md,outputs/v2_rows/figures/Mrk_734_wise.png
70,SDSSJJ105058.42+241351.18,SDSSJ105058.42+241351.18,SDSSJ105058.42+241351.18,SDSSJ105058.42+241351.18,0.495477,OK,240.000000,5098.042151,13.957679,"W1,W2",-0.136333,658,651,0.010638,329,322,23,23,True,True,True,PASS,False,True,True,True,True,True,True,True,8.621849,False,0.997251,0.940520,23,unknown,Known AGN,stage_a_positive=pass;gate_blazar_veto=pass;gate_wise_qc_pass=pass;gate_data_sufficient=pass;gate_state_change_ratio_pass=pass;gate_transient_spike_pass=pass,benchmark_master,False,outputs/v2_rows/cards/70_SDSSJ105058.42+241351.18.md,outputs/v2_rows/figures/SDSSJ105058.42+241351.18_wise.png
71,Mrk 501,Mrk 501,MRK 501,MRK 501,0.490638,OK,397.000000,5114.527895,14.002814,"W1,W2",0.025519,1152,1150,0.001736,575,575,23,23,True,True,True,PASS,True,False,True,False,True,True,True,True,29.846154,False,0.795918,0.795918,23,unknown,Known blazar,stage_a_positive=pass;gate_blazar_veto=fail;gate_wise_qc_pass=pass;gate_data_sufficient=pass;gate_state_change_ratio_pass=pass;gate_transient_spike_pass=pass,benchmark_master,False,outputs/v2_rows/cards/71_Mrk_501.md,outputs/v2_rows/figures/Mrk_501_wise.png
72,IIZw 1,IIZw 1,IIZW 1,IIZW 1,0.486633,OK,202.000000,5299.313003,14.508728,"W1,W2",-0.096169,626,626,0.000000,313,313,17,17,True,True,True,PASS,True,False,True,False,True,True,True,True,14.000000,False,0.815078,0.815078,17,unknown,Known blazar,stage_a_positive=pass;gate_blazar_veto=fail;gate_wise_qc_pass=pass;gate_data_sufficient=pass;gate_state_change_ratio_pass=pass;gate_transient_spike_pass=pass,benchmark_master,False,outputs/v2_rows/cards/72_IIZw_1.md,outputs/v2_rows/figures/IIZw_1_wise.png
73,3C 351,3C 351,3C 351,3C 351,0.481994,OK,744.000000,5277.740527,14.449666,"W1,W2",0.041739,2002,2000,0.000999,1001,999,25,25,True,True,True,PASS,True,False,True,False,True,True,True,True,10.000000,False,0.861592,0.737024,25,unknown,Known blazar,stage_a_positive=pass;gate_blazar_veto=fail;gate_wise_qc_pass=pass;gate_data_sufficient=pass;gate_state_change_ratio_pass=pass;gate_transient_spike_pass=pass,benchmark_master,False,outputs/v2_rows/cards/73_3C_351.md,outputs/v2_rows/figures/3C_351_wise.png
74,8797952743613440,8797952743613440,8797952743613440,8797952743613440,0.472561,OK,203.000000,5096.543133,13.953575,"W1,W2",-0.013971,688,626,0.090116,313,313,24,24,True,True,True,PASS,False,False,True,True,True,True,True,True,3.287671,False,0.944444,0.709091,24,unknown,Rejected,stage_a_positive=pass;gate_blazar_veto=pass;gate_wise_qc_pass=pass;gate_data_sufficient=pass;gate_state_change_ratio_pass=pass;gate_transient_spike_pass=pass,benchmark_master,False,outputs/v2_rows/cards/74_8797952743613440.md,outputs/v2_rows/figures/8797952743613440_wise.png
75,7451665179765376,7451665179765376,7451665179765376,7451665179765376,0.470947,OK,224.000000,5096.241979,13.952750,"W1,W2",0.182326,598,598,0.000000,299,299,24,24,True,True,True,PASS,False,False,True,True,True,True,True,True,4.506173,False,0.863861,0.675743,24,unknown,Rejected,stage_a_positive=pass;gate_blazar_veto=pass;gate_wise_qc_pass=pass;gate_data_sufficient=pass;gate_state_change_ratio_pass=pass;gate_transient_spike_pass=pass,benchmark_master,False,outputs/v2_rows/cards/75_7451665179765376.md,outputs/v2_rows/figures/7451665179765376_wise.png
76,SDSSJJ114408.90+424357.5,SDSSJ114408.90+424357.5,SDSSJ114408.90+424357.5,SDSSJ114408.90+424357.5,0.469542,OK,212.000000,5098.246788,13.958239,"W1,W2",-0.180583,702,702,0.000000,351,351,22,22,True,True,True,PASS,False,False,True,True,True,True,True,True,4.961832,False,0.934524,0.880952,22,unknown,Known AGN,stage_a_positive=pass;gate_blazar_veto=pass;gate_wise_qc_pass=pass;gate_data_sufficient=pass;gate_state_change_ratio_pass=pass;gate_transient_spike_pass=pass,benchmark_master,False,outputs/v2_rows/cards/76_SDSSJ114408.90+424357.5.md,outputs/v2_rows/figures/SDSSJ114408.90+424357.5_wise.png
77,SDSSJJ230614.18-010024.45,SDSSJ230614.18-010024.45,SDSSJ230614.18-010024.45,SDSSJ230614.18-010024.45,0.468945,OK,217.000000,4909.935242,13.442670,"W1,W2",-0.135424,566,565,0.001767,282,283,22,22,False,True,False,CAUTION,False,False,True,True,True,True,True,True,6.536585,False,0.917960,0.917960,22,unknown,Known AGN,stage_a_positive=pass;gate_blazar_veto=pass;gate_wise_qc_pass=pass;gate_data_sufficient=pass;gate_state_change_ratio_pass=pass;gate_transient_spike_pass=pass,benchmark_master,False,outputs/v2_rows/cards/77_SDSSJ230614.18-010024.45.md,outputs/v2_rows/figures/SDSSJ230614.18-010024.45_wise.png
78,000017.38-085123.7,000017.38-085123.7,000017.38-085123.7,000017.38-085123.7,0.467673,OK,165.000000,5114.021345,14.001427,"W1,W2",0.156947,610,600,0.016393,305,295,23,23,False,True,False,CAUTION,False,False,True,True,True,True,True,True,5.672414,False,0.920746,0.920746,23,normal_agn_like,Known AGN,stage_a_positive=pass;gate_blazar_veto=pass;gate_wise_qc_pass=pass;gate_data_sufficient=pass;gate_state_change_ratio_pass=pass;gate_transient_spike_pass=pass,benchmark_master,False,outputs/v2_rows/cards/78_000017.38-085123.7.md,outputs/v2_rows/figures/000017.38-085123.7_wise.png
79,SDSSJJ222132.41-010928.70,SDSSJ222132.41-010928.70,SDSSJ222132.41-010928.70,SDSSJ222132.41-010928.70,0.461859,OK,172.000000,5113.949095,14.001230,"W1,W2",-0.181015,572,570,0.003497,286,284,23,23,False,True,False,CAUTION,False,False,True,True,True,True,True,True,9.000000,False,0.963600,0.853170,23,unknown,Known AGN,stage_a_positive=pass;gate_blazar_veto=pass;gate_wise_qc_pass=pass;gate_data_sufficient=pass;gate_state_change_ratio_pass=pass;gate_transient_spike_pass=pass,benchmark_master,False,outputs/v2_rows/cards/79_SDSSJ222132.41-010928.70.md,outputs/v2_rows/figures/SDSSJ222132.41-010928.70_wise.png
80,PKS,PKS,PKS,PKS,0.456678,OK,181.000000,5272.616948,14.435638,"W1,W2",-0.068739,628,627,0.001592,314,313,16,16,True,True,True,PASS,True,False,True,False,True,True,True,True,13.375000,False,0.903361,0.848739,16,unknown,Known blazar,stage_a_positive=pass;gate_blazar_veto=fail;gate_wise_qc_pass=pass;gate_data_sufficient=pass;gate_state_change_ratio_pass=pass;gate_transient_spike_pass=pass,benchmark_master,False,outputs/v2_rows/cards/80_PKS.md,outputs/v2_rows/figures/PKS_wise.png
81,SDSSJ161407.07+513354.5,SDSSJ161407.07+513354.5,SDSSJ161407.07+513354.5,SDSSJ161407.07+513354.5,0.449402,OK,616.000000,5275.917305,14.444674,"W1,W2",-0.097331,1796,1794,0.001114,898,896,25,25,True,True,True,PASS,False,False,True,True,True,True,True,True,3.549133,False,0.983629,0.425764,25,unknown,Known AGN,stage_a_positive=pass;gate_blazar_veto=pass;gate_wise_qc_pass=pass;gate_data_sufficient=pass;gate_state_change_ratio_pass=pass;gate_transient_spike_pass=pass,benchmark_master,False,outputs/v2_rows/cards/81_SDSSJ161407.07+513354.5.md,outputs/v2_rows/figures/SDSSJ161407.07+513354.5_wise.png
82,SDSSJ160111.26+474509.6,SDSSJ160111.26+474509.6,SDSSJ160111.26+474509.6,SDSSJ160111.26+474509.6,0.439375,OK,411.000000,5275.901769,14.444632,"W1,W2",0.196369,1470,1469,0.000680,735,734,25,25,True,True,True,PASS,False,True,True,True,True,True,True,True,6.091667,False,0.971480,0.926014,25,unknown,Known AGN,stage_a_positive=pass;gate_blazar_veto=pass;gate_wise_qc_pass=pass;gate_data_sufficient=pass;gate_state_change_ratio_pass=pass;gate_transient_spike_pass=pass,benchmark_master,False,outputs/v2_rows/cards/82_SDSSJ160111.26+474509.6.md,outputs/v2_rows/figures/SDSSJ160111.26+474509.6_wise.png
83,1999do,1999do,1999DO,1999DO,0.435089,OK,278.000000,5114.329635,14.002271,"W1,W2",-0.078997,708,707,0.001412,354,353,24,24,False,True,False,CAUTION,False,False,True,True,True,True,True,True,8.685714,False,0.915966,0.635762,24,unknown,Rejected,stage_a_positive=pass;gate_blazar_veto=pass;gate_wise_qc_pass=pass;gate_data_sufficient=pass;gate_state_change_ratio_pass=pass;gate_transient_spike_pass=pass,benchmark_master,False,outputs/v2_rows/cards/83_1999do.md,outputs/v2_rows/figures/1999do_wise.png
84,000033.71+102012.0,000033.71+102012.0,000033.71+102012.0,000033.71+102012.0,0.434742,OK,26.000000,3285.940494,8.996415,"W1,W2",0.167127,148,148,0.000000,74,74,22,22,False,True,False,CAUTION,False,False,True,True,True,True,True,True,8.514563,False,0.953229,0.479495,22,normal_agn_like,Known AGN,stage_a_positive=pass;gate_blazar_veto=pass;gate_wise_qc_pass=pass;gate_data_sufficient=pass;gate_state_change_ratio_pass=pass;gate_transient_spike_pass=pass,benchmark_master,False,outputs/v2_rows/cards/84_000033.71+102012.0.md,outputs/v2_rows/figures/000033.71+102012.0_wise.png
85,5190760035117568,5190760035117568,5190760035117568,5190760035117568,0.434455,OK,220.000000,5096.579552,13.953674,"W1,W2",0.136411,608,606,0.003289,304,302,24,24,True,True,True,PASS,False,False,True,True,True,True,True,True,2.868805,False,0.965079,0.937063,24,unknown,Rejected,stage_a_positive=pass;gate_blazar_veto=pass;gate_wise_qc_pass=pass;gate_data_sufficient=pass;gate_state_change_ratio_pass=pass;gate_transient_spike_pass=pass,benchmark_master,False,outputs/v2_rows/cards/85_5190760035117568.md,outputs/v2_rows/figures/5190760035117568_wise.png
86,SDSSJJ081319.34+460849.5,SDSSJ081319.34+460849.5,SDSSJ081319.34+460849.5,SDSSJ081319.34+460849.5,0.434335,OK,267.000000,5098.817255,13.959801,"W1,W2",0.103383,636,635,0.001572,318,317,22,22,True,True,True,PASS,False,False,True,True,True,True,True,True,22.675000,False,0.986813,0.712662,22,unknown,Known AGN,stage_a_positive=pass;gate_blazar_veto=pass;gate_wise_qc_pass=pass;gate_data_sufficient=pass;gate_state_change_ratio_pass=pass;gate_transient_spike_pass=pass,benchmark_master,False,outputs/v2_rows/cards/86_SDSSJ081319.34+460849.5.md,outputs/v2_rows/figures/SDSSJ081319.34+460849.5_wise.png
87,SDSSJ074511.98+380911.3,SDSSJ074511.98+380911.3,SDSSJ074511.98+380911.3,SDSSJ074511.98+380911.3,0.433530,OK,210.000000,5098.463000,13.958831,"W1,W2",-0.039938,582,582,0.000000,291,291,22,22,True,True,True,PASS,False,True,True,True,True,True,True,True,10.519481,False,0.953358,0.953358,22,unknown,Known AGN,stage_a_positive=pass;gate_blazar_veto=pass;gate_wise_qc_pass=pass;gate_data_sufficient=pass;gate_state_change_ratio_pass=pass;gate_transient_spike_pass=pass,benchmark_master,False,outputs/v2_rows/cards/87_SDSSJ074511.98+380911.3.md,outputs/v2_rows/figures/SDSSJ074511.98+380911.3_wise.png
88,SDSSJ153734.06+461358.9,SDSSJ153734.06+461358.9,SDSSJ153734.06+461358.9,SDSSJ153734.06+461358.9,0.432652,OK,417.000000,5274.670733,14.441261,"W1,W2",-0.018659,1320,1319,0.000758,660,659,18,18,True,True,True,PASS,False,True,True,True,True,True,True,True,3.366025,False,0.814679,0.814679,18,unknown,Known AGN,stage_a_positive=pass;gate_blazar_veto=pass;gate_wise_qc_pass=pass;gate_data_sufficient=pass;gate_state_change_ratio_pass=pass;gate_transient_spike_pass=pass,benchmark_master,False,outputs/v2_rows/cards/88_SDSSJ153734.06+461358.9.md,outputs/v2_rows/figures/SDSSJ153734.06+461358.9_wise.png
89,000002.46+214939.3,000002.46+214939.3,000002.46+214939.3,000002.46+214939.3,0.430223,OK,80.000000,5116.362469,14.007837,"W1,W2",0.265491,300,300,0.000000,150,150,21,21,False,True,False,CAUTION,False,False,True,True,True,True,True,True,6.218130,False,0.584270,0.171348,21,normal_agn_like,Known AGN,stage_a_positive=pass;gate_blazar_veto=pass;gate_wise_qc_pass=pass;gate_data_sufficient=pass;gate_state_change_ratio_pass=pass;gate_transient_spike_pass=pass,benchmark_master,False,outputs/v2_rows/cards/89_000002.46+214939.3.md,outputs/v2_rows/figures/000002.46+214939.3_wise.png
90,SDSSJ210200.42+000501.8,SDSSJ210200.42+000501.8,SDSSJ210200.42+000501.8,SDSSJ210200.42+000501.8,0.427861,OK,212.000000,5114.256074,14.002070,"W1,W2",0.158829,608,605,0.004934,301,304,23,23,True,True,True,PASS,False,True,True,True,True,True,True,True,9.548673,False,0.949478,0.733114,23,unknown,Known AGN,stage_a_positive=pass;gate_blazar_veto=pass;gate_wise_qc_pass=pass;gate_data_sufficient=pass;gate_state_change_ratio_pass=pass;gate_transient_spike_pass=pass,benchmark_master,False,outputs/v2_rows/cards/90_SDSSJ210200.42+000501.8.md,outputs/v2_rows/figures/SDSSJ210200.42+000501.8_wise.png
91,8286538102441600,8286538102441600,8286538102441600,8286538102441600,0.424447,OK,203.000000,5096.443427,13.953302,"W1,W2",0.129139,614,614,0.000000,307,307,24,24,True,True,True,PASS,False,False,True,True,True,True,True,True,5.242798,False,0.942029,0.942029,24,unknown,Rejected,stage_a_positive=pass;gate_blazar_veto=pass;gate_wise_qc_pass=pass;gate_data_sufficient=pass;gate_state_change_ratio_pass=pass;gate_transient_spike_pass=pass,benchmark_master,False,outputs/v2_rows/cards/91_8286538102441600.md,outputs/v2_rows/figures/8286538102441600_wise.png
92,6062299094282624,6062299094282624,6062299094282624,6062299094282624,0.415685,OK,213.000000,5096.364223,13.953085,"W1,W2",-0.225843,560,553,0.012500,280,273,24,24,True,True,True,PASS,False,False,True,True,True,True,True,True,3.339695,False,0.850187,0.850187,24,unknown,Rejected,stage_a_positive=pass;gate_blazar_veto=pass;gate_wise_qc_pass=pass;gate_data_sufficient=pass;gate_state_change_ratio_pass=pass;gate_transient_spike_pass=pass,benchmark_master,False,outputs/v2_rows/cards/92_6062299094282624.md,outputs/v2_rows/figures/6062299094282624_wise.png
93,NGC 7582,NGC 7582,NGC 7582,NGC 7582,0.414027,OK,31.000000,5113.524165,14.000066,"W1,W2",0.000000,782,764,0.023018,382,382,23,23,True,True,True,PASS,False,False,True,True,True,True,True,True,24.645833,False,0.973856,0.525054,23,unknown,Known AGN,stage_a_positive=pass;gate_blazar_veto=pass;gate_wise_qc_pass=pass;gate_data_sufficient=pass;gate_state_change_ratio_pass=pass;gate_transient_spike_pass=pass,benchmark_master,False,outputs/v2_rows/cards/93_NGC_7582.md,outputs/v2_rows/figures/NGC_7582_wise.png
94,3C 232,3C 232,3C 232,3C 232,0.412826,OK,232.000000,5098.584465,13.959163,"W1,W2",0.046022,620,620,0.000000,310,310,23,23,True,True,True,PASS,True,False,True,False,True,True,True,True,24.088235,False,0.466003,0.392743,23,unknown,Known blazar,stage_a_positive=pass;gate_blazar_veto=fail;gate_wise_qc_pass=pass;gate_data_sufficient=pass;gate_state_change_ratio_pass=pass;gate_transient_spike_pass=pass,benchmark_master,False,outputs/v2_rows/cards/94_3C_232.md,outputs/v2_rows/figures/3C_232_wise.png
95,SDSSJJ094443.08+580953.2,SDSSJ094443.08+580953.2,SDSSJ094443.08+580953.2,SDSSJ094443.08+580953.2,0.405601,OK,345.000000,5098.658590,13.959366,"W1,W2",0.068035,796,795,0.001256,398,397,23,23,True,True,True,PASS,False,False,True,True,True,True,True,True,15.105263,False,0.963585,0.963585,23,unknown,Known AGN,stage_a_positive=pass;gate_blazar_veto=pass;gate_wise_qc_pass=pass;gate_data_sufficient=pass;gate_state_change_ratio_pass=pass;gate_transient_spike_pass=pass,benchmark_master,False,outputs/v2_rows/cards/95_SDSSJ094443.08+580953.2.md,outputs/v2_rows/figures/SDSSJ094443.08+580953.2_wise.png
96,000057.67-085617.0,000057.67-085617.0,000057.67-085617.0,000057.67-085617.0,0.399395,OK,168.000000,5114.144863,14.001766,"W1,W2",-0.077686,594,579,0.025253,297,282,23,23,False,True,False,CAUTION,False,False,True,True,True,True,True,True,5.803922,False,0.992701,0.992701,23,normal_agn_like,Known AGN,stage_a_positive=pass;gate_blazar_veto=pass;gate_wise_qc_pass=pass;gate_data_sufficient=pass;gate_state_change_ratio_pass=pass;gate_transient_spike_pass=pass,benchmark_master,False,outputs/v2_rows/cards/96_000057.67-085617.0.md,outputs/v2_rows/figures/000057.67-085617.0_wise.png
97,10618228603355008,10618228603355008,10618228603355008,10618228603355008,0.399301,OK,123.000000,5096.158955,13.952523,"W1,W2",0.149582,468,467,0.002137,234,233,23,23,True,True,True,PASS,False,False,True,True,True,True,True,True,5.309859,False,0.986987,0.986987,23,unknown,Rejected,stage_a_positive=pass;gate_blazar_veto=pass;gate_wise_qc_pass=pass;gate_data_sufficient=pass;gate_state_change_ratio_pass=pass;gate_transient_spike_pass=pass,benchmark_master,False,outputs/v2_rows/cards/97_10618228603355008.md,outputs/v2_rows/figures/10618228603355008_wise.png
98,SDSSJ231742.68+011425.2,SDSSJ231742.68+011425.2,SDSSJ231742.68+011425.2,SDSSJ231742.68+011425.2,0.399043,OK,217.000000,5114.073797,14.001571,"W1,W2",0.223271,560,560,0.000000,280,280,23,23,False,True,False,CAUTION,False,False,True,True,True,True,True,True,4.152672,False,0.950745,0.950745,23,unknown,Known AGN,stage_a_positive=pass;gate_blazar_veto=pass;gate_wise_qc_pass=pass;gate_data_sufficient=pass;gate_state_change_ratio_pass=pass;gate_transient_spike_pass=pass,benchmark_master,False,outputs/v2_rows/cards/98_SDSSJ231742.68+011425.2.md,outputs/v2_rows/figures/SDSSJ231742.68+011425.2_wise.png
99,8011419677274240,8011419677274240,8011419677274240,8011419677274240,0.398534,OK,228.000000,5096.562998,13.953629,"W1,W2",-0.153381,628,628,0.000000,314,314,24,24,True,True,True,PASS,False,False,True,True,True,True,True,True,3.972696,False,0.853503,0.651274,24,unknown,Rejected,stage_a_positive=pass;gate_blazar_veto=pass;gate_wise_qc_pass=pass;gate_data_sufficient=pass;gate_state_change_ratio_pass=pass;gate_transient_spike_pass=pass,benchmark_master,False,outputs/v2_rows/cards/99_8011419677274240.md,outputs/v2_rows/figures/8011419677274240_wise.png
100,11434886569349888,11434886569349888,11434886569349888,11434886569349888,0.396972,OK,155.000000,5099.024203,13.960367,"W1,W2",-0.258156,562,557,0.008897,276,281,23,23,True,True,True,PASS,False,False,True,True,True,True,True,True,6.321839,False,0.863268,0.634804,23,unknown,Rejected,stage_a_positive=pass;gate_blazar_veto=pass;gate_wise_qc_pass=pass;gate_data_sufficient=pass;gate_state_change_ratio_pass=pass;gate_transient_spike_pass=pass,benchmark_master,False,outputs/v2_rows/cards/100_11434886569349888.md,outputs/v2_rows/figures/11434886569349888_wise.png
101,SDSSJJ143040.58+364903.90,SDSSJ143040.58+364903.90,SDSSJ143040.58+364903.90,SDSSJ143040.58+364903.90,0.382188,OK,304.000000,5277.417393,14.448781,"W1,W2",0.495543,862,862,0.000000,431,431,16,16,True,True,True,PASS,False,False,True,True,True,True,True,True,12.290541,False,0.668504,0.515507,16,unknown,Known AGN,stage_a_positive=pass;gate_blazar_veto=pass;gate_wise_qc_pass=pass;gate_data_sufficient=pass;gate_state_change_ratio_pass=pass;gate_transient_spike_pass=pass,benchmark_master,False,outputs/v2_rows/cards/101_SDSSJ143040.58+364903.90.md,outputs/v2_rows/figures/SDSSJ143040.58+364903.90_wise.png
102,000203.11+315153.1,000203.11+315153.1,000203.11+315153.1,000203.11+315153.1,0.382174,OK,171.000000,4908.633698,13.439107,"W1,W2",0.396939,608,608,0.000000,304,304,14,14,False,True,False,CAUTION,False,False,True,True,True,True,True,True,3.654102,False,0.877778,0.877778,14,normal_agn_like,Known AGN,stage_a_positive=pass;gate_blazar_veto=pass;gate_wise_qc_pass=pass;gate_data_sufficient=pass;gate_state_change_ratio_pass=pass;gate_transient_spike_pass=pass,benchmark_master,False,outputs/v2_rows/cards/102_000203.11+315153.1.md,outputs/v2_rows/figures/000203.11+315153.1_wise.png
103,11918706045404160,11918706045404160,11918706045404160,11918706045404160,0.368219,OK,185.000000,5099.143009,13.960693,"W1,W2",0.084796,546,546,0.000000,273,273,23,23,True,True,True,PASS,False,False,True,True,True,True,True,True,3.094170,False,0.697674,0.437238,23,unknown,Rejected,stage_a_positive=pass;gate_blazar_veto=pass;gate_wise_qc_pass=pass;gate_data_sufficient=pass;gate_state_change_ratio_pass=pass;gate_transient_spike_pass=pass,benchmark_master,False,outputs/v2_rows/cards/103_11918706045404160.md,outputs/v2_rows/figures/11918706045404160_wise.png
104,11346758135829376,11346758135829376,11346758135829376,11346758135829376,0.364962,OK,131.000000,5099.176753,13.960785,"W1,W2",0.002047,578,578,0.000000,289,289,23,23,True,True,True,PASS,False,False,True,True,True,True,True,True,7.500000,False,0.833333,0.166667,23,unknown,Rejected,stage_a_positive=pass;gate_blazar_veto=pass;gate_wise_qc_pass=pass;gate_data_sufficient=pass;gate_state_change_ratio_pass=pass;gate_transient_spike_pass=pass,benchmark_master,False,outputs/v2_rows/cards/104_11346758135829376.md,outputs/v2_rows/figures/11346758135829376_wise.png
105,SDSSJJ015653.16-004623.28,SDSSJ015653.16-004623.28,SDSSJ015653.16-004623.28,SDSSJ015653.16-004623.28,0.363264,OK,217.000000,5301.006028,14.513364,"W1,W2",-0.289155,754,727,0.035809,377,350,19,19,True,True,True,PASS,False,False,True,True,True,True,True,True,4.791209,False,0.834808,0.511761,19,unknown,Known AGN,stage_a_positive=pass;gate_blazar_veto=pass;gate_wise_qc_pass=pass;gate_data_sufficient=pass;gate_state_change_ratio_pass=pass;gate_transient_spike_pass=pass,benchmark_master,False,outputs/v2_rows/cards/105_SDSSJ015653.16-004623.28.md,outputs/v2_rows/figures/SDSSJ015653.16-004623.28_wise.png
106,000056.16+192036.9,000056.16+192036.9,000056.16+192036.9,000056.16+192036.9,0.350474,OK,153.000000,5115.928884,14.006650,"W1,W2",0.404608,522,522,0.000000,261,261,24,24,False,True,False,CAUTION,False,False,True,True,True,True,True,True,7.111765,False,0.546036,0.089514,24,normal_agn_like,Known AGN,stage_a_positive=pass;gate_blazar_veto=pass;gate_wise_qc_pass=pass;gate_data_sufficient=pass;gate_state_change_ratio_pass=pass;gate_transient_spike_pass=pass,benchmark_master,False,outputs/v2_rows/cards/106_000056.16+192036.9.md,outputs/v2_rows/figures/000056.16+192036.9_wise.png
107,SDSSJJ233602.98+001728.7,SDSSJ233602.98+001728.7,SDSSJ233602.98+001728.7,SDSSJ233602.98+001728.7,0.349392,OK,204.000000,5114.211074,14.001947,"W1,W2",0.261537,572,572,0.000000,286,286,24,24,False,True,False,CAUTION,False,True,True,True,True,True,True,True,4.363636,False,0.783282,0.628483,24,unknown,Known AGN,stage_a_positive=pass;gate_blazar_veto=pass;gate_wise_qc_pass=pass;gate_data_sufficient=pass;gate_state_change_ratio_pass=pass;gate_transient_spike_pass=pass,benchmark_master,False,outputs/v2_rows/cards/107_SDSSJ233602.98+001728.7.md,outputs/v2_rows/figures/SDSSJ233602.98+001728.7_wise.png
108,1960P,1960P,1960P,1960P,0.344832,OK,240.000000,5301.097197,14.513613,"W1,W2",-0.051842,616,605,0.017857,306,299,20,20,True,True,True,PASS,False,False,False,True,True,True,True,True,3.831776,False,0.933962,0.301887,20,unknown,Rejected,stage_a_positive=fail;gate_blazar_veto=pass;gate_wise_qc_pass=pass;gate_data_sufficient=pass;gate_state_change_ratio_pass=pass;gate_transient_spike_pass=pass,benchmark_master,False,outputs/v2_rows/cards/108_1960P.md,outputs/v2_rows/figures/1960P_wise.png
109,000015.56+194941.0,000015.56+194941.0,000015.56+194941.0,000015.56+194941.0,0.342671,OK,66.000000,5116.257160,14.007549,"W1,W2",0.266656,356,356,0.000000,178,178,23,23,False,True,False,CAUTION,False,False,False,True,True,True,True,True,8.291765,False,0.726513,0.207083,23,normal_agn_like,Rejected,stage_a_positive=fail;gate_blazar_veto=pass;gate_wise_qc_pass=pass;gate_data_sufficient=pass;gate_state_change_ratio_pass=pass;gate_transient_spike_pass=pass,benchmark_master,False,outputs/v2_rows/cards/109_000015.56+194941.0.md,outputs/v2_rows/figures/000015.56+194941.0_wise.png
110,000031.97+002249.9,000031.97+002249.9,000031.97+002249.9,000031.97+002249.9,0.336906,OK,95.000000,5113.710012,14.000575,"W1,W2",0.114758,382,377,0.013089,188,189,24,24,False,True,False,CAUTION,False,False,False,True,True,True,True,True,4.307692,False,0.883752,0.462351,24,normal_agn_like,Rejected,stage_a_positive=fail;gate_blazar_veto=pass;gate_wise_qc_pass=pass;gate_data_sufficient=pass;gate_state_change_ratio_pass=pass;gate_transient_spike_pass=pass,benchmark_master,False,outputs/v2_rows/cards/110_000031.97+002249.9.md,outputs/v2_rows/figures/000031.97+002249.9_wise.png
111,000059.05+282233.0,000059.05+282233.0,000059.05+282233.0,000059.05+282233.0,0.336127,OK,237.000000,5116.694706,14.008747,"W1,W2",0.196460,658,650,0.012158,329,321,14,14,False,True,False,CAUTION,False,False,False,True,True,True,True,True,3.225420,False,0.837432,0.648649,14,normal_agn_like,Rejected,stage_a_positive=fail;gate_blazar_veto=pass;gate_wise_qc_pass=pass;gate_data_sufficient=pass;gate_state_change_ratio_pass=pass;gate_transient_spike_pass=pass,benchmark_master,False,outputs/v2_rows/cards/111_000059.05+282233.0.md,outputs/v2_rows/figures/000059.05+282233.0_wise.png
112,3822937505992960,3822937505992960,3822937505992960,3822937505992960,0.310422,OK,193.000000,5096.384343,13.953140,"W1,W2",0.008541,594,594,0.000000,297,297,24,24,True,True,True,PASS,False,False,False,True,True,True,True,True,3.389831,False,0.851852,0.333333,24,unknown,Rejected,stage_a_positive=fail;gate_blazar_veto=pass;gate_wise_qc_pass=pass;gate_data_sufficient=pass;gate_state_change_ratio_pass=pass;gate_transient_spike_pass=pass,benchmark_master,False,outputs/v2_rows/cards/112_3822937505992960.md,outputs/v2_rows/figures/3822937505992960_wise.png
113,000003.87-024228.0,000003.87-024228.0,000003.87-024228.0,000003.87-024228.0,0.304665,OK,25.000000,4911.546610,13.447082,"W1,W2",0.036050,266,265,0.003759,133,132,24,24,False,True,False,CAUTION,False,False,False,True,True,True,True,True,4.168831,False,0.806452,0.344086,24,normal_agn_like,Rejected,stage_a_positive=fail;gate_blazar_veto=pass;gate_wise_qc_pass=pass;gate_data_sufficient=pass;gate_state_change_ratio_pass=pass;gate_transient_spike_pass=pass,benchmark_master,False,outputs/v2_rows/cards/113_000003.87-024228.0.md,outputs/v2_rows/figures/000003.87-024228.0_wise.png
114,8261936529703936,8261936529703936,8261936529703936,8261936529703936,0.302019,OK,37.000000,3113.314397,8.523790,"W1,W2",0.163964,140,140,0.000000,70,70,19,19,False,True,False,CAUTION,False,False,False,True,True,True,True,True,6.232768,False,0.716697,0.716697,19,unknown,Rejected,stage_a_positive=fail;gate_blazar_veto=pass;gate_wise_qc_pass=pass;gate_data_sufficient=pass;gate_state_change_ratio_pass=pass;gate_transient_spike_pass=pass,benchmark_master,False,outputs/v2_rows/cards/114_8261936529703936.md,outputs/v2_rows/figures/8261936529703936_wise.png
115,000014.74+003203.2,000014.74+003203.2,000014.74+003203.2,000014.74+003203.2,0.293050,OK,118.000000,5113.710012,14.000575,"W1,W2",-0.042650,480,479,0.002083,240,239,24,24,False,True,False,CAUTION,False,False,False,True,True,True,True,True,4.534307,False,0.888365,0.383648,24,normal_agn_like,Rejected,stage_a_positive=fail;gate_blazar_veto=pass;gate_wise_qc_pass=pass;gate_data_sufficient=pass;gate_state_change_ratio_pass=pass;gate_transient_spike_pass=pass,benchmark_master,False,outputs/v2_rows/cards/115_000014.74+003203.2.md,outputs/v2_rows/figures/000014.74+003203.2_wise.png
116,000034.80+210108.1,000034.80+210108.1,000034.80+210108.1,000034.80+210108.1,0.291458,OK,230.000000,5116.814009,14.009073,"W1,W2",0.187864,604,604,0.000000,302,302,24,24,False,True,False,CAUTION,False,False,False,True,True,True,True,True,6.632948,False,0.708843,0.708843,24,normal_agn_like,Rejected,stage_a_positive=fail;gate_blazar_veto=pass;gate_wise_qc_pass=pass;gate_data_sufficient=pass;gate_state_change_ratio_pass=pass;gate_transient_spike_pass=pass,benchmark_master,False,outputs/v2_rows/cards/116_000034.80+210108.1.md,outputs/v2_rows/figures/000034.80+210108.1_wise.png
117,1998ch,1998ch,1998CH,1998CH,0.288207,OK,77.000000,5274.184624,14.439931,"W1,W2",0.264326,494,478,0.032389,239,239,23,23,True,True,True,PASS,False,False,False,True,True,True,True,True,5.067227,False,0.598410,0.592166,23,unknown,Rejected,stage_a_positive=fail;gate_blazar_veto=pass;gate_wise_qc_pass=pass;gate_data_sufficient=pass;gate_state_change_ratio_pass=pass;gate_transient_spike_pass=pass,benchmark_master,False,outputs/v2_rows/cards/117_1998ch.md,outputs/v2_rows/figures/1998ch_wise.png
118,000042.92+310715.3,000042.92+310715.3,000042.92+310715.3,000042.92+310715.3,0.287274,OK,27.000000,4179.074861,11.441683,"W1,W2",0.000000,148,147,0.006757,73,74,13,13,False,True,False,CAUTION,False,False,False,True,True,True,True,True,4.084211,False,0.625718,0.625718,13,normal_agn_like,Rejected,stage_a_positive=fail;gate_blazar_veto=pass;gate_wise_qc_pass=pass;gate_data_sufficient=pass;gate_state_change_ratio_pass=pass;gate_transient_spike_pass=pass,benchmark_master,False,outputs/v2_rows/cards/118_000042.92+310715.3.md,outputs/v2_rows/figures/000042.92+310715.3_wise.png
119,SDSSJJ015726.00-000602.15,SDSSJ015726.00-000602.15,SDSSJ015726.00-000602.15,SDSSJ015726.00-000602.15,0.287057,OK,178.000000,5301.123813,14.513686,"W1,W2",-0.234465,668,640,0.041916,334,306,19,19,True,True,True,PASS,False,False,False,True,True,True,True,True,11.015244,False,0.787647,0.787647,19,unknown,Rejected,stage_a_positive=fail;gate_blazar_veto=pass;gate_wise_qc_pass=pass;gate_data_sufficient=pass;gate_state_change_ratio_pass=pass;gate_transient_spike_pass=pass,benchmark_master,False,outputs/v2_rows/cards/119_SDSSJ015726.00-000602.15.md,outputs/v2_rows/figures/SDSSJ015726.00-000602.15_wise.png
120,1994M,1994M,1994M,1994M,0.281785,OK,21.000000,3274.032755,8.963813,"W1,W2",0.000000,76,76,0.000000,38,38,19,19,False,True,False,CAUTION,False,False,False,True,True,True,True,True,6.489507,False,0.934873,0.174660,19,unknown,Rejected,stage_a_positive=fail;gate_blazar_veto=pass;gate_wise_qc_pass=pass;gate_data_sufficient=pass;gate_state_change_ratio_pass=pass;gate_transient_spike_pass=pass,benchmark_master,False,outputs/v2_rows/cards/120_1994M.md,outputs/v2_rows/figures/1994M_wise.png
121,5220790446842240,5220790446842240,5220790446842240,5220790446842240,0.276877,OK,33.000000,3273.160838,8.961426,"W1,W2",0.247695,316,107,0.661392,23,84,17,20,False,True,False,CAUTION,False,False,False,True,True,True,True,True,19.240181,False,0.894309,0.297959,17,artifact_like,Rejected,stage_a_positive=fail;gate_blazar_veto=pass;gate_wise_qc_pass=pass;gate_data_sufficient=pass;gate_state_change_ratio_pass=pass;gate_transient_spike_pass=pass,benchmark_master,False,outputs/v2_rows/cards/121_5220790446842240.md,outputs/v2_rows/figures/5220790446842240_wise.png
122,000139.52+322953.1,000139.52+322953.1,000139.52+322953.1,000139.52+322953.1,0.274577,OK,186.000000,5114.111669,14.001675,"W1,W2",0.133423,674,649,0.037092,312,337,14,14,False,True,False,CAUTION,False,False,False,True,True,True,True,True,2.855586,False,0.786765,0.786765,14,normal_agn_like,Rejected,stage_a_positive=fail;gate_blazar_veto=pass;gate_wise_qc_pass=pass;gate_data_sufficient=pass;gate_state_change_ratio_pass=pass;gate_transient_spike_pass=pass,benchmark_master,False,outputs/v2_rows/cards/122_000139.52+322953.1.md,outputs/v2_rows/figures/000139.52+322953.1_wise.png
123,000028.24+184005.3,000028.24+184005.3,000028.24+184005.3,000028.24+184005.3,0.273237,OK,134.000000,5115.759905,14.006187,"W1,W2",0.370817,444,444,0.000000,222,222,24,24,False,True,False,CAUTION,False,False,False,True,True,True,True,True,7.515152,False,0.985376,0.293872,24,normal_agn_like,Rejected,stage_a_positive=fail;gate_blazar_veto=pass;gate_wise_qc_pass=pass;gate_data_sufficient=pass;gate_state_change_ratio_pass=pass;gate_transient_spike_pass=pass,benchmark_master,False,outputs/v2_rows/cards/123_000028.24+184005.3.md,outputs/v2_rows/figures/000028.24+184005.3_wise.png
124,000036.73+044503.3,000036.73+044503.3,000036.73+044503.3,000036.73+044503.3,0.273186,OK,138.000000,5113.971815,14.001292,"W1,W2",-0.030589,442,442,0.000000,221,221,24,24,False,True,False,CAUTION,False,False,False,True,True,True,True,True,6.305512,False,0.855895,0.036390,24,normal_agn_like,Rejected,stage_a_positive=fail;gate_blazar_veto=pass;gate_wise_qc_pass=pass;gate_data_sufficient=pass;gate_state_change_ratio_pass=pass;gate_transient_spike_pass=pass,benchmark_master,False,outputs/v2_rows/cards/124_000036.73+044503.3.md,outputs/v2_rows/figures/000036.73+044503.3_wise.png
125,SDSSJJ005813.68+001409.09,SDSSJ005813.68+001409.09,SDSSJ005813.68+001409.09,SDSSJ005813.68+001409.09,0.272742,OK,83.000000,5114.021384,14.001427,"W1,W2",0.076267,604,603,0.001656,302,301,15,15,False,True,False,CAUTION,False,False,False,True,True,True,True,True,2.924157,False,0.739663,0.554364,15,unknown,Rejected,stage_a_positive=fail;gate_blazar_veto=pass;gate_wise_qc_pass=pass;gate_data_sufficient=pass;gate_state_change_ratio_pass=pass;gate_transient_spike_pass=pass,benchmark_master,False,outputs/v2_rows/cards/125_SDSSJ005813.68+001409.09.md,outputs/v2_rows/figures/SDSSJ005813.68+001409.09_wise.png
126,000026.47+021359.2,000026.47+021359.2,000026.47+021359.2,000026.47+021359.2,0.267673,OK,66.000000,4911.695348,13.447489,"W1,W2",0.227492,286,286,0.000000,143,143,23,23,False,True,False,CAUTION,False,False,False,True,True,True,True,True,5.170068,False,0.942775,0.502864,23,normal_agn_like,Rejected,stage_a_positive=fail;gate_blazar_veto=pass;gate_wise_qc_pass=pass;gate_data_sufficient=pass;gate_state_change_ratio_pass=pass;gate_transient_spike_pass=pass,benchmark_master,False,outputs/v2_rows/cards/126_000026.47+021359.2.md,outputs/v2_rows/figures/000026.47+021359.2_wise.png
127,12315256082310144,12315256082310144,12315256082310144,12315256082310144,0.267233,OK,92.000000,5098.878401,13.959968,"W1,W2",-0.162532,562,519,0.076512,238,281,23,23,True,True,True,PASS,False,False,False,True,True,True,True,True,4.382353,False,0.963696,0.848649,23,unknown,Rejected,stage_a_positive=fail;gate_blazar_veto=pass;gate_wise_qc_pass=pass;gate_data_sufficient=pass;gate_state_change_ratio_pass=pass;gate_transient_spike_pass=pass,benchmark_master,False,outputs/v2_rows/cards/127_12315256082310144.md,outputs/v2_rows/figures/12315256082310144_wise.png
128,000008.03-002727.4,000008.03-002727.4,000008.03-002727.4,000008.03-002727.4,0.266319,OK,26.000000,4910.611699,13.444522,"W1,W2",0.000000,146,129,0.116438,64,65,22,23,False,True,False,CAUTION,False,False,False,True,True,True,True,True,6.225179,False,0.875158,0.638714,22,normal_agn_like,Rejected,stage_a_positive=fail;gate_blazar_veto=pass;gate_wise_qc_pass=pass;gate_data_sufficient=pass;gate_state_change_ratio_pass=pass;gate_transient_spike_pass=pass,benchmark_master,False,outputs/v2_rows/cards/128_000008.03-002727.4.md,outputs/v2_rows/figures/000008.03-002727.4_wise.png
129,9921756706043776,9921756706043776,9921756706043776,9921756706043776,0.264947,OK,103.000000,5098.827081,13.959828,"W1,W2",0.184446,482,482,0.000000,241,241,23,23,True,True,True,PASS,False,False,False,True,True,True,True,True,4.139474,False,0.875969,0.606952,23,unknown,Rejected,stage_a_positive=fail;gate_blazar_veto=pass;gate_wise_qc_pass=pass;gate_data_sufficient=pass;gate_state_change_ratio_pass=pass;gate_transient_spike_pass=pass,benchmark_master,False,outputs/v2_rows/cards/129_9921756706043776.md,outputs/v2_rows/figures/9921756706043776_wise.png
130,6151771852919552,6151771852919552,6151771852919552,6151771852919552,0.263666,OK,199.000000,5096.109420,13.952387,"W1,W2",-0.020165,618,618,0.000000,309,309,24,24,True,True,True,PASS,False,False,False,True,True,True,True,True,32.371429,False,0.971768,0.227340,24,unknown,Rejected,stage_a_positive=fail;gate_blazar_veto=pass;gate_wise_qc_pass=pass;gate_data_sufficient=pass;gate_state_change_ratio_pass=pass;gate_transient_spike_pass=pass,benchmark_master,False,outputs/v2_rows/cards/130_6151771852919552.md,outputs/v2_rows/figures/6151771852919552_wise.png
131,7388752498494208,7388752498494208,7388752498494208,7388752498494208,0.261794,OK,128.000000,5096.510025,13.953484,"W1,W2",-0.182324,452,452,0.000000,226,226,24,24,True,True,True,PASS,False,False,False,True,True,True,True,True,2.944984,False,0.876289,0.876289,24,unknown,Rejected,stage_a_positive=fail;gate_blazar_veto=pass;gate_wise_qc_pass=pass;gate_data_sufficient=pass;gate_state_change_ratio_pass=pass;gate_transient_spike_pass=pass,benchmark_master,False,outputs/v2_rows/cards/131_7388752498494208.md,outputs/v2_rows/figures/7388752498494208_wise.png
132,7106010507061632,7106010507061632,7106010507061632,7106010507061632,0.255419,OK,141.000000,5096.410829,13.953212,"W1,W2",0.123231,604,604,0.000000,302,302,24,24,True,True,True,PASS,False,False,False,True,True,True,True,True,5.728395,False,0.978541,0.939914,24,unknown,Rejected,stage_a_positive=fail;gate_blazar_veto=pass;gate_wise_qc_pass=pass;gate_data_sufficient=pass;gate_state_change_ratio_pass=pass;gate_transient_spike_pass=pass,benchmark_master,False,outputs/v2_rows/cards/132_7106010507061632.md,outputs/v2_rows/figures/7106010507061632_wise.png
133,000116.51-031050.2,000116.51-031050.2,000116.51-031050.2,000116.51-031050.2,0.254291,OK,43.000000,4911.610788,13.447257,"W1,W2",0.000000,184,15,0.918478,0,15,0,9,False,True,False,CAUTION,False,False,False,True,True,False,True,True,5.116166,False,0.972930,0.265127,9,artifact_like,Rejected,stage_a_positive=fail;gate_blazar_veto=pass;gate_wise_qc_pass=pass;gate_data_sufficient=fail;gate_state_change_ratio_pass=pass;gate_transient_spike_pass=pass,benchmark_master,False,outputs/v2_rows/cards/133_000116.51-031050.2.md,outputs/v2_rows/figures/000116.51-031050.2_wise.png
134,000001.08+295225.0,000001.08+295225.0,000001.08+295225.0,000001.08+295225.0,0.252270,OK,50.000000,4910.913289,13.445348,"W1,W2",0.242406,252,248,0.015873,126,122,14,14,False,True,False,CAUTION,False,False,False,True,True,True,True,True,6.464516,False,0.734788,0.668197,14,normal_agn_like,Rejected,stage_a_positive=fail;gate_blazar_veto=pass;gate_wise_qc_pass=pass;gate_data_sufficient=pass;gate_state_change_ratio_pass=pass;gate_transient_spike_pass=pass,benchmark_master,False,outputs/v2_rows/cards/134_000001.08+295225.0.md,outputs/v2_rows/figures/000001.08+295225.0_wise.png
135,000022.17+255005.3,000022.17+255005.3,000022.17+255005.3,000022.17+255005.3,0.250891,OK,221.000000,5116.745888,14.008887,"W1,W2",0.046354,610,112,0.816393,15,97,6,17,False,True,False,CAUTION,False,False,False,True,True,True,True,True,8.219697,False,0.922280,0.873921,6,artifact_like,Rejected,stage_a_positive=fail;gate_blazar_veto=pass;gate_wise_qc_pass=pass;gate_data_sufficient=pass;gate_state_change_ratio_pass=pass;gate_transient_spike_pass=pass,benchmark_master,False,outputs/v2_rows/cards/135_000022.17+255005.3.md,outputs/v2_rows/figures/000022.17+255005.3_wise.png
136,1979C,1979C,1979C,1979C,0.247375,OK,26.000000,3114.812684,8.527892,"W1,W2",0.000000,88,88,0.000000,44,44,19,19,False,True,False,CAUTION,False,False,False,True,True,True,True,True,5.684211,False,0.932592,0.380952,19,unknown,Rejected,stage_a_positive=fail;gate_blazar_veto=pass;gate_wise_qc_pass=pass;gate_data_sufficient=pass;gate_state_change_ratio_pass=pass;gate_transient_spike_pass=pass,benchmark_master,False,outputs/v2_rows/cards/136_1979C.md,outputs/v2_rows/figures/1979C_wise.png
137,000200.32+204718.9,000200.32+204718.9,000200.32+204718.9,000200.32+204718.9,0.246251,OK,242.000000,5116.937273,14.009411,"W1,W2",-0.202822,588,588,0.000000,294,294,23,23,False,True,False,CAUTION,False,False,False,True,True,True,True,True,4.800738,False,0.844244,0.844244,23,normal_agn_like,Rejected,stage_a_positive=fail;gate_blazar_veto=pass;gate_wise_qc_pass=pass;gate_data_sufficient=pass;gate_state_change_ratio_pass=pass;gate_transient_spike_pass=pass,benchmark_master,False,outputs/v2_rows/cards/137_000200.32+204718.9.md,outputs/v2_rows/figures/000200.32+204718.9_wise.png
138,2001au,2001au,2001AU,2001AU,0.243537,OK,116.000000,5275.345941,14.443110,"W1,W2",0.212733,440,437,0.006818,219,218,24,24,True,True,True,PASS,False,False,False,True,True,True,True,True,5.712766,False,0.911972,0.669014,24,unknown,Rejected,stage_a_positive=fail;gate_blazar_veto=pass;gate_wise_qc_pass=pass;gate_data_sufficient=pass;gate_state_change_ratio_pass=pass;gate_transient_spike_pass=pass,benchmark_master,False,outputs/v2_rows/cards/138_2001au.md,outputs/v2_rows/figures/2001au_wise.png
139,1995I,1995I,1995I,1995I,0.243525,OK,175.000000,5272.023305,14.434013,"W1,W2",0.048141,546,546,0.000000,273,273,15,15,True,True,True,PASS,False,False,False,True,True,True,True,True,2.213483,False,0.813390,0.673152,15,unknown,Rejected,stage_a_positive=fail;gate_blazar_veto=pass;gate_wise_qc_pass=pass;gate_data_sufficient=pass;gate_state_change_ratio_pass=pass;gate_transient_spike_pass=pass,benchmark_master,False,outputs/v2_rows/cards/139_1995I.md,outputs/v2_rows/figures/1995I_wise.png
140,6111399160366080,6111399160366080,6111399160366080,6111399160366080,0.242138,OK,179.000000,5096.102798,13.952369,"W1,W2",-0.165306,538,530,0.014870,269,261,24,24,True,True,True,PASS,False,False,False,True,True,True,True,True,3.286624,False,0.909707,0.909707,24,unknown,Rejected,stage_a_positive=fail;gate_blazar_veto=pass;gate_wise_qc_pass=pass;gate_data_sufficient=pass;gate_state_change_ratio_pass=pass;gate_transient_spike_pass=pass,benchmark_master,False,outputs/v2_rows/cards/140_6111399160366080.md,outputs/v2_rows/figures/6111399160366080_wise.png
141,2000ao,2000ao,2000AO,2000AO,0.239964,OK,185.000000,5273.419390,14.437835,"W1,W2",-0.125595,550,550,0.000000,275,275,18,18,True,True,True,PASS,False,False,False,True,True,True,True,True,6.393316,False,0.325693,0.142702,18,unknown,Rejected,stage_a_positive=fail;gate_blazar_veto=pass;gate_wise_qc_pass=pass;gate_data_sufficient=pass;gate_state_change_ratio_pass=pass;gate_transient_spike_pass=pass,benchmark_master,False,outputs/v2_rows/cards/141_2000ao.md,outputs/v2_rows/figures/2000ao_wise.png
142,1998ao,1998ao,1998AO,1998AO,0.237939,OK,43.000000,4939.794707,13.524421,"W1,W2",0.062710,146,145,0.006849,73,72,21,21,False,True,False,CAUTION,False,False,False,True,True,True,True,True,8.796610,False,0.772016,0.173679,21,unknown,Rejected,stage_a_positive=fail;gate_blazar_veto=pass;gate_wise_qc_pass=pass;gate_data_sufficient=pass;gate_state_change_ratio_pass=pass;gate_transient_spike_pass=pass,benchmark_master,False,outputs/v2_rows/cards/142_1998ao.md,outputs/v2_rows/figures/1998ao_wise.png
143,6940838949258240,6940838949258240,6940838949258240,6940838949258240,0.236906,OK,102.000000,5096.119607,13.952415,"W1,W2",0.215153,476,476,0.000000,238,238,24,24,True,True,True,PASS,False,False,False,True,True,True,True,True,3.630986,False,0.963855,0.963855,24,unknown,Rejected,stage_a_positive=fail;gate_blazar_veto=pass;gate_wise_qc_pass=pass;gate_data_sufficient=pass;gate_state_change_ratio_pass=pass;gate_transient_spike_pass=pass,benchmark_master,False,outputs/v2_rows/cards/143_6940838949258240.md,outputs/v2_rows/figures/6940838949258240_wise.png
144,1999gd,1999gd,1999GD,1999GD,0.233946,OK,20.000000,3079.816254,8.432077,"W1,W2",0.000000,46,46,0.000000,23,23,16,16,False,True,False,CAUTION,False,False,False,True,True,True,True,True,8.493134,False,0.801676,0.288641,16,unknown,Rejected,stage_a_positive=fail;gate_blazar_veto=pass;gate_wise_qc_pass=pass;gate_data_sufficient=pass;gate_state_change_ratio_pass=pass;gate_transient_spike_pass=pass,benchmark_master,False,outputs/v2_rows/cards/144_1999gd.md,outputs/v2_rows/figures/1999gd_wise.png
145,8781765011889024,8781765011889024,8781765011889024,8781765011889024,0.232499,OK,47.000000,5095.874863,13.951745,"W1,W2",0.415114,254,254,0.000000,127,127,24,24,True,True,True,PASS,False,False,False,True,True,True,True,True,4.307292,False,0.948941,0.826899,24,unknown,Rejected,stage_a_positive=fail;gate_blazar_veto=pass;gate_wise_qc_pass=pass;gate_data_sufficient=pass;gate_state_change_ratio_pass=pass;gate_transient_spike_pass=pass,benchmark_master,False,outputs/v2_rows/cards/145_8781765011889024.md,outputs/v2_rows/figures/8781765011889024_wise.png
146,000023.94+083348.0,000023.94+083348.0,000023.94+083348.0,000023.94+083348.0,0.217463,OK,188.000000,5114.050639,14.001508,"W1,W2",0.144268,594,593,0.001684,297,296,24,24,False,True,False,CAUTION,False,False,False,True,True,True,True,True,4.352273,False,0.982063,0.417040,24,normal_agn_like,Rejected,stage_a_positive=fail;gate_blazar_veto=pass;gate_wise_qc_pass=pass;gate_data_sufficient=pass;gate_state_change_ratio_pass=pass;gate_transient_spike_pass=pass,benchmark_master,False,outputs/v2_rows/cards/146_000023.94+083348.0.md,outputs/v2_rows/figures/000023.94+083348.0_wise.png
147,SDSSJ115355.88+112554.2,SDSSJ115355.88+112554.2,SDSSJ115355.88+112554.2,SDSSJ115355.88+112554.2,0.217091,OK,183.000000,5098.165090,13.958015,"W1,W2",-0.040727,620,619,0.001613,309,310,24,24,False,True,False,CAUTION,False,False,False,True,True,True,True,True,2.690217,False,0.952646,0.774074,24,unknown,Rejected,stage_a_positive=fail;gate_blazar_veto=pass;gate_wise_qc_pass=pass;gate_data_sufficient=pass;gate_state_change_ratio_pass=pass;gate_transient_spike_pass=pass,benchmark_master,False,outputs/v2_rows/cards/147_SDSSJ115355.88+112554.2.md,outputs/v2_rows/figures/SDSSJ115355.88+112554.2_wise.png
148,5856445606238336,5856445606238336,5856445606238336,5856445606238336,0.213701,OK,216.000000,5096.096304,13.952351,"W1,W2",0.158041,572,555,0.029720,286,269,24,24,True,True,True,PASS,False,False,False,True,True,True,True,True,3.074130,False,0.963211,0.652174,24,unknown,Rejected,stage_a_positive=fail;gate_blazar_veto=pass;gate_wise_qc_pass=pass;gate_data_sufficient=pass;gate_state_change_ratio_pass=pass;gate_transient_spike_pass=pass,benchmark_master,False,outputs/v2_rows/cards/148_5856445606238336.md,outputs/v2_rows/figures/5856445606238336_wise.png
149,000108.68+342549.2,000108.68+342549.2,000108.68+342549.2,000108.68+342549.2,0.210160,OK,124.000000,4914.226646,13.454419,"W1,W2",0.076674,414,413,0.002415,207,206,15,15,False,True,False,CAUTION,False,False,False,True,True,True,True,True,3.979275,False,0.576649,0.576649,15,normal_agn_like,Rejected,stage_a_positive=fail;gate_blazar_veto=pass;gate_wise_qc_pass=pass;gate_data_sufficient=pass;gate_state_change_ratio_pass=pass;gate_transient_spike_pass=pass,benchmark_master,False,outputs/v2_rows/cards/149_000108.68+342549.2.md,outputs/v2_rows/figures/000108.68+342549.2_wise.png
150,1999gq,1999gq,1999GQ,1999GQ,0.205728,OK,51.000000,5097.936272,13.957389,"W1,W2",0.430682,260,258,0.007692,130,128,23,23,False,True,False,CAUTION,False,False,False,True,True,True,True,True,4.799439,False,0.850730,0.517577,23,unknown,Rejected,stage_a_positive=fail;gate_blazar_veto=pass;gate_wise_qc_pass=pass;gate_data_sufficient=pass;gate_state_change_ratio_pass=pass;gate_transient_spike_pass=pass,benchmark_master,False,outputs/v2_rows/cards/150_1999gq.md,outputs/v2_rows/figures/1999gq_wise.png
151,000052.48-022635.5,000052.48-022635.5,000052.48-022635.5,000052.48-022635.5,0.200579,OK,46.000000,5114.060698,14.001535,"W1,W2",0.304909,286,286,0.000000,143,143,24,24,False,True,False,CAUTION,False,False,False,True,True,True,True,True,5.225710,False,0.827290,0.667939,24,normal_agn_like,Rejected,stage_a_positive=fail;gate_blazar_veto=pass;gate_wise_qc_pass=pass;gate_data_sufficient=pass;gate_state_change_ratio_pass=pass;gate_transient_spike_pass=pass,benchmark_master,False,outputs/v2_rows/cards/151_000052.48-022635.5.md,outputs/v2_rows/figures/000052.48-022635.5_wise.png
152,6802059965763456,6802059965763456,6802059965763456,6802059965763456,0.200000,OK,23.000000,4935.892931,13.513738,"W1,W2",0.000000,184,184,0.000000,92,92,22,22,True,True,True,PASS,False,False,False,True,True,True,True,True,9.971910,False,0.986111,0.300694,22,unknown,Rejected,stage_a_positive=fail;gate_blazar_veto=pass;gate_wise_qc_pass=pass;gate_data_sufficient=pass;gate_state_change_ratio_pass=pass;gate_transient_spike_pass=pass,benchmark_master,False,outputs/v2_rows/cards/152_6802059965763456.md,outputs/v2_rows/figures/6802059965763456_wise.png
153,000005.39+212944.8,000005.39+212944.8,000005.39+212944.8,000005.39+212944.8,0.196251,OK,109.000000,4911.130756,13.445943,"W1,W2",0.209114,374,374,0.000000,187,187,22,22,False,True,False,CAUTION,False,False,False,True,True,True,True,True,5.835088,False,0.866667,0.211429,22,normal_agn_like,Rejected,stage_a_positive=fail;gate_blazar_veto=pass;gate_wise_qc_pass=pass;gate_data_sufficient=pass;gate_state_change_ratio_pass=pass;gate_transient_spike_pass=pass,benchmark_master,False,outputs/v2_rows/cards/153_000005.39+212944.8.md,outputs/v2_rows/figures/000005.39+212944.8_wise.png
154,3310492072379904,3310492072379904,3310492072379904,3310492072379904,0.195455,OK,174.000000,5096.321184,13.952967,"W1,W2",0.018817,560,559,0.001786,280,279,24,24,True,True,True,PASS,False,False,False,True,True,True,True,True,3.815920,False,0.728155,0.392015,24,unknown,Rejected,stage_a_positive=fail;gate_blazar_veto=pass;gate_wise_qc_pass=pass;gate_data_sufficient=pass;gate_state_change_ratio_pass=pass;gate_transient_spike_pass=pass,benchmark_master,False,outputs/v2_rows/cards/154_3310492072379904.md,outputs/v2_rows/figures/3310492072379904_wise.png
155,TON 153,TON 153,TON 153,TON 153,0.189389,OK,281.000000,5095.662034,13.951162,"W1,W2",0.017442,778,777,0.001285,389,388,24,24,False,True,False,CAUTION,True,False,False,False,True,True,True,True,6.666667,False,0.766234,0.649351,24,unknown,Rejected,stage_a_positive=fail;gate_blazar_veto=fail;gate_wise_qc_pass=pass;gate_data_sufficient=pass;gate_state_change_ratio_pass=pass;gate_transient_spike_pass=pass,benchmark_master,False,outputs/v2_rows/cards/155_TON_153.md,outputs/v2_rows/figures/TON_153_wise.png
156,8155597434951296,8155597434951296,8155597434951296,8155597434951296,0.187468,OK,77.000000,5096.017099,13.952134,"W1,W2",0.039051,418,418,0.000000,209,209,24,24,True,True,True,PASS,False,False,False,True,True,True,True,True,4.195652,False,0.954693,0.440129,24,unknown,Rejected,stage_a_positive=fail;gate_blazar_veto=pass;gate_wise_qc_pass=pass;gate_data_sufficient=pass;gate_state_change_ratio_pass=pass;gate_transient_spike_pass=pass,benchmark_master,False,outputs/v2_rows/cards/156_8155597434951296.md,outputs/v2_rows/figures/8155597434951296_wise.png
157,13464726768753024,13464726768753024,13464726768753024,13464726768753024,0.186048,OK,175.000000,5099.034389,13.960395,"W1,W2",0.021112,532,532,0.000000,266,266,23,23,True,True,True,PASS,False,False,False,True,True,True,True,True,2.817797,False,0.913669,0.799427,23,unknown,Rejected,stage_a_positive=fail;gate_blazar_veto=pass;gate_wise_qc_pass=pass;gate_data_sufficient=pass;gate_state_change_ratio_pass=pass;gate_transient_spike_pass=pass,benchmark_master,False,outputs/v2_rows/cards/157_13464726768753024.md,outputs/v2_rows/figures/13464726768753024_wise.png
158,000046.17+170047.0,000046.17+170047.0,000046.17+170047.0,000046.17+170047.0,0.181676,OK,140.000000,5116.361957,14.007836,"W1,W2",0.004597,470,444,0.055319,235,209,24,22,False,True,False,CAUTION,False,False,False,True,True,True,True,True,4.629073,False,0.791557,0.779244,22,normal_agn_like,Rejected,stage_a_positive=fail;gate_blazar_veto=pass;gate_wise_qc_pass=pass;gate_data_sufficient=pass;gate_state_change_ratio_pass=pass;gate_transient_spike_pass=pass,benchmark_master,False,outputs/v2_rows/cards/158_000046.17+170047.0.md,outputs/v2_rows/figures/000046.17+170047.0_wise.png
159,7939161147436672,7939161147436672,7939161147436672,7939161147436672,0.180763,OK,201.000000,5096.426874,13.953256,"W1,W2",-0.028277,624,624,0.000000,312,312,24,24,True,True,True,PASS,False,False,False,True,True,True,True,True,2.714004,False,0.965333,0.184000,24,unknown,Rejected,stage_a_positive=fail;gate_blazar_veto=pass;gate_wise_qc_pass=pass;gate_data_sufficient=pass;gate_state_change_ratio_pass=pass;gate_transient_spike_pass=pass,benchmark_master,False,outputs/v2_rows/cards/159_7939161147436672.md,outputs/v2_rows/figures/7939161147436672_wise.png
160,1960R,1960R,1960R,1960R,0.179581,OK,58.000000,3443.949597,9.429020,"W1,W2",-0.000561,242,241,0.004132,121,120,22,22,False,True,False,CAUTION,False,False,False,True,True,True,True,True,4.332447,False,0.770992,0.564885,22,unknown,Rejected,stage_a_positive=fail;gate_blazar_veto=pass;gate_wise_qc_pass=pass;gate_data_sufficient=pass;gate_state_change_ratio_pass=pass;gate_transient_spike_pass=pass,benchmark_master,False,outputs/v2_rows/cards/160_1960R.md,outputs/v2_rows/figures/1960R_wise.png
161,000130.31+013749.2,000130.31+013749.2,000130.31+013749.2,000130.31+013749.2,0.176119,OK,187.000000,5113.875170,14.001027,"W1,W2",-0.033944,560,559,0.001786,280,279,24,24,False,True,False,CAUTION,False,False,False,True,True,True,True,True,2.974436,False,0.975000,0.635000,24,normal_agn_like,Rejected,stage_a_positive=fail;gate_blazar_veto=pass;gate_wise_qc_pass=pass;gate_data_sufficient=pass;gate_state_change_ratio_pass=pass;gate_transient_spike_pass=pass,benchmark_master,False,outputs/v2_rows/cards/161_000130.31+013749.2.md,outputs/v2_rows/figures/000130.31+013749.2_wise.png
162,000159.89+222409.4,000159.89+222409.4,000159.89+222409.4,000159.89+222409.4,0.175885,OK,118.000000,4911.244472,13.446255,"W1,W2",0.268903,384,384,0.000000,192,192,23,23,False,True,False,CAUTION,False,False,False,True,True,True,True,True,5.273183,False,0.705024,0.479070,23,normal_agn_like,Rejected,stage_a_positive=fail;gate_blazar_veto=pass;gate_wise_qc_pass=pass;gate_data_sufficient=pass;gate_state_change_ratio_pass=pass;gate_transient_spike_pass=pass,benchmark_master,False,outputs/v2_rows/cards/162_000159.89+222409.4.md,outputs/v2_rows/figures/000159.89+222409.4_wise.png
163,7077144031287808,7077144031287808,7077144031287808,7077144031287808,0.174189,OK,120.000000,5096.414012,13.953221,"W1,W2",-0.053159,578,578,0.000000,289,289,24,24,True,True,True,PASS,False,False,False,True,True,True,True,True,3.864444,False,0.896401,0.376238,24,unknown,Rejected,stage_a_positive=fail;gate_blazar_veto=pass;gate_wise_qc_pass=pass;gate_data_sufficient=pass;gate_state_change_ratio_pass=pass;gate_transient_spike_pass=pass,benchmark_master,False,outputs/v2_rows/cards/163_7077144031287808.md,outputs/v2_rows/figures/7077144031287808_wise.png
164,9792426651349120,9792426651349120,9792426651349120,9792426651349120,0.172958,OK,159.000000,5098.548721,13.959066,"W1,W2",-0.008663,610,610,0.000000,305,305,23,23,True,True,True,PASS,False,False,False,True,True,True,True,True,3.416667,False,0.978320,0.307692,23,unknown,Rejected,stage_a_positive=fail;gate_blazar_veto=pass;gate_wise_qc_pass=pass;gate_data_sufficient=pass;gate_state_change_ratio_pass=pass;gate_transient_spike_pass=pass,benchmark_master,False,outputs/v2_rows/cards/164_9792426651349120.md,outputs/v2_rows/figures/9792426651349120_wise.png
165,000026.27+022140.8,000026.27+022140.8,000026.27+022140.8,000026.27+022140.8,0.172643,OK,102.000000,4749.770215,13.004162,"W1,W2",-0.009889,378,378,0.000000,189,189,24,24,False,True,False,CAUTION,False,False,False,True,True,True,True,True,8.021505,False,0.720588,0.720588,24,normal_agn_like,Rejected,stage_a_positive=fail;gate_blazar_veto=pass;gate_wise_qc_pass=pass;gate_data_sufficient=pass;gate_state_change_ratio_pass=pass;gate_transient_spike_pass=pass,benchmark_master,False,outputs/v2_rows/cards/165_000026.27+022140.8.md,outputs/v2_rows/figures/000026.27+022140.8_wise.png
166,6766085319816704,6766085319816704,6766085319816704,6766085319816704,0.172470,OK,211.000000,5096.536512,13.953556,"W1,W2",-0.176074,668,667,0.001497,334,333,24,24,True,True,True,PASS,False,False,False,True,True,True,True,True,3.467692,False,0.957692,0.502190,24,unknown,Rejected,stage_a_positive=fail;gate_blazar_veto=pass;gate_wise_qc_pass=pass;gate_data_sufficient=pass;gate_state_change_ratio_pass=pass;gate_transient_spike_pass=pass,benchmark_master,False,outputs/v2_rows/cards/166_6766085319816704.md,outputs/v2_rows/figures/6766085319816704_wise.png
167,1998ez,1998ez,1998EZ,1998EZ,0.166870,OK,129.000000,5099.464525,13.961573,"W1,W2",0.037424,656,646,0.015244,325,321,23,23,True,True,True,PASS,False,False,False,True,True,True,True,True,3.412791,False,0.950769,0.509349,23,unknown,Rejected,stage_a_positive=fail;gate_blazar_veto=pass;gate_wise_qc_pass=pass;gate_data_sufficient=pass;gate_state_change_ratio_pass=pass;gate_transient_spike_pass=pass,benchmark_master,False,outputs/v2_rows/cards/167_1998ez.md,outputs/v2_rows/figures/1998ez_wise.png
168,8902505132032384,8902505132032384,8902505132032384,8902505132032384,0.164532,OK,193.000000,5096.510026,13.953484,"W1,W2",0.062621,576,575,0.001736,288,287,24,24,True,True,True,PASS,False,False,False,True,True,True,True,True,3.319703,False,0.862559,0.427686,24,unknown,Rejected,stage_a_positive=fail;gate_blazar_veto=pass;gate_wise_qc_pass=pass;gate_data_sufficient=pass;gate_state_change_ratio_pass=pass;gate_transient_spike_pass=pass,benchmark_master,False,outputs/v2_rows/cards/168_8902505132032384.md,outputs/v2_rows/figures/8902505132032384_wise.png
169,5313600395193728,5313600395193728,5313600395193728,5313600395193728,0.162914,OK,189.000000,5096.556377,13.953611,"W1,W2",0.007075,660,660,0.000000,330,330,24,24,True,True,True,PASS,False,False,False,True,True,True,True,True,4.507937,False,0.731707,0.500000,24,unknown,Rejected,stage_a_positive=fail;gate_blazar_veto=pass;gate_wise_qc_pass=pass;gate_data_sufficient=pass;gate_state_change_ratio_pass=pass;gate_transient_spike_pass=pass,benchmark_master,False,outputs/v2_rows/cards/169_5313600395193728.md,outputs/v2_rows/figures/5313600395193728_wise.png
170,6993551083342976,6993551083342976,6993551083342976,6993551083342976,0.157385,OK,137.000000,5096.526579,13.953529,"W1,W2",-0.356014,602,600,0.003322,300,300,24,24,True,True,True,PASS,False,False,False,True,True,True,True,True,3.176715,False,0.870334,0.461009,24,unknown,Rejected,stage_a_positive=fail;gate_blazar_veto=pass;gate_wise_qc_pass=pass;gate_data_sufficient=pass;gate_state_change_ratio_pass=pass;gate_transient_spike_pass=pass,benchmark_master,False,outputs/v2_rows/cards/170_6993551083342976.md,outputs/v2_rows/figures/6993551083342976_wise.png
171,6513300724650880,6513300724650880,6513300724650880,6513300724650880,0.157263,OK,147.000000,5096.470168,13.953375,"W1,W2",-0.108892,574,570,0.006969,287,283,24,24,True,True,True,PASS,False,False,False,True,True,True,True,True,3.694511,False,0.964143,0.964143,24,unknown,Rejected,stage_a_positive=fail;gate_blazar_veto=pass;gate_wise_qc_pass=pass;gate_data_sufficient=pass;gate_state_change_ratio_pass=pass;gate_transient_spike_pass=pass,benchmark_master,False,outputs/v2_rows/cards/171_6513300724650880.md,outputs/v2_rows/figures/6513300724650880_wise.png
172,1999dt,1999dt,1999DT,1999DT,0.156216,OK,123.000000,5116.056862,14.007000,"W1,W2",0.227587,548,548,0.000000,274,274,21,21,False,True,False,CAUTION,False,False,False,True,True,True,True,True,3.322196,False,0.946853,0.361558,21,unknown,Rejected,stage_a_positive=fail;gate_blazar_veto=pass;gate_wise_qc_pass=pass;gate_data_sufficient=pass;gate_state_change_ratio_pass=pass;gate_transient_spike_pass=pass,benchmark_master,False,outputs/v2_rows/cards/172_1999dt.md,outputs/v2_rows/figures/1999dt_wise.png
173,10010439191442176,10010439191442176,10010439191442176,10010439191442176,0.149816,OK,168.000000,5098.759210,13.959642,"W1,W2",-0.022314,640,640,0.000000,320,320,23,23,True,True,True,PASS,False,False,False,True,True,True,True,True,4.896552,False,0.846154,0.500000,23,unknown,Rejected,stage_a_positive=fail;gate_blazar_veto=pass;gate_wise_qc_pass=pass;gate_data_sufficient=pass;gate_state_change_ratio_pass=pass;gate_transient_spike_pass=pass,benchmark_master,False,outputs/v2_rows/cards/173_10010439191442176.md,outputs/v2_rows/figures/10010439191442176_wise.png
174,8328117681250688,8328117681250688,8328117681250688,8328117681250688,0.149356,OK,168.000000,5096.559178,13.953619,"W1,W2",-0.256947,594,594,0.000000,297,297,24,24,True,True,True,PASS,False,False,False,True,True,True,True,True,3.426009,False,0.900498,0.583924,24,unknown,Rejected,stage_a_positive=fail;gate_blazar_veto=pass;gate_wise_qc_pass=pass;gate_data_sufficient=pass;gate_state_change_ratio_pass=pass;gate_transient_spike_pass=pass,benchmark_master,False,outputs/v2_rows/cards/174_8328117681250688.md,outputs/v2_rows/figures/8328117681250688_wise.png
175,5714814765676928,5714814765676928,5714814765676928,5714814765676928,0.148750,OK,52.000000,5095.854616,13.951690,"W1,W2",0.266372,234,233,0.004274,117,116,24,24,True,True,True,PASS,False,False,False,True,True,True,True,True,4.887052,False,0.901060,0.556537,24,unknown,Rejected,stage_a_positive=fail;gate_blazar_veto=pass;gate_wise_qc_pass=pass;gate_data_sufficient=pass;gate_state_change_ratio_pass=pass;gate_transient_spike_pass=pass,benchmark_master,False,outputs/v2_rows/cards/175_5714814765676928.md,outputs/v2_rows/figures/5714814765676928_wise.png
176,9517651823494656,9517651823494656,9517651823494656,9517651823494656,0.145512,OK,167.000000,5096.420380,13.953239,"W1,W2",-0.011542,574,573,0.001742,286,287,23,23,True,True,True,PASS,False,False,False,True,True,True,True,True,6.875000,False,0.864307,0.480826,23,unknown,Rejected,stage_a_positive=fail;gate_blazar_veto=pass;gate_wise_qc_pass=pass;gate_data_sufficient=pass;gate_state_change_ratio_pass=pass;gate_transient_spike_pass=pass,benchmark_master,False,outputs/v2_rows/cards/176_9517651823494656.md,outputs/v2_rows/figures/9517651823494656_wise.png
177,4952372170242944,4952372170242944,4952372170242944,4952372170242944,0.141595,OK,91.000000,5096.344486,13.953031,"W1,W2",-0.169383,416,404,0.028846,208,196,24,24,True,True,True,PASS,False,False,False,True,True,True,True,True,2.795640,False,0.883212,0.359050,24,unknown,Rejected,stage_a_positive=fail;gate_blazar_veto=pass;gate_wise_qc_pass=pass;gate_data_sufficient=pass;gate_state_change_ratio_pass=pass;gate_transient_spike_pass=pass,benchmark_master,False,outputs/v2_rows/cards/177_4952372170242944.md,outputs/v2_rows/figures/4952372170242944_wise.png
178,5920045482070528,5920045482070528,5920045482070528,5920045482070528,0.141544,OK,192.000000,5096.383961,13.953139,"W1,W2",-0.008765,572,572,0.000000,286,286,24,24,True,True,True,PASS,False,False,False,True,True,True,True,True,4.193424,False,0.915194,0.805654,24,unknown,Rejected,stage_a_positive=fail;gate_blazar_veto=pass;gate_wise_qc_pass=pass;gate_data_sufficient=pass;gate_state_change_ratio_pass=pass;gate_transient_spike_pass=pass,benchmark_master,False,outputs/v2_rows/cards/178_5920045482070528.md,outputs/v2_rows/figures/5920045482070528_wise.png
179,8314820462535424,8314820462535424,8314820462535424,8314820462535424,0.137377,OK,194.000000,5096.549755,13.953593,"W1,W2",0.129582,622,622,0.000000,311,311,24,24,True,True,True,PASS,False,False,False,True,True,True,True,True,1.934621,False,0.939516,0.939516,24,unknown,Rejected,stage_a_positive=fail;gate_blazar_veto=pass;gate_wise_qc_pass=pass;gate_data_sufficient=pass;gate_state_change_ratio_pass=pass;gate_transient_spike_pass=pass,benchmark_master,False,outputs/v2_rows/cards/179_8314820462535424.md,outputs/v2_rows/figures/8314820462535424_wise.png
180,000030.64-064100.0,000030.64-064100.0,000030.64-064100.0,000030.64-064100.0,0.132053,OK,193.000000,5114.118378,14.001693,"W1,W2",0.121273,590,586,0.006780,295,291,24,24,False,True,False,CAUTION,False,False,False,True,True,True,True,True,2.930851,False,0.633898,0.261017,24,normal_agn_like,Rejected,stage_a_positive=fail;gate_blazar_veto=pass;gate_wise_qc_pass=pass;gate_data_sufficient=pass;gate_state_change_ratio_pass=pass;gate_transient_spike_pass=pass,benchmark_master,False,outputs/v2_rows/cards/180_000030.64-064100.0.md,outputs/v2_rows/figures/000030.64-064100.0_wise.png
181,3646014917806464,3646014917806464,3646014917806464,3646014917806464,0.119216,OK,213.000000,5096.500093,13.953457,"W1,W2",0.090629,648,319,0.507716,68,251,19,21,False,True,False,CAUTION,False,False,False,True,True,True,True,True,6.495775,False,0.941223,0.940954,19,artifact_like,Rejected,stage_a_positive=fail;gate_blazar_veto=pass;gate_wise_qc_pass=pass;gate_data_sufficient=pass;gate_state_change_ratio_pass=pass;gate_transient_spike_pass=pass,benchmark_master,False,outputs/v2_rows/cards/181_3646014917806464.md,outputs/v2_rows/figures/3646014917806464_wise.png
182,8322340949965312,8322340949965312,8322340949965312,8322340949965312,0.118461,OK,124.000000,5096.298390,13.952905,"W1,W2",0.144280,478,478,0.000000,239,239,24,24,True,True,True,PASS,False,False,False,True,True,True,True,True,3.178886,False,0.857595,0.556790,24,unknown,Rejected,stage_a_positive=fail;gate_blazar_veto=pass;gate_wise_qc_pass=pass;gate_data_sufficient=pass;gate_state_change_ratio_pass=pass;gate_transient_spike_pass=pass,benchmark_master,False,outputs/v2_rows/cards/182_8322340949965312.md,outputs/v2_rows/figures/8322340949965312_wise.png
183,000057.15+150936.5,000057.15+150936.5,000057.15+150936.5,000057.15+150936.5,0.115892,OK,85.000000,5112.737794,13.997913,"W1,W2",0.206943,492,469,0.046748,246,223,24,22,False,True,False,CAUTION,False,False,False,True,True,True,True,True,4.560209,False,0.913043,0.014431,22,normal_agn_like,Rejected,stage_a_positive=fail;gate_blazar_veto=pass;gate_wise_qc_pass=pass;gate_data_sufficient=pass;gate_state_change_ratio_pass=pass;gate_transient_spike_pass=pass,benchmark_master,False,outputs/v2_rows/cards/183_000057.15+150936.5.md,outputs/v2_rows/figures/000057.15+150936.5_wise.png
184,11271506013429504,11271506013429504,11271506013429504,11271506013429504,0.112911,OK,145.000000,5099.170004,13.960767,"W1,W2",0.000615,580,580,0.000000,290,290,23,23,True,True,True,PASS,False,False,False,True,True,True,True,True,6.538462,False,0.666048,0.141700,23,unknown,Rejected,stage_a_positive=fail;gate_blazar_veto=pass;gate_wise_qc_pass=pass;gate_data_sufficient=pass;gate_state_change_ratio_pass=pass;gate_transient_spike_pass=pass,benchmark_master,False,outputs/v2_rows/cards/184_11271506013429504.md,outputs/v2_rows/figures/11271506013429504_wise.png
185,1999dz,1999dz,1999DZ,1999DZ,0.111602,OK,191.000000,5299.971184,14.510530,"W1,W2",0.025718,602,602,0.000000,301,301,18,18,True,True,True,PASS,False,False,False,True,True,True,True,True,8.230964,False,0.273196,0.192440,18,unknown,Rejected,stage_a_positive=fail;gate_blazar_veto=pass;gate_wise_qc_pass=pass;gate_data_sufficient=pass;gate_state_change_ratio_pass=pass;gate_transient_spike_pass=pass,benchmark_master,False,outputs/v2_rows/cards/185_1999dz.md,outputs/v2_rows/figures/1999dz_wise.png
186,1999dp,1999dp,1999DP,1999DP,0.108797,OK,222.000000,3275.669148,8.968293,"W1,W2",-0.022115,642,533,0.169782,254,279,21,21,False,True,False,CAUTION,False,False,False,True,True,True,True,True,3.213483,False,0.869281,0.432990,21,unknown,Rejected,stage_a_positive=fail;gate_blazar_veto=pass;gate_wise_qc_pass=pass;gate_data_sufficient=pass;gate_state_change_ratio_pass=pass;gate_transient_spike_pass=pass,benchmark_master,False,outputs/v2_rows/cards/186_1999dp.md,outputs/v2_rows/figures/1999dp_wise.png
187,6827348733385856,6827348733385856,6827348733385856,6827348733385856,0.107984,OK,196.000000,5096.549755,13.953593,"W1,W2",0.085468,614,613,0.001629,307,306,24,24,True,True,True,PASS,False,False,False,True,True,True,True,True,2.722955,False,0.900794,0.658683,24,unknown,Rejected,stage_a_positive=fail;gate_blazar_veto=pass;gate_wise_qc_pass=pass;gate_data_sufficient=pass;gate_state_change_ratio_pass=pass;gate_transient_spike_pass=pass,benchmark_master,False,outputs/v2_rows/cards/187_6827348733385856.md,outputs/v2_rows/figures/6827348733385856_wise.png
188,000151.24+084413.3,000151.24+084413.3,000151.24+084413.3,000151.24+084413.3,0.105011,OK,179.000000,5114.037271,14.001471,"W1,W2",0.044476,574,574,0.000000,287,287,24,24,False,True,False,CAUTION,False,False,False,True,True,True,True,True,3.317073,False,0.952174,0.952174,24,normal_agn_like,Rejected,stage_a_positive=fail;gate_blazar_veto=pass;gate_wise_qc_pass=pass;gate_data_sufficient=pass;gate_state_change_ratio_pass=pass;gate_transient_spike_pass=pass,benchmark_master,False,outputs/v2_rows/cards/188_000151.24+084413.3.md,outputs/v2_rows/figures/000151.24+084413.3_wise.png
189,SDSSJJ080138.67+423354.1,SDSSJ080138.67+423354.1,SDSSJ080138.67+423354.1,SDSSJ080138.67+423354.1,0.100068,OK,187.000000,5098.721881,13.959540,"W1,W2",0.047342,496,485,0.022177,239,246,22,22,True,True,True,PASS,False,False,False,True,True,True,True,True,2.834313,False,0.893617,0.684358,22,unknown,Rejected,stage_a_positive=fail;gate_blazar_veto=pass;gate_wise_qc_pass=pass;gate_data_sufficient=pass;gate_state_change_ratio_pass=pass;gate_transient_spike_pass=pass,benchmark_master,False,outputs/v2_rows/cards/189_SDSSJ080138.67+423354.1.md,outputs/v2_rows/figures/SDSSJ080138.67+423354.1_wise.png
190,1989ae,1989ae,1989AE,1989AE,0.096773,OK,238.000000,5101.188174,13.966292,"W1,W2",-0.105149,670,668,0.002985,334,334,24,24,True,True,True,PASS,False,False,False,True,True,True,True,True,3.225434,False,0.952000,0.952000,24,unknown,Rejected,stage_a_positive=fail;gate_blazar_veto=pass;gate_wise_qc_pass=pass;gate_data_sufficient=pass;gate_state_change_ratio_pass=pass;gate_transient_spike_pass=pass,benchmark_master,False,outputs/v2_rows/cards/190_1989ae.md,outputs/v2_rows/figures/1989ae_wise.png
191,7627655759471360,7627655759471360,7627655759471360,7627655759471360,0.088411,OK,173.000000,5096.126228,13.952433,"W1,W2",-0.054797,588,588,0.000000,294,294,24,24,True,True,True,PASS,False,False,False,True,True,True,True,True,3.378788,False,0.977654,0.977654,24,unknown,Rejected,stage_a_positive=fail;gate_blazar_veto=pass;gate_wise_qc_pass=pass;gate_data_sufficient=pass;gate_state_change_ratio_pass=pass;gate_transient_spike_pass=pass,benchmark_master,False,outputs/v2_rows/cards/191_7627655759471360.md,outputs/v2_rows/figures/7627655759471360_wise.png
192,7017568540477440,7017568540477440,7017568540477440,7017568540477440,0.087733,OK,176.000000,5096.384343,13.953140,"W1,W2",-0.039927,624,624,0.000000,312,312,24,24,True,True,True,PASS,False,False,False,True,True,True,True,True,2.410714,False,0.768997,0.237179,24,unknown,Rejected,stage_a_positive=fail;gate_blazar_veto=pass;gate_wise_qc_pass=pass;gate_data_sufficient=pass;gate_state_change_ratio_pass=pass;gate_transient_spike_pass=pass,benchmark_master,False,outputs/v2_rows/cards/192_7017568540477440.md,outputs/v2_rows/figures/7017568540477440_wise.png
193,3555442647201408,3555442647201408,3555442647201408,3555442647201408,0.083736,OK,185.000000,5096.490161,13.953430,"W1,W2",-0.222672,570,570,0.000000,285,285,24,24,True,True,True,PASS,False,False,False,True,True,True,True,True,2.951586,False,0.936768,0.840749,24,unknown,Rejected,stage_a_positive=fail;gate_blazar_veto=pass;gate_wise_qc_pass=pass;gate_data_sufficient=pass;gate_state_change_ratio_pass=pass;gate_transient_spike_pass=pass,benchmark_master,False,outputs/v2_rows/cards/193_3555442647201408.md,outputs/v2_rows/figures/3555442647201408_wise.png
194,13107003236999040,13107003236999040,13107003236999040,13107003236999040,0.077732,OK,164.000000,5099.146447,13.960702,"W1,W2",0.026983,524,522,0.003817,261,261,23,23,True,True,True,PASS,False,False,False,True,True,True,True,True,3.102941,False,0.993834,0.083981,23,unknown,Rejected,stage_a_positive=fail;gate_blazar_veto=pass;gate_wise_qc_pass=pass;gate_data_sufficient=pass;gate_state_change_ratio_pass=pass;gate_transient_spike_pass=pass,benchmark_master,False,outputs/v2_rows/cards/194_13107003236999040.md,outputs/v2_rows/figures/13107003236999040_wise.png
195,6288970288166784,6288970288166784,6288970288166784,6288970288166784,0.077719,OK,120.000000,5096.016972,13.952134,"W1,W2",-0.011204,74,64,0.135135,37,27,3,3,True,False,False,CAUTION,False,False,False,True,True,True,False,False,,True,,,0,sn_like,Rejected,stage_a_positive=fail;gate_blazar_veto=pass;gate_wise_qc_pass=pass;gate_data_sufficient=pass;gate_state_change_ratio_pass=fail;gate_transient_spike_pass=fail,benchmark_master,False,outputs/v2_rows/cards/195_6288970288166784.md,outputs/v2_rows/figures/6288970288166784_wise.png
196,3885330495346688,3885330495346688,3885330495346688,3885330495346688,0.077267,OK,182.000000,5096.513336,13.953493,"W1,W2",0.008166,586,586,0.000000,293,293,24,24,True,True,True,PASS,False,False,False,True,True,True,True,True,3.434312,False,0.905882,0.905882,24,unknown,Rejected,stage_a_positive=fail;gate_blazar_veto=pass;gate_wise_qc_pass=pass;gate_data_sufficient=pass;gate_state_change_ratio_pass=pass;gate_transient_spike_pass=pass,benchmark_master,False,outputs/v2_rows/cards/196_3885330495346688.md,outputs/v2_rows/figures/3885330495346688_wise.png
197,000055.85+200708.9,000055.85+200708.9,000055.85+200708.9,000055.85+200708.9,0.074108,OK,181.000000,5116.955481,14.009461,"W1,W2",0.196043,568,568,0.000000,284,284,23,23,False,True,False,CAUTION,False,False,False,True,True,True,True,True,3.370558,False,0.876333,0.316052,23,normal_agn_like,Rejected,stage_a_positive=fail;gate_blazar_veto=pass;gate_wise_qc_pass=pass;gate_data_sufficient=pass;gate_state_change_ratio_pass=pass;gate_transient_spike_pass=pass,benchmark_master,False,outputs/v2_rows/cards/197_000055.85+200708.9.md,outputs/v2_rows/figures/000055.85+200708.9_wise.png
198,000123.61-032317.9,000123.61-032317.9,000123.61-032317.9,000123.61-032317.9,0.068289,OK,73.000000,4911.998151,13.448318,"W1,W2",-0.140707,276,276,0.000000,138,138,24,24,False,True,False,CAUTION,False,False,False,True,True,True,True,True,11.931818,False,0.660735,0.261367,24,normal_agn_like,Rejected,stage_a_positive=fail;gate_blazar_veto=pass;gate_wise_qc_pass=pass;gate_data_sufficient=pass;gate_state_change_ratio_pass=pass;gate_transient_spike_pass=pass,benchmark_master,False,outputs/v2_rows/cards/198_000123.61-032317.9.md,outputs/v2_rows/figures/000123.61-032317.9_wise.png
199,000132.22+135258.3,000132.22+135258.3,000132.22+135258.3,000132.22+135258.3,0.065752,OK,221.000000,5113.458779,13.999887,"W1,W2",0.039932,692,692,0.000000,346,346,24,24,False,True,False,CAUTION,False,False,False,True,True,True,True,True,3.844930,False,0.776406,0.269945,24,normal_agn_like,Rejected,stage_a_positive=fail;gate_blazar_veto=pass;gate_wise_qc_pass=pass;gate_data_sufficient=pass;gate_state_change_ratio_pass=pass;gate_transient_spike_pass=pass,benchmark_master,False,outputs/v2_rows/cards/199_000132.22+135258.3.md,outputs/v2_rows/figures/000132.22+135258.3_wise.png
200,9159172377805696,9159172377805696,9159172377805696,9159172377805696,0.063539,OK,193.000000,5099.227422,13.960924,"W1,W2",0.078654,602,602,0.000000,301,301,23,23,True,True,True,PASS,False,False,False,True,True,True,True,True,2.324468,False,0.891775,0.614719,23,unknown,Rejected,stage_a_positive=fail;gate_blazar_veto=pass;gate_wise_qc_pass=pass;gate_data_sufficient=pass;gate_state_change_ratio_pass=pass;gate_transient_spike_pass=pass,benchmark_master,False,outputs/v2_rows/cards/200_9159172377805696.md,outputs/v2_rows/figures/9159172377805696_wise.png
201,1995T,1995T,1995T,1995T,0.062661,OK,190.000000,5114.003975,14.001380,"W1,W2",-0.019856,600,598,0.003333,299,299,23,23,False,True,False,CAUTION,False,False,False,True,True,True,True,True,2.584615,False,0.882353,0.882353,23,unknown,Rejected,stage_a_positive=fail;gate_blazar_veto=pass;gate_wise_qc_pass=pass;gate_data_sufficient=pass;gate_state_change_ratio_pass=pass;gate_transient_spike_pass=pass,benchmark_master,False,outputs/v2_rows/cards/201_1995T.md,outputs/v2_rows/figures/1995T_wise.png
202,000116.62+195153.3,000116.62+195153.3,000116.62+195153.3,000116.62+195153.3,0.060973,OK,26.000000,4184.948942,11.457766,"W1,W2",0.030971,166,166,0.000000,83,83,21,21,False,True,False,CAUTION,False,False,False,True,True,True,True,True,10.019355,False,0.985921,0.530964,21,normal_agn_like,Rejected,stage_a_positive=fail;gate_blazar_veto=pass;gate_wise_qc_pass=pass;gate_data_sufficient=pass;gate_state_change_ratio_pass=pass;gate_transient_spike_pass=pass,benchmark_master,False,outputs/v2_rows/cards/202_000116.62+195153.3.md,outputs/v2_rows/figures/000116.62+195153.3_wise.png
203,B2,B2,B2,B2,0.060473,OK,220.000000,5098.470824,13.958852,"W1,W2",-0.002645,734,732,0.002725,367,365,24,24,False,True,False,CAUTION,True,False,False,False,True,True,True,True,3.811765,False,0.705882,0.077670,24,unknown,Rejected,stage_a_positive=fail;gate_blazar_veto=fail;gate_wise_qc_pass=pass;gate_data_sufficient=pass;gate_state_change_ratio_pass=pass;gate_transient_spike_pass=pass,benchmark_master,False,outputs/v2_rows/cards/203_B2.md,outputs/v2_rows/figures/B2_wise.png
204,10762260330928128,10762260330928128,10762260330928128,10762260330928128,0.058494,OK,178.000000,5099.230732,13.960933,"W1,W2",0.034545,580,580,0.000000,290,290,23,23,True,True,True,PASS,False,False,False,True,True,True,True,True,3.710884,False,0.922990,0.420159,23,unknown,Rejected,stage_a_positive=fail;gate_blazar_veto=pass;gate_wise_qc_pass=pass;gate_data_sufficient=pass;gate_state_change_ratio_pass=pass;gate_transient_spike_pass=pass,benchmark_master,False,outputs/v2_rows/cards/204_10762260330928128.md,outputs/v2_rows/figures/10762260330928128_wise.png
205,11997565941688192,11997565941688192,11997565941688192,11997565941688192,0.056215,OK,192.000000,5098.983832,13.960257,"W1,W2",0.002870,590,584,0.010169,290,294,23,23,True,True,True,PASS,False,False,False,True,True,True,True,True,2.677966,False,0.939024,0.432927,23,unknown,Rejected,stage_a_positive=fail;gate_blazar_veto=pass;gate_wise_qc_pass=pass;gate_data_sufficient=pass;gate_state_change_ratio_pass=pass;gate_transient_spike_pass=pass,benchmark_master,False,outputs/v2_rows/cards/205_11997565941688192.md,outputs/v2_rows/figures/11997565941688192_wise.png
206,8578802037330816,8578802037330816,8578802037330816,8578802037330816,0.051002,OK,172.000000,5096.519957,13.953511,"W1,W2",-0.012263,610,610,0.000000,305,305,24,24,True,True,True,PASS,False,False,False,True,True,True,True,True,3.233010,False,0.807377,0.143443,24,unknown,Rejected,stage_a_positive=fail;gate_blazar_veto=pass;gate_wise_qc_pass=pass;gate_data_sufficient=pass;gate_state_change_ratio_pass=pass;gate_transient_spike_pass=pass,benchmark_master,False,outputs/v2_rows/cards/206_8578802037330816.md,outputs/v2_rows/figures/8578802037330816_wise.png
207,HS,HS,HS,HS,0.042873,OK,872.000000,5275.576851,14.443742,"W1,W2",-0.002441,2602,2601,0.000384,1301,1300,19,19,True,True,True,PASS,True,False,False,False,True,True,True,True,2.303571,False,0.903030,0.684848,19,unknown,Rejected,stage_a_positive=fail;gate_blazar_veto=fail;gate_wise_qc_pass=pass;gate_data_sufficient=pass;gate_state_change_ratio_pass=pass;gate_transient_spike_pass=pass,benchmark_master,False,outputs/v2_rows/cards/207_HS.md,outputs/v2_rows/figures/HS_wise.png
208,000206.48+284933.5,000206.48+284933.5,000206.48+284933.5,000206.48+284933.5,0.035278,OK,228.000000,5116.425642,14.008010,"W1,W2",0.013240,592,584,0.013514,296,288,14,14,False,True,False,CAUTION,False,False,False,True,True,True,True,True,3.403390,False,0.801325,0.125828,14,normal_agn_like,Rejected,stage_a_positive=fail;gate_blazar_veto=pass;gate_wise_qc_pass=pass;gate_data_sufficient=pass;gate_state_change_ratio_pass=pass;gate_transient_spike_pass=pass,benchmark_master,False,outputs/v2_rows/cards/208_000206.48+284933.5.md,outputs/v2_rows/figures/000206.48+284933.5_wise.png
