source_id,ra,dec,redshift,z_bin,class,y_true
083602.06+520824.7,129.008614,52.140204,0.232000,z_0.0-0.3,normal_agn,0
075425.30+343255.8,118.605448,34.548838,0.203316,z_0.0-0.3,normal_agn,0
081542.53+063522.9,123.927224,6.589702,0.243749,z_0.0-0.3,normal_agn,0
084302.49+185612.4,130.760406,18.936784,0.274264,z_0.0-0.3,normal_agn,0
075613.68+391513.4,119.057008,39.253743,0.298793,z_0.0-0.3,normal_agn,0
083237.43+365613.9,128.155994,36.937219,0.266589,z_0.0-0.3,normal_agn,0
084509.29+430226.9,131.288738,43.040820,0.240784,z_0.0-0.3,normal_agn,0
083844.13+541831.9,129.683901,54.308879,0.219000,z_0.0-0.3,normal_agn,0
083923.84+474517.4,129.849347,47.754834,0.081780,z_0.0-0.3,normal_agn,0
080939.35+554506.9,122.413974,55.751940,0.220000,z_0.0-0.3,normal_agn,0
075709.45+185237.9,119.289399,18.877201,0.250529,z_0.0-0.3,normal_agn,0
080956.64+201823.3,122.486022,20.306491,0.297000,z_0.0-0.3,normal_agn,0
075001.55+442845.1,117.506489,44.479202,0.232000,z_0.0-0.3,normal_agn,0
082432.99+514123.3,126.137482,51.689811,0.111000,z_0.0-0.3,normal_agn,0
083353.88+422401.8,128.474500,42.400519,0.249153,z_0.0-0.3,normal_agn,0
083924.60+575230.0,129.852526,57.875006,0.187000,z_0.0-0.3,normal_agn,0
082421.76+542431.0,126.090685,54.408616,0.106234,z_0.0-0.3,normal_agn,0
083753.88+193900.2,129.474513,19.650069,0.242535,z_0.0-0.3,normal_agn,0
080544.73+545349.2,121.436380,54.897021,0.256817,z_0.0-0.3,normal_agn,0
075525.15+492227.0,118.854816,49.374168,0.270152,z_0.0-0.3,normal_agn,0
083443.80+382632.7,128.682517,38.442436,0.288000,z_0.0-0.3,normal_agn,0
084313.41+535718.8,130.805893,53.955242,0.217559,z_0.0-0.3,normal_agn,0
081652.24+425829.3,124.217688,42.974833,0.234476,z_0.0-0.3,normal_agn,0
082127.13+280057.6,125.363069,28.016004,0.221947,z_0.0-0.3,normal_agn,0
083307.86+501000.3,128.282768,50.166770,0.053000,z_0.0-0.3,normal_agn,0
075401.44+262908.8,118.506000,26.485797,0.198080,z_0.0-0.3,normal_agn,0
081904.02+300058.0,124.766768,30.016130,0.254000,z_0.0-0.3,normal_agn,0
081116.70+320935.4,122.819620,32.159838,0.153691,z_0.0-0.3,normal_agn,0
081437.86+433353.6,123.657785,43.564904,0.291450,z_0.0-0.3,normal_agn,0
080411.19+431640.6,121.046660,43.277971,0.132000,z_0.0-0.3,normal_agn,0
074845.39+174836.9,117.189128,17.810267,0.249373,z_0.0-0.3,normal_agn,0
083410.60+353905.5,128.544201,35.651552,0.136061,z_0.0-0.3,normal_agn,0
084411.31+525211.4,131.047160,52.869834,0.239000,z_0.0-0.3,normal_agn,0
080322.48+433307.0,120.843685,43.551966,0.275558,z_0.0-0.3,normal_agn,0
081020.12+073414.6,122.583834,7.570736,0.240043,z_0.0-0.3,normal_agn,0
081808.76+204910.1,124.536536,20.819486,0.235000,z_0.0-0.3,normal_agn,0
080131.96+473616.0,120.383181,47.604463,0.157022,z_0.0-0.3,normal_agn,0
083424.48+572224.1,128.602038,57.373377,0.297000,z_0.0-0.3,normal_agn,0
083453.39+384708.5,128.722481,38.785718,0.184423,z_0.0-0.3,normal_agn,0
081144.47+121944.7,122.935330,12.329108,0.277000,z_0.0-0.3,normal_agn,0
075244.19+455657.4,118.184152,45.949281,0.052000,z_0.0-0.3,normal_agn,0
081329.29+483427.8,123.372064,48.574407,0.274000,z_0.0-0.3,normal_agn,0
083726.95+312104.8,129.362312,31.351352,0.178083,z_0.0-0.3,normal_agn,0
081059.78+300405.4,122.749111,30.068187,0.162079,z_0.0-0.3,normal_agn,0
084327.31+124417.0,130.863820,12.738079,0.297660,z_0.0-0.3,normal_agn,0
082157.58+081901.0,125.489946,8.316948,0.240894,z_0.0-0.3,normal_agn,0
084229.78+552516.3,130.624097,55.421219,0.237526,z_0.0-0.3,normal_agn,0
080554.11+111432.5,121.475467,11.242362,0.227743,z_0.0-0.3,normal_agn,0
083657.70+201942.2,129.240454,20.328406,0.289900,z_0.0-0.3,normal_agn,0
075101.42+291419.1,117.755949,29.238658,0.120891,z_0.0-0.3,normal_agn,0
075244.63+434105.3,118.185968,43.684812,0.180000,z_0.0-0.3,normal_agn,0
081857.21+111232.4,124.738410,11.209004,0.267000,z_0.0-0.3,normal_agn,0
075621.47+324846.7,119.089495,32.812999,0.276182,z_0.0-0.3,normal_agn,0
080804.98+424310.3,122.020775,42.719554,0.225074,z_0.0-0.3,normal_agn,0
083027.92+543026.1,127.616367,54.507260,0.283381,z_0.0-0.3,normal_agn,0
083646.86+151259.0,129.195250,15.216402,0.280336,z_0.0-0.3,normal_agn,0
081422.59+265410.4,123.594133,26.902913,0.288791,z_0.0-0.3,normal_agn,0
083350.81+445544.9,128.461732,44.929144,0.206000,z_0.0-0.3,normal_agn,0
082549.26+173348.5,126.455260,17.563473,0.223353,z_0.0-0.3,normal_agn,0
082320.27+044300.0,125.834488,4.716683,0.103000,z_0.0-0.3,normal_agn,0
080908.28+202420.4,122.284528,20.405679,0.184368,z_0.0-0.3,normal_agn,0
083533.10+494817.2,128.887948,49.804788,0.198000,z_0.0-0.3,normal_agn,0
081359.30+213512.7,123.497097,21.586874,0.180247,z_0.0-0.3,normal_agn,0
084349.75+261910.7,130.957303,26.319650,0.257100,z_0.0-0.3,normal_agn,0
075209.09+414235.5,118.037892,41.709880,0.258726,z_0.0-0.3,normal_agn,0
083630.99+411326.0,129.129136,41.223916,0.276773,z_0.0-0.3,normal_agn,0
083647.50+042214.4,129.197958,4.370681,0.181525,z_0.0-0.3,normal_agn,0
075659.58+452830.5,119.248270,45.475162,0.205000,z_0.0-0.3,normal_agn,0
080452.73+212050.2,121.219727,21.347280,0.124704,z_0.0-0.3,normal_agn,0
083943.59+433018.0,129.931631,43.505025,0.137000,z_0.0-0.3,normal_agn,0
083717.89+191648.0,129.324546,19.280004,0.293678,z_0.0-0.3,normal_agn,0
080639.13+492747.6,121.663043,49.463230,0.277921,z_0.0-0.3,normal_agn,0
081427.69+433705.1,123.615379,43.618091,0.223992,z_0.0-0.3,normal_agn,0
083137.94+432825.2,127.908118,43.473675,0.200753,z_0.0-0.3,normal_agn,0
075216.55+500251.3,118.068994,50.047596,0.263182,z_0.0-0.3,normal_agn,0
075819.68+421935.1,119.582027,42.326433,0.211000,z_0.0-0.3,normal_agn,0
074840.67+192703.6,117.169485,19.451016,0.050797,z_0.0-0.3,normal_agn,0
082930.59+081238.0,127.377460,8.210575,0.129510,z_0.0-0.3,normal_agn,0
080402.54+370201.2,121.010596,37.033667,0.216900,z_0.0-0.3,normal_agn,0
081953.08+561017.7,124.971201,56.171607,0.217993,z_0.0-0.3,normal_agn,0
080202.78+101943.1,120.511617,10.328649,0.204800,z_0.0-0.3,normal_agn,0
084207.59+274326.1,130.531654,27.723928,0.272940,z_0.0-0.3,normal_agn,0
075949.54+320023.8,119.956424,32.006620,0.187922,z_0.0-0.3,normal_agn,0
075643.10+310248.9,119.179611,31.046938,0.271366,z_0.0-0.3,normal_agn,0
080849.07+452907.3,122.204470,45.485387,0.246041,z_0.0-0.3,normal_agn,0
082734.94+493210.0,126.895615,49.536134,0.227283,z_0.0-0.3,normal_agn,0
080838.69+505124.2,122.161214,50.856728,0.282882,z_0.0-0.3,normal_agn,0
083512.36+124234.5,128.801531,12.709603,0.277475,z_0.0-0.3,normal_agn,0
083740.02+105902.1,129.416766,10.983936,0.272108,z_0.0-0.3,normal_agn,0
083125.11+560925.2,127.854665,56.157018,0.232196,z_0.0-0.3,normal_agn,0
080120.97+194803.9,120.337402,19.801094,0.179240,z_0.0-0.3,normal_agn,0
080101.41+184840.7,120.255895,18.811322,0.139838,z_0.0-0.3,normal_agn,0
080729.43+261805.9,121.872631,26.301648,0.266908,z_0.0-0.3,normal_agn,0
082739.00+094209.4,126.912505,9.702631,0.260500,z_0.0-0.3,normal_agn,0
082059.27+264521.2,125.246984,26.755903,0.239136,z_0.0-0.3,normal_agn,0
081429.25+265241.7,123.621900,26.878257,0.284811,z_0.0-0.3,normal_agn,0
081651.10+180249.6,124.212931,18.047131,0.159500,z_0.0-0.3,normal_agn,0
080334.73+433019.7,120.894738,43.505482,0.190000,z_0.0-0.3,normal_agn,0
081018.67+250921.2,122.577822,25.155907,0.263352,z_0.0-0.3,normal_agn,0
083117.99+450024.4,127.824988,45.006791,0.147000,z_0.0-0.3,normal_agn,0
081916.28+481745.5,124.817865,48.295981,0.223000,z_0.0-0.3,normal_agn,0
082942.94+283521.5,127.428941,28.589307,0.293784,z_0.0-0.3,normal_agn,0
080559.94+260602.3,121.499768,26.100662,0.136654,z_0.0-0.3,normal_agn,0
075805.17+393814.9,119.521567,39.637499,0.253240,z_0.0-0.3,normal_agn,0
082842.73+454433.2,127.178063,45.742581,0.049000,z_0.0-0.3,normal_agn,0
081252.76+102509.0,123.219852,10.419192,0.221800,z_0.0-0.3,normal_agn,0
075403.60+481428.0,118.515035,48.241128,0.274000,z_0.0-0.3,normal_agn,0
083859.56+530639.8,129.748176,53.111057,0.271000,z_0.0-0.3,normal_agn,0
080606.87+383402.1,121.528659,38.567261,0.250248,z_0.0-0.3,normal_agn,0
083410.44+331050.4,128.543504,33.180682,0.280000,z_0.0-0.3,normal_agn,0
075112.18+174351.7,117.800751,17.731043,0.186541,z_0.0-0.3,normal_agn,0
080816.71+530742.0,122.069647,53.128345,0.277442,z_0.0-0.3,normal_agn,0
080330.39+262824.0,120.876666,26.473347,0.253572,z_0.0-0.3,normal_agn,0
083522.28+260539.1,128.842863,26.094214,0.187649,z_0.0-0.3,normal_agn,0
074903.24+452053.6,117.263523,45.348224,0.201000,z_0.0-0.3,normal_agn,0
083917.35+392818.0,129.822310,39.471667,0.186190,z_0.0-0.3,normal_agn,0
082736.74+214220.3,126.903107,21.705657,0.203000,z_0.0-0.3,normal_agn,0
081957.28+103706.6,124.988672,10.618518,0.295400,z_0.0-0.3,normal_agn,0
081445.09+243635.0,123.687900,24.609724,0.297520,z_0.0-0.3,normal_agn,0
081317.91+435620.6,123.324658,43.939066,0.254661,z_0.0-0.3,normal_agn,0
083049.34+172826.3,127.705592,17.473995,0.270983,z_0.0-0.3,normal_agn,0
083343.47+074654.4,128.431155,7.781805,0.205786,z_0.0-0.3,normal_agn,0
083227.36+503505.7,128.114028,50.584943,0.286658,z_0.0-0.3,normal_agn,0
080314.81+091851.5,120.811718,9.314323,0.293000,z_0.0-0.3,normal_agn,0
081441.91+212918.5,123.674655,21.488473,0.163116,z_0.0-0.3,normal_agn,0
084419.70+450131.6,131.082100,45.025464,0.239000,z_0.0-0.3,normal_agn,0
075934.94+322143.3,119.895600,32.362031,0.268947,z_0.0-0.3,normal_agn,0
081801.46+205009.9,124.506117,20.836101,0.235000,z_0.0-0.3,normal_agn,0
081032.72+565105.2,122.636371,56.851463,0.276000,z_0.0-0.3,normal_agn,0
075057.26+353037.6,117.738605,35.510470,0.176398,z_0.0-0.3,normal_agn,0
083933.25+065119.6,129.888568,6.855451,0.234158,z_0.0-0.3,normal_agn,0
074957.44+312006.1,117.489339,31.335028,0.229827,z_0.0-0.3,normal_agn,0
083052.45+431419.9,127.718581,43.238864,0.251000,z_0.0-0.3,normal_agn,0
080142.15+514023.3,120.425626,51.673164,0.196181,z_0.0-0.3,normal_agn,0
084203.73+401831.2,130.515568,40.308694,0.151851,z_0.0-0.3,normal_agn,0
081506.01+562916.6,123.775062,56.487963,0.273836,z_0.0-0.3,normal_agn,0
082113.71+350305.0,125.307154,35.051402,0.293000,z_0.0-0.3,normal_agn,0
083829.09+294710.2,129.621234,29.786171,0.284497,z_0.0-0.3,normal_agn,0
080037.62+461257.9,120.156788,46.216092,0.239000,z_0.0-0.3,normal_agn,0
084206.38+343856.0,130.526596,34.648896,0.286144,z_0.0-0.3,normal_agn,0
083045.40+450235.8,127.689199,45.043301,0.182000,z_0.0-0.3,normal_agn,0
080818.34+481758.9,122.076448,48.299705,0.217000,z_0.0-0.3,normal_agn,0
081835.59+390911.1,124.648318,39.153100,0.187115,z_0.0-0.3,normal_agn,0
084142.99+040427.5,130.429139,4.074325,0.255063,z_0.0-0.3,normal_agn,0
083849.56+463204.3,129.706512,46.534553,0.258000,z_0.0-0.3,normal_agn,0
083553.46+055317.1,128.972765,5.888089,0.205120,z_0.0-0.3,normal_agn,0
083139.75+195605.4,127.915660,19.934840,0.210900,z_0.0-0.3,normal_agn,0
081916.75+270733.8,124.819809,27.126060,0.261000,z_0.0-0.3,normal_agn,0
075102.37+241019.0,117.759875,24.171956,0.246148,z_0.0-0.3,normal_agn,0
083148.87+042939.0,127.953653,4.494193,0.174724,z_0.0-0.3,normal_agn,0
082537.76+474029.4,126.407338,47.674851,0.249155,z_0.0-0.3,normal_agn,0
075824.06+431111.0,119.600287,43.186410,0.257000,z_0.0-0.3,normal_agn,0
080308.64+530004.7,120.786027,53.001320,0.287471,z_0.0-0.3,normal_agn,0
083303.21+272241.8,128.263386,27.378296,0.271909,z_0.0-0.3,normal_agn,0
081822.14+233206.8,124.592255,23.535238,0.243935,z_0.0-0.3,normal_agn,0
081451.42+433010.8,123.714257,43.503010,0.278000,z_0.0-0.3,normal_agn,0
081252.45+402348.8,123.218554,40.396911,0.188492,z_0.0-0.3,normal_agn,0
081636.18+294135.7,124.150771,29.693272,0.260264,z_0.0-0.3,normal_agn,0
080118.88+203556.2,120.328684,20.598969,0.258856,z_0.0-0.3,normal_agn,0
081652.88+241612.5,124.220347,24.270162,0.275805,z_0.0-0.3,normal_agn,0
081112.57+224230.4,122.802388,22.708460,0.242398,z_0.0-0.3,normal_agn,0
075437.80+181240.7,118.657510,18.211322,0.297736,z_0.0-0.3,normal_agn,0
083852.91+264120.9,129.720476,26.689141,0.297480,z_0.0-0.3,normal_agn,0
080930.46+214614.9,122.376949,21.770814,0.151809,z_0.0-0.3,normal_agn,0
081657.67+365743.5,124.240299,36.962098,0.279360,z_0.0-0.3,normal_agn,0
081933.49+393233.2,124.889560,39.542558,0.241293,z_0.0-0.3,normal_agn,0
080600.19+134322.0,121.500820,13.722786,0.268347,z_0.0-0.3,normal_agn,0
081738.33+242330.0,124.409729,24.391688,0.282236,z_0.0-0.3,normal_agn,0
084205.57+075925.5,130.523220,7.990434,0.134044,z_0.0-0.3,normal_agn,0
080742.46+375332.1,121.926946,37.892258,0.230215,z_0.0-0.3,normal_agn,0
083658.90+442602.2,129.245441,44.433970,0.254560,z_0.0-0.3,normal_agn,0
075939.50+140543.5,119.914602,14.095429,0.208501,z_0.0-0.3,normal_agn,0
080054.00+391719.1,120.225034,39.288664,0.198637,z_0.0-0.3,normal_agn,0
080131.58+354436.4,120.381622,35.743452,0.178522,z_0.0-0.3,normal_agn,0
074838.61+472323.0,117.160878,47.389733,0.201115,z_0.0-0.3,normal_agn,0
074838.00+285059.4,117.158341,28.849855,0.290600,z_0.0-0.3,normal_agn,0
081516.86+460430.8,123.820291,46.075246,0.041000,z_0.0-0.3,normal_agn,0
082311.26+435318.5,125.796938,43.888480,0.182000,z_0.0-0.3,normal_agn,0
075318.26+492616.5,118.326104,49.437942,0.251094,z_0.0-0.3,normal_agn,0
075944.92+183953.7,119.937185,18.664934,0.263238,z_0.0-0.3,normal_agn,0
084225.43+411517.2,130.605973,41.254781,0.299193,z_0.0-0.3,normal_agn,0
083315.08+100052.3,128.312836,10.014550,0.255000,z_0.0-0.3,normal_agn,0
080835.12+111919.4,122.146344,11.322072,0.232500,z_0.0-0.3,normal_agn,0
075156.63+514323.9,117.985959,51.723323,0.258470,z_0.0-0.3,normal_agn,0
075619.07+122929.1,119.079487,12.491422,0.266332,z_0.0-0.3,normal_agn,0
081809.90+294841.8,124.541277,29.811617,0.272941,z_0.0-0.3,normal_agn,0
083754.97+175251.2,129.479062,17.880901,0.232067,z_0.0-0.3,normal_agn,0
075620.07+304535.4,119.083651,30.759840,0.235748,z_0.0-0.3,normal_agn,0
082508.23+422516.2,126.284306,42.421186,0.186036,z_0.0-0.3,normal_agn,0
080309.36+553620.5,120.789028,55.605702,0.262317,z_0.0-0.3,normal_agn,0
082216.91+345508.4,125.570475,34.919011,0.025795,z_0.0-0.3,normal_agn,0
082405.19+445246.0,126.021652,44.879467,0.219690,z_0.0-0.3,normal_agn,0
083837.29+561513.8,129.655385,56.253847,0.299000,z_0.0-0.3,normal_agn,0
080652.11+564412.8,121.717138,56.736897,0.180000,z_0.0-0.3,normal_agn,0
080422.61+192638.7,121.094247,19.444094,0.278965,z_0.0-0.3,normal_agn,0
080409.24+385348.7,121.038501,38.896884,0.211190,z_0.0-0.3,normal_agn,0
080940.88+300724.4,122.420362,30.123456,0.258097,z_0.0-0.3,normal_agn,0
074906.50+451033.8,117.277117,45.176080,0.192177,z_0.0-0.3,normal_agn,0
080544.13+113040.2,121.433901,11.511191,0.199100,z_0.0-0.3,normal_agn,0
081630.15+272740.4,124.125649,27.461226,0.215973,z_0.0-0.3,normal_agn,0
081237.83+435635.0,123.157635,43.943058,0.183331,z_0.0-0.3,normal_agn,0
080846.15+545132.6,122.192301,54.859072,0.139670,z_0.0-0.3,normal_agn,0
083138.49+262840.3,127.910384,26.477888,0.239989,z_0.0-0.3,normal_agn,0
081438.27+290619.9,123.659492,29.105531,0.225983,z_0.0-0.3,normal_agn,0
081312.54+054208.6,123.302251,5.702398,0.295000,z_0.0-0.3,normal_agn,0
083236.28+044505.9,128.151208,4.751664,0.291547,z_0.0-0.3,normal_agn,0
084349.32+464400.7,130.955508,46.733539,0.215000,z_0.0-0.3,normal_agn,0
082451.13+473221.4,126.213049,47.539281,0.285959,z_0.0-0.3,normal_agn,0
082509.25+263438.6,126.288581,26.577396,0.244547,z_0.0-0.3,normal_agn,0
082628.20+085535.4,126.617510,8.926501,0.254200,z_0.0-0.3,normal_agn,0
084001.29+502944.9,130.005411,50.495828,0.276787,z_0.0-0.3,normal_agn,0
080330.33+152915.1,120.876397,15.487551,0.269923,z_0.0-0.3,normal_agn,0
075801.99+491022.4,119.508295,49.172911,0.276229,z_0.0-0.3,normal_agn,0
084443.94+312003.8,131.183095,31.334400,0.287859,z_0.0-0.3,normal_agn,0
080540.55+481046.3,121.418993,48.179552,0.224302,z_0.0-0.3,normal_agn,0
081249.58+463050.7,123.206610,46.514090,0.282000,z_0.0-0.3,normal_agn,0
075314.81+305736.6,118.311749,30.960181,0.276598,z_0.0-0.3,normal_agn,0
083640.18+155229.7,129.167442,15.874929,0.229086,z_0.0-0.3,normal_agn,0
082733.93+043617.3,126.891389,4.604814,0.220883,z_0.0-0.3,normal_agn,0
083746.61+320311.8,129.444218,32.053287,0.225168,z_0.0-0.3,normal_agn,0
082400.61+530606.9,126.002560,53.101930,0.299000,z_0.0-0.3,normal_agn,0
075214.15+514813.3,118.058960,51.803703,0.267108,z_0.0-0.3,normal_agn,0
080624.78+450701.3,121.603291,45.117031,0.137000,z_0.0-0.3,normal_agn,0
075503.96+173325.8,118.766514,17.557170,0.243183,z_0.0-0.3,normal_agn,0
080426.23+503736.6,121.109321,50.626861,0.277000,z_0.0-0.3,normal_agn,0
081044.98+364340.6,122.687454,36.727949,0.215747,z_0.0-0.3,normal_agn,0
083005.72+593248.1,127.523869,59.546703,0.245600,z_0.0-0.3,normal_agn,0
081612.81+140058.4,124.053413,14.016232,0.204804,z_0.0-0.3,normal_agn,0
080829.17+440754.1,122.121545,44.131704,0.275259,z_0.0-0.3,normal_agn,0
083254.76+452610.3,128.228205,45.436202,0.182000,z_0.0-0.3,normal_agn,0
081501.85+525255.5,123.757722,52.882087,0.125000,z_0.0-0.3,normal_agn,0
081941.44+451406.6,124.922678,45.235188,0.194015,z_0.0-0.3,normal_agn,0
083127.59+054924.6,127.864971,5.823507,0.229130,z_0.0-0.3,normal_agn,0
081231.43+441620.8,123.130996,44.272459,0.296627,z_0.0-0.3,normal_agn,0
074948.26+345444.0,117.451100,34.912226,0.132033,z_0.0-0.3,normal_agn,0
074920.00+234104.4,117.333338,23.684564,0.296127,z_0.0-0.3,normal_agn,0
075752.13+434504.1,119.467238,43.751145,0.154000,z_0.0-0.3,normal_agn,0
075204.44+490616.9,118.018503,49.104716,0.252578,z_0.0-0.3,normal_agn,0
075217.84+193542.2,118.074351,19.595076,0.117217,z_0.0-0.3,normal_agn,0
081840.29+210208.5,124.667900,21.035706,0.234374,z_0.0-0.3,normal_agn,0
083518.53+274430.3,128.827209,27.741765,0.192220,z_0.0-0.3,normal_agn,0
080220.71+330730.8,120.586316,33.125236,0.163967,z_0.0-0.3,normal_agn,0
083703.29+250815.2,129.263746,25.137574,0.275476,z_0.0-0.3,normal_agn,0
080852.25+131908.7,122.217736,13.319106,0.284000,z_0.0-0.3,normal_agn,0
080711.17+430906.9,121.796543,43.151932,0.260000,z_0.0-0.3,normal_agn,0
082800.60+401135.1,127.002519,40.193106,0.221250,z_0.0-0.3,normal_agn,0
083225.34+370736.2,128.105596,37.126744,0.092145,z_0.0-0.3,normal_agn,0
081651.86+495334.8,124.216117,49.893007,0.159138,z_0.0-0.3,normal_agn,0
081443.40+435314.7,123.680834,43.887427,0.224000,z_0.0-0.3,normal_agn,0
075623.13+455926.6,119.096415,45.990731,0.209000,z_0.0-0.3,normal_agn,0
074852.21+475435.0,117.217569,47.909723,0.034518,z_0.0-0.3,normal_agn,0
081734.32+220724.2,124.393032,22.123395,0.268258,z_0.0-0.3,normal_agn,0
082012.50+352053.8,125.052099,35.348281,0.143516,z_0.0-0.3,normal_agn,0
081527.29+445937.4,123.863714,44.993735,0.268303,z_0.0-0.3,normal_agn,0
075903.88+384226.1,119.766203,38.707268,0.217954,z_0.0-0.3,normal_agn,0
082638.04+435300.5,126.658507,43.883479,0.224073,z_0.0-0.3,normal_agn,0
081456.09+532533.5,123.733734,53.425985,0.119724,z_0.0-0.3,normal_agn,0
075147.71+245352.7,117.948810,24.897988,0.197766,z_0.0-0.3,normal_agn,0
081803.70+434442.1,124.515450,43.745040,0.294495,z_0.0-0.3,normal_agn,0
075510.90+330421.8,118.795449,33.072745,0.257347,z_0.0-0.3,normal_agn,0
075956.76+293630.8,119.986506,29.608562,0.291353,z_0.0-0.3,normal_agn,0
081521.51+492126.3,123.839647,49.357320,0.281795,z_0.0-0.3,normal_agn,0
083417.90+491439.2,128.574622,49.244236,0.173144,z_0.0-0.3,normal_agn,0
080720.63+144928.3,121.835965,14.824550,0.205714,z_0.0-0.3,normal_agn,0
075012.33+225334.0,117.551409,22.892782,0.233120,z_0.0-0.3,normal_agn,0
082358.30+213545.2,125.992953,21.595899,0.248659,z_0.0-0.3,normal_agn,0
082014.82+451358.9,125.061786,45.233051,0.198000,z_0.0-0.3,normal_agn,0
083246.92+285312.0,128.195506,28.886672,0.226197,z_0.0-0.3,normal_agn,0
084016.10+351337.6,130.067100,35.227124,0.263395,z_0.0-0.3,normal_agn,0
082205.24+455349.1,125.521839,45.896989,0.299000,z_0.0-0.3,normal_agn,0
081626.92+193630.0,124.112195,19.608335,0.460114,z_0.3-0.6,normal_agn,0
080204.65+513640.5,120.519403,51.611266,0.510000,z_0.3-0.6,normal_agn,0
075446.07+403019.8,118.691967,40.505503,0.502893,z_0.3-0.6,normal_agn,0
080427.98+522306.2,121.116619,52.385059,0.356555,z_0.3-0.6,normal_agn,0
082227.42+482747.9,125.614272,48.463317,0.473000,z_0.3-0.6,normal_agn,0
083817.01+202804.9,129.570882,20.468034,0.362081,z_0.3-0.6,normal_agn,0
080733.65+134055.7,121.890225,13.682157,0.566607,z_0.3-0.6,normal_agn,0
081912.05+204806.5,124.800211,20.801823,0.418840,z_0.3-0.6,normal_agn,0
083407.28+394537.2,128.530361,39.760340,0.582721,z_0.3-0.6,normal_agn,0
081015.33+412110.6,122.563915,41.352964,0.522346,z_0.3-0.6,normal_agn,0
074844.87+441422.0,117.186960,44.239452,0.428432,z_0.3-0.6,normal_agn,0
075355.23+161938.5,118.480164,16.327384,0.561788,z_0.3-0.6,normal_agn,0
084116.86+364701.0,130.320282,36.783624,0.587519,z_0.3-0.6,normal_agn,0
080254.32+325725.7,120.726348,32.957142,0.561590,z_0.3-0.6,normal_agn,0
082654.61+422228.1,126.727577,42.374489,0.536693,z_0.3-0.6,normal_agn,0
082548.51+532854.4,126.452129,53.481796,0.440036,z_0.3-0.6,normal_agn,0
075921.56+381204.9,119.839835,38.201369,0.454127,z_0.3-0.6,normal_agn,0
083532.06+530011.7,128.883588,53.003269,0.549339,z_0.3-0.6,normal_agn,0
084339.24+053125.2,130.913524,5.523690,0.519598,z_0.3-0.6,normal_agn,0
083026.01+534834.0,127.608405,53.809450,0.403000,z_0.3-0.6,normal_agn,0
080718.99+140524.7,121.829133,14.090216,0.387570,z_0.3-0.6,normal_agn,0
082350.66+380858.0,125.961093,38.149458,0.474673,z_0.3-0.6,normal_agn,0
081238.61+321537.8,123.160878,32.260500,0.499104,z_0.3-0.6,normal_agn,0
081805.75+281733.9,124.523994,28.292773,0.542517,z_0.3-0.6,normal_agn,0
083325.78+402354.0,128.357434,40.398342,0.451370,z_0.3-0.6,normal_agn,0
082340.20+510815.7,125.917519,51.137720,0.554000,z_0.3-0.6,normal_agn,0
084436.15+551352.3,131.150636,55.231216,0.469367,z_0.3-0.6,normal_agn,0
082652.18+083212.6,126.717450,8.536858,0.507000,z_0.3-0.6,normal_agn,0
080133.28+341737.6,120.388683,34.293798,0.338312,z_0.3-0.6,normal_agn,0
074928.05+175434.1,117.366911,17.909483,0.524165,z_0.3-0.6,normal_agn,0
083228.60-045324.8,128.119200,-4.890228,0.466500,z_0.3-0.6,normal_agn,0
083947.90+122121.6,129.949612,12.356001,0.581329,z_0.3-0.6,normal_agn,0
084258.18+324350.7,130.742452,32.730758,0.340015,z_0.3-0.6,normal_agn,0
075813.57+432544.0,119.556577,43.428900,0.332000,z_0.3-0.6,normal_agn,0
074953.70+225439.2,117.473768,22.910901,0.573777,z_0.3-0.6,normal_agn,0
080343.17+373305.6,120.929878,37.551575,0.495021,z_0.3-0.6,normal_agn,0
080514.64+465228.8,121.311029,46.874686,0.581033,z_0.3-0.6,normal_agn,0
082345.60+325929.5,125.940016,32.991544,0.400501,z_0.3-0.6,normal_agn,0
075134.80+220306.9,117.895029,22.051937,0.551449,z_0.3-0.6,normal_agn,0
083728.47+370638.3,129.368643,37.110655,0.528792,z_0.3-0.6,normal_agn,0
082047.36+582845.2,125.197361,58.479232,0.423600,z_0.3-0.6,normal_agn,0
075903.04+245203.8,119.762680,24.867729,0.388494,z_0.3-0.6,normal_agn,0
081749.43+334700.2,124.455960,33.783411,0.365576,z_0.3-0.6,normal_agn,0
080644.42+484149.1,121.685123,48.696993,0.370000,z_0.3-0.6,normal_agn,0
084459.28+350314.7,131.247006,35.054093,0.432798,z_0.3-0.6,normal_agn,0
074946.51+285409.8,117.443798,28.902743,0.542281,z_0.3-0.6,normal_agn,0
082143.90+274438.7,125.432935,27.744088,0.508430,z_0.3-0.6,normal_agn,0
080333.22+243033.1,120.888425,24.509222,0.359495,z_0.3-0.6,normal_agn,0
084248.78+520725.9,130.703255,52.123877,0.567000,z_0.3-0.6,normal_agn,0
075047.33+483926.2,117.697215,48.657287,0.584766,z_0.3-0.6,normal_agn,0
075757.57+451230.1,119.489894,45.208370,0.537000,z_0.3-0.6,normal_agn,0
080523.87+475035.3,121.349463,47.843143,0.542106,z_0.3-0.6,normal_agn,0
081651.37+143606.2,124.214066,14.601744,0.352919,z_0.3-0.6,normal_agn,0
083234.78+072917.2,128.144921,7.488132,0.393281,z_0.3-0.6,normal_agn,0
075430.13+215322.4,118.625550,21.889558,0.397000,z_0.3-0.6,normal_agn,0
084021.91+101723.7,130.091328,10.289932,0.589400,z_0.3-0.6,normal_agn,0
074955.36+395003.6,117.480685,39.834355,0.441422,z_0.3-0.6,normal_agn,0
074848.58+382110.8,117.202454,38.353000,0.592017,z_0.3-0.6,normal_agn,0
075737.33+533324.4,119.405556,53.556796,0.575000,z_0.3-0.6,normal_agn,0
084038.76+503633.6,130.161537,50.609350,0.353564,z_0.3-0.6,normal_agn,0
080235.89+475134.0,120.649559,47.859447,0.409377,z_0.3-0.6,normal_agn,0
081038.55+234102.0,122.660642,23.683899,0.491970,z_0.3-0.6,normal_agn,0
083259.86+354515.5,128.249441,35.754317,0.553000,z_0.3-0.6,normal_agn,0
084311.38+405027.5,130.797434,40.840989,0.409473,z_0.3-0.6,normal_agn,0
081001.90+544635.9,122.507947,54.776652,0.440234,z_0.3-0.6,normal_agn,0
080612.58+175258.3,121.552424,17.882881,0.374238,z_0.3-0.6,normal_agn,0
081544.33+334040.8,123.934710,33.678001,0.513136,z_0.3-0.6,normal_agn,0
083822.20+610814.3,129.592504,61.137307,0.342900,z_0.3-0.6,normal_agn,0
075554.45+102516.1,118.976890,10.421160,0.497600,z_0.3-0.6,normal_agn,0
080437.96+455545.3,121.158182,45.929255,0.453000,z_0.3-0.6,normal_agn,0
081059.27+283658.6,122.746959,28.616289,0.329334,z_0.3-0.6,normal_agn,0
081522.98+291823.7,123.845772,29.306601,0.584898,z_0.3-0.6,normal_agn,0
075429.82+290601.1,118.624267,29.100329,0.495016,z_0.3-0.6,normal_agn,0
075230.82+340430.7,118.128428,34.075214,0.465000,z_0.3-0.6,normal_agn,0
083512.67+552336.8,128.802832,55.393557,0.401000,z_0.3-0.6,normal_agn,0
081755.76+370350.1,124.482373,37.063932,0.542000,z_0.3-0.6,normal_agn,0
075352.98+315341.6,118.470767,31.894906,0.494133,z_0.3-0.6,normal_agn,0
082001.18+223954.2,125.004921,22.665071,0.561452,z_0.3-0.6,normal_agn,0
081126.44+492226.5,122.860176,49.374038,0.504780,z_0.3-0.6,normal_agn,0
080101.08+132047.6,120.254504,13.346570,0.537000,z_0.3-0.6,normal_agn,0
083247.26+494645.0,128.196928,49.779180,0.545000,z_0.3-0.6,normal_agn,0
083540.64+541417.1,128.919369,54.238100,0.423000,z_0.3-0.6,normal_agn,0
075250.10+481910.7,118.208791,48.319658,0.509000,z_0.3-0.6,normal_agn,0
083620.02+065640.3,129.083427,6.944536,0.320232,z_0.3-0.6,normal_agn,0
075952.64+141358.9,119.969364,14.233048,0.509222,z_0.3-0.6,normal_agn,0
083925.79+310740.0,129.857485,31.127781,0.552183,z_0.3-0.6,normal_agn,0
075608.16+394715.7,119.034023,39.787719,0.473370,z_0.3-0.6,normal_agn,0
082543.88+462308.2,126.432853,46.385612,0.510288,z_0.3-0.6,normal_agn,0
082402.40+223921.8,126.010026,22.656075,0.463147,z_0.3-0.6,normal_agn,0
080858.15+241247.0,122.242322,24.213074,0.581535,z_0.3-0.6,normal_agn,0
082954.68+205246.7,127.477844,20.879639,0.441000,z_0.3-0.6,normal_agn,0
080358.24+094219.8,120.992702,9.705521,0.568000,z_0.3-0.6,normal_agn,0
075557.70+463317.2,118.990441,46.554792,0.354906,z_0.3-0.6,normal_agn,0
082619.42+603558.0,126.580958,60.599469,0.533300,z_0.3-0.6,normal_agn,0
075245.80+292742.3,118.190867,29.461770,0.547346,z_0.3-0.6,normal_agn,0
083012.68+011919.7,127.552839,1.322163,0.394000,z_0.3-0.6,normal_agn,0
083219.10+425721.2,128.079613,42.955912,0.542155,z_0.3-0.6,normal_agn,0
080833.18+393339.3,122.138291,39.560925,0.471333,z_0.3-0.6,normal_agn,0
081222.00+271213.0,123.091693,27.203638,0.560827,z_0.3-0.6,normal_agn,0
083318.15+151609.9,128.325637,15.269428,0.527124,z_0.3-0.6,normal_agn,0
084323.53+374736.5,130.848067,37.793483,0.541806,z_0.3-0.6,normal_agn,0
080952.50+234746.0,122.468750,23.796123,0.386039,z_0.3-0.6,normal_agn,0
074840.52+154456.8,117.168869,15.749135,0.469399,z_0.3-0.6,normal_agn,0
082858.33+275207.7,127.243060,27.868825,0.429697,z_0.3-0.6,normal_agn,0
081021.11+440426.5,122.587979,44.074048,0.590636,z_0.3-0.6,normal_agn,0
083739.42+272116.7,129.414259,27.354643,0.453000,z_0.3-0.6,normal_agn,0
080205.97+513245.4,120.524916,51.545949,0.559000,z_0.3-0.6,normal_agn,0
082501.20+174323.9,126.255017,17.723323,0.360925,z_0.3-0.6,normal_agn,0
080430.87+315404.9,121.128644,31.901374,0.527000,z_0.3-0.6,normal_agn,0
084828.27+275149.7,132.117830,27.863830,0.478827,z_0.3-0.6,normal_agn,0
081921.95+351706.5,124.841494,35.285165,0.363351,z_0.3-0.6,normal_agn,0
080510.99+205536.1,121.295809,20.926718,0.314358,z_0.3-0.6,normal_agn,0
080034.20+432700.4,120.142504,43.450116,0.525000,z_0.3-0.6,normal_agn,0
081228.59+343914.8,123.119130,34.654115,0.543530,z_0.3-0.6,normal_agn,0
083928.41+364418.8,129.868407,36.738571,0.393733,z_0.3-0.6,normal_agn,0
082536.84+195950.8,126.403513,19.997461,0.302240,z_0.3-0.6,normal_agn,0
082158.31+305137.7,125.492960,30.860481,0.523000,z_0.3-0.6,normal_agn,0
082847.69+363724.1,127.198732,36.623383,0.331903,z_0.3-0.6,normal_agn,0
084514.18+064329.6,131.309124,6.724914,0.421000,z_0.3-0.6,normal_agn,0
080526.71+503250.4,121.361296,50.547338,0.571533,z_0.3-0.6,normal_agn,0
084115.91+274339.0,130.316299,27.727507,0.583151,z_0.3-0.6,normal_agn,0
081014.07+564532.0,122.558659,56.758909,0.441000,z_0.3-0.6,normal_agn,0
082953.56+370414.5,127.473189,37.070697,0.418984,z_0.3-0.6,normal_agn,0
082804.84+362017.5,127.020202,36.338202,0.580971,z_0.3-0.6,normal_agn,0
075853.61+111944.1,119.723407,11.328928,0.430813,z_0.3-0.6,normal_agn,0
083433.13+261140.1,128.638068,26.194495,0.483000,z_0.3-0.6,normal_agn,0
083229.31+522315.5,128.122164,52.387649,0.453989,z_0.3-0.6,normal_agn,0
082936.15+451151.0,127.400652,45.197521,0.553000,z_0.3-0.6,normal_agn,0
080704.88+360353.5,121.770369,36.064872,0.468291,z_0.3-0.6,normal_agn,0
083915.02+284009.9,129.812586,28.669434,0.578396,z_0.3-0.6,normal_agn,0
082917.78+545923.6,127.324114,54.989914,0.494000,z_0.3-0.6,normal_agn,0
082233.30+335524.9,125.638770,33.923603,0.448732,z_0.3-0.6,normal_agn,0
082717.99+471036.3,126.824963,47.176775,0.577000,z_0.3-0.6,normal_agn,0
075946.50+225845.3,119.943775,22.979261,0.366878,z_0.3-0.6,normal_agn,0
080112.02+512812.0,120.300110,51.470021,0.321000,z_0.3-0.6,normal_agn,0
081739.95+101120.2,124.416491,10.188951,0.502000,z_0.3-0.6,normal_agn,0
083005.54+364648.3,127.523112,36.780084,0.513622,z_0.3-0.6,normal_agn,0
081202.48+572529.8,123.010335,57.424959,0.539000,z_0.3-0.6,normal_agn,0
081535.70+421801.6,123.898788,42.300456,0.490665,z_0.3-0.6,normal_agn,0
084328.62+301357.2,130.869255,30.232577,0.559109,z_0.3-0.6,normal_agn,0
082652.39+502919.8,126.718298,50.488852,0.329858,z_0.3-0.6,normal_agn,0
082742.00+513044.7,126.925016,51.512442,0.408000,z_0.3-0.6,normal_agn,0
082439.93+314623.9,126.166414,31.773328,0.582065,z_0.3-0.6,normal_agn,0
083545.54+491532.5,128.939753,49.259030,0.540984,z_0.3-0.6,normal_agn,0
084222.13+434801.9,130.592213,43.800537,0.594000,z_0.3-0.6,normal_agn,0
082038.88+381136.4,125.162016,38.193455,0.382562,z_0.3-0.6,normal_agn,0
081318.28+404736.5,123.326190,40.793483,0.493357,z_0.3-0.6,normal_agn,0
084455.79+470334.0,131.232461,47.059446,0.417556,z_0.3-0.6,normal_agn,0
081338.47+215349.8,123.410299,21.897184,0.548923,z_0.3-0.6,normal_agn,0
082106.88+015357.0,125.278694,1.899184,0.588000,z_0.3-0.6,normal_agn,0
075031.38+192754.5,117.630791,19.465152,0.425019,z_0.3-0.6,normal_agn,0
083257.51+300453.5,128.239656,30.081554,0.549769,z_0.3-0.6,normal_agn,0
084018.12+485039.7,130.075532,48.844386,0.516070,z_0.3-0.6,normal_agn,0
080445.73+302230.9,121.190556,30.375261,0.539235,z_0.3-0.6,normal_agn,0
084513.62+473327.0,131.306776,47.557523,0.528386,z_0.3-0.6,normal_agn,0
084016.05+461152.4,130.066909,46.197903,0.554009,z_0.3-0.6,normal_agn,0
080010.74+214027.2,120.044759,21.674222,0.586093,z_0.3-0.6,normal_agn,0
083041.96+063102.4,127.674859,6.517338,0.385573,z_0.3-0.6,normal_agn,0
074950.95+272809.3,117.462323,27.469262,0.461340,z_0.3-0.6,normal_agn,0
081303.64+253716.8,123.265197,25.621344,0.350000,z_0.3-0.6,normal_agn,0
083010.50+321352.7,127.543784,32.231308,0.522184,z_0.3-0.6,normal_agn,0
081528.88+333254.2,123.870371,33.548409,0.482156,z_0.3-0.6,normal_agn,0
080811.69+502040.1,122.048738,50.344487,0.484000,z_0.3-0.6,normal_agn,0
083359.96-045833.7,128.499872,-4.976047,0.428300,z_0.3-0.6,normal_agn,0
081704.21+244644.1,124.267574,24.778942,0.500189,z_0.3-0.6,normal_agn,0
081928.89+532840.7,124.870387,53.477980,0.595000,z_0.3-0.6,normal_agn,0
084112.11+300934.0,130.300480,30.159462,0.565000,z_0.3-0.6,normal_agn,0
082927.96+214330.3,127.366516,21.725084,0.540000,z_0.3-0.6,normal_agn,0
083649.90+191818.0,129.207932,19.305005,0.589000,z_0.3-0.6,normal_agn,0
083322.29+055859.1,128.342898,5.983111,0.590588,z_0.3-0.6,normal_agn,0
084152.85+234855.4,130.470224,23.815409,0.441790,z_0.3-0.6,normal_agn,0
075822.02+421754.3,119.591764,42.298425,0.437059,z_0.3-0.6,normal_agn,0
083314.22+264550.6,128.309284,26.764056,0.462126,z_0.3-0.6,normal_agn,0
082337.69+571940.2,125.907070,57.327851,0.550959,z_0.3-0.6,normal_agn,0
081755.63+403325.6,124.481796,40.557119,0.582284,z_0.3-0.6,normal_agn,0
080516.42+213737.1,121.318449,21.626995,0.486137,z_0.3-0.6,normal_agn,0
081042.44+483915.2,122.676860,48.654224,0.535179,z_0.3-0.6,normal_agn,0
082330.22+492914.9,125.875954,49.487499,0.525253,z_0.3-0.6,normal_agn,0
080726.52+202700.8,121.860537,20.450244,0.441568,z_0.3-0.6,normal_agn,0
075404.43+174437.3,118.518464,17.743714,0.510214,z_0.3-0.6,normal_agn,0
080238.22+225853.5,120.659259,22.981534,0.490030,z_0.3-0.6,normal_agn,0
082310.81+531614.9,125.795043,53.270829,0.459373,z_0.3-0.6,normal_agn,0
081855.95+424420.0,124.733141,42.738909,0.461334,z_0.3-0.6,normal_agn,0
083152.03+172245.2,127.966832,17.379237,0.327903,z_0.3-0.6,normal_agn,0
080608.13+244421.0,121.533899,24.739189,0.357898,z_0.3-0.6,normal_agn,0
081352.77-065914.3,123.469892,-6.987330,0.544800,z_0.3-0.6,normal_agn,0
083510.88+362019.2,128.795365,36.338691,0.591101,z_0.3-0.6,normal_agn,0
075854.38+444738.2,119.726589,44.793945,0.573000,z_0.3-0.6,normal_agn,0
081851.16+070528.5,124.713194,7.091272,0.553792,z_0.3-0.6,normal_agn,0
083654.98+075712.4,129.229094,7.953461,0.573637,z_0.3-0.6,normal_agn,0
083334.92+342002.5,128.395535,34.334038,0.433279,z_0.3-0.6,normal_agn,0
075133.03+341508.0,117.887642,34.252236,0.455818,z_0.3-0.6,normal_agn,0
080933.66+343800.8,122.390290,34.633577,0.479997,z_0.3-0.6,normal_agn,0
082708.43+285947.1,126.785135,28.996433,0.481704,z_0.3-0.6,normal_agn,0
081925.04+224416.3,124.854371,22.737865,0.561000,z_0.3-0.6,normal_agn,0
082438.58+350342.5,126.160773,35.061830,0.436000,z_0.3-0.6,normal_agn,0
075112.65+280403.5,117.802730,28.067665,0.585770,z_0.3-0.6,normal_agn,0
081707.75+354812.1,124.282327,35.803385,0.470540,z_0.3-0.6,normal_agn,0
084330.71+234614.7,130.877960,23.770774,0.445902,z_0.3-0.6,normal_agn,0
081603.83+430521.1,124.015989,43.089220,0.586838,z_0.3-0.6,normal_agn,0
081155.08+133648.1,122.979513,13.613387,0.488021,z_0.3-0.6,normal_agn,0
080916.33+393134.7,122.318047,39.526306,0.592799,z_0.3-0.6,normal_agn,0
075535.41+292047.4,118.897575,29.346511,0.505364,z_0.3-0.6,normal_agn,0
081758.37+550744.8,124.493230,55.129133,0.410309,z_0.3-0.6,normal_agn,0
080441.40+212338.5,121.172537,21.394047,0.467391,z_0.3-0.6,normal_agn,0
081903.97+280902.2,124.766545,28.150627,0.592000,z_0.3-0.6,normal_agn,0
080424.20+065456.9,121.100857,6.915827,0.569000,z_0.3-0.6,normal_agn,0
082412.05+500700.2,126.050209,50.116732,0.546221,z_0.3-0.6,normal_agn,0
084443.80+510426.3,131.182527,51.073976,0.506225,z_0.3-0.6,normal_agn,0
075703.65+301905.4,119.265231,30.318172,0.450361,z_0.3-0.6,normal_agn,0
075650.98+361923.6,119.212455,36.323248,0.300577,z_0.3-0.6,normal_agn,0
075316.06+162621.9,118.316947,16.439426,0.400000,z_0.3-0.6,normal_agn,0
082205.19+584058.3,125.521633,58.682864,0.309000,z_0.3-0.6,normal_agn,0
075908.20+434936.6,119.784181,43.826844,0.448000,z_0.3-0.6,normal_agn,0
082904.05+261420.9,127.266878,26.239159,0.354239,z_0.3-0.6,normal_agn,0
083142.14+553030.2,127.925588,55.508404,0.427150,z_0.3-0.6,normal_agn,0
082547.93+143654.9,126.449728,14.615266,0.475404,z_0.3-0.6,normal_agn,0
080708.43+354458.1,121.785152,35.749489,0.439232,z_0.3-0.6,normal_agn,0
080632.65+474702.8,121.636051,47.784115,0.541406,z_0.3-0.6,normal_agn,0
082346.35+175610.3,125.943165,17.936214,0.361400,z_0.3-0.6,normal_agn,0
080848.07+220730.0,122.200322,22.125011,0.430079,z_0.3-0.6,normal_agn,0
080906.60+424947.1,122.277507,42.829759,0.576458,z_0.3-0.6,normal_agn,0
084018.55+370058.3,130.077328,37.016198,0.551189,z_0.3-0.6,normal_agn,0
082809.57+415117.6,127.039893,41.854898,0.454806,z_0.3-0.6,normal_agn,0
080953.80+354459.6,122.474201,35.749907,0.468000,z_0.3-0.6,normal_agn,0
083005.20+171214.2,127.521671,17.203958,0.508424,z_0.3-0.6,normal_agn,0
081105.31+264538.0,122.772152,26.760582,0.459381,z_0.3-0.6,normal_agn,0
082902.58+400355.1,127.260776,40.065333,0.572060,z_0.3-0.6,normal_agn,0
083951.01+325416.7,129.962575,32.904643,0.343937,z_0.3-0.6,normal_agn,0
084040.42+513438.3,130.168422,51.577330,0.578000,z_0.3-0.6,normal_agn,0
080713.45+473614.3,121.806064,47.603975,0.596470,z_0.3-0.6,normal_agn,0
075242.15+313245.2,118.175644,31.545910,0.429000,z_0.3-0.6,normal_agn,0
083153.39+525245.6,127.972484,52.879354,0.518856,z_0.3-0.6,normal_agn,0
081527.65+455355.4,123.865217,45.898736,0.365175,z_0.3-0.6,normal_agn,0
084047.10+545215.6,130.196280,54.871001,0.581819,z_0.3-0.6,normal_agn,0
083036.62+360341.0,127.652595,36.061392,0.550000,z_0.3-0.6,normal_agn,0
082553.29+334146.1,126.472083,33.696144,0.495699,z_0.3-0.6,normal_agn,0
080327.39+400047.8,120.864152,40.013295,0.464003,z_0.3-0.6,normal_agn,0
081138.90+521526.7,122.912097,52.257429,0.543000,z_0.3-0.6,normal_agn,0
075537.02+254238.9,118.904287,25.710833,0.444706,z_0.3-0.6,normal_agn,0
082413.39+502452.2,126.055805,50.414525,0.539532,z_0.3-0.6,normal_agn,0
080332.79+225119.6,120.886647,22.855461,0.499001,z_0.3-0.6,normal_agn,0
084353.13+095023.5,130.971393,9.839877,0.452400,z_0.3-0.6,normal_agn,0
083801.51+412658.3,129.506314,41.449544,0.570000,z_0.3-0.6,normal_agn,0
074906.65+290418.5,117.277733,29.071811,0.497600,z_0.3-0.6,normal_agn,0
081318.34+454654.2,123.326426,45.781722,0.526000,z_0.3-0.6,normal_agn,0
081622.09+521135.8,124.092080,52.193279,0.550000,z_0.3-0.6,normal_agn,0
075529.29+415513.5,118.872068,41.920431,0.332182,z_0.3-0.6,normal_agn,0
080138.37+294513.2,120.409880,29.753679,0.444396,z_0.3-0.6,normal_agn,0
083926.19+463106.6,129.859154,46.518514,0.505000,z_0.3-0.6,normal_agn,0
083810.56+091147.3,129.544004,9.196474,0.519394,z_0.3-0.6,normal_agn,0
081235.74-062141.9,123.148923,-6.361660,0.536600,z_0.3-0.6,normal_agn,0
075041.02+523814.4,117.670920,52.637352,0.563193,z_0.3-0.6,normal_agn,0
084314.37+343541.3,130.809898,34.594827,0.418000,z_0.3-0.6,normal_agn,0
075506.19+491938.8,118.775828,49.327461,0.579000,z_0.3-0.6,normal_agn,0
080718.74+272947.1,121.828103,27.496428,0.341302,z_0.3-0.6,normal_agn,0
080837.03+534855.9,122.154332,53.815535,0.301000,z_0.3-0.6,normal_agn,0
081837.22+065737.8,124.655123,6.960519,0.555369,z_0.3-0.6,normal_agn,0
083132.87+613116.7,127.886992,61.521320,0.371300,z_0.3-0.6,normal_agn,0
084257.46+370803.9,130.739446,37.134439,0.452666,z_0.3-0.6,normal_agn,0
080252.91+314226.1,120.720477,31.707254,0.483859,z_0.3-0.6,normal_agn,0
082854.96+240300.4,127.229014,24.050134,0.304484,z_0.3-0.6,normal_agn,0
075853.89+224245.5,119.724583,22.712646,0.573000,z_0.3-0.6,normal_agn,0
083608.56+253142.1,129.035676,25.528369,0.568004,z_0.3-0.6,normal_agn,0
080629.83+545848.6,121.624296,54.980180,0.521671,z_0.3-0.6,normal_agn,0
082615.58+405806.1,126.564933,40.968378,0.321703,z_0.3-0.6,normal_agn,0
084015.25+233748.4,130.063566,23.630134,0.578602,z_0.3-0.6,normal_agn,0
080131.57+144038.1,120.381553,14.677259,0.532798,z_0.3-0.6,normal_agn,0
080816.56+473013.7,122.069009,47.503825,0.548990,z_0.3-0.6,normal_agn,0
082300.40+340133.7,125.751701,34.026036,0.431761,z_0.3-0.6,normal_agn,0
075651.53+160455.0,119.214732,16.081964,0.548621,z_0.3-0.6,normal_agn,0
080404.71+470812.2,121.019631,47.136748,0.599000,z_0.3-0.6,normal_agn,0
080341.70+382105.4,120.923756,38.351517,0.571695,z_0.3-0.6,normal_agn,0
074836.11+240024.1,117.150464,24.006698,0.409854,z_0.3-0.6,normal_agn,0
082138.20+310800.9,125.409167,31.133584,0.592663,z_0.3-0.6,normal_agn,0
074910.59+284214.5,117.294166,28.704053,0.344200,z_0.3-0.6,normal_agn,0
084246.58+222644.8,130.694099,22.445781,0.437404,z_0.3-0.6,normal_agn,0
081246.97+420920.0,123.195717,42.155582,0.479652,z_0.3-0.6,normal_agn,0
080358.17+463734.7,120.992412,46.626328,0.464000,z_0.3-0.6,normal_agn,0
081305.92+371958.0,123.274669,37.332785,0.531000,z_0.3-0.6,normal_agn,0
081137.12+355624.0,122.904697,35.940012,0.591214,z_0.3-0.6,normal_agn,0
082224.55+402142.4,125.602301,40.361794,0.506000,z_0.3-0.6,normal_agn,0
084154.40+315323.0,130.476674,31.889733,0.444100,z_0.3-0.6,normal_agn,0
084445.72+285405.3,131.190505,28.901495,0.511849,z_0.3-0.6,normal_agn,0
083550.97+142344.3,128.962402,14.395656,0.352600,z_0.3-0.6,normal_agn,0
083733.59+404317.9,129.389970,40.721639,0.555460,z_0.3-0.6,normal_agn,0
083044.02+142423.6,127.683448,14.406578,0.364600,z_0.3-0.6,normal_agn,0
084304.75+224626.0,130.769804,22.773891,0.557229,z_0.3-0.6,normal_agn,0
084438.65+144435.2,131.161048,14.743131,0.577100,z_0.3-0.6,normal_agn,0
080109.59+304209.5,120.289978,30.702657,0.566361,z_0.3-0.6,normal_agn,0
084257.43+270856.0,130.739323,27.148910,0.473058,z_0.3-0.6,normal_agn,0
080823.85+053934.9,122.099387,5.659696,0.566822,z_0.3-0.6,normal_agn,0
082859.31+422234.3,127.247139,42.376209,0.560338,z_0.3-0.6,normal_agn,0
081648.53+542213.9,124.202228,54.370528,0.411000,z_0.3-0.6,normal_agn,0
075311.76+495730.9,118.299038,49.958605,0.519576,z_0.3-0.6,normal_agn,0
081136.65+384517.8,122.902725,38.754958,0.598058,z_0.3-0.6,normal_agn,0
075741.68+241921.6,119.423667,24.322668,0.551425,z_0.3-0.6,normal_agn,0
081751.25+465742.9,124.463546,46.961934,0.560185,z_0.3-0.6,normal_agn,0
084515.58+142559.2,131.314957,14.433133,0.595000,z_0.3-0.6,normal_agn,0
080206.92+450113.7,120.528842,45.020473,0.529000,z_0.3-0.6,normal_agn,0
081108.22+504530.4,122.784272,50.758450,0.389000,z_0.3-0.6,normal_agn,0
080427.52+504359.9,121.114701,50.733309,0.569000,z_0.3-0.6,normal_agn,0
084455.11+381237.5,131.229663,38.210438,0.409769,z_0.3-0.6,normal_agn,0
084220.79+333155.6,130.586627,33.532131,0.597310,z_0.3-0.6,normal_agn,0
080742.04+190635.8,121.925181,19.109958,0.515000,z_0.3-0.6,normal_agn,0
075911.77+145704.0,119.799046,14.951127,0.515828,z_0.3-0.6,normal_agn,0
082934.21+392719.1,127.392550,39.455324,0.505992,z_0.3-0.6,normal_agn,0
081210.52+091337.0,123.043871,9.226952,0.336300,z_0.3-0.6,normal_agn,0
084129.98+325744.3,130.374955,32.962313,0.435909,z_0.3-0.6,normal_agn,0
075625.77+395602.5,119.107399,39.934038,0.512000,z_0.3-0.6,normal_agn,0
082608.50+274209.9,126.535447,27.702772,0.419203,z_0.3-0.6,normal_agn,0
082159.81+243003.5,125.499244,24.500981,0.427000,z_0.3-0.6,normal_agn,0
083005.60+531046.5,127.523343,53.179611,0.544402,z_0.3-0.6,normal_agn,0
081536.62+431455.5,123.902593,43.248761,0.548809,z_0.3-0.6,normal_agn,0
083252.05+432306.4,128.216905,43.385122,0.306170,z_0.3-0.6,normal_agn,0
074905.35+241007.1,117.272309,24.168657,0.441667,z_0.3-0.6,normal_agn,0
080048.36+340648.9,120.201508,34.113605,0.545272,z_0.3-0.6,normal_agn,0
080838.84+051439.9,122.161854,5.244426,0.360614,z_0.3-0.6,normal_agn,0
083746.63+432949.0,129.444307,43.496947,0.556000,z_0.3-0.6,normal_agn,0
082321.19+482636.6,125.838309,48.443504,0.502000,z_0.3-0.6,normal_agn,0
083743.44+290809.7,129.431029,29.136044,0.496961,z_0.3-0.6,normal_agn,0
082835.18+420019.2,127.146623,42.005344,0.473245,z_0.3-0.6,normal_agn,0
084209.49+551143.4,130.539577,55.195398,0.432000,z_0.3-0.6,normal_agn,0
083405.42+281606.9,128.522619,28.268599,0.577827,z_0.3-0.6,normal_agn,0
075706.31+401922.8,119.276292,40.323010,0.507953,z_0.3-0.6,normal_agn,0
081305.75+554054.5,123.273984,55.681821,0.452000,z_0.3-0.6,normal_agn,0
084230.51+495802.3,130.627159,49.967327,0.304944,z_0.3-0.6,normal_agn,0
075651.68+312909.1,119.215343,31.485869,0.532000,z_0.3-0.6,normal_agn,0
084433.01+380135.1,131.137564,38.026426,0.343726,z_0.3-0.6,normal_agn,0
082621.52+242817.6,126.589686,24.471556,0.300822,z_0.3-0.6,normal_agn,0
082926.13+573621.4,127.358894,57.605962,0.477103,z_0.3-0.6,normal_agn,0
083131.64+275024.8,127.881872,27.840227,0.545234,z_0.3-0.6,normal_agn,0
083945.50+422154.6,129.939619,42.365188,0.597282,z_0.3-0.6,normal_agn,0
075354.51+452401.0,118.477166,45.400284,0.585737,z_0.3-0.6,normal_agn,0
081330.07+460636.2,123.375297,46.110069,0.512000,z_0.3-0.6,normal_agn,0
081109.38+172928.9,122.789117,17.491363,0.393125,z_0.3-0.6,normal_agn,0
081949.96+505728.5,124.958168,50.957939,0.397647,z_0.3-0.6,normal_agn,0
082053.16+523011.2,125.221501,52.503136,0.576000,z_0.3-0.6,normal_agn,0
075807.01+334955.9,119.529249,33.832204,0.575987,z_0.3-0.6,normal_agn,0
084122.85+254925.0,130.345232,25.823614,0.424451,z_0.3-0.6,normal_agn,0
081347.87+212621.3,123.449465,21.439275,0.577050,z_0.3-0.6,normal_agn,0
084325.94+234803.4,130.858121,23.800952,0.331998,z_0.3-0.6,normal_agn,0
074832.85+415711.1,117.136912,41.953104,0.501000,z_0.3-0.6,normal_agn,0
075407.55+374203.7,118.531493,37.701034,0.502718,z_0.3-0.6,normal_agn,0
084406.85+444721.7,131.028575,44.789378,0.359000,z_0.3-0.6,normal_agn,0
080311.02+293924.0,120.795945,29.656677,0.562000,z_0.3-0.6,normal_agn,0
075153.81+162512.8,117.974242,16.420234,0.533106,z_0.3-0.6,normal_agn,0
080230.06+295555.5,120.625269,29.932095,0.587069,z_0.3-0.6,normal_agn,0
083525.97+435211.2,128.858250,43.869794,0.568000,z_0.3-0.6,normal_agn,0
080956.28+373653.1,122.484522,37.614765,0.423331,z_0.3-0.6,normal_agn,0
084434.97+005517.7,131.145727,0.921608,0.439960,z_0.3-0.6,normal_agn,0
083955.87+581847.8,129.982819,58.313285,0.426300,z_0.3-0.6,normal_agn,0
080045.79+245100.7,120.190813,24.850216,0.383778,z_0.3-0.6,normal_agn,0
074844.81+315309.9,117.186731,31.886105,0.531000,z_0.3-0.6,normal_agn,0
082057.41+400326.7,125.239238,40.057444,0.589469,z_0.3-0.6,normal_agn,0
080153.07+510241.8,120.471151,51.044953,0.501000,z_0.3-0.6,normal_agn,0
084515.98+235514.5,131.316598,23.920721,0.482046,z_0.3-0.6,normal_agn,0
083022.15+065629.0,127.592307,6.941393,0.399374,z_0.3-0.6,normal_agn,0
082509.40+302201.3,126.289186,30.367053,0.511191,z_0.3-0.6,normal_agn,0
080513.09+312716.7,121.304544,31.454664,0.485125,z_0.3-0.6,normal_agn,0
080521.79+412411.7,121.340807,41.403263,0.506546,z_0.3-0.6,normal_agn,0
083705.63+284523.6,129.273473,28.756573,0.512000,z_0.3-0.6,normal_agn,0
080402.65+370324.7,121.011045,37.056862,0.499269,z_0.3-0.6,normal_agn,0
082034.40+485156.5,125.143368,48.865700,0.512000,z_0.3-0.6,normal_agn,0
083109.39+143448.9,127.789145,14.580252,0.565600,z_0.3-0.6,normal_agn,0
083739.46+223211.5,129.414425,22.536553,0.550576,z_0.3-0.6,normal_agn,0
082859.06+544743.5,127.246093,54.795427,0.546000,z_0.3-0.6,normal_agn,0
084142.64+584039.2,130.427691,58.677580,0.596451,z_0.3-0.6,normal_agn,0
081420.85+202531.1,123.586907,20.425313,0.469000,z_0.3-0.6,normal_agn,0
080505.24+221956.9,121.271871,22.332487,0.514000,z_0.3-0.6,normal_agn,0
084311.86+283559.0,130.799444,28.599743,0.490000,z_0.3-0.6,normal_agn,0
083319.98+482926.1,128.333256,48.490602,0.561641,z_0.3-0.6,normal_agn,0
081344.01+171103.2,123.433378,17.184246,0.581897,z_0.3-0.6,normal_agn,0
083114.86+501348.6,127.811940,50.230184,0.400000,z_0.3-0.6,normal_agn,0
075825.12+371825.0,119.604693,37.306954,0.535496,z_0.3-0.6,normal_agn,0
084336.70+240302.8,130.902935,24.050795,0.503087,z_0.3-0.6,normal_agn,0
075845.61+135943.7,119.690074,13.995473,0.552770,z_0.3-0.6,normal_agn,0
081849.68+384624.6,124.707026,38.773504,0.360483,z_0.3-0.6,normal_agn,0
075052.71+465150.3,117.719642,46.863981,0.592499,z_0.3-0.6,normal_agn,0
081502.81+513313.3,123.761710,51.553721,0.512715,z_0.3-0.6,normal_agn,0
083811.19+485506.3,129.546628,48.918418,0.554373,z_0.3-0.6,normal_agn,0
080555.40+324323.5,121.480850,32.723196,0.430000,z_0.3-0.6,normal_agn,0
082707.08+173237.5,126.779526,17.543767,0.599443,z_0.3-0.6,normal_agn,0
080102.99+261725.6,120.262485,26.290445,0.593059,z_0.3-0.6,normal_agn,0
084309.90+444848.3,130.791265,44.813439,0.509000,z_0.3-0.6,normal_agn,0
080934.31+335238.2,122.392970,33.877304,0.449764,z_0.3-0.6,normal_agn,0
082202.36+502503.2,125.509834,50.417582,0.358062,z_0.3-0.6,normal_agn,0
084151.38+562117.5,130.464099,56.354868,0.589000,z_0.3-0.6,normal_agn,0
084433.19+034255.0,131.138298,3.715297,0.341754,z_0.3-0.6,normal_agn,0
081536.58+262644.5,123.902453,26.445720,0.367712,z_0.3-0.6,normal_agn,0
080956.21+255132.7,122.484215,25.859105,0.562452,z_0.3-0.6,normal_agn,0
083857.19+531015.6,129.738332,53.171010,0.589000,z_0.3-0.6,normal_agn,0
084245.80+353248.8,130.690846,35.546893,0.494975,z_0.3-0.6,normal_agn,0
084345.93+200240.9,130.941393,20.044697,0.539338,z_0.3-0.6,normal_agn,0
075431.02+480819.7,118.629253,48.138826,0.587948,z_0.3-0.6,normal_agn,0
082440.61+235709.9,126.169230,23.952754,0.536407,z_0.3-0.6,normal_agn,0
081449.24+384628.4,123.705174,38.774568,0.495000,z_0.3-0.6,normal_agn,0
083431.42+450742.0,128.630950,45.128340,0.467000,z_0.3-0.6,normal_agn,0
084054.26+545416.2,130.226115,54.904521,0.486000,z_0.3-0.6,normal_agn,0
082639.77+595702.4,126.665748,59.950674,0.511400,z_0.3-0.6,normal_agn,0
082051.07+513648.4,125.212792,51.613454,0.595000,z_0.3-0.6,normal_agn,0
083645.15+525719.5,129.188131,52.955418,0.349000,z_0.3-0.6,normal_agn,0
081257.81+522210.1,123.240897,52.369491,0.548545,z_0.3-0.6,normal_agn,0
075841.97+323702.8,119.674880,32.617449,0.557467,z_0.3-0.6,normal_agn,0
084305.31+453230.1,130.772136,45.541717,0.559000,z_0.3-0.6,normal_agn,0
080158.20+475048.4,120.492514,47.846790,0.581288,z_0.3-0.6,normal_agn,0
075210.78+345710.6,118.044951,34.952960,0.405766,z_0.3-0.6,normal_agn,0
081054.73+501319.5,122.728062,50.222101,0.322639,z_0.3-0.6,normal_agn,0
082218.89+493633.9,125.578710,49.609431,0.475000,z_0.3-0.6,normal_agn,0
083456.16+301219.1,128.734019,30.205329,0.505334,z_0.3-0.6,normal_agn,0
080258.58+393113.9,120.744098,39.520553,0.576506,z_0.3-0.6,normal_agn,0
075428.24+393934.4,118.617696,39.659558,0.521437,z_0.3-0.6,normal_agn,0
080547.82+324412.8,121.449283,32.736894,0.459861,z_0.3-0.6,normal_agn,0
084038.10+184522.7,130.158774,18.756329,0.581239,z_0.3-0.6,normal_agn,0
081001.12+205439.2,122.504704,20.910897,0.388918,z_0.3-0.6,normal_agn,0
074916.72+391307.8,117.319703,39.218852,0.464532,z_0.3-0.6,normal_agn,0
080421.92+235528.1,121.091348,23.924478,0.482000,z_0.3-0.6,normal_agn,0
083848.40+404309.0,129.701689,40.719168,0.551126,z_0.3-0.6,normal_agn,0
080653.12+551321.8,121.721369,55.222747,0.554080,z_0.3-0.6,normal_agn,0
082418.50+510835.2,126.077119,51.143134,0.458000,z_0.3-0.6,normal_agn,0
082905.01+571541.6,127.270888,57.261574,0.350500,z_0.3-0.6,normal_agn,0
075513.11+495415.4,118.804645,49.904290,0.496245,z_0.3-0.6,normal_agn,0
082530.81+281012.8,126.378384,28.170234,0.520967,z_0.3-0.6,normal_agn,0
083355.92+371337.6,128.483003,37.227126,0.526567,z_0.3-0.6,normal_agn,0
082432.62+451234.8,126.135934,45.209688,0.567000,z_0.3-0.6,normal_agn,0
082718.94+294204.3,126.828927,29.701196,0.408631,z_0.3-0.6,normal_agn,0
080955.31+540145.7,122.480460,54.029379,0.597000,z_0.3-0.6,normal_agn,0
083227.15+055603.5,128.113127,5.934318,0.345639,z_0.3-0.6,normal_agn,0
081200.26+160951.0,123.001092,16.164170,0.442106,z_0.3-0.6,normal_agn,0
075909.80+485151.8,119.790865,48.864408,0.567507,z_0.3-0.6,normal_agn,0
082851.72+334056.8,127.215500,33.682453,0.442676,z_0.3-0.6,normal_agn,0
082203.36+463015.2,125.514012,46.504246,0.535000,z_0.3-0.6,normal_agn,0
082958.79+513044.5,127.494960,51.512376,0.342442,z_0.3-0.6,normal_agn,0
080314.94+363116.5,120.812256,36.521273,0.414150,z_0.3-0.6,normal_agn,0
084005.89+221236.9,130.024565,22.210272,0.566427,z_0.3-0.6,normal_agn,0
074858.31+332822.5,117.242960,33.472940,0.584000,z_0.3-0.6,normal_agn,0
081831.96+231304.3,124.633185,23.217866,0.312963,z_0.3-0.6,normal_agn,0
080540.16+561530.3,121.417337,56.258438,0.447422,z_0.3-0.6,normal_agn,0
081731.12+233521.4,124.379669,23.589281,0.500470,z_0.3-0.6,normal_agn,0
083026.77+524601.3,127.611575,52.767053,0.546000,z_0.3-0.6,normal_agn,0
081851.85+534745.6,124.716050,53.796022,0.595000,z_0.3-0.6,normal_agn,0
080448.03+103728.0,121.200142,10.624450,0.588900,z_0.3-0.6,normal_agn,0
075429.46+173450.2,118.622786,17.580623,0.572699,z_0.3-0.6,normal_agn,0
081227.88+465152.0,123.116188,46.864465,0.491314,z_0.3-0.6,normal_agn,0
082547.07+181228.6,126.446166,18.207946,0.525161,z_0.3-0.6,normal_agn,0
082403.30+405239.8,126.013777,40.877748,0.596395,z_0.3-0.6,normal_agn,0
082942.10+352833.8,127.425450,35.476070,0.432000,z_0.3-0.6,normal_agn,0
075947.19+494701.6,119.946651,49.783787,0.539347,z_0.3-0.6,normal_agn,0
081841.27+450931.8,124.671988,45.158847,0.414000,z_0.3-0.6,normal_agn,0
083133.68+262757.5,127.890369,26.465985,0.447917,z_0.3-0.6,normal_agn,0
082055.43+354204.0,125.230991,35.701136,0.589000,z_0.3-0.6,normal_agn,0
082235.89+453407.2,125.649556,45.568669,0.466951,z_0.3-0.6,normal_agn,0
080930.91+490842.7,122.378826,49.145200,0.529000,z_0.3-0.6,normal_agn,0
083526.42+465535.5,128.860106,46.926546,0.319957,z_0.3-0.6,normal_agn,0
075601.61+285033.1,119.006744,28.842547,0.421042,z_0.3-0.6,normal_agn,0
083850.97+591605.9,129.712394,59.268328,0.465181,z_0.3-0.6,normal_agn,0
080752.35+223456.8,121.968131,22.582447,0.595651,z_0.3-0.6,normal_agn,0
083525.53+311154.4,128.856384,31.198456,0.413453,z_0.3-0.6,normal_agn,0
082045.81+523607.7,125.190880,52.602159,0.518000,z_0.3-0.6,normal_agn,0
075201.69+103110.7,118.007067,10.519648,0.472000,z_0.3-0.6,normal_agn,0
083647.04+122926.2,129.196020,12.490629,0.544930,z_0.3-0.6,normal_agn,0
080306.75+302411.9,120.778128,30.403322,0.337936,z_0.3-0.6,normal_agn,0
083442.90+244829.4,128.678791,24.808193,0.593000,z_0.3-0.6,normal_agn,0
075546.68+165618.3,118.944518,16.938440,0.349105,z_0.3-0.6,normal_agn,0
082949.99+274023.3,127.458293,27.673149,0.550776,z_0.3-0.6,normal_agn,0
084042.23+440429.2,130.175999,44.074778,0.498302,z_0.3-0.6,normal_agn,0
080413.77+204153.8,121.057403,20.698291,0.434076,z_0.3-0.6,normal_agn,0
081507.92+543407.8,123.783001,54.568856,0.427000,z_0.3-0.6,normal_agn,0
080931.70+322014.1,122.382114,32.337259,0.390450,z_0.3-0.6,normal_agn,0
081747.77+090037.9,124.449049,9.010548,0.536200,z_0.3-0.6,normal_agn,0
083258.34+323003.3,128.243120,32.500933,0.397082,z_0.3-0.6,normal_agn,0
081853.40+384803.4,124.722519,38.800970,0.502233,z_0.3-0.6,normal_agn,0
081221.94+330451.5,123.091456,33.080993,0.577000,z_0.3-0.6,normal_agn,0
075925.89+455633.3,119.857891,45.942590,0.514000,z_0.3-0.6,normal_agn,0
081419.57+214225.5,123.581580,21.707092,0.408000,z_0.3-0.6,normal_agn,0
075407.71+161559.9,118.532147,16.266666,0.451863,z_0.3-0.6,normal_agn,0
081537.33+472223.4,123.905578,47.373194,0.552152,z_0.3-0.6,normal_agn,0
080550.32+353304.6,121.459707,35.551279,0.518270,z_0.3-0.6,normal_agn,0
075248.79+470520.7,118.203304,47.089107,0.358670,z_0.3-0.6,normal_agn,0
083959.19+215837.2,129.996664,21.977004,0.507800,z_0.3-0.6,normal_agn,0
080449.13+453547.0,121.204726,45.596391,0.428000,z_0.3-0.6,normal_agn,0
082016.60+363049.6,125.069190,36.513795,0.335633,z_0.3-0.6,normal_agn,0
075401.60+393231.5,118.506675,39.542090,0.567400,z_0.3-0.6,normal_agn,0
081346.22+493552.2,123.442591,49.597854,0.563000,z_0.3-0.6,normal_agn,0
080646.01+310034.2,121.691727,31.009516,0.417592,z_0.3-0.6,normal_agn,0
082240.31+295905.5,125.667980,29.984881,0.586775,z_0.3-0.6,normal_agn,0
075528.86+124636.2,118.870267,12.776747,0.419497,z_0.3-0.6,normal_agn,0
083733.44+352132.5,129.389339,35.359028,0.594166,z_0.3-0.6,normal_agn,0
082030.46+345956.4,125.126925,34.999010,0.582268,z_0.3-0.6,normal_agn,0
075804.69+324858.8,119.519580,32.816344,0.560000,z_0.3-0.6,normal_agn,0
080024.38+374552.8,120.101594,37.764688,0.573680,z_0.3-0.6,normal_agn,0
082250.68+134221.6,125.711200,13.706020,0.438800,z_0.3-0.6,normal_agn,0
080229.00+235554.9,120.620867,23.931919,0.580909,z_0.3-0.6,normal_agn,0
082513.08+320445.6,126.304530,32.079348,0.467900,z_0.3-0.6,normal_agn,0
084405.89+421216.4,131.024542,42.204565,0.502155,z_0.3-0.6,normal_agn,0
082305.52+420830.0,125.773005,42.141687,0.532552,z_0.3-0.6,normal_agn,0
083416.22+531841.8,128.567607,53.311637,0.369000,z_0.3-0.6,normal_agn,0
083655.57+460543.5,129.231558,46.095425,0.592000,z_0.3-0.6,normal_agn,0
083034.62+295019.7,127.644276,29.838810,0.496001,z_0.3-0.6,normal_agn,0
080117.15+500643.0,120.321483,50.111948,0.525884,z_0.3-0.6,normal_agn,0
075638.07+374831.8,119.158633,37.808835,0.468422,z_0.3-0.6,normal_agn,0
080045.57+241134.2,120.189884,24.192851,0.581476,z_0.3-0.6,normal_agn,0
082154.37+001046.4,125.476558,0.179558,0.436243,z_0.3-0.6,normal_agn,0
083050.13+154355.9,127.708880,15.732221,0.361900,z_0.3-0.6,normal_agn,0
081058.81+481845.9,122.745081,48.312777,0.523996,z_0.3-0.6,normal_agn,0
083013.44+520541.7,127.556039,52.094939,0.302646,z_0.3-0.6,normal_agn,0
075213.25+260827.8,118.055221,26.141078,0.571160,z_0.3-0.6,normal_agn,0
084340.96+453713.8,130.920704,45.620523,0.578000,z_0.3-0.6,normal_agn,0
075824.00+323309.2,119.600035,32.552559,0.423907,z_0.3-0.6,normal_agn,0
082756.95+114431.3,126.987330,11.742049,0.420200,z_0.3-0.6,normal_agn,0
081110.13+211337.9,122.792243,21.227212,0.523138,z_0.3-0.6,normal_agn,0
080315.25+223953.2,120.813555,22.664792,0.520871,z_0.3-0.6,normal_agn,0
083503.17+482850.2,128.763227,48.480615,0.593707,z_0.3-0.6,normal_agn,0
083915.07+130443.4,129.812802,13.078742,0.308429,z_0.3-0.6,normal_agn,0
080944.09+271921.9,122.433714,27.322757,0.544106,z_0.3-0.6,normal_agn,0
081949.96+243226.1,124.958202,24.540597,0.480025,z_0.3-0.6,normal_agn,0
083113.57+264610.7,127.806550,26.769663,0.391000,z_0.3-0.6,normal_agn,0
081035.84+512203.8,122.649333,51.367727,0.469000,z_0.3-0.6,normal_agn,0
083032.82+102231.6,127.636756,10.375452,0.563000,z_0.3-0.6,normal_agn,0
075549.56+321704.1,118.956511,32.284477,0.420837,z_0.3-0.6,normal_agn,0
082735.45+033824.5,126.897749,3.640155,0.514283,z_0.3-0.6,normal_agn,0
075906.24+502352.3,119.776027,50.397874,0.550000,z_0.3-0.6,normal_agn,0
084449.67+153007.2,131.206989,15.502010,0.563630,z_0.3-0.6,normal_agn,0
084110.88+022952.1,130.295340,2.497815,0.332209,z_0.3-0.6,normal_agn,0
080709.92+205901.7,121.791361,20.983821,0.314970,z_0.3-0.6,normal_agn,0
080735.48+463104.0,121.897855,46.517794,0.526000,z_0.3-0.6,normal_agn,0
082200.71+584703.3,125.502998,58.784259,0.594000,z_0.3-0.6,normal_agn,0
075654.88+345134.7,119.228683,34.859651,0.494149,z_0.3-0.6,normal_agn,0
084459.07+435833.3,131.246138,43.975919,0.456202,z_0.3-0.6,normal_agn,0
081838.88+431755.7,124.662039,43.298811,0.544721,z_0.3-0.6,normal_agn,0
080510.74+063756.0,121.294766,6.632246,0.520000,z_0.3-0.6,normal_agn,0
082140.74+371518.7,125.419758,37.255211,0.314893,z_0.3-0.6,normal_agn,0
081918.65+483554.6,124.827731,48.598521,0.495000,z_0.3-0.6,normal_agn,0
075241.33+301952.2,118.172229,30.331176,0.461042,z_0.3-0.6,normal_agn,0
081253.41+470916.9,123.222572,47.154699,0.351987,z_0.3-0.6,normal_agn,0
080949.19+481112.8,122.454988,48.186914,0.435000,z_0.3-0.6,normal_agn,0
083405.40+424238.5,128.522513,42.710699,0.524213,z_0.3-0.6,normal_agn,0
075937.44+330134.0,119.906034,33.026126,0.420570,z_0.3-0.6,normal_agn,0
082227.09+204010.5,125.612905,20.669591,0.439526,z_0.3-0.6,normal_agn,0
084326.10+033628.8,130.858751,3.608018,0.426335,z_0.3-0.6,normal_agn,0
081601.94+240925.8,124.008118,24.157181,0.553211,z_0.3-0.6,normal_agn,0
084434.80+435355.3,131.145002,43.898711,0.506000,z_0.3-0.6,normal_agn,0
083528.43+384712.5,128.868465,38.786830,0.405703,z_0.3-0.6,normal_agn,0
084419.29+503152.1,131.080399,50.531165,0.323566,z_0.3-0.6,normal_agn,0
083137.40+414853.2,127.905859,41.814782,0.557355,z_0.3-0.6,normal_agn,0
084353.78+243102.9,130.974088,24.517492,0.372587,z_0.3-0.6,normal_agn,0
083348.32+512221.5,128.451365,51.372654,0.454886,z_0.3-0.6,normal_agn,0
080224.26+492737.2,120.601105,49.460356,0.588718,z_0.3-0.6,normal_agn,0
084148.66+252232.6,130.452760,25.375731,0.329146,z_0.3-0.6,normal_agn,0
083828.17+504152.3,129.617400,50.697863,0.374000,z_0.3-0.6,normal_agn,0
082908.17+314404.5,127.284072,31.734590,0.557904,z_0.3-0.6,normal_agn,0
081107.57+342940.8,122.781558,34.494693,0.399841,z_0.3-0.6,normal_agn,0
080459.95+272248.7,121.249803,27.380199,0.579125,z_0.3-0.6,normal_agn,0
080251.63+292851.1,120.715145,29.480876,0.572374,z_0.3-0.6,normal_agn,0
084453.56+425744.8,131.223189,42.962457,0.345000,z_0.3-0.6,normal_agn,0
080141.10+312153.0,120.421273,31.364747,0.477574,z_0.3-0.6,normal_agn,0
084511.39+275431.8,131.297491,27.908858,0.580738,z_0.3-0.6,normal_agn,0
080341.26+531815.2,120.921949,53.304243,0.594000,z_0.3-0.6,normal_agn,0
080306.55+273927.7,120.777316,27.657696,0.579867,z_0.3-0.6,normal_agn,0
083220.90+080414.9,128.087111,8.070815,0.553564,z_0.3-0.6,normal_agn,0
081126.62+313300.4,122.860954,31.550135,0.594000,z_0.3-0.6,normal_agn,0
075922.94+105326.0,119.845614,10.890560,0.534500,z_0.3-0.6,normal_agn,0
083010.75+422238.5,127.544799,42.377388,0.559726,z_0.3-0.6,normal_agn,0
081527.06+335536.8,123.862790,33.926897,0.429652,z_0.3-0.6,normal_agn,0
081259.70+145013.3,123.248765,14.837032,0.415025,z_0.3-0.6,normal_agn,0
075546.20+541245.4,118.942507,54.212629,0.540883,z_0.3-0.6,normal_agn,0
082811.55+123359.3,127.048156,12.566473,0.362100,z_0.3-0.6,normal_agn,0
080149.35+420740.2,120.455658,42.127837,0.495908,z_0.3-0.6,normal_agn,0
075746.05+150419.3,119.441882,15.072050,0.484113,z_0.3-0.6,normal_agn,0
081411.47+541838.1,123.547828,54.310611,0.429110,z_0.3-0.6,normal_agn,0
083643.57+072905.7,129.181566,7.484926,0.580425,z_0.3-0.6,normal_agn,0
080549.11+532228.7,121.454654,53.374659,0.485000,z_0.3-0.6,normal_agn,0
084152.31+465037.5,130.467975,46.843770,0.599000,z_0.3-0.6,normal_agn,0
075350.42+533858.4,118.460113,53.649579,0.589651,z_0.3-0.6,normal_agn,0
075045.00+212546.3,117.687508,21.429536,0.408451,z_0.3-0.6,normal_agn,0
080953.24+544617.3,122.471875,54.771493,0.350000,z_0.3-0.6,normal_agn,0
081459.31+540740.5,123.747152,54.127937,0.582891,z_0.3-0.6,normal_agn,0
082609.35+481355.4,126.538975,48.232075,0.593000,z_0.3-0.6,normal_agn,0
080038.22+212613.5,120.159252,21.437094,0.599000,z_0.3-0.6,normal_agn,0
082146.37+325348.9,125.443231,32.896922,0.461401,z_0.3-0.6,normal_agn,0
083819.35+571348.0,129.580666,57.230022,0.397696,z_0.3-0.6,normal_agn,0
081955.08+441209.8,124.979528,44.202745,0.595000,z_0.3-0.6,normal_agn,0
075954.27+290955.8,119.976151,29.165511,0.473580,z_0.3-0.6,normal_agn,0
081034.90+560503.1,122.645417,56.084195,0.489000,z_0.3-0.6,normal_agn,0
081622.78+322413.2,124.094946,32.403684,0.348650,z_0.3-0.6,normal_agn,0
084020.84+522624.4,130.086850,52.440117,0.488000,z_0.3-0.6,normal_agn,0
080919.63+244607.6,122.331812,24.768799,0.424624,z_0.3-0.6,normal_agn,0
081920.74+220801.6,124.836457,22.133793,0.342180,z_0.3-0.6,normal_agn,0
083120.98+483154.4,127.837429,48.531793,0.334737,z_0.3-0.6,normal_agn,0
084010.96+291116.6,130.045691,29.187965,0.598790,z_0.3-0.6,normal_agn,0
083401.65+502837.4,128.506902,50.477077,0.464116,z_0.3-0.6,normal_agn,0
083353.17+393101.5,128.471558,39.517100,0.539000,z_0.3-0.6,normal_agn,0
080643.28+081449.2,121.680364,8.247025,0.360600,z_0.3-0.6,normal_agn,0
081239.75+543703.1,123.165641,54.617538,0.579000,z_0.3-0.6,normal_agn,0
075336.71+283354.0,118.402999,28.565027,0.587160,z_0.3-0.6,normal_agn,0
083129.51+390149.5,127.872981,39.030428,0.543957,z_0.3-0.6,normal_agn,0
075433.59+401209.2,118.639979,40.202564,0.518883,z_0.3-0.6,normal_agn,0
082526.42+274205.7,126.360111,27.701600,0.340195,z_0.3-0.6,normal_agn,0
084249.55+271200.1,130.706495,27.200045,0.522000,z_0.3-0.6,normal_agn,0
075727.07+360933.6,119.362807,36.159341,0.478595,z_0.3-0.6,normal_agn,0
080149.66+132616.7,120.456957,13.437995,0.529446,z_0.3-0.6,normal_agn,0
082953.08+394854.6,127.471201,39.815174,0.526920,z_0.3-0.6,normal_agn,0
083054.40+040708.3,127.726707,4.118994,0.444714,z_0.3-0.6,normal_agn,0
080805.47+141946.2,122.022815,14.329527,0.324109,z_0.3-0.6,normal_agn,0
081052.32+510631.7,122.718002,51.108817,0.440960,z_0.3-0.6,normal_agn,0
081318.16+265412.5,123.325683,26.903492,0.349953,z_0.3-0.6,normal_agn,0
082039.64+465350.7,125.165203,46.897434,0.414000,z_0.3-0.6,normal_agn,0
082827.24+265510.2,127.113522,26.919519,0.350016,z_0.3-0.6,normal_agn,0
081509.66+540833.1,123.790277,54.142538,0.451541,z_0.3-0.6,normal_agn,0
080042.22+374617.5,120.175952,37.771551,0.494000,z_0.3-0.6,normal_agn,0
084427.42+531858.7,131.114283,53.316324,0.598000,z_0.3-0.6,normal_agn,0
080504.05+120540.3,121.266900,12.094530,0.320590,z_0.3-0.6,normal_agn,0
075121.58+235149.0,117.839958,23.863627,0.399324,z_0.3-0.6,normal_agn,0
075612.45+222011.4,119.051886,22.336507,0.578481,z_0.3-0.6,normal_agn,0
080928.51+202805.0,122.368806,20.468077,0.316000,z_0.3-0.6,normal_agn,0
084514.85+290531.5,131.311892,29.092097,0.436191,z_0.3-0.6,normal_agn,0
082445.62+034905.2,126.190116,3.818122,0.347438,z_0.3-0.6,normal_agn,0
075613.31+275629.3,119.055462,27.941477,0.364765,z_0.3-0.6,normal_agn,0
082008.48+420126.9,125.035339,42.024140,0.595000,z_0.3-0.6,normal_agn,0
074930.53+231810.7,117.377238,23.302996,0.553750,z_0.3-0.6,normal_agn,0
083331.02+281430.9,128.379250,28.241940,0.489348,z_0.3-0.6,normal_agn,0
081931.20+334837.5,124.880031,33.810437,0.402546,z_0.3-0.6,normal_agn,0
083132.02+312930.9,127.883456,31.491938,0.343540,z_0.3-0.6,normal_agn,0
083446.95+371656.0,128.695653,37.282249,0.574100,z_0.3-0.6,normal_agn,0
083220.55+122014.0,128.085652,12.337239,0.523000,z_0.3-0.6,normal_agn,0
083336.34+432033.9,128.401440,43.342771,0.549718,z_0.3-0.6,normal_agn,0
080717.57+251758.7,121.823231,25.299644,0.383442,z_0.3-0.6,normal_agn,0
080842.19+283201.6,122.175825,28.533791,0.522465,z_0.3-0.6,normal_agn,0
082750.29+444847.6,126.959573,44.813230,0.530070,z_0.3-0.6,normal_agn,0
082820.91+555702.3,127.087126,55.950640,0.549000,z_0.3-0.6,normal_agn,0
082317.92+230126.3,125.824682,23.023977,0.421782,z_0.3-0.6,normal_agn,0
084256.29+531342.2,130.734546,53.228404,0.470504,z_0.3-0.6,normal_agn,0
082527.50+202543.4,126.364623,20.428731,0.337000,z_0.3-0.6,normal_agn,0
082417.77+361953.1,126.074044,36.331418,0.564238,z_0.3-0.6,normal_agn,0
084310.09+503848.7,130.792078,50.646881,0.339662,z_0.3-0.6,normal_agn,0
082048.74+264514.3,125.203115,26.753976,0.338086,z_0.3-0.6,normal_agn,0
083215.11+425615.0,128.062973,42.937512,0.391644,z_0.3-0.6,normal_agn,0
080928.85+393056.1,122.370228,39.515598,0.496365,z_0.3-0.6,normal_agn,0
083029.76+454422.3,127.624014,45.739533,0.498783,z_0.3-0.6,normal_agn,0
080401.00+471731.5,121.004201,47.292110,0.494657,z_0.3-0.6,normal_agn,0
082731.62+171117.8,126.881753,17.188300,0.497000,z_0.3-0.6,normal_agn,0
084307.78+383335.0,130.782440,38.559725,0.438672,z_0.3-0.6,normal_agn,0
075053.50+473344.9,117.722938,47.562492,0.339033,z_0.3-0.6,normal_agn,0
084446.83+561017.3,131.195157,56.171480,0.374000,z_0.3-0.6,normal_agn,0
075043.40+311109.2,117.680842,31.185895,0.359090,z_0.3-0.6,normal_agn,0
083418.39+414704.2,128.576637,41.784519,0.334325,z_0.3-0.6,normal_agn,0
074957.71+445332.8,117.490487,44.892447,0.595000,z_0.3-0.6,normal_agn,0
083512.97+451520.1,128.804083,45.255606,0.377000,z_0.3-0.6,normal_agn,0
083152.84+283809.0,127.970186,28.635841,0.517924,z_0.3-0.6,normal_agn,0
081507.45+574110.0,123.781076,57.686126,0.452000,z_0.3-0.6,normal_agn,0
083337.11+500702.7,128.404655,50.117425,0.575000,z_0.3-0.6,normal_agn,0
083952.12+522955.4,129.967171,52.498723,0.352906,z_0.3-0.6,normal_agn,0
084354.77+492100.9,130.978239,49.350266,0.389000,z_0.3-0.6,normal_agn,0
081305.23+204721.7,123.271798,20.789365,0.489974,z_0.3-0.6,normal_agn,0
075942.88+293006.7,119.928683,29.501885,0.561067,z_0.3-0.6,normal_agn,0
075340.01+484431.2,118.416744,48.742006,0.414739,z_0.3-0.6,normal_agn,0
080211.04+225131.1,120.546013,22.858665,0.578548,z_0.3-0.6,normal_agn,0
084425.32+465038.1,131.105539,46.843920,0.517000,z_0.3-0.6,normal_agn,0
075935.65+402932.0,119.898575,40.492224,0.380000,z_0.3-0.6,normal_agn,0
081505.66+494602.5,123.773588,49.767378,0.537581,z_0.3-0.6,normal_agn,0
082409.18+523705.5,126.038266,52.618209,0.531000,z_0.3-0.6,normal_agn,0
082249.25+362947.7,125.705240,36.496601,0.492647,z_0.3-0.6,normal_agn,0
075945.54+224114.2,119.939785,22.687305,0.556970,z_0.3-0.6,normal_agn,0
083349.39+241312.4,128.455799,24.220118,0.383218,z_0.3-0.6,normal_agn,0
084328.42+551620.5,130.868444,55.272376,0.526491,z_0.3-0.6,normal_agn,0
083152.12+144938.0,127.967183,14.827228,0.402341,z_0.3-0.6,normal_agn,0
082659.71+274103.0,126.748801,27.684174,0.411181,z_0.3-0.6,normal_agn,0
081906.65+205546.2,124.777731,20.929500,0.319000,z_0.3-0.6,normal_agn,0
083132.59+521142.6,127.885804,52.195182,0.394734,z_0.3-0.6,normal_agn,0
080101.40+413201.3,120.255843,41.533712,0.586000,z_0.3-0.6,normal_agn,0
082053.76+513539.1,125.224009,51.594221,0.408070,z_0.3-0.6,normal_agn,0
075607.28+304614.7,119.030345,30.770766,0.354480,z_0.3-0.6,normal_agn,0
082953.91+371830.4,127.474627,37.308448,0.389858,z_0.3-0.6,normal_agn,0
080014.85+264406.6,120.061885,26.735170,0.483838,z_0.3-0.6,normal_agn,0
083550.36+361549.8,128.959871,36.263834,0.405156,z_0.3-0.6,normal_agn,0
083718.57+290558.4,129.327410,29.099558,0.576861,z_0.3-0.6,normal_agn,0
080954.83+245644.2,122.478484,24.945613,0.459785,z_0.3-0.6,normal_agn,0
084146.19+503600.8,130.442488,50.600229,0.555000,z_0.3-0.6,normal_agn,0
075402.14+172932.2,118.508926,17.492285,0.406033,z_0.3-0.6,normal_agn,0
080424.27+441722.7,121.101131,44.289662,0.359668,z_0.3-0.6,normal_agn,0
084508.76+460352.1,131.286539,46.064486,0.593000,z_0.3-0.6,normal_agn,0
083756.70+193055.9,129.486254,19.515539,0.462662,z_0.3-0.6,normal_agn,0
081902.68+124420.5,124.761199,12.739036,0.543600,z_0.3-0.6,normal_agn,0
082026.10+480921.7,125.108786,48.156040,0.349011,z_0.3-0.6,normal_agn,0
083545.35+563230.0,128.938999,56.541680,0.567000,z_0.3-0.6,normal_agn,0
081958.99+210652.3,124.995801,21.114549,0.555000,z_0.3-0.6,normal_agn,0
084418.46+573510.7,131.076924,57.586311,0.431000,z_0.3-0.6,normal_agn,0
080302.80+211510.1,120.761670,21.252822,0.350388,z_0.3-0.6,normal_agn,0
084141.83+234856.8,130.424311,23.815788,0.423566,z_0.3-0.6,normal_agn,0
075415.86+355724.5,118.566087,35.956816,0.351103,z_0.3-0.6,normal_agn,0
081338.94+551622.2,123.412269,55.272857,0.532000,z_0.3-0.6,normal_agn,0
082758.52+233302.9,126.993867,23.550808,0.302139,z_0.3-0.6,normal_agn,0
081611.71+240906.7,124.048800,24.151876,0.514736,z_0.3-0.6,normal_agn,0
081636.15+560859.6,124.150655,56.149891,0.493063,z_0.3-0.6,normal_agn,0
075659.43+240846.0,119.247654,24.146113,0.376400,z_0.3-0.6,normal_agn,0
081055.86+481534.2,122.732784,48.259520,0.525000,z_0.3-0.6,normal_agn,0
074956.77+464137.0,117.486579,46.693621,0.582283,z_0.3-0.6,normal_agn,0
080503.81+370109.7,121.265889,37.019384,0.549114,z_0.3-0.6,normal_agn,0
083320.66+463658.0,128.336108,46.616127,0.486000,z_0.3-0.6,normal_agn,0
084425.34+254443.4,131.105584,25.745391,0.556627,z_0.3-0.6,normal_agn,0
083158.49+503444.1,127.993736,50.578933,0.530979,z_0.3-0.6,normal_agn,0
081028.65+374629.1,122.619384,37.774751,0.589000,z_0.3-0.6,normal_agn,0
083832.41+514720.2,129.635081,51.788964,0.516731,z_0.3-0.6,normal_agn,0
080545.17+451230.3,121.438229,45.208428,0.591000,z_0.3-0.6,normal_agn,0
081855.93+312712.3,124.733075,31.453417,0.357638,z_0.3-0.6,normal_agn,0
080232.96+280444.9,120.637367,28.079158,0.536375,z_0.3-0.6,normal_agn,0
084035.02+352818.6,130.145918,35.471854,0.418357,z_0.3-0.6,normal_agn,0
082703.27+520453.1,126.763664,52.081418,0.543000,z_0.3-0.6,normal_agn,0
080929.26+460257.1,122.371928,46.049215,0.521000,z_0.3-0.6,normal_agn,0
081242.67+375042.4,123.177818,37.845119,0.535741,z_0.3-0.6,normal_agn,0
081515.35+242441.0,123.813969,24.411393,0.552429,z_0.3-0.6,normal_agn,0
082041.86+170031.9,125.174444,17.008868,0.432001,z_0.3-0.6,normal_agn,0
084031.26+355230.4,130.130253,35.875134,0.597000,z_0.3-0.6,normal_agn,0
080456.48+370556.9,121.235363,37.099153,0.466353,z_0.3-0.6,normal_agn,0
084022.13+292210.6,130.092209,29.369635,0.513112,z_0.3-0.6,normal_agn,0
075108.58+435311.7,117.785771,43.886588,0.505595,z_0.3-0.6,normal_agn,0
080524.08+374728.4,121.350357,37.791244,0.386615,z_0.3-0.6,normal_agn,0
083325.69+391204.7,128.357057,39.201306,0.322641,z_0.3-0.6,normal_agn,0
083823.80+443116.6,129.599206,44.521294,0.509000,z_0.3-0.6,normal_agn,0
083925.42+503819.8,129.855919,50.638855,0.440954,z_0.3-0.6,normal_agn,0
080628.65+550003.1,121.619380,55.000879,0.579380,z_0.3-0.6,normal_agn,0
083403.68+450245.0,128.515335,45.045838,0.422000,z_0.3-0.6,normal_agn,0
082549.51+064304.1,126.456320,6.717824,0.459703,z_0.3-0.6,normal_agn,0
084157.70+564554.1,130.490457,56.765042,0.581000,z_0.3-0.6,normal_agn,0
082228.88+264453.8,125.620358,26.748282,0.361473,z_0.3-0.6,normal_agn,0
083614.11+444036.8,129.058820,44.676893,0.472000,z_0.3-0.6,normal_agn,0
081358.40+235500.5,123.493348,23.916808,0.450229,z_0.3-0.6,normal_agn,0
084306.20+463539.5,130.775865,46.594309,0.502000,z_0.3-0.6,normal_agn,0
081829.35+240846.9,124.622293,24.146365,0.311388,z_0.3-0.6,normal_agn,0
080832.67+260130.3,122.136127,26.025087,0.459000,z_0.3-0.6,normal_agn,0
074846.85+232308.1,117.195216,23.385606,0.479374,z_0.3-0.6,normal_agn,0
081013.71+522308.2,122.557164,52.385624,0.463000,z_0.3-0.6,normal_agn,0
075720.40+461113.5,119.335031,46.187092,0.458465,z_0.3-0.6,normal_agn,0
080719.25+211844.3,121.830231,21.312317,0.357000,z_0.3-0.6,normal_agn,0
082924.70+463245.8,127.352933,46.546063,0.557000,z_0.3-0.6,normal_agn,0
083146.21+605214.8,127.942577,60.870789,0.386900,z_0.3-0.6,normal_agn,0
081258.40+405515.0,123.243355,40.920849,0.543264,z_0.3-0.6,normal_agn,0
075114.94+413047.4,117.812291,41.513168,0.451700,z_0.3-0.6,normal_agn,0
083144.60+191544.5,127.935850,19.262377,0.558303,z_0.3-0.6,normal_agn,0
081510.31+403750.5,123.792994,40.630707,0.589564,z_0.3-0.6,normal_agn,0
083313.88+503507.7,128.307864,50.585473,0.574727,z_0.3-0.6,normal_agn,0
082229.61+382656.4,125.623376,38.449017,0.498340,z_0.3-0.6,normal_agn,0
082145.12+372832.1,125.438009,37.475589,0.506591,z_0.3-0.6,normal_agn,0
074836.38+395234.6,117.151598,39.876296,0.392123,z_0.3-0.6,normal_agn,0
081138.22+243157.9,122.909259,24.532756,0.436356,z_0.3-0.6,normal_agn,0
081038.68+501001.3,122.661194,50.167036,0.577566,z_0.3-0.6,normal_agn,0
080623.43+225736.1,121.597655,22.960029,0.428307,z_0.3-0.6,normal_agn,0
082306.13+293756.1,125.775548,29.632258,0.446018,z_0.3-0.6,normal_agn,0
083014.16+365838.1,127.559015,36.977271,0.538000,z_0.3-0.6,normal_agn,0
080327.64+123005.7,120.865203,12.501591,0.588000,z_0.3-0.6,normal_agn,0
074928.71+403206.0,117.369653,40.535004,0.488005,z_0.3-0.6,normal_agn,0
080746.97+052428.1,121.945719,5.407809,0.430461,z_0.3-0.6,normal_agn,0
081506.35+284921.4,123.776496,28.822627,0.500055,z_0.3-0.6,normal_agn,0
084037.92+154405.9,130.158008,15.734988,0.387151,z_0.3-0.6,normal_agn,0
082049.65+560659.0,125.206904,56.116408,0.598000,z_0.3-0.6,normal_agn,0
075043.99+230138.2,117.683315,23.027283,0.401397,z_0.3-0.6,normal_agn,0
081124.94+235046.5,122.853930,23.846275,0.599359,z_0.3-0.6,normal_agn,0
084354.43+271816.7,130.976822,27.304667,0.462915,z_0.3-0.6,normal_agn,0
082033.44+292907.4,125.139369,29.485399,0.552254,z_0.3-0.6,normal_agn,0
082100.05+212825.5,125.250232,21.473771,0.591329,z_0.3-0.6,normal_agn,0
081315.93+564412.5,123.316404,56.736817,0.480000,z_0.3-0.6,normal_agn,0
080103.39+495457.4,120.264149,49.915972,0.352804,z_0.3-0.6,normal_agn,0
080335.39+525830.0,120.897488,52.975005,0.564000,z_0.3-0.6,normal_agn,0
083535.46+374656.2,128.897783,37.782284,0.318844,z_0.3-0.6,normal_agn,0
080528.16+402520.6,121.367374,40.422402,0.533778,z_0.3-0.6,normal_agn,0
084408.47+275203.2,131.035316,27.867557,0.463000,z_0.3-0.6,normal_agn,0
080821.55+055834.9,122.089829,5.976362,0.341000,z_0.3-0.6,normal_agn,0
082838.04+313424.3,127.158534,31.573422,0.429650,z_0.3-0.6,normal_agn,0
081137.65+515523.0,122.906901,51.923069,0.491000,z_0.3-0.6,normal_agn,0
080443.82+431348.2,121.182585,43.230080,0.573461,z_0.3-0.6,normal_agn,0
082422.59+235642.8,126.094131,23.945224,0.344637,z_0.3-0.6,normal_agn,0
080529.65+412046.9,121.373546,41.346379,0.499000,z_0.3-0.6,normal_agn,0
082549.29+565100.9,126.455389,56.850272,0.415550,z_0.3-0.6,normal_agn,0
075151.71+470342.5,117.965478,47.061815,0.583000,z_0.3-0.6,normal_agn,0
080241.97+143147.9,120.674882,14.529987,0.469824,z_0.3-0.6,normal_agn,0
084418.71+303804.2,131.077969,30.634513,0.363534,z_0.3-0.6,normal_agn,0
080719.99+534218.2,121.833322,53.705072,0.591366,z_0.3-0.6,normal_agn,0
075958.45+241750.0,119.993543,24.297237,0.380714,z_0.3-0.6,normal_agn,0
080123.67+254348.5,120.348630,25.730163,0.526644,z_0.3-0.6,normal_agn,0
081635.52+334748.6,124.148027,33.796854,0.510000,z_0.3-0.6,normal_agn,0
083147.27+370654.4,127.946965,37.115131,0.497703,z_0.3-0.6,normal_agn,0
082932.70+571804.4,127.386289,57.301235,0.461100,z_0.3-0.6,normal_agn,0
080755.86+505040.1,121.982754,50.844480,0.539193,z_0.3-0.6,normal_agn,0
083730.61+231214.5,129.377544,23.204048,0.513000,z_0.3-0.6,normal_agn,0
080611.88+460107.5,121.549504,46.018763,0.415000,z_0.3-0.6,normal_agn,0
083431.37+582425.7,128.630748,58.407153,0.514000,z_0.3-0.6,normal_agn,0
082917.44+513743.7,127.322669,51.628821,0.464910,z_0.3-0.6,normal_agn,0
081825.32+252731.1,124.605528,25.458648,0.598551,z_0.3-0.6,normal_agn,0
082718.24+215906.7,126.826024,21.985196,0.530510,z_0.3-0.6,normal_agn,0
084147.47+432135.9,130.447831,43.359998,0.512000,z_0.3-0.6,normal_agn,0
075310.15+345447.5,118.292321,34.913207,0.515000,z_0.3-0.6,normal_agn,0
081018.51+210120.7,122.577129,21.022425,0.524942,z_0.3-0.6,normal_agn,0
080212.75+344149.2,120.553138,34.697001,0.565000,z_0.3-0.6,normal_agn,0
083511.40+155002.5,128.797535,15.834045,0.565000,z_0.3-0.6,normal_agn,0
083438.53+380649.1,128.660579,38.113645,0.470000,z_0.3-0.6,normal_agn,0
083440.36+160507.5,128.668195,16.085443,0.572425,z_0.3-0.6,normal_agn,0
080514.98+484654.8,121.312421,48.781900,0.353264,z_0.3-0.6,normal_agn,0
081751.61+373815.1,124.465044,37.637528,0.528634,z_0.3-0.6,normal_agn,0
082024.21+233450.4,125.100913,23.580691,0.470563,z_0.3-0.6,normal_agn,0
084512.40+365231.1,131.301707,36.875319,0.597965,z_0.3-0.6,normal_agn,0
082733.02+270557.7,126.887590,27.099374,0.463023,z_0.3-0.6,normal_agn,0
080837.30+303517.6,122.155453,30.588222,0.394136,z_0.3-0.6,normal_agn,0
081208.43+480855.8,123.035144,48.148851,0.580000,z_0.3-0.6,normal_agn,0
082952.68+525648.8,127.469540,52.946889,0.542739,z_0.3-0.6,normal_agn,0
081625.05+231323.2,124.104411,23.223138,0.551688,z_0.3-0.6,normal_agn,0
084143.09+281955.6,130.429551,28.332136,0.474423,z_0.3-0.6,normal_agn,0
074834.21+175847.4,117.142551,17.979838,0.517184,z_0.3-0.6,normal_agn,0
083025.60+490628.6,127.606680,49.107955,0.564000,z_0.3-0.6,normal_agn,0
081415.70+483955.7,123.565442,48.665493,0.535000,z_0.3-0.6,normal_agn,0
080821.63+520303.1,122.090127,52.050869,0.447000,z_0.3-0.6,normal_agn,0
075220.20+292124.3,118.084205,29.356767,0.403692,z_0.3-0.6,normal_agn,0
081751.40+532628.8,124.464195,53.441342,0.504000,z_0.3-0.6,normal_agn,0
081847.47+423809.7,124.697793,42.636042,0.527667,z_0.3-0.6,normal_agn,0
084325.74+365340.5,130.857258,36.894602,0.338279,z_0.3-0.6,normal_agn,0
080256.36+382423.4,120.734852,38.406524,0.531533,z_0.3-0.6,normal_agn,0
083039.32+514526.3,127.663837,51.757306,0.457527,z_0.3-0.6,normal_agn,0
081509.42+372214.7,123.789274,37.370767,0.499162,z_0.3-0.6,normal_agn,0
081403.21+433647.0,123.513406,43.613076,0.439824,z_0.3-0.6,normal_agn,0
075111.59+161500.4,117.798313,16.250113,0.482690,z_0.3-0.6,normal_agn,0
082104.73+274525.2,125.269743,27.757005,0.471070,z_0.3-0.6,normal_agn,0
081151.73+375415.9,122.965578,37.904432,0.547201,z_0.3-0.6,normal_agn,0
075427.70+114344.4,118.615429,11.729003,0.494000,z_0.3-0.6,normal_agn,0
080847.49+474621.1,122.197913,47.772528,0.518000,z_0.3-0.6,normal_agn,0
084406.98+355239.8,131.029124,35.877745,0.466677,z_0.3-0.6,normal_agn,0
075439.54+210224.8,118.664762,21.040235,0.484163,z_0.3-0.6,normal_agn,0
080642.14+425856.4,121.675591,42.982351,0.477195,z_0.3-0.6,normal_agn,0
083051.86+275212.0,127.716096,27.870027,0.567282,z_0.3-0.6,normal_agn,0
081612.17+173503.2,124.050715,17.584249,0.462000,z_0.3-0.6,normal_agn,0
081024.65+315004.9,122.602747,31.834702,0.578961,z_0.3-0.6,normal_agn,0
081725.48+231154.7,124.356197,23.198538,0.526779,z_0.3-0.6,normal_agn,0
080148.85+174316.2,120.453579,17.721187,0.417304,z_0.3-0.6,normal_agn,0
082417.07+160625.0,126.071134,16.106958,0.584860,z_0.3-0.6,normal_agn,0
080000.02+173015.8,120.000085,17.504412,0.418205,z_0.3-0.6,normal_agn,0
075758.75+503044.6,119.494829,50.512415,0.550343,z_0.3-0.6,normal_agn,0
082048.49+302552.3,125.202058,30.431195,0.458429,z_0.3-0.6,normal_agn,0
081246.20+162407.6,123.192540,16.402133,0.531000,z_0.3-0.6,normal_agn,0
082523.22+354212.7,126.346750,35.703532,0.533771,z_0.3-0.6,normal_agn,0
081633.80+063043.8,124.140842,6.512170,0.542000,z_0.3-0.6,normal_agn,0
080937.79+275648.3,122.407464,27.946761,0.407188,z_0.3-0.6,normal_agn,0
074942.17+372514.3,117.425731,37.420641,0.542059,z_0.3-0.6,normal_agn,0
080031.37+295944.5,120.130709,29.995695,0.566000,z_0.3-0.6,normal_agn,0
080902.66+535857.8,122.261117,53.982744,0.444000,z_0.3-0.6,normal_agn,0
075232.71+501943.7,118.136323,50.328831,0.424659,z_0.3-0.6,normal_agn,0
074832.94+340935.1,117.137281,34.159777,0.579744,z_0.3-0.6,normal_agn,0
074831.54+254437.2,117.131451,25.743675,0.376000,z_0.3-0.6,normal_agn,0
084200.38+570219.5,130.501607,57.038769,0.324600,z_0.3-0.6,normal_agn,0
082704.88+174102.4,126.770341,17.684023,0.449529,z_0.3-0.6,normal_agn,0
083427.78+232026.6,128.615770,23.340743,0.540857,z_0.3-0.6,normal_agn,0
082730.45+422725.0,126.876902,42.456969,0.575273,z_0.3-0.6,normal_agn,0
084218.74+263723.0,130.578106,26.623074,0.479391,z_0.3-0.6,normal_agn,0
083222.38+245649.6,128.093255,24.947133,0.328767,z_0.3-0.6,normal_agn,0
083655.88+203640.0,129.232869,20.611118,0.587519,z_0.3-0.6,normal_agn,0
083047.31+514442.1,127.697146,51.745044,0.400000,z_0.3-0.6,normal_agn,0
084007.37+264139.0,130.030734,26.694180,0.562630,z_0.3-0.6,normal_agn,0
082553.95+411227.6,126.474832,41.207671,0.466245,z_0.3-0.6,normal_agn,0
083740.36+324830.5,129.418195,32.808474,0.411117,z_0.3-0.6,normal_agn,0
082510.09+395515.0,126.292063,39.920856,0.500376,z_0.3-0.6,normal_agn,0
080501.37+364855.1,121.255742,36.815327,0.564867,z_0.3-0.6,normal_agn,0
082815.67+440611.2,127.065321,44.103121,0.338205,z_0.3-0.6,normal_agn,0
081545.14+393630.9,123.938085,39.608608,0.498448,z_0.3-0.6,normal_agn,0
083646.48+115323.4,129.193705,11.889836,0.435516,z_0.3-0.6,normal_agn,0
083656.16+402100.9,129.234018,40.350274,0.587900,z_0.3-0.6,normal_agn,0
074900.79+433256.7,117.253298,43.549089,0.524000,z_0.3-0.6,normal_agn,0
083446.11+192141.0,128.692152,19.361394,0.302310,z_0.3-0.6,normal_agn,0
083733.34+281431.0,129.388955,28.241961,0.365967,z_0.3-0.6,normal_agn,0
081437.44+333241.9,123.656009,33.544994,0.599000,z_0.3-0.6,normal_agn,0
081629.75+240021.9,124.123991,24.006087,0.549738,z_0.3-0.6,normal_agn,0
075330.31+532144.2,118.376314,53.362298,0.387994,z_0.3-0.6,normal_agn,0
082242.23+115935.1,125.675961,11.993106,0.594000,z_0.3-0.6,normal_agn,0
083941.15+471258.2,129.921477,47.216173,0.493000,z_0.3-0.6,normal_agn,0
083906.40+390551.8,129.776677,39.097738,0.309588,z_0.3-0.6,normal_agn,0
083319.56+324345.3,128.331504,32.729275,0.456872,z_0.3-0.6,normal_agn,0
080036.38+214836.5,120.151621,21.810143,0.554528,z_0.3-0.6,normal_agn,0
082456.93+215539.4,126.237217,21.927626,0.339000,z_0.3-0.6,normal_agn,0
081435.15+474845.1,123.646472,47.812529,0.573000,z_0.3-0.6,normal_agn,0
082308.37+512330.6,125.784895,51.391835,0.359000,z_0.3-0.6,normal_agn,0
075434.29+394646.9,118.642904,39.779714,0.375955,z_0.3-0.6,normal_agn,0
075100.80+392327.4,117.753341,39.390951,0.569355,z_0.3-0.6,normal_agn,0
083317.95+551312.2,128.324817,55.220076,0.449000,z_0.3-0.6,normal_agn,0
080556.01+221534.3,121.483393,22.259548,0.533905,z_0.3-0.6,normal_agn,0
082830.76+224730.9,127.128176,22.791943,0.368000,z_0.3-0.6,normal_agn,0
080049.38+373740.6,120.205759,37.627954,0.572000,z_0.3-0.6,normal_agn,0
081255.12+474647.0,123.229687,47.779740,0.532092,z_0.3-0.6,normal_agn,0
081128.34+360800.2,122.868107,36.133416,0.505000,z_0.3-0.6,normal_agn,0
081027.14+235127.2,122.613105,23.857557,0.582000,z_0.3-0.6,normal_agn,0
082427.93+040321.5,126.116407,4.055987,0.556000,z_0.3-0.6,normal_agn,0
082012.92+082038.0,125.053835,8.343901,0.378600,z_0.3-0.6,normal_agn,0
083703.42+402459.5,129.264271,40.416546,0.590785,z_0.3-0.6,normal_agn,0
083832.13+362817.8,129.633887,36.471611,0.487117,z_0.3-0.6,normal_agn,0
080821.43+055835.2,122.089329,5.976459,0.340883,z_0.3-0.6,normal_agn,0
075009.27+212110.0,117.538629,21.352787,0.563248,z_0.3-0.6,normal_agn,0
075525.67+415217.5,118.856973,41.871538,0.560698,z_0.3-0.6,normal_agn,0
081559.23+274107.5,123.996799,27.685417,0.398000,z_0.3-0.6,normal_agn,0
074954.10+383124.5,117.475453,38.523492,0.471000,z_0.3-0.6,normal_agn,0
082150.13+081907.3,125.458885,8.318715,0.381106,z_0.3-0.6,normal_agn,0
081058.99+413402.7,122.745802,41.567434,0.506775,z_0.3-0.6,normal_agn,0
082821.20+482914.5,127.088339,48.487366,0.405188,z_0.3-0.6,normal_agn,0
084302.88+260354.1,130.762008,26.065050,0.415725,z_0.3-0.6,normal_agn,0
075639.93+513337.3,119.166409,51.560363,0.436416,z_0.3-0.6,normal_agn,0
075452.72+370003.1,118.719699,37.000862,0.596000,z_0.3-0.6,normal_agn,0
082927.69+145223.6,127.365406,14.873230,0.467610,z_0.3-0.6,normal_agn,0
081418.62+243418.0,123.577586,24.571669,0.425647,z_0.3-0.6,normal_agn,0
082118.37+385941.4,125.326582,38.994857,0.555145,z_0.3-0.6,normal_agn,0
081922.02+563442.9,124.841791,56.578589,0.320067,z_0.3-0.6,normal_agn,0
084504.21+542611.9,131.267559,54.436661,0.303399,z_0.3-0.6,normal_agn,0
080742.08+165545.3,121.925371,16.929276,0.540709,z_0.3-0.6,normal_agn,0
083708.69+305216.5,129.286247,30.871269,0.556217,z_0.3-0.6,normal_agn,0
084447.74+372429.5,131.198937,37.408209,0.400000,z_0.3-0.6,normal_agn,0
084349.08+323333.1,130.954508,32.559216,0.595074,z_0.3-0.6,normal_agn,0
080325.04+105826.4,120.854337,10.974023,0.595000,z_0.3-0.6,normal_agn,0
081222.99+461529.1,123.095814,46.258084,0.311000,z_0.3-0.6,normal_agn,0
082103.16+240926.7,125.263169,24.157431,0.557000,z_0.3-0.6,normal_agn,0
075103.82+402636.7,117.765919,40.443532,0.356000,z_0.3-0.6,normal_agn,0
082117.36+092650.4,125.322373,9.447334,0.546100,z_0.3-0.6,normal_agn,0
082412.22+570113.2,126.050920,57.020344,0.597295,z_0.3-0.6,normal_agn,0
083645.08+485402.8,129.187837,48.900789,0.490549,z_0.3-0.6,normal_agn,0
081618.73+311350.9,124.078052,31.230827,0.352638,z_0.3-0.6,normal_agn,0
075730.43+450203.2,119.376804,45.034247,0.553000,z_0.3-0.6,normal_agn,0
081714.40+384349.7,124.310004,38.730497,0.510163,z_0.3-0.6,normal_agn,0
080611.46+403759.9,121.547757,40.633332,0.484538,z_0.3-0.6,normal_agn,0
080429.66+122210.8,121.123608,12.369682,0.374893,z_0.3-0.6,normal_agn,0
081750.83+135416.1,124.461803,13.904477,0.417000,z_0.3-0.6,normal_agn,0
075947.73+112507.3,119.948877,11.418709,0.337459,z_0.3-0.6,normal_agn,0
083137.24+235352.8,127.905203,23.898001,0.430623,z_0.3-0.6,normal_agn,0
082857.58+135202.6,127.239954,13.867401,0.465000,z_0.3-0.6,normal_agn,0
075245.52+200337.9,118.189695,20.060552,0.484123,z_0.3-0.6,normal_agn,0
080117.89+482717.5,120.324544,48.454886,0.426885,z_0.3-0.6,normal_agn,0
082857.98+253151.2,127.241620,25.530909,0.522139,z_0.3-0.6,normal_agn,0
083213.78+475435.2,128.057450,47.909795,0.508921,z_0.3-0.6,normal_agn,0
082254.38+021208.7,125.726595,2.202427,0.522000,z_0.3-0.6,normal_agn,0
080240.70+210307.1,120.669590,21.051974,0.554825,z_0.3-0.6,normal_agn,0
075626.95+341609.2,119.112313,34.269249,0.563022,z_0.3-0.6,normal_agn,0
081140.92+412237.5,122.920519,41.377089,0.446693,z_0.3-0.6,normal_agn,0
082000.21+090727.2,125.000897,9.124231,0.400000,z_0.3-0.6,normal_agn,0
081929.44+275301.8,124.872696,27.883850,0.466311,z_0.3-0.6,normal_agn,0
082654.47+125702.0,126.726998,12.950565,0.591700,z_0.3-0.6,normal_agn,0
084244.30+084651.2,130.684603,8.780901,0.577012,z_0.3-0.6,normal_agn,0
075304.63+460434.6,118.269331,46.076285,0.467306,z_0.3-0.6,normal_agn,0
081554.25+261850.6,123.976080,26.314077,0.422656,z_0.3-0.6,normal_agn,0
080342.68+230355.4,120.927850,23.065392,0.478535,z_0.3-0.6,normal_agn,0
084341.25+544442.8,130.921911,54.745237,0.444828,z_0.3-0.6,normal_agn,0
084347.50+551538.8,130.947955,55.260804,0.416000,z_0.3-0.6,normal_agn,0
080456.90+371720.4,121.237115,37.289015,0.517592,z_0.3-0.6,normal_agn,0
080937.05+185139.4,122.404399,18.860951,0.490000,z_0.3-0.6,normal_agn,0
081127.88+222045.2,122.866171,22.345915,0.312336,z_0.3-0.6,normal_agn,0
082504.73+423256.7,126.269709,42.549087,0.569000,z_0.3-0.6,normal_agn,0
075635.61+463325.4,119.148403,46.557077,0.508248,z_0.3-0.6,normal_agn,0
082318.05+472939.3,125.825212,47.494273,0.490375,z_0.3-0.6,normal_agn,0
082015.09+041148.7,125.062907,4.196864,0.330405,z_0.3-0.6,normal_agn,0
080744.03+434818.5,121.933487,43.805148,0.568774,z_0.3-0.6,normal_agn,0
084022.79+382739.0,130.094971,38.460860,0.530000,z_0.3-0.6,normal_agn,0
080521.17+150114.2,121.338241,15.020621,0.586000,z_0.3-0.6,normal_agn,0
081150.45+453428.0,122.960233,45.574462,0.520575,z_0.3-0.6,normal_agn,0
080340.13+363217.7,120.917249,36.538277,0.533779,z_0.3-0.6,normal_agn,0
075334.91+360340.5,118.395495,36.061277,0.526000,z_0.3-0.6,normal_agn,0
080253.03+500320.1,120.720973,50.055594,0.332000,z_0.3-0.6,normal_agn,0
081844.57+350426.3,124.685745,35.073988,0.463734,z_0.3-0.6,normal_agn,0
075854.18+410456.5,119.725762,41.082386,0.470000,z_0.3-0.6,normal_agn,0
084400.18+004732.2,131.000765,0.792289,0.414000,z_0.3-0.6,normal_agn,0
083652.85+425939.0,129.220232,42.994181,0.547600,z_0.3-0.6,normal_agn,0
081206.52+280624.0,123.027167,28.106685,0.343689,z_0.3-0.6,normal_agn,0
081436.59+445445.0,123.652494,44.912512,0.581000,z_0.3-0.6,normal_agn,0
075126.39+352557.5,117.859962,35.432662,0.323946,z_0.3-0.6,normal_agn,0
075046.76+180944.0,117.694835,18.162236,0.422000,z_0.3-0.6,normal_agn,0
080934.33+123200.8,122.393065,12.533572,0.374000,z_0.3-0.6,normal_agn,0
080258.93+453020.8,120.745571,45.505790,0.541000,z_0.3-0.6,normal_agn,0
081822.84+531831.6,124.595171,53.308799,0.582000,z_0.3-0.6,normal_agn,0
082808.01+343458.8,127.033403,34.583020,0.575000,z_0.3-0.6,normal_agn,0
080439.54+315809.4,121.164787,31.969280,0.374322,z_0.3-0.6,normal_agn,0
084338.54+312620.7,130.910602,31.439096,0.499314,z_0.3-0.6,normal_agn,0
084302.97+030218.9,130.762376,3.038584,0.512223,z_0.3-0.6,normal_agn,0
075911.26+084947.3,119.796938,8.829831,0.470000,z_0.3-0.6,normal_agn,0
080921.06+420149.2,122.337754,42.030358,0.527847,z_0.3-0.6,normal_agn,0
075241.73+454704.7,118.173900,45.784656,0.584930,z_0.3-0.6,normal_agn,0
082309.56+204729.6,125.789853,20.791573,0.316438,z_0.3-0.6,normal_agn,0
083325.43+103537.3,128.355962,10.593698,0.586000,z_0.3-0.6,normal_agn,0
084519.03+130734.5,131.329319,13.126266,0.450665,z_0.3-0.6,normal_agn,0
081823.10+524723.0,124.596271,52.789733,0.462011,z_0.3-0.6,normal_agn,0
080227.70+274633.7,120.615424,27.776036,0.579290,z_0.3-0.6,normal_agn,0
084527.92+442109.1,131.366362,44.352530,0.422560,z_0.3-0.6,normal_agn,0
083918.59+311856.2,129.827499,31.315613,0.596000,z_0.3-0.6,normal_agn,0
082954.14+460624.4,127.475584,46.106779,0.336000,z_0.3-0.6,normal_agn,0
075440.32+324105.2,118.668026,32.684803,0.411705,z_0.3-0.6,normal_agn,0
081451.73+395346.9,123.715561,39.896387,0.589958,z_0.3-0.6,normal_agn,0
075732.19+445109.3,119.384131,44.852605,0.578422,z_0.3-0.6,normal_agn,0
075939.83+235647.7,119.915983,23.946587,0.366552,z_0.3-0.6,normal_agn,0
080850.95+440915.7,122.212310,44.154386,0.599429,z_0.3-0.6,normal_agn,0
081649.15+253543.3,124.204792,25.595376,0.340420,z_0.3-0.6,normal_agn,0
084252.54+342333.7,130.718927,34.392716,0.469257,z_0.3-0.6,normal_agn,0
084158.70+382720.3,130.494585,38.455651,0.438967,z_0.3-0.6,normal_agn,0
083654.35+402307.5,129.226460,40.385417,0.544018,z_0.3-0.6,normal_agn,0
080700.92+310843.8,121.753858,31.145501,0.400197,z_0.3-0.6,normal_agn,0
083702.76+495752.7,129.261507,49.964662,0.524000,z_0.3-0.6,normal_agn,0
081537.52+395510.0,123.906363,39.919470,0.409495,z_0.3-0.6,normal_agn,0
081821.90+132703.4,124.591254,13.450950,0.533000,z_0.3-0.6,normal_agn,0
081859.29+343238.0,124.747080,34.543908,0.340482,z_0.3-0.6,normal_agn,0
084133.61+412321.8,130.390044,41.389411,0.575035,z_0.3-0.6,normal_agn,0
082658.56+190921.5,126.744035,19.155980,0.428178,z_0.3-0.6,normal_agn,0
084458.79+384720.8,131.244961,38.789137,0.495063,z_0.3-0.6,normal_agn,0
082410.31+534931.3,126.042995,53.825379,0.350000,z_0.3-0.6,normal_agn,0
084151.27+583646.9,130.463629,58.613037,0.407000,z_0.3-0.6,normal_agn,0
083421.63+540408.5,128.590153,54.069052,0.529000,z_0.3-0.6,normal_agn,0
082427.62+224628.7,126.115102,22.774650,0.489753,z_0.3-0.6,normal_agn,0
080543.48+245339.1,121.431174,24.894199,0.580151,z_0.3-0.6,normal_agn,0
083438.62+161750.6,128.660953,16.297407,0.600000,z_0.3-0.6,normal_agn,0
081009.64+554122.0,122.540206,55.689472,0.455000,z_0.3-0.6,normal_agn,0
082339.25+551519.0,125.913572,55.255280,0.590000,z_0.3-0.6,normal_agn,0
082557.72+374749.5,126.490519,37.797093,0.537600,z_0.3-0.6,normal_agn,0
080430.56+504457.4,121.127354,50.749300,0.367200,z_0.3-0.6,normal_agn,0
081251.54+521928.8,123.214767,52.324680,0.541000,z_0.3-0.6,normal_agn,0
080628.27+463100.5,121.617811,46.516816,0.505980,z_0.3-0.6,normal_agn,0
080528.35+240102.7,121.368164,24.017423,0.582000,z_0.3-0.6,normal_agn,0
080707.37+302443.5,121.780735,30.412109,0.489029,z_0.3-0.6,normal_agn,0
081205.39+160751.8,123.022471,16.131069,0.426852,z_0.3-0.6,normal_agn,0
075112.36+503206.6,117.801526,50.535183,0.523895,z_0.3-0.6,normal_agn,0
081332.77+292053.0,123.386551,29.348059,0.528051,z_0.3-0.6,normal_agn,0
075432.63+483545.8,118.635989,48.596075,0.570337,z_0.3-0.6,normal_agn,0
080310.58+293233.7,120.794104,29.542705,0.327356,z_0.3-0.6,normal_agn,0
083426.54+532352.6,128.610606,53.397947,0.544000,z_0.3-0.6,normal_agn,0
081539.55+365203.5,123.914811,36.867645,0.550830,z_0.3-0.6,normal_agn,0
081747.56+433540.1,124.448179,43.594492,0.579000,z_0.3-0.6,normal_agn,0
081909.28+280215.6,124.788691,28.037691,0.341362,z_0.3-0.6,normal_agn,0
081014.92+035045.6,122.562201,3.846008,0.555000,z_0.3-0.6,normal_agn,0
081318.79+385741.1,123.328323,38.961432,0.599000,z_0.3-0.6,normal_agn,0
084409.47+215358.4,131.039480,21.899567,0.544141,z_0.3-0.6,normal_agn,0
080619.87+100230.1,121.582816,10.041718,0.573000,z_0.3-0.6,normal_agn,0
082153.76+001413.6,125.474040,0.237130,0.515000,z_0.3-0.6,normal_agn,0
081846.78+370306.4,124.694936,37.051781,0.541766,z_0.3-0.6,normal_agn,0
082026.15+254402.3,125.108961,25.733984,0.587893,z_0.3-0.6,normal_agn,0
075409.67+512428.9,118.540312,51.408045,0.332483,z_0.3-0.6,normal_agn,0
075248.01+334645.5,118.200083,33.779328,0.521449,z_0.3-0.6,normal_agn,0
083129.97+483834.0,127.874915,48.642796,0.511000,z_0.3-0.6,normal_agn,0
080937.94+390021.6,122.408108,39.006005,0.597271,z_0.3-0.6,normal_agn,0
075926.65+103009.6,119.861058,10.502686,0.525623,z_0.3-0.6,normal_agn,0
081802.05+222244.9,124.508564,22.379159,0.398284,z_0.3-0.6,normal_agn,0
081512.01+115311.6,123.800061,11.886583,0.551100,z_0.3-0.6,normal_agn,0
082243.45+495150.8,125.681060,49.864134,0.525000,z_0.3-0.6,normal_agn,0
075230.61+181432.0,118.127562,18.242236,0.536089,z_0.3-0.6,normal_agn,0
081022.30+423512.6,122.592953,42.586837,0.361660,z_0.3-0.6,normal_agn,0
080105.34+441041.0,120.272290,44.178057,0.470894,z_0.3-0.6,normal_agn,0
083604.12+220905.9,129.017169,22.151662,0.554311,z_0.3-0.6,normal_agn,0
082244.88+460318.0,125.687017,46.055027,0.351386,z_0.3-0.6,normal_agn,0
082215.40+531717.9,125.564193,53.288313,0.306000,z_0.3-0.6,normal_agn,0
080945.42+293043.0,122.439273,29.511960,0.499231,z_0.3-0.6,normal_agn,0
082803.31+460142.5,127.013814,46.028488,0.570000,z_0.3-0.6,normal_agn,0
083955.75+465941.8,129.982314,46.994958,0.513786,z_0.3-0.6,normal_agn,0
083938.88+544408.0,129.912013,54.735558,0.544689,z_0.3-0.6,normal_agn,0
083540.72+325122.7,128.919696,32.856320,0.540744,z_0.3-0.6,normal_agn,0
084305.35+132317.3,130.772302,13.388150,0.508505,z_0.3-0.6,normal_agn,0
083200.78+312930.9,128.003291,31.491925,0.456777,z_0.3-0.6,normal_agn,0
075141.71+250322.5,117.923801,25.056254,0.554158,z_0.3-0.6,normal_agn,0
083624.72+472802.0,129.103039,47.467227,0.468987,z_0.3-0.6,normal_agn,0
081051.08+174035.0,122.712848,17.676405,0.337922,z_0.3-0.6,normal_agn,0
080048.80+181220.3,120.203352,18.205645,0.532000,z_0.3-0.6,normal_agn,0
080738.01+094322.7,121.908387,9.722995,0.560000,z_0.3-0.6,normal_agn,0
074927.53+304223.0,117.364721,30.706405,0.583804,z_0.3-0.6,normal_agn,0
075042.23+514757.4,117.675984,51.799294,0.392848,z_0.3-0.6,normal_agn,0
075345.25+405803.1,118.438569,40.967555,0.417320,z_0.3-0.6,normal_agn,0
080348.15+473946.7,120.950662,47.662984,0.451596,z_0.3-0.6,normal_agn,0
083023.02+224935.1,127.595922,22.826431,0.458000,z_0.3-0.6,normal_agn,0
082634.30+214950.8,126.642928,21.830780,0.470000,z_0.3-0.6,normal_agn,0
075740.97+323709.1,119.420732,32.619221,0.410870,z_0.3-0.6,normal_agn,0
075503.87+205314.5,118.766156,20.887385,0.373815,z_0.3-0.6,normal_agn,0
082506.17+435643.5,126.275715,43.945437,0.532156,z_0.3-0.6,normal_agn,0
081537.55+384303.1,123.906488,38.717554,0.507000,z_0.3-0.6,normal_agn,0
082128.06+344331.0,125.366958,34.725289,0.555316,z_0.3-0.6,normal_agn,0
084512.27+512803.2,131.301158,51.467563,0.582000,z_0.3-0.6,normal_agn,0
082708.53+425017.8,126.785580,42.838297,0.333146,z_0.3-0.6,normal_agn,0
081053.23+531850.5,122.721798,53.314043,0.582000,z_0.3-0.6,normal_agn,0
080014.97+412125.2,120.062393,41.357027,0.587046,z_0.3-0.6,normal_agn,0
084154.48+025618.8,130.477036,2.938566,0.724000,z_0.6-1.0,normal_agn,0
081154.25+360813.8,122.976083,36.137188,0.849820,z_0.6-1.0,normal_agn,0
083814.27+544019.6,129.559489,54.672120,0.769000,z_0.6-1.0,normal_agn,0
082021.42+301137.5,125.089275,30.193776,0.975038,z_0.6-1.0,normal_agn,0
074921.45+440644.9,117.339391,44.112480,0.719494,z_0.6-1.0,normal_agn,0
083301.56+355500.9,128.256539,35.916940,0.869814,z_0.6-1.0,normal_agn,0
082432.21+205229.7,126.134245,20.874921,0.950409,z_0.6-1.0,normal_agn,0
075759.11+355755.1,119.496316,35.965311,0.711104,z_0.6-1.0,normal_agn,0
075301.69+372307.9,118.257082,37.385538,0.709179,z_0.6-1.0,normal_agn,0
082046.93+291824.4,125.195557,29.306791,0.734999,z_0.6-1.0,normal_agn,0
082121.65+402302.6,125.340217,40.384063,0.984104,z_0.6-1.0,normal_agn,0
082441.99+402216.0,126.174991,40.371132,0.942189,z_0.6-1.0,normal_agn,0
083454.28+315512.8,128.726185,31.920242,0.946112,z_0.6-1.0,normal_agn,0
082151.74+410903.0,125.465612,41.150836,0.957385,z_0.6-1.0,normal_agn,0
080009.17+433324.9,120.038228,43.556923,0.775107,z_0.6-1.0,normal_agn,0
074857.24+311003.9,117.238532,31.167776,0.701000,z_0.6-1.0,normal_agn,0
083850.11+172406.9,129.708819,17.401923,0.911503,z_0.6-1.0,normal_agn,0
081834.39+370636.1,124.643295,37.110046,0.680342,z_0.6-1.0,normal_agn,0
081653.84+225155.8,124.224360,22.865516,0.927744,z_0.6-1.0,normal_agn,0
084222.95+403006.8,130.595633,40.501896,0.625710,z_0.6-1.0,normal_agn,0
082539.92+180049.2,126.416371,18.013693,0.832000,z_0.6-1.0,normal_agn,0
075300.64+471147.7,118.252696,47.196593,0.967000,z_0.6-1.0,normal_agn,0
075632.55+273031.8,119.135642,27.508835,0.949479,z_0.6-1.0,normal_agn,0
083337.81+262651.1,128.407558,26.447552,0.961261,z_0.6-1.0,normal_agn,0
082418.90+222634.9,126.078760,22.443042,0.740931,z_0.6-1.0,normal_agn,0
081314.80+385720.4,123.311692,38.955693,0.924583,z_0.6-1.0,normal_agn,0
083525.38+513829.7,128.855780,51.641593,0.817175,z_0.6-1.0,normal_agn,0
074856.66+300551.4,117.236096,30.097628,0.956443,z_0.6-1.0,normal_agn,0
083030.90+521137.8,127.628777,52.193851,0.877981,z_0.6-1.0,normal_agn,0
074909.11+301216.1,117.287976,30.204493,0.887895,z_0.6-1.0,normal_agn,0
082556.41+132641.2,126.485067,13.444799,0.855000,z_0.6-1.0,normal_agn,0
075214.10+433349.5,118.058751,43.563776,0.847293,z_0.6-1.0,normal_agn,0
082156.41+291845.6,125.485074,29.312669,0.875000,z_0.6-1.0,normal_agn,0
081235.45+210511.6,123.147722,21.086570,0.650000,z_0.6-1.0,normal_agn,0
083933.03+553329.4,129.887659,55.558170,0.898000,z_0.6-1.0,normal_agn,0
083253.05+590549.5,128.221061,59.097101,0.889031,z_0.6-1.0,normal_agn,0
080510.20+464331.3,121.292505,46.725371,0.763000,z_0.6-1.0,normal_agn,0
081518.77+310612.0,123.828240,31.103353,0.993628,z_0.6-1.0,normal_agn,0
080419.30+230825.2,121.080455,23.140349,0.914164,z_0.6-1.0,normal_agn,0
075410.58+303700.1,118.544085,30.616705,0.790000,z_0.6-1.0,normal_agn,0
084050.39+021910.1,130.209976,2.319497,0.861000,z_0.6-1.0,normal_agn,0
083421.50+502205.0,128.589609,50.368076,0.843000,z_0.6-1.0,normal_agn,0
083615.52+280445.8,129.064667,28.079391,0.984532,z_0.6-1.0,normal_agn,0
075706.59+500833.7,119.277479,50.142715,0.823000,z_0.6-1.0,normal_agn,0
083204.07+601810.4,128.016984,60.302917,0.910000,z_0.6-1.0,normal_agn,0
081125.33+221631.4,122.855578,22.275412,0.649000,z_0.6-1.0,normal_agn,0
083720.16+331825.3,129.334022,33.307034,0.764800,z_0.6-1.0,normal_agn,0
075711.80+193352.3,119.299196,19.564535,0.992053,z_0.6-1.0,normal_agn,0
075030.09+504930.4,117.625381,50.825126,0.636723,z_0.6-1.0,normal_agn,0
081639.29+244637.8,124.163717,24.777182,0.847000,z_0.6-1.0,normal_agn,0
075931.10+451747.5,119.879601,45.296531,0.870869,z_0.6-1.0,normal_agn,0
083309.43+374538.3,128.289303,37.760657,0.796000,z_0.6-1.0,normal_agn,0
080759.36+375714.5,121.997367,37.954038,0.956000,z_0.6-1.0,normal_agn,0
082618.60+343516.4,126.577526,34.587916,0.740000,z_0.6-1.0,normal_agn,0
080949.59+221637.5,122.456658,22.277098,0.909403,z_0.6-1.0,normal_agn,0
081824.48+253708.5,124.602025,25.619053,0.852969,z_0.6-1.0,normal_agn,0
083051.87+013159.3,127.716158,1.533140,0.630000,z_0.6-1.0,normal_agn,0
080624.02+512838.7,121.600090,51.477441,0.924000,z_0.6-1.0,normal_agn,0
083516.11+040039.0,128.817145,4.010852,0.677000,z_0.6-1.0,normal_agn,0
081223.95+204207.1,123.099792,20.701984,0.996421,z_0.6-1.0,normal_agn,0
080514.95+351700.4,121.312315,35.283471,0.745506,z_0.6-1.0,normal_agn,0
081306.19-002900.4,123.275831,-0.483450,0.682753,z_0.6-1.0,normal_agn,0
075058.21+293549.3,117.742547,29.597028,0.779311,z_0.6-1.0,normal_agn,0
083739.80+525405.5,129.415850,52.901542,0.922000,z_0.6-1.0,normal_agn,0
083456.33+581125.1,128.734713,58.190317,0.717000,z_0.6-1.0,normal_agn,0
084226.12+261706.7,130.608860,26.285202,0.678000,z_0.6-1.0,normal_agn,0
075409.91+311913.7,118.541315,31.320490,0.978020,z_0.6-1.0,normal_agn,0
080025.36+134021.2,120.105707,13.672569,0.675273,z_0.6-1.0,normal_agn,0
080446.65+390343.1,121.194400,39.061973,0.829000,z_0.6-1.0,normal_agn,0
075217.22+234749.2,118.071766,23.797014,0.960788,z_0.6-1.0,normal_agn,0
080823.90+360514.3,122.099617,36.087332,0.936397,z_0.6-1.0,normal_agn,0
083625.79+430959.8,129.107481,43.166620,0.957000,z_0.6-1.0,normal_agn,0
080831.77+063702.1,122.132376,6.617265,0.700271,z_0.6-1.0,normal_agn,0
075211.28+164623.2,118.047011,16.773115,0.692813,z_0.6-1.0,normal_agn,0
083641.08+451531.0,129.171168,45.258633,0.818000,z_0.6-1.0,normal_agn,0
081328.58+444514.8,123.369090,44.754129,0.743117,z_0.6-1.0,normal_agn,0
081121.36+383626.3,122.839040,38.607321,0.659914,z_0.6-1.0,normal_agn,0
083829.62+324558.8,129.623454,32.766342,0.977539,z_0.6-1.0,normal_agn,0
084102.42+541144.5,130.260102,54.195713,0.713000,z_0.6-1.0,normal_agn,0
080346.23+131114.7,120.942656,13.187426,0.950000,z_0.6-1.0,normal_agn,0
081942.01+515652.6,124.925074,51.947950,0.811000,z_0.6-1.0,normal_agn,0
083448.91+200734.4,128.703827,20.126228,0.959546,z_0.6-1.0,normal_agn,0
080459.91+122448.8,121.249649,12.413557,0.612212,z_0.6-1.0,normal_agn,0
081804.24+534829.1,124.517682,53.808110,0.634000,z_0.6-1.0,normal_agn,0
075229.14+515143.5,118.121452,51.862088,0.891092,z_0.6-1.0,normal_agn,0
075415.94+532217.7,118.566420,53.371603,0.924627,z_0.6-1.0,normal_agn,0
082935.45+364912.6,127.397722,36.820179,0.645234,z_0.6-1.0,normal_agn,0
083220.81+481553.4,128.086723,48.264835,0.744097,z_0.6-1.0,normal_agn,0
081554.29+211003.7,123.976218,21.167703,0.871320,z_0.6-1.0,normal_agn,0
083020.40+105001.5,127.585040,10.833757,0.946000,z_0.6-1.0,normal_agn,0
082033.30+382419.7,125.138782,38.405498,0.647881,z_0.6-1.0,normal_agn,0
080443.24+325527.3,121.180202,32.924254,0.700000,z_0.6-1.0,normal_agn,0
081615.47+523624.3,124.064490,52.606754,0.627000,z_0.6-1.0,normal_agn,0
080648.65+184037.0,121.702723,18.676967,0.745000,z_0.6-1.0,normal_agn,0
084244.67+371753.2,130.686148,37.298130,0.847443,z_0.6-1.0,normal_agn,0
082806.18+063608.3,127.025788,6.602313,0.963222,z_0.6-1.0,normal_agn,0
080038.64+175139.8,120.161009,17.861059,0.847000,z_0.6-1.0,normal_agn,0
074925.66+203841.9,117.356937,20.644991,0.744000,z_0.6-1.0,normal_agn,0
082649.67+462127.5,126.706999,46.357661,0.856000,z_0.6-1.0,normal_agn,0
081429.63+372249.7,123.623474,37.380490,0.923581,z_0.6-1.0,normal_agn,0
083643.07+444308.6,129.179461,44.719071,0.974000,z_0.6-1.0,normal_agn,0
080859.02+260225.4,122.245940,26.040401,0.644491,z_0.6-1.0,normal_agn,0
075342.88+165014.1,118.428671,16.837255,0.896973,z_0.6-1.0,normal_agn,0
084327.96+320414.6,130.866507,32.070737,0.885000,z_0.6-1.0,normal_agn,0
081255.06+565532.8,123.229435,56.925803,0.975000,z_0.6-1.0,normal_agn,0
081820.75+291535.9,124.586465,29.259988,0.700000,z_0.6-1.0,normal_agn,0
083712.14+335243.8,129.300594,33.878856,0.927270,z_0.6-1.0,normal_agn,0
080643.51+302844.8,121.681303,30.479117,0.991000,z_0.6-1.0,normal_agn,0
083723.55+351336.3,129.348153,35.226755,0.878000,z_0.6-1.0,normal_agn,0
081123.91+475100.2,122.849631,47.850063,0.677368,z_0.6-1.0,normal_agn,0
081016.98+203733.2,122.570766,20.625889,0.702000,z_0.6-1.0,normal_agn,0
080203.63+492757.2,120.515138,49.465912,0.847231,z_0.6-1.0,normal_agn,0
083924.34+122609.1,129.851449,12.435877,0.811000,z_0.6-1.0,normal_agn,0
075015.22+244027.2,117.563429,24.674235,0.879897,z_0.6-1.0,normal_agn,0
083519.33+595535.9,128.830577,59.926642,0.838000,z_0.6-1.0,normal_agn,0
083252.07+150126.8,128.216978,15.024137,0.875000,z_0.6-1.0,normal_agn,0
081625.44+453633.1,124.106004,45.609199,0.880000,z_0.6-1.0,normal_agn,0
075822.13+221151.2,119.592231,22.197574,0.926653,z_0.6-1.0,normal_agn,0
083244.46+382645.3,128.185267,38.445926,0.789190,z_0.6-1.0,normal_agn,0
080539.70+252425.1,121.415434,25.406993,0.935330,z_0.6-1.0,normal_agn,0
082511.94+354434.6,126.299759,35.742963,0.867000,z_0.6-1.0,normal_agn,0
082257.68+304535.9,125.740371,30.759987,0.762089,z_0.6-1.0,normal_agn,0
081451.26+571244.1,123.713601,57.212255,0.651000,z_0.6-1.0,normal_agn,0
084303.24+240239.1,130.763534,24.044210,0.612575,z_0.6-1.0,normal_agn,0
083505.97+475724.4,128.774909,47.956790,0.661871,z_0.6-1.0,normal_agn,0
075542.08+160950.0,118.925349,16.163899,0.755000,z_0.6-1.0,normal_agn,0
080149.44+542742.1,120.456031,54.461710,0.705000,z_0.6-1.0,normal_agn,0
083929.77+173047.2,129.874065,17.513112,0.673000,z_0.6-1.0,normal_agn,0
075724.80+441340.3,119.353358,44.227873,0.913901,z_0.6-1.0,normal_agn,0
083154.58+270317.7,127.977445,27.054927,0.965299,z_0.6-1.0,normal_agn,0
075100.75+150953.9,117.753146,15.164992,0.707030,z_0.6-1.0,normal_agn,0
081813.28+280235.6,124.555371,28.043246,0.853297,z_0.6-1.0,normal_agn,0
082159.16+453145.4,125.496527,45.529282,0.914000,z_0.6-1.0,normal_agn,0
080044.28+445126.7,120.184535,44.857432,0.680045,z_0.6-1.0,normal_agn,0
075843.26+321507.9,119.680261,32.252207,0.608000,z_0.6-1.0,normal_agn,0
084307.52+280043.9,130.781333,28.012204,0.897087,z_0.6-1.0,normal_agn,0
075448.85+303355.0,118.703546,30.565286,0.796136,z_0.6-1.0,normal_agn,0
075700.98+461523.1,119.254103,46.256419,0.788856,z_0.6-1.0,normal_agn,0
081758.24+454056.4,124.492668,45.682348,0.870000,z_0.6-1.0,normal_agn,0
081316.24+490609.9,123.317694,49.102753,0.930000,z_0.6-1.0,normal_agn,0
082106.93+322036.0,125.278916,32.343346,0.979450,z_0.6-1.0,normal_agn,0
080754.01+240740.1,121.975078,24.127811,0.845285,z_0.6-1.0,normal_agn,0
084109.55+293926.8,130.289794,29.657451,0.915855,z_0.6-1.0,normal_agn,0
084055.01+343321.0,130.229232,34.555835,0.968622,z_0.6-1.0,normal_agn,0
082921.78+294849.5,127.340769,29.813752,0.715000,z_0.6-1.0,normal_agn,0
083857.28+370649.1,129.738699,37.113646,0.859046,z_0.6-1.0,normal_agn,0
075619.59+242938.2,119.081664,24.493946,0.781768,z_0.6-1.0,normal_agn,0
082043.12+330845.5,125.179685,33.145978,0.858000,z_0.6-1.0,normal_agn,0
083827.46+555824.1,129.614432,55.973379,0.620683,z_0.6-1.0,normal_agn,0
075702.54+313121.4,119.260591,31.522638,0.767000,z_0.6-1.0,normal_agn,0
075305.12+283939.2,118.271356,28.660908,0.840528,z_0.6-1.0,normal_agn,0
083128.37+551706.9,127.868241,55.285265,0.854000,z_0.6-1.0,normal_agn,0
075631.04+284452.9,119.129342,28.748052,0.804175,z_0.6-1.0,normal_agn,0
083033.12+435057.1,127.638035,43.849198,0.934307,z_0.6-1.0,normal_agn,0
082217.92+280108.1,125.574683,28.018927,0.638322,z_0.6-1.0,normal_agn,0
082711.67+382737.2,126.798632,38.460341,0.688000,z_0.6-1.0,normal_agn,0
081140.45+334416.2,122.918567,33.737857,0.711000,z_0.6-1.0,normal_agn,0
080536.79+360904.4,121.403308,36.151229,0.926691,z_0.6-1.0,normal_agn,0
083559.92+323552.0,128.999701,32.597783,0.771315,z_0.6-1.0,normal_agn,0
083804.39+524701.3,129.518316,52.783708,0.859517,z_0.6-1.0,normal_agn,0
081415.40+030054.0,123.564200,3.015007,0.904157,z_0.6-1.0,normal_agn,0
083825.64+030136.2,129.606852,3.026731,0.908000,z_0.6-1.0,normal_agn,0
075124.05+405838.0,117.850209,40.977226,0.866440,z_0.6-1.0,normal_agn,0
081122.15+365316.6,122.842301,36.887947,0.892774,z_0.6-1.0,normal_agn,0
082822.68+135246.7,127.094540,13.879656,0.947400,z_0.6-1.0,normal_agn,0
082006.60+432941.7,125.027517,43.494938,0.969000,z_0.6-1.0,normal_agn,0
080205.08+551054.1,120.521204,55.181719,0.890000,z_0.6-1.0,normal_agn,0
081344.39+574333.5,123.434986,57.725988,0.644000,z_0.6-1.0,normal_agn,0
081536.21+425050.9,123.900895,42.847479,0.966770,z_0.6-1.0,normal_agn,0
083141.77+344303.6,127.924054,34.717667,0.607746,z_0.6-1.0,normal_agn,0
082907.43+333008.3,127.280988,33.502318,0.860373,z_0.6-1.0,normal_agn,0
084219.96+460812.7,130.583195,46.136867,0.902199,z_0.6-1.0,normal_agn,0
075214.25+355145.1,118.059379,35.862535,0.810258,z_0.6-1.0,normal_agn,0
082253.04+352921.4,125.721037,35.489287,0.623937,z_0.6-1.0,normal_agn,0
081036.21+350846.7,122.650883,35.146329,0.987917,z_0.6-1.0,normal_agn,0
083656.95+463147.7,129.237328,46.529932,0.787312,z_0.6-1.0,normal_agn,0
075259.54+262223.8,118.248090,26.373302,0.808000,z_0.6-1.0,normal_agn,0
081242.44+295716.3,123.176841,29.954540,0.950127,z_0.6-1.0,normal_agn,0
084501.54+543849.5,131.256453,54.647085,0.669000,z_0.6-1.0,normal_agn,0
082411.27+122611.7,126.046966,12.436598,0.667600,z_0.6-1.0,normal_agn,0
075011.51+281641.1,117.547985,28.278103,0.907576,z_0.6-1.0,normal_agn,0
075442.78+263041.8,118.678282,26.511622,0.784597,z_0.6-1.0,normal_agn,0
083701.91+532406.0,129.257964,53.401680,0.851000,z_0.6-1.0,normal_agn,0
083144.69+493244.4,127.936214,49.545679,0.821236,z_0.6-1.0,normal_agn,0
083512.21+341359.1,128.800909,34.233107,0.717229,z_0.6-1.0,normal_agn,0
075646.95+161255.3,119.195647,16.215376,0.759000,z_0.6-1.0,normal_agn,0
080213.29+381338.2,120.555392,38.227305,0.877944,z_0.6-1.0,normal_agn,0
082059.54+223003.7,125.248123,22.501041,0.809396,z_0.6-1.0,normal_agn,0
081353.05+323728.4,123.471065,32.624580,0.840000,z_0.6-1.0,normal_agn,0
075658.19+405059.0,119.242466,40.849727,0.759000,z_0.6-1.0,normal_agn,0
082418.88+384425.5,126.078704,38.740422,0.990000,z_0.6-1.0,normal_agn,0
075356.08+392754.3,118.483674,39.465102,0.715168,z_0.6-1.0,normal_agn,0
081957.38+453804.3,124.989089,45.634555,0.891000,z_0.6-1.0,normal_agn,0
082824.51+293607.7,127.102154,29.602160,0.844362,z_0.6-1.0,normal_agn,0
080230.99+005331.3,120.629155,0.892041,0.851000,z_0.6-1.0,normal_agn,0
081456.80+231848.9,123.736685,23.313594,0.924332,z_0.6-1.0,normal_agn,0
080121.75+424913.6,120.340637,42.820461,0.928445,z_0.6-1.0,normal_agn,0
082543.21+482723.9,126.430050,48.456665,0.968199,z_0.6-1.0,normal_agn,0
084506.88+414059.9,131.278694,41.683313,0.961410,z_0.6-1.0,normal_agn,0
075035.10+523349.5,117.646259,52.563766,0.791000,z_0.6-1.0,normal_agn,0
084350.13+155027.4,130.958875,15.840966,0.849000,z_0.6-1.0,normal_agn,0
083937.01+345333.3,129.904230,34.892596,0.739164,z_0.6-1.0,normal_agn,0
082828.97+121219.9,127.120729,12.205542,0.648000,z_0.6-1.0,normal_agn,0
083541.99+080051.7,128.924993,8.014381,0.948336,z_0.6-1.0,normal_agn,0
075423.68+500433.3,118.598690,50.075931,0.854000,z_0.6-1.0,normal_agn,0
082050.54+064605.2,125.210586,6.768134,0.876000,z_0.6-1.0,normal_agn,0
080429.72+560313.5,121.123841,56.053764,0.698449,z_0.6-1.0,normal_agn,0
075238.98+200341.7,118.162423,20.061611,0.929899,z_0.6-1.0,normal_agn,0
082355.66+303630.1,125.981930,30.608385,0.884615,z_0.6-1.0,normal_agn,0
082600.69+543734.8,126.502899,54.626355,0.928000,z_0.6-1.0,normal_agn,0
084503.26+593956.8,131.263608,59.665792,0.832000,z_0.6-1.0,normal_agn,0
075323.00+460000.6,118.345839,46.000175,0.945000,z_0.6-1.0,normal_agn,0
081057.87+492657.8,122.741150,49.449412,0.837153,z_0.6-1.0,normal_agn,0
083513.64+284354.1,128.806857,28.731713,0.695900,z_0.6-1.0,normal_agn,0
075215.84+285836.0,118.066009,28.976667,0.621387,z_0.6-1.0,normal_agn,0
080929.59+240234.1,122.373308,24.042810,0.742000,z_0.6-1.0,normal_agn,0
082855.00+415535.7,127.229169,41.926585,0.985000,z_0.6-1.0,normal_agn,0
083412.23+470041.9,128.550986,47.011660,0.946000,z_0.6-1.0,normal_agn,0
080745.84+251503.9,121.941006,25.251093,0.666651,z_0.6-1.0,normal_agn,0
084208.58+514629.5,130.535769,51.774863,0.661000,z_0.6-1.0,normal_agn,0
080557.78+484921.0,121.490767,48.822525,0.949490,z_0.6-1.0,normal_agn,0
081041.20+224723.4,122.671697,22.789850,0.729007,z_0.6-1.0,normal_agn,0
082330.77+354346.7,125.878233,35.729645,0.928503,z_0.6-1.0,normal_agn,0
083916.06+345927.9,129.816927,34.991093,0.607388,z_0.6-1.0,normal_agn,0
080318.03+455239.5,120.825161,45.877641,0.693000,z_0.6-1.0,normal_agn,0
075747.02+500705.0,119.445946,50.118064,0.843000,z_0.6-1.0,normal_agn,0
080919.04+524113.9,122.329341,52.687216,0.950000,z_0.6-1.0,normal_agn,0
080431.96+095716.8,121.133207,9.954671,0.926000,z_0.6-1.0,normal_agn,0
082514.46+332859.0,126.310277,33.483075,0.899839,z_0.6-1.0,normal_agn,0
075229.73+493013.7,118.123908,49.503829,0.734174,z_0.6-1.0,normal_agn,0
081739.91+165138.3,124.416298,16.860641,0.885000,z_0.6-1.0,normal_agn,0
080716.64+355935.0,121.819347,35.993063,0.732306,z_0.6-1.0,normal_agn,0
075656.07+401234.5,119.233666,40.209608,0.726000,z_0.6-1.0,normal_agn,0
082459.24+362035.2,126.246845,36.343124,0.897552,z_0.6-1.0,normal_agn,0
083010.61+453321.3,127.544244,45.555922,0.667000,z_0.6-1.0,normal_agn,0
080808.73+500037.2,122.036397,50.010361,0.626000,z_0.6-1.0,normal_agn,0
082827.81+000129.6,127.115899,0.024911,0.802988,z_0.6-1.0,normal_agn,0
081030.15+322504.9,122.625633,32.418052,0.729214,z_0.6-1.0,normal_agn,0
082519.84+390858.0,126.332704,39.149470,0.875000,z_0.6-1.0,normal_agn,0
083221.74+334139.0,128.090590,33.694176,0.889562,z_0.6-1.0,normal_agn,0
083210.75+040326.5,128.044828,4.057387,0.843000,z_0.6-1.0,normal_agn,0
081241.44+455901.4,123.172688,45.983745,0.735000,z_0.6-1.0,normal_agn,0
075201.82+210434.7,118.007597,21.076314,0.871507,z_0.6-1.0,normal_agn,0
083226.07+343414.3,128.108658,34.570641,0.999079,z_0.6-1.0,normal_agn,0
083533.62+071809.4,128.890088,7.302621,0.862702,z_0.6-1.0,normal_agn,0
081413.20+201101.2,123.555030,20.183694,0.832000,z_0.6-1.0,normal_agn,0
084223.14+230627.9,130.596437,23.107777,0.941955,z_0.6-1.0,normal_agn,0
080256.99+385755.1,120.737482,38.965312,0.718000,z_0.6-1.0,normal_agn,0
082544.01+474855.6,126.433412,47.815468,0.723558,z_0.6-1.0,normal_agn,0
080025.46+245440.8,120.106107,24.911343,0.756000,z_0.6-1.0,normal_agn,0
075439.66+213435.9,118.665290,21.576652,0.978249,z_0.6-1.0,normal_agn,0
081849.92+462355.1,124.708040,46.398654,0.626000,z_0.6-1.0,normal_agn,0
084057.44+411412.5,130.239360,41.236826,0.875401,z_0.6-1.0,normal_agn,0
081722.74+380921.7,124.344783,38.156051,0.764055,z_0.6-1.0,normal_agn,0
080915.24+513235.7,122.313527,51.543268,0.816000,z_0.6-1.0,normal_agn,0
081007.45+432159.9,122.531082,43.366649,0.749000,z_0.6-1.0,normal_agn,0
075950.23+451729.0,119.959315,45.291398,0.651119,z_0.6-1.0,normal_agn,0
084135.20+430957.3,130.396681,43.165917,0.781000,z_0.6-1.0,normal_agn,0
083938.60+340617.7,129.910863,34.104938,0.864733,z_0.6-1.0,normal_agn,0
081012.58+203646.3,122.552443,20.612874,0.636936,z_0.6-1.0,normal_agn,0
082236.06+141224.5,125.650288,14.206809,0.830000,z_0.6-1.0,normal_agn,0
083651.97+150146.4,129.216579,15.029556,0.686000,z_0.6-1.0,normal_agn,0
075841.86+340942.7,119.674454,34.161887,0.803386,z_0.6-1.0,normal_agn,0
081639.90+392622.9,124.166264,39.439695,0.855000,z_0.6-1.0,normal_agn,0
084413.62+221417.1,131.056759,22.238096,0.884023,z_0.6-1.0,normal_agn,0
081210.33+305704.8,123.043062,30.951358,0.863000,z_0.6-1.0,normal_agn,0
074925.16+252415.0,117.354870,25.404183,0.974307,z_0.6-1.0,normal_agn,0
075619.29+443107.6,119.080387,44.518792,0.735000,z_0.6-1.0,normal_agn,0
082636.30+253137.2,126.651275,25.527010,0.790761,z_0.6-1.0,normal_agn,0
081832.35+481331.9,124.634814,48.225540,0.881000,z_0.6-1.0,normal_agn,0
080013.40+243457.8,120.055862,24.582733,0.949598,z_0.6-1.0,normal_agn,0
083541.13+320753.8,128.921406,32.131620,0.956031,z_0.6-1.0,normal_agn,0
083251.55+173457.4,128.214803,17.582626,0.679000,z_0.6-1.0,normal_agn,0
081920.32+445412.2,124.834703,44.903397,0.960946,z_0.6-1.0,normal_agn,0
082332.90+264042.5,125.887091,26.678485,0.991960,z_0.6-1.0,normal_agn,0
084402.23+390905.9,131.009312,39.151645,0.974000,z_0.6-1.0,normal_agn,0
082104.88+500848.8,125.270346,50.146899,0.825447,z_0.6-1.0,normal_agn,0
075743.45+492245.0,119.431080,49.379172,0.753182,z_0.6-1.0,normal_agn,0
083504.63+381916.9,128.769321,38.321366,0.987412,z_0.6-1.0,normal_agn,0
082801.70+104625.8,127.007085,10.773834,0.728000,z_0.6-1.0,normal_agn,0
081758.77+424500.7,124.494912,42.750201,0.802636,z_0.6-1.0,normal_agn,0
083048.44+293912.5,127.701874,29.653489,0.927646,z_0.6-1.0,normal_agn,0
074843.12+361219.4,117.179682,36.205412,0.650184,z_0.6-1.0,normal_agn,0
075651.98+280718.3,119.216593,28.121772,0.923269,z_0.6-1.0,normal_agn,0
081844.19+502218.6,124.684163,50.371837,0.947434,z_0.6-1.0,normal_agn,0
082913.29+212704.4,127.305409,21.451231,0.898205,z_0.6-1.0,normal_agn,0
075637.28+094630.0,119.155369,9.775007,0.707000,z_0.6-1.0,normal_agn,0
082108.07+453440.3,125.283659,45.577884,0.771000,z_0.6-1.0,normal_agn,0
084417.99+451952.4,131.074976,45.331246,0.684000,z_0.6-1.0,normal_agn,0
075709.35+213718.1,119.288973,21.621710,0.811498,z_0.6-1.0,normal_agn,0
082830.17+541550.6,127.125714,54.264080,0.801000,z_0.6-1.0,normal_agn,0
081743.12+260712.7,124.429667,26.120207,0.608131,z_0.6-1.0,normal_agn,0
080030.47+404421.4,120.126981,40.739294,0.651000,z_0.6-1.0,normal_agn,0
081630.86+350347.8,124.128602,35.063291,0.796000,z_0.6-1.0,normal_agn,0
080459.83+514930.8,121.249310,51.825241,0.692000,z_0.6-1.0,normal_agn,0
082029.65+372040.0,125.123544,37.344472,0.920283,z_0.6-1.0,normal_agn,0
080151.58+310446.5,120.464934,31.079610,0.960866,z_0.6-1.0,normal_agn,0
082409.54+205520.7,126.039763,20.922426,0.879869,z_0.6-1.0,normal_agn,0
083804.16+303707.7,129.517347,30.618813,0.648000,z_0.6-1.0,normal_agn,0
084118.75+175013.6,130.328131,17.837133,0.833000,z_0.6-1.0,normal_agn,0
081740.06+331800.1,124.416951,33.300041,0.663000,z_0.6-1.0,normal_agn,0
081100.51+462532.1,122.752141,46.425603,0.821000,z_0.6-1.0,normal_agn,0
083037.58+564913.9,127.656601,56.820542,0.983000,z_0.6-1.0,normal_agn,0
083944.33+513310.2,129.934724,51.552838,0.721681,z_0.6-1.0,normal_agn,0
081345.75+534805.1,123.440636,53.801423,0.938799,z_0.6-1.0,normal_agn,0
080409.30+352937.0,121.038780,35.493637,0.949376,z_0.6-1.0,normal_agn,0
083250.27+045718.6,128.209494,4.955181,0.649678,z_0.6-1.0,normal_agn,0
081500.44+291739.1,123.751866,29.294205,0.995691,z_0.6-1.0,normal_agn,0
081940.02+212855.8,124.916754,21.482169,0.913186,z_0.6-1.0,normal_agn,0
083409.54+421957.0,128.539770,42.332527,0.827686,z_0.6-1.0,normal_agn,0
083420.97+302416.9,128.587402,30.404702,0.956994,z_0.6-1.0,normal_agn,0
080749.71+263333.6,121.957130,26.559336,0.979557,z_0.6-1.0,normal_agn,0
083354.40+471756.5,128.476683,47.299031,0.614338,z_0.6-1.0,normal_agn,0
080117.31+332156.8,120.322163,33.365792,0.984733,z_0.6-1.0,normal_agn,0
082008.60+031802.3,125.035840,3.300640,0.992480,z_0.6-1.0,normal_agn,0
081845.08+422815.1,124.687850,42.470882,0.802516,z_0.6-1.0,normal_agn,0
083559.71+125638.7,128.998808,12.944089,0.681000,z_0.6-1.0,normal_agn,0
075242.20+380445.8,118.175856,38.079396,0.603129,z_0.6-1.0,normal_agn,0
082551.41+264205.8,126.464211,26.701630,0.973426,z_0.6-1.0,normal_agn,0
082427.36+305032.7,126.114038,30.842443,0.735955,z_0.6-1.0,normal_agn,0
083458.02+531709.9,128.741787,53.286085,0.793000,z_0.6-1.0,normal_agn,0
075839.74+514913.7,119.665595,51.820488,0.685925,z_0.6-1.0,normal_agn,0
081250.86+360040.0,123.211950,36.011112,0.661869,z_0.6-1.0,normal_agn,0
084254.28+240909.6,130.726180,24.152673,0.614430,z_0.6-1.0,normal_agn,0
083659.70+355452.2,129.248779,35.914525,0.901002,z_0.6-1.0,normal_agn,0
081728.41+330938.6,124.368415,33.160734,0.820000,z_0.6-1.0,normal_agn,0
082658.47+470903.0,126.743665,47.150845,0.772000,z_0.6-1.0,normal_agn,0
075821.23+503307.2,119.588470,50.552014,0.772000,z_0.6-1.0,normal_agn,0
080012.99+221540.2,120.054131,22.261192,0.626667,z_0.6-1.0,normal_agn,0
080002.90+232823.0,120.012093,23.473059,0.905873,z_0.6-1.0,normal_agn,0
083421.50+285129.7,128.589608,28.858255,0.721000,z_0.6-1.0,normal_agn,0
082210.84+313842.1,125.545167,31.645043,0.723182,z_0.6-1.0,normal_agn,0
083721.26+160932.4,129.338599,16.159005,0.674411,z_0.6-1.0,normal_agn,0
080128.89+113809.7,120.370382,11.636033,0.828000,z_0.6-1.0,normal_agn,0
082132.68+514532.6,125.386182,51.759060,0.992000,z_0.6-1.0,normal_agn,0
083442.17+050538.2,128.675709,5.093955,0.700000,z_0.6-1.0,normal_agn,0
083300.04+300559.1,128.250179,30.099756,0.666512,z_0.6-1.0,normal_agn,0
081429.00+483414.0,123.620849,48.570569,0.987000,z_0.6-1.0,normal_agn,0
084517.39+513412.4,131.322478,51.570128,0.634671,z_0.6-1.0,normal_agn,0
080718.81+365010.1,121.828392,36.836139,0.997594,z_0.6-1.0,normal_agn,0
082316.16+244553.2,125.817333,24.764794,0.987903,z_0.6-1.0,normal_agn,0
082352.18+543307.2,125.967446,54.552009,0.984000,z_0.6-1.0,normal_agn,0
075439.79+373520.5,118.665830,37.589048,0.729474,z_0.6-1.0,normal_agn,0
082424.38+313238.3,126.101612,31.543994,0.971868,z_0.6-1.0,normal_agn,0
084046.22+090229.3,130.192602,9.041499,0.779000,z_0.6-1.0,normal_agn,0
084431.20+340436.4,131.130006,34.076793,0.774305,z_0.6-1.0,normal_agn,0
083845.92+522908.5,129.691358,52.485696,0.720456,z_0.6-1.0,normal_agn,0
075344.60+341026.0,118.435859,34.173904,0.983435,z_0.6-1.0,normal_agn,0
082438.37+391806.8,126.159892,39.301889,0.731997,z_0.6-1.0,normal_agn,0
075829.26+214102.9,119.621935,21.684155,0.614397,z_0.6-1.0,normal_agn,0
080025.61+085017.7,120.106738,8.838267,0.849000,z_0.6-1.0,normal_agn,0
082059.59+252257.8,125.248326,25.382728,0.664758,z_0.6-1.0,normal_agn,0
082331.89+243220.6,125.882885,24.539081,0.821000,z_0.6-1.0,normal_agn,0
082555.39+345154.0,126.480819,34.865026,0.985265,z_0.6-1.0,normal_agn,0
082441.90+393211.5,126.174596,39.536530,0.879000,z_0.6-1.0,normal_agn,0
084049.48+234922.9,130.206174,23.823039,0.779582,z_0.6-1.0,normal_agn,0
075819.72+091151.2,119.582184,9.197561,0.731000,z_0.6-1.0,normal_agn,0
080333.54+164512.3,120.889766,16.753428,0.665000,z_0.6-1.0,normal_agn,0
084351.28+045904.6,130.963689,4.984629,0.920597,z_0.6-1.0,normal_agn,0
082009.29+195823.0,125.038710,19.973073,0.991000,z_0.6-1.0,normal_agn,0
080423.02+451947.5,121.095953,45.329886,0.734000,z_0.6-1.0,normal_agn,0
075143.55+191312.9,117.931463,19.220259,0.735000,z_0.6-1.0,normal_agn,0
075927.50+240447.6,119.864616,24.079898,0.817294,z_0.6-1.0,normal_agn,0
081826.11+362322.0,124.608794,36.389458,0.693000,z_0.6-1.0,normal_agn,0
081129.61+230947.4,122.873408,23.163176,0.780000,z_0.6-1.0,normal_agn,0
081141.00+540857.0,122.920870,54.149188,0.715000,z_0.6-1.0,normal_agn,0
081604.43+394501.7,124.018493,39.750496,0.961000,z_0.6-1.0,normal_agn,0
084031.90+370211.3,130.132949,37.036484,0.734000,z_0.6-1.0,normal_agn,0
082209.77+530233.8,125.540723,53.042748,0.999000,z_0.6-1.0,normal_agn,0
082826.20+394436.8,127.109169,39.743581,0.886000,z_0.6-1.0,normal_agn,0
075743.39+074810.0,119.430819,7.802789,0.831000,z_0.6-1.0,normal_agn,0
080738.31+393723.5,121.909654,39.623221,0.900993,z_0.6-1.0,normal_agn,0
075235.36+454034.8,118.147356,45.676348,0.837000,z_0.6-1.0,normal_agn,0
080741.83+315120.9,121.924333,31.855821,0.785234,z_0.6-1.0,normal_agn,0
082840.64+211812.6,127.169360,21.303516,0.916000,z_0.6-1.0,normal_agn,0
084119.93+491524.0,130.333046,49.256687,0.851000,z_0.6-1.0,normal_agn,0
081030.32+281325.9,122.626346,28.223878,0.888479,z_0.6-1.0,normal_agn,0
083956.62+464427.7,129.985937,46.741031,0.824490,z_0.6-1.0,normal_agn,0
080217.23+491221.0,120.571802,49.205847,0.877270,z_0.6-1.0,normal_agn,0
083837.14+203421.2,129.654759,20.572575,0.636000,z_0.6-1.0,normal_agn,0
081605.43+213214.7,124.022653,21.537442,0.653284,z_0.6-1.0,normal_agn,0
084518.19+303100.3,131.325792,30.516777,0.695024,z_0.6-1.0,normal_agn,0
084313.67+425527.3,130.806981,42.924277,0.719000,z_0.6-1.0,normal_agn,0
080248.18+551328.8,120.700788,55.224685,0.663000,z_0.6-1.0,normal_agn,0
082102.67+412355.0,125.261140,41.398615,0.808242,z_0.6-1.0,normal_agn,0
080023.09+152222.8,120.096235,15.373016,0.958000,z_0.6-1.0,normal_agn,0
083024.28+482351.3,127.601172,48.397609,0.938892,z_0.6-1.0,normal_agn,0
081024.84+231356.9,122.603511,23.232485,0.811000,z_0.6-1.0,normal_agn,0
080328.38+294232.1,120.868259,29.708940,0.859000,z_0.6-1.0,normal_agn,0
082516.76+555950.6,126.319848,55.997416,0.826000,z_0.6-1.0,normal_agn,0
084141.04+472436.6,130.421033,47.410183,0.975000,z_0.6-1.0,normal_agn,0
082010.36+021517.4,125.043189,2.254856,0.762000,z_0.6-1.0,normal_agn,0
083355.08+330403.8,128.479541,33.067724,0.941998,z_0.6-1.0,normal_agn,0
082956.40+193730.0,127.485040,19.625020,0.971679,z_0.6-1.0,normal_agn,0
080313.70+432736.6,120.807120,43.460167,0.652251,z_0.6-1.0,normal_agn,0
083201.59+260349.9,128.006645,26.063887,0.782000,z_0.6-1.0,normal_agn,0
081930.60+481952.1,124.877518,48.331162,0.609234,z_0.6-1.0,normal_agn,0
081820.24+372130.9,124.584346,37.358610,0.769277,z_0.6-1.0,normal_agn,0
074854.37+193908.4,117.226569,19.652355,0.883000,z_0.6-1.0,normal_agn,0
084347.16+325734.4,130.946511,32.959571,0.765200,z_0.6-1.0,normal_agn,0
081410.57+283107.9,123.544044,28.518883,0.892000,z_0.6-1.0,normal_agn,0
082837.75+232405.8,127.157310,23.401624,0.989196,z_0.6-1.0,normal_agn,0
081948.26+571427.3,124.951089,57.240929,0.706000,z_0.6-1.0,normal_agn,0
083946.40+551226.4,129.943371,55.207344,0.890374,z_0.6-1.0,normal_agn,0
082114.35+114715.3,125.309812,11.787609,0.937000,z_0.6-1.0,normal_agn,0
083319.05+164559.1,128.329388,16.766430,0.876000,z_0.6-1.0,normal_agn,0
083655.73+342335.4,129.232218,34.393176,0.789916,z_0.6-1.0,normal_agn,0
083900.57+315846.8,129.752381,31.979680,0.754737,z_0.6-1.0,normal_agn,0
082136.31+062800.6,125.401300,6.466844,0.622000,z_0.6-1.0,normal_agn,0
083410.05+220641.3,128.541895,22.111482,0.704157,z_0.6-1.0,normal_agn,0
080419.10+405347.4,121.079594,40.896527,0.832000,z_0.6-1.0,normal_agn,0
075757.36+434840.9,119.489036,43.811386,0.875000,z_0.6-1.0,normal_agn,0
083049.50+374128.0,127.706284,37.691125,0.749000,z_0.6-1.0,normal_agn,0
084343.04+522850.0,130.929350,52.480572,0.914848,z_0.6-1.0,normal_agn,0
080655.11+130901.9,121.729654,13.150547,0.817934,z_0.6-1.0,normal_agn,0
080320.46+353703.6,120.835285,35.617678,0.753000,z_0.6-1.0,normal_agn,0
082928.29+552552.8,127.367877,55.431353,0.968438,z_0.6-1.0,normal_agn,0
080202.00+470012.6,120.508369,47.003524,0.629145,z_0.6-1.0,normal_agn,0
084403.14+303035.0,131.013113,30.509745,0.959607,z_0.6-1.0,normal_agn,0
084005.40+431506.5,130.022532,43.251807,0.864000,z_0.6-1.0,normal_agn,0
075211.27+435338.6,118.046962,43.894067,0.886026,z_0.6-1.0,normal_agn,0
084139.62+023021.6,130.415102,2.506016,0.613000,z_0.6-1.0,normal_agn,0
081503.43+273802.6,123.764303,27.634059,0.924371,z_0.6-1.0,normal_agn,0
081400.47+465255.1,123.501965,46.881983,0.907000,z_0.6-1.0,normal_agn,0
082813.09+433155.7,127.054544,43.532150,0.768000,z_0.6-1.0,normal_agn,0
081331.88+383943.8,123.382862,38.662170,0.876000,z_0.6-1.0,normal_agn,0
083722.40+042659.6,129.343341,4.449896,0.699161,z_0.6-1.0,normal_agn,0
082015.11+415852.3,125.062964,41.981207,0.835170,z_0.6-1.0,normal_agn,0
083447.46+600307.5,128.697762,60.052096,0.982000,z_0.6-1.0,normal_agn,0
084156.77+213654.3,130.486578,21.615097,0.897000,z_0.6-1.0,normal_agn,0
081702.19+491920.5,124.259154,49.322377,0.854000,z_0.6-1.0,normal_agn,0
082926.01+180020.7,127.358392,18.005772,0.810865,z_0.6-1.0,normal_agn,0
081300.26+314627.2,123.251090,31.774246,0.761000,z_0.6-1.0,normal_agn,0
081318.21+230350.4,123.325885,23.064027,0.972441,z_0.6-1.0,normal_agn,0
080731.87+052651.0,121.882814,5.447515,0.717409,z_0.6-1.0,normal_agn,0
075034.40+654125.6,117.643365,65.690462,0.749000,z_0.6-1.0,normal_agn,0
082304.06+493843.0,125.766951,49.645292,0.766145,z_0.6-1.0,normal_agn,0
082203.08+425649.3,125.512866,42.947040,0.960000,z_0.6-1.0,normal_agn,0
084337.68+154711.9,130.907008,15.786642,0.903783,z_0.6-1.0,normal_agn,0
084507.13+235620.8,131.279725,23.939121,0.842000,z_0.6-1.0,normal_agn,0
083843.11+203427.1,129.679638,20.574222,0.918924,z_0.6-1.0,normal_agn,0
075819.90+215401.6,119.582921,21.900455,0.805124,z_0.6-1.0,normal_agn,0
083246.03+441448.4,128.191807,44.246781,0.715381,z_0.6-1.0,normal_agn,0
082351.62+205723.5,125.965091,20.956540,0.920489,z_0.6-1.0,normal_agn,0
075433.08+172051.5,118.637835,17.347659,0.780000,z_0.6-1.0,normal_agn,0
084114.01+390059.4,130.308415,39.016514,0.786521,z_0.6-1.0,normal_agn,0
082952.89+354040.9,127.470413,35.678040,0.748000,z_0.6-1.0,normal_agn,0
082744.48+542027.3,126.935343,54.340926,0.890000,z_0.6-1.0,normal_agn,0
082640.63+290057.1,126.669300,29.015868,0.868615,z_0.6-1.0,normal_agn,0
075154.97+202246.6,117.979047,20.379624,0.966754,z_0.6-1.0,normal_agn,0
080639.23+242821.8,121.663465,24.472748,0.864028,z_0.6-1.0,normal_agn,0
080837.70+282851.4,122.157094,28.480946,0.945021,z_0.6-1.0,normal_agn,0
083021.09+224044.6,127.587876,22.679072,0.772006,z_0.6-1.0,normal_agn,0
080922.44+055528.0,122.343528,5.924463,0.749466,z_0.6-1.0,normal_agn,0
084102.02+320101.4,130.258444,32.017073,0.795800,z_0.6-1.0,normal_agn,0
080857.60+260205.6,122.240028,26.034895,0.685000,z_0.6-1.0,normal_agn,0
083817.63+045651.5,129.573485,4.947663,0.926000,z_0.6-1.0,normal_agn,0
080833.38+040307.8,122.139086,4.052173,0.865000,z_0.6-1.0,normal_agn,0
083532.03+092450.2,128.883500,9.413960,0.765000,z_0.6-1.0,normal_agn,0
074936.75+445438.8,117.403142,44.910804,0.849189,z_0.6-1.0,normal_agn,0
082354.39+285848.5,125.976633,28.980141,0.864000,z_0.6-1.0,normal_agn,0
081837.39+352904.1,124.655825,35.484489,0.971478,z_0.6-1.0,normal_agn,0
080450.65+400645.8,121.211071,40.112746,0.764102,z_0.6-1.0,normal_agn,0
080948.11+243754.9,122.450485,24.631936,0.962795,z_0.6-1.0,normal_agn,0
075257.13+375020.6,118.238048,37.839057,0.932331,z_0.6-1.0,normal_agn,0
081835.72+381944.6,124.648836,38.329056,0.640000,z_0.6-1.0,normal_agn,0
081122.02+335308.8,122.841757,33.885778,0.802143,z_0.6-1.0,normal_agn,0
083338.53+331853.0,128.410570,33.314738,0.954000,z_0.6-1.0,normal_agn,0
082725.90+212044.5,126.857921,21.345718,0.781000,z_0.6-1.0,normal_agn,0
083904.00+463113.6,129.766672,46.520464,0.735000,z_0.6-1.0,normal_agn,0
080607.79+562635.5,121.532465,56.443195,0.948661,z_0.6-1.0,normal_agn,0
081208.61+230531.2,123.035900,23.092010,0.976597,z_0.6-1.0,normal_agn,0
082055.64+113930.9,125.231872,11.658588,0.763000,z_0.6-1.0,normal_agn,0
082608.87+314353.4,126.536966,31.731519,0.861000,z_0.6-1.0,normal_agn,0
080604.87+280049.3,121.520301,28.013696,0.918893,z_0.6-1.0,normal_agn,0
083010.70+400619.6,127.544588,40.105456,0.895000,z_0.6-1.0,normal_agn,0
081341.54+522901.1,123.423114,52.483666,0.792000,z_0.6-1.0,normal_agn,0
075304.64+245844.8,118.269364,24.979135,0.874000,z_0.6-1.0,normal_agn,0
081141.26+471051.5,122.921950,47.180985,0.970000,z_0.6-1.0,normal_agn,0
083559.72+295028.9,128.998842,29.841380,0.687866,z_0.6-1.0,normal_agn,0
081055.07+352119.0,122.729469,35.355298,0.743361,z_0.6-1.0,normal_agn,0
083520.36+281655.5,128.834867,28.282085,0.674225,z_0.6-1.0,normal_agn,0
083949.88+555108.0,129.957845,55.852229,0.901000,z_0.6-1.0,normal_agn,0
080912.47+074731.4,122.301977,7.792080,0.855400,z_0.6-1.0,normal_agn,0
083025.74+425831.0,127.607284,42.975299,0.993285,z_0.6-1.0,normal_agn,0
081325.48+431832.6,123.356181,43.309060,0.973830,z_0.6-1.0,normal_agn,0
075053.77+100510.6,117.724048,10.086301,0.632000,z_0.6-1.0,normal_agn,0
083600.92+443615.8,129.003845,44.604414,0.908000,z_0.6-1.0,normal_agn,0
080233.25+240209.3,120.638555,24.035933,0.931132,z_0.6-1.0,normal_agn,0
075854.31+131527.1,119.726315,13.257535,0.708000,z_0.6-1.0,normal_agn,0
083748.07+421238.0,129.450324,42.210574,0.764020,z_0.6-1.0,normal_agn,0
080801.48+273526.2,122.006200,27.590638,0.804067,z_0.6-1.0,normal_agn,0
083241.56+453903.0,128.173195,45.650841,0.837000,z_0.6-1.0,normal_agn,0
075058.49+391958.2,117.743741,39.332858,0.609935,z_0.6-1.0,normal_agn,0
082036.77+543226.1,125.153214,54.540586,0.923000,z_0.6-1.0,normal_agn,0
083240.32+282202.4,128.168020,28.367346,0.985479,z_0.6-1.0,normal_agn,0
081932.81+515312.5,124.886727,51.886832,0.909000,z_0.6-1.0,normal_agn,0
082733.92+445041.1,126.891374,44.844762,0.664000,z_0.6-1.0,normal_agn,0
084011.01+275905.2,130.045885,27.984788,0.923237,z_0.6-1.0,normal_agn,0
080035.90+310323.1,120.149613,31.056428,0.699767,z_0.6-1.0,normal_agn,0
075140.48+350742.5,117.918673,35.128473,0.971421,z_0.6-1.0,normal_agn,0
081920.29+544655.5,124.834556,54.782110,0.943000,z_0.6-1.0,normal_agn,0
081354.49+262534.9,123.477072,26.426382,0.608000,z_0.6-1.0,normal_agn,0
075247.07+465433.9,118.196141,46.909426,0.649000,z_0.6-1.0,normal_agn,0
081703.07+375853.9,124.262811,37.981657,0.752000,z_0.6-1.0,normal_agn,0
082323.29+512130.7,125.847079,51.358546,0.651000,z_0.6-1.0,normal_agn,0
083625.40+305724.7,129.105840,30.956864,0.643792,z_0.6-1.0,normal_agn,0
074958.56+483524.3,117.494003,48.590087,0.753000,z_0.6-1.0,normal_agn,0
081729.37+412523.0,124.372396,41.423076,0.799711,z_0.6-1.0,normal_agn,0
083115.89+423316.5,127.816224,42.554609,0.932051,z_0.6-1.0,normal_agn,0
082951.35+283700.2,127.463961,28.616739,0.853445,z_0.6-1.0,normal_agn,0
080117.11+463653.2,120.321317,46.614789,0.826000,z_0.6-1.0,normal_agn,0
082658.82+391517.8,126.745107,39.254946,0.743000,z_0.6-1.0,normal_agn,0
075019.77+383138.7,117.582395,38.527441,0.634655,z_0.6-1.0,normal_agn,0
081815.68+215441.5,124.565370,21.911546,0.644652,z_0.6-1.0,normal_agn,0
080233.62+492753.6,120.640087,49.464903,0.605860,z_0.6-1.0,normal_agn,0
083843.43+015750.2,129.680974,1.963951,0.897626,z_0.6-1.0,normal_agn,0
082058.12+573121.4,125.242167,57.522616,0.887000,z_0.6-1.0,normal_agn,0
084335.17+562557.4,130.896579,56.432627,0.991000,z_0.6-1.0,normal_agn,0
083250.25+470957.5,128.209401,47.165983,0.903416,z_0.6-1.0,normal_agn,0
081527.13+150237.5,123.863066,15.043763,0.707522,z_0.6-1.0,normal_agn,0
075516.28+334257.8,118.817862,33.716057,0.889000,z_0.6-1.0,normal_agn,0
080843.10+414705.1,122.179601,41.784756,0.741000,z_0.6-1.0,normal_agn,0
082714.28+313956.8,126.809514,31.665805,0.644521,z_0.6-1.0,normal_agn,0
075105.17+351248.5,117.771560,35.213475,0.932755,z_0.6-1.0,normal_agn,0
083058.06+380207.1,127.741950,38.035315,0.862730,z_0.6-1.0,normal_agn,0
081315.34+335302.5,123.313949,33.884040,0.865000,z_0.6-1.0,normal_agn,0
075143.71+252935.1,117.932157,25.493091,0.722000,z_0.6-1.0,normal_agn,0
084257.26+464756.0,130.738617,46.798902,0.953000,z_0.6-1.0,normal_agn,0
075041.90+323307.3,117.674594,32.552046,0.809400,z_0.6-1.0,normal_agn,0
082152.38+361740.8,125.468265,36.294691,0.903000,z_0.6-1.0,normal_agn,0
081754.87+545127.9,124.478650,54.857768,0.929000,z_0.6-1.0,normal_agn,0
083828.17+223633.0,129.617387,22.609178,0.844687,z_0.6-1.0,normal_agn,0
081129.90+545849.4,122.874622,54.980396,0.905000,z_0.6-1.0,normal_agn,0
080934.00+261752.4,122.391699,26.297901,0.901945,z_0.6-1.0,normal_agn,0
075249.71+233544.6,118.207160,23.595749,0.870304,z_0.6-1.0,normal_agn,0
075140.33+444305.3,117.918074,44.718166,0.849000,z_0.6-1.0,normal_agn,0
081139.55+310123.1,122.914808,31.023094,0.993000,z_0.6-1.0,normal_agn,0
084027.34+254327.9,130.113951,25.724431,0.844582,z_0.6-1.0,normal_agn,0
075332.67+385003.1,118.386164,38.834200,0.761163,z_0.6-1.0,normal_agn,0
083118.54+343307.3,127.827282,34.552053,0.934909,z_0.6-1.0,normal_agn,0
075303.57+444258.1,118.264894,44.716154,0.796350,z_0.6-1.0,normal_agn,0
075417.11+442955.9,118.571294,44.498865,0.923391,z_0.6-1.0,normal_agn,0
080942.52+204900.8,122.427181,20.816904,0.994006,z_0.6-1.0,normal_agn,0
084336.74+333121.5,130.903124,33.522642,0.913500,z_0.6-1.0,normal_agn,0
082438.47+063742.3,126.160318,6.628441,0.828000,z_0.6-1.0,normal_agn,0
080742.04+081554.3,121.925195,8.265090,0.715500,z_0.6-1.0,normal_agn,0
075126.74+410844.3,117.861434,41.145654,0.933000,z_0.6-1.0,normal_agn,0
075356.34+290829.1,118.484767,29.141442,0.979387,z_0.6-1.0,normal_agn,0
082703.40+503149.7,126.764177,50.530480,0.746648,z_0.6-1.0,normal_agn,0
081752.02+300539.5,124.466775,30.094317,0.761000,z_0.6-1.0,normal_agn,0
084115.17+185408.3,130.313243,18.902310,0.799402,z_0.6-1.0,normal_agn,0
082839.64+365308.6,127.165177,36.885735,0.928696,z_0.6-1.0,normal_agn,0
081058.99+194601.2,122.745807,19.767021,0.658000,z_0.6-1.0,normal_agn,0
081743.21+423510.3,124.430079,42.586199,0.643000,z_0.6-1.0,normal_agn,0
082917.83+415020.5,127.324293,41.839029,0.973148,z_0.6-1.0,normal_agn,0
081010.98+201421.1,122.545780,20.239194,0.729977,z_0.6-1.0,normal_agn,0
075432.27+223417.1,118.634476,22.571435,0.857000,z_0.6-1.0,normal_agn,0
081655.16+370958.1,124.229849,37.166162,0.715000,z_0.6-1.0,normal_agn,0
081223.44+342903.0,123.097683,34.484188,0.835193,z_0.6-1.0,normal_agn,0
082218.73+272016.0,125.578068,27.337801,0.703839,z_0.6-1.0,normal_agn,0
084454.24+064708.7,131.226015,6.785770,0.998043,z_0.6-1.0,normal_agn,0
084515.62+513653.7,131.315116,51.614939,0.695000,z_0.6-1.0,normal_agn,0
083939.23+413518.0,129.913488,41.588339,0.652835,z_0.6-1.0,normal_agn,0
082258.89+360222.1,125.745394,36.039484,0.935016,z_0.6-1.0,normal_agn,0
075837.93+241159.5,119.658081,24.199866,0.808909,z_0.6-1.0,normal_agn,0
080100.70+411111.8,120.252929,41.186624,0.828758,z_0.6-1.0,normal_agn,0
080535.93+213930.6,121.399715,21.658517,0.657870,z_0.6-1.0,normal_agn,0
080700.62+192510.8,121.752593,19.419680,0.842000,z_0.6-1.0,normal_agn,0
081148.31+212533.6,122.951321,21.426002,0.654050,z_0.6-1.0,normal_agn,0
081813.38+343829.1,124.555760,34.641433,0.805286,z_0.6-1.0,normal_agn,0
080605.44+540833.8,121.522688,54.142735,0.615000,z_0.6-1.0,normal_agn,0
075146.63+435807.2,117.944327,43.968684,0.990734,z_0.6-1.0,normal_agn,0
083241.10+183849.2,128.171276,18.647003,0.863000,z_0.6-1.0,normal_agn,0
083655.32+142642.6,129.230517,14.445168,0.724000,z_0.6-1.0,normal_agn,0
075331.22+265526.4,118.380118,26.924027,0.933322,z_0.6-1.0,normal_agn,0
084058.75+225532.2,130.244807,22.925635,0.739873,z_0.6-1.0,normal_agn,0
084059.58+373201.7,130.248290,37.533821,0.942000,z_0.6-1.0,normal_agn,0
075244.47+450613.4,118.185312,45.103739,0.881000,z_0.6-1.0,normal_agn,0
084119.89+521001.7,130.332891,52.167148,0.674000,z_0.6-1.0,normal_agn,0
083134.63+245840.7,127.894294,24.977975,0.993497,z_0.6-1.0,normal_agn,0
084211.74+103747.3,130.548931,10.629822,0.777000,z_0.6-1.0,normal_agn,0
082133.86+425021.5,125.391090,42.839322,0.650000,z_0.6-1.0,normal_agn,0
080633.19+153810.2,121.638311,15.636170,0.999020,z_0.6-1.0,normal_agn,0
083454.20+521823.7,128.725870,52.306611,0.897555,z_0.6-1.0,normal_agn,0
084225.96+450126.9,130.608197,45.024161,0.878000,z_0.6-1.0,normal_agn,0
083821.91+522025.8,129.591311,52.340513,0.956076,z_0.6-1.0,normal_agn,0
075420.76+364002.9,118.586509,36.667495,0.893120,z_0.6-1.0,normal_agn,0
075855.24+172440.3,119.730172,17.411219,0.836000,z_0.6-1.0,normal_agn,0
075351.21+513644.0,118.463389,51.612226,0.738000,z_0.6-1.0,normal_agn,0
080057.10+420518.2,120.237940,42.088394,0.673986,z_0.6-1.0,normal_agn,0
074928.96+301457.5,117.370681,30.249320,0.998594,z_0.6-1.0,normal_agn,0
082412.27+175155.7,126.051127,17.865499,0.693000,z_0.6-1.0,normal_agn,0
080725.00+452910.8,121.854189,45.486344,0.697000,z_0.6-1.0,normal_agn,0
082606.56+491545.5,126.527368,49.262645,0.840000,z_0.6-1.0,normal_agn,0
083930.35+534910.3,129.876463,53.819548,0.753000,z_0.6-1.0,normal_agn,0
083136.99+304826.8,127.904135,30.807445,0.999634,z_0.6-1.0,normal_agn,0
081041.87+290509.6,122.674475,29.086015,0.944409,z_0.6-1.0,normal_agn,0
080535.08+490544.3,121.396183,49.095664,0.809302,z_0.6-1.0,normal_agn,0
082227.47+481108.6,125.614493,48.185734,0.890000,z_0.6-1.0,normal_agn,0
084110.32+302650.2,130.293009,30.447302,0.673789,z_0.6-1.0,normal_agn,0
075116.33+493143.4,117.818046,49.528749,0.617000,z_0.6-1.0,normal_agn,0
081307.24+264133.5,123.280170,26.692644,0.693891,z_0.6-1.0,normal_agn,0
081936.03+243052.6,124.900131,24.514626,0.964563,z_0.6-1.0,normal_agn,0
084500.44+582801.2,131.251856,58.467013,0.790000,z_0.6-1.0,normal_agn,0
081510.38+453254.6,123.793274,45.548502,0.776000,z_0.6-1.0,normal_agn,0
081922.35+491307.8,124.843160,49.218834,0.938891,z_0.6-1.0,normal_agn,0
080813.88+490649.9,122.057865,49.113871,0.961340,z_0.6-1.0,normal_agn,0
082924.73+511843.2,127.353046,51.312020,0.824105,z_0.6-1.0,normal_agn,0
082701.09+300206.0,126.754572,30.035018,0.678517,z_0.6-1.0,normal_agn,0
081607.21+344442.3,124.030043,34.745085,0.817000,z_0.6-1.0,normal_agn,0
080530.33+415211.6,121.376396,41.869909,0.737000,z_0.6-1.0,normal_agn,0
083529.06+335727.2,128.871094,33.957581,0.926114,z_0.6-1.0,normal_agn,0
081646.01+544129.5,124.191711,54.691530,0.761000,z_0.6-1.0,normal_agn,0
083840.88+520952.5,129.670347,52.164607,0.765000,z_0.6-1.0,normal_agn,0
081737.91+303803.3,124.407982,30.634251,0.702526,z_0.6-1.0,normal_agn,0
080126.72+242356.0,120.361356,24.398896,0.658060,z_0.6-1.0,normal_agn,0
083022.67+511933.8,127.594467,51.326061,0.650747,z_0.6-1.0,normal_agn,0
082148.20+372240.5,125.450845,37.377924,0.998968,z_0.6-1.0,normal_agn,0
081029.80+275004.8,122.624197,27.834688,0.752985,z_0.6-1.0,normal_agn,0
080422.37+432723.8,121.093240,43.456633,0.966691,z_0.6-1.0,normal_agn,0
081410.85+500552.9,123.545227,50.098047,0.901996,z_0.6-1.0,normal_agn,0
083607.85+365708.7,129.032717,36.952444,0.876000,z_0.6-1.0,normal_agn,0
082715.42+163535.9,126.814271,16.593318,0.784000,z_0.6-1.0,normal_agn,0
083811.45+383410.8,129.547726,38.569688,0.670000,z_0.6-1.0,normal_agn,0
082924.34+570030.1,127.351425,57.008377,0.910880,z_0.6-1.0,normal_agn,0
075721.18+430134.5,119.338268,43.026256,0.935940,z_0.6-1.0,normal_agn,0
075344.07+383147.3,118.433630,38.529829,0.984038,z_0.6-1.0,normal_agn,0
083554.97+462910.2,128.979070,46.486178,0.689000,z_0.6-1.0,normal_agn,0
082821.27+253750.1,127.088653,25.630610,0.874037,z_0.6-1.0,normal_agn,0
081136.46+220609.2,122.901949,22.102580,0.735000,z_0.6-1.0,normal_agn,0
083832.92+480014.3,129.637200,48.003987,0.909441,z_0.6-1.0,normal_agn,0
081109.28+502419.3,122.788679,50.405388,0.816000,z_0.6-1.0,normal_agn,0
075506.73+342306.1,118.778059,34.385043,0.689437,z_0.6-1.0,normal_agn,0
081805.71+222733.5,124.523796,22.459323,0.702000,z_0.6-1.0,normal_agn,0
082919.56+192003.8,127.331532,19.334403,0.804000,z_0.6-1.0,normal_agn,0
080632.97+105337.3,121.637401,10.893697,0.898000,z_0.6-1.0,normal_agn,0
081037.62+522317.4,122.656790,52.388178,0.895000,z_0.6-1.0,normal_agn,0
075834.69+135505.9,119.644551,13.918314,0.869671,z_0.6-1.0,normal_agn,0
081239.66+273647.8,123.165290,27.613292,0.881000,z_0.6-1.0,normal_agn,0
083915.35+025325.1,129.813959,2.890313,0.857000,z_0.6-1.0,normal_agn,0
075454.80+392725.6,118.728343,39.457130,0.907298,z_0.6-1.0,normal_agn,0
075359.12+474105.8,118.496374,47.684952,0.773000,z_0.6-1.0,normal_agn,0
081612.60+400800.0,124.052501,40.133359,0.711000,z_0.6-1.0,normal_agn,0
082208.75+251747.2,125.536476,25.296471,0.784790,z_0.6-1.0,normal_agn,0
082614.34+123608.5,126.559770,12.602362,0.714000,z_0.6-1.0,normal_agn,0
083250.72+344550.6,128.211336,34.764071,0.728784,z_0.6-1.0,normal_agn,0
083123.91+334929.1,127.849666,33.824771,0.759482,z_0.6-1.0,normal_agn,0
080720.56+532138.3,121.835702,53.360657,0.941000,z_0.6-1.0,normal_agn,0
083620.33+462727.7,129.084716,46.457705,0.672000,z_0.6-1.0,normal_agn,0
082225.53+090024.5,125.606407,9.006829,0.907200,z_0.6-1.0,normal_agn,0
081313.47+251718.8,123.306127,25.288574,0.807587,z_0.6-1.0,normal_agn,0
083344.21+283939.9,128.434224,28.661108,0.936037,z_0.6-1.0,normal_agn,0
083153.26+280420.6,127.971939,28.072406,0.924869,z_0.6-1.0,normal_agn,0
075111.79+440412.0,117.799126,44.070026,0.813937,z_0.6-1.0,normal_agn,0
075650.65+341245.2,119.211057,34.212582,0.616000,z_0.6-1.0,normal_agn,0
081931.08+223958.4,124.879532,22.666250,0.653726,z_0.6-1.0,normal_agn,0
084253.37+435419.4,130.722397,43.905411,0.613000,z_0.6-1.0,normal_agn,0
080832.16+412042.8,122.134039,41.345240,0.678000,z_0.6-1.0,normal_agn,0
081825.55+464827.4,124.606460,46.807626,0.724000,z_0.6-1.0,normal_agn,0
080608.12+283133.9,121.533848,28.526096,0.970789,z_0.6-1.0,normal_agn,0
080439.82+241913.7,121.165919,24.320495,0.634796,z_0.6-1.0,normal_agn,0
082352.75+431522.7,125.969832,43.256309,0.657759,z_0.6-1.0,normal_agn,0
080532.24+235947.4,121.384357,23.996513,0.778000,z_0.6-1.0,normal_agn,0
084443.03+454831.3,131.179333,45.808708,0.876035,z_0.6-1.0,normal_agn,0
075627.23+320259.9,119.113478,32.049992,0.970000,z_0.6-1.0,normal_agn,0
082701.51+273125.2,126.756317,27.523671,0.823745,z_0.6-1.0,normal_agn,0
082715.45+372301.5,126.814398,37.383765,0.748000,z_0.6-1.0,normal_agn,0
082330.86+422521.5,125.878593,42.422659,0.975248,z_0.6-1.0,normal_agn,0
083204.66+583652.9,128.019435,58.614718,0.895173,z_0.6-1.0,normal_agn,0
082422.75+360036.6,126.094811,36.010190,0.750000,z_0.6-1.0,normal_agn,0
083703.84+430704.2,129.266018,43.117857,0.936584,z_0.6-1.0,normal_agn,0
083252.13+515501.2,128.217223,51.917010,0.714556,z_0.6-1.0,normal_agn,0
083428.89+150120.4,128.620395,15.022337,0.805000,z_0.6-1.0,normal_agn,0
081651.13+273505.5,124.213072,27.584874,0.978668,z_0.6-1.0,normal_agn,0
080507.83+523525.5,121.282661,52.590425,0.666758,z_0.6-1.0,normal_agn,0
075457.30+260308.8,118.738789,26.052457,0.675700,z_0.6-1.0,normal_agn,0
075706.82+291302.0,119.278447,29.217239,0.878777,z_0.6-1.0,normal_agn,0
081239.34+485641.8,123.163954,48.944956,0.828000,z_0.6-1.0,normal_agn,0
075749.89+341855.0,119.457901,34.315279,0.787768,z_0.6-1.0,normal_agn,0
082007.98+334735.9,125.033250,33.793333,0.875801,z_0.6-1.0,normal_agn,0
084123.72+430603.2,130.348849,43.100901,0.841000,z_0.6-1.0,normal_agn,0
080246.63+382022.5,120.694301,38.339610,0.642529,z_0.6-1.0,normal_agn,0
075200.43+360556.1,118.001806,36.098941,0.662742,z_0.6-1.0,normal_agn,0
080304.38+113228.9,120.768290,11.541376,0.683000,z_0.6-1.0,normal_agn,0
082105.73+410212.0,125.273887,41.036682,0.853887,z_0.6-1.0,normal_agn,0
083806.33+072616.7,129.526405,7.437996,0.883266,z_0.6-1.0,normal_agn,0
082720.70+374706.7,126.836290,37.785203,0.827039,z_0.6-1.0,normal_agn,0
081343.41+023708.6,123.430891,2.619072,0.706000,z_0.6-1.0,normal_agn,0
083820.88+202306.4,129.587013,20.385122,0.852960,z_0.6-1.0,normal_agn,0
080510.09+443745.5,121.292074,44.629322,0.992049,z_0.6-1.0,normal_agn,0
083123.69+102001.1,127.848741,10.333657,0.662000,z_0.6-1.0,normal_agn,0
082548.77+493328.8,126.453241,49.558020,0.685000,z_0.6-1.0,normal_agn,0
084416.72+294825.7,131.069695,29.807147,0.899507,z_0.6-1.0,normal_agn,0
081451.86+233102.5,123.716123,23.517385,0.801132,z_0.6-1.0,normal_agn,0
075447.07+363308.6,118.696142,36.552413,0.691238,z_0.6-1.0,normal_agn,0
081722.93+212555.1,124.345579,21.431990,0.978362,z_0.6-1.0,normal_agn,0
081021.38+545134.0,122.589116,54.859450,0.941000,z_0.6-1.0,normal_agn,0
075522.26+290120.3,118.842769,29.022314,0.873667,z_0.6-1.0,normal_agn,0
083104.25+541443.4,127.767718,54.245397,0.985000,z_0.6-1.0,normal_agn,0
084119.35+272116.9,130.330637,27.354695,0.890048,z_0.6-1.0,normal_agn,0
080807.69+254542.1,122.032067,25.761696,0.845000,z_0.6-1.0,normal_agn,0
082426.80+040400.0,126.111688,4.066675,0.690726,z_0.6-1.0,normal_agn,0
084116.49+405710.4,130.318727,40.952892,0.615715,z_0.6-1.0,normal_agn,0
075935.08+340557.1,119.896201,34.099208,0.750000,z_0.6-1.0,normal_agn,0
082733.73+263715.9,126.890555,26.621098,0.688069,z_0.6-1.0,normal_agn,0
082908.29+572139.2,127.284560,57.360914,0.686208,z_0.6-1.0,normal_agn,0
083444.41+414716.3,128.685060,41.787862,0.920969,z_0.6-1.0,normal_agn,0
082831.78+274035.1,127.132447,27.676434,0.820000,z_0.6-1.0,normal_agn,0
080504.61+222301.7,121.269226,22.383832,0.623000,z_0.6-1.0,normal_agn,0
075544.61+331140.7,118.935907,33.194644,0.954904,z_0.6-1.0,normal_agn,0
081320.61+070201.4,123.335876,7.033740,0.740000,z_0.6-1.0,normal_agn,0
083630.12+191309.6,129.125528,19.219352,0.802945,z_0.6-1.0,normal_agn,0
082643.42+275058.5,126.680923,27.849610,0.939255,z_0.6-1.0,normal_agn,0
082931.56+051056.0,127.381533,5.182232,0.829000,z_0.6-1.0,normal_agn,0
082525.96+445209.2,126.358189,44.869232,0.840776,z_0.6-1.0,normal_agn,0
083906.16+521646.0,129.775683,52.279451,0.885000,z_0.6-1.0,normal_agn,0
083737.42+415437.5,129.405938,41.910440,0.711000,z_0.6-1.0,normal_agn,0
075725.34+230927.4,119.355617,23.157632,0.915000,z_0.6-1.0,normal_agn,0
075618.95+265536.1,119.078989,26.926702,0.853378,z_0.6-1.0,normal_agn,0
083508.49+140732.3,128.785388,14.125646,0.933000,z_0.6-1.0,normal_agn,0
081708.16+360906.9,124.284031,36.151933,0.796797,z_0.6-1.0,normal_agn,0
083104.37+073218.5,127.768239,7.538477,0.966290,z_0.6-1.0,normal_agn,0
080753.31+204847.4,121.972133,20.813175,0.623309,z_0.6-1.0,normal_agn,0
083119.70+322815.2,127.832094,32.470910,0.810000,z_0.6-1.0,normal_agn,0
083129.73+474230.2,127.873882,47.708410,0.632636,z_0.6-1.0,normal_agn,0
082957.47+373045.4,127.489474,37.512613,0.787202,z_0.6-1.0,normal_agn,0
080241.02+340208.7,120.670958,34.035775,0.780620,z_0.6-1.0,normal_agn,0
082129.41+403128.5,125.372559,40.524594,0.630228,z_0.6-1.0,normal_agn,0
084402.35+140221.0,131.009797,14.039173,0.904326,z_0.6-1.0,normal_agn,0
081959.65+552115.9,124.998544,55.354444,0.737666,z_0.6-1.0,normal_agn,0
081016.30+460809.5,122.567942,46.135976,0.946000,z_0.6-1.0,normal_agn,0
083832.38+073930.3,129.634943,7.658417,0.685247,z_0.6-1.0,normal_agn,0
075312.41+151129.1,118.301734,15.191434,0.630470,z_0.6-1.0,normal_agn,0
080107.19+234542.8,120.279994,23.761892,0.897248,z_0.6-1.0,normal_agn,0
081006.90+145333.2,122.528783,14.892569,0.880139,z_0.6-1.0,normal_agn,0
081255.49+502709.2,123.231237,50.452556,0.995322,z_0.6-1.0,normal_agn,0
082122.95+381100.8,125.345661,38.183569,0.777083,z_0.6-1.0,normal_agn,0
075751.04+150918.6,119.462680,15.155172,0.612313,z_0.6-1.0,normal_agn,0
080351.24+331844.8,120.963502,33.312463,0.691951,z_0.6-1.0,normal_agn,0
081438.06+205110.6,123.658614,20.852965,0.782827,z_0.6-1.0,normal_agn,0
083208.36+300536.5,128.034874,30.093478,0.618917,z_0.6-1.0,normal_agn,0
083738.73+142928.3,129.411411,14.491200,0.919000,z_0.6-1.0,normal_agn,0
082544.89+364841.4,126.437071,36.811524,0.819884,z_0.6-1.0,normal_agn,0
075148.20+171802.9,117.950867,17.300827,0.901000,z_0.6-1.0,normal_agn,0
083729.23+431453.4,129.371820,43.248187,0.868692,z_0.6-1.0,normal_agn,0
083206.35+390455.0,128.026491,39.081947,0.610493,z_0.6-1.0,normal_agn,0
083054.31+495807.3,127.726311,49.968706,0.991272,z_0.6-1.0,normal_agn,0
084243.34+234151.7,130.680596,23.697695,0.857567,z_0.6-1.0,normal_agn,0
082455.21+330412.1,126.230055,33.070040,0.785470,z_0.6-1.0,normal_agn,0
081527.64+235210.4,123.865170,23.869569,0.720000,z_0.6-1.0,normal_agn,0
080626.78+301544.7,121.611584,30.262435,0.650000,z_0.6-1.0,normal_agn,0
083430.89+193417.2,128.628721,19.571462,0.972530,z_0.6-1.0,normal_agn,0
081436.43+365728.0,123.651808,36.957802,0.915150,z_0.6-1.0,normal_agn,0
083036.24+283639.0,127.651039,28.610835,0.745813,z_0.6-1.0,normal_agn,0
083350.27+113308.1,128.459465,11.552275,0.790000,z_0.6-1.0,normal_agn,0
082625.76+461358.5,126.607349,46.232939,0.805599,z_0.6-1.0,normal_agn,0
082141.16+225327.1,125.421528,22.890873,0.601904,z_0.6-1.0,normal_agn,0
081521.85+564858.4,123.841061,56.816249,0.873000,z_0.6-1.0,normal_agn,0
081834.64+264614.9,124.644357,26.770814,0.945368,z_0.6-1.0,normal_agn,0
083724.27+330452.5,129.351151,33.081276,0.824289,z_0.6-1.0,normal_agn,0
080600.18+345518.3,121.500756,34.921752,0.676212,z_0.6-1.0,normal_agn,0
082902.01+401803.0,127.258415,40.300847,0.726057,z_0.6-1.0,normal_agn,0
084425.64+522256.2,131.106858,52.382279,0.882000,z_0.6-1.0,normal_agn,0
075434.06+404355.1,118.641956,40.731980,0.654708,z_0.6-1.0,normal_agn,0
083144.79+124840.8,127.936625,12.811334,0.843000,z_0.6-1.0,normal_agn,0
080103.32+390355.2,120.263868,39.065350,0.925629,z_0.6-1.0,normal_agn,0
081212.68+240427.5,123.052839,24.074325,0.990983,z_0.6-1.0,normal_agn,0
080042.08+411640.8,120.175336,41.278017,0.828000,z_0.6-1.0,normal_agn,0
083926.48+513109.1,129.860367,51.519198,0.876000,z_0.6-1.0,normal_agn,0
082931.43+352932.5,127.380991,35.492369,0.717000,z_0.6-1.0,normal_agn,0
075625.81+250921.6,119.107583,25.156019,0.821714,z_0.6-1.0,normal_agn,0
082208.19+283731.5,125.534156,28.625444,0.702000,z_0.6-1.0,normal_agn,0
084034.03+425819.4,130.141812,42.972068,0.834000,z_0.6-1.0,normal_agn,0
083241.83+490453.8,128.174310,49.081617,0.881840,z_0.6-1.0,normal_agn,0
083024.57+510844.5,127.602405,51.145700,0.775000,z_0.6-1.0,normal_agn,0
075727.17+375508.0,119.363240,37.918905,0.747000,z_0.6-1.0,normal_agn,0
081901.57+412929.1,124.756543,41.491444,0.829000,z_0.6-1.0,normal_agn,0
082243.90+112157.6,125.682946,11.366008,0.722400,z_0.6-1.0,normal_agn,0
084407.84+552856.9,131.032674,55.482490,0.879000,z_0.6-1.0,normal_agn,0
075345.18+414049.1,118.438276,41.680306,0.750000,z_0.6-1.0,normal_agn,0
084452.65+442723.2,131.219415,44.456464,0.876939,z_0.6-1.0,normal_agn,0
075403.18+301905.1,118.513264,30.318099,0.962970,z_0.6-1.0,normal_agn,0
083413.11+403208.3,128.554641,40.535663,0.849118,z_0.6-1.0,normal_agn,0
083700.39+504159.4,129.251642,50.699840,0.729000,z_0.6-1.0,normal_agn,0
083439.70+475014.8,128.665436,47.837470,0.982305,z_0.6-1.0,normal_agn,0
075440.10+254449.3,118.667086,25.747029,0.613739,z_0.6-1.0,normal_agn,0
083326.19+010530.1,128.359150,1.091720,0.746000,z_0.6-1.0,normal_agn,0
084440.40+551623.7,131.168354,55.273274,0.784228,z_0.6-1.0,normal_agn,0
081516.71+403632.3,123.819655,40.608975,0.928601,z_0.6-1.0,normal_agn,0
081147.88+425256.9,122.949519,42.882497,0.639822,z_0.6-1.0,normal_agn,0
081436.36+434353.4,123.651511,43.731522,0.693019,z_0.6-1.0,normal_agn,0
083550.52+274502.2,128.960508,27.750619,0.973776,z_0.6-1.0,normal_agn,0
084436.35+333417.6,131.151491,33.571559,0.880700,z_0.6-1.0,normal_agn,0
075503.57+351706.1,118.764893,35.285049,0.732194,z_0.6-1.0,normal_agn,0
075418.46+274305.3,118.576941,27.718143,0.736790,z_0.6-1.0,normal_agn,0
075526.43+222912.4,118.860156,22.486796,0.723731,z_0.6-1.0,normal_agn,0
080802.91+180755.8,122.012147,18.132178,0.987366,z_0.6-1.0,normal_agn,0
083738.64+212104.7,129.411041,21.351311,0.680000,z_0.6-1.0,normal_agn,0
080122.01+345614.7,120.341738,34.937441,0.958111,z_0.6-1.0,normal_agn,0
080703.19+424620.1,121.763329,42.772263,0.914000,z_0.6-1.0,normal_agn,0
083228.94+452651.9,128.120609,45.447777,0.943000,z_0.6-1.0,normal_agn,0
080551.03+394126.9,121.462666,39.690831,0.833128,z_0.6-1.0,normal_agn,0
081858.08+402946.3,124.742003,40.496207,0.843000,z_0.6-1.0,normal_agn,0
080333.42+280454.4,120.889285,28.081784,0.986094,z_0.6-1.0,normal_agn,0
084400.81+322312.2,131.003413,32.386734,0.871460,z_0.6-1.0,normal_agn,0
081719.42+451614.1,124.330940,45.270594,0.993000,z_0.6-1.0,normal_agn,0
084038.01+124945.2,130.158400,12.829223,0.630624,z_0.6-1.0,normal_agn,0
080956.85+470127.4,122.486876,47.024283,0.761000,z_0.6-1.0,normal_agn,0
080302.80+314730.5,120.761668,31.791815,0.855573,z_0.6-1.0,normal_agn,0
075705.73+311646.5,119.273915,31.279593,0.699145,z_0.6-1.0,normal_agn,0
075006.61+281757.5,117.527561,28.299306,0.903028,z_0.6-1.0,normal_agn,0
080357.67+224541.5,120.990327,22.761537,0.780000,z_0.6-1.0,normal_agn,0
080026.49+330912.3,120.110400,33.153441,0.863000,z_0.6-1.0,normal_agn,0
082538.77+552350.3,126.411576,55.397326,0.831751,z_0.6-1.0,normal_agn,0
081757.17+232405.5,124.488212,23.401532,0.683207,z_0.6-1.0,normal_agn,0
080907.26+143809.6,122.280275,14.636022,0.728000,z_0.6-1.0,normal_agn,0
074912.43+305855.4,117.301829,30.982080,0.783664,z_0.6-1.0,normal_agn,0
082409.95+224105.4,126.041476,22.684834,0.628000,z_0.6-1.0,normal_agn,0
075754.85+395815.5,119.478569,39.970998,0.736478,z_0.6-1.0,normal_agn,0
083030.86+333236.2,127.628604,33.543398,0.719000,z_0.6-1.0,normal_agn,0
083106.85+461037.7,127.778542,46.177153,0.796113,z_0.6-1.0,normal_agn,0
081249.94+253706.2,123.208124,25.618396,0.787000,z_0.6-1.0,normal_agn,0
083625.41+350716.9,129.105911,35.121364,0.927496,z_0.6-1.0,normal_agn,0
075952.11+420623.6,119.967148,42.106574,0.808923,z_0.6-1.0,normal_agn,0
080628.77+423241.2,121.619894,42.544800,0.772583,z_0.6-1.0,normal_agn,0
081024.94+425616.6,122.603933,42.937971,0.875597,z_0.6-1.0,normal_agn,0
075322.04+380539.7,118.341867,38.094380,0.933149,z_0.6-1.0,normal_agn,0
081056.50+443004.6,122.735455,44.501279,0.728000,z_0.6-1.0,normal_agn,0
081209.24+560038.1,123.038527,56.010603,0.617000,z_0.6-1.0,normal_agn,0
082414.91+210006.1,126.062148,21.001700,0.775707,z_0.6-1.0,normal_agn,0
080851.59+284641.2,122.214974,28.778111,0.924983,z_0.6-1.0,normal_agn,0
075717.98+264839.8,119.324956,26.811058,0.718000,z_0.6-1.0,normal_agn,0
083733.96+281940.1,129.391508,28.327827,0.764241,z_0.6-1.0,normal_agn,0
084058.84+203858.8,130.245205,20.649694,0.894000,z_0.6-1.0,normal_agn,0
083832.11+381925.5,129.633817,38.323759,0.932775,z_0.6-1.0,normal_agn,0
084045.22+300615.3,130.188458,30.104264,0.879000,z_0.6-1.0,normal_agn,0
081020.79+365039.7,122.586634,36.844368,0.903000,z_0.6-1.0,normal_agn,0
080311.79+231609.3,120.799165,23.269254,0.994468,z_0.6-1.0,normal_agn,0
083454.22+521720.3,128.725942,52.288988,0.748000,z_0.6-1.0,normal_agn,0
083713.80+165943.7,129.307522,16.995491,0.731167,z_0.6-1.0,normal_agn,0
075827.00+362335.4,119.612529,36.393168,0.642981,z_0.6-1.0,normal_agn,0
083655.61+403616.2,129.231724,40.604527,0.786106,z_0.6-1.0,normal_agn,0
075018.43+103316.6,117.576824,10.554626,0.620000,z_0.6-1.0,normal_agn,0
080910.11+425946.8,122.292145,42.996354,0.999314,z_0.6-1.0,normal_agn,0
080435.46+212211.0,121.147789,21.369732,0.632225,z_0.6-1.0,normal_agn,0
083652.52+444322.9,129.218856,44.723033,0.833000,z_0.6-1.0,normal_agn,0
075603.98+223109.6,119.016617,22.519351,0.905159,z_0.6-1.0,normal_agn,0
083143.92+480009.2,127.933021,48.002578,0.875819,z_0.6-1.0,normal_agn,0
081129.81+480242.8,122.874211,48.045247,0.832347,z_0.6-1.0,normal_agn,0
081530.10+302742.6,123.875418,30.461845,0.872704,z_0.6-1.0,normal_agn,0
083408.67+005529.3,128.536146,0.924821,0.890000,z_0.6-1.0,normal_agn,0
083836.01+270935.1,129.650049,27.159759,0.804025,z_0.6-1.0,normal_agn,0
082902.26+270020.1,127.259457,27.005596,0.890528,z_0.6-1.0,normal_agn,0
081843.77+373512.5,124.682402,37.586832,0.944524,z_0.6-1.0,normal_agn,0
080718.09+521715.9,121.825375,52.287755,0.723000,z_0.6-1.0,normal_agn,0
082013.18+430830.3,125.054946,43.141753,0.735000,z_0.6-1.0,normal_agn,0
081059.08+343355.9,122.746198,34.565546,0.998750,z_0.6-1.0,normal_agn,0
081347.51+463731.8,123.447985,46.625513,0.613000,z_0.6-1.0,normal_agn,0
081648.94+345601.7,124.203921,34.933808,0.661000,z_0.6-1.0,normal_agn,0
083356.58+191703.5,128.485751,19.284317,0.807000,z_0.6-1.0,normal_agn,0
080932.30+200329.5,122.384611,20.058200,0.752000,z_0.6-1.0,normal_agn,0
080656.17+334709.6,121.734045,33.786010,0.987679,z_0.6-1.0,normal_agn,0
084038.56+133945.9,130.160700,13.662753,0.820000,z_0.6-1.0,normal_agn,0
081022.45+440002.7,122.593576,44.000753,0.631000,z_0.6-1.0,normal_agn,0
084122.21+334009.6,130.342558,33.669355,0.977573,z_0.6-1.0,normal_agn,0
083546.28+403815.4,128.942834,40.637635,0.846000,z_0.6-1.0,normal_agn,0
075412.61+280345.1,118.552576,28.062552,0.619753,z_0.6-1.0,normal_agn,0
075846.97+382116.9,119.695718,38.354707,0.945287,z_0.6-1.0,normal_agn,0
083402.52+380302.2,128.510520,38.050632,0.942772,z_0.6-1.0,normal_agn,0
081928.77+260842.4,124.869907,26.145116,0.772516,z_0.6-1.0,normal_agn,0
075130.41+171534.2,117.876749,17.259513,0.860935,z_0.6-1.0,normal_agn,0
075632.17+285544.9,119.134048,28.929148,0.805479,z_0.6-1.0,normal_agn,0
081156.79+354205.0,122.986625,35.701395,0.695004,z_0.6-1.0,normal_agn,0
080848.76+275956.5,122.203194,27.999052,0.691000,z_0.6-1.0,normal_agn,0
081540.04+570023.9,123.916868,57.006661,0.806000,z_0.6-1.0,normal_agn,0
080313.07+491329.7,120.804459,49.224918,0.988000,z_0.6-1.0,normal_agn,0
082226.55+305820.1,125.610644,30.972271,0.713000,z_0.6-1.0,normal_agn,0
082753.60+361053.1,126.973335,36.181444,0.757596,z_0.6-1.0,normal_agn,0
081518.19+470249.8,123.825819,47.047194,0.946000,z_0.6-1.0,normal_agn,0
084428.51+014818.7,131.118804,1.805215,0.869005,z_0.6-1.0,normal_agn,0
074834.47+275054.0,117.143655,27.848341,0.853000,z_0.6-1.0,normal_agn,0
080403.16+303513.9,121.013193,30.587215,0.959258,z_0.6-1.0,normal_agn,0
082902.00+285525.6,127.258339,28.923793,0.812243,z_0.6-1.0,normal_agn,0
082758.94+334517.3,126.995596,33.754809,0.864745,z_0.6-1.0,normal_agn,0
083436.82+591239.8,128.653450,59.211082,0.886000,z_0.6-1.0,normal_agn,0
075654.74+494547.7,119.228123,49.763275,0.887000,z_0.6-1.0,normal_agn,0
082402.46+313139.7,126.010289,31.527695,0.970198,z_0.6-1.0,normal_agn,0
080200.97+360322.6,120.504050,36.056290,0.679649,z_0.6-1.0,normal_agn,0
083430.96+290420.8,128.629014,29.072457,0.701829,z_0.6-1.0,normal_agn,0
083920.82+464126.6,129.836751,46.690725,0.809063,z_0.6-1.0,normal_agn,0
082302.24+503622.1,125.759355,50.606160,0.980000,z_0.6-1.0,normal_agn,0
080703.52+294525.4,121.764669,29.757071,0.815000,z_0.6-1.0,normal_agn,0
083904.63+395655.8,129.769315,39.948843,0.927755,z_0.6-1.0,normal_agn,0
083946.88+570255.6,129.945338,57.048786,0.936150,z_0.6-1.0,normal_agn,0
074836.53+163741.0,117.152212,16.628061,0.914852,z_0.6-1.0,normal_agn,0
081618.96+474349.9,124.079011,47.730548,0.680000,z_0.6-1.0,normal_agn,0
081339.83+273554.3,123.415990,27.598430,0.666000,z_0.6-1.0,normal_agn,0
081106.49+371518.0,122.777081,37.255009,0.828458,z_0.6-1.0,normal_agn,0
082054.81+100609.4,125.228382,10.102621,0.955600,z_0.6-1.0,normal_agn,0
083840.57+473410.6,129.669074,47.569634,0.695886,z_0.6-1.0,normal_agn,0
081204.62+460108.7,123.019252,46.019095,0.952000,z_0.6-1.0,normal_agn,0
084126.16+460909.3,130.359027,46.152610,0.933000,z_0.6-1.0,normal_agn,0
081125.55+093626.3,122.856474,9.607306,0.930100,z_0.6-1.0,normal_agn,0
080616.95+284648.9,121.570656,28.780252,0.813498,z_0.6-1.0,normal_agn,0
082725.57+413748.4,126.856569,41.630124,0.940000,z_0.6-1.0,normal_agn,0
080444.85+012202.0,121.186880,1.367229,0.821000,z_0.6-1.0,normal_agn,0
080129.16+213138.9,120.371503,21.527495,0.831150,z_0.6-1.0,normal_agn,0
081713.95+261055.9,124.308136,26.182205,0.732000,z_0.6-1.0,normal_agn,0
084149.29+311623.1,130.455386,31.273107,0.976727,z_0.6-1.0,normal_agn,0
082127.30+134902.7,125.363759,13.817421,0.944000,z_0.6-1.0,normal_agn,0
081703.93+444845.0,124.266402,44.812513,0.922000,z_0.6-1.0,normal_agn,0
075500.56+410100.1,118.752373,41.016706,0.902240,z_0.6-1.0,normal_agn,0
082525.52+352005.7,126.356348,35.334931,0.945427,z_0.6-1.0,normal_agn,0
084438.70+471919.7,131.161274,47.322144,0.997483,z_0.6-1.0,normal_agn,0
083848.27+595039.2,129.701127,59.844232,0.818351,z_0.6-1.0,normal_agn,0
075206.73+245118.7,118.028079,24.855215,0.818635,z_0.6-1.0,normal_agn,0
080646.41+205619.0,121.693410,20.938625,1.016187,z_1.0-2.0,normal_agn,0
080802.53+505841.8,122.010548,50.978296,1.010784,z_1.0-2.0,normal_agn,0
080405.64+240856.3,121.023537,24.148999,1.371065,z_1.0-2.0,normal_agn,0
080501.15+523701.5,121.254802,52.617104,1.269000,z_1.0-2.0,normal_agn,0
075133.60+273021.2,117.890038,27.505891,1.519237,z_1.0-2.0,normal_agn,0
082158.56+292206.6,125.494033,29.368524,1.881260,z_1.0-2.0,normal_agn,0
082339.26+242158.8,125.913624,24.366344,1.466371,z_1.0-2.0,normal_agn,0
083020.90+330425.7,127.587094,33.073816,1.856502,z_1.0-2.0,normal_agn,0
080122.23+455329.8,120.342629,45.891631,1.805000,z_1.0-2.0,normal_agn,0
080950.64+495252.3,122.461037,49.881206,1.451440,z_1.0-2.0,normal_agn,0
081519.36+532605.9,123.830676,53.434985,1.666000,z_1.0-2.0,normal_agn,0
075809.57+390143.9,119.539903,39.028873,1.666386,z_1.0-2.0,normal_agn,0
081105.47+345737.7,122.772799,34.960486,1.630620,z_1.0-2.0,normal_agn,0
074917.70+304904.1,117.323776,30.817829,1.035870,z_1.0-2.0,normal_agn,0
080848.71+272135.2,122.202979,27.359804,1.348672,z_1.0-2.0,normal_agn,0
075230.44+272619.8,118.126854,27.438842,1.710505,z_1.0-2.0,normal_agn,0
075158.26+213757.5,117.992752,21.632655,1.590538,z_1.0-2.0,normal_agn,0
081729.43+451116.6,124.372661,45.187960,1.841000,z_1.0-2.0,normal_agn,0
080451.34+554136.1,121.213934,55.693382,1.426000,z_1.0-2.0,normal_agn,0
084318.34+404601.2,130.826452,40.767027,1.477674,z_1.0-2.0,normal_agn,0
080008.68+452245.2,120.036190,45.379238,1.881000,z_1.0-2.0,normal_agn,0
081013.14+224313.2,122.554787,22.720350,1.827200,z_1.0-2.0,normal_agn,0
081950.63+241536.2,124.960969,24.260072,1.265936,z_1.0-2.0,normal_agn,0
082735.46+583749.1,126.897768,58.630312,1.799455,z_1.0-2.0,normal_agn,0
082129.58+320910.4,125.373287,32.152895,1.636426,z_1.0-2.0,normal_agn,0
075037.92+473058.3,117.658011,47.516221,1.651491,z_1.0-2.0,normal_agn,0
082507.69+072124.3,126.282065,7.356772,1.025434,z_1.0-2.0,normal_agn,0
082004.33+032403.7,125.018080,3.401047,1.863198,z_1.0-2.0,normal_agn,0
075231.35+340357.0,118.130639,34.065857,1.510149,z_1.0-2.0,normal_agn,0
075743.40+172025.6,119.430839,17.340459,1.277454,z_1.0-2.0,normal_agn,0
081525.38+262522.5,123.855753,26.422941,1.969638,z_1.0-2.0,normal_agn,0
081401.89+574720.4,123.507875,57.789002,1.178463,z_1.0-2.0,normal_agn,0
082233.42+323057.4,125.639264,32.515952,1.097629,z_1.0-2.0,normal_agn,0
075414.15+333919.9,118.558966,33.655542,1.274790,z_1.0-2.0,normal_agn,0
081908.22+453917.0,124.784289,45.654727,1.801000,z_1.0-2.0,normal_agn,0
082548.42+323608.7,126.451790,32.602434,1.992473,z_1.0-2.0,normal_agn,0
083312.28+374027.2,128.301185,37.674229,1.038795,z_1.0-2.0,normal_agn,0
083940.34+313811.2,129.918122,31.636458,1.427982,z_1.0-2.0,normal_agn,0
082436.90+220416.0,126.153788,22.071113,1.059321,z_1.0-2.0,normal_agn,0
080059.45+260145.4,120.247727,26.029288,1.061490,z_1.0-2.0,normal_agn,0
075428.68+432420.6,118.619505,43.405745,1.007906,z_1.0-2.0,normal_agn,0
080356.67+413543.7,120.986144,41.595491,1.224417,z_1.0-2.0,normal_agn,0
081353.88+274826.6,123.474531,27.807389,1.538739,z_1.0-2.0,normal_agn,0
081752.47+292804.7,124.468639,29.467980,1.615232,z_1.0-2.0,normal_agn,0
080421.25+313319.6,121.088553,31.555445,1.214893,z_1.0-2.0,normal_agn,0
083254.35+310022.1,128.226486,31.006150,1.939497,z_1.0-2.0,normal_agn,0
081155.40+210506.2,122.980838,21.085064,1.651525,z_1.0-2.0,normal_agn,0
082611.11+474224.2,126.546331,47.706730,1.100551,z_1.0-2.0,normal_agn,0
074852.78+253209.0,117.219948,25.535835,1.644431,z_1.0-2.0,normal_agn,0
081809.09+503743.7,124.537875,50.628826,1.912337,z_1.0-2.0,normal_agn,0
084410.77+241204.6,131.044902,24.201302,1.212580,z_1.0-2.0,normal_agn,0
080522.47+543436.4,121.343641,54.576797,1.950000,z_1.0-2.0,normal_agn,0
083834.45+450718.5,129.643551,45.121809,1.077000,z_1.0-2.0,normal_agn,0
083514.15+481844.2,128.808960,48.312290,1.605603,z_1.0-2.0,normal_agn,0
082712.24+513542.1,126.801009,51.595040,1.536000,z_1.0-2.0,normal_agn,0
080542.21+452145.0,121.425898,45.362520,1.751000,z_1.0-2.0,normal_agn,0
082804.88+371321.3,127.020359,37.222587,1.636470,z_1.0-2.0,normal_agn,0
081857.92+354919.6,124.741359,35.822136,1.636000,z_1.0-2.0,normal_agn,0
083809.62+294513.6,129.540100,29.753794,1.561071,z_1.0-2.0,normal_agn,0
081045.09+245229.2,122.687897,24.874790,1.778580,z_1.0-2.0,normal_agn,0
081301.84+322212.8,123.257676,32.370247,1.210825,z_1.0-2.0,normal_agn,0
080308.38+471313.2,120.784941,47.220343,1.579000,z_1.0-2.0,normal_agn,0
081254.82+334950.2,123.228431,33.830613,1.500218,z_1.0-2.0,normal_agn,0
075719.57+233107.5,119.331575,23.518776,1.297575,z_1.0-2.0,normal_agn,0
075406.76+163258.5,118.528194,16.549597,1.421227,z_1.0-2.0,normal_agn,0
081005.42+424324.0,122.522620,42.723334,1.240344,z_1.0-2.0,normal_agn,0
075300.09+464929.3,118.250414,46.824828,1.292879,z_1.0-2.0,normal_agn,0
075857.71+141550.3,119.740488,14.263994,1.362483,z_1.0-2.0,normal_agn,0
083211.17+514746.9,128.046542,51.796383,1.187005,z_1.0-2.0,normal_agn,0
082449.01+540758.7,126.204246,54.132995,1.802000,z_1.0-2.0,normal_agn,0
075129.51+334621.2,117.872987,33.772576,1.747072,z_1.0-2.0,normal_agn,0
075943.63+223605.6,119.931795,22.601559,1.325963,z_1.0-2.0,normal_agn,0
081930.83+273656.3,124.878472,27.615663,1.401981,z_1.0-2.0,normal_agn,0
084456.68+332311.5,131.236190,33.386532,1.076300,z_1.0-2.0,normal_agn,0
074850.92+470146.1,117.212187,47.029493,1.614099,z_1.0-2.0,normal_agn,0
081328.54+280929.8,123.368932,28.158279,1.217203,z_1.0-2.0,normal_agn,0
084435.11+204828.7,131.146332,20.807995,1.756853,z_1.0-2.0,normal_agn,0
082920.53+303520.9,127.335556,30.589153,1.197938,z_1.0-2.0,normal_agn,0
082023.96+474926.7,125.099852,47.824096,1.194000,z_1.0-2.0,normal_agn,0
081656.53+324115.6,124.235567,32.687671,1.755220,z_1.0-2.0,normal_agn,0
080924.45+441548.2,122.351885,44.263399,1.331507,z_1.0-2.0,normal_agn,0
083055.36+481005.5,127.730707,48.168220,1.163431,z_1.0-2.0,normal_agn,0
084304.27+415141.2,130.767795,41.861447,1.288556,z_1.0-2.0,normal_agn,0
075814.23+250009.6,119.559299,25.002692,1.095496,z_1.0-2.0,normal_agn,0
080539.14+442115.3,121.413114,44.354267,1.194000,z_1.0-2.0,normal_agn,0
084048.37+262048.5,130.201574,26.346829,1.545992,z_1.0-2.0,normal_agn,0
081027.02+442132.3,122.612617,44.358996,1.863025,z_1.0-2.0,normal_agn,0
080707.59+260335.9,121.781658,26.059980,1.446713,z_1.0-2.0,normal_agn,0
075955.72+445239.2,119.982186,44.877577,1.262000,z_1.0-2.0,normal_agn,0
081839.99+102239.3,124.666640,10.377592,1.216600,z_1.0-2.0,normal_agn,0
082211.32+300503.9,125.547200,30.084439,1.997612,z_1.0-2.0,normal_agn,0
083028.07+271315.9,127.616983,27.221086,1.985088,z_1.0-2.0,normal_agn,0
080328.24+295633.6,120.867679,29.942671,1.562140,z_1.0-2.0,normal_agn,0
083907.20+501135.1,129.780003,50.193105,1.106115,z_1.0-2.0,normal_agn,0
081148.38+572259.5,122.951588,57.383203,1.525000,z_1.0-2.0,normal_agn,0
083439.70+303751.4,128.665428,30.630970,1.922989,z_1.0-2.0,normal_agn,0
081806.20+460700.3,124.525840,46.116764,1.561000,z_1.0-2.0,normal_agn,0
081614.97+435640.2,124.062379,43.944501,1.961825,z_1.0-2.0,normal_agn,0
081827.69+512912.8,124.615395,51.486895,1.426383,z_1.0-2.0,normal_agn,0
082423.26+311334.1,126.096931,31.226152,1.484026,z_1.0-2.0,normal_agn,0
081330.73+214901.9,123.378069,21.817216,1.579045,z_1.0-2.0,normal_agn,0
080352.61+341714.1,120.969247,34.287274,1.203000,z_1.0-2.0,normal_agn,0
083234.04+425626.7,128.141842,42.940754,1.904742,z_1.0-2.0,normal_agn,0
075240.01+213251.5,118.166749,21.547658,1.227314,z_1.0-2.0,normal_agn,0
082549.76+361321.7,126.457337,36.222708,1.455895,z_1.0-2.0,normal_agn,0
084311.03+433706.0,130.795961,43.618345,1.371000,z_1.0-2.0,normal_agn,0
083841.37+550624.9,129.672408,55.106938,1.795000,z_1.0-2.0,normal_agn,0
081210.96+070826.2,123.045671,7.140637,1.885056,z_1.0-2.0,normal_agn,0
074900.68+422127.7,117.252836,42.357698,1.172828,z_1.0-2.0,normal_agn,0
082623.84+294545.2,126.599344,29.762580,1.063814,z_1.0-2.0,normal_agn,0
082919.21+501452.0,127.330068,50.247803,1.171000,z_1.0-2.0,normal_agn,0
082521.26+420623.9,126.338608,42.106665,1.855093,z_1.0-2.0,normal_agn,0
083032.50+433337.8,127.635442,43.560513,1.445000,z_1.0-2.0,normal_agn,0
081458.21+340057.8,123.742568,34.016074,1.324817,z_1.0-2.0,normal_agn,0
080628.47+374626.9,121.618661,37.774147,1.689925,z_1.0-2.0,normal_agn,0
082801.53+412351.7,127.006393,41.397706,1.113000,z_1.0-2.0,normal_agn,0
083942.36+512342.4,129.926541,51.395130,1.105000,z_1.0-2.0,normal_agn,0
083612.09+331810.9,129.050393,33.303040,1.419926,z_1.0-2.0,normal_agn,0
083914.96+290000.9,129.812357,29.000256,1.217587,z_1.0-2.0,normal_agn,0
082714.84+421037.9,126.811836,42.177215,1.840923,z_1.0-2.0,normal_agn,0
083128.63+485242.0,127.869301,48.878346,1.680751,z_1.0-2.0,normal_agn,0
083421.17+285123.8,128.588237,28.856622,1.351012,z_1.0-2.0,normal_agn,0
075414.65+305856.5,118.561053,30.982367,1.972345,z_1.0-2.0,normal_agn,0
082545.73+371428.9,126.440574,37.241365,1.345391,z_1.0-2.0,normal_agn,0
081908.93+285121.3,124.787227,28.855920,1.812581,z_1.0-2.0,normal_agn,0
075114.98+301616.1,117.812450,30.271143,1.744000,z_1.0-2.0,normal_agn,0
080703.40+400329.3,121.764181,40.058151,1.612913,z_1.0-2.0,normal_agn,0
083702.03+433531.3,129.258474,43.592044,1.041703,z_1.0-2.0,normal_agn,0
082457.42+294819.3,126.239265,29.805374,1.753523,z_1.0-2.0,normal_agn,0
080645.29+472533.3,121.688717,47.425920,1.527324,z_1.0-2.0,normal_agn,0
075826.05+481031.4,119.608559,48.175401,1.581389,z_1.0-2.0,normal_agn,0
081733.84+352229.1,124.391018,35.374759,1.571074,z_1.0-2.0,normal_agn,0
075757.87+095607.5,119.491127,9.935436,1.100000,z_1.0-2.0,normal_agn,0
083416.47+544056.6,128.568629,54.682415,1.525000,z_1.0-2.0,normal_agn,0
074851.90+412645.8,117.216257,41.446077,1.601298,z_1.0-2.0,normal_agn,0
081223.72+473341.3,123.098864,47.561475,1.875142,z_1.0-2.0,normal_agn,0
075854.41+521144.6,119.726743,52.195742,1.131967,z_1.0-2.0,normal_agn,0
081249.36+203632.9,123.205685,20.609150,1.822952,z_1.0-2.0,normal_agn,0
082011.24+350141.2,125.046863,35.028132,1.503349,z_1.0-2.0,normal_agn,0
082523.83+282134.4,126.349321,28.359575,1.658618,z_1.0-2.0,normal_agn,0
084107.67+534415.6,130.281977,53.737693,1.339000,z_1.0-2.0,normal_agn,0
080946.92+512418.2,122.445531,51.405070,1.602000,z_1.0-2.0,normal_agn,0
082812.61+282737.0,127.052553,28.460285,1.861921,z_1.0-2.0,normal_agn,0
080110.09+342927.6,120.292048,34.491020,1.656540,z_1.0-2.0,normal_agn,0
080951.68+355601.3,122.465347,35.933695,1.510164,z_1.0-2.0,normal_agn,0
081913.57+271933.6,124.806550,27.326008,1.769862,z_1.0-2.0,normal_agn,0
075001.51+454710.7,117.506295,45.786327,1.399487,z_1.0-2.0,normal_agn,0
083940.68+402741.6,129.919541,40.461579,1.681024,z_1.0-2.0,normal_agn,0
081228.55+224720.5,123.118991,22.789031,1.618369,z_1.0-2.0,normal_agn,0
081947.57+223227.9,124.948232,22.541105,1.565122,z_1.0-2.0,normal_agn,0
084138.41+305216.8,130.410076,30.871337,1.775600,z_1.0-2.0,normal_agn,0
081414.04+395228.5,123.558524,39.874607,1.725468,z_1.0-2.0,normal_agn,0
075631.86+483917.1,119.132775,48.654764,1.776630,z_1.0-2.0,normal_agn,0
080450.73+301055.3,121.211390,30.182040,1.634354,z_1.0-2.0,normal_agn,0
082112.50+232859.4,125.302099,23.483188,1.799000,z_1.0-2.0,normal_agn,0
075905.41+473948.7,119.772548,47.663534,1.517465,z_1.0-2.0,normal_agn,0
081252.10+334913.7,123.217098,33.820494,1.906770,z_1.0-2.0,normal_agn,0
080841.19+063229.5,122.171637,6.541555,1.617000,z_1.0-2.0,normal_agn,0
082502.32+525330.3,126.259675,52.891767,1.548000,z_1.0-2.0,normal_agn,0
083623.94+222834.6,129.099766,22.476300,1.918751,z_1.0-2.0,normal_agn,0
083056.79+523413.3,127.736657,52.570380,1.319253,z_1.0-2.0,normal_agn,0
075038.15+182757.9,117.658960,18.466092,1.157296,z_1.0-2.0,normal_agn,0
074836.97+470802.2,117.154057,47.133952,1.327395,z_1.0-2.0,normal_agn,0
080821.65+303018.1,122.090233,30.505045,1.553232,z_1.0-2.0,normal_agn,0
080630.44+390429.8,121.626852,39.074962,1.536958,z_1.0-2.0,normal_agn,0
075709.44+420818.0,119.289357,42.138337,1.475752,z_1.0-2.0,normal_agn,0
083813.78+331821.2,129.557449,33.305916,1.746300,z_1.0-2.0,normal_agn,0
081643.23+243728.0,124.180138,24.624451,1.860137,z_1.0-2.0,normal_agn,0
080617.92+094255.8,121.574675,9.715512,1.480000,z_1.0-2.0,normal_agn,0
080521.10+295707.4,121.337929,29.952081,1.289149,z_1.0-2.0,normal_agn,0
075958.35+523148.5,119.993137,52.530166,1.081090,z_1.0-2.0,normal_agn,0
083232.37+430306.1,128.134899,43.051700,1.313625,z_1.0-2.0,normal_agn,0
082258.26+402058.6,125.742772,40.349616,1.861751,z_1.0-2.0,normal_agn,0
080639.50+213312.2,121.664622,21.553412,1.309932,z_1.0-2.0,normal_agn,0
080317.63+284600.3,120.823475,28.766761,1.317690,z_1.0-2.0,normal_agn,0
084513.33+543548.2,131.305575,54.596749,1.436374,z_1.0-2.0,normal_agn,0
080216.56+471613.7,120.569018,47.270494,1.146982,z_1.0-2.0,normal_agn,0
075351.42+354735.5,118.464259,35.793197,1.463045,z_1.0-2.0,normal_agn,0
083558.84+200035.7,128.995190,20.009920,1.385650,z_1.0-2.0,normal_agn,0
084017.96+535221.9,130.074874,53.872775,1.832000,z_1.0-2.0,normal_agn,0
080126.59+372639.0,120.360806,37.444194,1.274551,z_1.0-2.0,normal_agn,0
080704.47+301154.9,121.768655,30.198606,1.862739,z_1.0-2.0,normal_agn,0
080810.36+392129.3,122.043168,39.358163,1.807202,z_1.0-2.0,normal_agn,0
082455.96+253138.8,126.233168,25.527464,1.437824,z_1.0-2.0,normal_agn,0
081457.19+084349.8,123.738330,8.730515,1.543100,z_1.0-2.0,normal_agn,0
075744.66+371359.6,119.436108,37.233250,1.285836,z_1.0-2.0,normal_agn,0
083630.57+180714.6,129.127380,18.120735,1.236594,z_1.0-2.0,normal_agn,0
083457.00+421911.5,128.737535,42.319867,1.031649,z_1.0-2.0,normal_agn,0
074918.75+491612.4,117.328155,49.270121,1.932101,z_1.0-2.0,normal_agn,0
082838.18+345051.6,127.159115,34.847676,1.468840,z_1.0-2.0,normal_agn,0
083038.80+325337.1,127.661692,32.893648,1.859573,z_1.0-2.0,normal_agn,0
080524.61+102751.9,121.352564,10.464435,1.328823,z_1.0-2.0,normal_agn,0
080512.25+540258.8,121.301082,54.049684,1.790928,z_1.0-2.0,normal_agn,0
082747.87+341758.2,126.949496,34.299510,1.484209,z_1.0-2.0,normal_agn,0
084235.64+282228.7,130.648537,28.374645,1.718673,z_1.0-2.0,normal_agn,0
082953.33+324615.0,127.472231,32.770838,1.049963,z_1.0-2.0,normal_agn,0
082847.47+075942.3,127.197822,7.995101,1.641685,z_1.0-2.0,normal_agn,0
075547.33+240543.9,118.947236,24.095537,1.216959,z_1.0-2.0,normal_agn,0
081544.72+345419.3,123.936337,34.905379,1.544000,z_1.0-2.0,normal_agn,0
082637.45+344007.2,126.656051,34.668683,1.747124,z_1.0-2.0,normal_agn,0
080525.22+242217.4,121.355106,24.371514,1.663417,z_1.0-2.0,normal_agn,0
081250.33+302644.8,123.209721,30.445796,1.806502,z_1.0-2.0,normal_agn,0
081846.60+220759.4,124.694202,22.133173,1.106764,z_1.0-2.0,normal_agn,0
080648.46+462007.1,121.701939,46.335311,1.635000,z_1.0-2.0,normal_agn,0
074945.07+422910.7,117.437833,42.486316,1.679959,z_1.0-2.0,normal_agn,0
083607.14+341749.2,129.029750,34.297016,1.494301,z_1.0-2.0,normal_agn,0
082331.69+155530.8,125.882064,15.925244,1.657000,z_1.0-2.0,normal_agn,0
082156.99+283358.2,125.487470,28.566170,1.028023,z_1.0-2.0,normal_agn,0
084222.89+531218.1,130.595379,53.205042,1.266000,z_1.0-2.0,normal_agn,0
080724.52+220716.3,121.852206,22.121201,1.312670,z_1.0-2.0,normal_agn,0
075636.82+352638.7,119.153433,35.444095,1.087057,z_1.0-2.0,normal_agn,0
075501.00+210830.4,118.754182,21.141784,1.489739,z_1.0-2.0,normal_agn,0
083427.40+201334.1,128.614180,20.226145,1.313324,z_1.0-2.0,normal_agn,0
084017.60+302752.6,130.073345,30.464623,1.918622,z_1.0-2.0,normal_agn,0
084507.04+311003.0,131.279369,31.167519,1.090272,z_1.0-2.0,normal_agn,0
082623.33+534336.3,126.597217,53.726760,1.530000,z_1.0-2.0,normal_agn,0
081825.69+492131.7,124.607055,49.358817,1.725019,z_1.0-2.0,normal_agn,0
080448.35+234229.7,121.201462,23.708260,1.286320,z_1.0-2.0,normal_agn,0
082915.58+522750.4,127.314923,52.464010,1.788221,z_1.0-2.0,normal_agn,0
083100.40+301106.6,127.751699,30.185173,1.896030,z_1.0-2.0,normal_agn,0
080424.88+254202.4,121.103690,25.700676,1.799451,z_1.0-2.0,normal_agn,0
083643.86+283415.6,129.182776,28.571000,1.938197,z_1.0-2.0,normal_agn,0
083120.65+431046.1,127.836079,43.179476,1.202000,z_1.0-2.0,normal_agn,0
083631.41+294029.9,129.130886,29.674994,1.579302,z_1.0-2.0,normal_agn,0
084151.90+363015.7,130.466274,36.504386,1.260705,z_1.0-2.0,normal_agn,0
081448.42+365859.9,123.701778,36.983307,1.597000,z_1.0-2.0,normal_agn,0
081324.05+244338.8,123.350210,24.727451,1.191123,z_1.0-2.0,normal_agn,0
082828.53+483138.0,127.118875,48.527237,1.169810,z_1.0-2.0,normal_agn,0
083827.33+303043.0,129.613880,30.511961,1.163289,z_1.0-2.0,normal_agn,0
083106.04+255836.9,127.775187,25.976928,1.924617,z_1.0-2.0,normal_agn,0
081249.28+074307.1,123.205348,7.718663,1.327328,z_1.0-2.0,normal_agn,0
080746.82+320033.6,121.945109,32.009355,1.065374,z_1.0-2.0,normal_agn,0
081618.21+375551.9,124.075911,37.931087,1.983000,z_1.0-2.0,normal_agn,0
082325.75+542144.6,125.857294,54.362394,1.340000,z_1.0-2.0,normal_agn,0
080653.68+331530.5,121.723675,33.258486,1.907000,z_1.0-2.0,normal_agn,0
075911.04+362525.6,119.796021,36.423786,1.530021,z_1.0-2.0,normal_agn,0
084059.27+562019.5,130.246970,56.338760,1.657776,z_1.0-2.0,normal_agn,0
075622.46+333302.7,119.093618,33.550754,1.802949,z_1.0-2.0,normal_agn,0
074840.32+390711.3,117.168009,39.119827,1.856000,z_1.0-2.0,normal_agn,0
082523.92+565004.9,126.349697,56.834715,1.016451,z_1.0-2.0,normal_agn,0
083907.19+451809.7,129.779975,45.302704,1.144000,z_1.0-2.0,normal_agn,0
081131.17+234919.1,122.879904,23.821992,1.475043,z_1.0-2.0,normal_agn,0
082130.22+562706.4,125.375921,56.451798,1.999087,z_1.0-2.0,normal_agn,0
075744.31+231033.2,119.434630,23.175910,1.828000,z_1.0-2.0,normal_agn,0
084045.36+440843.1,130.189003,44.145307,1.661229,z_1.0-2.0,normal_agn,0
080150.08+293445.9,120.458670,29.579437,1.870262,z_1.0-2.0,normal_agn,0
081916.15+345050.3,124.817318,34.847306,1.454154,z_1.0-2.0,normal_agn,0
075933.91+344936.6,119.891330,34.826836,1.679569,z_1.0-2.0,normal_agn,0
082415.99+343439.2,126.066645,34.577563,1.024207,z_1.0-2.0,normal_agn,0
083253.57+522224.4,128.223230,52.373461,1.232000,z_1.0-2.0,normal_agn,0
084243.72+495631.7,130.682194,49.942162,1.677995,z_1.0-2.0,normal_agn,0
084006.55+044122.0,130.027318,4.689451,1.473440,z_1.0-2.0,normal_agn,0
083953.96+381211.6,129.974851,38.203242,1.307408,z_1.0-2.0,normal_agn,0
081046.72+463052.5,122.694676,46.514606,1.016000,z_1.0-2.0,normal_agn,0
084103.07+372348.0,130.262812,37.396684,1.741435,z_1.0-2.0,normal_agn,0
084140.13+432021.0,130.417248,43.339177,1.431000,z_1.0-2.0,normal_agn,0
083528.89+372641.2,128.870416,37.444800,1.583000,z_1.0-2.0,normal_agn,0
080834.95+224324.6,122.145637,22.723525,1.898596,z_1.0-2.0,normal_agn,0
082855.77+142601.6,127.232382,14.433786,1.472400,z_1.0-2.0,normal_agn,0
082355.91+423545.3,125.982968,42.595937,1.890531,z_1.0-2.0,normal_agn,0
082715.24+565839.5,126.813507,56.977644,1.173903,z_1.0-2.0,normal_agn,0
083956.40+483747.5,129.985008,48.629866,1.778406,z_1.0-2.0,normal_agn,0
083655.97+255917.8,129.233246,25.988289,1.409058,z_1.0-2.0,normal_agn,0
081245.00+514235.8,123.187532,51.709967,1.376345,z_1.0-2.0,normal_agn,0
083501.73+131129.8,128.757242,13.191612,1.815000,z_1.0-2.0,normal_agn,0
083949.39+274048.6,129.955825,27.680185,1.048686,z_1.0-2.0,normal_agn,0
083706.06+354520.8,129.275257,35.755801,1.911416,z_1.0-2.0,normal_agn,0
082506.55+495138.3,126.277316,49.860645,1.889000,z_1.0-2.0,normal_agn,0
083709.31+411723.3,129.288832,41.289810,1.976000,z_1.0-2.0,normal_agn,0
080845.91+260313.0,122.191308,26.053618,1.502964,z_1.0-2.0,normal_agn,0
082634.87+391451.9,126.645322,39.247753,1.339531,z_1.0-2.0,normal_agn,0
082042.66+494024.9,125.177765,49.673610,1.341476,z_1.0-2.0,normal_agn,0
084133.66+460919.8,130.390254,46.155505,1.710000,z_1.0-2.0,normal_agn,0
075942.33+333402.7,119.926406,33.567444,1.433192,z_1.0-2.0,normal_agn,0
075331.33+265141.1,118.380578,26.861420,1.709118,z_1.0-2.0,normal_agn,0
082339.18+152436.6,125.913274,15.410169,1.319234,z_1.0-2.0,normal_agn,0
081354.45+173946.3,123.476907,17.662870,1.636000,z_1.0-2.0,normal_agn,0
082633.91+293118.9,126.641301,29.521934,1.347974,z_1.0-2.0,normal_agn,0
075244.53+304138.6,118.185583,30.694062,1.267405,z_1.0-2.0,normal_agn,0
082817.16+361851.4,127.071508,36.314303,1.773793,z_1.0-2.0,normal_agn,0
081032.43+341109.1,122.635165,34.185877,1.066221,z_1.0-2.0,normal_agn,0
080653.09+450431.1,121.721247,45.075307,1.441265,z_1.0-2.0,normal_agn,0
081935.23+343715.2,124.896796,34.620903,1.801986,z_1.0-2.0,normal_agn,0
081529.30+412057.1,123.872085,41.349213,1.106000,z_1.0-2.0,normal_agn,0
080257.21+252911.8,120.738411,25.486635,1.500076,z_1.0-2.0,normal_agn,0
080202.49+390732.3,120.510376,39.125655,1.652178,z_1.0-2.0,normal_agn,0
081337.31+205437.7,123.405467,20.910482,1.129140,z_1.0-2.0,normal_agn,0
083143.65+471823.1,127.931897,47.306438,1.263791,z_1.0-2.0,normal_agn,0
081244.05+380438.0,123.183574,38.077234,1.978078,z_1.0-2.0,normal_agn,0
084427.62+573811.0,131.115122,57.636398,1.275350,z_1.0-2.0,normal_agn,0
083204.18+324757.5,128.017424,32.799318,1.754490,z_1.0-2.0,normal_agn,0
083338.47+361707.6,128.410331,36.285456,1.366000,z_1.0-2.0,normal_agn,0
081201.81+354204.9,123.007557,35.701373,1.383992,z_1.0-2.0,normal_agn,0
081320.88+503523.2,123.337025,50.589778,1.388000,z_1.0-2.0,normal_agn,0
081253.48+445800.3,123.222847,44.966775,1.460000,z_1.0-2.0,normal_agn,0
081811.50+514237.8,124.547955,51.710520,1.306000,z_1.0-2.0,normal_agn,0
080035.49+542749.4,120.147913,54.463742,1.346875,z_1.0-2.0,normal_agn,0
082419.30+481306.3,126.080424,48.218429,1.341000,z_1.0-2.0,normal_agn,0
081938.79+224834.5,124.911651,22.809606,1.653081,z_1.0-2.0,normal_agn,0
075932.90+334111.6,119.887089,33.686571,1.008000,z_1.0-2.0,normal_agn,0
075735.10+475313.3,119.396285,47.887048,1.928582,z_1.0-2.0,normal_agn,0
081112.87+472555.4,122.803631,47.432079,1.704000,z_1.0-2.0,normal_agn,0
082502.49+065248.5,126.260400,6.880144,1.452824,z_1.0-2.0,normal_agn,0
081446.37+450754.1,123.693220,45.131716,1.715000,z_1.0-2.0,normal_agn,0
080326.91+365603.3,120.862147,36.934274,1.065975,z_1.0-2.0,normal_agn,0
082342.30+203857.7,125.926251,20.649367,1.252335,z_1.0-2.0,normal_agn,0
081201.66+240052.5,123.006926,24.014608,1.531128,z_1.0-2.0,normal_agn,0
081302.80+205249.1,123.261708,20.880319,1.069719,z_1.0-2.0,normal_agn,0
074929.22+422350.8,117.371783,42.397467,1.856230,z_1.0-2.0,normal_agn,0
082031.39+232629.7,125.130797,23.441591,1.662070,z_1.0-2.0,normal_agn,0
080549.71+245609.7,121.457142,24.936040,1.218926,z_1.0-2.0,normal_agn,0
075532.80+303045.7,118.886691,30.512709,1.031000,z_1.0-2.0,normal_agn,0
081806.75+390310.9,124.528126,39.053039,1.243148,z_1.0-2.0,normal_agn,0
082916.20+280332.3,127.317514,28.058973,1.280065,z_1.0-2.0,normal_agn,0
084405.65+523446.8,131.023570,52.579683,1.186431,z_1.0-2.0,normal_agn,0
075431.51+355818.9,118.631301,35.971923,1.221138,z_1.0-2.0,normal_agn,0
081545.51+241331.3,123.939649,24.225363,1.563341,z_1.0-2.0,normal_agn,0
082719.66+394403.4,126.831953,39.734291,1.794977,z_1.0-2.0,normal_agn,0
075341.85+443445.7,118.424389,44.579381,1.511112,z_1.0-2.0,normal_agn,0
080734.67+530321.6,121.894477,53.056027,1.762000,z_1.0-2.0,normal_agn,0
082559.57+471107.4,126.498221,47.185415,1.499000,z_1.0-2.0,normal_agn,0
081159.88+253236.2,122.999520,25.543414,1.967019,z_1.0-2.0,normal_agn,0
080720.44+403337.5,121.835179,40.560443,1.742115,z_1.0-2.0,normal_agn,0
075025.67+511248.0,117.606985,51.213335,1.226829,z_1.0-2.0,normal_agn,0
082133.20+452211.8,125.388339,45.369946,1.650000,z_1.0-2.0,normal_agn,0
081358.75+232605.4,123.494798,23.434835,1.405826,z_1.0-2.0,normal_agn,0
082755.12+534834.0,126.979694,53.809458,1.360000,z_1.0-2.0,normal_agn,0
082122.91+352531.2,125.345478,35.425335,1.498204,z_1.0-2.0,normal_agn,0
082950.14+115215.0,127.458922,11.870852,1.375300,z_1.0-2.0,normal_agn,0
080736.53+160634.1,121.902223,16.109491,1.032000,z_1.0-2.0,normal_agn,0
081400.08+205516.2,123.500375,20.921180,1.658120,z_1.0-2.0,normal_agn,0
081614.64+570120.3,124.061005,57.022313,1.626000,z_1.0-2.0,normal_agn,0
084148.06+224712.9,130.450276,22.786938,1.133587,z_1.0-2.0,normal_agn,0
080731.99+515629.4,121.883332,51.941524,1.369000,z_1.0-2.0,normal_agn,0
084341.92+190036.6,130.924702,19.010171,1.246205,z_1.0-2.0,normal_agn,0
081340.37+221406.6,123.418222,22.235182,1.554049,z_1.0-2.0,normal_agn,0
080509.80+424103.6,121.290855,42.684345,1.038333,z_1.0-2.0,normal_agn,0
083055.67+282804.9,127.731983,28.468030,1.748819,z_1.0-2.0,normal_agn,0
083755.25+441156.5,129.480211,44.199045,1.350000,z_1.0-2.0,normal_agn,0
080633.17+263540.8,121.638216,26.594674,1.625000,z_1.0-2.0,normal_agn,0
084412.65+244703.2,131.052735,24.784248,1.514430,z_1.0-2.0,normal_agn,0
080940.22+241619.6,122.417608,24.272122,1.380112,z_1.0-2.0,normal_agn,0
081746.01+355517.3,124.441715,35.921493,1.031000,z_1.0-2.0,normal_agn,0
080806.82+372605.8,122.028427,37.434952,1.909562,z_1.0-2.0,normal_agn,0
082304.38+471116.2,125.768283,47.187834,1.056000,z_1.0-2.0,normal_agn,0
082800.55+514533.4,127.002315,51.759299,1.758000,z_1.0-2.0,normal_agn,0
080114.74+301122.0,120.311443,30.189464,1.658028,z_1.0-2.0,normal_agn,0
081952.36+302445.5,124.968195,30.412642,1.916730,z_1.0-2.0,normal_agn,0
084116.04+051953.6,130.316867,5.331572,1.705500,z_1.0-2.0,normal_agn,0
080842.30+341559.0,122.176283,34.266396,1.589000,z_1.0-2.0,normal_agn,0
083705.61+463258.6,129.273401,46.549625,1.956000,z_1.0-2.0,normal_agn,0
081408.33+272129.7,123.534723,27.358265,1.914092,z_1.0-2.0,normal_agn,0
080146.90+394258.6,120.445444,39.716278,1.916647,z_1.0-2.0,normal_agn,0
081454.80+361924.1,123.728364,36.323377,1.102466,z_1.0-2.0,normal_agn,0
081205.52+464048.8,123.023008,46.680228,1.240000,z_1.0-2.0,normal_agn,0
075957.35+280833.0,119.988985,28.142512,1.677649,z_1.0-2.0,normal_agn,0
081839.03+385727.6,124.662649,38.957672,1.496152,z_1.0-2.0,normal_agn,0
080351.00+340043.1,120.962506,34.011997,1.650000,z_1.0-2.0,normal_agn,0
083317.17+565100.8,128.321581,56.850248,1.736724,z_1.0-2.0,normal_agn,0
080025.87+434239.5,120.107798,43.710990,1.541023,z_1.0-2.0,normal_agn,0
082313.53+394327.3,125.806410,39.724251,1.545000,z_1.0-2.0,normal_agn,0
082458.08+492938.3,126.242005,49.493991,1.528111,z_1.0-2.0,normal_agn,0
075658.68+373226.8,119.244503,37.540804,1.574514,z_1.0-2.0,normal_agn,0
075728.16+402356.4,119.367341,40.399017,1.164523,z_1.0-2.0,normal_agn,0
083908.34+264509.5,129.784769,26.752656,1.900242,z_1.0-2.0,normal_agn,0
083057.32+355733.5,127.738868,35.959308,1.792505,z_1.0-2.0,normal_agn,0
082411.66+424719.7,126.048592,42.788809,1.021000,z_1.0-2.0,normal_agn,0
083429.77+322910.8,128.624043,32.486355,1.718000,z_1.0-2.0,normal_agn,0
080521.21+182059.1,121.338393,18.349766,1.749583,z_1.0-2.0,normal_agn,0
075534.54+253346.0,118.893926,25.562787,1.723519,z_1.0-2.0,normal_agn,0
075228.70+225759.2,118.119584,22.966463,1.259513,z_1.0-2.0,normal_agn,0
083550.24+275407.4,128.959362,27.902072,1.833570,z_1.0-2.0,normal_agn,0
082443.68+095301.5,126.182021,9.883767,1.222200,z_1.0-2.0,normal_agn,0
084328.70+062232.9,130.869614,6.375830,1.893666,z_1.0-2.0,normal_agn,0
080213.42+511714.7,120.555922,51.287420,1.128525,z_1.0-2.0,normal_agn,0
075626.04+162118.8,119.108515,16.355238,1.471662,z_1.0-2.0,normal_agn,0
082503.64+304111.2,126.265175,30.686462,1.127602,z_1.0-2.0,normal_agn,0
082945.61+464122.8,127.440078,46.689668,1.077000,z_1.0-2.0,normal_agn,0
080147.65+334132.1,120.448550,33.692268,1.924824,z_1.0-2.0,normal_agn,0
081213.00+403921.1,123.054185,40.655865,1.812000,z_1.0-2.0,normal_agn,0
082839.89+530535.5,127.166210,53.093197,1.429000,z_1.0-2.0,normal_agn,0
083854.32+215027.7,129.726347,21.841034,1.344828,z_1.0-2.0,normal_agn,0
080604.52+313443.1,121.518870,31.578666,1.478726,z_1.0-2.0,normal_agn,0
075432.95+294135.2,118.637309,29.693118,1.452358,z_1.0-2.0,normal_agn,0
081513.35+444631.1,123.805664,44.775315,1.196458,z_1.0-2.0,normal_agn,0
082216.58+060344.8,125.569091,6.062468,1.588532,z_1.0-2.0,normal_agn,0
083625.87+210018.1,129.107809,21.005036,1.069122,z_1.0-2.0,normal_agn,0
083014.84+512043.1,127.561838,51.345311,1.655851,z_1.0-2.0,normal_agn,0
080230.17+443918.3,120.625737,44.655105,1.780000,z_1.0-2.0,normal_agn,0
083208.02+450542.6,128.033443,45.095172,1.253000,z_1.0-2.0,normal_agn,0
080604.47+551711.5,121.518663,55.286529,1.220419,z_1.0-2.0,normal_agn,0
080959.29+345652.0,122.497047,34.947794,1.791497,z_1.0-2.0,normal_agn,0
081737.80+355009.2,124.407526,35.835909,1.037475,z_1.0-2.0,normal_agn,0
084045.27+404628.6,130.188656,40.774638,1.816000,z_1.0-2.0,normal_agn,0
082211.96+371007.7,125.549862,37.168809,1.110976,z_1.0-2.0,normal_agn,0
082306.30+210300.2,125.776267,21.050063,1.382232,z_1.0-2.0,normal_agn,0
080058.16+451030.3,120.242335,45.175098,1.683000,z_1.0-2.0,normal_agn,0
082047.37+393826.8,125.197408,39.640804,1.066000,z_1.0-2.0,normal_agn,0
075510.49+201817.5,118.793719,20.304868,1.262105,z_1.0-2.0,normal_agn,0
080613.03+210112.4,121.554317,21.020138,1.278048,z_1.0-2.0,normal_agn,0
083833.84+560831.6,129.641007,56.142136,1.112000,z_1.0-2.0,normal_agn,0
082228.83+354750.6,125.620144,35.797400,1.668280,z_1.0-2.0,normal_agn,0
081659.07+344613.0,124.246125,34.770291,1.343827,z_1.0-2.0,normal_agn,0
080910.05+555341.5,122.291885,55.894870,1.149000,z_1.0-2.0,normal_agn,0
081133.43+065558.1,122.889295,6.932828,1.268986,z_1.0-2.0,normal_agn,0
083155.63+314955.0,127.981792,31.831948,1.347915,z_1.0-2.0,normal_agn,0
080453.12+540004.8,121.221351,54.001335,1.994000,z_1.0-2.0,normal_agn,0
080012.48+405702.0,120.052036,40.950582,1.279350,z_1.0-2.0,normal_agn,0
081541.10+300821.9,123.921291,30.139426,1.806752,z_1.0-2.0,normal_agn,0
082825.60+375525.0,127.106686,37.923616,1.706515,z_1.0-2.0,normal_agn,0
084044.43+232057.5,130.185129,23.349325,1.435769,z_1.0-2.0,normal_agn,0
082418.70+350718.4,126.077920,35.121786,1.446992,z_1.0-2.0,normal_agn,0
075847.15+224040.5,119.696470,22.677940,1.798358,z_1.0-2.0,normal_agn,0
080546.95+511921.9,121.445665,51.322765,1.332000,z_1.0-2.0,normal_agn,0
080127.06+502951.8,120.362761,50.497744,1.018761,z_1.0-2.0,normal_agn,0
080000.98+370510.2,120.004097,37.086172,1.272609,z_1.0-2.0,normal_agn,0
081247.60+444845.1,123.198362,44.812553,1.418000,z_1.0-2.0,normal_agn,0
081949.54+254600.8,124.956449,25.766897,1.628723,z_1.0-2.0,normal_agn,0
081217.75+515226.0,123.073977,51.873891,1.639350,z_1.0-2.0,normal_agn,0
084354.70+262417.1,130.977936,26.404777,1.499542,z_1.0-2.0,normal_agn,0
081105.95+551439.9,122.774808,55.244437,1.987528,z_1.0-2.0,normal_agn,0
082418.40+551205.3,126.076708,55.201477,1.594000,z_1.0-2.0,normal_agn,0
083200.85+430057.5,128.003544,43.015995,1.734856,z_1.0-2.0,normal_agn,0
080456.26+461115.8,121.234420,46.187727,1.999000,z_1.0-2.0,normal_agn,0
082738.79+411827.0,126.911663,41.307514,1.230137,z_1.0-2.0,normal_agn,0
080154.12+264944.4,120.475511,26.829014,1.671081,z_1.0-2.0,normal_agn,0
082651.97+390602.0,126.716567,39.100577,1.251000,z_1.0-2.0,normal_agn,0
082112.69+340413.3,125.302912,34.070375,1.554000,z_1.0-2.0,normal_agn,0
081232.37+394453.4,123.134906,39.748181,1.174000,z_1.0-2.0,normal_agn,0
080934.61+573442.4,122.394213,57.578470,1.176000,z_1.0-2.0,normal_agn,0
081350.66+351658.7,123.461118,35.282985,1.659611,z_1.0-2.0,normal_agn,0
080320.77+235553.2,120.836573,23.931453,1.379862,z_1.0-2.0,normal_agn,0
080739.37+481600.0,121.914057,48.266687,1.616253,z_1.0-2.0,normal_agn,0
075259.67+430032.3,118.248633,43.008985,1.081112,z_1.0-2.0,normal_agn,0
082610.68+213729.6,126.544526,21.624898,1.738771,z_1.0-2.0,normal_agn,0
075939.65+252308.5,119.915240,25.385703,1.956183,z_1.0-2.0,normal_agn,0
080425.35+474448.7,121.105659,47.746873,1.948376,z_1.0-2.0,normal_agn,0
081605.75+513121.9,124.023964,51.522772,1.930000,z_1.0-2.0,normal_agn,0
082258.60+443516.8,125.744187,44.588022,1.788344,z_1.0-2.0,normal_agn,0
080428.49+403457.6,121.118742,40.582679,1.419073,z_1.0-2.0,normal_agn,0
084144.55+232922.6,130.435627,23.489635,1.498155,z_1.0-2.0,normal_agn,0
082939.88+504332.1,127.416193,50.725611,1.905000,z_1.0-2.0,normal_agn,0
075214.94+414407.8,118.062284,41.735508,1.084979,z_1.0-2.0,normal_agn,0
081330.15+353324.5,123.375648,35.556822,1.463000,z_1.0-2.0,normal_agn,0
083841.60+324317.3,129.673355,32.721476,1.352635,z_1.0-2.0,normal_agn,0
082936.75+494323.5,127.403138,49.723215,1.881200,z_1.0-2.0,normal_agn,0
082608.13+454350.8,126.533879,45.730785,1.314355,z_1.0-2.0,normal_agn,0
083848.49+323106.1,129.702046,32.518370,1.660139,z_1.0-2.0,normal_agn,0
082340.83+361701.5,125.920146,36.283771,1.824112,z_1.0-2.0,normal_agn,0
080216.32+255621.1,120.568031,25.939217,1.896396,z_1.0-2.0,normal_agn,0
082342.84+560049.2,125.928516,56.013673,1.426250,z_1.0-2.0,normal_agn,0
083751.27+461136.9,129.463625,46.193597,1.112778,z_1.0-2.0,normal_agn,0
083322.71+421950.0,128.344641,42.330558,1.862292,z_1.0-2.0,normal_agn,0
081041.71+475630.2,122.673821,47.941747,1.459098,z_1.0-2.0,normal_agn,0
075040.28+181213.1,117.667836,18.203658,1.075000,z_1.0-2.0,normal_agn,0
075519.88+414411.1,118.832864,41.736436,1.937267,z_1.0-2.0,normal_agn,0
084218.66+294120.3,130.577785,29.688976,1.610149,z_1.0-2.0,normal_agn,0
081215.83+451547.9,123.065959,45.263325,1.787000,z_1.0-2.0,normal_agn,0
083857.31+294344.1,129.738797,29.728943,1.740948,z_1.0-2.0,normal_agn,0
084405.01+403927.3,131.020885,40.657599,1.311013,z_1.0-2.0,normal_agn,0
083623.13+254738.8,129.096385,25.794112,1.836264,z_1.0-2.0,normal_agn,0
083003.74+554011.3,127.515604,55.669808,1.963924,z_1.0-2.0,normal_agn,0
075337.67+330717.4,118.406989,33.121523,1.944733,z_1.0-2.0,normal_agn,0
081024.04+333700.9,122.600188,33.616935,1.291933,z_1.0-2.0,normal_agn,0
075439.57+334540.5,118.664916,33.761259,1.614399,z_1.0-2.0,normal_agn,0
083608.00+114653.8,129.033354,11.781631,1.635311,z_1.0-2.0,normal_agn,0
083206.95+494911.8,128.028966,49.819945,1.482861,z_1.0-2.0,normal_agn,0
075341.09+261330.7,118.421209,26.225195,1.611177,z_1.0-2.0,normal_agn,0
080553.24+253317.6,121.471836,25.554892,1.506696,z_1.0-2.0,normal_agn,0
083915.41+150211.2,129.814245,15.036459,1.917975,z_1.0-2.0,normal_agn,0
080014.79+301824.2,120.061647,30.306737,1.156171,z_1.0-2.0,normal_agn,0
075038.41+273109.2,117.660070,27.519243,1.771599,z_1.0-2.0,normal_agn,0
083842.22+374029.7,129.675919,37.674931,1.189937,z_1.0-2.0,normal_agn,0
080103.71+130118.1,120.265485,13.021698,1.900000,z_1.0-2.0,normal_agn,0
082725.68+341154.3,126.857023,34.198417,1.567185,z_1.0-2.0,normal_agn,0
080017.55+291334.4,120.073146,29.226249,1.529757,z_1.0-2.0,normal_agn,0
084341.41+444023.3,130.922573,44.673145,1.064000,z_1.0-2.0,normal_agn,0
084135.12+254107.5,130.396352,25.685419,1.411998,z_1.0-2.0,normal_agn,0
083708.51+362834.9,129.285461,36.476380,1.924378,z_1.0-2.0,normal_agn,0
080527.97+443020.8,121.366569,44.505793,1.057627,z_1.0-2.0,normal_agn,0
080628.23+345028.6,121.617648,34.841284,1.042293,z_1.0-2.0,normal_agn,0
080544.19+135653.4,121.434128,13.948191,1.801537,z_1.0-2.0,normal_agn,0
075021.41+385453.8,117.589236,38.914953,1.874313,z_1.0-2.0,normal_agn,0
081456.49+281815.7,123.735404,28.304378,1.482038,z_1.0-2.0,normal_agn,0
084333.60+261340.3,130.890032,26.227880,1.867044,z_1.0-2.0,normal_agn,0
083824.59+431817.9,129.602461,43.304976,1.955218,z_1.0-2.0,normal_agn,0
075944.24+255710.9,119.934337,25.953053,1.791255,z_1.0-2.0,normal_agn,0
075136.62+332257.0,117.902593,33.382516,1.025000,z_1.0-2.0,normal_agn,0
083029.01+545613.2,127.620876,54.937026,1.589000,z_1.0-2.0,normal_agn,0
075425.60+511213.9,118.606686,51.203889,1.935437,z_1.0-2.0,normal_agn,0
082027.33+280310.0,125.113884,28.052788,1.984961,z_1.0-2.0,normal_agn,0
083903.70+463402.3,129.765442,46.567326,1.556000,z_1.0-2.0,normal_agn,0
082229.79+525648.0,125.624158,52.946691,1.159000,z_1.0-2.0,normal_agn,0
082002.69+362213.9,125.011239,36.370545,1.065239,z_1.0-2.0,normal_agn,0
075658.02+531128.8,119.241791,53.191341,1.329867,z_1.0-2.0,normal_agn,0
081250.07+491722.7,123.208630,49.289659,1.551800,z_1.0-2.0,normal_agn,0
083954.73+093735.6,129.978046,9.626559,1.466100,z_1.0-2.0,normal_agn,0
075735.00+494409.5,119.395844,49.735987,1.622936,z_1.0-2.0,normal_agn,0
080351.09+254635.3,120.962902,25.776489,1.713806,z_1.0-2.0,normal_agn,0
083143.54+374455.1,127.931438,37.748651,1.982912,z_1.0-2.0,normal_agn,0
082404.91+064322.2,126.020479,6.722852,1.873658,z_1.0-2.0,normal_agn,0
074922.98+281918.2,117.345787,28.321749,1.229300,z_1.0-2.0,normal_agn,0
083418.86+554835.6,128.578610,55.809897,1.145707,z_1.0-2.0,normal_agn,0
080517.42+440206.9,121.322619,44.035253,1.248447,z_1.0-2.0,normal_agn,0
081148.31+375645.2,122.951318,37.945900,1.473183,z_1.0-2.0,normal_agn,0
082701.64+394931.8,126.756858,39.825510,1.890480,z_1.0-2.0,normal_agn,0
075330.31+495756.9,118.376312,49.965833,1.928519,z_1.0-2.0,normal_agn,0
081736.62+330655.2,124.402603,33.115341,1.112000,z_1.0-2.0,normal_agn,0
081759.61+475423.4,124.498395,47.906517,1.640279,z_1.0-2.0,normal_agn,0
083534.85+345923.3,128.895220,34.989814,1.622406,z_1.0-2.0,normal_agn,0
081801.98+534103.1,124.508263,53.684197,1.376000,z_1.0-2.0,normal_agn,0
084236.15+344217.8,130.650645,34.704954,1.106484,z_1.0-2.0,normal_agn,0
081209.36+523121.6,123.039030,52.522673,1.622000,z_1.0-2.0,normal_agn,0
083139.10+475117.7,127.912929,47.854941,1.527758,z_1.0-2.0,normal_agn,0
080710.56+213141.4,121.794027,21.528167,1.026127,z_1.0-2.0,normal_agn,0
082215.28+532505.9,125.563696,53.418318,1.766000,z_1.0-2.0,normal_agn,0
081652.23+404347.9,124.217636,40.729973,1.429435,z_1.0-2.0,normal_agn,0
083729.16+230923.8,129.371541,23.156615,1.134969,z_1.0-2.0,normal_agn,0
083922.44+155822.2,129.843512,15.972835,1.908000,z_1.0-2.0,normal_agn,0
082751.37+442746.0,126.964061,44.462791,1.457761,z_1.0-2.0,normal_agn,0
080601.34+124609.4,121.505618,12.769302,1.400995,z_1.0-2.0,normal_agn,0
075643.70+474559.0,119.182099,47.766399,1.441426,z_1.0-2.0,normal_agn,0
080948.64+210540.6,122.452678,21.094616,1.224373,z_1.0-2.0,normal_agn,0
075659.54+515100.2,119.248095,51.850072,1.325000,z_1.0-2.0,normal_agn,0
081511.03+312806.3,123.795988,31.468422,1.342592,z_1.0-2.0,normal_agn,0
075830.83+201815.9,119.628495,20.304438,1.251919,z_1.0-2.0,normal_agn,0
081800.41+401902.2,124.501743,40.317280,1.322374,z_1.0-2.0,normal_agn,0
082113.70+414607.5,125.307119,41.768772,1.217558,z_1.0-2.0,normal_agn,0
083655.58+155815.8,129.231609,15.971073,1.065225,z_1.0-2.0,normal_agn,0
083229.47+301820.7,128.122793,30.305776,1.158085,z_1.0-2.0,normal_agn,0
075507.90+384526.0,118.782937,38.757246,1.818658,z_1.0-2.0,normal_agn,0
084054.26+400613.5,130.226087,40.103765,1.755381,z_1.0-2.0,normal_agn,0
075811.15+473722.2,119.546489,47.622859,1.660424,z_1.0-2.0,normal_agn,0
080434.57+481743.3,121.144046,48.295374,1.548559,z_1.0-2.0,normal_agn,0
083435.56+544450.6,128.648197,54.747402,1.393000,z_1.0-2.0,normal_agn,0
081006.37+254633.9,122.526549,25.776111,1.450876,z_1.0-2.0,normal_agn,0
081802.46+405201.5,124.510273,40.867097,1.750107,z_1.0-2.0,normal_agn,0
083554.49+260209.4,128.977061,26.035948,1.213172,z_1.0-2.0,normal_agn,0
083525.11+343602.5,128.854626,34.600704,1.804648,z_1.0-2.0,normal_agn,0
081739.00+183006.3,124.412523,18.501771,1.072000,z_1.0-2.0,normal_agn,0
084126.15+465231.0,130.358985,46.875285,1.326000,z_1.0-2.0,normal_agn,0
084414.64+465530.8,131.061034,46.925235,1.560000,z_1.0-2.0,normal_agn,0
074908.99+201200.5,117.287489,20.200159,1.371868,z_1.0-2.0,normal_agn,0
082739.58+415854.9,126.914937,41.981935,1.951420,z_1.0-2.0,normal_agn,0
081015.36+262918.7,122.564012,26.488532,1.838344,z_1.0-2.0,normal_agn,0
082957.26+151733.8,127.488597,15.292745,1.473919,z_1.0-2.0,normal_agn,0
080748.52+062011.0,121.952183,6.336397,1.050872,z_1.0-2.0,normal_agn,0
075359.87+360015.7,118.499460,36.004364,1.593000,z_1.0-2.0,normal_agn,0
081409.90+284909.1,123.541264,28.819216,1.787674,z_1.0-2.0,normal_agn,0
075154.95+392419.6,117.978991,39.405448,1.161470,z_1.0-2.0,normal_agn,0
084308.30+514511.0,130.784607,51.753070,1.269070,z_1.0-2.0,normal_agn,0
081414.24+093147.1,123.559351,9.529752,1.708200,z_1.0-2.0,normal_agn,0
075837.70+281834.2,119.657110,28.309516,1.004615,z_1.0-2.0,normal_agn,0
082021.64+434547.9,125.090182,43.763326,1.352511,z_1.0-2.0,normal_agn,0
081952.27+572801.8,124.967806,57.467173,1.063593,z_1.0-2.0,normal_agn,0
084020.42+462835.0,130.085113,46.476407,1.908000,z_1.0-2.0,normal_agn,0
083023.25+321753.6,127.596887,32.298238,1.703611,z_1.0-2.0,normal_agn,0
082409.68+495003.1,126.040354,49.834207,1.935000,z_1.0-2.0,normal_agn,0
082059.96+363014.7,125.249868,36.504104,1.239766,z_1.0-2.0,normal_agn,0
080141.84+221623.1,120.424336,22.273100,1.516214,z_1.0-2.0,normal_agn,0
081618.78+255723.4,124.078287,25.956503,1.111859,z_1.0-2.0,normal_agn,0
075006.66+241551.2,117.527777,24.264248,1.329235,z_1.0-2.0,normal_agn,0
081849.32+401738.9,124.705532,40.294144,1.770630,z_1.0-2.0,normal_agn,0
080051.53+383122.9,120.214734,38.523042,1.762998,z_1.0-2.0,normal_agn,0
075746.08+425952.0,119.442035,42.997801,1.550239,z_1.0-2.0,normal_agn,0
080745.86+412549.8,121.941115,41.430503,1.195037,z_1.0-2.0,normal_agn,0
075856.36+430528.1,119.734844,43.091144,1.795848,z_1.0-2.0,normal_agn,0
080817.47+480435.6,122.072819,48.076565,1.187832,z_1.0-2.0,normal_agn,0
081338.69+352002.7,123.411219,35.334106,1.303843,z_1.0-2.0,normal_agn,0
075423.78+342310.5,118.599084,34.386263,1.017999,z_1.0-2.0,normal_agn,0
080547.48+520546.9,121.447839,52.096386,1.174000,z_1.0-2.0,normal_agn,0
075415.66+263322.0,118.565258,26.556123,1.335594,z_1.0-2.0,normal_agn,0
075251.11+181108.1,118.212978,18.185598,1.924265,z_1.0-2.0,normal_agn,0
081331.13+423435.3,123.379722,42.576498,1.938287,z_1.0-2.0,normal_agn,0
083857.51+375417.3,129.739633,37.904806,1.744883,z_1.0-2.0,normal_agn,0
084018.97+615720.3,130.079071,61.955651,1.355700,z_1.0-2.0,normal_agn,0
082600.52+130838.1,126.502197,13.143938,1.905400,z_1.0-2.0,normal_agn,0
082746.41+484307.9,126.943384,48.718875,1.597789,z_1.0-2.0,normal_agn,0
084036.36+275326.1,130.151533,27.890604,1.575000,z_1.0-2.0,normal_agn,0
083758.54+460802.2,129.493953,46.133970,1.931000,z_1.0-2.0,normal_agn,0
074851.72+440303.5,117.215527,44.050994,1.921109,z_1.0-2.0,normal_agn,0
082218.57+411818.4,125.577410,41.305138,1.461901,z_1.0-2.0,normal_agn,0
082641.90+300339.0,126.674620,30.060845,1.109460,z_1.0-2.0,normal_agn,0
084406.29+460901.3,131.026216,46.150374,1.894793,z_1.0-2.0,normal_agn,0
081740.41+545337.0,124.418378,54.893620,1.744000,z_1.0-2.0,normal_agn,0
083241.23+540734.5,128.171809,54.126255,1.506000,z_1.0-2.0,normal_agn,0
084029.39+553731.4,130.122467,55.625406,1.838000,z_1.0-2.0,normal_agn,0
082615.19+283513.8,126.563322,28.587174,1.229209,z_1.0-2.0,normal_agn,0
083904.85+254853.5,129.770250,25.814864,1.287930,z_1.0-2.0,normal_agn,0
080508.94+303424.3,121.287286,30.573419,1.222329,z_1.0-2.0,normal_agn,0
080006.36+455808.2,120.026517,45.968963,1.394000,z_1.0-2.0,normal_agn,0
082535.63+434920.9,126.398497,43.822478,1.191000,z_1.0-2.0,normal_agn,0
075738.95+274104.7,119.412294,27.684653,1.766399,z_1.0-2.0,normal_agn,0
080605.82+554909.2,121.524263,55.819248,1.283410,z_1.0-2.0,normal_agn,0
082641.01+292747.2,126.670908,29.463127,1.458580,z_1.0-2.0,normal_agn,0
080428.22+413917.0,121.117615,41.654737,1.774000,z_1.0-2.0,normal_agn,0
080542.30+230704.8,121.426257,23.118016,1.832759,z_1.0-2.0,normal_agn,0
082713.81+120528.0,126.807551,12.091112,1.357700,z_1.0-2.0,normal_agn,0
080320.73+174331.1,120.836415,17.725311,1.417521,z_1.0-2.0,normal_agn,0
080540.52+274012.7,121.418844,27.670201,1.301972,z_1.0-2.0,normal_agn,0
081551.39+222328.8,123.964127,22.391350,1.659655,z_1.0-2.0,normal_agn,0
074837.42+374728.9,117.155939,37.791382,1.656108,z_1.0-2.0,normal_agn,0
084447.55+530519.4,131.198158,53.088743,1.944725,z_1.0-2.0,normal_agn,0
082039.48+530209.7,125.164520,53.036046,1.063000,z_1.0-2.0,normal_agn,0
075854.19+511654.2,119.725817,51.281727,1.785313,z_1.0-2.0,normal_agn,0
080415.31+361208.0,121.063831,36.202229,1.698411,z_1.0-2.0,normal_agn,0
081554.91+211354.2,123.978805,21.231742,1.753455,z_1.0-2.0,normal_agn,0
080859.26+385728.8,122.246937,38.958018,1.083279,z_1.0-2.0,normal_agn,0
082211.51+480617.3,125.547973,48.104809,1.466662,z_1.0-2.0,normal_agn,0
083346.09+515910.6,128.442082,51.986286,1.032965,z_1.0-2.0,normal_agn,0
082001.02+294627.9,125.004277,29.774427,1.511803,z_1.0-2.0,normal_agn,0
080956.14+380256.6,122.483924,38.049061,1.145961,z_1.0-2.0,normal_agn,0
084113.53+290925.4,130.306387,29.157063,1.573564,z_1.0-2.0,normal_agn,0
084143.77+332933.7,130.432393,33.492722,1.023206,z_1.0-2.0,normal_agn,0
081830.14+320147.7,124.625588,32.029939,1.898914,z_1.0-2.0,normal_agn,0
080125.32+390022.3,120.355526,39.006219,1.289001,z_1.0-2.0,normal_agn,0
083558.50+261820.1,128.993770,26.305606,1.173871,z_1.0-2.0,normal_agn,0
084301.88+453734.8,130.757859,45.626334,1.295000,z_1.0-2.0,normal_agn,0
082801.15+282505.6,127.004814,28.418227,1.712626,z_1.0-2.0,normal_agn,0
080059.41+343903.5,120.247580,34.650990,1.018546,z_1.0-2.0,normal_agn,0
084434.04+335035.7,131.141861,33.843254,1.190743,z_1.0-2.0,normal_agn,0
075433.72+322326.1,118.640521,32.390587,1.566100,z_1.0-2.0,normal_agn,0
080545.38+502715.7,121.439109,50.454371,1.461367,z_1.0-2.0,normal_agn,0
080507.85+303238.4,121.282741,30.544024,1.780356,z_1.0-2.0,normal_agn,0
084457.92+344104.2,131.241359,34.684525,1.289313,z_1.0-2.0,normal_agn,0
080538.92+262252.0,121.412186,26.381112,1.574647,z_1.0-2.0,normal_agn,0
075325.60+243358.3,118.356694,24.566195,1.653297,z_1.0-2.0,normal_agn,0
082031.20+231032.5,125.130034,23.175708,1.337892,z_1.0-2.0,normal_agn,0
081747.14+263403.4,124.446439,26.567621,1.593060,z_1.0-2.0,normal_agn,0
083632.23+480513.5,129.134295,48.087106,1.596682,z_1.0-2.0,normal_agn,0
081224.35+564811.9,123.101461,56.803331,1.552671,z_1.0-2.0,normal_agn,0
075653.66+440524.7,119.223601,44.090200,1.446000,z_1.0-2.0,normal_agn,0
075329.01+512638.4,118.370876,51.444021,1.627946,z_1.0-2.0,normal_agn,0
081944.07+305026.4,124.933655,30.840669,1.312100,z_1.0-2.0,normal_agn,0
083418.21+533933.5,128.575912,53.659314,1.611872,z_1.0-2.0,normal_agn,0
083628.25+345206.1,129.117733,34.868362,1.285718,z_1.0-2.0,normal_agn,0
080839.36+514618.3,122.164016,51.771766,1.785000,z_1.0-2.0,normal_agn,0
075517.30+275129.9,118.822105,27.858312,1.328299,z_1.0-2.0,normal_agn,0
084316.03+452401.1,130.816817,45.400331,1.487000,z_1.0-2.0,normal_agn,0
075942.83+333445.8,119.928480,33.579393,1.971000,z_1.0-2.0,normal_agn,0
075729.26+332731.4,119.371933,33.458727,1.520014,z_1.0-2.0,normal_agn,0
082914.61+590822.7,127.310904,59.139648,1.203475,z_1.0-2.0,normal_agn,0
080944.63+480011.4,122.435969,48.003177,1.738000,z_1.0-2.0,normal_agn,0
075425.73+333517.5,118.607213,33.588205,1.468000,z_1.0-2.0,normal_agn,0
075318.85+354038.9,118.328570,35.677473,1.997993,z_1.0-2.0,normal_agn,0
084304.84+174840.8,130.770172,17.811359,1.841295,z_1.0-2.0,normal_agn,0
075337.05+415808.5,118.404382,41.969046,1.400330,z_1.0-2.0,normal_agn,0
075409.81+384600.3,118.540901,38.766762,1.890505,z_1.0-2.0,normal_agn,0
084205.23+585330.8,130.521817,58.891907,1.121909,z_1.0-2.0,normal_agn,0
075432.88+323924.4,118.637016,32.656800,1.923409,z_1.0-2.0,normal_agn,0
080054.80+301724.3,120.228366,30.290088,1.288179,z_1.0-2.0,normal_agn,0
081858.76+244623.5,124.744851,24.773202,1.546224,z_1.0-2.0,normal_agn,0
081355.16+213201.3,123.479856,21.533711,1.347125,z_1.0-2.0,normal_agn,0
080424.85+273433.1,121.103565,27.575877,1.331320,z_1.0-2.0,normal_agn,0
080538.41+270635.6,121.410081,27.109898,1.200120,z_1.0-2.0,normal_agn,0
080532.93+334910.0,121.387248,33.819452,1.504593,z_1.0-2.0,normal_agn,0
083919.04+281534.7,129.829360,28.259642,1.631796,z_1.0-2.0,normal_agn,0
083400.39+424040.7,128.501626,42.677992,1.201130,z_1.0-2.0,normal_agn,0
082229.64+482706.0,125.623536,48.451681,1.711079,z_1.0-2.0,normal_agn,0
082025.10+542729.2,125.104609,54.458133,1.511048,z_1.0-2.0,normal_agn,0
074930.92+421541.1,117.378856,42.261430,1.826000,z_1.0-2.0,normal_agn,0
084401.58+261341.6,131.006608,26.228232,1.835969,z_1.0-2.0,normal_agn,0
083712.12+062102.9,129.300524,6.350816,1.211869,z_1.0-2.0,normal_agn,0
081157.78+543958.0,122.990789,54.666115,1.222000,z_1.0-2.0,normal_agn,0
074846.19+310603.2,117.192487,31.100905,1.619034,z_1.0-2.0,normal_agn,0
074842.82+482037.5,117.178428,48.343773,1.255987,z_1.0-2.0,normal_agn,0
082210.33+215537.5,125.543076,21.927092,1.278754,z_1.0-2.0,normal_agn,0
081108.57+332127.2,122.785722,33.357560,1.465155,z_1.0-2.0,normal_agn,0
082426.50+450551.7,126.110446,45.097719,1.602000,z_1.0-2.0,normal_agn,0
075123.32+452044.1,117.847203,45.345596,1.982591,z_1.0-2.0,normal_agn,0
075119.76+231352.7,117.832334,23.231332,1.123176,z_1.0-2.0,normal_agn,0
081345.17+064348.4,123.438222,6.730127,1.567606,z_1.0-2.0,normal_agn,0
082310.23+261158.1,125.792665,26.199474,1.718325,z_1.0-2.0,normal_agn,0
074923.57+433643.8,117.348218,43.612182,1.863000,z_1.0-2.0,normal_agn,0
083324.24+584728.8,128.351005,58.791352,1.619056,z_1.0-2.0,normal_agn,0
081136.60+502529.2,122.902524,50.424801,1.740000,z_1.0-2.0,normal_agn,0
082514.88+355519.1,126.312017,35.921989,1.864344,z_1.0-2.0,normal_agn,0
081336.24+522638.4,123.401009,52.444010,1.134000,z_1.0-2.0,normal_agn,0
081006.69+210318.2,122.527879,21.055057,1.681113,z_1.0-2.0,normal_agn,0
075627.97+265842.5,119.116552,26.978483,1.192847,z_1.0-2.0,normal_agn,0
081641.43+242425.4,124.172651,24.407066,1.406030,z_1.0-2.0,normal_agn,0
081008.41+330144.6,122.535052,33.029070,1.626735,z_1.0-2.0,normal_agn,0
080015.87+534019.6,120.066157,53.672138,1.935000,z_1.0-2.0,normal_agn,0
081650.11+432524.4,124.208807,43.423466,1.483092,z_1.0-2.0,normal_agn,0
075630.94+364506.3,119.128928,36.751772,1.747496,z_1.0-2.0,normal_agn,0
075729.36+475409.0,119.372374,47.902528,1.709060,z_1.0-2.0,normal_agn,0
082324.95+411336.0,125.853994,41.226667,1.558000,z_1.0-2.0,normal_agn,0
080937.91+334912.2,122.407977,33.820069,1.599192,z_1.0-2.0,normal_agn,0
083603.44+540216.7,129.014354,54.037987,1.050000,z_1.0-2.0,normal_agn,0
081742.06+393107.8,124.425286,39.518844,1.283858,z_1.0-2.0,normal_agn,0
075853.37+365725.5,119.722385,36.957093,1.236029,z_1.0-2.0,normal_agn,0
081611.43+281658.3,124.047632,28.282882,1.357217,z_1.0-2.0,normal_agn,0
075959.22+421923.5,119.996757,42.323212,1.742754,z_1.0-2.0,normal_agn,0
084442.85+302347.4,131.178574,30.396504,1.422739,z_1.0-2.0,normal_agn,0
075807.26+220602.7,119.530283,22.100759,1.369108,z_1.0-2.0,normal_agn,0
081853.77+463622.8,124.724048,46.606334,1.639000,z_1.0-2.0,normal_agn,0
084021.55+141031.5,130.089817,14.175417,1.494386,z_1.0-2.0,normal_agn,0
084121.54+214031.6,130.339751,21.675467,1.849368,z_1.0-2.0,normal_agn,0
082106.12+423445.0,125.275512,42.579191,1.924219,z_1.0-2.0,normal_agn,0
081745.52+223620.1,124.439677,22.605600,1.070178,z_1.0-2.0,normal_agn,0
080825.99+501726.2,122.108306,50.290628,1.959000,z_1.0-2.0,normal_agn,0
080434.01+254226.8,121.141741,25.707470,1.235958,z_1.0-2.0,normal_agn,0
083805.39+074657.8,129.522468,7.782737,1.555000,z_1.0-2.0,normal_agn,0
081824.35+231603.8,124.601460,23.267742,1.874652,z_1.0-2.0,normal_agn,0
074954.74+341621.2,117.478121,34.272571,1.354497,z_1.0-2.0,normal_agn,0
081308.18+070725.9,123.284084,7.123881,1.149247,z_1.0-2.0,normal_agn,0
075430.94+304105.0,118.628931,30.684727,1.484000,z_1.0-2.0,normal_agn,0
083103.75+214553.3,127.765631,21.764833,1.527438,z_1.0-2.0,normal_agn,0
084212.14+463123.5,130.550588,46.523216,1.315000,z_1.0-2.0,normal_agn,0
075459.13+372253.4,118.746416,37.381528,1.975995,z_1.0-2.0,normal_agn,0
083734.69+425442.9,129.394560,42.911923,1.392640,z_1.0-2.0,normal_agn,0
084313.18+305329.6,130.804918,30.891572,1.873133,z_1.0-2.0,normal_agn,0
074900.62+490942.9,117.252588,49.161923,1.594000,z_1.0-2.0,normal_agn,0
080651.90+484600.2,121.716257,48.766728,1.789813,z_1.0-2.0,normal_agn,0
082737.11+311137.3,126.904654,31.193700,1.508820,z_1.0-2.0,normal_agn,0
081133.45+302431.8,122.889395,30.408847,1.225508,z_1.0-2.0,normal_agn,0
082615.95+512245.3,126.566481,51.379252,1.572000,z_1.0-2.0,normal_agn,0
082546.05+275640.3,126.441878,27.944530,1.084185,z_1.0-2.0,normal_agn,0
075850.93+220708.1,119.712218,22.118934,1.494319,z_1.0-2.0,normal_agn,0
075213.69+345036.5,118.057063,34.843492,1.590000,z_1.0-2.0,normal_agn,0
080233.29+370010.3,120.638735,37.002884,1.228646,z_1.0-2.0,normal_agn,0
084308.86+255606.6,130.786924,25.935185,1.219800,z_1.0-2.0,normal_agn,0
074942.16+210929.1,117.425683,21.158106,1.521801,z_1.0-2.0,normal_agn,0
084120.69+372006.0,130.336242,37.335001,1.666725,z_1.0-2.0,normal_agn,0
080500.40+341220.8,121.251682,34.205785,1.169161,z_1.0-2.0,normal_agn,0
082015.40+285209.5,125.064198,28.869310,1.922070,z_1.0-2.0,normal_agn,0
083752.55+393251.1,129.468985,39.547538,1.615265,z_1.0-2.0,normal_agn,0
080857.82+370133.0,122.240928,37.025841,1.673891,z_1.0-2.0,normal_agn,0
075623.41+145221.8,119.097556,14.872732,1.156565,z_1.0-2.0,normal_agn,0
080525.33+543202.2,121.355546,54.533945,1.199764,z_1.0-2.0,normal_agn,0
081323.40+331034.0,123.347535,33.176137,1.093217,z_1.0-2.0,normal_agn,0
083026.49+483923.2,127.610396,48.656466,1.566550,z_1.0-2.0,normal_agn,0
082144.01+274456.0,125.433400,27.748911,1.774264,z_1.0-2.0,normal_agn,0
080134.77+094048.9,120.394914,9.680272,1.062000,z_1.0-2.0,normal_agn,0
082532.67+205817.8,126.386159,20.971611,1.801815,z_1.0-2.0,normal_agn,0
083918.67+195745.2,129.827821,19.962580,1.808033,z_1.0-2.0,normal_agn,0
082154.15+124746.4,125.475628,12.796238,1.941000,z_1.0-2.0,normal_agn,0
082609.88+362213.5,126.541193,36.370429,1.082482,z_1.0-2.0,normal_agn,0
084356.43+365429.9,130.985151,36.908311,1.469781,z_1.0-2.0,normal_agn,0
080018.03+513532.2,120.075138,51.592298,1.660000,z_1.0-2.0,normal_agn,0
082639.03+565633.2,126.662645,56.942559,1.129423,z_1.0-2.0,normal_agn,0
075758.48+384919.2,119.493673,38.822014,1.169281,z_1.0-2.0,normal_agn,0
075606.17+423458.1,119.025728,42.582808,1.038630,z_1.0-2.0,normal_agn,0
074911.53+171637.7,117.298073,17.277160,1.404571,z_1.0-2.0,normal_agn,0
083602.85+325301.0,129.011882,32.883616,1.883684,z_1.0-2.0,normal_agn,0
083435.71+430112.4,128.648793,43.020120,1.737000,z_1.0-2.0,normal_agn,0
080509.02+213031.2,121.287593,21.508668,1.573319,z_1.0-2.0,normal_agn,0
081731.35+421731.8,124.380626,42.292177,1.643673,z_1.0-2.0,normal_agn,0
083224.81+330846.9,128.103383,33.146363,1.366002,z_1.0-2.0,normal_agn,0
080030.97+224639.6,120.129051,22.777682,1.128549,z_1.0-2.0,normal_agn,0
082618.32+550809.9,126.576341,55.136108,1.522125,z_1.0-2.0,normal_agn,0
080714.85+280410.0,121.811888,28.069445,1.310225,z_1.0-2.0,normal_agn,0
081350.78+342503.8,123.461615,34.417732,1.566713,z_1.0-2.0,normal_agn,0
081847.14+280842.8,124.696439,28.145229,1.847383,z_1.0-2.0,normal_agn,0
082818.46+412359.7,127.076945,41.399929,1.106000,z_1.0-2.0,normal_agn,0
084504.28+234415.4,131.267840,23.737626,1.543034,z_1.0-2.0,normal_agn,0
081650.24+452731.7,124.209337,45.458809,1.382000,z_1.0-2.0,normal_agn,0
084502.74+292712.6,131.261450,29.453525,1.497008,z_1.0-2.0,normal_agn,0
082426.72+512915.5,126.111338,51.487662,1.272853,z_1.0-2.0,normal_agn,0
081239.03+311225.3,123.162659,31.207037,1.262751,z_1.0-2.0,normal_agn,0
083016.00+252611.3,127.566695,25.436489,1.008740,z_1.0-2.0,normal_agn,0
080129.07+404650.7,120.371160,40.780761,1.700000,z_1.0-2.0,normal_agn,0
083509.91+274941.0,128.791320,27.828064,1.631315,z_1.0-2.0,normal_agn,0
081215.28+501155.0,123.063707,50.198620,1.868878,z_1.0-2.0,normal_agn,0
074857.73+221811.2,117.240581,22.303133,2.275000,z_2.0+,normal_agn,0
082330.75+385242.5,125.878125,38.878484,2.117257,z_2.0+,normal_agn,0
084406.39+083117.5,131.026644,8.521538,2.404000,z_2.0+,normal_agn,0
080217.01+304214.7,120.570884,30.704085,2.063171,z_2.0+,normal_agn,0
082608.71+600009.3,126.536298,60.002594,2.658000,z_2.0+,normal_agn,0
081633.41+375936.1,124.139235,37.993377,2.020000,z_2.0+,normal_agn,0
075925.15+133028.5,119.854829,13.507930,2.157000,z_2.0+,normal_agn,0
082040.41+302905.5,125.168412,30.484884,2.099618,z_2.0+,normal_agn,0
074848.93+282303.1,117.203899,28.384220,2.240000,z_2.0+,normal_agn,0
080628.23+415520.2,121.617662,41.922304,2.167554,z_2.0+,normal_agn,0
084321.58+274929.3,130.839957,27.824825,2.180000,z_2.0+,normal_agn,0
084104.66+024258.4,130.269458,2.716234,2.278000,z_2.0+,normal_agn,0
083201.50+132502.0,128.006273,13.417239,2.973000,z_2.0+,normal_agn,0
083814.32+221914.9,129.559703,22.320812,2.362631,z_2.0+,normal_agn,0
081521.57+464200.8,123.839892,46.700241,2.099000,z_2.0+,normal_agn,0
082827.68+055417.1,127.115371,5.904770,2.600000,z_2.0+,normal_agn,0
080532.60+520754.5,121.385856,52.131821,2.244000,z_2.0+,normal_agn,0
084000.46+475115.2,130.001951,47.854250,2.957000,z_2.0+,normal_agn,0
081229.82+304224.5,123.124253,30.706809,2.116000,z_2.0+,normal_agn,0
075822.50+462938.7,119.593786,46.494096,2.407000,z_2.0+,normal_agn,0
083520.95+452534.0,128.837308,45.426126,2.107000,z_2.0+,normal_agn,0
080130.32+353405.5,120.376368,35.568202,2.701817,z_2.0+,normal_agn,0
081414.30+035434.5,123.559620,3.909584,2.355000,z_2.0+,normal_agn,0
080646.49+312851.4,121.693735,31.480958,2.087721,z_2.0+,normal_agn,0
075849.11+424841.6,119.704666,42.811582,2.040946,z_2.0+,normal_agn,0
082022.98+230247.5,125.095754,23.046547,2.840000,z_2.0+,normal_agn,0
081723.87+551856.0,124.349497,55.315575,2.505000,z_2.0+,normal_agn,0
080754.71+063812.4,121.977971,6.636781,2.441000,z_2.0+,normal_agn,0
081909.67+241712.6,124.790294,24.286851,2.389385,z_2.0+,normal_agn,0
075656.16+250640.9,119.234019,25.111381,2.156579,z_2.0+,normal_agn,0
075131.53+463001.1,117.881410,46.500323,2.085000,z_2.0+,normal_agn,0
075413.23+245929.2,118.555146,24.991448,2.676166,z_2.0+,normal_agn,0
075955.73+072248.8,119.982209,7.380242,2.362000,z_2.0+,normal_agn,0
081449.05+141608.8,123.704416,14.269118,2.633000,z_2.0+,normal_agn,0
075801.45+510201.0,119.506064,51.033615,2.059931,z_2.0+,normal_agn,0
081710.99+311250.6,124.295819,31.214076,2.767199,z_2.0+,normal_agn,0
081203.63+021956.4,123.015145,2.332346,2.263000,z_2.0+,normal_agn,0
084443.01+273206.2,131.179232,27.535078,2.310000,z_2.0+,normal_agn,0
082854.57+472355.4,127.227406,47.398737,2.448000,z_2.0+,normal_agn,0
081646.75+494214.5,124.194826,49.704051,2.599000,z_2.0+,normal_agn,0
082753.99+252322.5,126.974996,25.389597,2.357770,z_2.0+,normal_agn,0
083302.08+501648.9,128.258680,50.280277,2.763000,z_2.0+,normal_agn,0
083626.60+571608.8,129.110841,57.269115,2.303000,z_2.0+,normal_agn,0
075301.61+172514.8,118.256708,17.420792,2.373000,z_2.0+,normal_agn,0
082151.62+281436.4,125.465106,28.243452,2.114550,z_2.0+,normal_agn,0
075745.74+261117.4,119.440600,26.188179,2.169000,z_2.0+,normal_agn,0
083609.56+460052.3,129.039871,46.014546,2.034000,z_2.0+,normal_agn,0
082841.95+260149.3,127.174807,26.030363,2.361244,z_2.0+,normal_agn,0
082526.51+052640.3,126.360460,5.444541,2.153000,z_2.0+,normal_agn,0
080407.53+381507.9,121.031377,38.252211,2.632000,z_2.0+,normal_agn,0
082702.08+040620.1,126.758670,4.105598,2.407000,z_2.0+,normal_agn,0
083518.45+044714.2,128.826909,4.787279,2.318000,z_2.0+,normal_agn,0
080527.81+324649.3,121.365909,32.780382,2.513513,z_2.0+,normal_agn,0
083706.08+105458.7,129.275339,10.916311,2.575000,z_2.0+,normal_agn,0
074937.71+342444.3,117.407137,34.412324,2.404000,z_2.0+,normal_agn,0
083350.09+330116.4,128.458730,33.021235,2.951000,z_2.0+,normal_agn,0
080351.65+522738.2,120.965238,52.460629,2.184000,z_2.0+,normal_agn,0
080739.97+242011.2,121.916546,24.336456,2.822000,z_2.0+,normal_agn,0
082757.20+530910.7,126.988359,53.152981,2.143000,z_2.0+,normal_agn,0
080352.89+165633.2,120.970411,16.942574,2.432000,z_2.0+,normal_agn,0
082823.37+301947.4,127.097410,30.329848,2.400948,z_2.0+,normal_agn,0
074946.85+323444.2,117.445244,32.578963,2.379938,z_2.0+,normal_agn,0
083940.51+583938.5,129.918814,58.660720,2.658000,z_2.0+,normal_agn,0
081955.44+283106.0,124.981004,28.518355,2.067696,z_2.0+,normal_agn,0
083037.51+393756.6,127.656319,39.632391,2.111000,z_2.0+,normal_agn,0
081038.41+482648.6,122.660066,48.446842,2.668000,z_2.0+,normal_agn,0
075012.53+344040.6,117.552235,34.677948,2.228000,z_2.0+,normal_agn,0
083752.23+420037.9,129.467645,42.010536,2.324000,z_2.0+,normal_agn,0
075206.03+273929.6,118.025139,27.658240,2.203000,z_2.0+,normal_agn,0
082943.84+150304.6,127.432705,15.051300,2.552000,z_2.0+,normal_agn,0
081758.95+122710.9,124.495654,12.453048,2.967000,z_2.0+,normal_agn,0
075356.57+512237.1,118.485712,51.376977,2.758000,z_2.0+,normal_agn,0
082707.41+213421.1,126.780909,21.572550,2.400902,z_2.0+,normal_agn,0
074954.82+262127.5,117.478425,26.357664,2.119123,z_2.0+,normal_agn,0
075453.08+431145.0,118.721206,43.195860,2.144529,z_2.0+,normal_agn,0
080958.18+504627.5,122.492438,50.774312,2.398000,z_2.0+,normal_agn,0
082336.12+154406.0,125.900511,15.735003,2.285000,z_2.0+,normal_agn,0
083729.61+482135.0,129.373381,48.359742,2.505940,z_2.0+,normal_agn,0
081954.33+172026.9,124.976398,17.340810,2.992000,z_2.0+,normal_agn,0
075423.42+271626.4,118.597621,27.274005,2.745000,z_2.0+,normal_agn,0
080151.78+553614.2,120.465755,55.603966,2.427000,z_2.0+,normal_agn,0
084512.27+513501.9,131.301151,51.583864,2.104454,z_2.0+,normal_agn,0
081631.28+275902.3,124.130359,27.983977,2.540000,z_2.0+,normal_agn,0
083235.33+352824.7,128.147210,35.473548,2.375000,z_2.0+,normal_agn,0
083050.35-003050.4,127.709814,-0.514018,2.259000,z_2.0+,normal_agn,0
075715.96+431355.9,119.316520,43.232222,2.800995,z_2.0+,normal_agn,0
080447.39+255212.7,121.197482,25.870216,2.427000,z_2.0+,normal_agn,0
082634.50+375002.8,126.643768,37.834126,2.677622,z_2.0+,normal_agn,0
082308.07+462816.3,125.783648,46.471212,2.152000,z_2.0+,normal_agn,0
084115.24+080655.4,130.313521,8.115414,2.913000,z_2.0+,normal_agn,0
082804.48+134701.5,127.018676,13.783768,2.245000,z_2.0+,normal_agn,0
074945.59+205810.6,117.439982,20.969635,2.570000,z_2.0+,normal_agn,0
081131.13-001045.9,122.879737,-0.179430,2.186000,z_2.0+,normal_agn,0
083819.04+355236.2,129.579366,35.876746,2.423000,z_2.0+,normal_agn,0
081116.74+530441.6,122.819779,53.078233,2.108000,z_2.0+,normal_agn,0
083220.36+534242.4,128.084871,53.711803,2.260000,z_2.0+,normal_agn,0
081437.38+085620.8,123.655773,8.939120,2.243800,z_2.0+,normal_agn,0
083834.31+414838.6,129.642980,41.810745,2.516000,z_2.0+,normal_agn,0
084336.26+221530.0,130.901108,22.258340,2.126987,z_2.0+,normal_agn,0
075237.18+313944.6,118.154958,31.662389,2.101600,z_2.0+,normal_agn,0
083042.02+514858.7,127.675112,51.816323,2.070588,z_2.0+,normal_agn,0
080835.40+482021.0,122.147516,48.339173,2.357000,z_2.0+,normal_agn,0
083556.60+255508.8,128.985861,25.919113,2.407000,z_2.0+,normal_agn,0
081849.10+391322.3,124.704593,39.222862,2.473583,z_2.0+,normal_agn,0
081137.26+314255.9,122.905276,31.715553,2.534000,z_2.0+,normal_agn,0
083857.91+323814.8,129.741293,32.637460,2.653000,z_2.0+,normal_agn,0
083153.25+394704.0,127.971885,39.784467,2.586000,z_2.0+,normal_agn,0
083725.52+075542.4,129.356368,7.928444,2.171000,z_2.0+,normal_agn,0
082912.59+042434.6,127.302478,4.409630,2.142000,z_2.0+,normal_agn,0
075452.56+420054.4,118.719007,42.015119,2.222275,z_2.0+,normal_agn,0
075547.83+220450.1,118.949331,22.080606,2.314000,z_2.0+,normal_agn,0
081014.80+281613.9,122.561705,28.270536,2.081987,z_2.0+,normal_agn,0
080143.02+365838.4,120.429273,36.977345,2.071850,z_2.0+,normal_agn,0
075749.78+225519.3,119.457451,22.922032,2.049047,z_2.0+,normal_agn,0
081308.33+072259.1,123.284716,7.383088,2.432000,z_2.0+,normal_agn,0
082645.36+390048.6,126.689016,39.013514,2.760000,z_2.0+,normal_agn,0
084108.42+203236.0,130.285088,20.543355,2.129768,z_2.0+,normal_agn,0
075010.57+204114.2,117.544059,20.687280,2.680648,z_2.0+,normal_agn,0
075421.44+353321.6,118.589345,35.556025,2.222069,z_2.0+,normal_agn,0
080903.68+341817.5,122.265361,34.304885,2.098154,z_2.0+,normal_agn,0
081602.03+034611.1,124.008479,3.769776,2.187000,z_2.0+,normal_agn,0
081337.20+325932.1,123.405010,32.992257,2.786000,z_2.0+,normal_agn,0
081549.03+551101.5,123.954300,55.183752,2.081000,z_2.0+,normal_agn,0
074923.85+354059.9,117.349412,35.683323,2.681000,z_2.0+,normal_agn,0
082938.19+390843.3,127.409135,39.145385,2.681000,z_2.0+,normal_agn,0
080947.19+255927.5,122.446651,25.990993,2.947000,z_2.0+,normal_agn,0
081359.19+384535.6,123.496645,38.759890,2.406053,z_2.0+,normal_agn,0
081548.01+145941.5,123.950042,14.994888,2.749000,z_2.0+,normal_agn,0
075449.90+511816.8,118.707927,51.304680,2.970000,z_2.0+,normal_agn,0
080611.16+060142.2,121.546538,6.028398,2.685000,z_2.0+,normal_agn,0
080154.19+481256.5,120.475833,48.215719,2.135000,z_2.0+,normal_agn,0
083416.44+370029.0,128.568521,37.008073,2.502000,z_2.0+,normal_agn,0
080208.48+504144.3,120.535371,50.695642,2.088569,z_2.0+,normal_agn,0
080147.83+541524.4,120.449306,54.256793,2.618000,z_2.0+,normal_agn,0
081254.46+330657.4,123.226951,33.115971,2.176694,z_2.0+,normal_agn,0
083107.07+330221.2,127.779472,33.039232,2.145985,z_2.0+,normal_agn,0
082759.49+370105.0,126.997876,37.018067,2.169000,z_2.0+,normal_agn,0
084451.44+531008.9,131.214358,53.169160,2.518000,z_2.0+,normal_agn,0
083525.06+303246.9,128.854437,30.546383,2.003779,z_2.0+,normal_agn,0
075944.59+270218.6,119.935792,27.038517,2.450000,z_2.0+,normal_agn,0
083050.99+522707.5,127.712476,52.452099,2.065529,z_2.0+,normal_agn,0
083602.65+031303.6,129.011067,3.217669,2.202000,z_2.0+,normal_agn,0
080404.19+511651.1,121.017471,51.280878,2.453000,z_2.0+,normal_agn,0
080320.36+253046.1,120.834873,25.512814,2.361343,z_2.0+,normal_agn,0
081140.69+080347.7,122.919579,8.063261,2.330000,z_2.0+,normal_agn,0
084324.63+523154.5,130.852630,52.531819,2.960000,z_2.0+,normal_agn,0
083805.67+415526.1,129.523640,41.923930,2.096648,z_2.0+,normal_agn,0
074840.22+232642.5,117.167598,23.445164,2.715088,z_2.0+,normal_agn,0
081321.61+523555.8,123.340049,52.598857,2.829000,z_2.0+,normal_agn,0
081313.84+320230.6,123.307676,32.041858,2.481180,z_2.0+,normal_agn,0
081447.55+483638.1,123.698164,48.610586,2.351000,z_2.0+,normal_agn,0
082621.62+190720.7,126.590087,19.122436,2.490000,z_2.0+,normal_agn,0
084329.45+285946.5,130.872724,28.996270,2.329000,z_2.0+,normal_agn,0
080806.61+281547.7,122.027578,28.263274,2.886000,z_2.0+,normal_agn,0
075220.11+490222.8,118.083830,49.039676,2.113028,z_2.0+,normal_agn,0
082040.93+422251.2,125.170583,42.380908,2.629984,z_2.0+,normal_agn,0
083235.09+353707.0,128.146210,35.618622,2.007344,z_2.0+,normal_agn,0
083558.62+563831.5,128.994281,56.642111,2.490000,z_2.0+,normal_agn,0
083146.63+405950.1,127.944312,40.997267,2.430000,z_2.0+,normal_agn,0
082707.52+055635.6,126.781369,5.943224,2.460000,z_2.0+,normal_agn,0
083630.72+021719.6,129.128038,2.288805,2.625000,z_2.0+,normal_agn,0
082800.26+000924.1,127.001117,0.156712,2.424000,z_2.0+,normal_agn,0
084036.16+235524.7,130.150685,23.923537,2.172739,z_2.0+,normal_agn,0
080620.42+271009.1,121.585108,27.169214,2.059009,z_2.0+,normal_agn,0
083007.43+124309.5,127.530999,12.719310,2.310000,z_2.0+,normal_agn,0
080039.65+460434.6,120.165248,46.076298,2.093000,z_2.0+,normal_agn,0
084342.71+520649.0,130.927964,52.113626,2.507000,z_2.0+,normal_agn,0
082613.83+065826.4,126.557662,6.974020,2.137989,z_2.0+,normal_agn,0
074844.99+305943.1,117.187486,30.995308,2.293000,z_2.0+,normal_agn,0
080330.16+471834.4,120.875707,47.309576,2.224717,z_2.0+,normal_agn,0
075850.72+291212.5,119.711372,29.203482,2.526000,z_2.0+,normal_agn,0
082748.18+204204.0,126.950754,20.701112,2.387000,z_2.0+,normal_agn,0
082204.67+340719.1,125.519472,34.121998,2.318000,z_2.0+,normal_agn,0
083403.80+491655.9,128.515860,49.282215,2.995336,z_2.0+,normal_agn,0
082245.44+182403.2,125.689341,18.400905,2.848000,z_2.0+,normal_agn,0
075622.81+272352.1,119.095074,27.397825,2.385000,z_2.0+,normal_agn,0
081348.95+552242.3,123.453961,55.378442,2.551000,z_2.0+,normal_agn,0
081447.96+242446.5,123.699834,24.412930,2.001795,z_2.0+,normal_agn,0
083626.58+493733.5,129.110776,49.625988,2.515000,z_2.0+,normal_agn,0
075804.47+200402.9,119.518626,20.067479,2.754000,z_2.0+,normal_agn,0
083643.60+343237.6,129.181697,34.543796,2.555000,z_2.0+,normal_agn,0
075301.23+293303.7,118.255139,29.551045,2.987000,z_2.0+,normal_agn,0
075824.27+145752.4,119.601128,14.964562,2.585000,z_2.0+,normal_agn,0
082824.77+253725.1,127.103214,25.623650,2.512043,z_2.0+,normal_agn,0
081908.91+512942.7,124.787128,51.495195,2.811000,z_2.0+,normal_agn,0
080101.60+142234.7,120.256706,14.376327,2.419000,z_2.0+,normal_agn,0
083247.59+164008.8,128.198299,16.669113,2.151653,z_2.0+,normal_agn,0
082920.04+555525.8,127.333538,55.923853,2.262000,z_2.0+,normal_agn,0
082446.25+385106.6,126.192730,38.851848,2.858000,z_2.0+,normal_agn,0
083926.28+230645.9,129.859535,23.112761,2.307000,z_2.0+,normal_agn,0
080232.38+375217.8,120.634938,37.871615,2.405000,z_2.0+,normal_agn,0
080141.21+322048.8,120.421724,32.346898,2.165000,z_2.0+,normal_agn,0
082636.84+012137.7,126.653501,1.360492,2.705000,z_2.0+,normal_agn,0
081803.73+155609.6,124.515570,15.936015,2.554000,z_2.0+,normal_agn,0
081025.72+510235.2,122.607197,51.043126,2.482000,z_2.0+,normal_agn,0
075134.51+424336.6,117.893799,42.726855,2.425399,z_2.0+,normal_agn,0
081252.57+334651.6,123.219058,33.781019,2.043397,z_2.0+,normal_agn,0
082041.39+432521.7,125.172481,43.422714,2.157253,z_2.0+,normal_agn,0
081416.15+094607.3,123.567331,9.768698,2.127100,z_2.0+,normal_agn,0
075927.34+083914.4,119.863925,8.654018,2.934000,z_2.0+,normal_agn,0
081801.59+445225.3,124.506658,44.873701,2.915000,z_2.0+,normal_agn,0
080551.82+213555.8,121.465923,21.598857,2.556993,z_2.0+,normal_agn,0
080721.50+485324.7,121.839586,48.890211,2.394035,z_2.0+,normal_agn,0
084026.12+192629.5,130.108846,19.441550,2.916028,z_2.0+,normal_agn,0
081924.08+203910.6,124.850366,20.652967,2.289000,z_2.0+,normal_agn,0
083536.43+401438.8,128.901814,40.244119,2.584692,z_2.0+,normal_agn,0
084427.03+010052.8,131.112658,1.014670,2.460000,z_2.0+,normal_agn,0
080736.26+063404.1,121.901108,6.567812,2.437000,z_2.0+,normal_agn,0
080742.96+131728.3,121.929018,13.291211,2.440000,z_2.0+,normal_agn,0
081705.93+143903.3,124.274741,14.650924,2.885000,z_2.0+,normal_agn,0
084356.24+462423.9,130.984362,46.406652,2.372000,z_2.0+,normal_agn,0
083258.95+004544.5,128.245663,0.762376,2.897000,z_2.0+,normal_agn,0
075908.54+124925.4,119.785586,12.823724,2.297000,z_2.0+,normal_agn,0
080717.84+261634.8,121.824359,26.276335,2.066524,z_2.0+,normal_agn,0
080953.55+421419.2,122.473159,42.238678,2.975501,z_2.0+,normal_agn,0
080632.38+370447.6,121.634937,37.079907,2.320000,z_2.0+,normal_agn,0
083229.25+261007.8,128.121891,26.168836,2.247000,z_2.0+,normal_agn,0
080304.10+214340.0,120.767111,21.727779,2.281000,z_2.0+,normal_agn,0
075800.36+350122.2,119.501524,35.022853,2.745000,z_2.0+,normal_agn,0
083912.41+363431.0,129.801716,36.575280,2.270155,z_2.0+,normal_agn,0
082820.89+560128.7,127.087073,56.024640,2.639827,z_2.0+,normal_agn,0
080952.53+493435.7,122.468914,49.576586,2.300000,z_2.0+,normal_agn,0
082002.67+032834.6,125.011134,3.476280,2.684000,z_2.0+,normal_agn,0
081434.08+211715.9,123.642006,21.287777,2.227000,z_2.0+,normal_agn,0
080803.76+340508.7,122.015688,34.085757,2.417000,z_2.0+,normal_agn,0
075047.15+315439.6,117.696476,31.911008,2.904031,z_2.0+,normal_agn,0
081129.26+223643.8,122.871935,22.612169,2.011775,z_2.0+,normal_agn,0
075848.52+060530.8,119.702193,6.091893,2.337000,z_2.0+,normal_agn,0
083531.99+264443.4,128.883332,26.745397,2.215000,z_2.0+,normal_agn,0
082336.25+483155.9,125.901057,48.532204,2.698000,z_2.0+,normal_agn,0
080303.73+271557.4,120.765564,27.265956,2.041514,z_2.0+,normal_agn,0
080833.08+241933.8,122.137849,24.326074,2.398000,z_2.0+,normal_agn,0
082519.61+430532.2,126.331731,43.092293,2.022000,z_2.0+,normal_agn,0
083713.54+435323.3,129.306447,43.889829,2.622000,z_2.0+,normal_agn,0
084016.25+472607.5,130.067742,47.435440,2.077000,z_2.0+,normal_agn,0
083721.34+033802.9,129.338934,3.634151,2.440000,z_2.0+,normal_agn,0
082211.48+343755.8,125.547845,34.632169,2.038755,z_2.0+,normal_agn,0
081957.46+404829.3,124.989456,40.808148,2.255000,z_2.0+,normal_agn,0
082140.11+493607.5,125.417137,49.602103,2.240410,z_2.0+,normal_agn,0
075706.95+453818.2,119.278972,45.638399,2.232000,z_2.0+,normal_agn,0
083608.63+543316.7,129.036000,54.554652,2.786000,z_2.0+,normal_agn,0
082152.70+380034.2,125.469585,38.009513,2.200155,z_2.0+,normal_agn,0
083547.95+391720.5,128.949804,39.289040,2.693000,z_2.0+,normal_agn,0
084217.08+451128.4,130.571189,45.191247,2.362000,z_2.0+,normal_agn,0
080056.57+131333.5,120.235722,13.225991,2.442000,z_2.0+,normal_agn,0
084505.14+195752.1,131.271432,19.964488,2.629790,z_2.0+,normal_agn,0
082723.92+364250.6,126.849691,36.714071,2.330000,z_2.0+,normal_agn,0
082501.21+012919.6,126.255045,1.488779,2.763000,z_2.0+,normal_agn,0
082724.58+312532.1,126.852418,31.425606,2.134573,z_2.0+,normal_agn,0
084246.14+481501.2,130.692281,48.250339,2.055498,z_2.0+,normal_agn,0
075135.95+162201.9,117.899803,16.367203,2.319807,z_2.0+,normal_agn,0
080129.46+443838.6,120.372767,44.644070,2.566000,z_2.0+,normal_agn,0
081937.11+333352.6,124.904632,33.564633,2.065034,z_2.0+,normal_agn,0
081626.18+232647.0,124.109090,23.446414,2.342643,z_2.0+,normal_agn,0
080004.76+302405.6,120.019869,30.401565,2.317860,z_2.0+,normal_agn,0
082122.62+175820.5,125.344250,17.972370,2.799000,z_2.0+,normal_agn,0
080753.17+280004.5,121.971572,28.001258,2.204000,z_2.0+,normal_agn,0
082024.26+224604.7,125.101115,22.767992,2.366000,z_2.0+,normal_agn,0
075941.34+403404.6,119.922283,40.567962,2.253000,z_2.0+,normal_agn,0
080853.91+313856.1,122.224642,31.648923,2.127000,z_2.0+,normal_agn,0
082651.47+265943.7,126.714493,26.995487,2.391819,z_2.0+,normal_agn,0
084237.88+230857.0,130.657837,23.149176,2.475788,z_2.0+,normal_agn,0
082649.85+281616.4,126.707735,28.271245,2.145435,z_2.0+,normal_agn,0
082810.72+090018.5,127.044684,9.005152,2.400000,z_2.0+,normal_agn,0
080628.04+281031.7,121.616843,28.175480,2.844680,z_2.0+,normal_agn,0
080525.34+231738.7,121.355621,23.294092,2.208000,z_2.0+,normal_agn,0
081835.87+224947.3,124.649462,22.829813,2.086922,z_2.0+,normal_agn,0
