source_id,canonical_id,score,status,n_points,baseline_days,band_coverage,baseline_years,delta_mag,delta_mag_method,rejection_reason,_cid_norm,_sid_norm,canonical_id_normalized,source_id_normalized,ra,dec,coordinate_source,class,y_true,split,has_coords,stage_a_positive,gate_blazar_veto,gate_wise_qc_pass,gate_data_sufficient,gate_state_change_ratio_pass,gate_transient_spike_pass,state_change_ratio_value,transient_spike_flag,transient_max_nonpeak_ratio,transient_max_adjacency_ratio,transient_min_band_seasons,kept_points_total,season_bins_w1,season_bins_w2,fraction_rejected_total,fp_mode_hint,final_label,decision_trace
4645750160709248,4645750160709248,0.842179,OK,190,5096.470296,"W1,W2",13.953375,0.537504,seasonal_median_flux,,4645750160709248,4645750160709248,4645750160709248,4645750160709248,42.83665,3.056789,benchmark_master,star,0.0,dev,True,True,True,True,True,True,True,6.101449,False,0.959044,0.90458,24.0,589.0,24.0,24.0,0.024834,unknown,Rejected,stage_a_positive=pass;gate_blazar_veto=pass;gate_wise_qc_pass=pass;gate_data_sufficient=pass;gate_state_change_ratio_pass=pass;gate_transient_spike_pass=pass
3C 279,3C 279,0.825,OK,191,5269.149044,"W1,W2",14.426144,0.26119,seasonal_median_flux,,3C 279,3C 279,3C 279,3C 279,194.0465,-5.7893,benchmark_master,blazar,0.0,dev,True,True,False,True,True,True,True,46.888889,False,0.965795,0.965795,15.0,636.0,15.0,15.0,0.0,unknown,Known blazar,stage_a_positive=pass;gate_blazar_veto=fail;gate_wise_qc_pass=pass;gate_data_sufficient=pass;gate_state_change_ratio_pass=pass;gate_transient_spike_pass=pass
BL Lac,BL Lac,0.795333,OK,247,5114.356493,"W1,W2",14.002345,0.825271,seasonal_median_flux,,BL LAC,BL LAC,BL LAC,BL LAC,330.6804,42.2778,benchmark_master,blazar,0.0,dev,True,True,False,True,True,True,True,365.154535,False,0.65586,0.65586,4.0,140.0,4.0,10.0,0.857434,artifact_like,Known blazar,stage_a_positive=pass;gate_blazar_veto=fail;gate_wise_qc_pass=pass;gate_data_sufficient=fail;gate_state_change_ratio_pass=pass;gate_transient_spike_pass=pass
SDSSJJ141324.27+530527.0,SDSSJ141324.27+530527.0,0.761227,OK,404,5098.947455,"W1,W2",13.960157,0.09161,seasonal_median_flux,,SDSSJ141324.27+530527.0,SDSSJ141324.27+530527.0,SDSSJ141324.27+530527.0,SDSSJ141324.27+530527.0,213.35116,53.09084,benchmark_master,clagn,1.0,dev,True,True,True,True,True,True,True,26.929577,False,0.473333,0.390476,24.0,1215.0,24.0,24.0,0.002463,unknown,Needs more data,stage_a_positive=pass;gate_blazar_veto=pass;gate_wise_qc_pass=pass;gate_data_sufficient=fail;gate_state_change_ratio_pass=pass;gate_transient_spike_pass=pass
SDSSJJ082323.88+422048.2,SDSSJ082323.88+422048.2,0.757734,OK,253,5098.611096,"W1,W2",13.959236,0.436716,seasonal_median_flux,,SDSSJ082323.88+422048.2,SDSSJ082323.88+422048.2,SDSSJ082323.88+422048.2,SDSSJ082323.88+422048.2,125.84955,42.346741,benchmark_master,clagn,1.0,dev,True,True,True,True,True,True,True,21.11236,False,0.93769,0.820513,23.0,614.0,23.0,23.0,0.0,unknown,Known AGN,stage_a_positive=pass;gate_blazar_veto=pass;gate_wise_qc_pass=pass;gate_data_sufficient=pass;gate_state_change_ratio_pass=pass;gate_transient_spike_pass=pass
TON 1542,TON 1542,0.754087,OK,289,5098.272694,"W1,W2",13.95831,0.620792,seasonal_median_flux,,TON 1542,TON 1542,TON 1542,TON 1542,188.015,20.1581,benchmark_master,blazar,0.0,dev,True,True,False,True,True,True,True,60.272727,False,0.985795,0.985795,24.0,703.0,24.0,24.0,0.00142,unknown,Known blazar,stage_a_positive=pass;gate_blazar_veto=fail;gate_wise_qc_pass=pass;gate_data_sufficient=fail;gate_state_change_ratio_pass=pass;gate_transient_spike_pass=pass
SDSSJ153612.80+034245.7,SDSSJ153612.80+034245.7,0.731372,OK,269,5276.73238,"W1,W2",14.446906,-0.925105,seasonal_median_flux,,SDSSJ153612.80+034245.7,SDSSJ153612.80+034245.7,SDSSJ153612.80+034245.7,SDSSJ153612.80+034245.7,234.05335,3.71272,benchmark_master,clagn,1.0,dev,True,True,True,True,True,True,True,16.575221,False,0.973538,0.973538,24.0,642.0,24.0,24.0,0.003106,unknown,Known AGN,stage_a_positive=pass;gate_blazar_veto=pass;gate_wise_qc_pass=pass;gate_data_sufficient=pass;gate_state_change_ratio_pass=pass;gate_transient_spike_pass=pass
SDSSJJ101322.43+214021.74,SDSSJ101322.43+214021.74,0.729755,OK,180,5098.376905,"W1,W2",13.958595,-0.509843,seasonal_median_flux,,SDSSJ101322.43+214021.74,SDSSJ101322.43+214021.74,SDSSJ101322.43+214021.74,SDSSJ101322.43+214021.74,153.3435,21.67271,benchmark_master,clagn,1.0,dev,True,True,True,True,True,True,True,5.591912,False,0.782419,0.782419,23.0,564.0,23.0,23.0,0.0,unknown,Known AGN,stage_a_positive=pass;gate_blazar_veto=pass;gate_wise_qc_pass=pass;gate_data_sufficient=pass;gate_state_change_ratio_pass=pass;gate_transient_spike_pass=pass
SDSSJJ100256.22+475027.7,SDSSJ100256.22+475027.7,0.71913,OK,291,5101.828652,"W1,W2",13.968046,0.645789,seasonal_median_flux,,SDSSJ100256.22+475027.7,SDSSJ100256.22+475027.7,SDSSJ100256.22+475027.7,SDSSJ100256.22+475027.7,150.73428,47.841031,benchmark_master,clagn,1.0,dev,True,True,True,True,True,True,True,24.967742,False,0.883792,0.883792,23.0,704.0,23.0,23.0,0.0,unknown,Known AGN,stage_a_positive=pass;gate_blazar_veto=pass;gate_wise_qc_pass=pass;gate_data_sufficient=pass;gate_state_change_ratio_pass=pass;gate_transient_spike_pass=pass
3C 345,3C 345,0.712666,OK,505,5277.517284,"W1,W2",14.449055,-0.029266,seasonal_median_flux,,3C 345,3C 345,3C 345,3C 345,250.745,39.8103,benchmark_master,blazar,0.0,test,True,True,False,True,True,True,True,69.463415,False,0.81355,0.782851,24.0,1258.0,24.0,24.0,0.001587,unknown,Known blazar,stage_a_positive=pass;gate_blazar_veto=fail;gate_wise_qc_pass=pass;gate_data_sufficient=pass;gate_state_change_ratio_pass=pass;gate_transient_spike_pass=pass
SDSSJJ091407.16+243633.08,SDSSJ091407.16+243633.08,0.710498,OK,160,5095.680523,"W1,W2",13.951213,0.472757,seasonal_median_flux,,SDSSJ091407.16+243633.08,SDSSJ091407.16+243633.08,SDSSJ091407.16+243633.08,SDSSJ091407.16+243633.08,138.52984,24.60919,benchmark_master,clagn,1.0,dev,True,True,True,True,True,True,True,4.627848,False,0.830865,0.830865,23.0,492.0,23.0,23.0,0.039062,unknown,Known AGN,stage_a_positive=pass;gate_blazar_veto=pass;gate_wise_qc_pass=pass;gate_data_sufficient=pass;gate_state_change_ratio_pass=pass;gate_transient_spike_pass=pass
5054111356737024,5054111356737024,0.70609,OK,217,5096.218803,"W1,W2",13.952687,0.587607,seasonal_median_flux,,5054111356737024,5054111356737024,5054111356737024,5054111356737024,41.975143,4.483982,benchmark_master,star,0.0,dev,True,True,True,True,True,True,True,13.133531,False,0.957997,0.957997,24.0,622.0,24.0,24.0,0.031153,unknown,Rejected,stage_a_positive=pass;gate_blazar_veto=pass;gate_wise_qc_pass=pass;gate_data_sufficient=pass;gate_state_change_ratio_pass=pass;gate_transient_spike_pass=pass
SDSSJJ081425.89+294115.6,SDSSJ081425.89+294115.6,0.70425,OK,224,5098.705582,"W1,W2",13.959495,0.55917,seasonal_median_flux,,SDSSJ081425.89+294115.6,SDSSJ081425.89+294115.6,SDSSJ081425.89+294115.6,SDSSJ081425.89+294115.6,123.60791,29.687681,benchmark_master,clagn,1.0,dev,True,True,True,True,True,True,True,9.933824,False,0.994521,0.994521,23.0,563.0,23.0,23.0,0.001773,unknown,Known AGN,stage_a_positive=pass;gate_blazar_veto=pass;gate_wise_qc_pass=pass;gate_data_sufficient=pass;gate_state_change_ratio_pass=pass;gate_transient_spike_pass=pass
1997bt,1997bt,0.699311,OK,197,5098.219331,"W1,W2",13.958164,0.590177,seasonal_median_flux,,1997BT,1997BT,1997BT,1997BT,166.562917,-11.606861,benchmark_master,sn,0.0,dev,True,True,True,True,True,True,True,16.575,False,0.934746,0.934746,24.0,679.0,24.0,24.0,0.004399,unknown,Needs more data,stage_a_positive=pass;gate_blazar_veto=pass;gate_wise_qc_pass=pass;gate_data_sufficient=fail;gate_state_change_ratio_pass=pass;gate_transient_spike_pass=pass
3C 446,3C 446,0.689994,OK,202,5113.9617,"W1,W2",14.001264,-0.125613,seasonal_median_flux,,3C 446,3C 446,3C 446,3C 446,336.4469,-4.9504,benchmark_master,blazar,0.0,dev,True,True,False,True,True,True,True,51.901235,False,0.891233,0.734516,23.0,617.0,23.0,23.0,0.001618,unknown,Known blazar,stage_a_positive=pass;gate_blazar_veto=fail;gate_wise_qc_pass=pass;gate_data_sufficient=fail;gate_state_change_ratio_pass=pass;gate_transient_spike_pass=pass
2000dw,2000dw,0.680989,OK,202,5114.34325,"W1,W2",14.002309,0.567032,seasonal_median_flux,,2000DW,2000DW,2000DW,2000DW,333.454417,39.237528,benchmark_master,sn,0.0,test,True,True,True,True,True,True,True,16.331429,False,0.531073,0.112994,24.0,909.0,24.0,24.0,0.001099,unknown,Needs more data,stage_a_positive=pass;gate_blazar_veto=pass;gate_wise_qc_pass=pass;gate_data_sufficient=fail;gate_state_change_ratio_pass=pass;gate_transient_spike_pass=pass
SDSSJJ025410.08+034911.9,SDSSJ025410.08+034911.9,0.680955,OK,207,5096.450431,"W1,W2",13.953321,0.536274,seasonal_median_flux,,SDSSJ025410.08+034911.9,SDSSJ025410.08+034911.9,SDSSJ025410.08+034911.9,SDSSJ025410.08+034911.9,43.542023,3.820003,benchmark_master,clagn,1.0,test,True,True,True,True,True,True,True,9.420168,False,0.973774,0.973774,24.0,624.0,24.0,24.0,0.003195,unknown,Known AGN,stage_a_positive=pass;gate_blazar_veto=pass;gate_wise_qc_pass=pass;gate_data_sufficient=pass;gate_state_change_ratio_pass=pass;gate_transient_spike_pass=pass
SDSSJJ082942.66+415436.8,SDSSJ082942.66+415436.8,0.677192,OK,255,5098.573278,"W1,W2",13.959133,0.416279,seasonal_median_flux,,SDSSJ082942.66+415436.8,SDSSJ082942.66+415436.8,SDSSJ082942.66+415436.8,SDSSJ082942.66+415436.8,127.42778,41.910244,benchmark_master,clagn,1.0,test,True,True,True,True,True,True,True,75.04,False,0.970018,0.970018,23.0,597.0,23.0,23.0,0.001672,unknown,Known AGN,stage_a_positive=pass;gate_blazar_veto=pass;gate_wise_qc_pass=pass;gate_data_sufficient=pass;gate_state_change_ratio_pass=pass;gate_transient_spike_pass=pass
SDSSJJ020222.00+010557.11,SDSSJ020222.00+010557.11,0.669048,OK,147,5300.560717,"W1,W2",14.512144,-0.435069,seasonal_median_flux,,SDSSJ020222.00+010557.11,SDSSJ020222.00+010557.11,SDSSJ020222.00+010557.11,SDSSJ020222.00+010557.11,30.59169,1.09919,benchmark_master,clagn,1.0,dev,True,True,True,True,True,True,True,13.149606,False,0.894464,0.894464,20.0,602.0,20.0,20.0,0.0,unknown,Known AGN,stage_a_positive=pass;gate_blazar_veto=pass;gate_wise_qc_pass=pass;gate_data_sufficient=pass;gate_state_change_ratio_pass=pass;gate_transient_spike_pass=pass
3C 66A,3C 66A,0.652129,OK,179,5096.127757,"W1,W2",13.952437,-0.960377,seasonal_median_flux,,3C 66A,3C 66A,3C 66A,3C 66A,35.665,43.0355,benchmark_master,blazar,0.0,dev,True,True,False,True,True,True,True,105.217391,False,0.99631,0.905289,24.0,633.0,24.0,24.0,0.001577,unknown,Known blazar,stage_a_positive=pass;gate_blazar_veto=fail;gate_wise_qc_pass=pass;gate_data_sufficient=pass;gate_state_change_ratio_pass=pass;gate_transient_spike_pass=pass
SDSSJJ113706.93+481943.68,SDSSJ113706.93+481943.68,0.650362,OK,212,5098.394618,"W1,W2",13.958644,-0.27299,seasonal_median_flux,,SDSSJ113706.93+481943.68,SDSSJ113706.93+481943.68,SDSSJ113706.93+481943.68,SDSSJ113706.93+481943.68,174.27889,48.32879,benchmark_master,clagn,1.0,dev,True,True,True,True,True,True,True,10.523077,False,0.83822,0.83822,23.0,719.0,23.0,23.0,0.001389,unknown,Known AGN,stage_a_positive=pass;gate_blazar_veto=pass;gate_wise_qc_pass=pass;gate_data_sufficient=pass;gate_state_change_ratio_pass=pass;gate_transient_spike_pass=pass
1959C,1959C,0.65,OK,46,5268.449068,"W1,W2",14.424227,0.0,seasonal_median_flux,,1959C,1959C,1959C,1959C,197.84925,3.4105,benchmark_master,sn,0.0,dev,True,True,True,True,True,True,True,14.855843,False,0.913963,0.90268,12.0,96.0,12.0,12.0,0.0,unknown,Rejected,stage_a_positive=pass;gate_blazar_veto=pass;gate_wise_qc_pass=pass;gate_data_sufficient=pass;gate_state_change_ratio_pass=pass;gate_transient_spike_pass=pass
SDSSJJ022930.91-000845.37,SDSSJ022930.91-000845.37,0.644372,OK,208,5304.715851,"W1,W2",14.52352,-0.300615,seasonal_median_flux,,SDSSJ022930.91-000845.37,SDSSJ022930.91-000845.37,SDSSJ022930.91-000845.37,SDSSJ022930.91-000845.37,37.37882,-0.14596,benchmark_master,clagn,1.0,test,True,True,True,True,True,True,True,9.319728,False,0.980728,0.980728,25.0,665.0,25.0,25.0,0.001502,unknown,Known AGN,stage_a_positive=pass;gate_blazar_veto=pass;gate_wise_qc_pass=pass;gate_data_sufficient=pass;gate_state_change_ratio_pass=pass;gate_transient_spike_pass=pass
NGC 3516,NGC 3516,0.64119,OK,439,5098.987122,"W1,W2",13.960266,0.171264,seasonal_median_flux,,NGC 3516,NGC 3516,NGC 3516,NGC 3516,166.698,72.569,benchmark_master,clagn,1.0,dev,True,True,True,True,True,True,True,63.963636,False,0.867284,0.867284,20.0,892.0,20.0,20.0,0.16791,unknown,Needs more data,stage_a_positive=pass;gate_blazar_veto=pass;gate_wise_qc_pass=pass;gate_data_sufficient=fail;gate_state_change_ratio_pass=pass;gate_transient_spike_pass=pass
NGC 1275,NGC 1275,0.640543,OK,167,5098.912653,"W1,W2",13.960062,0.491767,seasonal_median_flux,,NGC 1275,NGC 1275,NGC 1275,NGC 1275,49.9507,41.5117,benchmark_master,blazar,0.0,dev,True,True,False,True,True,True,True,46.444444,False,0.784655,0.770471,23.0,624.0,23.0,23.0,0.006369,unknown,Known blazar,stage_a_positive=pass;gate_blazar_veto=fail;gate_wise_qc_pass=pass;gate_data_sufficient=pass;gate_state_change_ratio_pass=pass;gate_transient_spike_pass=pass
5928944654308352,5928944654308352,0.637592,OK,47,5095.348192,"W1,W2",13.950303,0.35902,seasonal_median_flux,,5928944654308352,5928944654308352,5928944654308352,5928944654308352,39.878263,4.371213,benchmark_master,star,0.0,dev,True,True,True,True,True,True,True,5.308989,False,0.965379,0.705726,24.0,241.0,24.0,24.0,0.020325,unknown,Rejected,stage_a_positive=pass;gate_blazar_veto=pass;gate_wise_qc_pass=pass;gate_data_sufficient=pass;gate_state_change_ratio_pass=pass;gate_transient_spike_pass=pass
4C 29.45,4C 29.45,0.6373,OK,135,5098.245539,"W1,W2",13.958236,-0.257479,seasonal_median_flux,,4C 29.45,4C 29.45,4C 29.45,4C 29.45,179.8826,29.2455,benchmark_master,blazar,0.0,test,True,True,False,True,True,True,True,125.393443,False,0.926227,0.926227,23.0,670.0,23.0,23.0,0.0,unknown,Known blazar,stage_a_positive=pass;gate_blazar_veto=fail;gate_wise_qc_pass=pass;gate_data_sufficient=fail;gate_state_change_ratio_pass=pass;gate_transient_spike_pass=pass
3C 120,3C 120,0.636668,OK,218,5098.834232,"W1,W2",13.959847,0.404256,seasonal_median_flux,,3C 120,3C 120,3C 120,3C 120,68.2962,5.3543,benchmark_master,blazar,0.0,dev,True,True,False,True,True,True,True,43.55,False,0.884739,0.884739,23.0,606.0,23.0,23.0,0.013029,unknown,Known blazar,stage_a_positive=pass;gate_blazar_veto=fail;gate_wise_qc_pass=pass;gate_data_sufficient=pass;gate_state_change_ratio_pass=pass;gate_transient_spike_pass=pass
SDSSJ161711.42+063833.4,SDSSJ161711.42+063833.4,0.636248,OK,273,5276.768546,"W1,W2",14.447005,-0.697865,seasonal_median_flux,,SDSSJ161711.42+063833.4,SDSSJ161711.42+063833.4,SDSSJ161711.42+063833.4,SDSSJ161711.42+063833.4,244.2976,6.64262,benchmark_master,clagn,1.0,dev,True,True,True,True,True,True,True,23.432432,False,0.927966,0.927966,24.0,701.0,24.0,24.0,0.001425,unknown,Known AGN,stage_a_positive=pass;gate_blazar_veto=pass;gate_wise_qc_pass=pass;gate_data_sufficient=pass;gate_state_change_ratio_pass=pass;gate_transient_spike_pass=pass
SDSSJ141213.61+021202.1,SDSSJ141213.61+021202.1,0.627534,OK,215,5274.247076,"W1,W2",14.440102,0.372707,seasonal_median_flux,,SDSSJ141213.61+021202.1,SDSSJ141213.61+021202.1,SDSSJ141213.61+021202.1,SDSSJ141213.61+021202.1,213.05675,2.2006,benchmark_master,clagn,1.0,dev,True,True,True,True,True,True,True,15.855422,False,0.934495,0.934495,19.0,675.0,19.0,19.0,0.013158,unknown,Known AGN,stage_a_positive=pass;gate_blazar_veto=pass;gate_wise_qc_pass=pass;gate_data_sufficient=pass;gate_state_change_ratio_pass=pass;gate_transient_spike_pass=pass
SDSSJJ110501.26+562724.5,SDSSJ110501.26+562724.5,0.621198,OK,245,5098.856841,"W1,W2",13.959909,-0.811048,seasonal_median_flux,,SDSSJ110501.26+562724.5,SDSSJ110501.26+562724.5,SDSSJ110501.26+562724.5,SDSSJ110501.26+562724.5,166.25525,56.456826,benchmark_master,clagn,1.0,dev,True,True,True,True,True,True,True,24.925,False,0.80896,0.80896,23.0,826.0,23.0,23.0,0.0,unknown,Known AGN,stage_a_positive=pass;gate_blazar_veto=pass;gate_wise_qc_pass=pass;gate_data_sufficient=pass;gate_state_change_ratio_pass=pass;gate_transient_spike_pass=pass
SDSSJJ215130.35+003522.26,SDSSJ215130.35+003522.26,0.610625,OK,203,5114.146718,"W1,W2",14.001771,0.262236,seasonal_median_flux,,SDSSJ215130.35+003522.26,SDSSJ215130.35+003522.26,SDSSJ215130.35+003522.26,SDSSJ215130.35+003522.26,327.8765,0.5895,benchmark_master,clagn,1.0,dev,True,True,True,True,True,True,True,5.294521,False,0.862304,0.833674,23.0,620.0,23.0,23.0,0.003215,unknown,Known AGN,stage_a_positive=pass;gate_blazar_veto=pass;gate_wise_qc_pass=pass;gate_data_sufficient=pass;gate_state_change_ratio_pass=pass;gate_transient_spike_pass=pass
1999H,1999H,0.609735,OK,80,5094.790838,"W1,W2",13.948777,0.427919,seasonal_median_flux,,1999H,1999H,1999H,1999H,151.76275,-5.924056,benchmark_master,sn,0.0,dev,True,True,True,True,True,True,True,10.568807,False,0.618478,0.618478,23.0,334.0,23.0,23.0,0.02907,unknown,Rejected,stage_a_positive=pass;gate_blazar_veto=pass;gate_wise_qc_pass=pass;gate_data_sufficient=pass;gate_state_change_ratio_pass=pass;gate_transient_spike_pass=pass
SDSSJJ124946.13+365204.21,SDSSJ124946.13+365204.21,0.603605,OK,293,5098.421166,"W1,W2",13.958716,-0.263316,seasonal_median_flux,,SDSSJ124946.13+365204.21,SDSSJ124946.13+365204.21,SDSSJ124946.13+365204.21,SDSSJ124946.13+365204.21,192.44226,36.86784,benchmark_master,clagn,1.0,dev,True,True,True,True,True,True,True,6.568548,False,0.815414,0.815414,24.0,760.0,24.0,24.0,0.0,unknown,Needs more data,stage_a_positive=pass;gate_blazar_veto=pass;gate_wise_qc_pass=pass;gate_data_sufficient=fail;gate_state_change_ratio_pass=pass;gate_transient_spike_pass=pass
OJ 287,OJ 287,0.601788,OK,222,5096.024726,"W1,W2",13.952155,0.351683,seasonal_median_flux,,OJ 287,OJ 287,OJ 287,OJ 287,133.7036,20.1085,benchmark_master,blazar,0.0,test,True,True,False,True,True,True,True,111.25,False,0.79773,0.529928,23.0,589.0,23.0,23.0,0.005068,unknown,Known blazar,stage_a_positive=pass;gate_blazar_veto=fail;gate_wise_qc_pass=pass;gate_data_sufficient=pass;gate_state_change_ratio_pass=pass;gate_transient_spike_pass=pass
SDSSJ102152.34+464515.6,SDSSJ102152.34+464515.6,0.598574,OK,221,5098.634631,"W1,W2",13.959301,-0.443346,seasonal_median_flux,,SDSSJ102152.34+464515.6,SDSSJ102152.34+464515.6,SDSSJ102152.34+464515.6,SDSSJ102152.34+464515.6,155.46813,46.75436,benchmark_master,clagn,1.0,test,True,True,True,True,True,True,True,18.25,False,0.748695,0.748695,23.0,731.0,23.0,23.0,0.001366,unknown,Known AGN,stage_a_positive=pass;gate_blazar_veto=pass;gate_wise_qc_pass=pass;gate_data_sufficient=pass;gate_state_change_ratio_pass=pass;gate_transient_spike_pass=pass
SDSSJ123359.12+084211.5,SDSSJ123359.12+084211.5,0.588818,OK,170,4936.046974,"W1,W2",13.51416,0.289907,seasonal_median_flux,,SDSSJ123359.12+084211.5,SDSSJ123359.12+084211.5,SDSSJ123359.12+084211.5,SDSSJ123359.12+084211.5,188.49637,8.70323,benchmark_master,clagn,1.0,dev,True,True,True,True,True,True,True,7.93,False,0.788665,0.788665,23.0,574.0,23.0,23.0,0.003472,unknown,Needs more data,stage_a_positive=pass;gate_blazar_veto=pass;gate_wise_qc_pass=pass;gate_data_sufficient=fail;gate_state_change_ratio_pass=pass;gate_transient_spike_pass=pass
3C 382.0,3C 382.0,0.587954,OK,333,5117.16526,"W1,W2",14.010035,-0.542354,seasonal_median_flux,,3C 382.0,3C 382.0,3C 382.0,3C 382.0,278.7641,32.6963,benchmark_master,blazar,0.0,dev,True,True,False,True,True,True,True,57.0,False,0.974576,0.962697,22.0,959.0,22.0,22.0,0.001042,unknown,Known blazar,stage_a_positive=pass;gate_blazar_veto=fail;gate_wise_qc_pass=pass;gate_data_sufficient=pass;gate_state_change_ratio_pass=pass;gate_transient_spike_pass=pass
Fairall 9,Fairall 9,0.58171,OK,247,5113.906829,"W1,W2",14.001114,0.234653,seasonal_median_flux,,FAIRALL 9,FAIRALL 9,FAIRALL 9,FAIRALL 9,20.9417,-58.8066,benchmark_master,blazar,0.0,dev,True,True,False,True,True,True,True,20.7,False,0.983827,0.983827,23.0,959.0,23.0,23.0,0.007246,unknown,Known blazar,stage_a_positive=pass;gate_blazar_veto=fail;gate_wise_qc_pass=pass;gate_data_sufficient=fail;gate_state_change_ratio_pass=pass;gate_transient_spike_pass=pass
NGC 1566,NGC 1566,0.576138,OK,534,5306.512096,"W1,W2",14.528438,-0.124193,seasonal_median_flux,,NGC 1566,NGC 1566,NGC 1566,NGC 1566,65.002,-54.938,benchmark_master,clagn,1.0,dev,True,True,True,True,True,True,True,57.433333,False,0.560447,0.560447,22.0,1606.0,22.0,25.0,0.063011,unknown,Known AGN,stage_a_positive=pass;gate_blazar_veto=pass;gate_wise_qc_pass=pass;gate_data_sufficient=pass;gate_state_change_ratio_pass=pass;gate_transient_spike_pass=pass
000159.27+034352.9,000159.27+034352.9,0.572703,OK,64,5113.843968,"W1,W2",14.000942,0.363577,seasonal_median_flux,,000159.27+034352.9,000159.27+034352.9,000159.27+034352.9,000159.27+034352.9,0.496973,3.731381,benchmark_master,normal_agn,0.0,dev,True,True,True,True,True,True,True,8.497006,False,0.978887,0.379079,24.0,253.0,24.0,24.0,0.003937,normal_agn_like,Needs more data,stage_a_positive=pass;gate_blazar_veto=pass;gate_wise_qc_pass=pass;gate_data_sufficient=fail;gate_state_change_ratio_pass=pass;gate_transient_spike_pass=pass
SDSSJJ090258.39+252915.15,SDSSJ090258.39+252915.15,0.57087,OK,209,5096.016576,"W1,W2",13.952133,-0.20925,seasonal_median_flux,,SDSSJ090258.39+252915.15,SDSSJ090258.39+252915.15,SDSSJ090258.39+252915.15,SDSSJ090258.39+252915.15,135.74328,25.48757,benchmark_master,clagn,1.0,dev,True,True,True,True,True,True,True,13.127907,False,0.993214,0.993214,23.0,499.0,23.0,23.0,0.03668,unknown,Known AGN,stage_a_positive=pass;gate_blazar_veto=pass;gate_wise_qc_pass=pass;gate_data_sufficient=pass;gate_state_change_ratio_pass=pass;gate_transient_spike_pass=pass
SDSSJJ012256.19-000252.68,SDSSJ012256.19-000252.68,0.568901,OK,156,5299.691451,"W1,W2",14.509764,0.333437,seasonal_median_flux,,SDSSJ012256.19-000252.68,SDSSJ012256.19-000252.68,SDSSJ012256.19-000252.68,SDSSJ012256.19-000252.68,20.73413,-0.04798,benchmark_master,clagn,1.0,dev,True,True,True,True,True,True,True,8.118056,False,0.757493,0.757493,17.0,598.0,17.0,17.0,0.0,unknown,Known AGN,stage_a_positive=pass;gate_blazar_veto=pass;gate_wise_qc_pass=pass;gate_data_sufficient=pass;gate_state_change_ratio_pass=pass;gate_transient_spike_pass=pass
Mrk 421,Mrk 421,0.567627,OK,259,5098.402512,"W1,W2",13.958665,-0.11771,seasonal_median_flux,,MRK 421,MRK 421,MRK 421,MRK 421,166.1138,38.2088,benchmark_master,blazar,0.0,dev,True,True,False,True,True,True,True,86.0,False,0.671105,0.478949,21.0,480.0,23.0,21.0,0.287834,unknown,Known blazar,stage_a_positive=pass;gate_blazar_veto=fail;gate_wise_qc_pass=pass;gate_data_sufficient=pass;gate_state_change_ratio_pass=pass;gate_transient_spike_pass=pass
AKN 120,AKN 120,0.566539,OK,253,5100.004239,"W1,W2",13.963051,-0.334477,seasonal_median_flux,,AKN 120,AKN 120,AKN 120,AKN 120,79.0478,-0.1502,benchmark_master,blazar,0.0,dev,True,True,False,True,True,True,True,46.578947,False,0.847507,0.847507,21.0,606.0,23.0,21.0,0.041139,unknown,Known blazar,stage_a_positive=pass;gate_blazar_veto=fail;gate_wise_qc_pass=pass;gate_data_sufficient=pass;gate_state_change_ratio_pass=pass;gate_transient_spike_pass=pass
MR,MR,0.561052,OK,140,5113.782925,"W1,W2",14.000775,-0.317438,seasonal_median_flux,,MR,MR,MR,MR,343.5245,-17.582,benchmark_master,blazar,0.0,dev,True,True,False,True,True,True,True,28.083333,False,0.93047,0.93047,23.0,594.0,23.0,23.0,0.0,unknown,Known blazar,stage_a_positive=pass;gate_blazar_veto=fail;gate_wise_qc_pass=pass;gate_data_sufficient=fail;gate_state_change_ratio_pass=pass;gate_transient_spike_pass=pass
SDSSJJ105325.40+302419.34,SDSSJ105325.40+302419.34,0.557966,OK,255,5098.362785,"W1,W2",13.958557,-0.588395,seasonal_median_flux,,SDSSJ105325.40+302419.34,SDSSJ105325.40+302419.34,SDSSJ105325.40+302419.34,SDSSJ105325.40+302419.34,163.35585,30.40536,benchmark_master,clagn,1.0,test,True,True,True,True,True,True,True,13.222222,False,0.908226,0.807816,23.0,627.0,23.0,23.0,0.001592,unknown,Known AGN,stage_a_positive=pass;gate_blazar_veto=pass;gate_wise_qc_pass=pass;gate_data_sufficient=pass;gate_state_change_ratio_pass=pass;gate_transient_spike_pass=pass
Mrk 205,Mrk 205,0.555662,OK,495,5098.946247,"W1,W2",13.960154,0.155629,seasonal_median_flux,,MRK 205,MRK 205,MRK 205,MRK 205,185.4338,75.3106,benchmark_master,blazar,0.0,dev,True,True,False,True,True,True,True,35.333333,False,0.951754,0.951754,20.0,1145.0,22.0,20.0,0.04424,unknown,Known blazar,stage_a_positive=pass;gate_blazar_veto=fail;gate_wise_qc_pass=pass;gate_data_sufficient=pass;gate_state_change_ratio_pass=pass;gate_transient_spike_pass=pass
3C 371,3C 371,0.554356,OK,1333,5115.064501,"W1,W2",14.004283,-0.024107,seasonal_median_flux,,3C 371,3C 371,3C 371,3C 371,271.7112,69.8245,benchmark_master,blazar,0.0,dev,True,True,False,True,True,True,True,26.973333,False,0.668222,0.668222,23.0,5971.0,23.0,23.0,0.001839,unknown,Known blazar,stage_a_positive=pass;gate_blazar_veto=fail;gate_wise_qc_pass=pass;gate_data_sufficient=pass;gate_state_change_ratio_pass=pass;gate_transient_spike_pass=pass
3532799579575168,3532799579575168,0.548013,OK,179,5096.367789,"W1,W2",13.953095,0.175873,seasonal_median_flux,,3532799579575168,3532799579575168,3532799579575168,3532799579575168,47.13287,4.463143,benchmark_master,star,0.0,dev,True,True,True,True,True,True,True,4.480427,False,0.934286,0.647235,24.0,574.0,24.0,24.0,0.0,unknown,Rejected,stage_a_positive=pass;gate_blazar_veto=pass;gate_wise_qc_pass=pass;gate_data_sufficient=pass;gate_state_change_ratio_pass=pass;gate_transient_spike_pass=pass
IIZw 136,IIZw 136,0.547307,OK,248,5114.056558,"W1,W2",14.001524,0.124925,seasonal_median_flux,,IIZW 136,IIZW 136,IIZW 136,IIZW 136,323.1163,10.1385,benchmark_master,blazar,0.0,dev,True,True,False,True,True,True,True,51.647059,False,0.792956,0.792956,23.0,623.0,23.0,23.0,0.004792,unknown,Known blazar,stage_a_positive=pass;gate_blazar_veto=fail;gate_wise_qc_pass=pass;gate_data_sufficient=pass;gate_state_change_ratio_pass=pass;gate_transient_spike_pass=pass
12441214586847872,12441214586847872,0.544854,OK,121,5099.064694,"W1,W2",13.960478,0.284554,seasonal_median_flux,,12441214586847872,12441214586847872,12441214586847872,12441214586847872,52.270404,9.003607,benchmark_master,star,0.0,test,True,True,True,True,True,True,True,5.012048,False,0.932356,0.437202,23.0,572.0,23.0,23.0,0.0,unknown,Rejected,stage_a_positive=pass;gate_blazar_veto=pass;gate_wise_qc_pass=pass;gate_data_sufficient=pass;gate_state_change_ratio_pass=pass;gate_transient_spike_pass=pass
7866077983944448,7866077983944448,0.54441,OK,179,5096.361167,"W1,W2",13.953076,-0.235107,seasonal_median_flux,,7866077983944448,7866077983944448,7866077983944448,7866077983944448,46.360343,8.045041,benchmark_master,star,0.0,dev,True,True,True,True,True,True,True,5.787879,False,0.895455,0.895455,24.0,573.0,24.0,24.0,0.001742,unknown,Rejected,stage_a_positive=pass;gate_blazar_veto=pass;gate_wise_qc_pass=pass;gate_data_sufficient=pass;gate_state_change_ratio_pass=pass;gate_transient_spike_pass=pass
IIIZw 2,IIIZw 2,0.533221,OK,180,5116.754284,"W1,W2",14.00891,-0.29902,seasonal_median_flux,,IIIZW 2,IIIZW 2,IIIZW 2,IIIZW 2,2.6292,10.9749,benchmark_master,blazar,0.0,dev,True,True,False,True,True,True,True,40.08,False,0.985612,0.985612,24.0,641.0,24.0,24.0,0.001558,unknown,Known blazar,stage_a_positive=pass;gate_blazar_veto=fail;gate_wise_qc_pass=pass;gate_data_sufficient=fail;gate_state_change_ratio_pass=pass;gate_transient_spike_pass=pass
SDSSJJ120442.10+275411.8,SDSSJ120442.10+275411.8,0.532377,OK,74,5097.739002,"W1,W2",13.956849,0.110911,seasonal_median_flux,,SDSSJ120442.10+275411.8,SDSSJ120442.10+275411.8,SDSSJ120442.10+275411.8,SDSSJ120442.10+275411.8,181.17545,27.903284,benchmark_master,clagn,1.0,dev,True,True,True,True,True,True,True,30.679245,False,0.996183,0.996183,24.0,654.0,24.0,24.0,0.0,unknown,Needs more data,stage_a_positive=pass;gate_blazar_veto=pass;gate_wise_qc_pass=pass;gate_data_sufficient=fail;gate_state_change_ratio_pass=pass;gate_transient_spike_pass=pass
4C 34.47,4C 34.47,0.52901,OK,415,5117.290773,"W1,W2",14.010379,0.095811,seasonal_median_flux,,4C 34.47,4C 34.47,4C 34.47,4C 34.47,260.8367,34.2994,benchmark_master,blazar,0.0,test,True,True,False,True,True,True,True,12.035714,False,0.920949,0.881423,23.0,1059.0,23.0,23.0,0.000943,unknown,Known blazar,stage_a_positive=pass;gate_blazar_veto=fail;gate_wise_qc_pass=pass;gate_data_sufficient=pass;gate_state_change_ratio_pass=pass;gate_transient_spike_pass=pass
SDSSJJ093812.27+074340.0,SDSSJ093812.27+074340.0,0.521703,OK,230,5098.47139,"W1,W2",13.958854,0.126345,seasonal_median_flux,,SDSSJ093812.27+074340.0,SDSSJ093812.27+074340.0,SDSSJ093812.27+074340.0,SDSSJ093812.27+074340.0,144.5511,7.727792,benchmark_master,clagn,1.0,dev,True,True,True,True,True,True,True,22.269231,False,0.944162,0.847716,23.0,607.0,23.0,23.0,0.001645,unknown,Known AGN,stage_a_positive=pass;gate_blazar_veto=pass;gate_wise_qc_pass=pass;gate_data_sufficient=pass;gate_state_change_ratio_pass=pass;gate_transient_spike_pass=pass
2000em,2000em,0.520629,OK,87,5116.745244,"W1,W2",14.008885,-0.111563,seasonal_median_flux,,2000EM,2000EM,2000EM,2000EM,8.87425,-2.657611,benchmark_master,sn,0.0,test,True,True,True,True,True,True,True,8.925926,False,0.877934,0.644068,24.0,612.0,24.0,24.0,0.0,unknown,Needs more data,stage_a_positive=pass;gate_blazar_veto=pass;gate_wise_qc_pass=pass;gate_data_sufficient=fail;gate_state_change_ratio_pass=pass;gate_transient_spike_pass=pass
TON 490,TON 490,0.520271,OK,176,3274.668372,"W1,W2",8.965553,-0.094228,seasonal_median_flux,,TON 490,TON 490,TON 490,TON 490,153.4726,24.8212,benchmark_master,blazar,0.0,dev,True,True,False,True,True,True,True,7.75,False,0.954751,0.954751,21.0,573.0,21.0,23.0,0.038591,unknown,Known blazar,stage_a_positive=pass;gate_blazar_veto=fail;gate_wise_qc_pass=pass;gate_data_sufficient=pass;gate_state_change_ratio_pass=pass;gate_transient_spike_pass=pass
PG,PG,0.520014,OK,253,5104.948665,"W1,W2",13.976588,-0.154036,seasonal_median_flux,,PG,PG,PG,PG,213.4514,44.0039,benchmark_master,blazar,0.0,dev,True,True,False,True,True,True,True,18.545455,False,0.872928,0.867403,23.0,963.0,23.0,23.0,0.001037,unknown,Known blazar,stage_a_positive=pass;gate_blazar_veto=fail;gate_wise_qc_pass=pass;gate_data_sufficient=fail;gate_state_change_ratio_pass=pass;gate_transient_spike_pass=pass
1996ck,1996ck,0.518824,OK,63,5103.785194,"W1,W2",13.973402,0.232777,seasonal_median_flux,,1996CK,1996CK,1996CK,1996CK,192.146625,-0.7675,benchmark_master,sn,0.0,dev,True,True,True,True,True,True,True,9.421053,False,0.974977,0.34013,16.0,302.0,16.0,16.0,0.0,unknown,Rejected,stage_a_positive=pass;gate_blazar_veto=pass;gate_wise_qc_pass=pass;gate_data_sufficient=pass;gate_state_change_ratio_pass=pass;gate_transient_spike_pass=pass
000202.62+085628.4,000202.62+085628.4,0.51857,OK,214,5114.032815,"W1,W2",14.001459,-0.238826,seasonal_median_flux,,000202.62+085628.4,000202.62+085628.4,000202.62+085628.4,000202.62+085628.4,0.510943,8.941235,benchmark_master,normal_agn,0.0,dev,True,True,True,True,True,True,True,12.067416,False,0.970588,0.904025,24.0,609.0,24.0,24.0,0.001639,normal_agn_like,Needs more data,stage_a_positive=pass;gate_blazar_veto=pass;gate_wise_qc_pass=pass;gate_data_sufficient=fail;gate_state_change_ratio_pass=pass;gate_transient_spike_pass=pass
1998dx,1998dx,0.514583,OK,152,4915.03357,"W1,W2",13.456629,-0.35434,seasonal_median_flux,,1998DX,1998DX,1998DX,1998DX,272.799542,49.861306,benchmark_master,sn,0.0,dev,True,True,True,True,True,True,True,4.304487,False,0.948298,0.648172,22.0,363.0,22.0,22.0,0.002747,unknown,Rejected,stage_a_positive=pass;gate_blazar_veto=pass;gate_wise_qc_pass=pass;gate_data_sufficient=pass;gate_state_change_ratio_pass=pass;gate_transient_spike_pass=pass
6258695063604736,6258695063604736,0.51365,OK,195,5096.463674,"W1,W2",13.953357,0.248853,seasonal_median_flux,,6258695063604736,6258695063604736,6258695063604736,6258695063604736,42.422623,5.47865,benchmark_master,star,0.0,dev,True,True,True,True,True,True,True,4.959016,False,0.84466,0.84466,24.0,596.0,24.0,24.0,0.0,unknown,Rejected,stage_a_positive=pass;gate_blazar_veto=pass;gate_wise_qc_pass=pass;gate_data_sufficient=pass;gate_state_change_ratio_pass=pass;gate_transient_spike_pass=pass
Mrk 1383,Mrk 1383,0.510999,OK,207,5274.889562,"W1,W2",14.441861,-0.139215,seasonal_median_flux,,MRK 1383,MRK 1383,MRK 1383,MRK 1383,217.2774,1.2851,benchmark_master,blazar,0.0,dev,True,True,False,True,True,True,True,42.8,False,0.936897,0.936897,25.0,639.0,25.0,25.0,0.001563,unknown,Known blazar,stage_a_positive=pass;gate_blazar_veto=fail;gate_wise_qc_pass=pass;gate_data_sufficient=pass;gate_state_change_ratio_pass=pass;gate_transient_spike_pass=pass
Mrk 180,Mrk 180,0.510912,OK,367,5099.872759,"W1,W2",13.962691,-0.149836,seasonal_median_flux,,MRK 180,MRK 180,MRK 180,MRK 180,174.11,70.1576,benchmark_master,blazar,0.0,dev,True,True,False,True,True,True,True,28.594595,False,0.924851,0.791631,23.0,1048.0,23.0,23.0,0.0,unknown,Known blazar,stage_a_positive=pass;gate_blazar_veto=fail;gate_wise_qc_pass=pass;gate_data_sufficient=pass;gate_state_change_ratio_pass=pass;gate_transient_spike_pass=pass
3C 273,3C 273,0.510503,OK,233,5095.679096,"W1,W2",13.951209,-0.184302,seasonal_median_flux,,3C 273,3C 273,3C 273,3C 273,187.2779,2.0524,benchmark_master,blazar,0.0,test,True,True,False,True,True,True,True,23.209302,False,0.878661,0.778243,24.0,616.0,24.0,24.0,0.019108,unknown,Known blazar,stage_a_positive=pass;gate_blazar_veto=fail;gate_wise_qc_pass=pass;gate_data_sufficient=fail;gate_state_change_ratio_pass=pass;gate_transient_spike_pass=pass
1984L,1984L,0.508416,OK,188,5304.87541,"W1,W2",14.523957,-0.013786,seasonal_median_flux,,1984L,1984L,1984L,1984L,38.877167,-7.158464,benchmark_master,sn,0.0,dev,True,True,True,True,True,True,True,3.726562,False,0.954545,0.183983,25.0,576.0,25.0,25.0,0.0,unknown,Rejected,stage_a_positive=pass;gate_blazar_veto=pass;gate_wise_qc_pass=pass;gate_data_sufficient=pass;gate_state_change_ratio_pass=pass;gate_transient_spike_pass=pass
Mrk 734,Mrk 734,0.506189,OK,223,5095.446522,"W1,W2",13.950572,0.181304,seasonal_median_flux,,MRK 734,MRK 734,MRK 734,MRK 734,170.4463,11.7384,benchmark_master,blazar,0.0,dev,True,True,False,True,True,True,True,27.0,False,0.984496,0.891473,23.0,604.0,23.0,23.0,0.0033,unknown,Known blazar,stage_a_positive=pass;gate_blazar_veto=fail;gate_wise_qc_pass=pass;gate_data_sufficient=fail;gate_state_change_ratio_pass=pass;gate_transient_spike_pass=pass
SDSSJJ105058.42+241351.18,SDSSJ105058.42+241351.18,0.495477,OK,240,5098.042151,"W1,W2",13.957679,-0.136333,seasonal_median_flux,,SDSSJ105058.42+241351.18,SDSSJ105058.42+241351.18,SDSSJ105058.42+241351.18,SDSSJ105058.42+241351.18,162.74344,24.23087,benchmark_master,clagn,1.0,dev,True,True,True,True,True,True,True,8.621849,False,0.997251,0.94052,23.0,651.0,23.0,23.0,0.010638,unknown,Known AGN,stage_a_positive=pass;gate_blazar_veto=pass;gate_wise_qc_pass=pass;gate_data_sufficient=pass;gate_state_change_ratio_pass=pass;gate_transient_spike_pass=pass
Mrk 501,Mrk 501,0.490638,OK,397,5114.527895,"W1,W2",14.002814,0.025519,seasonal_median_flux,,MRK 501,MRK 501,MRK 501,MRK 501,253.4676,39.7602,benchmark_master,blazar,0.0,dev,True,True,False,True,True,True,True,29.846154,False,0.795918,0.795918,23.0,1150.0,23.0,23.0,0.001736,unknown,Known blazar,stage_a_positive=pass;gate_blazar_veto=fail;gate_wise_qc_pass=pass;gate_data_sufficient=pass;gate_state_change_ratio_pass=pass;gate_transient_spike_pass=pass
IIZw 1,IIZw 1,0.486633,OK,202,5299.313003,"W1,W2",14.508728,-0.096169,seasonal_median_flux,,IIZW 1,IIZW 1,IIZW 1,IIZW 1,20.4993,-1.04,benchmark_master,blazar,0.0,dev,True,True,False,True,True,True,True,14.0,False,0.815078,0.815078,17.0,626.0,17.0,17.0,0.0,unknown,Known blazar,stage_a_positive=pass;gate_blazar_veto=fail;gate_wise_qc_pass=pass;gate_data_sufficient=pass;gate_state_change_ratio_pass=pass;gate_transient_spike_pass=pass
3C 351,3C 351,0.481994,OK,744,5277.740527,"W1,W2",14.449666,0.041739,seasonal_median_flux,,3C 351,3C 351,3C 351,3C 351,256.1724,60.7418,benchmark_master,blazar,0.0,dev,True,True,False,True,True,True,True,10.0,False,0.861592,0.737024,25.0,2000.0,25.0,25.0,0.000999,unknown,Known blazar,stage_a_positive=pass;gate_blazar_veto=fail;gate_wise_qc_pass=pass;gate_data_sufficient=pass;gate_state_change_ratio_pass=pass;gate_transient_spike_pass=pass
8797952743613440,8797952743613440,0.472561,OK,203,5096.543133,"W1,W2",13.953575,-0.013971,seasonal_median_flux,,8797952743613440,8797952743613440,8797952743613440,8797952743613440,43.956772,8.20529,benchmark_master,star,0.0,dev,True,True,True,True,True,True,True,3.287671,False,0.944444,0.709091,24.0,626.0,24.0,24.0,0.090116,unknown,Rejected,stage_a_positive=pass;gate_blazar_veto=pass;gate_wise_qc_pass=pass;gate_data_sufficient=pass;gate_state_change_ratio_pass=pass;gate_transient_spike_pass=pass
7451665179765376,7451665179765376,0.470947,OK,224,5096.241979,"W1,W2",13.95275,0.182326,seasonal_median_flux,,7451665179765376,7451665179765376,7451665179765376,7451665179765376,46.339664,6.950263,benchmark_master,star,0.0,test,True,True,True,True,True,True,True,4.506173,False,0.863861,0.675743,24.0,598.0,24.0,24.0,0.0,unknown,Rejected,stage_a_positive=pass;gate_blazar_veto=pass;gate_wise_qc_pass=pass;gate_data_sufficient=pass;gate_state_change_ratio_pass=pass;gate_transient_spike_pass=pass
SDSSJJ114408.90+424357.5,SDSSJ114408.90+424357.5,0.469542,OK,212,5098.246788,"W1,W2",13.958239,-0.180583,seasonal_median_flux,,SDSSJ114408.90+424357.5,SDSSJ114408.90+424357.5,SDSSJ114408.90+424357.5,SDSSJ114408.90+424357.5,176.03712,42.732643,benchmark_master,clagn,1.0,dev,True,True,True,True,True,True,True,4.961832,False,0.934524,0.880952,22.0,702.0,22.0,22.0,0.0,unknown,Known AGN,stage_a_positive=pass;gate_blazar_veto=pass;gate_wise_qc_pass=pass;gate_data_sufficient=pass;gate_state_change_ratio_pass=pass;gate_transient_spike_pass=pass
SDSSJJ230614.18-010024.45,SDSSJ230614.18-010024.45,0.468945,OK,217,4909.935242,"W1,W2",13.44267,-0.135424,seasonal_median_flux,,SDSSJ230614.18-010024.45,SDSSJ230614.18-010024.45,SDSSJ230614.18-010024.45,SDSSJ230614.18-010024.45,346.55909,-1.0068,benchmark_master,clagn,1.0,dev,True,True,True,True,True,True,True,6.536585,False,0.91796,0.91796,22.0,565.0,22.0,22.0,0.001767,unknown,Needs more data,stage_a_positive=pass;gate_blazar_veto=pass;gate_wise_qc_pass=pass;gate_data_sufficient=fail;gate_state_change_ratio_pass=pass;gate_transient_spike_pass=pass
000017.38-085123.7,000017.38-085123.7,0.467673,OK,165,5114.021345,"W1,W2",14.001427,0.156947,seasonal_median_flux,,000017.38-085123.7,000017.38-085123.7,000017.38-085123.7,000017.38-085123.7,0.072423,-8.856608,benchmark_master,normal_agn,0.0,dev,True,True,True,True,True,True,True,5.672414,False,0.920746,0.920746,23.0,600.0,23.0,23.0,0.016393,normal_agn_like,Needs more data,stage_a_positive=pass;gate_blazar_veto=pass;gate_wise_qc_pass=pass;gate_data_sufficient=fail;gate_state_change_ratio_pass=pass;gate_transient_spike_pass=pass
SDSSJJ222132.41-010928.70,SDSSJ222132.41-010928.70,0.461859,OK,172,5113.949095,"W1,W2",14.00123,-0.181015,seasonal_median_flux,,SDSSJ222132.41-010928.70,SDSSJ222132.41-010928.70,SDSSJ222132.41-010928.70,SDSSJ222132.41-010928.70,335.38507,-1.15797,benchmark_master,clagn,1.0,dev,True,True,True,True,True,True,True,9.0,False,0.9636,0.85317,23.0,570.0,23.0,23.0,0.003497,unknown,Needs more data,stage_a_positive=pass;gate_blazar_veto=pass;gate_wise_qc_pass=pass;gate_data_sufficient=fail;gate_state_change_ratio_pass=pass;gate_transient_spike_pass=pass
PKS,PKS,0.456678,OK,181,5272.616948,"W1,W2",14.435638,-0.068739,seasonal_median_flux,,PKS,PKS,PKS,PKS,196.3876,-10.5554,benchmark_master,blazar,0.0,dev,True,True,False,True,True,True,True,13.375,False,0.903361,0.848739,16.0,627.0,16.0,16.0,0.001592,unknown,Known blazar,stage_a_positive=pass;gate_blazar_veto=fail;gate_wise_qc_pass=pass;gate_data_sufficient=pass;gate_state_change_ratio_pass=pass;gate_transient_spike_pass=pass
SDSSJ161407.07+513354.5,SDSSJ161407.07+513354.5,0.449402,OK,616,5275.917305,"W1,W2",14.444674,-0.097331,seasonal_median_flux,,SDSSJ161407.07+513354.5,SDSSJ161407.07+513354.5,SDSSJ161407.07+513354.5,SDSSJ161407.07+513354.5,243.5295,51.56516,benchmark_master,clagn,1.0,dev,True,True,True,True,True,True,True,3.549133,False,0.983629,0.425764,25.0,1794.0,25.0,25.0,0.001114,unknown,Known AGN,stage_a_positive=pass;gate_blazar_veto=pass;gate_wise_qc_pass=pass;gate_data_sufficient=pass;gate_state_change_ratio_pass=pass;gate_transient_spike_pass=pass
SDSSJ160111.26+474509.6,SDSSJ160111.26+474509.6,0.439375,OK,411,5275.901769,"W1,W2",14.444632,0.196369,seasonal_median_flux,,SDSSJ160111.26+474509.6,SDSSJ160111.26+474509.6,SDSSJ160111.26+474509.6,SDSSJ160111.26+474509.6,240.2969,47.75267,benchmark_master,clagn,1.0,test,True,True,True,True,True,True,True,6.091667,False,0.97148,0.926014,25.0,1469.0,25.0,25.0,0.00068,unknown,Known AGN,stage_a_positive=pass;gate_blazar_veto=pass;gate_wise_qc_pass=pass;gate_data_sufficient=pass;gate_state_change_ratio_pass=pass;gate_transient_spike_pass=pass
1999do,1999do,0.435089,OK,278,5114.329635,"W1,W2",14.002271,-0.078997,seasonal_median_flux,,1999DO,1999DO,1999DO,1999DO,343.374458,31.64525,benchmark_master,sn,0.0,dev,True,True,True,True,True,True,True,8.685714,False,0.915966,0.635762,24.0,707.0,24.0,24.0,0.001412,unknown,Needs more data,stage_a_positive=pass;gate_blazar_veto=pass;gate_wise_qc_pass=pass;gate_data_sufficient=fail;gate_state_change_ratio_pass=pass;gate_transient_spike_pass=pass
000033.71+102012.0,000033.71+102012.0,0.434742,OK,26,3285.940494,"W1,W2",8.996415,0.167127,seasonal_median_flux,,000033.71+102012.0,000033.71+102012.0,000033.71+102012.0,000033.71+102012.0,0.140471,10.336684,benchmark_master,normal_agn,0.0,test,True,True,True,True,True,True,True,8.514563,False,0.953229,0.479495,22.0,148.0,22.0,22.0,0.0,normal_agn_like,Needs more data,stage_a_positive=pass;gate_blazar_veto=pass;gate_wise_qc_pass=pass;gate_data_sufficient=fail;gate_state_change_ratio_pass=pass;gate_transient_spike_pass=pass
5190760035117568,5190760035117568,0.434455,OK,220,5096.579552,"W1,W2",13.953674,0.136411,seasonal_median_flux,,5190760035117568,5190760035117568,5190760035117568,5190760035117568,43.45624,4.437338,benchmark_master,star,0.0,dev,True,True,True,True,True,True,True,2.868805,False,0.965079,0.937063,24.0,606.0,24.0,24.0,0.003289,unknown,Rejected,stage_a_positive=pass;gate_blazar_veto=pass;gate_wise_qc_pass=pass;gate_data_sufficient=pass;gate_state_change_ratio_pass=pass;gate_transient_spike_pass=pass
SDSSJJ081319.34+460849.5,SDSSJ081319.34+460849.5,0.434335,OK,267,5098.817255,"W1,W2",13.959801,0.103383,seasonal_median_flux,,SDSSJ081319.34+460849.5,SDSSJ081319.34+460849.5,SDSSJ081319.34+460849.5,SDSSJ081319.34+460849.5,123.33056,46.147156,benchmark_master,clagn,1.0,dev,True,True,True,True,True,True,True,22.675,False,0.986813,0.712662,22.0,635.0,22.0,22.0,0.001572,unknown,Known AGN,stage_a_positive=pass;gate_blazar_veto=pass;gate_wise_qc_pass=pass;gate_data_sufficient=pass;gate_state_change_ratio_pass=pass;gate_transient_spike_pass=pass
SDSSJ074511.98+380911.3,SDSSJ074511.98+380911.3,0.43353,OK,210,5098.463,"W1,W2",13.958831,-0.039938,seasonal_median_flux,,SDSSJ074511.98+380911.3,SDSSJ074511.98+380911.3,SDSSJ074511.98+380911.3,SDSSJ074511.98+380911.3,116.29994,38.15314,benchmark_master,clagn,1.0,test,True,True,True,True,True,True,True,10.519481,False,0.953358,0.953358,22.0,582.0,22.0,22.0,0.0,unknown,Known AGN,stage_a_positive=pass;gate_blazar_veto=pass;gate_wise_qc_pass=pass;gate_data_sufficient=pass;gate_state_change_ratio_pass=pass;gate_transient_spike_pass=pass
SDSSJ153734.06+461358.9,SDSSJ153734.06+461358.9,0.432652,OK,417,5274.670733,"W1,W2",14.441261,-0.018659,seasonal_median_flux,,SDSSJ153734.06+461358.9,SDSSJ153734.06+461358.9,SDSSJ153734.06+461358.9,SDSSJ153734.06+461358.9,234.39195,46.23301,benchmark_master,clagn,1.0,dev,True,True,True,True,True,True,True,3.366025,False,0.814679,0.814679,18.0,1319.0,18.0,18.0,0.000758,unknown,Known AGN,stage_a_positive=pass;gate_blazar_veto=pass;gate_wise_qc_pass=pass;gate_data_sufficient=pass;gate_state_change_ratio_pass=pass;gate_transient_spike_pass=pass
000002.46+214939.3,000002.46+214939.3,0.430223,OK,80,5116.362469,"W1,W2",14.007837,0.265491,seasonal_median_flux,,000002.46+214939.3,000002.46+214939.3,000002.46+214939.3,000002.46+214939.3,0.010286,21.827593,benchmark_master,normal_agn,0.0,dev,True,True,True,True,True,True,True,6.21813,False,0.58427,0.171348,21.0,300.0,21.0,21.0,0.0,normal_agn_like,Needs more data,stage_a_positive=pass;gate_blazar_veto=pass;gate_wise_qc_pass=pass;gate_data_sufficient=fail;gate_state_change_ratio_pass=pass;gate_transient_spike_pass=pass
SDSSJ210200.42+000501.8,SDSSJ210200.42+000501.8,0.427861,OK,212,5114.256074,"W1,W2",14.00207,0.158829,seasonal_median_flux,,SDSSJ210200.42+000501.8,SDSSJ210200.42+000501.8,SDSSJ210200.42+000501.8,SDSSJ210200.42+000501.8,315.50177,0.08385,benchmark_master,clagn,1.0,dev,True,True,True,True,True,True,True,9.548673,False,0.949478,0.733114,23.0,605.0,23.0,23.0,0.004934,unknown,Known AGN,stage_a_positive=pass;gate_blazar_veto=pass;gate_wise_qc_pass=pass;gate_data_sufficient=pass;gate_state_change_ratio_pass=pass;gate_transient_spike_pass=pass
8286538102441600,8286538102441600,0.424447,OK,203,5096.443427,"W1,W2",13.953302,0.129139,seasonal_median_flux,,8286538102441600,8286538102441600,8286538102441600,8286538102441600,42.750148,7.393637,benchmark_master,star,0.0,dev,True,True,True,True,True,True,True,5.242798,False,0.942029,0.942029,24.0,614.0,24.0,24.0,0.0,unknown,Rejected,stage_a_positive=pass;gate_blazar_veto=pass;gate_wise_qc_pass=pass;gate_data_sufficient=pass;gate_state_change_ratio_pass=pass;gate_transient_spike_pass=pass
6062299094282624,6062299094282624,0.415685,OK,213,5096.364223,"W1,W2",13.953085,-0.225843,seasonal_median_flux,,6062299094282624,6062299094282624,6062299094282624,6062299094282624,40.979355,5.034298,benchmark_master,star,0.0,test,True,True,True,True,True,True,True,3.339695,False,0.850187,0.850187,24.0,553.0,24.0,24.0,0.0125,unknown,Rejected,stage_a_positive=pass;gate_blazar_veto=pass;gate_wise_qc_pass=pass;gate_data_sufficient=pass;gate_state_change_ratio_pass=pass;gate_transient_spike_pass=pass
NGC 7582,NGC 7582,0.414027,OK,31,5113.524165,"W1,W2",14.000066,0.0,seasonal_median_flux,,NGC 7582,NGC 7582,NGC 7582,NGC 7582,349.598,-42.369999,benchmark_master,clagn,1.0,test,True,True,True,True,True,True,True,24.645833,False,0.973856,0.525054,23.0,764.0,23.0,23.0,0.023018,unknown,Known AGN,stage_a_positive=pass;gate_blazar_veto=pass;gate_wise_qc_pass=pass;gate_data_sufficient=pass;gate_state_change_ratio_pass=pass;gate_transient_spike_pass=pass
3C 232,3C 232,0.412826,OK,232,5098.584465,"W1,W2",13.959163,0.046022,seasonal_median_flux,,3C 232,3C 232,3C 232,3C 232,149.5873,32.4006,benchmark_master,blazar,0.0,dev,True,True,False,True,True,True,True,24.088235,False,0.466003,0.392743,23.0,620.0,23.0,23.0,0.0,unknown,Known blazar,stage_a_positive=pass;gate_blazar_veto=fail;gate_wise_qc_pass=pass;gate_data_sufficient=pass;gate_state_change_ratio_pass=pass;gate_transient_spike_pass=pass
SDSSJJ094443.08+580953.2,SDSSJ094443.08+580953.2,0.405601,OK,345,5098.65859,"W1,W2",13.959366,0.068035,seasonal_median_flux,,SDSSJ094443.08+580953.2,SDSSJ094443.08+580953.2,SDSSJ094443.08+580953.2,SDSSJ094443.08+580953.2,146.17954,58.164769,benchmark_master,clagn,1.0,dev,True,True,True,True,True,True,True,15.105263,False,0.963585,0.963585,23.0,795.0,23.0,23.0,0.001256,unknown,Known AGN,stage_a_positive=pass;gate_blazar_veto=pass;gate_wise_qc_pass=pass;gate_data_sufficient=pass;gate_state_change_ratio_pass=pass;gate_transient_spike_pass=pass
000057.67-085617.0,000057.67-085617.0,0.399395,OK,168,5114.144863,"W1,W2",14.001766,-0.077686,seasonal_median_flux,,000057.67-085617.0,000057.67-085617.0,000057.67-085617.0,000057.67-085617.0,0.240324,-8.938062,benchmark_master,normal_agn,0.0,dev,True,True,True,True,True,True,True,5.803922,False,0.992701,0.992701,23.0,579.0,23.0,23.0,0.025253,normal_agn_like,Needs more data,stage_a_positive=pass;gate_blazar_veto=pass;gate_wise_qc_pass=pass;gate_data_sufficient=fail;gate_state_change_ratio_pass=pass;gate_transient_spike_pass=pass
10618228603355008,10618228603355008,0.399301,OK,123,5096.158955,"W1,W2",13.952523,0.149582,seasonal_median_flux,,10618228603355008,10618228603355008,10618228603355008,10618228603355008,49.551564,7.869681,benchmark_master,star,0.0,dev,True,True,True,True,True,True,True,5.309859,False,0.986987,0.986987,23.0,467.0,23.0,23.0,0.002137,unknown,Rejected,stage_a_positive=pass;gate_blazar_veto=pass;gate_wise_qc_pass=pass;gate_data_sufficient=pass;gate_state_change_ratio_pass=pass;gate_transient_spike_pass=pass
SDSSJ231742.68+011425.2,SDSSJ231742.68+011425.2,0.399043,OK,217,5114.073797,"W1,W2",14.001571,0.223271,seasonal_median_flux,,SDSSJ231742.68+011425.2,SDSSJ231742.68+011425.2,SDSSJ231742.68+011425.2,SDSSJ231742.68+011425.2,349.42787,1.24034,benchmark_master,clagn,1.0,dev,True,True,True,True,True,True,True,4.152672,False,0.950745,0.950745,23.0,560.0,23.0,23.0,0.0,unknown,Needs more data,stage_a_positive=pass;gate_blazar_veto=pass;gate_wise_qc_pass=pass;gate_data_sufficient=fail;gate_state_change_ratio_pass=pass;gate_transient_spike_pass=pass
8011419677274240,8011419677274240,0.398534,OK,228,5096.562998,"W1,W2",13.953629,-0.153381,seasonal_median_flux,,8011419677274240,8011419677274240,8011419677274240,8011419677274240,43.406158,6.926535,benchmark_master,star,0.0,dev,True,True,True,True,True,True,True,3.972696,False,0.853503,0.651274,24.0,628.0,24.0,24.0,0.0,unknown,Rejected,stage_a_positive=pass;gate_blazar_veto=pass;gate_wise_qc_pass=pass;gate_data_sufficient=pass;gate_state_change_ratio_pass=pass;gate_transient_spike_pass=pass
11434886569349888,11434886569349888,0.396972,OK,155,5099.024203,"W1,W2",13.960367,-0.258156,seasonal_median_flux,,11434886569349888,11434886569349888,11434886569349888,11434886569349888,54.136758,8.377478,benchmark_master,star,0.0,dev,True,True,True,True,True,True,True,6.321839,False,0.863268,0.634804,23.0,557.0,23.0,23.0,0.008897,unknown,Rejected,stage_a_positive=pass;gate_blazar_veto=pass;gate_wise_qc_pass=pass;gate_data_sufficient=pass;gate_state_change_ratio_pass=pass;gate_transient_spike_pass=pass
SDSSJJ143040.58+364903.90,SDSSJ143040.58+364903.90,0.382188,OK,304,5277.417393,"W1,W2",14.448781,0.495543,seasonal_median_flux,,SDSSJ143040.58+364903.90,SDSSJ143040.58+364903.90,SDSSJ143040.58+364903.90,SDSSJ143040.58+364903.90,217.6691,36.81775,benchmark_master,clagn,1.0,dev,True,True,True,True,True,True,True,12.290541,False,0.668504,0.515507,16.0,862.0,16.0,16.0,0.0,unknown,Known AGN,stage_a_positive=pass;gate_blazar_veto=pass;gate_wise_qc_pass=pass;gate_data_sufficient=pass;gate_state_change_ratio_pass=pass;gate_transient_spike_pass=pass
000203.11+315153.1,000203.11+315153.1,0.382174,OK,171,4908.633698,"W1,W2",13.439107,0.396939,seasonal_median_flux,,000203.11+315153.1,000203.11+315153.1,000203.11+315153.1,000203.11+315153.1,0.512959,31.864774,benchmark_master,normal_agn,0.0,test,True,True,True,True,True,True,True,3.654102,False,0.877778,0.877778,14.0,608.0,14.0,14.0,0.0,normal_agn_like,Needs more data,stage_a_positive=pass;gate_blazar_veto=pass;gate_wise_qc_pass=pass;gate_data_sufficient=fail;gate_state_change_ratio_pass=pass;gate_transient_spike_pass=pass
11918706045404160,11918706045404160,0.368219,OK,185,5099.143009,"W1,W2",13.960693,0.084796,seasonal_median_flux,,11918706045404160,11918706045404160,11918706045404160,11918706045404160,54.498208,8.998194,benchmark_master,star,0.0,dev,True,True,True,True,True,True,True,3.09417,False,0.697674,0.437238,23.0,546.0,23.0,23.0,0.0,unknown,Rejected,stage_a_positive=pass;gate_blazar_veto=pass;gate_wise_qc_pass=pass;gate_data_sufficient=pass;gate_state_change_ratio_pass=pass;gate_transient_spike_pass=pass
11346758135829376,11346758135829376,0.364962,OK,131,5099.176753,"W1,W2",13.960785,0.002047,seasonal_median_flux,,11346758135829376,11346758135829376,11346758135829376,11346758135829376,53.227155,7.898861,benchmark_master,star,0.0,dev,True,True,True,True,True,True,True,7.5,False,0.833333,0.166667,23.0,578.0,23.0,23.0,0.0,unknown,Rejected,stage_a_positive=pass;gate_blazar_veto=pass;gate_wise_qc_pass=pass;gate_data_sufficient=pass;gate_state_change_ratio_pass=pass;gate_transient_spike_pass=pass
SDSSJJ015653.16-004623.28,SDSSJ015653.16-004623.28,0.363264,OK,217,5301.006028,"W1,W2",14.513364,-0.289155,seasonal_median_flux,,SDSSJ015653.16-004623.28,SDSSJ015653.16-004623.28,SDSSJ015653.16-004623.28,SDSSJ015653.16-004623.28,29.22154,-0.77314,benchmark_master,clagn,1.0,dev,True,True,True,True,True,True,True,4.791209,False,0.834808,0.511761,19.0,727.0,19.0,19.0,0.035809,unknown,Known AGN,stage_a_positive=pass;gate_blazar_veto=pass;gate_wise_qc_pass=pass;gate_data_sufficient=pass;gate_state_change_ratio_pass=pass;gate_transient_spike_pass=pass
000056.16+192036.9,000056.16+192036.9,0.350474,OK,153,5115.928884,"W1,W2",14.00665,0.404608,seasonal_median_flux,,000056.16+192036.9,000056.16+192036.9,000056.16+192036.9,000056.16+192036.9,0.234034,19.343593,benchmark_master,normal_agn,0.0,test,True,True,True,True,True,True,True,7.111765,False,0.546036,0.089514,24.0,522.0,24.0,24.0,0.0,normal_agn_like,Needs more data,stage_a_positive=pass;gate_blazar_veto=pass;gate_wise_qc_pass=pass;gate_data_sufficient=fail;gate_state_change_ratio_pass=pass;gate_transient_spike_pass=pass
SDSSJJ233602.98+001728.7,SDSSJ233602.98+001728.7,0.349392,OK,204,5114.211074,"W1,W2",14.001947,0.261537,seasonal_median_flux,,SDSSJ233602.98+001728.7,SDSSJ233602.98+001728.7,SDSSJ233602.98+001728.7,SDSSJ233602.98+001728.7,354.01245,0.291341,benchmark_master,clagn,1.0,dev,True,False,True,True,True,True,True,4.363636,False,0.783282,0.628483,24.0,572.0,24.0,24.0,0.0,unknown,Rejected,stage_a_positive=fail;gate_blazar_veto=pass;gate_wise_qc_pass=pass;gate_data_sufficient=fail;gate_state_change_ratio_pass=pass;gate_transient_spike_pass=pass
1960P,1960P,0.344832,OK,240,5301.097197,"W1,W2",14.513613,-0.051842,seasonal_median_flux,,1960P,1960P,1960P,1960P,16.541833,31.406556,benchmark_master,sn,0.0,dev,True,False,True,True,True,True,True,3.831776,False,0.933962,0.301887,20.0,605.0,20.0,20.0,0.017857,unknown,Rejected,stage_a_positive=fail;gate_blazar_veto=pass;gate_wise_qc_pass=pass;gate_data_sufficient=pass;gate_state_change_ratio_pass=pass;gate_transient_spike_pass=pass
000015.56+194941.0,000015.56+194941.0,0.342671,OK,66,5116.25716,"W1,W2",14.007549,0.266656,seasonal_median_flux,,000015.56+194941.0,000015.56+194941.0,000015.56+194941.0,000015.56+194941.0,0.064849,19.82807,benchmark_master,normal_agn,0.0,dev,True,False,True,True,True,True,True,8.291765,False,0.726513,0.207083,23.0,356.0,23.0,23.0,0.0,normal_agn_like,Rejected,stage_a_positive=fail;gate_blazar_veto=pass;gate_wise_qc_pass=pass;gate_data_sufficient=fail;gate_state_change_ratio_pass=pass;gate_transient_spike_pass=pass
000031.97+002249.9,000031.97+002249.9,0.336906,OK,95,5113.710012,"W1,W2",14.000575,0.114758,seasonal_median_flux,,000031.97+002249.9,000031.97+002249.9,000031.97+002249.9,000031.97+002249.9,0.13323,0.380531,benchmark_master,normal_agn,0.0,dev,True,False,True,True,True,True,True,4.307692,False,0.883752,0.462351,24.0,377.0,24.0,24.0,0.013089,normal_agn_like,Rejected,stage_a_positive=fail;gate_blazar_veto=pass;gate_wise_qc_pass=pass;gate_data_sufficient=fail;gate_state_change_ratio_pass=pass;gate_transient_spike_pass=pass
000059.05+282233.0,000059.05+282233.0,0.336127,OK,237,5116.694706,"W1,W2",14.008747,0.19646,seasonal_median_flux,,000059.05+282233.0,000059.05+282233.0,000059.05+282233.0,000059.05+282233.0,0.246053,28.375839,benchmark_master,normal_agn,0.0,dev,True,False,True,True,True,True,True,3.22542,False,0.837432,0.648649,14.0,650.0,14.0,14.0,0.012158,normal_agn_like,Rejected,stage_a_positive=fail;gate_blazar_veto=pass;gate_wise_qc_pass=pass;gate_data_sufficient=fail;gate_state_change_ratio_pass=pass;gate_transient_spike_pass=pass
3822937505992960,3822937505992960,0.310422,OK,193,5096.384343,"W1,W2",13.95314,0.008541,seasonal_median_flux,,3822937505992960,3822937505992960,3822937505992960,3822937505992960,46.177377,5.100298,benchmark_master,star,0.0,test,True,False,True,True,True,True,True,3.389831,False,0.851852,0.333333,24.0,594.0,24.0,24.0,0.0,unknown,Rejected,stage_a_positive=fail;gate_blazar_veto=pass;gate_wise_qc_pass=pass;gate_data_sufficient=pass;gate_state_change_ratio_pass=pass;gate_transient_spike_pass=pass
000003.87-024228.0,000003.87-024228.0,0.304665,OK,25,4911.54661,"W1,W2",13.447082,0.03605,seasonal_median_flux,,000003.87-024228.0,000003.87-024228.0,000003.87-024228.0,000003.87-024228.0,0.016165,-2.70779,benchmark_master,normal_agn,0.0,dev,True,False,True,True,True,True,True,4.168831,False,0.806452,0.344086,24.0,265.0,24.0,24.0,0.003759,normal_agn_like,Rejected,stage_a_positive=fail;gate_blazar_veto=pass;gate_wise_qc_pass=pass;gate_data_sufficient=fail;gate_state_change_ratio_pass=pass;gate_transient_spike_pass=pass
8261936529703936,8261936529703936,0.302019,OK,37,3113.314397,"W1,W2",8.52379,0.163964,seasonal_median_flux,,8261936529703936,8261936529703936,8261936529703936,8261936529703936,42.63617,7.289797,benchmark_master,star,0.0,dev,True,False,True,True,True,True,True,6.232768,False,0.716697,0.716697,19.0,140.0,19.0,19.0,0.0,unknown,Rejected,stage_a_positive=fail;gate_blazar_veto=pass;gate_wise_qc_pass=pass;gate_data_sufficient=fail;gate_state_change_ratio_pass=pass;gate_transient_spike_pass=pass
000014.74+003203.2,000014.74+003203.2,0.29305,OK,118,5113.710012,"W1,W2",14.000575,-0.04265,seasonal_median_flux,,000014.74+003203.2,000014.74+003203.2,000014.74+003203.2,000014.74+003203.2,0.061434,0.534246,benchmark_master,normal_agn,0.0,dev,True,False,True,True,True,True,True,4.534307,False,0.888365,0.383648,24.0,479.0,24.0,24.0,0.002083,normal_agn_like,Rejected,stage_a_positive=fail;gate_blazar_veto=pass;gate_wise_qc_pass=pass;gate_data_sufficient=fail;gate_state_change_ratio_pass=pass;gate_transient_spike_pass=pass
000034.80+210108.1,000034.80+210108.1,0.291458,OK,230,5116.814009,"W1,W2",14.009073,0.187864,seasonal_median_flux,,000034.80+210108.1,000034.80+210108.1,000034.80+210108.1,000034.80+210108.1,0.145024,21.018918,benchmark_master,normal_agn,0.0,dev,True,False,True,True,True,True,True,6.632948,False,0.708843,0.708843,24.0,604.0,24.0,24.0,0.0,normal_agn_like,Rejected,stage_a_positive=fail;gate_blazar_veto=pass;gate_wise_qc_pass=pass;gate_data_sufficient=fail;gate_state_change_ratio_pass=pass;gate_transient_spike_pass=pass
1998ch,1998ch,0.288207,OK,77,5274.184624,"W1,W2",14.439931,0.264326,seasonal_median_flux,,1998CH,1998CH,1998CH,1998CH,202.305458,-29.290778,benchmark_master,sn,0.0,dev,True,False,True,True,True,True,True,5.067227,False,0.59841,0.592166,23.0,478.0,23.0,23.0,0.032389,unknown,Rejected,stage_a_positive=fail;gate_blazar_veto=pass;gate_wise_qc_pass=pass;gate_data_sufficient=pass;gate_state_change_ratio_pass=pass;gate_transient_spike_pass=pass
000042.92+310715.3,000042.92+310715.3,0.287274,OK,27,4179.074861,"W1,W2",11.441683,0.0,seasonal_median_flux,,000042.92+310715.3,000042.92+310715.3,000042.92+310715.3,000042.92+310715.3,0.17886,31.120944,benchmark_master,normal_agn,0.0,test,True,False,True,True,True,True,True,4.084211,False,0.625718,0.625718,13.0,147.0,13.0,13.0,0.006757,normal_agn_like,Rejected,stage_a_positive=fail;gate_blazar_veto=pass;gate_wise_qc_pass=pass;gate_data_sufficient=fail;gate_state_change_ratio_pass=pass;gate_transient_spike_pass=pass
SDSSJJ015726.00-000602.15,SDSSJ015726.00-000602.15,0.287057,OK,178,5301.123813,"W1,W2",14.513686,-0.234465,seasonal_median_flux,,SDSSJ015726.00-000602.15,SDSSJ015726.00-000602.15,SDSSJ015726.00-000602.15,SDSSJ015726.00-000602.15,29.35835,-0.10057,benchmark_master,clagn,1.0,dev,True,False,True,True,True,True,True,11.015244,False,0.787647,0.787647,19.0,640.0,19.0,19.0,0.041916,unknown,Rejected,stage_a_positive=fail;gate_blazar_veto=pass;gate_wise_qc_pass=pass;gate_data_sufficient=pass;gate_state_change_ratio_pass=pass;gate_transient_spike_pass=pass
1994M,1994M,0.281785,OK,21,3274.032755,"W1,W2",8.963813,0.0,seasonal_median_flux,,1994M,1994M,1994M,1994M,187.785875,0.605528,benchmark_master,sn,0.0,dev,True,False,True,True,True,True,True,6.489507,False,0.934873,0.17466,19.0,76.0,19.0,19.0,0.0,unknown,Rejected,stage_a_positive=fail;gate_blazar_veto=pass;gate_wise_qc_pass=pass;gate_data_sufficient=fail;gate_state_change_ratio_pass=pass;gate_transient_spike_pass=pass
5220790446842240,5220790446842240,0.276877,OK,33,3273.160837,"W1,W2",8.961426,0.247695,seasonal_median_flux,,5220790446842240,5220790446842240,5220790446842240,5220790446842240,44.376093,4.448312,benchmark_master,star,0.0,dev,True,False,True,True,True,True,True,19.240181,False,0.894309,0.297959,17.0,107.0,17.0,20.0,0.661392,artifact_like,Rejected,stage_a_positive=fail;gate_blazar_veto=pass;gate_wise_qc_pass=pass;gate_data_sufficient=fail;gate_state_change_ratio_pass=pass;gate_transient_spike_pass=pass
000139.52+322953.1,000139.52+322953.1,0.274577,OK,186,5114.111669,"W1,W2",14.001675,0.133423,seasonal_median_flux,,000139.52+322953.1,000139.52+322953.1,000139.52+322953.1,000139.52+322953.1,0.414669,32.4981,benchmark_master,normal_agn,0.0,dev,True,False,True,True,True,True,True,2.855586,False,0.786765,0.786765,14.0,649.0,14.0,14.0,0.037092,normal_agn_like,Rejected,stage_a_positive=fail;gate_blazar_veto=pass;gate_wise_qc_pass=pass;gate_data_sufficient=fail;gate_state_change_ratio_pass=pass;gate_transient_spike_pass=pass
000028.24+184005.3,000028.24+184005.3,0.273237,OK,134,5115.759905,"W1,W2",14.006187,0.370817,seasonal_median_flux,,000028.24+184005.3,000028.24+184005.3,000028.24+184005.3,000028.24+184005.3,0.117668,18.66816,benchmark_master,normal_agn,0.0,dev,True,False,True,True,True,True,True,7.515152,False,0.985376,0.293872,24.0,444.0,24.0,24.0,0.0,normal_agn_like,Rejected,stage_a_positive=fail;gate_blazar_veto=pass;gate_wise_qc_pass=pass;gate_data_sufficient=fail;gate_state_change_ratio_pass=pass;gate_transient_spike_pass=pass
000036.73+044503.3,000036.73+044503.3,0.273186,OK,138,5113.971815,"W1,W2",14.001292,-0.030589,seasonal_median_flux,,000036.73+044503.3,000036.73+044503.3,000036.73+044503.3,000036.73+044503.3,0.15307,4.750938,benchmark_master,normal_agn,0.0,dev,True,False,True,True,True,True,True,6.305512,False,0.855895,0.03639,24.0,442.0,24.0,24.0,0.0,normal_agn_like,Rejected,stage_a_positive=fail;gate_blazar_veto=pass;gate_wise_qc_pass=pass;gate_data_sufficient=fail;gate_state_change_ratio_pass=pass;gate_transient_spike_pass=pass
SDSSJJ005813.68+001409.09,SDSSJ005813.68+001409.09,0.272742,OK,83,5114.021384,"W1,W2",14.001427,0.076267,seasonal_median_flux,,SDSSJ005813.68+001409.09,SDSSJ005813.68+001409.09,SDSSJ005813.68+001409.09,SDSSJ005813.68+001409.09,14.55703,0.23586,benchmark_master,clagn,1.0,test,True,False,True,True,True,True,True,2.924157,False,0.739663,0.554364,15.0,603.0,15.0,15.0,0.001656,unknown,Rejected,stage_a_positive=fail;gate_blazar_veto=pass;gate_wise_qc_pass=pass;gate_data_sufficient=fail;gate_state_change_ratio_pass=pass;gate_transient_spike_pass=pass
000026.47+021359.2,000026.47+021359.2,0.267673,OK,66,4911.695348,"W1,W2",13.447489,0.227492,seasonal_median_flux,,000026.47+021359.2,000026.47+021359.2,000026.47+021359.2,000026.47+021359.2,0.110297,2.233126,benchmark_master,normal_agn,0.0,dev,True,False,True,True,True,True,True,5.170068,False,0.942775,0.502864,23.0,286.0,23.0,23.0,0.0,normal_agn_like,Rejected,stage_a_positive=fail;gate_blazar_veto=pass;gate_wise_qc_pass=pass;gate_data_sufficient=fail;gate_state_change_ratio_pass=pass;gate_transient_spike_pass=pass
12315256082310144,12315256082310144,0.267233,OK,92,5098.878401,"W1,W2",13.959968,-0.162532,seasonal_median_flux,,12315256082310144,12315256082310144,12315256082310144,12315256082310144,54.574408,9.969912,benchmark_master,star,0.0,dev,True,False,True,True,True,True,True,4.382353,False,0.963696,0.848649,23.0,519.0,23.0,23.0,0.076512,unknown,Rejected,stage_a_positive=fail;gate_blazar_veto=pass;gate_wise_qc_pass=pass;gate_data_sufficient=pass;gate_state_change_ratio_pass=pass;gate_transient_spike_pass=pass
000008.03-002727.4,000008.03-002727.4,0.266319,OK,26,4910.611699,"W1,W2",13.444522,0.0,seasonal_median_flux,,000008.03-002727.4,000008.03-002727.4,000008.03-002727.4,000008.03-002727.4,0.033461,-0.45763,benchmark_master,normal_agn,0.0,dev,True,False,True,True,True,True,True,6.225179,False,0.875158,0.638714,22.0,129.0,22.0,23.0,0.116438,normal_agn_like,Rejected,stage_a_positive=fail;gate_blazar_veto=pass;gate_wise_qc_pass=pass;gate_data_sufficient=fail;gate_state_change_ratio_pass=pass;gate_transient_spike_pass=pass
9921756706043776,9921756706043776,0.264947,OK,103,5098.827081,"W1,W2",13.959828,0.184446,seasonal_median_flux,,9921756706043776,9921756706043776,9921756706043776,9921756706043776,51.670465,7.444067,benchmark_master,star,0.0,dev,True,False,True,True,True,True,True,4.139474,False,0.875969,0.606952,23.0,482.0,23.0,23.0,0.0,unknown,Rejected,stage_a_positive=fail;gate_blazar_veto=pass;gate_wise_qc_pass=pass;gate_data_sufficient=pass;gate_state_change_ratio_pass=pass;gate_transient_spike_pass=pass
6151771852919552,6151771852919552,0.263666,OK,199,5096.10942,"W1,W2",13.952387,-0.020165,seasonal_median_flux,,6151771852919552,6151771852919552,6151771852919552,6151771852919552,40.471792,5.498394,benchmark_master,star,0.0,test,True,False,True,True,True,True,True,32.371429,False,0.971768,0.22734,24.0,618.0,24.0,24.0,0.0,unknown,Rejected,stage_a_positive=fail;gate_blazar_veto=pass;gate_wise_qc_pass=pass;gate_data_sufficient=pass;gate_state_change_ratio_pass=pass;gate_transient_spike_pass=pass
7388752498494208,7388752498494208,0.261794,OK,128,5096.510025,"W1,W2",13.953484,-0.182324,seasonal_median_flux,,7388752498494208,7388752498494208,7388752498494208,7388752498494208,46.065361,6.296544,benchmark_master,star,0.0,dev,True,False,True,True,True,True,True,2.944984,False,0.876289,0.876289,24.0,452.0,24.0,24.0,0.0,unknown,Rejected,stage_a_positive=fail;gate_blazar_veto=pass;gate_wise_qc_pass=pass;gate_data_sufficient=pass;gate_state_change_ratio_pass=pass;gate_transient_spike_pass=pass
7106010507061632,7106010507061632,0.255419,OK,141,5096.410829,"W1,W2",13.953212,0.123231,seasonal_median_flux,,7106010507061632,7106010507061632,7106010507061632,7106010507061632,44.692059,6.213781,benchmark_master,star,0.0,dev,True,False,True,True,True,True,True,5.728395,False,0.978541,0.939914,24.0,604.0,24.0,24.0,0.0,unknown,Rejected,stage_a_positive=fail;gate_blazar_veto=pass;gate_wise_qc_pass=pass;gate_data_sufficient=pass;gate_state_change_ratio_pass=pass;gate_transient_spike_pass=pass
000116.51-031050.2,000116.51-031050.2,0.254291,OK,43,4911.610788,"W1,W2",13.447257,0.0,seasonal_median_flux,,000116.51-031050.2,000116.51-031050.2,000116.51-031050.2,000116.51-031050.2,0.318829,-3.180623,benchmark_master,normal_agn,0.0,dev,True,False,True,True,False,True,True,5.116166,False,0.97293,0.265127,9.0,15.0,0.0,9.0,0.918478,artifact_like,Rejected,stage_a_positive=fail;gate_blazar_veto=pass;gate_wise_qc_pass=pass;gate_data_sufficient=fail;gate_state_change_ratio_pass=pass;gate_transient_spike_pass=pass
000001.08+295225.0,000001.08+295225.0,0.25227,OK,50,4910.913289,"W1,W2",13.445348,0.242406,seasonal_median_flux,,000001.08+295225.0,000001.08+295225.0,000001.08+295225.0,000001.08+295225.0,0.004528,29.873618,benchmark_master,normal_agn,0.0,test,True,False,True,True,True,True,True,6.464516,False,0.734788,0.668197,14.0,248.0,14.0,14.0,0.015873,normal_agn_like,Rejected,stage_a_positive=fail;gate_blazar_veto=pass;gate_wise_qc_pass=pass;gate_data_sufficient=fail;gate_state_change_ratio_pass=pass;gate_transient_spike_pass=pass
000022.17+255005.3,000022.17+255005.3,0.250891,OK,221,5116.745888,"W1,W2",14.008887,0.046354,seasonal_median_flux,,000022.17+255005.3,000022.17+255005.3,000022.17+255005.3,000022.17+255005.3,0.092398,25.834825,benchmark_master,normal_agn,0.0,test,True,False,True,True,True,True,True,8.219697,False,0.92228,0.873921,6.0,112.0,6.0,17.0,0.816393,artifact_like,Rejected,stage_a_positive=fail;gate_blazar_veto=pass;gate_wise_qc_pass=pass;gate_data_sufficient=fail;gate_state_change_ratio_pass=pass;gate_transient_spike_pass=pass
1979C,1979C,0.247375,OK,26,3114.812684,"W1,W2",8.527892,0.0,seasonal_median_flux,,1979C,1979C,1979C,1979C,185.744292,15.797706,benchmark_master,sn,0.0,dev,True,False,True,True,True,True,True,5.684211,False,0.932592,0.380952,19.0,88.0,19.0,19.0,0.0,unknown,Rejected,stage_a_positive=fail;gate_blazar_veto=pass;gate_wise_qc_pass=pass;gate_data_sufficient=fail;gate_state_change_ratio_pass=pass;gate_transient_spike_pass=pass
000200.32+204718.9,000200.32+204718.9,0.246251,OK,242,5116.937273,"W1,W2",14.009411,-0.202822,seasonal_median_flux,,000200.32+204718.9,000200.32+204718.9,000200.32+204718.9,000200.32+204718.9,0.501347,20.7886,benchmark_master,normal_agn,0.0,dev,True,False,True,True,True,True,True,4.800738,False,0.844244,0.844244,23.0,588.0,23.0,23.0,0.0,normal_agn_like,Rejected,stage_a_positive=fail;gate_blazar_veto=pass;gate_wise_qc_pass=pass;gate_data_sufficient=fail;gate_state_change_ratio_pass=pass;gate_transient_spike_pass=pass
2001au,2001au,0.243537,OK,116,5275.345941,"W1,W2",14.44311,0.212733,seasonal_median_flux,,2001AU,2001AU,2001AU,2001AU,229.204875,-0.129611,benchmark_master,sn,0.0,dev,True,False,True,True,True,True,True,5.712766,False,0.911972,0.669014,24.0,437.0,24.0,24.0,0.006818,unknown,Rejected,stage_a_positive=fail;gate_blazar_veto=pass;gate_wise_qc_pass=pass;gate_data_sufficient=pass;gate_state_change_ratio_pass=pass;gate_transient_spike_pass=pass
1995I,1995I,0.243525,OK,175,5272.023305,"W1,W2",14.434013,0.048141,seasonal_median_flux,,1995I,1995I,1995I,1995I,200.249375,3.598944,benchmark_master,sn,0.0,test,True,False,True,True,True,True,True,2.213483,False,0.81339,0.673152,15.0,546.0,15.0,15.0,0.0,unknown,Rejected,stage_a_positive=fail;gate_blazar_veto=pass;gate_wise_qc_pass=pass;gate_data_sufficient=pass;gate_state_change_ratio_pass=pass;gate_transient_spike_pass=pass
6111399160366080,6111399160366080,0.242138,OK,179,5096.102798,"W1,W2",13.952369,-0.165306,seasonal_median_flux,,6111399160366080,6111399160366080,6111399160366080,6111399160366080,40.955093,5.417149,benchmark_master,star,0.0,dev,True,False,True,True,True,True,True,3.286624,False,0.909707,0.909707,24.0,530.0,24.0,24.0,0.01487,unknown,Rejected,stage_a_positive=fail;gate_blazar_veto=pass;gate_wise_qc_pass=pass;gate_data_sufficient=pass;gate_state_change_ratio_pass=pass;gate_transient_spike_pass=pass
2000ao,2000ao,0.239964,OK,185,5273.41939,"W1,W2",14.437835,-0.125595,seasonal_median_flux,,2000AO,2000AO,2000AO,2000AO,209.4575,-0.018,benchmark_master,sn,0.0,dev,True,False,True,True,True,True,True,6.393316,False,0.325693,0.142702,18.0,550.0,18.0,18.0,0.0,unknown,Rejected,stage_a_positive=fail;gate_blazar_veto=pass;gate_wise_qc_pass=pass;gate_data_sufficient=pass;gate_state_change_ratio_pass=pass;gate_transient_spike_pass=pass
1998ao,1998ao,0.237939,OK,43,4939.794707,"W1,W2",13.524421,0.06271,seasonal_median_flux,,1998AO,1998AO,1998AO,1998AO,151.81075,-26.393083,benchmark_master,sn,0.0,dev,True,False,True,True,True,True,True,8.79661,False,0.772016,0.173679,21.0,145.0,21.0,21.0,0.006849,unknown,Rejected,stage_a_positive=fail;gate_blazar_veto=pass;gate_wise_qc_pass=pass;gate_data_sufficient=fail;gate_state_change_ratio_pass=pass;gate_transient_spike_pass=pass
6940838949258240,6940838949258240,0.236906,OK,102,5096.119607,"W1,W2",13.952415,0.215153,seasonal_median_flux,,6940838949258240,6940838949258240,6940838949258240,6940838949258240,46.311545,5.909401,benchmark_master,star,0.0,dev,True,False,True,True,True,True,True,3.630986,False,0.963855,0.963855,24.0,476.0,24.0,24.0,0.0,unknown,Rejected,stage_a_positive=fail;gate_blazar_veto=pass;gate_wise_qc_pass=pass;gate_data_sufficient=pass;gate_state_change_ratio_pass=pass;gate_transient_spike_pass=pass
1999gd,1999gd,0.233946,OK,20,3079.816254,"W1,W2",8.432077,0.0,seasonal_median_flux,,1999GD,1999GD,1999GD,1999GD,129.602542,25.759194,benchmark_master,sn,0.0,dev,True,False,True,True,True,True,True,8.493134,False,0.801676,0.288641,16.0,46.0,16.0,16.0,0.0,unknown,Rejected,stage_a_positive=fail;gate_blazar_veto=pass;gate_wise_qc_pass=pass;gate_data_sufficient=fail;gate_state_change_ratio_pass=pass;gate_transient_spike_pass=pass
8781765011889024,8781765011889024,0.232499,OK,47,5095.874863,"W1,W2",13.951745,0.415114,seasonal_median_flux,,8781765011889024,8781765011889024,8781765011889024,8781765011889024,44.607171,8.417928,benchmark_master,star,0.0,dev,True,False,True,True,True,True,True,4.307292,False,0.948941,0.826899,24.0,254.0,24.0,24.0,0.0,unknown,Rejected,stage_a_positive=fail;gate_blazar_veto=pass;gate_wise_qc_pass=pass;gate_data_sufficient=pass;gate_state_change_ratio_pass=pass;gate_transient_spike_pass=pass
000023.94+083348.0,000023.94+083348.0,0.217463,OK,188,5114.050639,"W1,W2",14.001508,0.144268,seasonal_median_flux,,000023.94+083348.0,000023.94+083348.0,000023.94+083348.0,000023.94+083348.0,0.099774,8.563348,benchmark_master,normal_agn,0.0,dev,True,False,True,True,True,True,True,4.352273,False,0.982063,0.41704,24.0,593.0,24.0,24.0,0.001684,normal_agn_like,Rejected,stage_a_positive=fail;gate_blazar_veto=pass;gate_wise_qc_pass=pass;gate_data_sufficient=fail;gate_state_change_ratio_pass=pass;gate_transient_spike_pass=pass
SDSSJ115355.88+112554.2,SDSSJ115355.88+112554.2,0.217091,OK,183,5098.16509,"W1,W2",13.958015,-0.040727,seasonal_median_flux,,SDSSJ115355.88+112554.2,SDSSJ115355.88+112554.2,SDSSJ115355.88+112554.2,SDSSJ115355.88+112554.2,178.48286,11.43171,benchmark_master,clagn,1.0,dev,True,False,True,True,True,True,True,2.690217,False,0.952646,0.774074,24.0,619.0,24.0,24.0,0.001613,unknown,Rejected,stage_a_positive=fail;gate_blazar_veto=pass;gate_wise_qc_pass=pass;gate_data_sufficient=fail;gate_state_change_ratio_pass=pass;gate_transient_spike_pass=pass
5856445606238336,5856445606238336,0.213701,OK,216,5096.096304,"W1,W2",13.952351,0.158041,seasonal_median_flux,,5856445606238336,5856445606238336,5856445606238336,5856445606238336,41.324525,4.83362,benchmark_master,star,0.0,dev,True,False,True,True,True,True,True,3.07413,False,0.963211,0.652174,24.0,555.0,24.0,24.0,0.02972,unknown,Rejected,stage_a_positive=fail;gate_blazar_veto=pass;gate_wise_qc_pass=pass;gate_data_sufficient=pass;gate_state_change_ratio_pass=pass;gate_transient_spike_pass=pass
000108.68+342549.2,000108.68+342549.2,0.21016,OK,124,4914.226646,"W1,W2",13.454419,0.076674,seasonal_median_flux,,000108.68+342549.2,000108.68+342549.2,000108.68+342549.2,000108.68+342549.2,0.286202,34.430337,benchmark_master,normal_agn,0.0,dev,True,False,True,True,True,True,True,3.979275,False,0.576649,0.576649,15.0,413.0,15.0,15.0,0.002415,normal_agn_like,Rejected,stage_a_positive=fail;gate_blazar_veto=pass;gate_wise_qc_pass=pass;gate_data_sufficient=fail;gate_state_change_ratio_pass=pass;gate_transient_spike_pass=pass
1999gq,1999gq,0.205728,OK,51,5097.936272,"W1,W2",13.957389,0.430682,seasonal_median_flux,,1999GQ,1999GQ,1999GQ,1999GQ,188.451333,15.180056,benchmark_master,sn,0.0,test,True,False,True,True,True,True,True,4.799439,False,0.85073,0.517577,23.0,258.0,23.0,23.0,0.007692,unknown,Rejected,stage_a_positive=fail;gate_blazar_veto=pass;gate_wise_qc_pass=pass;gate_data_sufficient=fail;gate_state_change_ratio_pass=pass;gate_transient_spike_pass=pass
000052.48-022635.5,000052.48-022635.5,0.200579,OK,46,5114.060698,"W1,W2",14.001535,0.304909,seasonal_median_flux,,000052.48-022635.5,000052.48-022635.5,000052.48-022635.5,000052.48-022635.5,0.218667,-2.443202,benchmark_master,normal_agn,0.0,dev,True,False,True,True,True,True,True,5.22571,False,0.82729,0.667939,24.0,286.0,24.0,24.0,0.0,normal_agn_like,Rejected,stage_a_positive=fail;gate_blazar_veto=pass;gate_wise_qc_pass=pass;gate_data_sufficient=fail;gate_state_change_ratio_pass=pass;gate_transient_spike_pass=pass
6802059965763456,6802059965763456,0.2,OK,23,4935.892931,"W1,W2",13.513738,0.0,seasonal_median_flux,,6802059965763456,6802059965763456,6802059965763456,6802059965763456,45.608758,5.358642,benchmark_master,star,0.0,dev,True,False,True,True,True,True,True,9.97191,False,0.986111,0.300694,22.0,184.0,22.0,22.0,0.0,unknown,Rejected,stage_a_positive=fail;gate_blazar_veto=pass;gate_wise_qc_pass=pass;gate_data_sufficient=pass;gate_state_change_ratio_pass=pass;gate_transient_spike_pass=pass
000005.39+212944.8,000005.39+212944.8,0.196251,OK,109,4911.130756,"W1,W2",13.445943,0.209114,seasonal_median_flux,,000005.39+212944.8,000005.39+212944.8,000005.39+212944.8,000005.39+212944.8,0.022476,21.495785,benchmark_master,normal_agn,0.0,dev,True,False,True,True,True,True,True,5.835088,False,0.866667,0.211429,22.0,374.0,22.0,22.0,0.0,normal_agn_like,Rejected,stage_a_positive=fail;gate_blazar_veto=pass;gate_wise_qc_pass=pass;gate_data_sufficient=fail;gate_state_change_ratio_pass=pass;gate_transient_spike_pass=pass
3310492072379904,3310492072379904,0.195455,OK,174,5096.321184,"W1,W2",13.952967,0.018817,seasonal_median_flux,,3310492072379904,3310492072379904,3310492072379904,3310492072379904,48.998511,5.230501,benchmark_master,star,0.0,test,True,False,True,True,True,True,True,3.81592,False,0.728155,0.392015,24.0,559.0,24.0,24.0,0.001786,unknown,Rejected,stage_a_positive=fail;gate_blazar_veto=pass;gate_wise_qc_pass=pass;gate_data_sufficient=pass;gate_state_change_ratio_pass=pass;gate_transient_spike_pass=pass
TON 153,TON 153,0.189389,OK,281,5095.662034,"W1,W2",13.951162,0.017442,seasonal_median_flux,,TON 153,TON 153,TON 153,TON 153,199.9843,27.4689,benchmark_master,blazar,0.0,dev,True,False,False,True,True,True,True,6.666667,False,0.766234,0.649351,24.0,777.0,24.0,24.0,0.001285,unknown,Rejected,stage_a_positive=fail;gate_blazar_veto=fail;gate_wise_qc_pass=pass;gate_data_sufficient=fail;gate_state_change_ratio_pass=pass;gate_transient_spike_pass=pass
8155597434951296,8155597434951296,0.187468,OK,77,5096.0171,"W1,W2",13.952134,0.039051,seasonal_median_flux,,8155597434951296,8155597434951296,8155597434951296,8155597434951296,44.245224,7.586565,benchmark_master,star,0.0,test,True,False,True,True,True,True,True,4.195652,False,0.954693,0.440129,24.0,418.0,24.0,24.0,0.0,unknown,Rejected,stage_a_positive=fail;gate_blazar_veto=pass;gate_wise_qc_pass=pass;gate_data_sufficient=pass;gate_state_change_ratio_pass=pass;gate_transient_spike_pass=pass
13464726768753024,13464726768753024,0.186048,OK,175,5099.034389,"W1,W2",13.960395,0.021112,seasonal_median_flux,,13464726768753024,13464726768753024,13464726768753024,13464726768753024,52.905988,11.443434,benchmark_master,star,0.0,dev,True,False,True,True,True,True,True,2.817797,False,0.913669,0.799427,23.0,532.0,23.0,23.0,0.0,unknown,Rejected,stage_a_positive=fail;gate_blazar_veto=pass;gate_wise_qc_pass=pass;gate_data_sufficient=pass;gate_state_change_ratio_pass=pass;gate_transient_spike_pass=pass
000046.17+170047.0,000046.17+170047.0,0.181676,OK,140,5116.361957,"W1,W2",14.007836,0.004597,seasonal_median_flux,,000046.17+170047.0,000046.17+170047.0,000046.17+170047.0,000046.17+170047.0,0.19239,17.01307,benchmark_master,normal_agn,0.0,dev,True,False,True,True,True,True,True,4.629073,False,0.791557,0.779244,22.0,444.0,24.0,22.0,0.055319,normal_agn_like,Rejected,stage_a_positive=fail;gate_blazar_veto=pass;gate_wise_qc_pass=pass;gate_data_sufficient=fail;gate_state_change_ratio_pass=pass;gate_transient_spike_pass=pass
7939161147436672,7939161147436672,0.180763,OK,201,5096.426874,"W1,W2",13.953256,-0.028277,seasonal_median_flux,,7939161147436672,7939161147436672,7939161147436672,7939161147436672,43.754189,6.567792,benchmark_master,star,0.0,dev,True,False,True,True,True,True,True,2.714004,False,0.965333,0.184,24.0,624.0,24.0,24.0,0.0,unknown,Rejected,stage_a_positive=fail;gate_blazar_veto=pass;gate_wise_qc_pass=pass;gate_data_sufficient=pass;gate_state_change_ratio_pass=pass;gate_transient_spike_pass=pass
1960R,1960R,0.179581,OK,58,3443.949597,"W1,W2",9.42902,-0.000561,seasonal_median_flux,,1960R,1960R,1960R,1960R,186.353542,18.155444,benchmark_master,sn,0.0,dev,True,False,True,True,True,True,True,4.332447,False,0.770992,0.564885,22.0,241.0,22.0,22.0,0.004132,unknown,Rejected,stage_a_positive=fail;gate_blazar_veto=pass;gate_wise_qc_pass=pass;gate_data_sufficient=fail;gate_state_change_ratio_pass=pass;gate_transient_spike_pass=pass
000130.31+013749.2,000130.31+013749.2,0.176119,OK,187,5113.87517,"W1,W2",14.001027,-0.033944,seasonal_median_flux,,000130.31+013749.2,000130.31+013749.2,000130.31+013749.2,000130.31+013749.2,0.376303,1.63034,benchmark_master,normal_agn,0.0,dev,True,False,True,True,True,True,True,2.974436,False,0.975,0.635,24.0,559.0,24.0,24.0,0.001786,normal_agn_like,Rejected,stage_a_positive=fail;gate_blazar_veto=pass;gate_wise_qc_pass=pass;gate_data_sufficient=fail;gate_state_change_ratio_pass=pass;gate_transient_spike_pass=pass
000159.89+222409.4,000159.89+222409.4,0.175885,OK,118,4911.244472,"W1,W2",13.446255,0.268903,seasonal_median_flux,,000159.89+222409.4,000159.89+222409.4,000159.89+222409.4,000159.89+222409.4,0.499547,22.402616,benchmark_master,normal_agn,0.0,dev,True,False,True,True,True,True,True,5.273183,False,0.705024,0.47907,23.0,384.0,23.0,23.0,0.0,normal_agn_like,Rejected,stage_a_positive=fail;gate_blazar_veto=pass;gate_wise_qc_pass=pass;gate_data_sufficient=fail;gate_state_change_ratio_pass=pass;gate_transient_spike_pass=pass
7077144031287808,7077144031287808,0.174189,OK,120,5096.414012,"W1,W2",13.953221,-0.053159,seasonal_median_flux,,7077144031287808,7077144031287808,7077144031287808,7077144031287808,44.629947,5.815756,benchmark_master,star,0.0,dev,True,False,True,True,True,True,True,3.864444,False,0.896401,0.376238,24.0,578.0,24.0,24.0,0.0,unknown,Rejected,stage_a_positive=fail;gate_blazar_veto=pass;gate_wise_qc_pass=pass;gate_data_sufficient=pass;gate_state_change_ratio_pass=pass;gate_transient_spike_pass=pass
9792426651349120,9792426651349120,0.172958,OK,159,5098.548721,"W1,W2",13.959066,-0.008663,seasonal_median_flux,,9792426651349120,9792426651349120,9792426651349120,9792426651349120,52.678281,7.150642,benchmark_master,star,0.0,dev,True,False,True,True,True,True,True,3.416667,False,0.97832,0.307692,23.0,610.0,23.0,23.0,0.0,unknown,Rejected,stage_a_positive=fail;gate_blazar_veto=pass;gate_wise_qc_pass=pass;gate_data_sufficient=pass;gate_state_change_ratio_pass=pass;gate_transient_spike_pass=pass
000026.27+022140.8,000026.27+022140.8,0.172643,OK,102,4749.770215,"W1,W2",13.004162,-0.009889,seasonal_median_flux,,000026.27+022140.8,000026.27+022140.8,000026.27+022140.8,000026.27+022140.8,0.109474,2.361353,benchmark_master,normal_agn,0.0,dev,True,False,True,True,True,True,True,8.021505,False,0.720588,0.720588,24.0,378.0,24.0,24.0,0.0,normal_agn_like,Rejected,stage_a_positive=fail;gate_blazar_veto=pass;gate_wise_qc_pass=pass;gate_data_sufficient=fail;gate_state_change_ratio_pass=pass;gate_transient_spike_pass=pass
6766085319816704,6766085319816704,0.17247,OK,211,5096.536512,"W1,W2",13.953556,-0.176074,seasonal_median_flux,,6766085319816704,6766085319816704,6766085319816704,6766085319816704,45.190299,5.04973,benchmark_master,star,0.0,dev,True,False,True,True,True,True,True,3.467692,False,0.957692,0.50219,24.0,667.0,24.0,24.0,0.001497,unknown,Rejected,stage_a_positive=fail;gate_blazar_veto=pass;gate_wise_qc_pass=pass;gate_data_sufficient=pass;gate_state_change_ratio_pass=pass;gate_transient_spike_pass=pass
1998ez,1998ez,0.16687,OK,129,5099.464525,"W1,W2",13.961573,0.037424,seasonal_median_flux,,1998EZ,1998EZ,1998EZ,1998EZ,59.387208,-27.203778,benchmark_master,sn,0.0,dev,True,False,True,True,True,True,True,3.412791,False,0.950769,0.509349,23.0,646.0,23.0,23.0,0.015244,unknown,Rejected,stage_a_positive=fail;gate_blazar_veto=pass;gate_wise_qc_pass=pass;gate_data_sufficient=pass;gate_state_change_ratio_pass=pass;gate_transient_spike_pass=pass
8902505132032384,8902505132032384,0.164532,OK,193,5096.510026,"W1,W2",13.953484,0.062621,seasonal_median_flux,,8902505132032384,8902505132032384,8902505132032384,8902505132032384,45.379217,8.75926,benchmark_master,star,0.0,dev,True,False,True,True,True,True,True,3.319703,False,0.862559,0.427686,24.0,575.0,24.0,24.0,0.001736,unknown,Rejected,stage_a_positive=fail;gate_blazar_veto=pass;gate_wise_qc_pass=pass;gate_data_sufficient=pass;gate_state_change_ratio_pass=pass;gate_transient_spike_pass=pass
5313600395193728,5313600395193728,0.162914,OK,189,5096.556377,"W1,W2",13.953611,0.007075,seasonal_median_flux,,5313600395193728,5313600395193728,5313600395193728,5313600395193728,44.354873,4.856892,benchmark_master,star,0.0,dev,True,False,True,True,True,True,True,4.507937,False,0.731707,0.5,24.0,660.0,24.0,24.0,0.0,unknown,Rejected,stage_a_positive=fail;gate_blazar_veto=pass;gate_wise_qc_pass=pass;gate_data_sufficient=pass;gate_state_change_ratio_pass=pass;gate_transient_spike_pass=pass
6993551083342976,6993551083342976,0.157385,OK,137,5096.526579,"W1,W2",13.953529,-0.356014,seasonal_median_flux,,6993551083342976,6993551083342976,6993551083342976,6993551083342976,45.390475,6.040912,benchmark_master,star,0.0,dev,True,False,True,True,True,True,True,3.176715,False,0.870334,0.461009,24.0,600.0,24.0,24.0,0.003322,unknown,Rejected,stage_a_positive=fail;gate_blazar_veto=pass;gate_wise_qc_pass=pass;gate_data_sufficient=pass;gate_state_change_ratio_pass=pass;gate_transient_spike_pass=pass
6513300724650880,6513300724650880,0.157263,OK,147,5096.470168,"W1,W2",13.953375,-0.108892,seasonal_median_flux,,6513300724650880,6513300724650880,6513300724650880,6513300724650880,41.891626,5.8719,benchmark_master,star,0.0,dev,True,False,True,True,True,True,True,3.694511,False,0.964143,0.964143,24.0,570.0,24.0,24.0,0.006969,unknown,Rejected,stage_a_positive=fail;gate_blazar_veto=pass;gate_wise_qc_pass=pass;gate_data_sufficient=pass;gate_state_change_ratio_pass=pass;gate_transient_spike_pass=pass
1999dt,1999dt,0.156216,OK,123,5116.056862,"W1,W2",14.007,0.227587,seasonal_median_flux,,1999DT,1999DT,1999DT,1999DT,11.426208,0.056167,benchmark_master,sn,0.0,test,True,False,True,True,True,True,True,3.322196,False,0.946853,0.361558,21.0,548.0,21.0,21.0,0.0,unknown,Rejected,stage_a_positive=fail;gate_blazar_veto=pass;gate_wise_qc_pass=pass;gate_data_sufficient=fail;gate_state_change_ratio_pass=pass;gate_transient_spike_pass=pass
10010439191442176,10010439191442176,0.149816,OK,168,5098.75921,"W1,W2",13.959642,-0.022314,seasonal_median_flux,,10010439191442176,10010439191442176,10010439191442176,10010439191442176,51.845959,7.389575,benchmark_master,star,0.0,dev,True,False,True,True,True,True,True,4.896552,False,0.846154,0.5,23.0,640.0,23.0,23.0,0.0,unknown,Rejected,stage_a_positive=fail;gate_blazar_veto=pass;gate_wise_qc_pass=pass;gate_data_sufficient=pass;gate_state_change_ratio_pass=pass;gate_transient_spike_pass=pass
8328117681250688,8328117681250688,0.149356,OK,168,5096.559178,"W1,W2",13.953619,-0.256947,seasonal_median_flux,,8328117681250688,8328117681250688,8328117681250688,8328117681250688,43.424339,7.531741,benchmark_master,star,0.0,test,True,False,True,True,True,True,True,3.426009,False,0.900498,0.583924,24.0,594.0,24.0,24.0,0.0,unknown,Rejected,stage_a_positive=fail;gate_blazar_veto=pass;gate_wise_qc_pass=pass;gate_data_sufficient=pass;gate_state_change_ratio_pass=pass;gate_transient_spike_pass=pass
5714814765676928,5714814765676928,0.14875,OK,52,5095.854616,"W1,W2",13.95169,0.266372,seasonal_median_flux,,5714814765676928,5714814765676928,5714814765676928,5714814765676928,40.517832,4.208954,benchmark_master,star,0.0,dev,True,False,True,True,True,True,True,4.887052,False,0.90106,0.556537,24.0,233.0,24.0,24.0,0.004274,unknown,Rejected,stage_a_positive=fail;gate_blazar_veto=pass;gate_wise_qc_pass=pass;gate_data_sufficient=pass;gate_state_change_ratio_pass=pass;gate_transient_spike_pass=pass
9517651823494656,9517651823494656,0.145512,OK,167,5096.42038,"W1,W2",13.953239,-0.011542,seasonal_median_flux,,9517651823494656,9517651823494656,9517651823494656,9517651823494656,50.077141,6.461067,benchmark_master,star,0.0,test,True,False,True,True,True,True,True,6.875,False,0.864307,0.480826,23.0,573.0,23.0,23.0,0.001742,unknown,Rejected,stage_a_positive=fail;gate_blazar_veto=pass;gate_wise_qc_pass=pass;gate_data_sufficient=pass;gate_state_change_ratio_pass=pass;gate_transient_spike_pass=pass
4952372170242944,4952372170242944,0.141595,OK,91,5096.344486,"W1,W2",13.953031,-0.169383,seasonal_median_flux,,4952372170242944,4952372170242944,4952372170242944,4952372170242944,42.219525,3.916032,benchmark_master,star,0.0,dev,True,False,True,True,True,True,True,2.79564,False,0.883212,0.35905,24.0,404.0,24.0,24.0,0.028846,unknown,Rejected,stage_a_positive=fail;gate_blazar_veto=pass;gate_wise_qc_pass=pass;gate_data_sufficient=pass;gate_state_change_ratio_pass=pass;gate_transient_spike_pass=pass
5920045482070528,5920045482070528,0.141544,OK,192,5096.383961,"W1,W2",13.953139,-0.008765,seasonal_median_flux,,5920045482070528,5920045482070528,5920045482070528,5920045482070528,40.23082,4.367179,benchmark_master,star,0.0,dev,True,False,True,True,True,True,True,4.193424,False,0.915194,0.805654,24.0,572.0,24.0,24.0,0.0,unknown,Rejected,stage_a_positive=fail;gate_blazar_veto=pass;gate_wise_qc_pass=pass;gate_data_sufficient=pass;gate_state_change_ratio_pass=pass;gate_transient_spike_pass=pass
8314820462535424,8314820462535424,0.137377,OK,194,5096.549755,"W1,W2",13.953593,0.129582,seasonal_median_flux,,8314820462535424,8314820462535424,8314820462535424,8314820462535424,43.847882,7.441875,benchmark_master,star,0.0,dev,True,False,True,True,True,True,True,1.934621,False,0.939516,0.939516,24.0,622.0,24.0,24.0,0.0,unknown,Rejected,stage_a_positive=fail;gate_blazar_veto=pass;gate_wise_qc_pass=pass;gate_data_sufficient=pass;gate_state_change_ratio_pass=pass;gate_transient_spike_pass=pass
000030.64-064100.0,000030.64-064100.0,0.132053,OK,193,5114.118378,"W1,W2",14.001693,0.121273,seasonal_median_flux,,000030.64-064100.0,000030.64-064100.0,000030.64-064100.0,000030.64-064100.0,0.127696,-6.683355,benchmark_master,normal_agn,0.0,test,True,False,True,True,True,True,True,2.930851,False,0.633898,0.261017,24.0,586.0,24.0,24.0,0.00678,normal_agn_like,Rejected,stage_a_positive=fail;gate_blazar_veto=pass;gate_wise_qc_pass=pass;gate_data_sufficient=fail;gate_state_change_ratio_pass=pass;gate_transient_spike_pass=pass
3646014917806464,3646014917806464,0.119216,OK,213,5096.500093,"W1,W2",13.953457,0.090629,seasonal_median_flux,,3646014917806464,3646014917806464,3646014917806464,3646014917806464,46.854076,5.025384,benchmark_master,star,0.0,dev,True,False,True,True,True,True,True,6.495775,False,0.941223,0.940954,19.0,319.0,19.0,21.0,0.507716,artifact_like,Rejected,stage_a_positive=fail;gate_blazar_veto=pass;gate_wise_qc_pass=pass;gate_data_sufficient=fail;gate_state_change_ratio_pass=pass;gate_transient_spike_pass=pass
8322340949965312,8322340949965312,0.118461,OK,124,5096.29839,"W1,W2",13.952905,0.14428,seasonal_median_flux,,8322340949965312,8322340949965312,8322340949965312,8322340949965312,43.387464,7.397627,benchmark_master,star,0.0,dev,True,False,True,True,True,True,True,3.178886,False,0.857595,0.55679,24.0,478.0,24.0,24.0,0.0,unknown,Rejected,stage_a_positive=fail;gate_blazar_veto=pass;gate_wise_qc_pass=pass;gate_data_sufficient=pass;gate_state_change_ratio_pass=pass;gate_transient_spike_pass=pass
000057.15+150936.5,000057.15+150936.5,0.115892,OK,85,5112.737794,"W1,W2",13.997913,0.206943,seasonal_median_flux,,000057.15+150936.5,000057.15+150936.5,000057.15+150936.5,000057.15+150936.5,0.238158,15.160148,benchmark_master,normal_agn,0.0,dev,True,False,True,True,True,True,True,4.560209,False,0.913043,0.014431,22.0,469.0,24.0,22.0,0.046748,normal_agn_like,Rejected,stage_a_positive=fail;gate_blazar_veto=pass;gate_wise_qc_pass=pass;gate_data_sufficient=fail;gate_state_change_ratio_pass=pass;gate_transient_spike_pass=pass
11271506013429504,11271506013429504,0.112911,OK,145,5099.170004,"W1,W2",13.960767,0.000615,seasonal_median_flux,,11271506013429504,11271506013429504,11271506013429504,11271506013429504,53.651932,7.491436,benchmark_master,star,0.0,test,True,False,True,True,True,True,True,6.538462,False,0.666048,0.1417,23.0,580.0,23.0,23.0,0.0,unknown,Rejected,stage_a_positive=fail;gate_blazar_veto=pass;gate_wise_qc_pass=pass;gate_data_sufficient=pass;gate_state_change_ratio_pass=pass;gate_transient_spike_pass=pass
1999dz,1999dz,0.111602,OK,191,5299.971184,"W1,W2",14.51053,0.025718,seasonal_median_flux,,1999DZ,1999DZ,1999DZ,1999DZ,24.2635,0.03275,benchmark_master,sn,0.0,dev,True,False,True,True,True,True,True,8.230964,False,0.273196,0.19244,18.0,602.0,18.0,18.0,0.0,unknown,Rejected,stage_a_positive=fail;gate_blazar_veto=pass;gate_wise_qc_pass=pass;gate_data_sufficient=pass;gate_state_change_ratio_pass=pass;gate_transient_spike_pass=pass
1999dp,1999dp,0.108797,OK,222,3275.669148,"W1,W2",8.968293,-0.022115,seasonal_median_flux,,1999DP,1999DP,1999DP,1999DP,67.319417,69.5335,benchmark_master,sn,0.0,dev,True,False,True,True,True,True,True,3.213483,False,0.869281,0.43299,21.0,533.0,21.0,21.0,0.169782,unknown,Rejected,stage_a_positive=fail;gate_blazar_veto=pass;gate_wise_qc_pass=pass;gate_data_sufficient=fail;gate_state_change_ratio_pass=pass;gate_transient_spike_pass=pass
6827348733385856,6827348733385856,0.107984,OK,196,5096.549755,"W1,W2",13.953593,0.085468,seasonal_median_flux,,6827348733385856,6827348733385856,6827348733385856,6827348733385856,44.596299,5.179078,benchmark_master,star,0.0,dev,True,False,True,True,True,True,True,2.722955,False,0.900794,0.658683,24.0,613.0,24.0,24.0,0.001629,unknown,Rejected,stage_a_positive=fail;gate_blazar_veto=pass;gate_wise_qc_pass=pass;gate_data_sufficient=pass;gate_state_change_ratio_pass=pass;gate_transient_spike_pass=pass
000151.24+084413.3,000151.24+084413.3,0.105011,OK,179,5114.037271,"W1,W2",14.001471,0.044476,seasonal_median_flux,,000151.24+084413.3,000151.24+084413.3,000151.24+084413.3,000151.24+084413.3,0.463532,8.737029,benchmark_master,normal_agn,0.0,dev,True,False,True,True,True,True,True,3.317073,False,0.952174,0.952174,24.0,574.0,24.0,24.0,0.0,normal_agn_like,Rejected,stage_a_positive=fail;gate_blazar_veto=pass;gate_wise_qc_pass=pass;gate_data_sufficient=fail;gate_state_change_ratio_pass=pass;gate_transient_spike_pass=pass
SDSSJJ080138.67+423354.1,SDSSJ080138.67+423354.1,0.100068,OK,187,5098.721881,"W1,W2",13.95954,0.047342,seasonal_median_flux,,SDSSJ080138.67+423354.1,SDSSJ080138.67+423354.1,SDSSJ080138.67+423354.1,SDSSJ080138.67+423354.1,120.41114,42.565039,benchmark_master,clagn,1.0,test,True,False,True,True,True,True,True,2.834313,False,0.893617,0.684358,22.0,485.0,22.0,22.0,0.022177,unknown,Rejected,stage_a_positive=fail;gate_blazar_veto=pass;gate_wise_qc_pass=pass;gate_data_sufficient=pass;gate_state_change_ratio_pass=pass;gate_transient_spike_pass=pass
1989ae,1989ae,0.096773,OK,238,5101.188174,"W1,W2",13.966292,-0.105149,seasonal_median_flux,,1989AE,1989AE,1989AE,1989AE,33.670958,43.357639,benchmark_master,sn,0.0,dev,True,False,True,True,True,True,True,3.225434,False,0.952,0.952,24.0,668.0,24.0,24.0,0.002985,unknown,Rejected,stage_a_positive=fail;gate_blazar_veto=pass;gate_wise_qc_pass=pass;gate_data_sufficient=pass;gate_state_change_ratio_pass=pass;gate_transient_spike_pass=pass
7627655759471360,7627655759471360,0.088411,OK,173,5096.126228,"W1,W2",13.952433,-0.054797,seasonal_median_flux,,7627655759471360,7627655759471360,7627655759471360,7627655759471360,45.623852,6.959215,benchmark_master,star,0.0,dev,True,False,True,True,True,True,True,3.378788,False,0.977654,0.977654,24.0,588.0,24.0,24.0,0.0,unknown,Rejected,stage_a_positive=fail;gate_blazar_veto=pass;gate_wise_qc_pass=pass;gate_data_sufficient=pass;gate_state_change_ratio_pass=pass;gate_transient_spike_pass=pass
7017568540477440,7017568540477440,0.087733,OK,176,5096.384343,"W1,W2",13.95314,-0.039927,seasonal_median_flux,,7017568540477440,7017568540477440,7017568540477440,7017568540477440,45.862899,6.330593,benchmark_master,star,0.0,test,True,False,True,True,True,True,True,2.410714,False,0.768997,0.237179,24.0,624.0,24.0,24.0,0.0,unknown,Rejected,stage_a_positive=fail;gate_blazar_veto=pass;gate_wise_qc_pass=pass;gate_data_sufficient=pass;gate_state_change_ratio_pass=pass;gate_transient_spike_pass=pass
3555442647201408,3555442647201408,0.083736,OK,185,5096.490161,"W1,W2",13.95343,-0.222672,seasonal_median_flux,,3555442647201408,3555442647201408,3555442647201408,3555442647201408,47.497458,4.588846,benchmark_master,star,0.0,test,True,False,True,True,True,True,True,2.951586,False,0.936768,0.840749,24.0,570.0,24.0,24.0,0.0,unknown,Rejected,stage_a_positive=fail;gate_blazar_veto=pass;gate_wise_qc_pass=pass;gate_data_sufficient=pass;gate_state_change_ratio_pass=pass;gate_transient_spike_pass=pass
13107003236999040,13107003236999040,0.077732,OK,164,5099.146447,"W1,W2",13.960702,0.026983,seasonal_median_flux,,13107003236999040,13107003236999040,13107003236999040,13107003236999040,53.990381,10.417208,benchmark_master,star,0.0,dev,True,False,True,True,True,True,True,3.102941,False,0.993834,0.083981,23.0,522.0,23.0,23.0,0.003817,unknown,Rejected,stage_a_positive=fail;gate_blazar_veto=pass;gate_wise_qc_pass=pass;gate_data_sufficient=pass;gate_state_change_ratio_pass=pass;gate_transient_spike_pass=pass
6288970288166784,6288970288166784,0.077719,OK,120,5096.016972,"W1,W2",13.952134,-0.011204,seasonal_median_flux,,6288970288166784,6288970288166784,6288970288166784,6288970288166784,41.654364,5.49395,benchmark_master,star,0.0,test,True,False,True,True,True,False,False,,True,,,0.0,64.0,3.0,3.0,0.135135,sn_like,Rejected,stage_a_positive=fail;gate_blazar_veto=pass;gate_wise_qc_pass=pass;gate_data_sufficient=fail;gate_state_change_ratio_pass=fail;gate_transient_spike_pass=fail
3885330495346688,3885330495346688,0.077267,OK,182,5096.513336,"W1,W2",13.953493,0.008166,seasonal_median_flux,,3885330495346688,3885330495346688,3885330495346688,3885330495346688,46.151896,5.417226,benchmark_master,star,0.0,dev,True,False,True,True,True,True,True,3.434312,False,0.905882,0.905882,24.0,586.0,24.0,24.0,0.0,unknown,Rejected,stage_a_positive=fail;gate_blazar_veto=pass;gate_wise_qc_pass=pass;gate_data_sufficient=pass;gate_state_change_ratio_pass=pass;gate_transient_spike_pass=pass
000055.85+200708.9,000055.85+200708.9,0.074108,OK,181,5116.955481,"W1,W2",14.009461,0.196043,seasonal_median_flux,,000055.85+200708.9,000055.85+200708.9,000055.85+200708.9,000055.85+200708.9,0.232714,20.119151,benchmark_master,normal_agn,0.0,dev,True,False,True,True,True,True,True,3.370558,False,0.876333,0.316052,23.0,568.0,23.0,23.0,0.0,normal_agn_like,Rejected,stage_a_positive=fail;gate_blazar_veto=pass;gate_wise_qc_pass=pass;gate_data_sufficient=fail;gate_state_change_ratio_pass=pass;gate_transient_spike_pass=pass
000123.61-032317.9,000123.61-032317.9,0.068289,OK,73,4911.998151,"W1,W2",13.448318,-0.140707,seasonal_median_flux,,000123.61-032317.9,000123.61-032317.9,000123.61-032317.9,000123.61-032317.9,0.34839,-3.388329,benchmark_master,normal_agn,0.0,test,True,False,True,True,True,True,True,11.931818,False,0.660735,0.261367,24.0,276.0,24.0,24.0,0.0,normal_agn_like,Rejected,stage_a_positive=fail;gate_blazar_veto=pass;gate_wise_qc_pass=pass;gate_data_sufficient=fail;gate_state_change_ratio_pass=pass;gate_transient_spike_pass=pass
000132.22+135258.3,000132.22+135258.3,0.065752,OK,221,5113.458779,"W1,W2",13.999887,0.039932,seasonal_median_flux,,000132.22+135258.3,000132.22+135258.3,000132.22+135258.3,000132.22+135258.3,0.384262,13.882887,benchmark_master,normal_agn,0.0,dev,True,False,True,True,True,True,True,3.84493,False,0.776406,0.269945,24.0,692.0,24.0,24.0,0.0,normal_agn_like,Rejected,stage_a_positive=fail;gate_blazar_veto=pass;gate_wise_qc_pass=pass;gate_data_sufficient=fail;gate_state_change_ratio_pass=pass;gate_transient_spike_pass=pass
9159172377805696,9159172377805696,0.063539,OK,193,5099.227422,"W1,W2",13.960924,0.078654,seasonal_median_flux,,9159172377805696,9159172377805696,9159172377805696,9159172377805696,51.617858,5.653427,benchmark_master,star,0.0,dev,True,False,True,True,True,True,True,2.324468,False,0.891775,0.614719,23.0,602.0,23.0,23.0,0.0,unknown,Rejected,stage_a_positive=fail;gate_blazar_veto=pass;gate_wise_qc_pass=pass;gate_data_sufficient=pass;gate_state_change_ratio_pass=pass;gate_transient_spike_pass=pass
1995T,1995T,0.062661,OK,190,5114.003975,"W1,W2",14.00138,-0.019856,seasonal_median_flux,,1995T,1995T,1995T,1995T,336.801708,-9.495667,benchmark_master,sn,0.0,dev,True,False,True,True,True,True,True,2.584615,False,0.882353,0.882353,23.0,598.0,23.0,23.0,0.003333,unknown,Rejected,stage_a_positive=fail;gate_blazar_veto=pass;gate_wise_qc_pass=pass;gate_data_sufficient=fail;gate_state_change_ratio_pass=pass;gate_transient_spike_pass=pass
000116.62+195153.3,000116.62+195153.3,0.060973,OK,26,4184.948942,"W1,W2",11.457766,0.030971,seasonal_median_flux,,000116.62+195153.3,000116.62+195153.3,000116.62+195153.3,000116.62+195153.3,0.319255,19.864815,benchmark_master,normal_agn,0.0,dev,True,False,True,True,True,True,True,10.019355,False,0.985921,0.530964,21.0,166.0,21.0,21.0,0.0,normal_agn_like,Rejected,stage_a_positive=fail;gate_blazar_veto=pass;gate_wise_qc_pass=pass;gate_data_sufficient=fail;gate_state_change_ratio_pass=pass;gate_transient_spike_pass=pass
B2,B2,0.060473,OK,220,5098.470824,"W1,W2",13.958852,-0.002645,seasonal_median_flux,,B2,B2,B2,B2,187.104,31.4771,benchmark_master,blazar,0.0,dev,True,False,False,True,True,True,True,3.811765,False,0.705882,0.07767,24.0,732.0,24.0,24.0,0.002725,unknown,Rejected,stage_a_positive=fail;gate_blazar_veto=fail;gate_wise_qc_pass=pass;gate_data_sufficient=fail;gate_state_change_ratio_pass=pass;gate_transient_spike_pass=pass
10762260330928128,10762260330928128,0.058494,OK,178,5099.230732,"W1,W2",13.960933,0.034545,seasonal_median_flux,,10762260330928128,10762260330928128,10762260330928128,10762260330928128,50.906189,7.910208,benchmark_master,star,0.0,dev,True,False,True,True,True,True,True,3.710884,False,0.92299,0.420159,23.0,580.0,23.0,23.0,0.0,unknown,Rejected,stage_a_positive=fail;gate_blazar_veto=pass;gate_wise_qc_pass=pass;gate_data_sufficient=pass;gate_state_change_ratio_pass=pass;gate_transient_spike_pass=pass
11997565941688192,11997565941688192,0.056215,OK,192,5098.983832,"W1,W2",13.960257,0.00287,seasonal_median_flux,,11997565941688192,11997565941688192,11997565941688192,11997565941688192,55.565118,9.568451,benchmark_master,star,0.0,dev,True,False,True,True,True,True,True,2.677966,False,0.939024,0.432927,23.0,584.0,23.0,23.0,0.010169,unknown,Rejected,stage_a_positive=fail;gate_blazar_veto=pass;gate_wise_qc_pass=pass;gate_data_sufficient=pass;gate_state_change_ratio_pass=pass;gate_transient_spike_pass=pass
8578802037330816,8578802037330816,0.051002,OK,172,5096.519957,"W1,W2",13.953511,-0.012263,seasonal_median_flux,,8578802037330816,8578802037330816,8578802037330816,8578802037330816,45.081897,8.208516,benchmark_master,star,0.0,dev,True,False,True,True,True,True,True,3.23301,False,0.807377,0.143443,24.0,610.0,24.0,24.0,0.0,unknown,Rejected,stage_a_positive=fail;gate_blazar_veto=pass;gate_wise_qc_pass=pass;gate_data_sufficient=pass;gate_state_change_ratio_pass=pass;gate_transient_spike_pass=pass
HS,HS,0.042873,OK,872,5275.576851,"W1,W2",14.443742,-0.002441,seasonal_median_flux,,HS,HS,HS,HS,255.2517,64.2025,benchmark_master,blazar,0.0,dev,True,False,False,True,True,True,True,2.303571,False,0.90303,0.684848,19.0,2601.0,19.0,19.0,0.000384,unknown,Rejected,stage_a_positive=fail;gate_blazar_veto=fail;gate_wise_qc_pass=pass;gate_data_sufficient=pass;gate_state_change_ratio_pass=pass;gate_transient_spike_pass=pass
000206.48+284933.5,000206.48+284933.5,0.035278,OK,228,5116.425642,"W1,W2",14.00801,0.01324,seasonal_median_flux,,000206.48+284933.5,000206.48+284933.5,000206.48+284933.5,000206.48+284933.5,0.527003,28.825991,benchmark_master,normal_agn,0.0,dev,True,False,True,True,True,True,True,3.40339,False,0.801325,0.125828,14.0,584.0,14.0,14.0,0.013514,normal_agn_like,Rejected,stage_a_positive=fail;gate_blazar_veto=pass;gate_wise_qc_pass=pass;gate_data_sufficient=fail;gate_state_change_ratio_pass=pass;gate_transient_spike_pass=pass
000000.57+055630.8,000000.57+055630.8,,TOO_FEW_POINTS,10,4749.163453,W1_only,13.002501,,,Only 10 epochs (need 20),000000.57+055630.8,000000.57+055630.8,000000.57+055630.8,000000.57+055630.8,0.002375,5.941903,benchmark_master,normal_agn,0.0,dev,True,False,True,,,,,,,,,,,,,,unknown,Rejected,stage_a_only
000000.66+145828.8,000000.66+145828.8,,TOO_FEW_POINTS,13,3814.820364,"W1,W2",10.444409,,,Only 13 epochs (need 20),000000.66+145828.8,000000.66+145828.8,000000.66+145828.8,000000.66+145828.8,0.002756,14.974675,benchmark_master,normal_agn,0.0,dev,True,False,True,,,,,,,,,,,,,,unknown,Rejected,stage_a_only
000012.59-014216.7,000012.59-014216.7,,TOO_FEW_POINTS,9,4017.577912,"W1,W2",10.999529,,,Only 9 epochs (need 20),000012.59-014216.7,000012.59-014216.7,000012.59-014216.7,000012.59-014216.7,0.052493,-1.704643,benchmark_master,normal_agn,0.0,dev,True,False,True,,,,,,,,,,,,,,unknown,Rejected,stage_a_only
000018.12+013637.1,000018.12+013637.1,,TOO_FEW_POINTS,0,0.0,none,0.0,,,Only 4 valid W1 flux measurements,000018.12+013637.1,000018.12+013637.1,000018.12+013637.1,000018.12+013637.1,0.075536,1.610323,benchmark_master,normal_agn,0.0,dev,True,False,True,,,,,,,,,,,,,,unknown,Rejected,stage_a_only
000020.66+312202.7,000020.66+312202.7,,TOO_FEW_POINTS,6,3105.354965,"W1,W2",8.501999,,,Only 6 epochs (need 20),000020.66+312202.7,000020.66+312202.7,000020.66+312202.7,000020.66+312202.7,0.086095,31.367437,benchmark_master,normal_agn,0.0,test,True,False,True,,,,,,,,,,,,,,unknown,Rejected,stage_a_only
000026.31+242016.5,000026.31+242016.5,,TOO_FEW_POINTS,28,4385.465557,"W1,W2",12.00675,,,Only 3 post-gap epochs (need 5); NEOWISE-R data missing or insufficient,000026.31+242016.5,000026.31+242016.5,000026.31+242016.5,000026.31+242016.5,0.109649,24.337926,benchmark_master,normal_agn,0.0,dev,True,False,True,,,,,,,,,,,,,,unknown,Rejected,stage_a_only
000038.16+020144.5,000038.16+020144.5,,TOO_FEW_POINTS,16,4911.307731,"W1,W2",13.446428,,,Only 16 epochs (need 20),000038.16+020144.5,000038.16+020144.5,000038.16+020144.5,000038.16+020144.5,0.159019,2.029049,benchmark_master,normal_agn,0.0,dev,True,False,True,,,,,,,,,,,,,,unknown,Rejected,stage_a_only
000038.85+054847.7,000038.85+054847.7,,TOO_FEW_POINTS,12,5113.557077,"W1,W2",14.000156,,,Only 12 epochs (need 20),000038.85+054847.7,000038.85+054847.7,000038.85+054847.7,000038.85+054847.7,0.161906,5.81327,benchmark_master,normal_agn,0.0,dev,True,False,True,,,,,,,,,,,,,,unknown,Rejected,stage_a_only
000045.05+011127.8,000045.05+011127.8,,TOO_FEW_POINTS,17,4179.87335,"W1,W2",11.44387,,,Only 17 epochs (need 20),000045.05+011127.8,000045.05+011127.8,000045.05+011127.8,000045.05+011127.8,0.187711,1.19106,benchmark_master,normal_agn,0.0,dev,True,False,True,,,,,,,,,,,,,,unknown,Rejected,stage_a_only
000048.01+333926.9,000048.01+333926.9,,TOO_FEW_POINTS,15,5113.512291,"W1,W2",14.000034,,,Only 15 epochs (need 20),000048.01+333926.9,000048.01+333926.9,000048.01+333926.9,000048.01+333926.9,0.200054,33.657498,benchmark_master,normal_agn,0.0,test,True,False,True,,,,,,,,,,,,,,unknown,Rejected,stage_a_only
000059.58+295642.5,000059.58+295642.5,,TOO_FEW_POINTS,0,0.0,none,0.0,,,Only 3 valid W1 flux measurements,000059.58+295642.5,000059.58+295642.5,000059.58+295642.5,000059.58+295642.5,0.248268,29.945145,benchmark_master,normal_agn,0.0,test,True,False,True,,,,,,,,,,,,,,unknown,Rejected,stage_a_only
000105.87+005341.7,000105.87+005341.7,,TOO_FEW_POINTS,5,4179.735317,W1_only,11.443492,,,Only 5 epochs (need 20),000105.87+005341.7,000105.87+005341.7,000105.87+005341.7,000105.87+005341.7,0.274486,0.894933,benchmark_master,normal_agn,0.0,dev,True,False,True,,,,,,,,,,,,,,unknown,Rejected,stage_a_only
000106.87+023845.9,000106.87+023845.9,,TOO_FEW_POINTS,10,4384.269078,"W1,W2",12.003475,,,Only 10 epochs (need 20),000106.87+023845.9,000106.87+023845.9,000106.87+023845.9,000106.87+023845.9,0.278661,2.64611,benchmark_master,normal_agn,0.0,dev,True,False,True,,,,,,,,,,,,,,unknown,Rejected,stage_a_only
000107.94+064643.7,000107.94+064643.7,,TOO_FEW_POINTS,65,4911.127299,"W1,W2",13.445934,,,Only 3 pre-gap epochs (need 5); AllWISE data missing or insufficient,000107.94+064643.7,000107.94+064643.7,000107.94+064643.7,000107.94+064643.7,0.283084,6.778813,benchmark_master,normal_agn,0.0,dev,True,False,True,,,,,,,,,,,,,,unknown,Rejected,stage_a_only
000124.72+334159.1,000124.72+334159.1,,TOO_FEW_POINTS,0,0.0,none,0.0,,,Only 4 valid W1 flux measurements,000124.72+334159.1,000124.72+334159.1,000124.72+334159.1,000124.72+334159.1,0.353006,33.699753,benchmark_master,normal_agn,0.0,dev,True,False,True,,,,,,,,,,,,,,unknown,Rejected,stage_a_only
000127.46+071911.5,000127.46+071911.5,,TOO_FEW_POINTS,0,0.0,none,0.0,,,Only 4 valid W1 flux measurements,000127.46+071911.5,000127.46+071911.5,000127.46+071911.5,000127.46+071911.5,0.364454,7.319876,benchmark_master,normal_agn,0.0,dev,True,False,True,,,,,,,,,,,,,,unknown,Rejected,stage_a_only
000130.25+053321.5,000130.25+053321.5,,TOO_FEW_POINTS,6,3268.93974,"W1,W2",8.949869,,,Only 6 epochs (need 20),000130.25+053321.5,000130.25+053321.5,000130.25+053321.5,000130.25+053321.5,0.376044,5.555976,benchmark_master,normal_agn,0.0,test,True,False,True,,,,,,,,,,,,,,unknown,Rejected,stage_a_only
000130.57+130847.3,000130.57+130847.3,,TOO_FEW_POINTS,0,0.0,none,0.0,,,Only 1 valid W1 flux measurements,000130.57+130847.3,000130.57+130847.3,000130.57+130847.3,000130.57+130847.3,0.377384,13.146475,benchmark_master,normal_agn,0.0,test,True,False,True,,,,,,,,,,,,,,unknown,Rejected,stage_a_only
000139.32+331947.9,000139.32+331947.9,,TOO_FEW_POINTS,11,3812.089766,"W1,W2",10.436933,,,Only 11 epochs (need 20),000139.32+331947.9,000139.32+331947.9,000139.32+331947.9,000139.32+331947.9,0.413862,33.329993,benchmark_master,normal_agn,0.0,test,True,False,True,,,,,,,,,,,,,,unknown,Rejected,stage_a_only
000155.79+102106.7,000155.79+102106.7,,TOO_FEW_POINTS,34,4910.317564,"W1,W2",13.443717,,,Only 3 pre-gap epochs (need 5); AllWISE data missing or insufficient,000155.79+102106.7,000155.79+102106.7,000155.79+102106.7,000155.79+102106.7,0.482487,10.351878,benchmark_master,normal_agn,0.0,dev,True,False,True,,,,,,,,,,,,,,unknown,Rejected,stage_a_only
000159.76+292622.0,000159.76+292622.0,,TOO_FEW_POINTS,18,4907.747549,"W1,W2",13.43668,,,Only 18 epochs (need 20),000159.76+292622.0,000159.76+292622.0,000159.76+292622.0,000159.76+292622.0,0.499007,29.439468,benchmark_master,normal_agn,0.0,test,True,False,True,,,,,,,,,,,,,,unknown,Rejected,stage_a_only
000200.07+291810.7,000200.07+291810.7,,TOO_FEW_POINTS,10,4908.330248,"W1,W2",13.438276,,,Only 10 epochs (need 20),000200.07+291810.7,000200.07+291810.7,000200.07+291810.7,000200.07+291810.7,0.500312,29.302984,benchmark_master,normal_agn,0.0,test,True,False,True,,,,,,,,,,,,,,unknown,Rejected,stage_a_only
000202.42+330824.3,000202.42+330824.3,,TOO_FEW_POINTS,13,4907.775825,"W1,W2",13.436758,,,Only 13 epochs (need 20),000202.42+330824.3,000202.42+330824.3,000202.42+330824.3,000202.42+330824.3,0.510118,33.140102,benchmark_master,normal_agn,0.0,dev,True,False,True,,,,,,,,,,,,,,unknown,Rejected,stage_a_only
000203.62+183121.9,000203.62+183121.9,,TOO_FEW_POINTS,11,4910.817758,"W1,W2",13.445086,,,Only 11 epochs (need 20),000203.62+183121.9,000203.62+183121.9,000203.62+183121.9,000203.62+183121.9,0.515092,18.522753,benchmark_master,normal_agn,0.0,dev,True,False,True,,,,,,,,,,,,,,unknown,Rejected,stage_a_only
000204.72-001755.0,000204.72-001755.0,,TOO_FEW_POINTS,17,2178.734336,"W1,W2",5.96505,,,Only 17 epochs (need 20),000204.72-001755.0,000204.72-001755.0,000204.72-001755.0,000204.72-001755.0,0.519667,-0.298611,benchmark_master,normal_agn,0.0,dev,True,False,True,,,,,,,,,,,,,,unknown,Rejected,stage_a_only
10035624879191040,10035624879191040,,TOO_FEW_POINTS,30,5094.800523,"W1,W2",13.948804,,,Only 4 pre-gap epochs (need 5); AllWISE data missing or insufficient,10035624879191040,10035624879191040,10035624879191040,10035624879191040,52.311314,7.717654,benchmark_master,star,0.0,dev,True,False,True,,,,,,,,,,,,,,unknown,Rejected,stage_a_only
12428467123880448,12428467123880448,,TOO_FEW_POINTS,0,0.0,none,0.0,,,Only 4 valid W1 flux measurements,12428467123880448,12428467123880448,12428467123880448,12428467123880448,52.406246,8.937496,benchmark_master,star,0.0,dev,True,False,True,,,,,,,,,,,,,,unknown,Rejected,stage_a_only
1961N,1961N,,TOO_FEW_POINTS,16,180.271358,"W1,W2",0.493556,,,Only 16 epochs (need 20),1961N,1961N,1961N,1961N,354.661833,27.009417,benchmark_master,sn,0.0,dev,True,False,True,,,,,,,,,,,,,,unknown,Rejected,stage_a_only
1961Q,1961Q,,TOO_FEW_POINTS,0,0.0,none,0.0,,,Only 0 valid W1 flux measurements,1961Q,1961Q,1961Q,1961Q,21.6725,2.025528,benchmark_master,sn,0.0,dev,True,False,True,,,,,,,,,,,,,,unknown,Rejected,stage_a_only
1962E,1962E,,TOO_FEW_POINTS,29,4208.613582,"W1,W2",11.522556,,,Only 4 post-gap epochs (need 5); NEOWISE-R data missing or insufficient,1962E,1962E,1962E,1962E,168.773042,25.892139,benchmark_master,sn,0.0,dev,True,False,True,,,,,,,,,,,,,,unknown,Rejected,stage_a_only
1971G,1971G,,TOO_FEW_POINTS,0,0.0,none,0.0,,,Only 4 valid W1 flux measurements,1971G,1971G,1971G,1971G,183.05,13.237778,benchmark_master,sn,0.0,dev,True,False,True,,,,,,,,,,,,,,unknown,Rejected,stage_a_only
1986E,1986E,,TOO_FEW_POINTS,21,196.990419,"W1,W2",0.53933,,,Baseline 0.5 yr < 7.0 yr,1986E,1986E,1986E,1986E,185.421708,14.63195,benchmark_master,sn,0.0,dev,True,False,True,,,,,,,,,,,,,,unknown,Rejected,stage_a_only
1987B,1987B,,TOO_FEW_POINTS,16,4730.832349,W1_only,12.952313,,,Only 16 epochs (need 20),1987B,1987B,1987B,1987B,226.762375,1.503664,benchmark_master,sn,0.0,dev,True,False,True,,,,,,,,,,,,,,unknown,Rejected,stage_a_only
1988ai,1988ai,,TOO_FEW_POINTS,0,0.0,none,0.0,,,Only 1 valid W1 flux measurements,1988AI,1988AI,1988AI,1988AI,1.590583,-41.483306,benchmark_master,sn,0.0,dev,True,False,True,,,,,,,,,,,,,,unknown,Rejected,stage_a_only
1990Q,1990Q,,NO_DATA,0,0.0,none,0.0,,,No data returned from IRSA queries or failed all QA filters,1990Q,1990Q,1990Q,1990Q,230.388292,-7.374086,benchmark_master,sn,0.0,dev,True,False,True,,,,,,,,,,,,,,unknown,Rejected,stage_a_only
1991D,1991D,,TOO_FEW_POINTS,0,0.0,none,0.0,,,Only 1 valid W1 flux measurements,1991D,1991D,1991D,1991D,205.306667,-14.646389,benchmark_master,sn,0.0,dev,True,False,True,,,,,,,,,,,,,,unknown,Rejected,stage_a_only
1992bk,1992bk,,TOO_FEW_POINTS,0,0.0,none,0.0,,,Only 1 valid W1 flux measurements,1992BK,1992BK,1992BK,1992BK,55.757917,-53.632444,benchmark_master,sn,0.0,test,True,False,True,,,,,,,,,,,,,,unknown,Rejected,stage_a_only
1993G,1993G,,TOO_FEW_POINTS,0,0.0,none,0.0,,,Only 1 valid W1 flux measurements,1993G,1993G,1993G,1993G,172.139042,58.558603,benchmark_master,sn,0.0,dev,True,False,True,,,,,,,,,,,,,,unknown,Rejected,stage_a_only
1994G,1994G,,TOO_FEW_POINTS,0,0.0,none,0.0,,,Only 4 valid W1 flux measurements,1994G,1994G,1994G,1994G,154.861167,50.872056,benchmark_master,sn,0.0,dev,True,False,True,,,,,,,,,,,,,,unknown,Rejected,stage_a_only
1994I,1994I,,TOO_FEW_POINTS,0,0.0,none,0.0,,,Only 0 valid W1 flux measurements,1994I,1994I,1994I,1994I,202.4753,47.191806,benchmark_master,sn,0.0,dev,True,False,True,,,,,,,,,,,,,,unknown,Rejected,stage_a_only
1995bc,1995bc,,TOO_FEW_POINTS,5,2749.479662,"W1,W2",7.527665,,,Only 5 epochs (need 20),1995BC,1995BC,1995BC,1995BC,147.93125,40.314056,benchmark_master,sn,0.0,dev,True,False,True,,,,,,,,,,,,,,unknown,Rejected,stage_a_only
1996bn,1996bn,,TOO_FEW_POINTS,35,198.398424,"W1,W2",0.543185,,,Baseline 0.5 yr < 7.0 yr,1996BN,1996BN,1996BN,1996BN,93.954083,64.429111,benchmark_master,sn,0.0,dev,True,False,True,,,,,,,,,,,,,,unknown,Rejected,stage_a_only
1997K,1997K,,TOO_FEW_POINTS,0,0.0,none,0.0,,,Only 1 valid W1 flux measurements,1997K,1997K,1997K,1997K,118.729542,4.317028,benchmark_master,sn,0.0,dev,True,False,True,,,,,,,,,,,,,,unknown,Rejected,stage_a_only
1997Q,1997Q,,TOO_FEW_POINTS,0,0.0,none,0.0,,,Only 0 valid W1 flux measurements,1997Q,1997Q,1997Q,1997Q,164.2145,-3.976917,benchmark_master,sn,0.0,dev,True,False,True,,,,,,,,,,,,,,unknown,Rejected,stage_a_only
1997S,1997S,,TOO_FEW_POINTS,0,0.0,none,0.0,,,Only 1 valid W1 flux measurements,1997S,1997S,1997S,1997S,164.464958,-3.763028,benchmark_master,sn,0.0,dev,True,False,True,,,,,,,,,,,,,,unknown,Rejected,stage_a_only
1997bm,1997bm,,TOO_FEW_POINTS,5,2032.94888,"W1,W2",5.565911,,,Only 5 epochs (need 20),1997BM,1997BM,1997BM,1997BM,173.238042,50.245444,benchmark_master,sn,0.0,dev,True,False,True,,,,,,,,,,,,,,unknown,Rejected,stage_a_only
1997bx,1997bx,,TOO_FEW_POINTS,14,4935.172549,"W1,W2",13.511766,,,Only 14 epochs (need 20),1997BX,1997BX,1997BX,1997BX,186.299167,0.081778,benchmark_master,sn,0.0,dev,True,False,True,,,,,,,,,,,,,,unknown,Rejected,stage_a_only
1997cc,1997cc,,TOO_FEW_POINTS,9,3081.790203,W1_only,8.437482,,,Only 9 epochs (need 20),1997CC,1997CC,1997CC,1997CC,214.139958,52.393806,benchmark_master,sn,0.0,dev,True,False,True,,,,,,,,,,,,,,unknown,Rejected,stage_a_only
1997ch,1997ch,,TOO_FEW_POINTS,0,0.0,none,0.0,,,Only 2 valid W1 flux measurements,1997CH,1997CH,1997CH,1997CH,189.3705,62.111889,benchmark_master,sn,0.0,dev,True,False,True,,,,,,,,,,,,,,unknown,Rejected,stage_a_only
1998L,1998L,,TOO_FEW_POINTS,0,0.0,none,0.0,,,Only 1 valid W1 flux measurements,1998L,1998L,1998L,1998L,173.402625,4.584611,benchmark_master,sn,0.0,test,True,False,True,,,,,,,,,,,,,,unknown,Rejected,stage_a_only
1998av,1998av,,TOO_FEW_POINTS,8,4938.559281,W1_only,13.521038,,,Only 8 epochs (need 20),1998AV,1998AV,1998AV,1998AV,164.03325,-4.189056,benchmark_master,sn,0.0,test,True,False,True,,,,,,,,,,,,,,unknown,Rejected,stage_a_only
1998az,1998az,,TOO_FEW_POINTS,0,0.0,none,0.0,,,Only 3 valid W1 flux measurements,1998AZ,1998AZ,1998AZ,1998AZ,164.34075,-3.423056,benchmark_master,sn,0.0,test,True,False,True,,,,,,,,,,,,,,unknown,Rejected,stage_a_only
1998dm,1998dm,,TOO_FEW_POINTS,10,3472.393899,"W1,W2",9.506896,,,Only 10 epochs (need 20),1998DM,1998DM,1998DM,1998DM,21.558208,-6.103889,benchmark_master,sn,0.0,dev,True,False,True,,,,,,,,,,,,,,unknown,Rejected,stage_a_only
1998ex,1998ex,,TOO_FEW_POINTS,11,2909.650438,"W1,W2",7.966189,,,Only 11 epochs (need 20),1998EX,1998EX,1998EX,1998EX,115.426167,64.733972,benchmark_master,sn,0.0,dev,True,False,True,,,,,,,,,,,,,,unknown,Rejected,stage_a_only
1999D,1999D,,TOO_FEW_POINTS,0,0.0,none,0.0,,,Only 0 valid W1 flux measurements,1999D,1999D,1999D,1999D,172.11825,58.560833,benchmark_master,sn,0.0,test,True,False,True,,,,,,,,,,,,,,unknown,Rejected,stage_a_only
1999ec,1999ec,,TOO_FEW_POINTS,0,0.0,none,0.0,,,Only 1 valid W1 flux measurements,1999EC,1999EC,1999EC,1999EC,94.067417,-21.369472,benchmark_master,sn,0.0,dev,True,False,True,,,,,,,,,,,,,,unknown,Rejected,stage_a_only
1999ee,1999ee,,TOO_FEW_POINTS,0,0.0,none,0.0,,,Only 0 valid W1 flux measurements,1999EE,1999EE,1999EE,1999EE,334.041667,-36.844361,benchmark_master,sn,0.0,test,True,False,True,,,,,,,,,,,,,,unknown,Rejected,stage_a_only
1999el,1999el,,TOO_FEW_POINTS,6,2376.671406,"W1,W2",6.506972,,,Only 6 epochs (need 20),1999EL,1999EL,1999EL,1999EL,309.323833,66.103194,benchmark_master,sn,0.0,dev,True,False,True,,,,,,,,,,,,,,unknown,Rejected,stage_a_only
1999eo,1999eo,,TOO_FEW_POINTS,5,3081.979343,W1_only,8.438,,,Only 5 epochs (need 20),1999EO,1999EO,1999EO,1999EO,40.055,4.914806,benchmark_master,sn,0.0,dev,True,False,True,,,,,,,,,,,,,,unknown,Rejected,stage_a_only
2000O,2000O,,TOO_FEW_POINTS,0,0.0,none,0.0,,,Only 0 valid W1 flux measurements,2000O,2000O,2000O,2000O,182.814917,17.892278,benchmark_master,sn,0.0,dev,True,False,True,,,,,,,,,,,,,,unknown,Rejected,stage_a_only
2000bk,2000bk,,TOO_FEW_POINTS,6,2545.782826,"W1,W2",6.969974,,,Only 6 epochs (need 20),2000BK,2000BK,2000BK,2000BK,188.47475,-7.378583,benchmark_master,sn,0.0,dev,True,False,True,,,,,,,,,,,,,,unknown,Rejected,stage_a_only
2000bt,2000bt,,TOO_FEW_POINTS,0,0.0,none,0.0,,,Only 1 valid W1 flux measurements,2000BT,2000BT,2000BT,2000BT,154.07525,-5.746472,benchmark_master,sn,0.0,dev,True,False,True,,,,,,,,,,,,,,unknown,Rejected,stage_a_only
2000dn,2000dn,,TOO_FEW_POINTS,16,3289.332641,W1_only,9.005702,,,Only 16 epochs (need 20),2000DN,2000DN,2000DN,2000DN,346.274417,-3.200278,benchmark_master,sn,0.0,test,True,False,True,,,,,,,,,,,,,,unknown,Rejected,stage_a_only
2000fu,2000fu,,TOO_FEW_POINTS,19,3451.897283,"W1,W2",9.45078,,,Only 19 epochs (need 20),2000FU,2000FU,2000FU,2000FU,222.802792,-20.435639,benchmark_master,sn,0.0,dev,True,False,True,,,,,,,,,,,,,,unknown,Rejected,stage_a_only
2001ai,2001ai,,TOO_FEW_POINTS,31,2905.072253,"W1,W2",7.953654,,,Only 2 post-gap epochs (need 5); NEOWISE-R data missing or insufficient,2001AI,2001AI,2001AI,2001AI,205.414042,55.668278,benchmark_master,sn,0.0,dev,True,False,True,,,,,,,,,,,,,,unknown,Rejected,stage_a_only
2001cl,2001cl,,TOO_FEW_POINTS,14,3107.962601,"W1,W2",8.509138,,,Only 14 epochs (need 20),2001CL,2001CL,2001CL,2001CL,335.656333,-4.125222,benchmark_master,sn,0.0,dev,True,False,True,,,,,,,,,,,,,,unknown,Rejected,stage_a_only
4613348927136384,4613348927136384,,TOO_FEW_POINTS,0,0.0,none,0.0,,,Only 1 valid W1 flux measurements,4613348927136384,4613348927136384,4613348927136384,4613348927136384,42.24822,3.169583,benchmark_master,star,0.0,dev,True,False,True,,,,,,,,,,,,,,unknown,Rejected,stage_a_only
HE 1136-2304,HE 1136-2304,,TOO_FEW_POINTS,0,0.0,none,0.0,,,Only 1 valid W1 flux measurements,HE 1136-2304,HE 1136-2304,HE 1136-2304,HE 1136-2304,174.701,-23.349001,benchmark_master,clagn,1.0,dev,True,False,True,,,,,,,,,,,,,,unknown,Rejected,stage_a_only
NGC 5273,NGC 5273,,TOO_FEW_POINTS,0,0.0,none,0.0,,,Only 2 valid W1 flux measurements,NGC 5273,NGC 5273,NGC 5273,NGC 5273,205.471,35.658001,benchmark_master,clagn,1.0,dev,True,False,True,,,,,,,,,,,,,,unknown,Rejected,stage_a_only
NGC 5548,NGC 5548,,NO_DATA,0,0.0,none,0.0,,,No data returned from IRSA queries or failed all QA filters,NGC 5548,NGC 5548,NGC 5548,NGC 5548,214.5,25.135,benchmark_master,clagn,1.0,dev,True,False,True,,,,,,,,,,,,,,unknown,Rejected,stage_a_only
NGC 7603,NGC 7603,,TOO_FEW_POINTS,0,0.0,none,0.0,,,Only 3 valid W1 flux measurements,NGC 7603,NGC 7603,NGC 7603,NGC 7603,349.738,-0.244,benchmark_master,clagn,1.0,dev,True,False,True,,,,,,,,,,,,,,unknown,Rejected,stage_a_only
