source_id,canonical_id,score,status,n_points,baseline_days,band_coverage,baseline_years,delta_mag,delta_mag_method,rejection_reason
SDSSJ123359.12+084211.5,SDSSJ123359.12+084211.5,0.5888180028,OK,170.0000000000,4936.0469741200,"W1,W2",13.5141600934,0.2899071390,seasonal_median_flux,
SDSSJJ105058.42+241351.18,SDSSJ105058.42+241351.18,0.4954773699,OK,240.0000000000,5098.0421505100,"W1,W2",13.9576787146,-0.1363329371,seasonal_median_flux,
SDSSJJ105325.40+302419.34,SDSSJ105325.40+302419.34,0.5579657491,OK,255.0000000000,5098.3627850300,"W1,W2",13.9585565641,-0.5883952017,seasonal_median_flux,
SDSSJJ082323.88+422048.2,SDSSJ082323.88+422048.2,0.7577338941,OK,253.0000000000,5098.6110964600,"W1,W2",13.9592364037,0.4367163062,seasonal_median_flux,
SDSSJJ114408.90+424357.5,SDSSJ114408.90+424357.5,0.4695424905,OK,212.0000000000,5098.2467877100,"W1,W2",13.9582389807,-0.1805831890,seasonal_median_flux,
SDSSJJ230614.18-010024.45,SDSSJ230614.18-010024.45,0.4689453594,OK,217.0000000000,4909.9352415100,"W1,W2",13.4426700657,-0.1354235499,seasonal_median_flux,
SDSSJJ080138.67+423354.1,SDSSJ080138.67+423354.1,0.1000676146,OK,187.0000000000,5098.7218806500,"W1,W2",13.9595397143,0.0473416434,seasonal_median_flux,
SDSSJ141213.61+021202.1,SDSSJ141213.61+021202.1,0.6275339387,OK,215.0000000000,5274.2470758300,"W1,W2",14.4401015081,0.3727074271,seasonal_median_flux,
SDSSJ153734.06+461358.9,SDSSJ153734.06+461358.9,0.4326516474,OK,417.0000000000,5274.6707326700,"W1,W2",14.4412614173,-0.0186594127,seasonal_median_flux,
SDSSJ153612.80+034245.7,SDSSJ153612.80+034245.7,0.7313722516,OK,269.0000000000,5276.7323798200,"W1,W2",14.4469058996,-0.9251054882,seasonal_median_flux,
SDSSJJ141324.27+530527.0,SDSSJ141324.27+530527.0,0.7612271584,OK,404.0000000000,5098.9474546800,"W1,W2",13.9601573023,0.0916098399,seasonal_median_flux,
SDSSJJ081425.89+294115.6,SDSSJ081425.89+294115.6,0.7042498614,OK,224.0000000000,5098.7055819300,"W1,W2",13.9594950908,0.5591701911,seasonal_median_flux,
SDSSJJ101322.43+214021.74,SDSSJ101322.43+214021.74,0.7297546742,OK,180.0000000000,5098.3769052300,"W1,W2",13.9585952231,-0.5098430090,seasonal_median_flux,
NGC 5273,NGC 5273,,TOO_FEW_POINTS,0.0000000000,0.0000000000,none,0.0000000000,,,Only 2 valid W1 flux measurements
SDSSJJ091407.16+243633.08,SDSSJ091407.16+243633.08,0.7104982763,OK,160.0000000000,5095.6805234900,"W1,W2",13.9512129322,0.4727573762,seasonal_median_flux,
SDSSJJ015653.16-004623.28,SDSSJ015653.16-004623.28,0.3632638618,OK,217.0000000000,5301.0060277900,"W1,W2",14.5133635258,-0.2891550826,seasonal_median_flux,
SDSSJJ143040.58+364903.90,SDSSJ143040.58+364903.90,0.3821875162,OK,304.0000000000,5277.4173932300,"W1,W2",14.4487813641,0.4955433270,seasonal_median_flux,
SDSSJJ015726.00-000602.15,SDSSJ015726.00-000602.15,0.2870565837,OK,178.0000000000,5301.1238132100,"W1,W2",14.5136860047,-0.2344647818,seasonal_median_flux,
SDSSJJ082942.66+415436.8,SDSSJ082942.66+415436.8,0.6771920586,OK,255.0000000000,5098.5732782900,"W1,W2",13.9591328632,0.4162794292,seasonal_median_flux,
SDSSJJ005813.68+001409.09,SDSSJ005813.68+001409.09,0.2727415563,OK,83.0000000000,5114.0213837300,"W1,W2",14.0014274709,0.0762673829,seasonal_median_flux,
SDSSJJ113706.93+481943.68,SDSSJ113706.93+481943.68,0.6503616969,OK,212.0000000000,5098.3946175500,"W1,W2",13.9586437168,-0.2729901676,seasonal_median_flux,
SDSSJJ233602.98+001728.7,SDSSJ233602.98+001728.7,0.3493918746,OK,204.0000000000,5114.2110740400,"W1,W2",14.0019468146,0.2615374892,seasonal_median_flux,
NGC 7603,NGC 7603,,TOO_FEW_POINTS,0.0000000000,0.0000000000,none,0.0000000000,,,Only 3 valid W1 flux measurements
NGC 5548,NGC 5548,,NO_DATA,0.0000000000,0.0000000000,none,0.0000000000,,,No data returned from IRSA queries or failed all QA filters
SDSSJJ093812.27+074340.0,SDSSJ093812.27+074340.0,0.5217025345,OK,230.0000000000,5098.4713896500,"W1,W2",13.9588539073,0.1263454719,seasonal_median_flux,
NGC 7582,NGC 7582,0.4140273312,OK,31.0000000000,5113.5241648100,"W1,W2",14.0000661596,0.0000000000,seasonal_median_flux,
NGC 3516,NGC 3516,0.6411904341,OK,439.0000000000,5098.9871222200,"W1,W2",13.9602659061,0.1712635191,seasonal_median_flux,
SDSSJ161711.42+063833.4,SDSSJ161711.42+063833.4,0.6362478156,OK,273.0000000000,5276.7685455300,"W1,W2",14.4470049159,-0.6978647529,seasonal_median_flux,
NGC 1566,NGC 1566,0.5761376830,OK,534.0000000000,5306.5120961100,"W1,W2",14.5284383193,-0.1241925983,seasonal_median_flux,
SDSSJ161407.07+513354.5,SDSSJ161407.07+513354.5,0.4494019025,OK,616.0000000000,5275.9173052700,"W1,W2",14.4446743471,-0.0973309792,seasonal_median_flux,
SDSSJJ020222.00+010557.11,SDSSJ020222.00+010557.11,0.6690476783,OK,147.0000000000,5300.5607167100,"W1,W2",14.5121443305,-0.4350694670,seasonal_median_flux,
SDSSJ074511.98+380911.3,SDSSJ074511.98+380911.3,0.4335295921,OK,210.0000000000,5098.4629997700,"W1,W2",13.9588309371,-0.0399384021,seasonal_median_flux,
SDSSJJ025410.08+034911.9,SDSSJ025410.08+034911.9,0.6809547691,OK,207.0000000000,5096.4504309500,"W1,W2",13.9533208240,0.5362738677,seasonal_median_flux,
SDSSJJ222132.41-010928.70,SDSSJ222132.41-010928.70,0.4618588985,OK,172.0000000000,5113.9490946900,"W1,W2",14.0012295543,-0.1810153224,seasonal_median_flux,
SDSSJ210200.42+000501.8,SDSSJ210200.42+000501.8,0.4278612112,OK,212.0000000000,5114.2560740700,"W1,W2",14.0020700180,0.1588288984,seasonal_median_flux,
SDSSJ115355.88+112554.2,SDSSJ115355.88+112554.2,0.2170914067,OK,183.0000000000,5098.1650897800,"W1,W2",13.9580153040,-0.0407274752,seasonal_median_flux,
SDSSJJ215130.35+003522.26,SDSSJ215130.35+003522.26,0.6106248876,OK,203.0000000000,5114.1467178700,"W1,W2",14.0017706170,0.2622355564,seasonal_median_flux,
SDSSJJ090258.39+252915.15,SDSSJ090258.39+252915.15,0.5708695167,OK,209.0000000000,5096.0165759600,"W1,W2",13.9521329937,-0.2092500240,seasonal_median_flux,
HE 1136-2304,HE 1136-2304,,TOO_FEW_POINTS,0.0000000000,0.0000000000,none,0.0000000000,,,Only 1 valid W1 flux measurements
SDSSJ102152.34+464515.6,SDSSJ102152.34+464515.6,0.5985735587,OK,221.0000000000,5098.6346306800,"W1,W2",13.9593008369,-0.4433461911,seasonal_median_flux,
SDSSJ160111.26+474509.6,SDSSJ160111.26+474509.6,0.4393745243,OK,411.0000000000,5275.9017689800,"W1,W2",14.4446318110,0.1963685924,seasonal_median_flux,
SDSSJ231742.68+011425.2,SDSSJ231742.68+011425.2,0.3990428994,OK,217.0000000000,5114.0737966100,"W1,W2",14.0015709695,0.2232710926,seasonal_median_flux,
SDSSJJ081319.34+460849.5,SDSSJ081319.34+460849.5,0.4343347131,OK,267.0000000000,5098.8172545600,"W1,W2",13.9598008338,0.1033828875,seasonal_median_flux,
SDSSJJ094443.08+580953.2,SDSSJ094443.08+580953.2,0.4056011881,OK,345.0000000000,5098.6585903300,"W1,W2",13.9593664349,0.0680353264,seasonal_median_flux,
SDSSJJ012256.19-000252.68,SDSSJ012256.19-000252.68,0.5689008316,OK,156.0000000000,5299.6914505400,"W1,W2",14.5097644094,0.3334366019,seasonal_median_flux,
SDSSJJ100256.22+475027.7,SDSSJ100256.22+475027.7,0.7191303316,OK,291.0000000000,5101.8286524200,"W1,W2",13.9680455918,0.6457893707,seasonal_median_flux,
SDSSJJ110501.26+562724.5,SDSSJ110501.26+562724.5,0.6211983259,OK,245.0000000000,5098.8568409100,"W1,W2",13.9599092154,-0.8110481646,seasonal_median_flux,
SDSSJJ120442.10+275411.8,SDSSJ120442.10+275411.8,0.5323771417,OK,74.0000000000,5097.7390023800,"W1,W2",13.9568487403,0.1109110120,seasonal_median_flux,
SDSSJJ124946.13+365204.21,SDSSJ124946.13+365204.21,0.6036051139,OK,293.0000000000,5098.4211664800,"W1,W2",13.9587164038,-0.2633159349,seasonal_median_flux,
SDSSJJ022930.91-000845.37,SDSSJ022930.91-000845.37,0.6443719923,OK,208.0000000000,5304.7158510700,"W1,W2",14.5235204684,-0.3006145010,seasonal_median_flux,
1995bc,1995bc,,TOO_FEW_POINTS,5.0000000000,2749.4796619500,"W1,W2",7.5276650567,,,Only 5 epochs (need 20)
2000em,2000em,0.5206285484,OK,87.0000000000,5116.7452440500,"W1,W2",14.0088849940,-0.1115625716,seasonal_median_flux,
1994G,1994G,,TOO_FEW_POINTS,0.0000000000,0.0000000000,none,0.0000000000,,,Only 4 valid W1 flux measurements
1999ec,1999ec,,TOO_FEW_POINTS,0.0000000000,0.0000000000,none,0.0000000000,,,Only 1 valid W1 flux measurements
1999dp,1999dp,0.1087972745,OK,222.0000000000,3275.6691477900,"W1,W2",8.9682933547,-0.0221153653,seasonal_median_flux,
1997Q,1997Q,,TOO_FEW_POINTS,0.0000000000,0.0000000000,none,0.0000000000,,,Only 0 valid W1 flux measurements
1988ai,1988ai,,TOO_FEW_POINTS,0.0000000000,0.0000000000,none,0.0000000000,,,Only 1 valid W1 flux measurements
2000bk,2000bk,,TOO_FEW_POINTS,6.0000000000,2545.7828257900,"W1,W2",6.9699735135,,,Only 6 epochs (need 20)
2000bt,2000bt,,TOO_FEW_POINTS,0.0000000000,0.0000000000,none,0.0000000000,,,Only 1 valid W1 flux measurements
1998dx,1998dx,0.5145828812,OK,152.0000000000,4915.0335704100,"W1,W2",13.4566285295,-0.3543398082,seasonal_median_flux,
1999gd,1999gd,0.2339456916,OK,20.0000000000,3079.8162544900,"W1,W2",8.4320773566,0.0000000000,seasonal_median_flux,
1997K,1997K,,TOO_FEW_POINTS,0.0000000000,0.0000000000,none,0.0000000000,,,Only 1 valid W1 flux measurements
1999eo,1999eo,,TOO_FEW_POINTS,5.0000000000,3081.9793425100,W1_only,8.4379995688,,,Only 5 epochs (need 20)
1996bn,1996bn,,TOO_FEW_POINTS,35.0000000000,198.3984238000,"W1,W2",0.5431852808,,,Baseline 0.5 yr < 7.0 yr
1998az,1998az,,TOO_FEW_POINTS,0.0000000000,0.0000000000,none,0.0000000000,,,Only 3 valid W1 flux measurements
1999do,1999do,0.4350889402,OK,278.0000000000,5114.3296345500,"W1,W2",14.0022714156,-0.0789974708,seasonal_median_flux,
1984L,1984L,0.5084160611,OK,188.0000000000,5304.8754103300,"W1,W2",14.5239573178,-0.0137861818,seasonal_median_flux,
1999dz,1999dz,0.1116023029,OK,191.0000000000,5299.9711839300,"W1,W2",14.5105302777,0.0257182194,seasonal_median_flux,
1999H,1999H,0.6097346216,OK,80.0000000000,5094.7908380400,"W1,W2",13.9487771062,0.4279186836,seasonal_median_flux,
1961Q,1961Q,,TOO_FEW_POINTS,0.0000000000,0.0000000000,none,0.0000000000,,,Only 0 valid W1 flux measurements
1999dt,1999dt,0.1562157705,OK,123.0000000000,5116.0568616500,"W1,W2",14.0070003057,0.2275867409,seasonal_median_flux,
1995I,1995I,0.2435250481,OK,175.0000000000,5272.0233048200,"W1,W2",14.4340131549,0.0481409948,seasonal_median_flux,
1997bt,1997bt,0.6993112959,OK,197.0000000000,5098.2193306100,"W1,W2",13.9581638073,0.5901769602,seasonal_median_flux,
1998dm,1998dm,,TOO_FEW_POINTS,10.0000000000,3472.3938993100,"W1,W2",9.5068963705,,,Only 10 epochs (need 20)
1987B,1987B,,TOO_FEW_POINTS,16.0000000000,4730.8323494200,W1_only,12.9523130716,,,Only 16 epochs (need 20)
1971G,1971G,,TOO_FEW_POINTS,0.0000000000,0.0000000000,none,0.0000000000,,,Only 4 valid W1 flux measurements
1994I,1994I,,TOO_FEW_POINTS,0.0000000000,0.0000000000,none,0.0000000000,,,Only 0 valid W1 flux measurements
1991D,1991D,,TOO_FEW_POINTS,0.0000000000,0.0000000000,none,0.0000000000,,,Only 1 valid W1 flux measurements
2000fu,2000fu,,TOO_FEW_POINTS,19.0000000000,3451.8972834000,"W1,W2",9.4507796945,,,Only 19 epochs (need 20)
1997bm,1997bm,,TOO_FEW_POINTS,5.0000000000,2032.9488804200,"W1,W2",5.5659106925,,,Only 5 epochs (need 20)
1986E,1986E,,TOO_FEW_POINTS,21.0000000000,196.9904190000,"W1,W2",0.5393303737,,,Baseline 0.5 yr < 7.0 yr
1996ck,1996ck,0.5188236099,OK,63.0000000000,5103.7851943300,"W1,W2",13.9734023116,0.2327768267,seasonal_median_flux,
1998ex,1998ex,,TOO_FEW_POINTS,11.0000000000,2909.6504378500,"W1,W2",7.9661887415,,,Only 11 epochs (need 20)
1962E,1962E,,TOO_FEW_POINTS,29.0000000000,4208.6135824500,"W1,W2",11.5225560094,,,Only 4 post-gap epochs (need 5); NEOWISE-R data missing or insufficient
2000ao,2000ao,0.2399635626,OK,185.0000000000,5273.4193904800,"W1,W2",14.4378354291,-0.1255949144,seasonal_median_flux,
1997bx,1997bx,,TOO_FEW_POINTS,14.0000000000,4935.1725493700,"W1,W2",13.5117660489,,,Only 14 epochs (need 20)
1997ch,1997ch,,TOO_FEW_POINTS,0.0000000000,0.0000000000,none,0.0000000000,,,Only 2 valid W1 flux measurements
1998av,1998av,,TOO_FEW_POINTS,8.0000000000,4938.5592808900,W1_only,13.5210384145,,,Only 8 epochs (need 20)
1999el,1999el,,TOO_FEW_POINTS,6.0000000000,2376.6714057000,"W1,W2",6.5069716789,,,Only 6 epochs (need 20)
1990Q,1990Q,,NO_DATA,0.0000000000,0.0000000000,none,0.0000000000,,,No data returned from IRSA queries or failed all QA filters
1960R,1960R,0.1795807991,OK,58.0000000000,3443.9495972300,"W1,W2",9.4290201156,-0.0005609444,seasonal_median_flux,
1989ae,1989ae,0.0967726038,OK,238.0000000000,5101.1881739100,"W1,W2",13.9662920572,-0.1051486717,seasonal_median_flux,
2001ai,2001ai,,TOO_FEW_POINTS,31.0000000000,2905.0722533700,"W1,W2",7.9536543556,,,Only 2 post-gap epochs (need 5); NEOWISE-R data missing or insufficient
1998ez,1998ez,0.1668695411,OK,129.0000000000,5099.4645253200,"W1,W2",13.9615729646,0.0374242363,seasonal_median_flux,
1997cc,1997cc,,TOO_FEW_POINTS,9.0000000000,3081.7902028500,W1_only,8.4374817326,,,Only 9 epochs (need 20)
1993G,1993G,,TOO_FEW_POINTS,0.0000000000,0.0000000000,none,0.0000000000,,,Only 1 valid W1 flux measurements
1997S,1997S,,TOO_FEW_POINTS,0.0000000000,0.0000000000,none,0.0000000000,,,Only 1 valid W1 flux measurements
1960P,1960P,0.3448319783,OK,240.0000000000,5301.0971974200,"W1,W2",14.5136131346,-0.0518415559,seasonal_median_flux,
1992bk,1992bk,,TOO_FEW_POINTS,0.0000000000,0.0000000000,none,0.0000000000,,,Only 1 valid W1 flux measurements
1998ao,1998ao,0.2379385813,OK,43.0000000000,4939.7947065800,"W1,W2",13.5244208257,0.0627104588,seasonal_median_flux,
2000dw,2000dw,0.6809886839,OK,202.0000000000,5114.3432504500,"W1,W2",14.0023086939,0.5670324108,seasonal_median_flux,
2000O,2000O,,TOO_FEW_POINTS,0.0000000000,0.0000000000,none,0.0000000000,,,Only 0 valid W1 flux measurements
2000dn,2000dn,,TOO_FEW_POINTS,16.0000000000,3289.3326411600,W1_only,9.0057019607,,,Only 16 epochs (need 20)
1995T,1995T,0.0626614804,OK,190.0000000000,5114.0039746100,"W1,W2",14.0013798073,-0.0198564281,seasonal_median_flux,
1999ee,1999ee,,TOO_FEW_POINTS,0.0000000000,0.0000000000,none,0.0000000000,,,Only 0 valid W1 flux measurements
1979C,1979C,0.2473748201,OK,26.0000000000,3114.8126841100,"W1,W2",8.5278923590,0.0000000000,seasonal_median_flux,
1998ch,1998ch,0.2882070339,OK,77.0000000000,5274.1846241600,"W1,W2",14.4399305247,0.2643256089,seasonal_median_flux,
1999D,1999D,,TOO_FEW_POINTS,0.0000000000,0.0000000000,none,0.0000000000,,,Only 0 valid W1 flux measurements
1998L,1998L,,TOO_FEW_POINTS,0.0000000000,0.0000000000,none,0.0000000000,,,Only 1 valid W1 flux measurements
1994M,1994M,0.2817847314,OK,21.0000000000,3274.0327552900,"W1,W2",8.9638131562,0.0000000000,seasonal_median_flux,
1959C,1959C,0.6500000000,OK,46.0000000000,5268.4490678200,"W1,W2",14.4242274273,0.0000000000,seasonal_median_flux,
2001cl,2001cl,,TOO_FEW_POINTS,14.0000000000,3107.9626012300,"W1,W2",8.5091378542,,,Only 14 epochs (need 20)
1961N,1961N,,TOO_FEW_POINTS,16.0000000000,180.2713582000,"W1,W2",0.4935560799,,,Only 16 epochs (need 20)
1999gq,1999gq,0.2057275734,OK,51.0000000000,5097.9362715300,"W1,W2",13.9573888338,0.4306823508,seasonal_median_flux,
2001au,2001au,0.2435372134,OK,116.0000000000,5275.3459410800,"W1,W2",14.4431100372,0.2127325548,seasonal_median_flux,
PKS,PKS,0.4566784743,OK,181.0000000000,5272.6169483500,"W1,W2",14.4356384623,-0.0687393277,seasonal_median_flux,
Mrk 501,Mrk 501,0.4906381082,OK,397.0000000000,5114.5278951300,"W1,W2",14.0028142235,0.0255194327,seasonal_median_flux,
PG,PG,0.5200139204,OK,253.0000000000,5104.9486649000,"W1,W2",13.9765877205,-0.1540359719,seasonal_median_flux,
3C 279,3C 279,0.8249998093,OK,191.0000000000,5269.1490440200,"W1,W2",14.4261438577,0.2611901977,seasonal_median_flux,
3C 66A,3C 66A,0.6521291301,OK,179.0000000000,5096.1277568800,"W1,W2",13.9524373905,-0.9603771811,seasonal_median_flux,
IIZw 136,IIZw 136,0.5473068950,OK,248.0000000000,5114.0565584900,"W1,W2",14.0015237741,0.1249245237,seasonal_median_flux,
4C 34.47,4C 34.47,0.5290099567,OK,415.0000000000,5117.2907733400,"W1,W2",14.0103785718,0.0958112540,seasonal_median_flux,
TON 153,TON 153,0.1893886692,OK,281.0000000000,5095.6620335400,"W1,W2",13.9511623095,0.0174419558,seasonal_median_flux,
Mrk 421,Mrk 421,0.5676266093,OK,259.0000000000,5098.4025122200,"W1,W2",13.9586653312,-0.1177097573,seasonal_median_flux,
4C 29.45,4C 29.45,0.6373001300,OK,135.0000000000,5098.2455388600,"W1,W2",13.9582355616,-0.2574792303,seasonal_median_flux,
TON 1542,TON 1542,0.7540873919,OK,289.0000000000,5098.2726937600,"W1,W2",13.9583099076,0.6207915030,seasonal_median_flux,
3C 371,3C 371,0.5543557563,OK,1333.0000000000,5115.0645006000,"W1,W2",14.0042833692,-0.0241068077,seasonal_median_flux,
Mrk 734,Mrk 734,0.5061886622,OK,223.0000000000,5095.4465215400,"W1,W2",13.9505722698,0.1813037359,seasonal_median_flux,
3C 232,3C 232,0.4128262262,OK,232.0000000000,5098.5844650000,"W1,W2",13.9591634908,0.0460219503,seasonal_median_flux,
HS,HS,0.0428728737,OK,872.0000000000,5275.5768511900,"W1,W2",14.4437422346,-0.0024405138,seasonal_median_flux,
MR,MR,0.5610524560,OK,140.0000000000,5113.7829251400,"W1,W2",14.0007746068,-0.3174381165,seasonal_median_flux,
B2,B2,0.0604727458,OK,220.0000000000,5098.4708235200,"W1,W2",13.9588523573,-0.0026452130,seasonal_median_flux,
BL Lac,BL Lac,0.7953332265,OK,247.0000000000,5114.3564929000,"W1,W2",14.0023449498,0.8252714320,seasonal_median_flux,
IIZw 1,IIZw 1,0.4866333941,OK,202.0000000000,5299.3130031500,"W1,W2",14.5087282769,-0.0961690113,seasonal_median_flux,
3C 351,3C 351,0.4819937728,OK,744.0000000000,5277.7405265800,"W1,W2",14.4496660550,0.0417387652,seasonal_median_flux,
3C 446,3C 446,0.6899938087,OK,202.0000000000,5113.9617001500,"W1,W2",14.0012640661,-0.1256131829,seasonal_median_flux,
NGC 1275,NGC 1275,0.6405427001,OK,167.0000000000,5098.9126526000,"W1,W2",13.9600620194,0.4917668507,seasonal_median_flux,
OJ 287,OJ 287,0.6017881096,OK,222.0000000000,5096.0247258400,"W1,W2",13.9521553069,0.3516834368,seasonal_median_flux,
3C 273,3C 273,0.5105034244,OK,233.0000000000,5095.6790957300,"W1,W2",13.9512090232,-0.1843016722,seasonal_median_flux,
3C 120,3C 120,0.6366682422,OK,218.0000000000,5098.8342317100,"W1,W2",13.9598473147,0.4042561563,seasonal_median_flux,
Mrk 205,Mrk 205,0.5556617233,OK,495.0000000000,5098.9462468900,"W1,W2",13.9601539956,0.1556286757,seasonal_median_flux,
Fairall 9,Fairall 9,0.5817097807,OK,247.0000000000,5113.9068294200,"W1,W2",14.0011138382,0.2346528633,seasonal_median_flux,
3C 345,3C 345,0.7126662498,OK,505.0000000000,5277.5172838500,"W1,W2",14.4490548497,-0.0292655757,seasonal_median_flux,
TON 490,TON 490,0.5202714933,OK,176.0000000000,3274.6683722700,"W1,W2",8.9655533806,-0.0942276986,seasonal_median_flux,
AKN 120,AKN 120,0.5665394108,OK,253.0000000000,5100.0042391800,"W1,W2",13.9630506206,-0.3344771926,seasonal_median_flux,
IIIZw 2,IIIZw 2,0.5332214942,OK,180.0000000000,5116.7542843600,"W1,W2",14.0089097450,-0.2990197844,seasonal_median_flux,
Mrk 180,Mrk 180,0.5109117556,OK,367.0000000000,5099.8727590900,"W1,W2",13.9626906477,-0.1498361281,seasonal_median_flux,
Mrk 1383,Mrk 1383,0.5109987087,OK,207.0000000000,5274.8895621300,"W1,W2",14.4418605397,-0.1392152762,seasonal_median_flux,
3C 382.0,3C 382.0,0.5879544465,OK,333.0000000000,5117.1652597100,"W1,W2",14.0100349342,-0.5423540093,seasonal_median_flux,
7017568540477440,7017568540477440,0.0877328961,OK,176.0000000000,5096.3843428000,"W1,W2",13.9531398845,-0.0399266177,seasonal_median_flux,
7866077983944448,7866077983944448,0.5444101590,OK,179.0000000000,5096.3611671100,"W1,W2",13.9530764329,-0.2351067639,seasonal_median_flux,
10035624879191040,10035624879191040,,TOO_FEW_POINTS,30.0000000000,5094.8005227700,"W1,W2",13.9488036215,,,Only 4 pre-gap epochs (need 5); AllWISE data missing or insufficient
11271506013429504,11271506013429504,0.1129107905,OK,145.0000000000,5099.1700043000,"W1,W2",13.9607666100,0.0006150187,seasonal_median_flux,
3555442647201408,3555442647201408,0.0837358365,OK,185.0000000000,5096.4901606700,"W1,W2",13.9534295980,-0.2226721100,seasonal_median_flux,
11918706045404160,11918706045404160,0.3682193117,OK,185.0000000000,5099.1430093800,"W1,W2",13.9606927019,0.0847960776,seasonal_median_flux,
8797952743613440,8797952743613440,0.4725607919,OK,203.0000000000,5096.5431332500,"W1,W2",13.9535746290,-0.0139708710,seasonal_median_flux,
6151771852919552,6151771852919552,0.2636656348,OK,199.0000000000,5096.1094195700,"W1,W2",13.9523871857,-0.0201652813,seasonal_median_flux,
7451665179765376,7451665179765376,0.4709474930,OK,224.0000000000,5096.2419787600,"W1,W2",13.9527501130,0.1823258012,seasonal_median_flux,
10010439191442176,10010439191442176,0.1498157189,OK,168.0000000000,5098.7592097400,"W1,W2",13.9596419158,-0.0223140683,seasonal_median_flux,
8902505132032384,8902505132032384,0.1645315256,OK,193.0000000000,5096.5100255300,"W1,W2",13.9534839850,0.0626205443,seasonal_median_flux,
10618228603355008,10618228603355008,0.3993006413,OK,123.0000000000,5096.1589546800,"W1,W2",13.9525228054,0.1495821765,seasonal_median_flux,
6513300724650880,6513300724650880,0.1572631178,OK,147.0000000000,5096.4701685000,"W1,W2",13.9533748624,-0.1088922577,seasonal_median_flux,
5856445606238336,5856445606238336,0.2137011119,OK,216.0000000000,5096.0963035200,"W1,W2",13.9523512759,0.1580407427,seasonal_median_flux,
9159172377805696,9159172377805696,0.0635388159,OK,193.0000000000,5099.2274219500,"W1,W2",13.9609238110,0.0786539418,seasonal_median_flux,
8322340949965312,8322340949965312,0.1184610454,OK,124.0000000000,5096.2983895400,"W1,W2",13.9529045573,0.1442801771,seasonal_median_flux,
5054111356737024,5054111356737024,0.7060904417,OK,217.0000000000,5096.2188032700,"W1,W2",13.9526866619,0.5876074943,seasonal_median_flux,
3822937505992960,3822937505992960,0.3104222838,OK,193.0000000000,5096.3843428100,"W1,W2",13.9531398845,0.0085406519,seasonal_median_flux,
11997565941688192,11997565941688192,0.0562152396,OK,192.0000000000,5098.9838321600,"W1,W2",13.9602568985,0.0028703810,seasonal_median_flux,
7077144031287808,7077144031287808,0.1741890976,OK,120.0000000000,5096.4140123600,"W1,W2",13.9532211153,-0.0531591750,seasonal_median_flux,
9921756706043776,9921756706043776,0.2649466213,OK,103.0000000000,5098.8270808700,"W1,W2",13.9598277368,0.1844455578,seasonal_median_flux,
11346758135829376,11346758135829376,0.3649617933,OK,131.0000000000,5099.1767529500,"W1,W2",13.9607850868,0.0020474351,seasonal_median_flux,
12441214586847872,12441214586847872,0.5448543212,OK,121.0000000000,5099.0646943600,"W1,W2",13.9604782871,0.2845541829,seasonal_median_flux,
6258695063604736,6258695063604736,0.5136498263,OK,195.0000000000,5096.4636742300,"W1,W2",13.9533570821,0.2488528145,seasonal_median_flux,
7106010507061632,7106010507061632,0.2554194061,OK,141.0000000000,5096.4108287600,"W1,W2",13.9532123991,0.1232311329,seasonal_median_flux,
8314820462535424,8314820462535424,0.1373773927,OK,194.0000000000,5096.5497548100,"W1,W2",13.9535927579,0.1295822818,seasonal_median_flux,
7627655759471360,7627655759471360,0.0884109539,OK,173.0000000000,5096.1262280000,"W1,W2",13.9524332047,-0.0547969288,seasonal_median_flux,
9792426651349120,9792426651349120,0.1729582221,OK,159.0000000000,5098.5487205200,"W1,W2",13.9590656277,-0.0086634428,seasonal_median_flux,
6940838949258240,6940838949258240,0.2369057493,OK,102.0000000000,5096.1196068700,"W1,W2",13.9524150770,0.2151529437,seasonal_median_flux,
4613348927136384,4613348927136384,,TOO_FEW_POINTS,0.0000000000,0.0000000000,none,0.0000000000,,,Only 1 valid W1 flux measurements
8328117681250688,8328117681250688,0.1493563939,OK,168.0000000000,5096.5591779700,"W1,W2",13.9536185571,-0.2569466889,seasonal_median_flux,
6062299094282624,6062299094282624,0.4156854918,OK,213.0000000000,5096.3642229800,"W1,W2",13.9530847994,-0.2258429516,seasonal_median_flux,
13107003236999040,13107003236999040,0.0777317564,OK,164.0000000000,5099.1464474000,"W1,W2",13.9607021147,0.0269831104,seasonal_median_flux,
11434886569349888,11434886569349888,0.3969716536,OK,155.0000000000,5099.0242026000,"W1,W2",13.9603674267,-0.2581562197,seasonal_median_flux,
4645750160709248,4645750160709248,0.8421789664,OK,190.0000000000,5096.4702959400,"W1,W2",13.9533752113,0.5375044880,seasonal_median_flux,
5920045482070528,5920045482070528,0.1415442258,OK,192.0000000000,5096.3839605100,"W1,W2",13.9531388378,-0.0087651794,seasonal_median_flux,
6827348733385856,6827348733385856,0.1079840446,OK,196.0000000000,5096.5497548100,"W1,W2",13.9535927579,0.0854675059,seasonal_median_flux,
8261936529703936,8261936529703936,0.3020192796,OK,37.0000000000,3113.3143967400,"W1,W2",8.5237902717,0.1639641956,seasonal_median_flux,
10762260330928128,10762260330928128,0.0584936795,OK,178.0000000000,5099.2307322400,"W1,W2",13.9609328740,0.0345445511,seasonal_median_flux,
7388752498494208,7388752498494208,0.2617943838,OK,128.0000000000,5096.5100254700,"W1,W2",13.9534839849,-0.1823235615,seasonal_median_flux,
8286538102441600,8286538102441600,0.4244466255,OK,203.0000000000,5096.4434273100,"W1,W2",13.9533016490,0.1291387878,seasonal_median_flux,
8781765011889024,8781765011889024,0.2324993817,OK,47.0000000000,5095.8748627300,"W1,W2",13.9517450041,0.4151136599,seasonal_median_flux,
4952372170242944,4952372170242944,0.1415948681,OK,91.0000000000,5096.3444858700,"W1,W2",13.9530307621,-0.1693826843,seasonal_median_flux,
6802059965763456,6802059965763456,0.2000000000,OK,23.0000000000,4935.8929308400,"W1,W2",13.5137383459,0.0000000000,seasonal_median_flux,
3646014917806464,3646014917806464,0.1192161557,OK,213.0000000000,5096.5000930500,"W1,W2",13.9534567914,0.0906286594,seasonal_median_flux,
5928944654308352,5928944654308352,0.6375916643,OK,47.0000000000,5095.3481920800,"W1,W2",13.9503030584,0.3590203204,seasonal_median_flux,
5220790446842240,5220790446842240,0.2768766374,OK,33.0000000000,3273.1608375000,"W1,W2",8.9614259754,0.2476949039,seasonal_median_flux,
6766085319816704,6766085319816704,0.1724695306,OK,211.0000000000,5096.5365115600,"W1,W2",13.9535564998,-0.1760739438,seasonal_median_flux,
13464726768753024,13464726768753024,0.1860481649,OK,175.0000000000,5099.0343894200,"W1,W2",13.9603953167,0.0211124518,seasonal_median_flux,
8011419677274240,8011419677274240,0.3985344561,OK,228.0000000000,5096.5629980800,"W1,W2",13.9536290160,-0.1533805775,seasonal_median_flux,
3310492072379904,3310492072379904,0.1954551512,OK,174.0000000000,5096.3211835300,"W1,W2",13.9529669638,0.0188169768,seasonal_median_flux,
5190760035117568,5190760035117568,0.4344547253,OK,220.0000000000,5096.5795517600,"W1,W2",13.9536743375,0.1364106321,seasonal_median_flux,
8155597434951296,8155597434951296,0.1874682136,OK,77.0000000000,5096.0170995000,"W1,W2",13.9521344271,0.0390507276,seasonal_median_flux,
12315256082310144,12315256082310144,0.2672330543,OK,92.0000000000,5098.8784010600,"W1,W2",13.9599682438,-0.1625315723,seasonal_median_flux,
3532799579575168,3532799579575168,0.5480126115,OK,179.0000000000,5096.3677887900,"W1,W2",13.9530945621,0.1758732943,seasonal_median_flux,
6111399160366080,6111399160366080,0.2421381276,OK,179.0000000000,5096.1027978000,"W1,W2",13.9523690563,-0.1653058005,seasonal_median_flux,
7939161147436672,7939161147436672,0.1807634295,OK,201.0000000000,5096.4268737100,"W1,W2",13.9532563277,-0.0282774180,seasonal_median_flux,
6993551083342976,6993551083342976,0.1573845539,OK,137.0000000000,5096.5265789600,"W1,W2",13.9535293058,-0.3560142897,seasonal_median_flux,
9517651823494656,9517651823494656,0.1455120357,OK,167.0000000000,5096.4203797400,"W1,W2",13.9532385482,-0.0115415051,seasonal_median_flux,
5313600395193728,5313600395193728,0.1629142450,OK,189.0000000000,5096.5563765100,"W1,W2",13.9536108871,0.0070750971,seasonal_median_flux,
3885330495346688,3885330495346688,0.0772668655,OK,182.0000000000,5096.5133362700,"W1,W2",13.9534930493,0.0081664918,seasonal_median_flux,
6288970288166784,6288970288166784,0.0777189521,OK,120.0000000000,5096.0169723300,"W1,W2",13.9521340789,-0.0112036813,seasonal_median_flux,
5714814765676928,5714814765676928,0.1487497695,OK,52.0000000000,5095.8546160100,"W1,W2",13.9516895716,0.2663717845,seasonal_median_flux,
8578802037330816,8578802037330816,0.0510024916,OK,172.0000000000,5096.5199573900,"W1,W2",13.9535111770,-0.0122630531,seasonal_median_flux,
12428467123880448,12428467123880448,,TOO_FEW_POINTS,0.0000000000,0.0000000000,none,0.0000000000,,,Only 4 valid W1 flux measurements
000026.47+021359.2,000026.47+021359.2,0.2676725367,OK,66.0000000000,4911.6953478500,"W1,W2",13.4474889743,0.2274917118,seasonal_median_flux,
000012.59-014216.7,000012.59-014216.7,,TOO_FEW_POINTS,9.0000000000,4017.5779121400,"W1,W2",10.9995288491,,,Only 9 epochs (need 20)
000002.46+214939.3,000002.46+214939.3,0.4302231414,OK,80.0000000000,5116.3624694900,"W1,W2",14.0078370143,0.2654913456,seasonal_median_flux,
000000.66+145828.8,000000.66+145828.8,,TOO_FEW_POINTS,13.0000000000,3814.8203637600,"W1,W2",10.4444089357,,,Only 13 epochs (need 20)
000026.31+242016.5,000026.31+242016.5,,TOO_FEW_POINTS,28.0000000000,4385.4655571900,"W1,W2",12.0067503277,,,Only 3 post-gap epochs (need 5); NEOWISE-R data missing or insufficient
000001.08+295225.0,000001.08+295225.0,0.2522704720,OK,50.0000000000,4910.9132887800,"W1,W2",13.4453478132,0.2424060821,seasonal_median_flux,
000023.94+083348.0,000023.94+083348.0,0.2174630116,OK,188.0000000000,5114.0506392900,"W1,W2",14.0015075682,0.1442680007,seasonal_median_flux,
000059.05+282233.0,000059.05+282233.0,0.3361272087,OK,237.0000000000,5116.6947060300,"W1,W2",14.0087466284,0.1964601446,seasonal_median_flux,
000127.46+071911.5,000127.46+071911.5,,TOO_FEW_POINTS,0.0000000000,0.0000000000,none,0.0000000000,,,Only 4 valid W1 flux measurements
000036.73+044503.3,000036.73+044503.3,0.2731862510,OK,138.0000000000,5113.9718151200,"W1,W2",14.0012917594,-0.0305887190,seasonal_median_flux,
000159.76+292622.0,000159.76+292622.0,,TOO_FEW_POINTS,18.0000000000,4907.7475489200,"W1,W2",13.4366804899,,,Only 18 epochs (need 20)
000014.74+003203.2,000014.74+003203.2,0.2930501103,OK,118.0000000000,5113.7100116100,"W1,W2",14.0005749805,-0.0426495048,seasonal_median_flux,
000159.89+222409.4,000159.89+222409.4,0.1758853935,OK,118.0000000000,4911.2444717500,"W1,W2",13.4462545428,0.2689025657,seasonal_median_flux,
000139.52+322953.1,000139.52+322953.1,0.2745767956,OK,186.0000000000,5114.1116688700,"W1,W2",14.0016746581,0.1334233575,seasonal_median_flux,
000005.39+212944.8,000005.39+212944.8,0.1962508543,OK,109.0000000000,4911.1307564300,"W1,W2",13.4459432072,0.2091141257,seasonal_median_flux,
000022.17+255005.3,000022.17+255005.3,0.2508907957,OK,221.0000000000,5116.7458877600,"W1,W2",14.0088867564,0.0463541912,seasonal_median_flux,
000204.72-001755.0,000204.72-001755.0,,TOO_FEW_POINTS,17.0000000000,2178.7343355900,"W1,W2",5.9650495156,,,Only 17 epochs (need 20)
000151.24+084413.3,000151.24+084413.3,0.1050111493,OK,179.0000000000,5114.0372710700,"W1,W2",14.0014709680,0.0444759566,seasonal_median_flux,
000008.03-002727.4,000008.03-002727.4,0.2663189925,OK,26.0000000000,4910.6116989600,"W1,W2",13.4445221053,0.0000000000,seasonal_median_flux,
000057.15+150936.5,000057.15+150936.5,0.1158915244,OK,85.0000000000,5112.7377935400,"W1,W2",13.9979131924,0.2069431841,seasonal_median_flux,
000052.48-022635.5,000052.48-022635.5,0.2005787404,OK,46.0000000000,5114.0606977400,"W1,W2",14.0015351067,0.3049085661,seasonal_median_flux,
000124.72+334159.1,000124.72+334159.1,,TOO_FEW_POINTS,0.0000000000,0.0000000000,none,0.0000000000,,,Only 4 valid W1 flux measurements
000159.27+034352.9,000159.27+034352.9,0.5727026796,OK,64.0000000000,5113.8439679600,"W1,W2",14.0009417330,0.3635765618,seasonal_median_flux,
000042.92+310715.3,000042.92+310715.3,0.2872740489,OK,27.0000000000,4179.0748612300,"W1,W2",11.4416833983,0.0000000000,seasonal_median_flux,
000123.61-032317.9,000123.61-032317.9,0.0682894587,OK,73.0000000000,4911.9981510900,"W1,W2",13.4483180044,-0.1407069559,seasonal_median_flux,
000033.71+102012.0,000033.71+102012.0,0.4347423755,OK,26.0000000000,3285.9404943500,"W1,W2",8.9964147689,0.1671268993,seasonal_median_flux,
000202.62+085628.4,000202.62+085628.4,0.5185697244,OK,214.0000000000,5114.0328145500,"W1,W2",14.0014587667,-0.2388262087,seasonal_median_flux,
000056.16+192036.9,000056.16+192036.9,0.3504742481,OK,153.0000000000,5115.9288837000,"W1,W2",14.0066499211,0.4046080084,seasonal_median_flux,
000031.97+002249.9,000031.97+002249.9,0.3369055932,OK,95.0000000000,5113.7100116100,"W1,W2",14.0005749805,0.1147577105,seasonal_median_flux,
000017.38-085123.7,000017.38-085123.7,0.4676725235,OK,165.0000000000,5114.0213453800,"W1,W2",14.0014273659,0.1569473357,seasonal_median_flux,
000034.80+210108.1,000034.80+210108.1,0.2914584275,OK,230.0000000000,5116.8140091000,"W1,W2",14.0090732624,0.1878639138,seasonal_median_flux,
000132.22+135258.3,000132.22+135258.3,0.0657521077,OK,221.0000000000,5113.4587793000,"W1,W2",13.9998871439,0.0399317279,seasonal_median_flux,
000038.16+020144.5,000038.16+020144.5,,TOO_FEW_POINTS,16.0000000000,4911.3077305000,"W1,W2",13.4464277358,,,Only 16 epochs (need 20)
000203.62+183121.9,000203.62+183121.9,,TOO_FEW_POINTS,11.0000000000,4910.8177583500,"W1,W2",13.4450862652,,,Only 11 epochs (need 20)
000105.87+005341.7,000105.87+005341.7,,TOO_FEW_POINTS,5.0000000000,4179.7353166300,W1_only,11.4434916266,,,Only 5 epochs (need 20)
000200.32+204718.9,000200.32+204718.9,0.2462512785,OK,242.0000000000,5116.9372729700,"W1,W2",14.0094107405,-0.2028219339,seasonal_median_flux,
000059.58+295642.5,000059.58+295642.5,,TOO_FEW_POINTS,0.0000000000,0.0000000000,none,0.0000000000,,,Only 3 valid W1 flux measurements
000055.85+200708.9,000055.85+200708.9,0.0741077323,OK,181.0000000000,5116.9554807200,"W1,W2",14.0094605906,0.1960433679,seasonal_median_flux,
000203.11+315153.1,000203.11+315153.1,0.3821741772,OK,171.0000000000,4908.6336982300,"W1,W2",13.4391066344,0.3969385204,seasonal_median_flux,
000057.67-085617.0,000057.67-085617.0,0.3993951760,OK,168.0000000000,5114.1448632900,"W1,W2",14.0017655395,-0.0776863595,seasonal_median_flux,
000000.57+055630.8,000000.57+055630.8,,TOO_FEW_POINTS,10.0000000000,4749.1634527400,W1_only,13.0025008973,,,Only 10 epochs (need 20)
000046.17+170047.0,000046.17+170047.0,0.1816763541,OK,140.0000000000,5116.3619572100,"W1,W2",14.0078356118,0.0045974055,seasonal_median_flux,
000026.27+022140.8,000026.27+022140.8,0.1726426727,OK,102.0000000000,4749.7702152600,"W1,W2",13.0041621225,-0.0098892345,seasonal_median_flux,
000130.31+013749.2,000130.31+013749.2,0.1761185569,OK,187.0000000000,5113.8751701700,"W1,W2",14.0010271599,-0.0339442595,seasonal_median_flux,
000202.42+330824.3,000202.42+330824.3,,TOO_FEW_POINTS,13.0000000000,4907.7758250400,"W1,W2",13.4367579057,,,Only 13 epochs (need 20)
000139.32+331947.9,000139.32+331947.9,,TOO_FEW_POINTS,11.0000000000,3812.0897662400,"W1,W2",10.4369329671,,,Only 11 epochs (need 20)
000130.25+053321.5,000130.25+053321.5,,TOO_FEW_POINTS,6.0000000000,3268.9397404900,"W1,W2",8.9498692416,,,Only 6 epochs (need 20)
000015.56+194941.0,000015.56+194941.0,0.3426707093,OK,66.0000000000,5116.2571600700,"W1,W2",14.0075486929,0.2666557500,seasonal_median_flux,
000108.68+342549.2,000108.68+342549.2,0.2101602168,OK,124.0000000000,4914.2266464300,"W1,W2",13.4544192921,0.0766735005,seasonal_median_flux,
000116.51-031050.2,000116.51-031050.2,0.2542909907,OK,43.0000000000,4911.6107883100,"W1,W2",13.4472574629,0.0000000000,seasonal_median_flux,
000130.57+130847.3,000130.57+130847.3,,TOO_FEW_POINTS,0.0000000000,0.0000000000,none,0.0000000000,,,Only 1 valid W1 flux measurements
000028.24+184005.3,000028.24+184005.3,0.2732367224,OK,134.0000000000,5115.7599048400,"W1,W2",14.0061872822,0.3708168779,seasonal_median_flux,
000018.12+013637.1,000018.12+013637.1,,TOO_FEW_POINTS,0.0000000000,0.0000000000,none,0.0000000000,,,Only 4 valid W1 flux measurements
000020.66+312202.7,000020.66+312202.7,,TOO_FEW_POINTS,6.0000000000,3105.3549650400,"W1,W2",8.5019985354,,,Only 6 epochs (need 20)
000106.87+023845.9,000106.87+023845.9,,TOO_FEW_POINTS,10.0000000000,4384.2690780400,"W1,W2",12.0034745463,,,Only 10 epochs (need 20)
000155.79+102106.7,000155.79+102106.7,,TOO_FEW_POINTS,34.0000000000,4910.3175635500,"W1,W2",13.4437168064,,,Only 3 pre-gap epochs (need 5); AllWISE data missing or insufficient
000003.87-024228.0,000003.87-024228.0,0.3046651908,OK,25.0000000000,4911.5466100000,"W1,W2",13.4470817522,0.0360501063,seasonal_median_flux,
000030.64-064100.0,000030.64-064100.0,0.1320530291,OK,193.0000000000,5114.1183783600,"W1,W2",14.0016930277,0.1212731023,seasonal_median_flux,
000045.05+011127.8,000045.05+011127.8,,TOO_FEW_POINTS,17.0000000000,4179.8733495100,"W1,W2",11.4438695401,,,Only 17 epochs (need 20)
000038.85+054847.7,000038.85+054847.7,,TOO_FEW_POINTS,12.0000000000,5113.5570772000,"W1,W2",14.0001562689,,,Only 12 epochs (need 20)
000206.48+284933.5,000206.48+284933.5,0.0352779511,OK,228.0000000000,5116.4256420600,"W1,W2",14.0080099714,0.0132402487,seasonal_median_flux,
000200.07+291810.7,000200.07+291810.7,,TOO_FEW_POINTS,10.0000000000,4908.3302475900,"W1,W2",13.4382758319,,,Only 10 epochs (need 20)
000107.94+064643.7,000107.94+064643.7,,TOO_FEW_POINTS,65.0000000000,4911.1272991400,"W1,W2",13.4459337417,,,Only 3 pre-gap epochs (need 5); AllWISE data missing or insufficient
000116.62+195153.3,000116.62+195153.3,0.0609726025,OK,26.0000000000,4184.9489417600,"W1,W2",11.4577657543,0.0309710442,seasonal_median_flux,
000048.01+333926.9,000048.01+333926.9,,TOO_FEW_POINTS,15.0000000000,5113.5122913300,"W1,W2",14.0000336518,,,Only 15 epochs (need 20)
SDSS J015957.64+003310.5,SDSS J015957.64+003310.5,,UNSCORED,,,,,,,
SDSS J022556.07+003026.7,SDSS J022556.07+003026.7,,UNSCORED,,,,,,,
SDSS J100220.17+450927.3,SDSS J100220.17+450927.3,,UNSCORED,,,,,,,
SDSS J012648.08-083948.0,SDSS J012648.08-083948.0,,UNSCORED,,,,,,,
SDSS J124634.65+023809.0,SDSS J124634.65+023809.0,,UNSCORED,,,,,,,
SDSS J155440.25+362952.0,SDSS J155440.25+362952.0,,UNSCORED,,,,,,,
SDSS J214613.30+000930.0,SDSS J214613.30+000930.0,,UNSCORED,,,,,,,
Mrk 590,Mrk 590,,UNSCORED,,,,,,,
NGC 4151,NGC 4151,,UNSCORED,,,,,,,
NGC 1365,NGC 1365,,UNSCORED,,,,,,,
NGC 4395,NGC 4395,,UNSCORED,,,,,,,
SDSS J080101.41+184840.7,SDSS J080101.41+184840.7,,UNSCORED,,,,,,,
SDSS J002311.06+003517.5,SDSS J002311.06+003517.5,,UNSCORED,,,,,,,
SDSS J125343.60+122721.6,SDSS J125343.60+122721.6,,UNSCORED,,,,,,,
SDSS J134246.25+284027.4,SDSS J134246.25+284027.4,,UNSCORED,,,,,,,
SDSS J101152.98+544206.4,SDSS J101152.98+544206.4,,UNSCORED,,,,,,,
SDSS J163459.82+204936.4,SDSS J163459.82+204936.4,,UNSCORED,,,,,,,
SDSS J030639.57+000343.2,SDSS J030639.57+000343.2,,UNSCORED,,,,,,,
SDSS J104732.68+472532.0,SDSS J104732.68+472532.0,,UNSCORED,,,,,,,
SDSS J143450.62+033842.5,SDSS J143450.62+033842.5,,UNSCORED,,,,,,,
NGC 4051,NGC 4051,,UNSCORED,,,,,,,
NGC 7469,NGC 7469,,UNSCORED,,,,,,,
NGC 3783,NGC 3783,,UNSCORED,,,,,,,
NGC 4593,NGC 4593,,UNSCORED,,,,,,,
SN 2006jd,SN 2006jd,,UNSCORED,,,,,,,
SN 2009kn,SN 2009kn,,UNSCORED,,,,,,,
SN 2010jl,SN 2010jl,,UNSCORED,,,,,,,
SN 2011ht,SN 2011ht,,UNSCORED,,,,,,,
SN 2015da,SN 2015da,,UNSCORED,,,,,,,
SN 2017hcc,SN 2017hcc,,UNSCORED,,,,,,,
SN 2018zd,SN 2018zd,,UNSCORED,,,,,,,
SN 2019uo,SN 2019uo,,UNSCORED,,,,,,,
SN 2020oi,SN 2020oi,,UNSCORED,,,,,,,
SN 2020jfo,SN 2020jfo,,UNSCORED,,,,,,,
SN 2021J,SN 2021J,,UNSCORED,,,,,,,
SN 2021dbg,SN 2021dbg,,UNSCORED,,,,,,,
SN 2021hpr,SN 2021hpr,,UNSCORED,,,,,,,
SN 2022acko,SN 2022acko,,UNSCORED,,,,,,,
SN 2023bee,SN 2023bee,,UNSCORED,,,,,,,
SN 2023ixf,SN 2023ixf,,UNSCORED,,,,,,,
ASASSN-14li,ASASSN-14li,,UNSCORED,,,,,,,
ASASSN-15lh,ASASSN-15lh,,UNSCORED,,,,,,,
ASASSN-16fp,ASASSN-16fp,,UNSCORED,,,,,,,
ASASSN-17jz,ASASSN-17jz,,UNSCORED,,,,,,,
ASASSN-18jd,ASASSN-18jd,,UNSCORED,,,,,,,
ASASSN-19aad,ASASSN-19aad,,UNSCORED,,,,,,,
ASASSN-19bt,ASASSN-19bt,,UNSCORED,,,,,,,
ASASSN-20hx,ASASSN-20hx,,UNSCORED,,,,,,,
PKS 2155-304,PKS 2155-304,,UNSCORED,,,,,,,
1ES 1959+650,1ES 1959+650,,UNSCORED,,,,,,,
1ES 2344+514,1ES 2344+514,,UNSCORED,,,,,,,
W Com,W Com,,UNSCORED,,,,,,,
S5 0716+714,S5 0716+714,,UNSCORED,,,,,,,
ON 325,ON 325,,UNSCORED,,,,,,,
1ES 0229+200,1ES 0229+200,,UNSCORED,,,,,,,
1ES 0347-121,1ES 0347-121,,UNSCORED,,,,,,,
RGB J0710+591,RGB J0710+591,,UNSCORED,,,,,,,
1ES 1218+304,1ES 1218+304,,UNSCORED,,,,,,,
PKS 1424+240,PKS 1424+240,,UNSCORED,,,,,,,
1ES 1727+502,1ES 1727+502,,UNSCORED,,,,,,,
1ES 1741+196,1ES 1741+196,,UNSCORED,,,,,,,
S4 0954+658,S4 0954+658,,UNSCORED,,,,,,,
PKS 1510-089,PKS 1510-089,,UNSCORED,,,,,,,
CTA 102,CTA 102,,UNSCORED,,,,,,,
3C 454.3,3C 454.3,,UNSCORED,,,,,,,
4C 21.35,4C 21.35,,UNSCORED,,,,,,,
PKS 0454-234,PKS 0454-234,,UNSCORED,,,,,,,
PKS 0235+164,PKS 0235+164,,UNSCORED,,,,,,,
B2 1308+326,B2 1308+326,,UNSCORED,,,,,,,
NRAO 530,NRAO 530,,UNSCORED,,,,,,,
TXS 0506+056,TXS 0506+056,,UNSCORED,,,,,,,
PKS 0537-286,PKS 0537-286,,UNSCORED,,,,,,,
PKS 0727-11,PKS 0727-11,,UNSCORED,,,,,,,
PKS 1502+106,PKS 1502+106,,UNSCORED,,,,,,,
NRAO 190,NRAO 190,,UNSCORED,,,,,,,
PKS 2052-474,PKS 2052-474,,UNSCORED,,,,,,,
PKS 2142-758,PKS 2142-758,,UNSCORED,,,,,,,
CGRaBS J0239+0416,CGRaBS J0239+0416,,UNSCORED,,,,,,,
PKS 0537-441,PKS 0537-441,,UNSCORED,,,,,,,
083602.06+520824.7,083602.06+520824.7,,UNSCORED,,,,,,,
075425.30+343255.8,075425.30+343255.8,,UNSCORED,,,,,,,
081542.53+063522.9,081542.53+063522.9,,UNSCORED,,,,,,,
084302.49+185612.4,084302.49+185612.4,,UNSCORED,,,,,,,
075613.68+391513.4,075613.68+391513.4,,UNSCORED,,,,,,,
083237.43+365613.9,083237.43+365613.9,,UNSCORED,,,,,,,
084509.29+430226.9,084509.29+430226.9,,UNSCORED,,,,,,,
083844.13+541831.9,083844.13+541831.9,,UNSCORED,,,,,,,
083923.84+474517.4,083923.84+474517.4,,UNSCORED,,,,,,,
080939.35+554506.9,080939.35+554506.9,,UNSCORED,,,,,,,
075709.45+185237.9,075709.45+185237.9,,UNSCORED,,,,,,,
080956.64+201823.3,080956.64+201823.3,,UNSCORED,,,,,,,
075001.55+442845.1,075001.55+442845.1,,UNSCORED,,,,,,,
082432.99+514123.3,082432.99+514123.3,,UNSCORED,,,,,,,
083353.88+422401.8,083353.88+422401.8,,UNSCORED,,,,,,,
083924.60+575230.0,083924.60+575230.0,,UNSCORED,,,,,,,
082421.76+542431.0,082421.76+542431.0,,UNSCORED,,,,,,,
083753.88+193900.2,083753.88+193900.2,,UNSCORED,,,,,,,
080544.73+545349.2,080544.73+545349.2,,UNSCORED,,,,,,,
075525.15+492227.0,075525.15+492227.0,,UNSCORED,,,,,,,
083443.80+382632.7,083443.80+382632.7,,UNSCORED,,,,,,,
084313.41+535718.8,084313.41+535718.8,,UNSCORED,,,,,,,
081652.24+425829.3,081652.24+425829.3,,UNSCORED,,,,,,,
082127.13+280057.6,082127.13+280057.6,,UNSCORED,,,,,,,
083307.86+501000.3,083307.86+501000.3,,UNSCORED,,,,,,,
075401.44+262908.8,075401.44+262908.8,,UNSCORED,,,,,,,
081904.02+300058.0,081904.02+300058.0,,UNSCORED,,,,,,,
081116.70+320935.4,081116.70+320935.4,,UNSCORED,,,,,,,
081437.86+433353.6,081437.86+433353.6,,UNSCORED,,,,,,,
080411.19+431640.6,080411.19+431640.6,,UNSCORED,,,,,,,
074845.39+174836.9,074845.39+174836.9,,UNSCORED,,,,,,,
083410.60+353905.5,083410.60+353905.5,,UNSCORED,,,,,,,
084411.31+525211.4,084411.31+525211.4,,UNSCORED,,,,,,,
080322.48+433307.0,080322.48+433307.0,,UNSCORED,,,,,,,
081020.12+073414.6,081020.12+073414.6,,UNSCORED,,,,,,,
081808.76+204910.1,081808.76+204910.1,,UNSCORED,,,,,,,
080131.96+473616.0,080131.96+473616.0,,UNSCORED,,,,,,,
083424.48+572224.1,083424.48+572224.1,,UNSCORED,,,,,,,
083453.39+384708.5,083453.39+384708.5,,UNSCORED,,,,,,,
081144.47+121944.7,081144.47+121944.7,,UNSCORED,,,,,,,
075244.19+455657.4,075244.19+455657.4,,UNSCORED,,,,,,,
081329.29+483427.8,081329.29+483427.8,,UNSCORED,,,,,,,
083726.95+312104.8,083726.95+312104.8,,UNSCORED,,,,,,,
081059.78+300405.4,081059.78+300405.4,,UNSCORED,,,,,,,
084327.31+124417.0,084327.31+124417.0,,UNSCORED,,,,,,,
082157.58+081901.0,082157.58+081901.0,,UNSCORED,,,,,,,
084229.78+552516.3,084229.78+552516.3,,UNSCORED,,,,,,,
080554.11+111432.5,080554.11+111432.5,,UNSCORED,,,,,,,
083657.70+201942.2,083657.70+201942.2,,UNSCORED,,,,,,,
075101.42+291419.1,075101.42+291419.1,,UNSCORED,,,,,,,
075244.63+434105.3,075244.63+434105.3,,UNSCORED,,,,,,,
081857.21+111232.4,081857.21+111232.4,,UNSCORED,,,,,,,
075621.47+324846.7,075621.47+324846.7,,UNSCORED,,,,,,,
080804.98+424310.3,080804.98+424310.3,,UNSCORED,,,,,,,
083027.92+543026.1,083027.92+543026.1,,UNSCORED,,,,,,,
083646.86+151259.0,083646.86+151259.0,,UNSCORED,,,,,,,
081422.59+265410.4,081422.59+265410.4,,UNSCORED,,,,,,,
083350.81+445544.9,083350.81+445544.9,,UNSCORED,,,,,,,
082549.26+173348.5,082549.26+173348.5,,UNSCORED,,,,,,,
082320.27+044300.0,082320.27+044300.0,,UNSCORED,,,,,,,
080908.28+202420.4,080908.28+202420.4,,UNSCORED,,,,,,,
083533.10+494817.2,083533.10+494817.2,,UNSCORED,,,,,,,
081359.30+213512.7,081359.30+213512.7,,UNSCORED,,,,,,,
084349.75+261910.7,084349.75+261910.7,,UNSCORED,,,,,,,
075209.09+414235.5,075209.09+414235.5,,UNSCORED,,,,,,,
083630.99+411326.0,083630.99+411326.0,,UNSCORED,,,,,,,
083647.50+042214.4,083647.50+042214.4,,UNSCORED,,,,,,,
075659.58+452830.5,075659.58+452830.5,,UNSCORED,,,,,,,
080452.73+212050.2,080452.73+212050.2,,UNSCORED,,,,,,,
083943.59+433018.0,083943.59+433018.0,,UNSCORED,,,,,,,
083717.89+191648.0,083717.89+191648.0,,UNSCORED,,,,,,,
080639.13+492747.6,080639.13+492747.6,,UNSCORED,,,,,,,
081427.69+433705.1,081427.69+433705.1,,UNSCORED,,,,,,,
083137.94+432825.2,083137.94+432825.2,,UNSCORED,,,,,,,
075216.55+500251.3,075216.55+500251.3,,UNSCORED,,,,,,,
075819.68+421935.1,075819.68+421935.1,,UNSCORED,,,,,,,
074840.67+192703.6,074840.67+192703.6,,UNSCORED,,,,,,,
082930.59+081238.0,082930.59+081238.0,,UNSCORED,,,,,,,
080402.54+370201.2,080402.54+370201.2,,UNSCORED,,,,,,,
081953.08+561017.7,081953.08+561017.7,,UNSCORED,,,,,,,
080202.78+101943.1,080202.78+101943.1,,UNSCORED,,,,,,,
084207.59+274326.1,084207.59+274326.1,,UNSCORED,,,,,,,
075949.54+320023.8,075949.54+320023.8,,UNSCORED,,,,,,,
075643.10+310248.9,075643.10+310248.9,,UNSCORED,,,,,,,
080849.07+452907.3,080849.07+452907.3,,UNSCORED,,,,,,,
082734.94+493210.0,082734.94+493210.0,,UNSCORED,,,,,,,
080838.69+505124.2,080838.69+505124.2,,UNSCORED,,,,,,,
083512.36+124234.5,083512.36+124234.5,,UNSCORED,,,,,,,
083740.02+105902.1,083740.02+105902.1,,UNSCORED,,,,,,,
083125.11+560925.2,083125.11+560925.2,,UNSCORED,,,,,,,
080120.97+194803.9,080120.97+194803.9,,UNSCORED,,,,,,,
080729.43+261805.9,080729.43+261805.9,,UNSCORED,,,,,,,
082739.00+094209.4,082739.00+094209.4,,UNSCORED,,,,,,,
082059.27+264521.2,082059.27+264521.2,,UNSCORED,,,,,,,
081429.25+265241.7,081429.25+265241.7,,UNSCORED,,,,,,,
081651.10+180249.6,081651.10+180249.6,,UNSCORED,,,,,,,
080334.73+433019.7,080334.73+433019.7,,UNSCORED,,,,,,,
081018.67+250921.2,081018.67+250921.2,,UNSCORED,,,,,,,
083117.99+450024.4,083117.99+450024.4,,UNSCORED,,,,,,,
081916.28+481745.5,081916.28+481745.5,,UNSCORED,,,,,,,
082942.94+283521.5,082942.94+283521.5,,UNSCORED,,,,,,,
080559.94+260602.3,080559.94+260602.3,,UNSCORED,,,,,,,
075805.17+393814.9,075805.17+393814.9,,UNSCORED,,,,,,,
082842.73+454433.2,082842.73+454433.2,,UNSCORED,,,,,,,
081252.76+102509.0,081252.76+102509.0,,UNSCORED,,,,,,,
075403.60+481428.0,075403.60+481428.0,,UNSCORED,,,,,,,
083859.56+530639.8,083859.56+530639.8,,UNSCORED,,,,,,,
080606.87+383402.1,080606.87+383402.1,,UNSCORED,,,,,,,
083410.44+331050.4,083410.44+331050.4,,UNSCORED,,,,,,,
075112.18+174351.7,075112.18+174351.7,,UNSCORED,,,,,,,
080816.71+530742.0,080816.71+530742.0,,UNSCORED,,,,,,,
080330.39+262824.0,080330.39+262824.0,,UNSCORED,,,,,,,
083522.28+260539.1,083522.28+260539.1,,UNSCORED,,,,,,,
074903.24+452053.6,074903.24+452053.6,,UNSCORED,,,,,,,
083917.35+392818.0,083917.35+392818.0,,UNSCORED,,,,,,,
082736.74+214220.3,082736.74+214220.3,,UNSCORED,,,,,,,
081957.28+103706.6,081957.28+103706.6,,UNSCORED,,,,,,,
081445.09+243635.0,081445.09+243635.0,,UNSCORED,,,,,,,
081317.91+435620.6,081317.91+435620.6,,UNSCORED,,,,,,,
083049.34+172826.3,083049.34+172826.3,,UNSCORED,,,,,,,
083343.47+074654.4,083343.47+074654.4,,UNSCORED,,,,,,,
083227.36+503505.7,083227.36+503505.7,,UNSCORED,,,,,,,
080314.81+091851.5,080314.81+091851.5,,UNSCORED,,,,,,,
081441.91+212918.5,081441.91+212918.5,,UNSCORED,,,,,,,
084419.70+450131.6,084419.70+450131.6,,UNSCORED,,,,,,,
075934.94+322143.3,075934.94+322143.3,,UNSCORED,,,,,,,
081801.46+205009.9,081801.46+205009.9,,UNSCORED,,,,,,,
081032.72+565105.2,081032.72+565105.2,,UNSCORED,,,,,,,
075057.26+353037.6,075057.26+353037.6,,UNSCORED,,,,,,,
083933.25+065119.6,083933.25+065119.6,,UNSCORED,,,,,,,
074957.44+312006.1,074957.44+312006.1,,UNSCORED,,,,,,,
083052.45+431419.9,083052.45+431419.9,,UNSCORED,,,,,,,
080142.15+514023.3,080142.15+514023.3,,UNSCORED,,,,,,,
084203.73+401831.2,084203.73+401831.2,,UNSCORED,,,,,,,
081506.01+562916.6,081506.01+562916.6,,UNSCORED,,,,,,,
082113.71+350305.0,082113.71+350305.0,,UNSCORED,,,,,,,
083829.09+294710.2,083829.09+294710.2,,UNSCORED,,,,,,,
080037.62+461257.9,080037.62+461257.9,,UNSCORED,,,,,,,
084206.38+343856.0,084206.38+343856.0,,UNSCORED,,,,,,,
083045.40+450235.8,083045.40+450235.8,,UNSCORED,,,,,,,
080818.34+481758.9,080818.34+481758.9,,UNSCORED,,,,,,,
081835.59+390911.1,081835.59+390911.1,,UNSCORED,,,,,,,
084142.99+040427.5,084142.99+040427.5,,UNSCORED,,,,,,,
083849.56+463204.3,083849.56+463204.3,,UNSCORED,,,,,,,
083553.46+055317.1,083553.46+055317.1,,UNSCORED,,,,,,,
083139.75+195605.4,083139.75+195605.4,,UNSCORED,,,,,,,
081916.75+270733.8,081916.75+270733.8,,UNSCORED,,,,,,,
075102.37+241019.0,075102.37+241019.0,,UNSCORED,,,,,,,
083148.87+042939.0,083148.87+042939.0,,UNSCORED,,,,,,,
082537.76+474029.4,082537.76+474029.4,,UNSCORED,,,,,,,
075824.06+431111.0,075824.06+431111.0,,UNSCORED,,,,,,,
080308.64+530004.7,080308.64+530004.7,,UNSCORED,,,,,,,
083303.21+272241.8,083303.21+272241.8,,UNSCORED,,,,,,,
081822.14+233206.8,081822.14+233206.8,,UNSCORED,,,,,,,
081451.42+433010.8,081451.42+433010.8,,UNSCORED,,,,,,,
081252.45+402348.8,081252.45+402348.8,,UNSCORED,,,,,,,
081636.18+294135.7,081636.18+294135.7,,UNSCORED,,,,,,,
080118.88+203556.2,080118.88+203556.2,,UNSCORED,,,,,,,
081652.88+241612.5,081652.88+241612.5,,UNSCORED,,,,,,,
081112.57+224230.4,081112.57+224230.4,,UNSCORED,,,,,,,
075437.80+181240.7,075437.80+181240.7,,UNSCORED,,,,,,,
083852.91+264120.9,083852.91+264120.9,,UNSCORED,,,,,,,
080930.46+214614.9,080930.46+214614.9,,UNSCORED,,,,,,,
081657.67+365743.5,081657.67+365743.5,,UNSCORED,,,,,,,
081933.49+393233.2,081933.49+393233.2,,UNSCORED,,,,,,,
080600.19+134322.0,080600.19+134322.0,,UNSCORED,,,,,,,
081738.33+242330.0,081738.33+242330.0,,UNSCORED,,,,,,,
084205.57+075925.5,084205.57+075925.5,,UNSCORED,,,,,,,
080742.46+375332.1,080742.46+375332.1,,UNSCORED,,,,,,,
083658.90+442602.2,083658.90+442602.2,,UNSCORED,,,,,,,
075939.50+140543.5,075939.50+140543.5,,UNSCORED,,,,,,,
080054.00+391719.1,080054.00+391719.1,,UNSCORED,,,,,,,
080131.58+354436.4,080131.58+354436.4,,UNSCORED,,,,,,,
074838.61+472323.0,074838.61+472323.0,,UNSCORED,,,,,,,
074838.00+285059.4,074838.00+285059.4,,UNSCORED,,,,,,,
081516.86+460430.8,081516.86+460430.8,,UNSCORED,,,,,,,
082311.26+435318.5,082311.26+435318.5,,UNSCORED,,,,,,,
075318.26+492616.5,075318.26+492616.5,,UNSCORED,,,,,,,
075944.92+183953.7,075944.92+183953.7,,UNSCORED,,,,,,,
084225.43+411517.2,084225.43+411517.2,,UNSCORED,,,,,,,
083315.08+100052.3,083315.08+100052.3,,UNSCORED,,,,,,,
080835.12+111919.4,080835.12+111919.4,,UNSCORED,,,,,,,
075156.63+514323.9,075156.63+514323.9,,UNSCORED,,,,,,,
075619.07+122929.1,075619.07+122929.1,,UNSCORED,,,,,,,
081809.90+294841.8,081809.90+294841.8,,UNSCORED,,,,,,,
083754.97+175251.2,083754.97+175251.2,,UNSCORED,,,,,,,
075620.07+304535.4,075620.07+304535.4,,UNSCORED,,,,,,,
082508.23+422516.2,082508.23+422516.2,,UNSCORED,,,,,,,
080309.36+553620.5,080309.36+553620.5,,UNSCORED,,,,,,,
082216.91+345508.4,082216.91+345508.4,,UNSCORED,,,,,,,
082405.19+445246.0,082405.19+445246.0,,UNSCORED,,,,,,,
083837.29+561513.8,083837.29+561513.8,,UNSCORED,,,,,,,
080652.11+564412.8,080652.11+564412.8,,UNSCORED,,,,,,,
080422.61+192638.7,080422.61+192638.7,,UNSCORED,,,,,,,
080409.24+385348.7,080409.24+385348.7,,UNSCORED,,,,,,,
080940.88+300724.4,080940.88+300724.4,,UNSCORED,,,,,,,
074906.50+451033.8,074906.50+451033.8,,UNSCORED,,,,,,,
080544.13+113040.2,080544.13+113040.2,,UNSCORED,,,,,,,
081630.15+272740.4,081630.15+272740.4,,UNSCORED,,,,,,,
081237.83+435635.0,081237.83+435635.0,,UNSCORED,,,,,,,
080846.15+545132.6,080846.15+545132.6,,UNSCORED,,,,,,,
083138.49+262840.3,083138.49+262840.3,,UNSCORED,,,,,,,
081438.27+290619.9,081438.27+290619.9,,UNSCORED,,,,,,,
081312.54+054208.6,081312.54+054208.6,,UNSCORED,,,,,,,
083236.28+044505.9,083236.28+044505.9,,UNSCORED,,,,,,,
084349.32+464400.7,084349.32+464400.7,,UNSCORED,,,,,,,
082451.13+473221.4,082451.13+473221.4,,UNSCORED,,,,,,,
082509.25+263438.6,082509.25+263438.6,,UNSCORED,,,,,,,
082628.20+085535.4,082628.20+085535.4,,UNSCORED,,,,,,,
084001.29+502944.9,084001.29+502944.9,,UNSCORED,,,,,,,
080330.33+152915.1,080330.33+152915.1,,UNSCORED,,,,,,,
075801.99+491022.4,075801.99+491022.4,,UNSCORED,,,,,,,
084443.94+312003.8,084443.94+312003.8,,UNSCORED,,,,,,,
080540.55+481046.3,080540.55+481046.3,,UNSCORED,,,,,,,
081249.58+463050.7,081249.58+463050.7,,UNSCORED,,,,,,,
075314.81+305736.6,075314.81+305736.6,,UNSCORED,,,,,,,
083640.18+155229.7,083640.18+155229.7,,UNSCORED,,,,,,,
082733.93+043617.3,082733.93+043617.3,,UNSCORED,,,,,,,
083746.61+320311.8,083746.61+320311.8,,UNSCORED,,,,,,,
082400.61+530606.9,082400.61+530606.9,,UNSCORED,,,,,,,
075214.15+514813.3,075214.15+514813.3,,UNSCORED,,,,,,,
080624.78+450701.3,080624.78+450701.3,,UNSCORED,,,,,,,
075503.96+173325.8,075503.96+173325.8,,UNSCORED,,,,,,,
080426.23+503736.6,080426.23+503736.6,,UNSCORED,,,,,,,
081044.98+364340.6,081044.98+364340.6,,UNSCORED,,,,,,,
083005.72+593248.1,083005.72+593248.1,,UNSCORED,,,,,,,
081612.81+140058.4,081612.81+140058.4,,UNSCORED,,,,,,,
080829.17+440754.1,080829.17+440754.1,,UNSCORED,,,,,,,
083254.76+452610.3,083254.76+452610.3,,UNSCORED,,,,,,,
081501.85+525255.5,081501.85+525255.5,,UNSCORED,,,,,,,
081941.44+451406.6,081941.44+451406.6,,UNSCORED,,,,,,,
083127.59+054924.6,083127.59+054924.6,,UNSCORED,,,,,,,
081231.43+441620.8,081231.43+441620.8,,UNSCORED,,,,,,,
074948.26+345444.0,074948.26+345444.0,,UNSCORED,,,,,,,
074920.00+234104.4,074920.00+234104.4,,UNSCORED,,,,,,,
075752.13+434504.1,075752.13+434504.1,,UNSCORED,,,,,,,
075204.44+490616.9,075204.44+490616.9,,UNSCORED,,,,,,,
075217.84+193542.2,075217.84+193542.2,,UNSCORED,,,,,,,
081840.29+210208.5,081840.29+210208.5,,UNSCORED,,,,,,,
083518.53+274430.3,083518.53+274430.3,,UNSCORED,,,,,,,
080220.71+330730.8,080220.71+330730.8,,UNSCORED,,,,,,,
083703.29+250815.2,083703.29+250815.2,,UNSCORED,,,,,,,
080852.25+131908.7,080852.25+131908.7,,UNSCORED,,,,,,,
080711.17+430906.9,080711.17+430906.9,,UNSCORED,,,,,,,
082800.60+401135.1,082800.60+401135.1,,UNSCORED,,,,,,,
083225.34+370736.2,083225.34+370736.2,,UNSCORED,,,,,,,
081651.86+495334.8,081651.86+495334.8,,UNSCORED,,,,,,,
081443.40+435314.7,081443.40+435314.7,,UNSCORED,,,,,,,
075623.13+455926.6,075623.13+455926.6,,UNSCORED,,,,,,,
074852.21+475435.0,074852.21+475435.0,,UNSCORED,,,,,,,
081734.32+220724.2,081734.32+220724.2,,UNSCORED,,,,,,,
082012.50+352053.8,082012.50+352053.8,,UNSCORED,,,,,,,
081527.29+445937.4,081527.29+445937.4,,UNSCORED,,,,,,,
075903.88+384226.1,075903.88+384226.1,,UNSCORED,,,,,,,
082638.04+435300.5,082638.04+435300.5,,UNSCORED,,,,,,,
081456.09+532533.5,081456.09+532533.5,,UNSCORED,,,,,,,
075147.71+245352.7,075147.71+245352.7,,UNSCORED,,,,,,,
081803.70+434442.1,081803.70+434442.1,,UNSCORED,,,,,,,
075510.90+330421.8,075510.90+330421.8,,UNSCORED,,,,,,,
075956.76+293630.8,075956.76+293630.8,,UNSCORED,,,,,,,
081521.51+492126.3,081521.51+492126.3,,UNSCORED,,,,,,,
083417.90+491439.2,083417.90+491439.2,,UNSCORED,,,,,,,
080720.63+144928.3,080720.63+144928.3,,UNSCORED,,,,,,,
075012.33+225334.0,075012.33+225334.0,,UNSCORED,,,,,,,
082358.30+213545.2,082358.30+213545.2,,UNSCORED,,,,,,,
082014.82+451358.9,082014.82+451358.9,,UNSCORED,,,,,,,
083246.92+285312.0,083246.92+285312.0,,UNSCORED,,,,,,,
084016.10+351337.6,084016.10+351337.6,,UNSCORED,,,,,,,
082205.24+455349.1,082205.24+455349.1,,UNSCORED,,,,,,,
081626.92+193630.0,081626.92+193630.0,,UNSCORED,,,,,,,
080204.65+513640.5,080204.65+513640.5,,UNSCORED,,,,,,,
075446.07+403019.8,075446.07+403019.8,,UNSCORED,,,,,,,
080427.98+522306.2,080427.98+522306.2,,UNSCORED,,,,,,,
082227.42+482747.9,082227.42+482747.9,,UNSCORED,,,,,,,
083817.01+202804.9,083817.01+202804.9,,UNSCORED,,,,,,,
080733.65+134055.7,080733.65+134055.7,,UNSCORED,,,,,,,
081912.05+204806.5,081912.05+204806.5,,UNSCORED,,,,,,,
083407.28+394537.2,083407.28+394537.2,,UNSCORED,,,,,,,
081015.33+412110.6,081015.33+412110.6,,UNSCORED,,,,,,,
074844.87+441422.0,074844.87+441422.0,,UNSCORED,,,,,,,
075355.23+161938.5,075355.23+161938.5,,UNSCORED,,,,,,,
084116.86+364701.0,084116.86+364701.0,,UNSCORED,,,,,,,
080254.32+325725.7,080254.32+325725.7,,UNSCORED,,,,,,,
082654.61+422228.1,082654.61+422228.1,,UNSCORED,,,,,,,
082548.51+532854.4,082548.51+532854.4,,UNSCORED,,,,,,,
075921.56+381204.9,075921.56+381204.9,,UNSCORED,,,,,,,
083532.06+530011.7,083532.06+530011.7,,UNSCORED,,,,,,,
084339.24+053125.2,084339.24+053125.2,,UNSCORED,,,,,,,
083026.01+534834.0,083026.01+534834.0,,UNSCORED,,,,,,,
080718.99+140524.7,080718.99+140524.7,,UNSCORED,,,,,,,
082350.66+380858.0,082350.66+380858.0,,UNSCORED,,,,,,,
081238.61+321537.8,081238.61+321537.8,,UNSCORED,,,,,,,
081805.75+281733.9,081805.75+281733.9,,UNSCORED,,,,,,,
083325.78+402354.0,083325.78+402354.0,,UNSCORED,,,,,,,
082340.20+510815.7,082340.20+510815.7,,UNSCORED,,,,,,,
084436.15+551352.3,084436.15+551352.3,,UNSCORED,,,,,,,
082652.18+083212.6,082652.18+083212.6,,UNSCORED,,,,,,,
080133.28+341737.6,080133.28+341737.6,,UNSCORED,,,,,,,
074928.05+175434.1,074928.05+175434.1,,UNSCORED,,,,,,,
083228.60-045324.8,083228.60-045324.8,,UNSCORED,,,,,,,
083947.90+122121.6,083947.90+122121.6,,UNSCORED,,,,,,,
084258.18+324350.7,084258.18+324350.7,,UNSCORED,,,,,,,
075813.57+432544.0,075813.57+432544.0,,UNSCORED,,,,,,,
074953.70+225439.2,074953.70+225439.2,,UNSCORED,,,,,,,
080343.17+373305.6,080343.17+373305.6,,UNSCORED,,,,,,,
080514.64+465228.8,080514.64+465228.8,,UNSCORED,,,,,,,
082345.60+325929.5,082345.60+325929.5,,UNSCORED,,,,,,,
075134.80+220306.9,075134.80+220306.9,,UNSCORED,,,,,,,
083728.47+370638.3,083728.47+370638.3,,UNSCORED,,,,,,,
082047.36+582845.2,082047.36+582845.2,,UNSCORED,,,,,,,
075903.04+245203.8,075903.04+245203.8,,UNSCORED,,,,,,,
081749.43+334700.2,081749.43+334700.2,,UNSCORED,,,,,,,
080644.42+484149.1,080644.42+484149.1,,UNSCORED,,,,,,,
084459.28+350314.7,084459.28+350314.7,,UNSCORED,,,,,,,
074946.51+285409.8,074946.51+285409.8,,UNSCORED,,,,,,,
082143.90+274438.7,082143.90+274438.7,,UNSCORED,,,,,,,
080333.22+243033.1,080333.22+243033.1,,UNSCORED,,,,,,,
084248.78+520725.9,084248.78+520725.9,,UNSCORED,,,,,,,
075047.33+483926.2,075047.33+483926.2,,UNSCORED,,,,,,,
075757.57+451230.1,075757.57+451230.1,,UNSCORED,,,,,,,
080523.87+475035.3,080523.87+475035.3,,UNSCORED,,,,,,,
081651.37+143606.2,081651.37+143606.2,,UNSCORED,,,,,,,
083234.78+072917.2,083234.78+072917.2,,UNSCORED,,,,,,,
075430.13+215322.4,075430.13+215322.4,,UNSCORED,,,,,,,
084021.91+101723.7,084021.91+101723.7,,UNSCORED,,,,,,,
074955.36+395003.6,074955.36+395003.6,,UNSCORED,,,,,,,
074848.58+382110.8,074848.58+382110.8,,UNSCORED,,,,,,,
075737.33+533324.4,075737.33+533324.4,,UNSCORED,,,,,,,
084038.76+503633.6,084038.76+503633.6,,UNSCORED,,,,,,,
080235.89+475134.0,080235.89+475134.0,,UNSCORED,,,,,,,
081038.55+234102.0,081038.55+234102.0,,UNSCORED,,,,,,,
083259.86+354515.5,083259.86+354515.5,,UNSCORED,,,,,,,
084311.38+405027.5,084311.38+405027.5,,UNSCORED,,,,,,,
081001.90+544635.9,081001.90+544635.9,,UNSCORED,,,,,,,
080612.58+175258.3,080612.58+175258.3,,UNSCORED,,,,,,,
081544.33+334040.8,081544.33+334040.8,,UNSCORED,,,,,,,
083822.20+610814.3,083822.20+610814.3,,UNSCORED,,,,,,,
075554.45+102516.1,075554.45+102516.1,,UNSCORED,,,,,,,
080437.96+455545.3,080437.96+455545.3,,UNSCORED,,,,,,,
081059.27+283658.6,081059.27+283658.6,,UNSCORED,,,,,,,
081522.98+291823.7,081522.98+291823.7,,UNSCORED,,,,,,,
075429.82+290601.1,075429.82+290601.1,,UNSCORED,,,,,,,
075230.82+340430.7,075230.82+340430.7,,UNSCORED,,,,,,,
083512.67+552336.8,083512.67+552336.8,,UNSCORED,,,,,,,
081755.76+370350.1,081755.76+370350.1,,UNSCORED,,,,,,,
075352.98+315341.6,075352.98+315341.6,,UNSCORED,,,,,,,
082001.18+223954.2,082001.18+223954.2,,UNSCORED,,,,,,,
081126.44+492226.5,081126.44+492226.5,,UNSCORED,,,,,,,
080101.08+132047.6,080101.08+132047.6,,UNSCORED,,,,,,,
083247.26+494645.0,083247.26+494645.0,,UNSCORED,,,,,,,
083540.64+541417.1,083540.64+541417.1,,UNSCORED,,,,,,,
075250.10+481910.7,075250.10+481910.7,,UNSCORED,,,,,,,
083620.02+065640.3,083620.02+065640.3,,UNSCORED,,,,,,,
075952.64+141358.9,075952.64+141358.9,,UNSCORED,,,,,,,
083925.79+310740.0,083925.79+310740.0,,UNSCORED,,,,,,,
075608.16+394715.7,075608.16+394715.7,,UNSCORED,,,,,,,
082543.88+462308.2,082543.88+462308.2,,UNSCORED,,,,,,,
082402.40+223921.8,082402.40+223921.8,,UNSCORED,,,,,,,
080858.15+241247.0,080858.15+241247.0,,UNSCORED,,,,,,,
082954.68+205246.7,082954.68+205246.7,,UNSCORED,,,,,,,
080358.24+094219.8,080358.24+094219.8,,UNSCORED,,,,,,,
075557.70+463317.2,075557.70+463317.2,,UNSCORED,,,,,,,
082619.42+603558.0,082619.42+603558.0,,UNSCORED,,,,,,,
075245.80+292742.3,075245.80+292742.3,,UNSCORED,,,,,,,
083012.68+011919.7,083012.68+011919.7,,UNSCORED,,,,,,,
083219.10+425721.2,083219.10+425721.2,,UNSCORED,,,,,,,
080833.18+393339.3,080833.18+393339.3,,UNSCORED,,,,,,,
081222.00+271213.0,081222.00+271213.0,,UNSCORED,,,,,,,
083318.15+151609.9,083318.15+151609.9,,UNSCORED,,,,,,,
084323.53+374736.5,084323.53+374736.5,,UNSCORED,,,,,,,
080952.50+234746.0,080952.50+234746.0,,UNSCORED,,,,,,,
074840.52+154456.8,074840.52+154456.8,,UNSCORED,,,,,,,
082858.33+275207.7,082858.33+275207.7,,UNSCORED,,,,,,,
081021.11+440426.5,081021.11+440426.5,,UNSCORED,,,,,,,
083739.42+272116.7,083739.42+272116.7,,UNSCORED,,,,,,,
080205.97+513245.4,080205.97+513245.4,,UNSCORED,,,,,,,
082501.20+174323.9,082501.20+174323.9,,UNSCORED,,,,,,,
080430.87+315404.9,080430.87+315404.9,,UNSCORED,,,,,,,
084828.27+275149.7,084828.27+275149.7,,UNSCORED,,,,,,,
081921.95+351706.5,081921.95+351706.5,,UNSCORED,,,,,,,
080510.99+205536.1,080510.99+205536.1,,UNSCORED,,,,,,,
080034.20+432700.4,080034.20+432700.4,,UNSCORED,,,,,,,
081228.59+343914.8,081228.59+343914.8,,UNSCORED,,,,,,,
083928.41+364418.8,083928.41+364418.8,,UNSCORED,,,,,,,
082536.84+195950.8,082536.84+195950.8,,UNSCORED,,,,,,,
082158.31+305137.7,082158.31+305137.7,,UNSCORED,,,,,,,
082847.69+363724.1,082847.69+363724.1,,UNSCORED,,,,,,,
084514.18+064329.6,084514.18+064329.6,,UNSCORED,,,,,,,
080526.71+503250.4,080526.71+503250.4,,UNSCORED,,,,,,,
084115.91+274339.0,084115.91+274339.0,,UNSCORED,,,,,,,
081014.07+564532.0,081014.07+564532.0,,UNSCORED,,,,,,,
082953.56+370414.5,082953.56+370414.5,,UNSCORED,,,,,,,
082804.84+362017.5,082804.84+362017.5,,UNSCORED,,,,,,,
075853.61+111944.1,075853.61+111944.1,,UNSCORED,,,,,,,
083433.13+261140.1,083433.13+261140.1,,UNSCORED,,,,,,,
083229.31+522315.5,083229.31+522315.5,,UNSCORED,,,,,,,
082936.15+451151.0,082936.15+451151.0,,UNSCORED,,,,,,,
080704.88+360353.5,080704.88+360353.5,,UNSCORED,,,,,,,
083915.02+284009.9,083915.02+284009.9,,UNSCORED,,,,,,,
082917.78+545923.6,082917.78+545923.6,,UNSCORED,,,,,,,
082233.30+335524.9,082233.30+335524.9,,UNSCORED,,,,,,,
082717.99+471036.3,082717.99+471036.3,,UNSCORED,,,,,,,
075946.50+225845.3,075946.50+225845.3,,UNSCORED,,,,,,,
080112.02+512812.0,080112.02+512812.0,,UNSCORED,,,,,,,
081739.95+101120.2,081739.95+101120.2,,UNSCORED,,,,,,,
083005.54+364648.3,083005.54+364648.3,,UNSCORED,,,,,,,
081202.48+572529.8,081202.48+572529.8,,UNSCORED,,,,,,,
081535.70+421801.6,081535.70+421801.6,,UNSCORED,,,,,,,
084328.62+301357.2,084328.62+301357.2,,UNSCORED,,,,,,,
082652.39+502919.8,082652.39+502919.8,,UNSCORED,,,,,,,
082742.00+513044.7,082742.00+513044.7,,UNSCORED,,,,,,,
082439.93+314623.9,082439.93+314623.9,,UNSCORED,,,,,,,
083545.54+491532.5,083545.54+491532.5,,UNSCORED,,,,,,,
084222.13+434801.9,084222.13+434801.9,,UNSCORED,,,,,,,
082038.88+381136.4,082038.88+381136.4,,UNSCORED,,,,,,,
081318.28+404736.5,081318.28+404736.5,,UNSCORED,,,,,,,
084455.79+470334.0,084455.79+470334.0,,UNSCORED,,,,,,,
081338.47+215349.8,081338.47+215349.8,,UNSCORED,,,,,,,
082106.88+015357.0,082106.88+015357.0,,UNSCORED,,,,,,,
075031.38+192754.5,075031.38+192754.5,,UNSCORED,,,,,,,
083257.51+300453.5,083257.51+300453.5,,UNSCORED,,,,,,,
084018.12+485039.7,084018.12+485039.7,,UNSCORED,,,,,,,
080445.73+302230.9,080445.73+302230.9,,UNSCORED,,,,,,,
084513.62+473327.0,084513.62+473327.0,,UNSCORED,,,,,,,
084016.05+461152.4,084016.05+461152.4,,UNSCORED,,,,,,,
080010.74+214027.2,080010.74+214027.2,,UNSCORED,,,,,,,
083041.96+063102.4,083041.96+063102.4,,UNSCORED,,,,,,,
074950.95+272809.3,074950.95+272809.3,,UNSCORED,,,,,,,
081303.64+253716.8,081303.64+253716.8,,UNSCORED,,,,,,,
083010.50+321352.7,083010.50+321352.7,,UNSCORED,,,,,,,
081528.88+333254.2,081528.88+333254.2,,UNSCORED,,,,,,,
080811.69+502040.1,080811.69+502040.1,,UNSCORED,,,,,,,
083359.96-045833.7,083359.96-045833.7,,UNSCORED,,,,,,,
081704.21+244644.1,081704.21+244644.1,,UNSCORED,,,,,,,
081928.89+532840.7,081928.89+532840.7,,UNSCORED,,,,,,,
084112.11+300934.0,084112.11+300934.0,,UNSCORED,,,,,,,
082927.96+214330.3,082927.96+214330.3,,UNSCORED,,,,,,,
083649.90+191818.0,083649.90+191818.0,,UNSCORED,,,,,,,
083322.29+055859.1,083322.29+055859.1,,UNSCORED,,,,,,,
084152.85+234855.4,084152.85+234855.4,,UNSCORED,,,,,,,
075822.02+421754.3,075822.02+421754.3,,UNSCORED,,,,,,,
083314.22+264550.6,083314.22+264550.6,,UNSCORED,,,,,,,
082337.69+571940.2,082337.69+571940.2,,UNSCORED,,,,,,,
081755.63+403325.6,081755.63+403325.6,,UNSCORED,,,,,,,
080516.42+213737.1,080516.42+213737.1,,UNSCORED,,,,,,,
081042.44+483915.2,081042.44+483915.2,,UNSCORED,,,,,,,
082330.22+492914.9,082330.22+492914.9,,UNSCORED,,,,,,,
080726.52+202700.8,080726.52+202700.8,,UNSCORED,,,,,,,
075404.43+174437.3,075404.43+174437.3,,UNSCORED,,,,,,,
080238.22+225853.5,080238.22+225853.5,,UNSCORED,,,,,,,
082310.81+531614.9,082310.81+531614.9,,UNSCORED,,,,,,,
081855.95+424420.0,081855.95+424420.0,,UNSCORED,,,,,,,
083152.03+172245.2,083152.03+172245.2,,UNSCORED,,,,,,,
080608.13+244421.0,080608.13+244421.0,,UNSCORED,,,,,,,
081352.77-065914.3,081352.77-065914.3,,UNSCORED,,,,,,,
083510.88+362019.2,083510.88+362019.2,,UNSCORED,,,,,,,
075854.38+444738.2,075854.38+444738.2,,UNSCORED,,,,,,,
081851.16+070528.5,081851.16+070528.5,,UNSCORED,,,,,,,
083654.98+075712.4,083654.98+075712.4,,UNSCORED,,,,,,,
083334.92+342002.5,083334.92+342002.5,,UNSCORED,,,,,,,
075133.03+341508.0,075133.03+341508.0,,UNSCORED,,,,,,,
080933.66+343800.8,080933.66+343800.8,,UNSCORED,,,,,,,
082708.43+285947.1,082708.43+285947.1,,UNSCORED,,,,,,,
081925.04+224416.3,081925.04+224416.3,,UNSCORED,,,,,,,
082438.58+350342.5,082438.58+350342.5,,UNSCORED,,,,,,,
075112.65+280403.5,075112.65+280403.5,,UNSCORED,,,,,,,
081707.75+354812.1,081707.75+354812.1,,UNSCORED,,,,,,,
084330.71+234614.7,084330.71+234614.7,,UNSCORED,,,,,,,
081603.83+430521.1,081603.83+430521.1,,UNSCORED,,,,,,,
081155.08+133648.1,081155.08+133648.1,,UNSCORED,,,,,,,
080916.33+393134.7,080916.33+393134.7,,UNSCORED,,,,,,,
075535.41+292047.4,075535.41+292047.4,,UNSCORED,,,,,,,
081758.37+550744.8,081758.37+550744.8,,UNSCORED,,,,,,,
080441.40+212338.5,080441.40+212338.5,,UNSCORED,,,,,,,
081903.97+280902.2,081903.97+280902.2,,UNSCORED,,,,,,,
080424.20+065456.9,080424.20+065456.9,,UNSCORED,,,,,,,
082412.05+500700.2,082412.05+500700.2,,UNSCORED,,,,,,,
084443.80+510426.3,084443.80+510426.3,,UNSCORED,,,,,,,
075703.65+301905.4,075703.65+301905.4,,UNSCORED,,,,,,,
075650.98+361923.6,075650.98+361923.6,,UNSCORED,,,,,,,
075316.06+162621.9,075316.06+162621.9,,UNSCORED,,,,,,,
082205.19+584058.3,082205.19+584058.3,,UNSCORED,,,,,,,
075908.20+434936.6,075908.20+434936.6,,UNSCORED,,,,,,,
082904.05+261420.9,082904.05+261420.9,,UNSCORED,,,,,,,
083142.14+553030.2,083142.14+553030.2,,UNSCORED,,,,,,,
082547.93+143654.9,082547.93+143654.9,,UNSCORED,,,,,,,
080708.43+354458.1,080708.43+354458.1,,UNSCORED,,,,,,,
080632.65+474702.8,080632.65+474702.8,,UNSCORED,,,,,,,
082346.35+175610.3,082346.35+175610.3,,UNSCORED,,,,,,,
080848.07+220730.0,080848.07+220730.0,,UNSCORED,,,,,,,
080906.60+424947.1,080906.60+424947.1,,UNSCORED,,,,,,,
084018.55+370058.3,084018.55+370058.3,,UNSCORED,,,,,,,
082809.57+415117.6,082809.57+415117.6,,UNSCORED,,,,,,,
080953.80+354459.6,080953.80+354459.6,,UNSCORED,,,,,,,
083005.20+171214.2,083005.20+171214.2,,UNSCORED,,,,,,,
081105.31+264538.0,081105.31+264538.0,,UNSCORED,,,,,,,
082902.58+400355.1,082902.58+400355.1,,UNSCORED,,,,,,,
083951.01+325416.7,083951.01+325416.7,,UNSCORED,,,,,,,
084040.42+513438.3,084040.42+513438.3,,UNSCORED,,,,,,,
080713.45+473614.3,080713.45+473614.3,,UNSCORED,,,,,,,
075242.15+313245.2,075242.15+313245.2,,UNSCORED,,,,,,,
083153.39+525245.6,083153.39+525245.6,,UNSCORED,,,,,,,
081527.65+455355.4,081527.65+455355.4,,UNSCORED,,,,,,,
084047.10+545215.6,084047.10+545215.6,,UNSCORED,,,,,,,
083036.62+360341.0,083036.62+360341.0,,UNSCORED,,,,,,,
082553.29+334146.1,082553.29+334146.1,,UNSCORED,,,,,,,
080327.39+400047.8,080327.39+400047.8,,UNSCORED,,,,,,,
081138.90+521526.7,081138.90+521526.7,,UNSCORED,,,,,,,
075537.02+254238.9,075537.02+254238.9,,UNSCORED,,,,,,,
082413.39+502452.2,082413.39+502452.2,,UNSCORED,,,,,,,
080332.79+225119.6,080332.79+225119.6,,UNSCORED,,,,,,,
084353.13+095023.5,084353.13+095023.5,,UNSCORED,,,,,,,
083801.51+412658.3,083801.51+412658.3,,UNSCORED,,,,,,,
074906.65+290418.5,074906.65+290418.5,,UNSCORED,,,,,,,
081318.34+454654.2,081318.34+454654.2,,UNSCORED,,,,,,,
081622.09+521135.8,081622.09+521135.8,,UNSCORED,,,,,,,
075529.29+415513.5,075529.29+415513.5,,UNSCORED,,,,,,,
080138.37+294513.2,080138.37+294513.2,,UNSCORED,,,,,,,
083926.19+463106.6,083926.19+463106.6,,UNSCORED,,,,,,,
083810.56+091147.3,083810.56+091147.3,,UNSCORED,,,,,,,
081235.74-062141.9,081235.74-062141.9,,UNSCORED,,,,,,,
075041.02+523814.4,075041.02+523814.4,,UNSCORED,,,,,,,
084314.37+343541.3,084314.37+343541.3,,UNSCORED,,,,,,,
075506.19+491938.8,075506.19+491938.8,,UNSCORED,,,,,,,
080718.74+272947.1,080718.74+272947.1,,UNSCORED,,,,,,,
080837.03+534855.9,080837.03+534855.9,,UNSCORED,,,,,,,
081837.22+065737.8,081837.22+065737.8,,UNSCORED,,,,,,,
083132.87+613116.7,083132.87+613116.7,,UNSCORED,,,,,,,
084257.46+370803.9,084257.46+370803.9,,UNSCORED,,,,,,,
080252.91+314226.1,080252.91+314226.1,,UNSCORED,,,,,,,
082854.96+240300.4,082854.96+240300.4,,UNSCORED,,,,,,,
075853.89+224245.5,075853.89+224245.5,,UNSCORED,,,,,,,
083608.56+253142.1,083608.56+253142.1,,UNSCORED,,,,,,,
080629.83+545848.6,080629.83+545848.6,,UNSCORED,,,,,,,
082615.58+405806.1,082615.58+405806.1,,UNSCORED,,,,,,,
084015.25+233748.4,084015.25+233748.4,,UNSCORED,,,,,,,
080131.57+144038.1,080131.57+144038.1,,UNSCORED,,,,,,,
080816.56+473013.7,080816.56+473013.7,,UNSCORED,,,,,,,
082300.40+340133.7,082300.40+340133.7,,UNSCORED,,,,,,,
075651.53+160455.0,075651.53+160455.0,,UNSCORED,,,,,,,
080404.71+470812.2,080404.71+470812.2,,UNSCORED,,,,,,,
080341.70+382105.4,080341.70+382105.4,,UNSCORED,,,,,,,
074836.11+240024.1,074836.11+240024.1,,UNSCORED,,,,,,,
082138.20+310800.9,082138.20+310800.9,,UNSCORED,,,,,,,
074910.59+284214.5,074910.59+284214.5,,UNSCORED,,,,,,,
084246.58+222644.8,084246.58+222644.8,,UNSCORED,,,,,,,
081246.97+420920.0,081246.97+420920.0,,UNSCORED,,,,,,,
080358.17+463734.7,080358.17+463734.7,,UNSCORED,,,,,,,
081305.92+371958.0,081305.92+371958.0,,UNSCORED,,,,,,,
081137.12+355624.0,081137.12+355624.0,,UNSCORED,,,,,,,
082224.55+402142.4,082224.55+402142.4,,UNSCORED,,,,,,,
084154.40+315323.0,084154.40+315323.0,,UNSCORED,,,,,,,
084445.72+285405.3,084445.72+285405.3,,UNSCORED,,,,,,,
083550.97+142344.3,083550.97+142344.3,,UNSCORED,,,,,,,
083733.59+404317.9,083733.59+404317.9,,UNSCORED,,,,,,,
083044.02+142423.6,083044.02+142423.6,,UNSCORED,,,,,,,
084304.75+224626.0,084304.75+224626.0,,UNSCORED,,,,,,,
084438.65+144435.2,084438.65+144435.2,,UNSCORED,,,,,,,
080109.59+304209.5,080109.59+304209.5,,UNSCORED,,,,,,,
084257.43+270856.0,084257.43+270856.0,,UNSCORED,,,,,,,
080823.85+053934.9,080823.85+053934.9,,UNSCORED,,,,,,,
082859.31+422234.3,082859.31+422234.3,,UNSCORED,,,,,,,
081648.53+542213.9,081648.53+542213.9,,UNSCORED,,,,,,,
075311.76+495730.9,075311.76+495730.9,,UNSCORED,,,,,,,
081136.65+384517.8,081136.65+384517.8,,UNSCORED,,,,,,,
075741.68+241921.6,075741.68+241921.6,,UNSCORED,,,,,,,
081751.25+465742.9,081751.25+465742.9,,UNSCORED,,,,,,,
084515.58+142559.2,084515.58+142559.2,,UNSCORED,,,,,,,
080206.92+450113.7,080206.92+450113.7,,UNSCORED,,,,,,,
081108.22+504530.4,081108.22+504530.4,,UNSCORED,,,,,,,
080427.52+504359.9,080427.52+504359.9,,UNSCORED,,,,,,,
084455.11+381237.5,084455.11+381237.5,,UNSCORED,,,,,,,
084220.79+333155.6,084220.79+333155.6,,UNSCORED,,,,,,,
080742.04+190635.8,080742.04+190635.8,,UNSCORED,,,,,,,
075911.77+145704.0,075911.77+145704.0,,UNSCORED,,,,,,,
082934.21+392719.1,082934.21+392719.1,,UNSCORED,,,,,,,
081210.52+091337.0,081210.52+091337.0,,UNSCORED,,,,,,,
084129.98+325744.3,084129.98+325744.3,,UNSCORED,,,,,,,
075625.77+395602.5,075625.77+395602.5,,UNSCORED,,,,,,,
082608.50+274209.9,082608.50+274209.9,,UNSCORED,,,,,,,
082159.81+243003.5,082159.81+243003.5,,UNSCORED,,,,,,,
083005.60+531046.5,083005.60+531046.5,,UNSCORED,,,,,,,
081536.62+431455.5,081536.62+431455.5,,UNSCORED,,,,,,,
083252.05+432306.4,083252.05+432306.4,,UNSCORED,,,,,,,
074905.35+241007.1,074905.35+241007.1,,UNSCORED,,,,,,,
080048.36+340648.9,080048.36+340648.9,,UNSCORED,,,,,,,
080838.84+051439.9,080838.84+051439.9,,UNSCORED,,,,,,,
083746.63+432949.0,083746.63+432949.0,,UNSCORED,,,,,,,
082321.19+482636.6,082321.19+482636.6,,UNSCORED,,,,,,,
083743.44+290809.7,083743.44+290809.7,,UNSCORED,,,,,,,
082835.18+420019.2,082835.18+420019.2,,UNSCORED,,,,,,,
084209.49+551143.4,084209.49+551143.4,,UNSCORED,,,,,,,
083405.42+281606.9,083405.42+281606.9,,UNSCORED,,,,,,,
075706.31+401922.8,075706.31+401922.8,,UNSCORED,,,,,,,
081305.75+554054.5,081305.75+554054.5,,UNSCORED,,,,,,,
084230.51+495802.3,084230.51+495802.3,,UNSCORED,,,,,,,
075651.68+312909.1,075651.68+312909.1,,UNSCORED,,,,,,,
084433.01+380135.1,084433.01+380135.1,,UNSCORED,,,,,,,
082621.52+242817.6,082621.52+242817.6,,UNSCORED,,,,,,,
082926.13+573621.4,082926.13+573621.4,,UNSCORED,,,,,,,
083131.64+275024.8,083131.64+275024.8,,UNSCORED,,,,,,,
083945.50+422154.6,083945.50+422154.6,,UNSCORED,,,,,,,
075354.51+452401.0,075354.51+452401.0,,UNSCORED,,,,,,,
081330.07+460636.2,081330.07+460636.2,,UNSCORED,,,,,,,
081109.38+172928.9,081109.38+172928.9,,UNSCORED,,,,,,,
081949.96+505728.5,081949.96+505728.5,,UNSCORED,,,,,,,
082053.16+523011.2,082053.16+523011.2,,UNSCORED,,,,,,,
075807.01+334955.9,075807.01+334955.9,,UNSCORED,,,,,,,
084122.85+254925.0,084122.85+254925.0,,UNSCORED,,,,,,,
081347.87+212621.3,081347.87+212621.3,,UNSCORED,,,,,,,
084325.94+234803.4,084325.94+234803.4,,UNSCORED,,,,,,,
074832.85+415711.1,074832.85+415711.1,,UNSCORED,,,,,,,
075407.55+374203.7,075407.55+374203.7,,UNSCORED,,,,,,,
084406.85+444721.7,084406.85+444721.7,,UNSCORED,,,,,,,
080311.02+293924.0,080311.02+293924.0,,UNSCORED,,,,,,,
075153.81+162512.8,075153.81+162512.8,,UNSCORED,,,,,,,
080230.06+295555.5,080230.06+295555.5,,UNSCORED,,,,,,,
083525.97+435211.2,083525.97+435211.2,,UNSCORED,,,,,,,
080956.28+373653.1,080956.28+373653.1,,UNSCORED,,,,,,,
084434.97+005517.7,084434.97+005517.7,,UNSCORED,,,,,,,
083955.87+581847.8,083955.87+581847.8,,UNSCORED,,,,,,,
080045.79+245100.7,080045.79+245100.7,,UNSCORED,,,,,,,
074844.81+315309.9,074844.81+315309.9,,UNSCORED,,,,,,,
082057.41+400326.7,082057.41+400326.7,,UNSCORED,,,,,,,
080153.07+510241.8,080153.07+510241.8,,UNSCORED,,,,,,,
084515.98+235514.5,084515.98+235514.5,,UNSCORED,,,,,,,
083022.15+065629.0,083022.15+065629.0,,UNSCORED,,,,,,,
082509.40+302201.3,082509.40+302201.3,,UNSCORED,,,,,,,
080513.09+312716.7,080513.09+312716.7,,UNSCORED,,,,,,,
080521.79+412411.7,080521.79+412411.7,,UNSCORED,,,,,,,
083705.63+284523.6,083705.63+284523.6,,UNSCORED,,,,,,,
080402.65+370324.7,080402.65+370324.7,,UNSCORED,,,,,,,
082034.40+485156.5,082034.40+485156.5,,UNSCORED,,,,,,,
083109.39+143448.9,083109.39+143448.9,,UNSCORED,,,,,,,
083739.46+223211.5,083739.46+223211.5,,UNSCORED,,,,,,,
082859.06+544743.5,082859.06+544743.5,,UNSCORED,,,,,,,
084142.64+584039.2,084142.64+584039.2,,UNSCORED,,,,,,,
081420.85+202531.1,081420.85+202531.1,,UNSCORED,,,,,,,
080505.24+221956.9,080505.24+221956.9,,UNSCORED,,,,,,,
084311.86+283559.0,084311.86+283559.0,,UNSCORED,,,,,,,
083319.98+482926.1,083319.98+482926.1,,UNSCORED,,,,,,,
081344.01+171103.2,081344.01+171103.2,,UNSCORED,,,,,,,
083114.86+501348.6,083114.86+501348.6,,UNSCORED,,,,,,,
075825.12+371825.0,075825.12+371825.0,,UNSCORED,,,,,,,
084336.70+240302.8,084336.70+240302.8,,UNSCORED,,,,,,,
075845.61+135943.7,075845.61+135943.7,,UNSCORED,,,,,,,
081849.68+384624.6,081849.68+384624.6,,UNSCORED,,,,,,,
075052.71+465150.3,075052.71+465150.3,,UNSCORED,,,,,,,
081502.81+513313.3,081502.81+513313.3,,UNSCORED,,,,,,,
083811.19+485506.3,083811.19+485506.3,,UNSCORED,,,,,,,
080555.40+324323.5,080555.40+324323.5,,UNSCORED,,,,,,,
082707.08+173237.5,082707.08+173237.5,,UNSCORED,,,,,,,
080102.99+261725.6,080102.99+261725.6,,UNSCORED,,,,,,,
084309.90+444848.3,084309.90+444848.3,,UNSCORED,,,,,,,
080934.31+335238.2,080934.31+335238.2,,UNSCORED,,,,,,,
082202.36+502503.2,082202.36+502503.2,,UNSCORED,,,,,,,
084151.38+562117.5,084151.38+562117.5,,UNSCORED,,,,,,,
084433.19+034255.0,084433.19+034255.0,,UNSCORED,,,,,,,
081536.58+262644.5,081536.58+262644.5,,UNSCORED,,,,,,,
080956.21+255132.7,080956.21+255132.7,,UNSCORED,,,,,,,
083857.19+531015.6,083857.19+531015.6,,UNSCORED,,,,,,,
084245.80+353248.8,084245.80+353248.8,,UNSCORED,,,,,,,
084345.93+200240.9,084345.93+200240.9,,UNSCORED,,,,,,,
075431.02+480819.7,075431.02+480819.7,,UNSCORED,,,,,,,
082440.61+235709.9,082440.61+235709.9,,UNSCORED,,,,,,,
081449.24+384628.4,081449.24+384628.4,,UNSCORED,,,,,,,
083431.42+450742.0,083431.42+450742.0,,UNSCORED,,,,,,,
084054.26+545416.2,084054.26+545416.2,,UNSCORED,,,,,,,
082639.77+595702.4,082639.77+595702.4,,UNSCORED,,,,,,,
082051.07+513648.4,082051.07+513648.4,,UNSCORED,,,,,,,
083645.15+525719.5,083645.15+525719.5,,UNSCORED,,,,,,,
081257.81+522210.1,081257.81+522210.1,,UNSCORED,,,,,,,
075841.97+323702.8,075841.97+323702.8,,UNSCORED,,,,,,,
084305.31+453230.1,084305.31+453230.1,,UNSCORED,,,,,,,
080158.20+475048.4,080158.20+475048.4,,UNSCORED,,,,,,,
075210.78+345710.6,075210.78+345710.6,,UNSCORED,,,,,,,
081054.73+501319.5,081054.73+501319.5,,UNSCORED,,,,,,,
082218.89+493633.9,082218.89+493633.9,,UNSCORED,,,,,,,
083456.16+301219.1,083456.16+301219.1,,UNSCORED,,,,,,,
080258.58+393113.9,080258.58+393113.9,,UNSCORED,,,,,,,
075428.24+393934.4,075428.24+393934.4,,UNSCORED,,,,,,,
080547.82+324412.8,080547.82+324412.8,,UNSCORED,,,,,,,
084038.10+184522.7,084038.10+184522.7,,UNSCORED,,,,,,,
081001.12+205439.2,081001.12+205439.2,,UNSCORED,,,,,,,
074916.72+391307.8,074916.72+391307.8,,UNSCORED,,,,,,,
080421.92+235528.1,080421.92+235528.1,,UNSCORED,,,,,,,
083848.40+404309.0,083848.40+404309.0,,UNSCORED,,,,,,,
080653.12+551321.8,080653.12+551321.8,,UNSCORED,,,,,,,
082418.50+510835.2,082418.50+510835.2,,UNSCORED,,,,,,,
082905.01+571541.6,082905.01+571541.6,,UNSCORED,,,,,,,
075513.11+495415.4,075513.11+495415.4,,UNSCORED,,,,,,,
082530.81+281012.8,082530.81+281012.8,,UNSCORED,,,,,,,
083355.92+371337.6,083355.92+371337.6,,UNSCORED,,,,,,,
082432.62+451234.8,082432.62+451234.8,,UNSCORED,,,,,,,
082718.94+294204.3,082718.94+294204.3,,UNSCORED,,,,,,,
080955.31+540145.7,080955.31+540145.7,,UNSCORED,,,,,,,
083227.15+055603.5,083227.15+055603.5,,UNSCORED,,,,,,,
081200.26+160951.0,081200.26+160951.0,,UNSCORED,,,,,,,
075909.80+485151.8,075909.80+485151.8,,UNSCORED,,,,,,,
082851.72+334056.8,082851.72+334056.8,,UNSCORED,,,,,,,
082203.36+463015.2,082203.36+463015.2,,UNSCORED,,,,,,,
082958.79+513044.5,082958.79+513044.5,,UNSCORED,,,,,,,
080314.94+363116.5,080314.94+363116.5,,UNSCORED,,,,,,,
084005.89+221236.9,084005.89+221236.9,,UNSCORED,,,,,,,
074858.31+332822.5,074858.31+332822.5,,UNSCORED,,,,,,,
081831.96+231304.3,081831.96+231304.3,,UNSCORED,,,,,,,
080540.16+561530.3,080540.16+561530.3,,UNSCORED,,,,,,,
081731.12+233521.4,081731.12+233521.4,,UNSCORED,,,,,,,
083026.77+524601.3,083026.77+524601.3,,UNSCORED,,,,,,,
081851.85+534745.6,081851.85+534745.6,,UNSCORED,,,,,,,
080448.03+103728.0,080448.03+103728.0,,UNSCORED,,,,,,,
075429.46+173450.2,075429.46+173450.2,,UNSCORED,,,,,,,
081227.88+465152.0,081227.88+465152.0,,UNSCORED,,,,,,,
082547.07+181228.6,082547.07+181228.6,,UNSCORED,,,,,,,
082403.30+405239.8,082403.30+405239.8,,UNSCORED,,,,,,,
082942.10+352833.8,082942.10+352833.8,,UNSCORED,,,,,,,
075947.19+494701.6,075947.19+494701.6,,UNSCORED,,,,,,,
081841.27+450931.8,081841.27+450931.8,,UNSCORED,,,,,,,
083133.68+262757.5,083133.68+262757.5,,UNSCORED,,,,,,,
082055.43+354204.0,082055.43+354204.0,,UNSCORED,,,,,,,
082235.89+453407.2,082235.89+453407.2,,UNSCORED,,,,,,,
080930.91+490842.7,080930.91+490842.7,,UNSCORED,,,,,,,
083526.42+465535.5,083526.42+465535.5,,UNSCORED,,,,,,,
075601.61+285033.1,075601.61+285033.1,,UNSCORED,,,,,,,
083850.97+591605.9,083850.97+591605.9,,UNSCORED,,,,,,,
080752.35+223456.8,080752.35+223456.8,,UNSCORED,,,,,,,
083525.53+311154.4,083525.53+311154.4,,UNSCORED,,,,,,,
082045.81+523607.7,082045.81+523607.7,,UNSCORED,,,,,,,
075201.69+103110.7,075201.69+103110.7,,UNSCORED,,,,,,,
083647.04+122926.2,083647.04+122926.2,,UNSCORED,,,,,,,
080306.75+302411.9,080306.75+302411.9,,UNSCORED,,,,,,,
083442.90+244829.4,083442.90+244829.4,,UNSCORED,,,,,,,
075546.68+165618.3,075546.68+165618.3,,UNSCORED,,,,,,,
082949.99+274023.3,082949.99+274023.3,,UNSCORED,,,,,,,
084042.23+440429.2,084042.23+440429.2,,UNSCORED,,,,,,,
080413.77+204153.8,080413.77+204153.8,,UNSCORED,,,,,,,
081507.92+543407.8,081507.92+543407.8,,UNSCORED,,,,,,,
080931.70+322014.1,080931.70+322014.1,,UNSCORED,,,,,,,
081747.77+090037.9,081747.77+090037.9,,UNSCORED,,,,,,,
083258.34+323003.3,083258.34+323003.3,,UNSCORED,,,,,,,
081853.40+384803.4,081853.40+384803.4,,UNSCORED,,,,,,,
081221.94+330451.5,081221.94+330451.5,,UNSCORED,,,,,,,
075925.89+455633.3,075925.89+455633.3,,UNSCORED,,,,,,,
081419.57+214225.5,081419.57+214225.5,,UNSCORED,,,,,,,
075407.71+161559.9,075407.71+161559.9,,UNSCORED,,,,,,,
081537.33+472223.4,081537.33+472223.4,,UNSCORED,,,,,,,
080550.32+353304.6,080550.32+353304.6,,UNSCORED,,,,,,,
075248.79+470520.7,075248.79+470520.7,,UNSCORED,,,,,,,
083959.19+215837.2,083959.19+215837.2,,UNSCORED,,,,,,,
080449.13+453547.0,080449.13+453547.0,,UNSCORED,,,,,,,
082016.60+363049.6,082016.60+363049.6,,UNSCORED,,,,,,,
075401.60+393231.5,075401.60+393231.5,,UNSCORED,,,,,,,
081346.22+493552.2,081346.22+493552.2,,UNSCORED,,,,,,,
080646.01+310034.2,080646.01+310034.2,,UNSCORED,,,,,,,
082240.31+295905.5,082240.31+295905.5,,UNSCORED,,,,,,,
075528.86+124636.2,075528.86+124636.2,,UNSCORED,,,,,,,
083733.44+352132.5,083733.44+352132.5,,UNSCORED,,,,,,,
082030.46+345956.4,082030.46+345956.4,,UNSCORED,,,,,,,
075804.69+324858.8,075804.69+324858.8,,UNSCORED,,,,,,,
080024.38+374552.8,080024.38+374552.8,,UNSCORED,,,,,,,
082250.68+134221.6,082250.68+134221.6,,UNSCORED,,,,,,,
080229.00+235554.9,080229.00+235554.9,,UNSCORED,,,,,,,
082513.08+320445.6,082513.08+320445.6,,UNSCORED,,,,,,,
084405.89+421216.4,084405.89+421216.4,,UNSCORED,,,,,,,
082305.52+420830.0,082305.52+420830.0,,UNSCORED,,,,,,,
083416.22+531841.8,083416.22+531841.8,,UNSCORED,,,,,,,
083655.57+460543.5,083655.57+460543.5,,UNSCORED,,,,,,,
083034.62+295019.7,083034.62+295019.7,,UNSCORED,,,,,,,
080117.15+500643.0,080117.15+500643.0,,UNSCORED,,,,,,,
075638.07+374831.8,075638.07+374831.8,,UNSCORED,,,,,,,
080045.57+241134.2,080045.57+241134.2,,UNSCORED,,,,,,,
082154.37+001046.4,082154.37+001046.4,,UNSCORED,,,,,,,
083050.13+154355.9,083050.13+154355.9,,UNSCORED,,,,,,,
081058.81+481845.9,081058.81+481845.9,,UNSCORED,,,,,,,
083013.44+520541.7,083013.44+520541.7,,UNSCORED,,,,,,,
075213.25+260827.8,075213.25+260827.8,,UNSCORED,,,,,,,
084340.96+453713.8,084340.96+453713.8,,UNSCORED,,,,,,,
075824.00+323309.2,075824.00+323309.2,,UNSCORED,,,,,,,
082756.95+114431.3,082756.95+114431.3,,UNSCORED,,,,,,,
081110.13+211337.9,081110.13+211337.9,,UNSCORED,,,,,,,
080315.25+223953.2,080315.25+223953.2,,UNSCORED,,,,,,,
083503.17+482850.2,083503.17+482850.2,,UNSCORED,,,,,,,
083915.07+130443.4,083915.07+130443.4,,UNSCORED,,,,,,,
080944.09+271921.9,080944.09+271921.9,,UNSCORED,,,,,,,
081949.96+243226.1,081949.96+243226.1,,UNSCORED,,,,,,,
083113.57+264610.7,083113.57+264610.7,,UNSCORED,,,,,,,
081035.84+512203.8,081035.84+512203.8,,UNSCORED,,,,,,,
083032.82+102231.6,083032.82+102231.6,,UNSCORED,,,,,,,
075549.56+321704.1,075549.56+321704.1,,UNSCORED,,,,,,,
082735.45+033824.5,082735.45+033824.5,,UNSCORED,,,,,,,
075906.24+502352.3,075906.24+502352.3,,UNSCORED,,,,,,,
084449.67+153007.2,084449.67+153007.2,,UNSCORED,,,,,,,
084110.88+022952.1,084110.88+022952.1,,UNSCORED,,,,,,,
080709.92+205901.7,080709.92+205901.7,,UNSCORED,,,,,,,
080735.48+463104.0,080735.48+463104.0,,UNSCORED,,,,,,,
082200.71+584703.3,082200.71+584703.3,,UNSCORED,,,,,,,
075654.88+345134.7,075654.88+345134.7,,UNSCORED,,,,,,,
084459.07+435833.3,084459.07+435833.3,,UNSCORED,,,,,,,
081838.88+431755.7,081838.88+431755.7,,UNSCORED,,,,,,,
080510.74+063756.0,080510.74+063756.0,,UNSCORED,,,,,,,
082140.74+371518.7,082140.74+371518.7,,UNSCORED,,,,,,,
081918.65+483554.6,081918.65+483554.6,,UNSCORED,,,,,,,
075241.33+301952.2,075241.33+301952.2,,UNSCORED,,,,,,,
081253.41+470916.9,081253.41+470916.9,,UNSCORED,,,,,,,
080949.19+481112.8,080949.19+481112.8,,UNSCORED,,,,,,,
083405.40+424238.5,083405.40+424238.5,,UNSCORED,,,,,,,
075937.44+330134.0,075937.44+330134.0,,UNSCORED,,,,,,,
082227.09+204010.5,082227.09+204010.5,,UNSCORED,,,,,,,
084326.10+033628.8,084326.10+033628.8,,UNSCORED,,,,,,,
081601.94+240925.8,081601.94+240925.8,,UNSCORED,,,,,,,
084434.80+435355.3,084434.80+435355.3,,UNSCORED,,,,,,,
083528.43+384712.5,083528.43+384712.5,,UNSCORED,,,,,,,
084419.29+503152.1,084419.29+503152.1,,UNSCORED,,,,,,,
083137.40+414853.2,083137.40+414853.2,,UNSCORED,,,,,,,
084353.78+243102.9,084353.78+243102.9,,UNSCORED,,,,,,,
083348.32+512221.5,083348.32+512221.5,,UNSCORED,,,,,,,
080224.26+492737.2,080224.26+492737.2,,UNSCORED,,,,,,,
084148.66+252232.6,084148.66+252232.6,,UNSCORED,,,,,,,
083828.17+504152.3,083828.17+504152.3,,UNSCORED,,,,,,,
082908.17+314404.5,082908.17+314404.5,,UNSCORED,,,,,,,
081107.57+342940.8,081107.57+342940.8,,UNSCORED,,,,,,,
080459.95+272248.7,080459.95+272248.7,,UNSCORED,,,,,,,
080251.63+292851.1,080251.63+292851.1,,UNSCORED,,,,,,,
084453.56+425744.8,084453.56+425744.8,,UNSCORED,,,,,,,
080141.10+312153.0,080141.10+312153.0,,UNSCORED,,,,,,,
084511.39+275431.8,084511.39+275431.8,,UNSCORED,,,,,,,
080341.26+531815.2,080341.26+531815.2,,UNSCORED,,,,,,,
080306.55+273927.7,080306.55+273927.7,,UNSCORED,,,,,,,
083220.90+080414.9,083220.90+080414.9,,UNSCORED,,,,,,,
081126.62+313300.4,081126.62+313300.4,,UNSCORED,,,,,,,
075922.94+105326.0,075922.94+105326.0,,UNSCORED,,,,,,,
083010.75+422238.5,083010.75+422238.5,,UNSCORED,,,,,,,
081527.06+335536.8,081527.06+335536.8,,UNSCORED,,,,,,,
081259.70+145013.3,081259.70+145013.3,,UNSCORED,,,,,,,
075546.20+541245.4,075546.20+541245.4,,UNSCORED,,,,,,,
082811.55+123359.3,082811.55+123359.3,,UNSCORED,,,,,,,
080149.35+420740.2,080149.35+420740.2,,UNSCORED,,,,,,,
075746.05+150419.3,075746.05+150419.3,,UNSCORED,,,,,,,
081411.47+541838.1,081411.47+541838.1,,UNSCORED,,,,,,,
083643.57+072905.7,083643.57+072905.7,,UNSCORED,,,,,,,
080549.11+532228.7,080549.11+532228.7,,UNSCORED,,,,,,,
084152.31+465037.5,084152.31+465037.5,,UNSCORED,,,,,,,
075350.42+533858.4,075350.42+533858.4,,UNSCORED,,,,,,,
075045.00+212546.3,075045.00+212546.3,,UNSCORED,,,,,,,
080953.24+544617.3,080953.24+544617.3,,UNSCORED,,,,,,,
081459.31+540740.5,081459.31+540740.5,,UNSCORED,,,,,,,
082609.35+481355.4,082609.35+481355.4,,UNSCORED,,,,,,,
080038.22+212613.5,080038.22+212613.5,,UNSCORED,,,,,,,
082146.37+325348.9,082146.37+325348.9,,UNSCORED,,,,,,,
083819.35+571348.0,083819.35+571348.0,,UNSCORED,,,,,,,
081955.08+441209.8,081955.08+441209.8,,UNSCORED,,,,,,,
075954.27+290955.8,075954.27+290955.8,,UNSCORED,,,,,,,
081034.90+560503.1,081034.90+560503.1,,UNSCORED,,,,,,,
081622.78+322413.2,081622.78+322413.2,,UNSCORED,,,,,,,
084020.84+522624.4,084020.84+522624.4,,UNSCORED,,,,,,,
080919.63+244607.6,080919.63+244607.6,,UNSCORED,,,,,,,
081920.74+220801.6,081920.74+220801.6,,UNSCORED,,,,,,,
083120.98+483154.4,083120.98+483154.4,,UNSCORED,,,,,,,
084010.96+291116.6,084010.96+291116.6,,UNSCORED,,,,,,,
083401.65+502837.4,083401.65+502837.4,,UNSCORED,,,,,,,
083353.17+393101.5,083353.17+393101.5,,UNSCORED,,,,,,,
080643.28+081449.2,080643.28+081449.2,,UNSCORED,,,,,,,
081239.75+543703.1,081239.75+543703.1,,UNSCORED,,,,,,,
075336.71+283354.0,075336.71+283354.0,,UNSCORED,,,,,,,
083129.51+390149.5,083129.51+390149.5,,UNSCORED,,,,,,,
075433.59+401209.2,075433.59+401209.2,,UNSCORED,,,,,,,
082526.42+274205.7,082526.42+274205.7,,UNSCORED,,,,,,,
084249.55+271200.1,084249.55+271200.1,,UNSCORED,,,,,,,
075727.07+360933.6,075727.07+360933.6,,UNSCORED,,,,,,,
080149.66+132616.7,080149.66+132616.7,,UNSCORED,,,,,,,
082953.08+394854.6,082953.08+394854.6,,UNSCORED,,,,,,,
083054.40+040708.3,083054.40+040708.3,,UNSCORED,,,,,,,
080805.47+141946.2,080805.47+141946.2,,UNSCORED,,,,,,,
081052.32+510631.7,081052.32+510631.7,,UNSCORED,,,,,,,
081318.16+265412.5,081318.16+265412.5,,UNSCORED,,,,,,,
082039.64+465350.7,082039.64+465350.7,,UNSCORED,,,,,,,
082827.24+265510.2,082827.24+265510.2,,UNSCORED,,,,,,,
081509.66+540833.1,081509.66+540833.1,,UNSCORED,,,,,,,
080042.22+374617.5,080042.22+374617.5,,UNSCORED,,,,,,,
084427.42+531858.7,084427.42+531858.7,,UNSCORED,,,,,,,
080504.05+120540.3,080504.05+120540.3,,UNSCORED,,,,,,,
075121.58+235149.0,075121.58+235149.0,,UNSCORED,,,,,,,
075612.45+222011.4,075612.45+222011.4,,UNSCORED,,,,,,,
080928.51+202805.0,080928.51+202805.0,,UNSCORED,,,,,,,
084514.85+290531.5,084514.85+290531.5,,UNSCORED,,,,,,,
082445.62+034905.2,082445.62+034905.2,,UNSCORED,,,,,,,
075613.31+275629.3,075613.31+275629.3,,UNSCORED,,,,,,,
082008.48+420126.9,082008.48+420126.9,,UNSCORED,,,,,,,
074930.53+231810.7,074930.53+231810.7,,UNSCORED,,,,,,,
083331.02+281430.9,083331.02+281430.9,,UNSCORED,,,,,,,
081931.20+334837.5,081931.20+334837.5,,UNSCORED,,,,,,,
083132.02+312930.9,083132.02+312930.9,,UNSCORED,,,,,,,
083446.95+371656.0,083446.95+371656.0,,UNSCORED,,,,,,,
083220.55+122014.0,083220.55+122014.0,,UNSCORED,,,,,,,
083336.34+432033.9,083336.34+432033.9,,UNSCORED,,,,,,,
080717.57+251758.7,080717.57+251758.7,,UNSCORED,,,,,,,
080842.19+283201.6,080842.19+283201.6,,UNSCORED,,,,,,,
082750.29+444847.6,082750.29+444847.6,,UNSCORED,,,,,,,
082820.91+555702.3,082820.91+555702.3,,UNSCORED,,,,,,,
082317.92+230126.3,082317.92+230126.3,,UNSCORED,,,,,,,
084256.29+531342.2,084256.29+531342.2,,UNSCORED,,,,,,,
082527.50+202543.4,082527.50+202543.4,,UNSCORED,,,,,,,
082417.77+361953.1,082417.77+361953.1,,UNSCORED,,,,,,,
084310.09+503848.7,084310.09+503848.7,,UNSCORED,,,,,,,
082048.74+264514.3,082048.74+264514.3,,UNSCORED,,,,,,,
083215.11+425615.0,083215.11+425615.0,,UNSCORED,,,,,,,
080928.85+393056.1,080928.85+393056.1,,UNSCORED,,,,,,,
083029.76+454422.3,083029.76+454422.3,,UNSCORED,,,,,,,
080401.00+471731.5,080401.00+471731.5,,UNSCORED,,,,,,,
082731.62+171117.8,082731.62+171117.8,,UNSCORED,,,,,,,
084307.78+383335.0,084307.78+383335.0,,UNSCORED,,,,,,,
075053.50+473344.9,075053.50+473344.9,,UNSCORED,,,,,,,
084446.83+561017.3,084446.83+561017.3,,UNSCORED,,,,,,,
075043.40+311109.2,075043.40+311109.2,,UNSCORED,,,,,,,
083418.39+414704.2,083418.39+414704.2,,UNSCORED,,,,,,,
074957.71+445332.8,074957.71+445332.8,,UNSCORED,,,,,,,
083512.97+451520.1,083512.97+451520.1,,UNSCORED,,,,,,,
083152.84+283809.0,083152.84+283809.0,,UNSCORED,,,,,,,
081507.45+574110.0,081507.45+574110.0,,UNSCORED,,,,,,,
083337.11+500702.7,083337.11+500702.7,,UNSCORED,,,,,,,
083952.12+522955.4,083952.12+522955.4,,UNSCORED,,,,,,,
084354.77+492100.9,084354.77+492100.9,,UNSCORED,,,,,,,
081305.23+204721.7,081305.23+204721.7,,UNSCORED,,,,,,,
075942.88+293006.7,075942.88+293006.7,,UNSCORED,,,,,,,
075340.01+484431.2,075340.01+484431.2,,UNSCORED,,,,,,,
080211.04+225131.1,080211.04+225131.1,,UNSCORED,,,,,,,
084425.32+465038.1,084425.32+465038.1,,UNSCORED,,,,,,,
075935.65+402932.0,075935.65+402932.0,,UNSCORED,,,,,,,
081505.66+494602.5,081505.66+494602.5,,UNSCORED,,,,,,,
082409.18+523705.5,082409.18+523705.5,,UNSCORED,,,,,,,
082249.25+362947.7,082249.25+362947.7,,UNSCORED,,,,,,,
075945.54+224114.2,075945.54+224114.2,,UNSCORED,,,,,,,
083349.39+241312.4,083349.39+241312.4,,UNSCORED,,,,,,,
084328.42+551620.5,084328.42+551620.5,,UNSCORED,,,,,,,
083152.12+144938.0,083152.12+144938.0,,UNSCORED,,,,,,,
082659.71+274103.0,082659.71+274103.0,,UNSCORED,,,,,,,
081906.65+205546.2,081906.65+205546.2,,UNSCORED,,,,,,,
083132.59+521142.6,083132.59+521142.6,,UNSCORED,,,,,,,
080101.40+413201.3,080101.40+413201.3,,UNSCORED,,,,,,,
082053.76+513539.1,082053.76+513539.1,,UNSCORED,,,,,,,
075607.28+304614.7,075607.28+304614.7,,UNSCORED,,,,,,,
082953.91+371830.4,082953.91+371830.4,,UNSCORED,,,,,,,
080014.85+264406.6,080014.85+264406.6,,UNSCORED,,,,,,,
083550.36+361549.8,083550.36+361549.8,,UNSCORED,,,,,,,
083718.57+290558.4,083718.57+290558.4,,UNSCORED,,,,,,,
080954.83+245644.2,080954.83+245644.2,,UNSCORED,,,,,,,
084146.19+503600.8,084146.19+503600.8,,UNSCORED,,,,,,,
075402.14+172932.2,075402.14+172932.2,,UNSCORED,,,,,,,
080424.27+441722.7,080424.27+441722.7,,UNSCORED,,,,,,,
084508.76+460352.1,084508.76+460352.1,,UNSCORED,,,,,,,
083756.70+193055.9,083756.70+193055.9,,UNSCORED,,,,,,,
081902.68+124420.5,081902.68+124420.5,,UNSCORED,,,,,,,
082026.10+480921.7,082026.10+480921.7,,UNSCORED,,,,,,,
083545.35+563230.0,083545.35+563230.0,,UNSCORED,,,,,,,
081958.99+210652.3,081958.99+210652.3,,UNSCORED,,,,,,,
084418.46+573510.7,084418.46+573510.7,,UNSCORED,,,,,,,
080302.80+211510.1,080302.80+211510.1,,UNSCORED,,,,,,,
084141.83+234856.8,084141.83+234856.8,,UNSCORED,,,,,,,
075415.86+355724.5,075415.86+355724.5,,UNSCORED,,,,,,,
081338.94+551622.2,081338.94+551622.2,,UNSCORED,,,,,,,
082758.52+233302.9,082758.52+233302.9,,UNSCORED,,,,,,,
081611.71+240906.7,081611.71+240906.7,,UNSCORED,,,,,,,
081636.15+560859.6,081636.15+560859.6,,UNSCORED,,,,,,,
075659.43+240846.0,075659.43+240846.0,,UNSCORED,,,,,,,
081055.86+481534.2,081055.86+481534.2,,UNSCORED,,,,,,,
074956.77+464137.0,074956.77+464137.0,,UNSCORED,,,,,,,
080503.81+370109.7,080503.81+370109.7,,UNSCORED,,,,,,,
083320.66+463658.0,083320.66+463658.0,,UNSCORED,,,,,,,
084425.34+254443.4,084425.34+254443.4,,UNSCORED,,,,,,,
083158.49+503444.1,083158.49+503444.1,,UNSCORED,,,,,,,
081028.65+374629.1,081028.65+374629.1,,UNSCORED,,,,,,,
083832.41+514720.2,083832.41+514720.2,,UNSCORED,,,,,,,
080545.17+451230.3,080545.17+451230.3,,UNSCORED,,,,,,,
081855.93+312712.3,081855.93+312712.3,,UNSCORED,,,,,,,
080232.96+280444.9,080232.96+280444.9,,UNSCORED,,,,,,,
084035.02+352818.6,084035.02+352818.6,,UNSCORED,,,,,,,
082703.27+520453.1,082703.27+520453.1,,UNSCORED,,,,,,,
080929.26+460257.1,080929.26+460257.1,,UNSCORED,,,,,,,
081242.67+375042.4,081242.67+375042.4,,UNSCORED,,,,,,,
081515.35+242441.0,081515.35+242441.0,,UNSCORED,,,,,,,
082041.86+170031.9,082041.86+170031.9,,UNSCORED,,,,,,,
084031.26+355230.4,084031.26+355230.4,,UNSCORED,,,,,,,
080456.48+370556.9,080456.48+370556.9,,UNSCORED,,,,,,,
084022.13+292210.6,084022.13+292210.6,,UNSCORED,,,,,,,
075108.58+435311.7,075108.58+435311.7,,UNSCORED,,,,,,,
080524.08+374728.4,080524.08+374728.4,,UNSCORED,,,,,,,
083325.69+391204.7,083325.69+391204.7,,UNSCORED,,,,,,,
083823.80+443116.6,083823.80+443116.6,,UNSCORED,,,,,,,
083925.42+503819.8,083925.42+503819.8,,UNSCORED,,,,,,,
080628.65+550003.1,080628.65+550003.1,,UNSCORED,,,,,,,
083403.68+450245.0,083403.68+450245.0,,UNSCORED,,,,,,,
082549.51+064304.1,082549.51+064304.1,,UNSCORED,,,,,,,
084157.70+564554.1,084157.70+564554.1,,UNSCORED,,,,,,,
082228.88+264453.8,082228.88+264453.8,,UNSCORED,,,,,,,
083614.11+444036.8,083614.11+444036.8,,UNSCORED,,,,,,,
081358.40+235500.5,081358.40+235500.5,,UNSCORED,,,,,,,
084306.20+463539.5,084306.20+463539.5,,UNSCORED,,,,,,,
081829.35+240846.9,081829.35+240846.9,,UNSCORED,,,,,,,
080832.67+260130.3,080832.67+260130.3,,UNSCORED,,,,,,,
074846.85+232308.1,074846.85+232308.1,,UNSCORED,,,,,,,
081013.71+522308.2,081013.71+522308.2,,UNSCORED,,,,,,,
075720.40+461113.5,075720.40+461113.5,,UNSCORED,,,,,,,
080719.25+211844.3,080719.25+211844.3,,UNSCORED,,,,,,,
082924.70+463245.8,082924.70+463245.8,,UNSCORED,,,,,,,
083146.21+605214.8,083146.21+605214.8,,UNSCORED,,,,,,,
081258.40+405515.0,081258.40+405515.0,,UNSCORED,,,,,,,
075114.94+413047.4,075114.94+413047.4,,UNSCORED,,,,,,,
083144.60+191544.5,083144.60+191544.5,,UNSCORED,,,,,,,
081510.31+403750.5,081510.31+403750.5,,UNSCORED,,,,,,,
083313.88+503507.7,083313.88+503507.7,,UNSCORED,,,,,,,
082229.61+382656.4,082229.61+382656.4,,UNSCORED,,,,,,,
082145.12+372832.1,082145.12+372832.1,,UNSCORED,,,,,,,
074836.38+395234.6,074836.38+395234.6,,UNSCORED,,,,,,,
081138.22+243157.9,081138.22+243157.9,,UNSCORED,,,,,,,
081038.68+501001.3,081038.68+501001.3,,UNSCORED,,,,,,,
080623.43+225736.1,080623.43+225736.1,,UNSCORED,,,,,,,
082306.13+293756.1,082306.13+293756.1,,UNSCORED,,,,,,,
083014.16+365838.1,083014.16+365838.1,,UNSCORED,,,,,,,
080327.64+123005.7,080327.64+123005.7,,UNSCORED,,,,,,,
074928.71+403206.0,074928.71+403206.0,,UNSCORED,,,,,,,
080746.97+052428.1,080746.97+052428.1,,UNSCORED,,,,,,,
081506.35+284921.4,081506.35+284921.4,,UNSCORED,,,,,,,
084037.92+154405.9,084037.92+154405.9,,UNSCORED,,,,,,,
082049.65+560659.0,082049.65+560659.0,,UNSCORED,,,,,,,
075043.99+230138.2,075043.99+230138.2,,UNSCORED,,,,,,,
081124.94+235046.5,081124.94+235046.5,,UNSCORED,,,,,,,
084354.43+271816.7,084354.43+271816.7,,UNSCORED,,,,,,,
082033.44+292907.4,082033.44+292907.4,,UNSCORED,,,,,,,
082100.05+212825.5,082100.05+212825.5,,UNSCORED,,,,,,,
081315.93+564412.5,081315.93+564412.5,,UNSCORED,,,,,,,
080103.39+495457.4,080103.39+495457.4,,UNSCORED,,,,,,,
080335.39+525830.0,080335.39+525830.0,,UNSCORED,,,,,,,
083535.46+374656.2,083535.46+374656.2,,UNSCORED,,,,,,,
080528.16+402520.6,080528.16+402520.6,,UNSCORED,,,,,,,
084408.47+275203.2,084408.47+275203.2,,UNSCORED,,,,,,,
080821.55+055834.9,080821.55+055834.9,,UNSCORED,,,,,,,
082838.04+313424.3,082838.04+313424.3,,UNSCORED,,,,,,,
081137.65+515523.0,081137.65+515523.0,,UNSCORED,,,,,,,
080443.82+431348.2,080443.82+431348.2,,UNSCORED,,,,,,,
082422.59+235642.8,082422.59+235642.8,,UNSCORED,,,,,,,
080529.65+412046.9,080529.65+412046.9,,UNSCORED,,,,,,,
082549.29+565100.9,082549.29+565100.9,,UNSCORED,,,,,,,
075151.71+470342.5,075151.71+470342.5,,UNSCORED,,,,,,,
080241.97+143147.9,080241.97+143147.9,,UNSCORED,,,,,,,
084418.71+303804.2,084418.71+303804.2,,UNSCORED,,,,,,,
080719.99+534218.2,080719.99+534218.2,,UNSCORED,,,,,,,
075958.45+241750.0,075958.45+241750.0,,UNSCORED,,,,,,,
080123.67+254348.5,080123.67+254348.5,,UNSCORED,,,,,,,
081635.52+334748.6,081635.52+334748.6,,UNSCORED,,,,,,,
083147.27+370654.4,083147.27+370654.4,,UNSCORED,,,,,,,
082932.70+571804.4,082932.70+571804.4,,UNSCORED,,,,,,,
080755.86+505040.1,080755.86+505040.1,,UNSCORED,,,,,,,
083730.61+231214.5,083730.61+231214.5,,UNSCORED,,,,,,,
080611.88+460107.5,080611.88+460107.5,,UNSCORED,,,,,,,
083431.37+582425.7,083431.37+582425.7,,UNSCORED,,,,,,,
082917.44+513743.7,082917.44+513743.7,,UNSCORED,,,,,,,
081825.32+252731.1,081825.32+252731.1,,UNSCORED,,,,,,,
082718.24+215906.7,082718.24+215906.7,,UNSCORED,,,,,,,
084147.47+432135.9,084147.47+432135.9,,UNSCORED,,,,,,,
075310.15+345447.5,075310.15+345447.5,,UNSCORED,,,,,,,
081018.51+210120.7,081018.51+210120.7,,UNSCORED,,,,,,,
080212.75+344149.2,080212.75+344149.2,,UNSCORED,,,,,,,
083511.40+155002.5,083511.40+155002.5,,UNSCORED,,,,,,,
083438.53+380649.1,083438.53+380649.1,,UNSCORED,,,,,,,
083440.36+160507.5,083440.36+160507.5,,UNSCORED,,,,,,,
080514.98+484654.8,080514.98+484654.8,,UNSCORED,,,,,,,
081751.61+373815.1,081751.61+373815.1,,UNSCORED,,,,,,,
082024.21+233450.4,082024.21+233450.4,,UNSCORED,,,,,,,
084512.40+365231.1,084512.40+365231.1,,UNSCORED,,,,,,,
082733.02+270557.7,082733.02+270557.7,,UNSCORED,,,,,,,
080837.30+303517.6,080837.30+303517.6,,UNSCORED,,,,,,,
081208.43+480855.8,081208.43+480855.8,,UNSCORED,,,,,,,
082952.68+525648.8,082952.68+525648.8,,UNSCORED,,,,,,,
081625.05+231323.2,081625.05+231323.2,,UNSCORED,,,,,,,
084143.09+281955.6,084143.09+281955.6,,UNSCORED,,,,,,,
074834.21+175847.4,074834.21+175847.4,,UNSCORED,,,,,,,
083025.60+490628.6,083025.60+490628.6,,UNSCORED,,,,,,,
081415.70+483955.7,081415.70+483955.7,,UNSCORED,,,,,,,
080821.63+520303.1,080821.63+520303.1,,UNSCORED,,,,,,,
075220.20+292124.3,075220.20+292124.3,,UNSCORED,,,,,,,
081751.40+532628.8,081751.40+532628.8,,UNSCORED,,,,,,,
081847.47+423809.7,081847.47+423809.7,,UNSCORED,,,,,,,
084325.74+365340.5,084325.74+365340.5,,UNSCORED,,,,,,,
080256.36+382423.4,080256.36+382423.4,,UNSCORED,,,,,,,
083039.32+514526.3,083039.32+514526.3,,UNSCORED,,,,,,,
081509.42+372214.7,081509.42+372214.7,,UNSCORED,,,,,,,
081403.21+433647.0,081403.21+433647.0,,UNSCORED,,,,,,,
075111.59+161500.4,075111.59+161500.4,,UNSCORED,,,,,,,
082104.73+274525.2,082104.73+274525.2,,UNSCORED,,,,,,,
081151.73+375415.9,081151.73+375415.9,,UNSCORED,,,,,,,
075427.70+114344.4,075427.70+114344.4,,UNSCORED,,,,,,,
080847.49+474621.1,080847.49+474621.1,,UNSCORED,,,,,,,
084406.98+355239.8,084406.98+355239.8,,UNSCORED,,,,,,,
075439.54+210224.8,075439.54+210224.8,,UNSCORED,,,,,,,
080642.14+425856.4,080642.14+425856.4,,UNSCORED,,,,,,,
083051.86+275212.0,083051.86+275212.0,,UNSCORED,,,,,,,
081612.17+173503.2,081612.17+173503.2,,UNSCORED,,,,,,,
081024.65+315004.9,081024.65+315004.9,,UNSCORED,,,,,,,
081725.48+231154.7,081725.48+231154.7,,UNSCORED,,,,,,,
080148.85+174316.2,080148.85+174316.2,,UNSCORED,,,,,,,
082417.07+160625.0,082417.07+160625.0,,UNSCORED,,,,,,,
080000.02+173015.8,080000.02+173015.8,,UNSCORED,,,,,,,
075758.75+503044.6,075758.75+503044.6,,UNSCORED,,,,,,,
082048.49+302552.3,082048.49+302552.3,,UNSCORED,,,,,,,
081246.20+162407.6,081246.20+162407.6,,UNSCORED,,,,,,,
082523.22+354212.7,082523.22+354212.7,,UNSCORED,,,,,,,
081633.80+063043.8,081633.80+063043.8,,UNSCORED,,,,,,,
080937.79+275648.3,080937.79+275648.3,,UNSCORED,,,,,,,
074942.17+372514.3,074942.17+372514.3,,UNSCORED,,,,,,,
080031.37+295944.5,080031.37+295944.5,,UNSCORED,,,,,,,
080902.66+535857.8,080902.66+535857.8,,UNSCORED,,,,,,,
075232.71+501943.7,075232.71+501943.7,,UNSCORED,,,,,,,
074832.94+340935.1,074832.94+340935.1,,UNSCORED,,,,,,,
074831.54+254437.2,074831.54+254437.2,,UNSCORED,,,,,,,
084200.38+570219.5,084200.38+570219.5,,UNSCORED,,,,,,,
082704.88+174102.4,082704.88+174102.4,,UNSCORED,,,,,,,
083427.78+232026.6,083427.78+232026.6,,UNSCORED,,,,,,,
082730.45+422725.0,082730.45+422725.0,,UNSCORED,,,,,,,
084218.74+263723.0,084218.74+263723.0,,UNSCORED,,,,,,,
083222.38+245649.6,083222.38+245649.6,,UNSCORED,,,,,,,
083655.88+203640.0,083655.88+203640.0,,UNSCORED,,,,,,,
083047.31+514442.1,083047.31+514442.1,,UNSCORED,,,,,,,
084007.37+264139.0,084007.37+264139.0,,UNSCORED,,,,,,,
082553.95+411227.6,082553.95+411227.6,,UNSCORED,,,,,,,
083740.36+324830.5,083740.36+324830.5,,UNSCORED,,,,,,,
082510.09+395515.0,082510.09+395515.0,,UNSCORED,,,,,,,
080501.37+364855.1,080501.37+364855.1,,UNSCORED,,,,,,,
082815.67+440611.2,082815.67+440611.2,,UNSCORED,,,,,,,
081545.14+393630.9,081545.14+393630.9,,UNSCORED,,,,,,,
083646.48+115323.4,083646.48+115323.4,,UNSCORED,,,,,,,
083656.16+402100.9,083656.16+402100.9,,UNSCORED,,,,,,,
074900.79+433256.7,074900.79+433256.7,,UNSCORED,,,,,,,
083446.11+192141.0,083446.11+192141.0,,UNSCORED,,,,,,,
083733.34+281431.0,083733.34+281431.0,,UNSCORED,,,,,,,
081437.44+333241.9,081437.44+333241.9,,UNSCORED,,,,,,,
081629.75+240021.9,081629.75+240021.9,,UNSCORED,,,,,,,
075330.31+532144.2,075330.31+532144.2,,UNSCORED,,,,,,,
082242.23+115935.1,082242.23+115935.1,,UNSCORED,,,,,,,
083941.15+471258.2,083941.15+471258.2,,UNSCORED,,,,,,,
083906.40+390551.8,083906.40+390551.8,,UNSCORED,,,,,,,
083319.56+324345.3,083319.56+324345.3,,UNSCORED,,,,,,,
080036.38+214836.5,080036.38+214836.5,,UNSCORED,,,,,,,
082456.93+215539.4,082456.93+215539.4,,UNSCORED,,,,,,,
081435.15+474845.1,081435.15+474845.1,,UNSCORED,,,,,,,
082308.37+512330.6,082308.37+512330.6,,UNSCORED,,,,,,,
075434.29+394646.9,075434.29+394646.9,,UNSCORED,,,,,,,
075100.80+392327.4,075100.80+392327.4,,UNSCORED,,,,,,,
083317.95+551312.2,083317.95+551312.2,,UNSCORED,,,,,,,
080556.01+221534.3,080556.01+221534.3,,UNSCORED,,,,,,,
082830.76+224730.9,082830.76+224730.9,,UNSCORED,,,,,,,
080049.38+373740.6,080049.38+373740.6,,UNSCORED,,,,,,,
081255.12+474647.0,081255.12+474647.0,,UNSCORED,,,,,,,
081128.34+360800.2,081128.34+360800.2,,UNSCORED,,,,,,,
081027.14+235127.2,081027.14+235127.2,,UNSCORED,,,,,,,
082427.93+040321.5,082427.93+040321.5,,UNSCORED,,,,,,,
082012.92+082038.0,082012.92+082038.0,,UNSCORED,,,,,,,
083703.42+402459.5,083703.42+402459.5,,UNSCORED,,,,,,,
083832.13+362817.8,083832.13+362817.8,,UNSCORED,,,,,,,
075009.27+212110.0,075009.27+212110.0,,UNSCORED,,,,,,,
075525.67+415217.5,075525.67+415217.5,,UNSCORED,,,,,,,
081559.23+274107.5,081559.23+274107.5,,UNSCORED,,,,,,,
074954.10+383124.5,074954.10+383124.5,,UNSCORED,,,,,,,
082150.13+081907.3,082150.13+081907.3,,UNSCORED,,,,,,,
081058.99+413402.7,081058.99+413402.7,,UNSCORED,,,,,,,
082821.20+482914.5,082821.20+482914.5,,UNSCORED,,,,,,,
084302.88+260354.1,084302.88+260354.1,,UNSCORED,,,,,,,
075639.93+513337.3,075639.93+513337.3,,UNSCORED,,,,,,,
075452.72+370003.1,075452.72+370003.1,,UNSCORED,,,,,,,
082927.69+145223.6,082927.69+145223.6,,UNSCORED,,,,,,,
081418.62+243418.0,081418.62+243418.0,,UNSCORED,,,,,,,
082118.37+385941.4,082118.37+385941.4,,UNSCORED,,,,,,,
081922.02+563442.9,081922.02+563442.9,,UNSCORED,,,,,,,
084504.21+542611.9,084504.21+542611.9,,UNSCORED,,,,,,,
080742.08+165545.3,080742.08+165545.3,,UNSCORED,,,,,,,
083708.69+305216.5,083708.69+305216.5,,UNSCORED,,,,,,,
084447.74+372429.5,084447.74+372429.5,,UNSCORED,,,,,,,
084349.08+323333.1,084349.08+323333.1,,UNSCORED,,,,,,,
080325.04+105826.4,080325.04+105826.4,,UNSCORED,,,,,,,
081222.99+461529.1,081222.99+461529.1,,UNSCORED,,,,,,,
082103.16+240926.7,082103.16+240926.7,,UNSCORED,,,,,,,
075103.82+402636.7,075103.82+402636.7,,UNSCORED,,,,,,,
082117.36+092650.4,082117.36+092650.4,,UNSCORED,,,,,,,
082412.22+570113.2,082412.22+570113.2,,UNSCORED,,,,,,,
083645.08+485402.8,083645.08+485402.8,,UNSCORED,,,,,,,
081618.73+311350.9,081618.73+311350.9,,UNSCORED,,,,,,,
075730.43+450203.2,075730.43+450203.2,,UNSCORED,,,,,,,
081714.40+384349.7,081714.40+384349.7,,UNSCORED,,,,,,,
080611.46+403759.9,080611.46+403759.9,,UNSCORED,,,,,,,
080429.66+122210.8,080429.66+122210.8,,UNSCORED,,,,,,,
081750.83+135416.1,081750.83+135416.1,,UNSCORED,,,,,,,
075947.73+112507.3,075947.73+112507.3,,UNSCORED,,,,,,,
083137.24+235352.8,083137.24+235352.8,,UNSCORED,,,,,,,
082857.58+135202.6,082857.58+135202.6,,UNSCORED,,,,,,,
075245.52+200337.9,075245.52+200337.9,,UNSCORED,,,,,,,
080117.89+482717.5,080117.89+482717.5,,UNSCORED,,,,,,,
082857.98+253151.2,082857.98+253151.2,,UNSCORED,,,,,,,
083213.78+475435.2,083213.78+475435.2,,UNSCORED,,,,,,,
082254.38+021208.7,082254.38+021208.7,,UNSCORED,,,,,,,
080240.70+210307.1,080240.70+210307.1,,UNSCORED,,,,,,,
075626.95+341609.2,075626.95+341609.2,,UNSCORED,,,,,,,
081140.92+412237.5,081140.92+412237.5,,UNSCORED,,,,,,,
082000.21+090727.2,082000.21+090727.2,,UNSCORED,,,,,,,
081929.44+275301.8,081929.44+275301.8,,UNSCORED,,,,,,,
082654.47+125702.0,082654.47+125702.0,,UNSCORED,,,,,,,
084244.30+084651.2,084244.30+084651.2,,UNSCORED,,,,,,,
075304.63+460434.6,075304.63+460434.6,,UNSCORED,,,,,,,
081554.25+261850.6,081554.25+261850.6,,UNSCORED,,,,,,,
080342.68+230355.4,080342.68+230355.4,,UNSCORED,,,,,,,
084341.25+544442.8,084341.25+544442.8,,UNSCORED,,,,,,,
084347.50+551538.8,084347.50+551538.8,,UNSCORED,,,,,,,
080456.90+371720.4,080456.90+371720.4,,UNSCORED,,,,,,,
080937.05+185139.4,080937.05+185139.4,,UNSCORED,,,,,,,
081127.88+222045.2,081127.88+222045.2,,UNSCORED,,,,,,,
082504.73+423256.7,082504.73+423256.7,,UNSCORED,,,,,,,
075635.61+463325.4,075635.61+463325.4,,UNSCORED,,,,,,,
082318.05+472939.3,082318.05+472939.3,,UNSCORED,,,,,,,
082015.09+041148.7,082015.09+041148.7,,UNSCORED,,,,,,,
080744.03+434818.5,080744.03+434818.5,,UNSCORED,,,,,,,
084022.79+382739.0,084022.79+382739.0,,UNSCORED,,,,,,,
080521.17+150114.2,080521.17+150114.2,,UNSCORED,,,,,,,
081150.45+453428.0,081150.45+453428.0,,UNSCORED,,,,,,,
080340.13+363217.7,080340.13+363217.7,,UNSCORED,,,,,,,
075334.91+360340.5,075334.91+360340.5,,UNSCORED,,,,,,,
080253.03+500320.1,080253.03+500320.1,,UNSCORED,,,,,,,
081844.57+350426.3,081844.57+350426.3,,UNSCORED,,,,,,,
075854.18+410456.5,075854.18+410456.5,,UNSCORED,,,,,,,
084400.18+004732.2,084400.18+004732.2,,UNSCORED,,,,,,,
083652.85+425939.0,083652.85+425939.0,,UNSCORED,,,,,,,
081206.52+280624.0,081206.52+280624.0,,UNSCORED,,,,,,,
081436.59+445445.0,081436.59+445445.0,,UNSCORED,,,,,,,
075126.39+352557.5,075126.39+352557.5,,UNSCORED,,,,,,,
075046.76+180944.0,075046.76+180944.0,,UNSCORED,,,,,,,
080934.33+123200.8,080934.33+123200.8,,UNSCORED,,,,,,,
080258.93+453020.8,080258.93+453020.8,,UNSCORED,,,,,,,
081822.84+531831.6,081822.84+531831.6,,UNSCORED,,,,,,,
082808.01+343458.8,082808.01+343458.8,,UNSCORED,,,,,,,
080439.54+315809.4,080439.54+315809.4,,UNSCORED,,,,,,,
084338.54+312620.7,084338.54+312620.7,,UNSCORED,,,,,,,
084302.97+030218.9,084302.97+030218.9,,UNSCORED,,,,,,,
075911.26+084947.3,075911.26+084947.3,,UNSCORED,,,,,,,
080921.06+420149.2,080921.06+420149.2,,UNSCORED,,,,,,,
075241.73+454704.7,075241.73+454704.7,,UNSCORED,,,,,,,
082309.56+204729.6,082309.56+204729.6,,UNSCORED,,,,,,,
083325.43+103537.3,083325.43+103537.3,,UNSCORED,,,,,,,
084519.03+130734.5,084519.03+130734.5,,UNSCORED,,,,,,,
081823.10+524723.0,081823.10+524723.0,,UNSCORED,,,,,,,
080227.70+274633.7,080227.70+274633.7,,UNSCORED,,,,,,,
084527.92+442109.1,084527.92+442109.1,,UNSCORED,,,,,,,
083918.59+311856.2,083918.59+311856.2,,UNSCORED,,,,,,,
082954.14+460624.4,082954.14+460624.4,,UNSCORED,,,,,,,
075440.32+324105.2,075440.32+324105.2,,UNSCORED,,,,,,,
081451.73+395346.9,081451.73+395346.9,,UNSCORED,,,,,,,
075732.19+445109.3,075732.19+445109.3,,UNSCORED,,,,,,,
075939.83+235647.7,075939.83+235647.7,,UNSCORED,,,,,,,
080850.95+440915.7,080850.95+440915.7,,UNSCORED,,,,,,,
081649.15+253543.3,081649.15+253543.3,,UNSCORED,,,,,,,
084252.54+342333.7,084252.54+342333.7,,UNSCORED,,,,,,,
084158.70+382720.3,084158.70+382720.3,,UNSCORED,,,,,,,
083654.35+402307.5,083654.35+402307.5,,UNSCORED,,,,,,,
080700.92+310843.8,080700.92+310843.8,,UNSCORED,,,,,,,
083702.76+495752.7,083702.76+495752.7,,UNSCORED,,,,,,,
081537.52+395510.0,081537.52+395510.0,,UNSCORED,,,,,,,
081821.90+132703.4,081821.90+132703.4,,UNSCORED,,,,,,,
081859.29+343238.0,081859.29+343238.0,,UNSCORED,,,,,,,
084133.61+412321.8,084133.61+412321.8,,UNSCORED,,,,,,,
082658.56+190921.5,082658.56+190921.5,,UNSCORED,,,,,,,
084458.79+384720.8,084458.79+384720.8,,UNSCORED,,,,,,,
082410.31+534931.3,082410.31+534931.3,,UNSCORED,,,,,,,
084151.27+583646.9,084151.27+583646.9,,UNSCORED,,,,,,,
083421.63+540408.5,083421.63+540408.5,,UNSCORED,,,,,,,
082427.62+224628.7,082427.62+224628.7,,UNSCORED,,,,,,,
080543.48+245339.1,080543.48+245339.1,,UNSCORED,,,,,,,
083438.62+161750.6,083438.62+161750.6,,UNSCORED,,,,,,,
081009.64+554122.0,081009.64+554122.0,,UNSCORED,,,,,,,
082339.25+551519.0,082339.25+551519.0,,UNSCORED,,,,,,,
082557.72+374749.5,082557.72+374749.5,,UNSCORED,,,,,,,
080430.56+504457.4,080430.56+504457.4,,UNSCORED,,,,,,,
081251.54+521928.8,081251.54+521928.8,,UNSCORED,,,,,,,
080628.27+463100.5,080628.27+463100.5,,UNSCORED,,,,,,,
080528.35+240102.7,080528.35+240102.7,,UNSCORED,,,,,,,
080707.37+302443.5,080707.37+302443.5,,UNSCORED,,,,,,,
081205.39+160751.8,081205.39+160751.8,,UNSCORED,,,,,,,
075112.36+503206.6,075112.36+503206.6,,UNSCORED,,,,,,,
081332.77+292053.0,081332.77+292053.0,,UNSCORED,,,,,,,
075432.63+483545.8,075432.63+483545.8,,UNSCORED,,,,,,,
080310.58+293233.7,080310.58+293233.7,,UNSCORED,,,,,,,
083426.54+532352.6,083426.54+532352.6,,UNSCORED,,,,,,,
081539.55+365203.5,081539.55+365203.5,,UNSCORED,,,,,,,
081747.56+433540.1,081747.56+433540.1,,UNSCORED,,,,,,,
081909.28+280215.6,081909.28+280215.6,,UNSCORED,,,,,,,
081014.92+035045.6,081014.92+035045.6,,UNSCORED,,,,,,,
081318.79+385741.1,081318.79+385741.1,,UNSCORED,,,,,,,
084409.47+215358.4,084409.47+215358.4,,UNSCORED,,,,,,,
080619.87+100230.1,080619.87+100230.1,,UNSCORED,,,,,,,
082153.76+001413.6,082153.76+001413.6,,UNSCORED,,,,,,,
081846.78+370306.4,081846.78+370306.4,,UNSCORED,,,,,,,
082026.15+254402.3,082026.15+254402.3,,UNSCORED,,,,,,,
075409.67+512428.9,075409.67+512428.9,,UNSCORED,,,,,,,
075248.01+334645.5,075248.01+334645.5,,UNSCORED,,,,,,,
083129.97+483834.0,083129.97+483834.0,,UNSCORED,,,,,,,
080937.94+390021.6,080937.94+390021.6,,UNSCORED,,,,,,,
075926.65+103009.6,075926.65+103009.6,,UNSCORED,,,,,,,
081802.05+222244.9,081802.05+222244.9,,UNSCORED,,,,,,,
081512.01+115311.6,081512.01+115311.6,,UNSCORED,,,,,,,
082243.45+495150.8,082243.45+495150.8,,UNSCORED,,,,,,,
075230.61+181432.0,075230.61+181432.0,,UNSCORED,,,,,,,
081022.30+423512.6,081022.30+423512.6,,UNSCORED,,,,,,,
080105.34+441041.0,080105.34+441041.0,,UNSCORED,,,,,,,
083604.12+220905.9,083604.12+220905.9,,UNSCORED,,,,,,,
082244.88+460318.0,082244.88+460318.0,,UNSCORED,,,,,,,
082215.40+531717.9,082215.40+531717.9,,UNSCORED,,,,,,,
080945.42+293043.0,080945.42+293043.0,,UNSCORED,,,,,,,
082803.31+460142.5,082803.31+460142.5,,UNSCORED,,,,,,,
083955.75+465941.8,083955.75+465941.8,,UNSCORED,,,,,,,
083938.88+544408.0,083938.88+544408.0,,UNSCORED,,,,,,,
083540.72+325122.7,083540.72+325122.7,,UNSCORED,,,,,,,
084305.35+132317.3,084305.35+132317.3,,UNSCORED,,,,,,,
083200.78+312930.9,083200.78+312930.9,,UNSCORED,,,,,,,
075141.71+250322.5,075141.71+250322.5,,UNSCORED,,,,,,,
083624.72+472802.0,083624.72+472802.0,,UNSCORED,,,,,,,
081051.08+174035.0,081051.08+174035.0,,UNSCORED,,,,,,,
080048.80+181220.3,080048.80+181220.3,,UNSCORED,,,,,,,
080738.01+094322.7,080738.01+094322.7,,UNSCORED,,,,,,,
074927.53+304223.0,074927.53+304223.0,,UNSCORED,,,,,,,
075042.23+514757.4,075042.23+514757.4,,UNSCORED,,,,,,,
075345.25+405803.1,075345.25+405803.1,,UNSCORED,,,,,,,
080348.15+473946.7,080348.15+473946.7,,UNSCORED,,,,,,,
083023.02+224935.1,083023.02+224935.1,,UNSCORED,,,,,,,
082634.30+214950.8,082634.30+214950.8,,UNSCORED,,,,,,,
075740.97+323709.1,075740.97+323709.1,,UNSCORED,,,,,,,
075503.87+205314.5,075503.87+205314.5,,UNSCORED,,,,,,,
082506.17+435643.5,082506.17+435643.5,,UNSCORED,,,,,,,
081537.55+384303.1,081537.55+384303.1,,UNSCORED,,,,,,,
082128.06+344331.0,082128.06+344331.0,,UNSCORED,,,,,,,
084512.27+512803.2,084512.27+512803.2,,UNSCORED,,,,,,,
082708.53+425017.8,082708.53+425017.8,,UNSCORED,,,,,,,
081053.23+531850.5,081053.23+531850.5,,UNSCORED,,,,,,,
080014.97+412125.2,080014.97+412125.2,,UNSCORED,,,,,,,
084154.48+025618.8,084154.48+025618.8,,UNSCORED,,,,,,,
081154.25+360813.8,081154.25+360813.8,,UNSCORED,,,,,,,
083814.27+544019.6,083814.27+544019.6,,UNSCORED,,,,,,,
082021.42+301137.5,082021.42+301137.5,,UNSCORED,,,,,,,
074921.45+440644.9,074921.45+440644.9,,UNSCORED,,,,,,,
083301.56+355500.9,083301.56+355500.9,,UNSCORED,,,,,,,
082432.21+205229.7,082432.21+205229.7,,UNSCORED,,,,,,,
075759.11+355755.1,075759.11+355755.1,,UNSCORED,,,,,,,
075301.69+372307.9,075301.69+372307.9,,UNSCORED,,,,,,,
082046.93+291824.4,082046.93+291824.4,,UNSCORED,,,,,,,
082121.65+402302.6,082121.65+402302.6,,UNSCORED,,,,,,,
082441.99+402216.0,082441.99+402216.0,,UNSCORED,,,,,,,
083454.28+315512.8,083454.28+315512.8,,UNSCORED,,,,,,,
082151.74+410903.0,082151.74+410903.0,,UNSCORED,,,,,,,
080009.17+433324.9,080009.17+433324.9,,UNSCORED,,,,,,,
074857.24+311003.9,074857.24+311003.9,,UNSCORED,,,,,,,
083850.11+172406.9,083850.11+172406.9,,UNSCORED,,,,,,,
081834.39+370636.1,081834.39+370636.1,,UNSCORED,,,,,,,
081653.84+225155.8,081653.84+225155.8,,UNSCORED,,,,,,,
084222.95+403006.8,084222.95+403006.8,,UNSCORED,,,,,,,
082539.92+180049.2,082539.92+180049.2,,UNSCORED,,,,,,,
075300.64+471147.7,075300.64+471147.7,,UNSCORED,,,,,,,
075632.55+273031.8,075632.55+273031.8,,UNSCORED,,,,,,,
083337.81+262651.1,083337.81+262651.1,,UNSCORED,,,,,,,
082418.90+222634.9,082418.90+222634.9,,UNSCORED,,,,,,,
081314.80+385720.4,081314.80+385720.4,,UNSCORED,,,,,,,
083525.38+513829.7,083525.38+513829.7,,UNSCORED,,,,,,,
074856.66+300551.4,074856.66+300551.4,,UNSCORED,,,,,,,
083030.90+521137.8,083030.90+521137.8,,UNSCORED,,,,,,,
074909.11+301216.1,074909.11+301216.1,,UNSCORED,,,,,,,
082556.41+132641.2,082556.41+132641.2,,UNSCORED,,,,,,,
075214.10+433349.5,075214.10+433349.5,,UNSCORED,,,,,,,
082156.41+291845.6,082156.41+291845.6,,UNSCORED,,,,,,,
081235.45+210511.6,081235.45+210511.6,,UNSCORED,,,,,,,
083933.03+553329.4,083933.03+553329.4,,UNSCORED,,,,,,,
083253.05+590549.5,083253.05+590549.5,,UNSCORED,,,,,,,
080510.20+464331.3,080510.20+464331.3,,UNSCORED,,,,,,,
081518.77+310612.0,081518.77+310612.0,,UNSCORED,,,,,,,
080419.30+230825.2,080419.30+230825.2,,UNSCORED,,,,,,,
075410.58+303700.1,075410.58+303700.1,,UNSCORED,,,,,,,
084050.39+021910.1,084050.39+021910.1,,UNSCORED,,,,,,,
083421.50+502205.0,083421.50+502205.0,,UNSCORED,,,,,,,
083615.52+280445.8,083615.52+280445.8,,UNSCORED,,,,,,,
075706.59+500833.7,075706.59+500833.7,,UNSCORED,,,,,,,
083204.07+601810.4,083204.07+601810.4,,UNSCORED,,,,,,,
081125.33+221631.4,081125.33+221631.4,,UNSCORED,,,,,,,
083720.16+331825.3,083720.16+331825.3,,UNSCORED,,,,,,,
075711.80+193352.3,075711.80+193352.3,,UNSCORED,,,,,,,
075030.09+504930.4,075030.09+504930.4,,UNSCORED,,,,,,,
081639.29+244637.8,081639.29+244637.8,,UNSCORED,,,,,,,
075931.10+451747.5,075931.10+451747.5,,UNSCORED,,,,,,,
083309.43+374538.3,083309.43+374538.3,,UNSCORED,,,,,,,
080759.36+375714.5,080759.36+375714.5,,UNSCORED,,,,,,,
082618.60+343516.4,082618.60+343516.4,,UNSCORED,,,,,,,
080949.59+221637.5,080949.59+221637.5,,UNSCORED,,,,,,,
081824.48+253708.5,081824.48+253708.5,,UNSCORED,,,,,,,
083051.87+013159.3,083051.87+013159.3,,UNSCORED,,,,,,,
080624.02+512838.7,080624.02+512838.7,,UNSCORED,,,,,,,
083516.11+040039.0,083516.11+040039.0,,UNSCORED,,,,,,,
081223.95+204207.1,081223.95+204207.1,,UNSCORED,,,,,,,
080514.95+351700.4,080514.95+351700.4,,UNSCORED,,,,,,,
081306.19-002900.4,081306.19-002900.4,,UNSCORED,,,,,,,
075058.21+293549.3,075058.21+293549.3,,UNSCORED,,,,,,,
083739.80+525405.5,083739.80+525405.5,,UNSCORED,,,,,,,
083456.33+581125.1,083456.33+581125.1,,UNSCORED,,,,,,,
084226.12+261706.7,084226.12+261706.7,,UNSCORED,,,,,,,
075409.91+311913.7,075409.91+311913.7,,UNSCORED,,,,,,,
080025.36+134021.2,080025.36+134021.2,,UNSCORED,,,,,,,
080446.65+390343.1,080446.65+390343.1,,UNSCORED,,,,,,,
075217.22+234749.2,075217.22+234749.2,,UNSCORED,,,,,,,
080823.90+360514.3,080823.90+360514.3,,UNSCORED,,,,,,,
083625.79+430959.8,083625.79+430959.8,,UNSCORED,,,,,,,
080831.77+063702.1,080831.77+063702.1,,UNSCORED,,,,,,,
075211.28+164623.2,075211.28+164623.2,,UNSCORED,,,,,,,
083641.08+451531.0,083641.08+451531.0,,UNSCORED,,,,,,,
081328.58+444514.8,081328.58+444514.8,,UNSCORED,,,,,,,
081121.36+383626.3,081121.36+383626.3,,UNSCORED,,,,,,,
083829.62+324558.8,083829.62+324558.8,,UNSCORED,,,,,,,
084102.42+541144.5,084102.42+541144.5,,UNSCORED,,,,,,,
080346.23+131114.7,080346.23+131114.7,,UNSCORED,,,,,,,
081942.01+515652.6,081942.01+515652.6,,UNSCORED,,,,,,,
083448.91+200734.4,083448.91+200734.4,,UNSCORED,,,,,,,
080459.91+122448.8,080459.91+122448.8,,UNSCORED,,,,,,,
081804.24+534829.1,081804.24+534829.1,,UNSCORED,,,,,,,
075229.14+515143.5,075229.14+515143.5,,UNSCORED,,,,,,,
075415.94+532217.7,075415.94+532217.7,,UNSCORED,,,,,,,
082935.45+364912.6,082935.45+364912.6,,UNSCORED,,,,,,,
083220.81+481553.4,083220.81+481553.4,,UNSCORED,,,,,,,
081554.29+211003.7,081554.29+211003.7,,UNSCORED,,,,,,,
083020.40+105001.5,083020.40+105001.5,,UNSCORED,,,,,,,
082033.30+382419.7,082033.30+382419.7,,UNSCORED,,,,,,,
080443.24+325527.3,080443.24+325527.3,,UNSCORED,,,,,,,
081615.47+523624.3,081615.47+523624.3,,UNSCORED,,,,,,,
080648.65+184037.0,080648.65+184037.0,,UNSCORED,,,,,,,
084244.67+371753.2,084244.67+371753.2,,UNSCORED,,,,,,,
082806.18+063608.3,082806.18+063608.3,,UNSCORED,,,,,,,
080038.64+175139.8,080038.64+175139.8,,UNSCORED,,,,,,,
074925.66+203841.9,074925.66+203841.9,,UNSCORED,,,,,,,
082649.67+462127.5,082649.67+462127.5,,UNSCORED,,,,,,,
081429.63+372249.7,081429.63+372249.7,,UNSCORED,,,,,,,
083643.07+444308.6,083643.07+444308.6,,UNSCORED,,,,,,,
080859.02+260225.4,080859.02+260225.4,,UNSCORED,,,,,,,
075342.88+165014.1,075342.88+165014.1,,UNSCORED,,,,,,,
084327.96+320414.6,084327.96+320414.6,,UNSCORED,,,,,,,
081255.06+565532.8,081255.06+565532.8,,UNSCORED,,,,,,,
081820.75+291535.9,081820.75+291535.9,,UNSCORED,,,,,,,
083712.14+335243.8,083712.14+335243.8,,UNSCORED,,,,,,,
080643.51+302844.8,080643.51+302844.8,,UNSCORED,,,,,,,
083723.55+351336.3,083723.55+351336.3,,UNSCORED,,,,,,,
081123.91+475100.2,081123.91+475100.2,,UNSCORED,,,,,,,
081016.98+203733.2,081016.98+203733.2,,UNSCORED,,,,,,,
080203.63+492757.2,080203.63+492757.2,,UNSCORED,,,,,,,
083924.34+122609.1,083924.34+122609.1,,UNSCORED,,,,,,,
075015.22+244027.2,075015.22+244027.2,,UNSCORED,,,,,,,
083519.33+595535.9,083519.33+595535.9,,UNSCORED,,,,,,,
083252.07+150126.8,083252.07+150126.8,,UNSCORED,,,,,,,
081625.44+453633.1,081625.44+453633.1,,UNSCORED,,,,,,,
075822.13+221151.2,075822.13+221151.2,,UNSCORED,,,,,,,
083244.46+382645.3,083244.46+382645.3,,UNSCORED,,,,,,,
080539.70+252425.1,080539.70+252425.1,,UNSCORED,,,,,,,
082511.94+354434.6,082511.94+354434.6,,UNSCORED,,,,,,,
082257.68+304535.9,082257.68+304535.9,,UNSCORED,,,,,,,
081451.26+571244.1,081451.26+571244.1,,UNSCORED,,,,,,,
084303.24+240239.1,084303.24+240239.1,,UNSCORED,,,,,,,
083505.97+475724.4,083505.97+475724.4,,UNSCORED,,,,,,,
075542.08+160950.0,075542.08+160950.0,,UNSCORED,,,,,,,
080149.44+542742.1,080149.44+542742.1,,UNSCORED,,,,,,,
083929.77+173047.2,083929.77+173047.2,,UNSCORED,,,,,,,
075724.80+441340.3,075724.80+441340.3,,UNSCORED,,,,,,,
083154.58+270317.7,083154.58+270317.7,,UNSCORED,,,,,,,
075100.75+150953.9,075100.75+150953.9,,UNSCORED,,,,,,,
081813.28+280235.6,081813.28+280235.6,,UNSCORED,,,,,,,
082159.16+453145.4,082159.16+453145.4,,UNSCORED,,,,,,,
080044.28+445126.7,080044.28+445126.7,,UNSCORED,,,,,,,
075843.26+321507.9,075843.26+321507.9,,UNSCORED,,,,,,,
084307.52+280043.9,084307.52+280043.9,,UNSCORED,,,,,,,
075448.85+303355.0,075448.85+303355.0,,UNSCORED,,,,,,,
075700.98+461523.1,075700.98+461523.1,,UNSCORED,,,,,,,
081758.24+454056.4,081758.24+454056.4,,UNSCORED,,,,,,,
081316.24+490609.9,081316.24+490609.9,,UNSCORED,,,,,,,
082106.93+322036.0,082106.93+322036.0,,UNSCORED,,,,,,,
080754.01+240740.1,080754.01+240740.1,,UNSCORED,,,,,,,
084109.55+293926.8,084109.55+293926.8,,UNSCORED,,,,,,,
084055.01+343321.0,084055.01+343321.0,,UNSCORED,,,,,,,
082921.78+294849.5,082921.78+294849.5,,UNSCORED,,,,,,,
083857.28+370649.1,083857.28+370649.1,,UNSCORED,,,,,,,
075619.59+242938.2,075619.59+242938.2,,UNSCORED,,,,,,,
082043.12+330845.5,082043.12+330845.5,,UNSCORED,,,,,,,
083827.46+555824.1,083827.46+555824.1,,UNSCORED,,,,,,,
075702.54+313121.4,075702.54+313121.4,,UNSCORED,,,,,,,
075305.12+283939.2,075305.12+283939.2,,UNSCORED,,,,,,,
083128.37+551706.9,083128.37+551706.9,,UNSCORED,,,,,,,
075631.04+284452.9,075631.04+284452.9,,UNSCORED,,,,,,,
083033.12+435057.1,083033.12+435057.1,,UNSCORED,,,,,,,
082217.92+280108.1,082217.92+280108.1,,UNSCORED,,,,,,,
082711.67+382737.2,082711.67+382737.2,,UNSCORED,,,,,,,
081140.45+334416.2,081140.45+334416.2,,UNSCORED,,,,,,,
080536.79+360904.4,080536.79+360904.4,,UNSCORED,,,,,,,
083559.92+323552.0,083559.92+323552.0,,UNSCORED,,,,,,,
083804.39+524701.3,083804.39+524701.3,,UNSCORED,,,,,,,
081415.40+030054.0,081415.40+030054.0,,UNSCORED,,,,,,,
083825.64+030136.2,083825.64+030136.2,,UNSCORED,,,,,,,
075124.05+405838.0,075124.05+405838.0,,UNSCORED,,,,,,,
081122.15+365316.6,081122.15+365316.6,,UNSCORED,,,,,,,
082822.68+135246.7,082822.68+135246.7,,UNSCORED,,,,,,,
082006.60+432941.7,082006.60+432941.7,,UNSCORED,,,,,,,
080205.08+551054.1,080205.08+551054.1,,UNSCORED,,,,,,,
081344.39+574333.5,081344.39+574333.5,,UNSCORED,,,,,,,
081536.21+425050.9,081536.21+425050.9,,UNSCORED,,,,,,,
083141.77+344303.6,083141.77+344303.6,,UNSCORED,,,,,,,
082907.43+333008.3,082907.43+333008.3,,UNSCORED,,,,,,,
084219.96+460812.7,084219.96+460812.7,,UNSCORED,,,,,,,
075214.25+355145.1,075214.25+355145.1,,UNSCORED,,,,,,,
082253.04+352921.4,082253.04+352921.4,,UNSCORED,,,,,,,
081036.21+350846.7,081036.21+350846.7,,UNSCORED,,,,,,,
083656.95+463147.7,083656.95+463147.7,,UNSCORED,,,,,,,
075259.54+262223.8,075259.54+262223.8,,UNSCORED,,,,,,,
081242.44+295716.3,081242.44+295716.3,,UNSCORED,,,,,,,
084501.54+543849.5,084501.54+543849.5,,UNSCORED,,,,,,,
082411.27+122611.7,082411.27+122611.7,,UNSCORED,,,,,,,
075011.51+281641.1,075011.51+281641.1,,UNSCORED,,,,,,,
075442.78+263041.8,075442.78+263041.8,,UNSCORED,,,,,,,
083701.91+532406.0,083701.91+532406.0,,UNSCORED,,,,,,,
083144.69+493244.4,083144.69+493244.4,,UNSCORED,,,,,,,
083512.21+341359.1,083512.21+341359.1,,UNSCORED,,,,,,,
075646.95+161255.3,075646.95+161255.3,,UNSCORED,,,,,,,
080213.29+381338.2,080213.29+381338.2,,UNSCORED,,,,,,,
082059.54+223003.7,082059.54+223003.7,,UNSCORED,,,,,,,
081353.05+323728.4,081353.05+323728.4,,UNSCORED,,,,,,,
075658.19+405059.0,075658.19+405059.0,,UNSCORED,,,,,,,
082418.88+384425.5,082418.88+384425.5,,UNSCORED,,,,,,,
075356.08+392754.3,075356.08+392754.3,,UNSCORED,,,,,,,
081957.38+453804.3,081957.38+453804.3,,UNSCORED,,,,,,,
082824.51+293607.7,082824.51+293607.7,,UNSCORED,,,,,,,
080230.99+005331.3,080230.99+005331.3,,UNSCORED,,,,,,,
081456.80+231848.9,081456.80+231848.9,,UNSCORED,,,,,,,
080121.75+424913.6,080121.75+424913.6,,UNSCORED,,,,,,,
082543.21+482723.9,082543.21+482723.9,,UNSCORED,,,,,,,
084506.88+414059.9,084506.88+414059.9,,UNSCORED,,,,,,,
075035.10+523349.5,075035.10+523349.5,,UNSCORED,,,,,,,
084350.13+155027.4,084350.13+155027.4,,UNSCORED,,,,,,,
083937.01+345333.3,083937.01+345333.3,,UNSCORED,,,,,,,
082828.97+121219.9,082828.97+121219.9,,UNSCORED,,,,,,,
083541.99+080051.7,083541.99+080051.7,,UNSCORED,,,,,,,
075423.68+500433.3,075423.68+500433.3,,UNSCORED,,,,,,,
082050.54+064605.2,082050.54+064605.2,,UNSCORED,,,,,,,
080429.72+560313.5,080429.72+560313.5,,UNSCORED,,,,,,,
075238.98+200341.7,075238.98+200341.7,,UNSCORED,,,,,,,
082355.66+303630.1,082355.66+303630.1,,UNSCORED,,,,,,,
082600.69+543734.8,082600.69+543734.8,,UNSCORED,,,,,,,
084503.26+593956.8,084503.26+593956.8,,UNSCORED,,,,,,,
075323.00+460000.6,075323.00+460000.6,,UNSCORED,,,,,,,
081057.87+492657.8,081057.87+492657.8,,UNSCORED,,,,,,,
083513.64+284354.1,083513.64+284354.1,,UNSCORED,,,,,,,
075215.84+285836.0,075215.84+285836.0,,UNSCORED,,,,,,,
080929.59+240234.1,080929.59+240234.1,,UNSCORED,,,,,,,
082855.00+415535.7,082855.00+415535.7,,UNSCORED,,,,,,,
083412.23+470041.9,083412.23+470041.9,,UNSCORED,,,,,,,
080745.84+251503.9,080745.84+251503.9,,UNSCORED,,,,,,,
084208.58+514629.5,084208.58+514629.5,,UNSCORED,,,,,,,
080557.78+484921.0,080557.78+484921.0,,UNSCORED,,,,,,,
081041.20+224723.4,081041.20+224723.4,,UNSCORED,,,,,,,
082330.77+354346.7,082330.77+354346.7,,UNSCORED,,,,,,,
083916.06+345927.9,083916.06+345927.9,,UNSCORED,,,,,,,
080318.03+455239.5,080318.03+455239.5,,UNSCORED,,,,,,,
075747.02+500705.0,075747.02+500705.0,,UNSCORED,,,,,,,
080919.04+524113.9,080919.04+524113.9,,UNSCORED,,,,,,,
080431.96+095716.8,080431.96+095716.8,,UNSCORED,,,,,,,
082514.46+332859.0,082514.46+332859.0,,UNSCORED,,,,,,,
075229.73+493013.7,075229.73+493013.7,,UNSCORED,,,,,,,
081739.91+165138.3,081739.91+165138.3,,UNSCORED,,,,,,,
080716.64+355935.0,080716.64+355935.0,,UNSCORED,,,,,,,
075656.07+401234.5,075656.07+401234.5,,UNSCORED,,,,,,,
082459.24+362035.2,082459.24+362035.2,,UNSCORED,,,,,,,
083010.61+453321.3,083010.61+453321.3,,UNSCORED,,,,,,,
080808.73+500037.2,080808.73+500037.2,,UNSCORED,,,,,,,
082827.81+000129.6,082827.81+000129.6,,UNSCORED,,,,,,,
081030.15+322504.9,081030.15+322504.9,,UNSCORED,,,,,,,
082519.84+390858.0,082519.84+390858.0,,UNSCORED,,,,,,,
083221.74+334139.0,083221.74+334139.0,,UNSCORED,,,,,,,
083210.75+040326.5,083210.75+040326.5,,UNSCORED,,,,,,,
081241.44+455901.4,081241.44+455901.4,,UNSCORED,,,,,,,
075201.82+210434.7,075201.82+210434.7,,UNSCORED,,,,,,,
083226.07+343414.3,083226.07+343414.3,,UNSCORED,,,,,,,
083533.62+071809.4,083533.62+071809.4,,UNSCORED,,,,,,,
081413.20+201101.2,081413.20+201101.2,,UNSCORED,,,,,,,
084223.14+230627.9,084223.14+230627.9,,UNSCORED,,,,,,,
080256.99+385755.1,080256.99+385755.1,,UNSCORED,,,,,,,
082544.01+474855.6,082544.01+474855.6,,UNSCORED,,,,,,,
080025.46+245440.8,080025.46+245440.8,,UNSCORED,,,,,,,
075439.66+213435.9,075439.66+213435.9,,UNSCORED,,,,,,,
081849.92+462355.1,081849.92+462355.1,,UNSCORED,,,,,,,
084057.44+411412.5,084057.44+411412.5,,UNSCORED,,,,,,,
081722.74+380921.7,081722.74+380921.7,,UNSCORED,,,,,,,
080915.24+513235.7,080915.24+513235.7,,UNSCORED,,,,,,,
081007.45+432159.9,081007.45+432159.9,,UNSCORED,,,,,,,
075950.23+451729.0,075950.23+451729.0,,UNSCORED,,,,,,,
084135.20+430957.3,084135.20+430957.3,,UNSCORED,,,,,,,
083938.60+340617.7,083938.60+340617.7,,UNSCORED,,,,,,,
081012.58+203646.3,081012.58+203646.3,,UNSCORED,,,,,,,
082236.06+141224.5,082236.06+141224.5,,UNSCORED,,,,,,,
083651.97+150146.4,083651.97+150146.4,,UNSCORED,,,,,,,
075841.86+340942.7,075841.86+340942.7,,UNSCORED,,,,,,,
081639.90+392622.9,081639.90+392622.9,,UNSCORED,,,,,,,
084413.62+221417.1,084413.62+221417.1,,UNSCORED,,,,,,,
081210.33+305704.8,081210.33+305704.8,,UNSCORED,,,,,,,
074925.16+252415.0,074925.16+252415.0,,UNSCORED,,,,,,,
075619.29+443107.6,075619.29+443107.6,,UNSCORED,,,,,,,
082636.30+253137.2,082636.30+253137.2,,UNSCORED,,,,,,,
081832.35+481331.9,081832.35+481331.9,,UNSCORED,,,,,,,
080013.40+243457.8,080013.40+243457.8,,UNSCORED,,,,,,,
083541.13+320753.8,083541.13+320753.8,,UNSCORED,,,,,,,
083251.55+173457.4,083251.55+173457.4,,UNSCORED,,,,,,,
081920.32+445412.2,081920.32+445412.2,,UNSCORED,,,,,,,
082332.90+264042.5,082332.90+264042.5,,UNSCORED,,,,,,,
084402.23+390905.9,084402.23+390905.9,,UNSCORED,,,,,,,
082104.88+500848.8,082104.88+500848.8,,UNSCORED,,,,,,,
075743.45+492245.0,075743.45+492245.0,,UNSCORED,,,,,,,
083504.63+381916.9,083504.63+381916.9,,UNSCORED,,,,,,,
082801.70+104625.8,082801.70+104625.8,,UNSCORED,,,,,,,
081758.77+424500.7,081758.77+424500.7,,UNSCORED,,,,,,,
083048.44+293912.5,083048.44+293912.5,,UNSCORED,,,,,,,
074843.12+361219.4,074843.12+361219.4,,UNSCORED,,,,,,,
075651.98+280718.3,075651.98+280718.3,,UNSCORED,,,,,,,
081844.19+502218.6,081844.19+502218.6,,UNSCORED,,,,,,,
082913.29+212704.4,082913.29+212704.4,,UNSCORED,,,,,,,
075637.28+094630.0,075637.28+094630.0,,UNSCORED,,,,,,,
082108.07+453440.3,082108.07+453440.3,,UNSCORED,,,,,,,
084417.99+451952.4,084417.99+451952.4,,UNSCORED,,,,,,,
075709.35+213718.1,075709.35+213718.1,,UNSCORED,,,,,,,
082830.17+541550.6,082830.17+541550.6,,UNSCORED,,,,,,,
081743.12+260712.7,081743.12+260712.7,,UNSCORED,,,,,,,
080030.47+404421.4,080030.47+404421.4,,UNSCORED,,,,,,,
081630.86+350347.8,081630.86+350347.8,,UNSCORED,,,,,,,
080459.83+514930.8,080459.83+514930.8,,UNSCORED,,,,,,,
082029.65+372040.0,082029.65+372040.0,,UNSCORED,,,,,,,
080151.58+310446.5,080151.58+310446.5,,UNSCORED,,,,,,,
082409.54+205520.7,082409.54+205520.7,,UNSCORED,,,,,,,
083804.16+303707.7,083804.16+303707.7,,UNSCORED,,,,,,,
084118.75+175013.6,084118.75+175013.6,,UNSCORED,,,,,,,
081740.06+331800.1,081740.06+331800.1,,UNSCORED,,,,,,,
081100.51+462532.1,081100.51+462532.1,,UNSCORED,,,,,,,
083037.58+564913.9,083037.58+564913.9,,UNSCORED,,,,,,,
083944.33+513310.2,083944.33+513310.2,,UNSCORED,,,,,,,
081345.75+534805.1,081345.75+534805.1,,UNSCORED,,,,,,,
080409.30+352937.0,080409.30+352937.0,,UNSCORED,,,,,,,
083250.27+045718.6,083250.27+045718.6,,UNSCORED,,,,,,,
081500.44+291739.1,081500.44+291739.1,,UNSCORED,,,,,,,
081940.02+212855.8,081940.02+212855.8,,UNSCORED,,,,,,,
083409.54+421957.0,083409.54+421957.0,,UNSCORED,,,,,,,
083420.97+302416.9,083420.97+302416.9,,UNSCORED,,,,,,,
080749.71+263333.6,080749.71+263333.6,,UNSCORED,,,,,,,
083354.40+471756.5,083354.40+471756.5,,UNSCORED,,,,,,,
080117.31+332156.8,080117.31+332156.8,,UNSCORED,,,,,,,
082008.60+031802.3,082008.60+031802.3,,UNSCORED,,,,,,,
081845.08+422815.1,081845.08+422815.1,,UNSCORED,,,,,,,
083559.71+125638.7,083559.71+125638.7,,UNSCORED,,,,,,,
075242.20+380445.8,075242.20+380445.8,,UNSCORED,,,,,,,
082551.41+264205.8,082551.41+264205.8,,UNSCORED,,,,,,,
082427.36+305032.7,082427.36+305032.7,,UNSCORED,,,,,,,
083458.02+531709.9,083458.02+531709.9,,UNSCORED,,,,,,,
075839.74+514913.7,075839.74+514913.7,,UNSCORED,,,,,,,
081250.86+360040.0,081250.86+360040.0,,UNSCORED,,,,,,,
084254.28+240909.6,084254.28+240909.6,,UNSCORED,,,,,,,
083659.70+355452.2,083659.70+355452.2,,UNSCORED,,,,,,,
081728.41+330938.6,081728.41+330938.6,,UNSCORED,,,,,,,
082658.47+470903.0,082658.47+470903.0,,UNSCORED,,,,,,,
075821.23+503307.2,075821.23+503307.2,,UNSCORED,,,,,,,
080012.99+221540.2,080012.99+221540.2,,UNSCORED,,,,,,,
080002.90+232823.0,080002.90+232823.0,,UNSCORED,,,,,,,
083421.50+285129.7,083421.50+285129.7,,UNSCORED,,,,,,,
082210.84+313842.1,082210.84+313842.1,,UNSCORED,,,,,,,
083721.26+160932.4,083721.26+160932.4,,UNSCORED,,,,,,,
080128.89+113809.7,080128.89+113809.7,,UNSCORED,,,,,,,
082132.68+514532.6,082132.68+514532.6,,UNSCORED,,,,,,,
083442.17+050538.2,083442.17+050538.2,,UNSCORED,,,,,,,
083300.04+300559.1,083300.04+300559.1,,UNSCORED,,,,,,,
081429.00+483414.0,081429.00+483414.0,,UNSCORED,,,,,,,
084517.39+513412.4,084517.39+513412.4,,UNSCORED,,,,,,,
080718.81+365010.1,080718.81+365010.1,,UNSCORED,,,,,,,
082316.16+244553.2,082316.16+244553.2,,UNSCORED,,,,,,,
082352.18+543307.2,082352.18+543307.2,,UNSCORED,,,,,,,
075439.79+373520.5,075439.79+373520.5,,UNSCORED,,,,,,,
082424.38+313238.3,082424.38+313238.3,,UNSCORED,,,,,,,
084046.22+090229.3,084046.22+090229.3,,UNSCORED,,,,,,,
084431.20+340436.4,084431.20+340436.4,,UNSCORED,,,,,,,
083845.92+522908.5,083845.92+522908.5,,UNSCORED,,,,,,,
075344.60+341026.0,075344.60+341026.0,,UNSCORED,,,,,,,
082438.37+391806.8,082438.37+391806.8,,UNSCORED,,,,,,,
075829.26+214102.9,075829.26+214102.9,,UNSCORED,,,,,,,
080025.61+085017.7,080025.61+085017.7,,UNSCORED,,,,,,,
082059.59+252257.8,082059.59+252257.8,,UNSCORED,,,,,,,
082331.89+243220.6,082331.89+243220.6,,UNSCORED,,,,,,,
082555.39+345154.0,082555.39+345154.0,,UNSCORED,,,,,,,
082441.90+393211.5,082441.90+393211.5,,UNSCORED,,,,,,,
084049.48+234922.9,084049.48+234922.9,,UNSCORED,,,,,,,
075819.72+091151.2,075819.72+091151.2,,UNSCORED,,,,,,,
080333.54+164512.3,080333.54+164512.3,,UNSCORED,,,,,,,
084351.28+045904.6,084351.28+045904.6,,UNSCORED,,,,,,,
082009.29+195823.0,082009.29+195823.0,,UNSCORED,,,,,,,
080423.02+451947.5,080423.02+451947.5,,UNSCORED,,,,,,,
075143.55+191312.9,075143.55+191312.9,,UNSCORED,,,,,,,
075927.50+240447.6,075927.50+240447.6,,UNSCORED,,,,,,,
081826.11+362322.0,081826.11+362322.0,,UNSCORED,,,,,,,
081129.61+230947.4,081129.61+230947.4,,UNSCORED,,,,,,,
081141.00+540857.0,081141.00+540857.0,,UNSCORED,,,,,,,
081604.43+394501.7,081604.43+394501.7,,UNSCORED,,,,,,,
084031.90+370211.3,084031.90+370211.3,,UNSCORED,,,,,,,
082209.77+530233.8,082209.77+530233.8,,UNSCORED,,,,,,,
082826.20+394436.8,082826.20+394436.8,,UNSCORED,,,,,,,
075743.39+074810.0,075743.39+074810.0,,UNSCORED,,,,,,,
080738.31+393723.5,080738.31+393723.5,,UNSCORED,,,,,,,
075235.36+454034.8,075235.36+454034.8,,UNSCORED,,,,,,,
080741.83+315120.9,080741.83+315120.9,,UNSCORED,,,,,,,
082840.64+211812.6,082840.64+211812.6,,UNSCORED,,,,,,,
084119.93+491524.0,084119.93+491524.0,,UNSCORED,,,,,,,
081030.32+281325.9,081030.32+281325.9,,UNSCORED,,,,,,,
083956.62+464427.7,083956.62+464427.7,,UNSCORED,,,,,,,
080217.23+491221.0,080217.23+491221.0,,UNSCORED,,,,,,,
083837.14+203421.2,083837.14+203421.2,,UNSCORED,,,,,,,
081605.43+213214.7,081605.43+213214.7,,UNSCORED,,,,,,,
084518.19+303100.3,084518.19+303100.3,,UNSCORED,,,,,,,
084313.67+425527.3,084313.67+425527.3,,UNSCORED,,,,,,,
080248.18+551328.8,080248.18+551328.8,,UNSCORED,,,,,,,
082102.67+412355.0,082102.67+412355.0,,UNSCORED,,,,,,,
080023.09+152222.8,080023.09+152222.8,,UNSCORED,,,,,,,
083024.28+482351.3,083024.28+482351.3,,UNSCORED,,,,,,,
081024.84+231356.9,081024.84+231356.9,,UNSCORED,,,,,,,
080328.38+294232.1,080328.38+294232.1,,UNSCORED,,,,,,,
082516.76+555950.6,082516.76+555950.6,,UNSCORED,,,,,,,
084141.04+472436.6,084141.04+472436.6,,UNSCORED,,,,,,,
082010.36+021517.4,082010.36+021517.4,,UNSCORED,,,,,,,
083355.08+330403.8,083355.08+330403.8,,UNSCORED,,,,,,,
082956.40+193730.0,082956.40+193730.0,,UNSCORED,,,,,,,
080313.70+432736.6,080313.70+432736.6,,UNSCORED,,,,,,,
083201.59+260349.9,083201.59+260349.9,,UNSCORED,,,,,,,
081930.60+481952.1,081930.60+481952.1,,UNSCORED,,,,,,,
081820.24+372130.9,081820.24+372130.9,,UNSCORED,,,,,,,
074854.37+193908.4,074854.37+193908.4,,UNSCORED,,,,,,,
084347.16+325734.4,084347.16+325734.4,,UNSCORED,,,,,,,
081410.57+283107.9,081410.57+283107.9,,UNSCORED,,,,,,,
082837.75+232405.8,082837.75+232405.8,,UNSCORED,,,,,,,
081948.26+571427.3,081948.26+571427.3,,UNSCORED,,,,,,,
083946.40+551226.4,083946.40+551226.4,,UNSCORED,,,,,,,
082114.35+114715.3,082114.35+114715.3,,UNSCORED,,,,,,,
083319.05+164559.1,083319.05+164559.1,,UNSCORED,,,,,,,
083655.73+342335.4,083655.73+342335.4,,UNSCORED,,,,,,,
083900.57+315846.8,083900.57+315846.8,,UNSCORED,,,,,,,
082136.31+062800.6,082136.31+062800.6,,UNSCORED,,,,,,,
083410.05+220641.3,083410.05+220641.3,,UNSCORED,,,,,,,
080419.10+405347.4,080419.10+405347.4,,UNSCORED,,,,,,,
075757.36+434840.9,075757.36+434840.9,,UNSCORED,,,,,,,
083049.50+374128.0,083049.50+374128.0,,UNSCORED,,,,,,,
084343.04+522850.0,084343.04+522850.0,,UNSCORED,,,,,,,
080655.11+130901.9,080655.11+130901.9,,UNSCORED,,,,,,,
080320.46+353703.6,080320.46+353703.6,,UNSCORED,,,,,,,
082928.29+552552.8,082928.29+552552.8,,UNSCORED,,,,,,,
080202.00+470012.6,080202.00+470012.6,,UNSCORED,,,,,,,
084403.14+303035.0,084403.14+303035.0,,UNSCORED,,,,,,,
084005.40+431506.5,084005.40+431506.5,,UNSCORED,,,,,,,
075211.27+435338.6,075211.27+435338.6,,UNSCORED,,,,,,,
084139.62+023021.6,084139.62+023021.6,,UNSCORED,,,,,,,
081503.43+273802.6,081503.43+273802.6,,UNSCORED,,,,,,,
081400.47+465255.1,081400.47+465255.1,,UNSCORED,,,,,,,
082813.09+433155.7,082813.09+433155.7,,UNSCORED,,,,,,,
081331.88+383943.8,081331.88+383943.8,,UNSCORED,,,,,,,
083722.40+042659.6,083722.40+042659.6,,UNSCORED,,,,,,,
082015.11+415852.3,082015.11+415852.3,,UNSCORED,,,,,,,
083447.46+600307.5,083447.46+600307.5,,UNSCORED,,,,,,,
084156.77+213654.3,084156.77+213654.3,,UNSCORED,,,,,,,
081702.19+491920.5,081702.19+491920.5,,UNSCORED,,,,,,,
082926.01+180020.7,082926.01+180020.7,,UNSCORED,,,,,,,
081300.26+314627.2,081300.26+314627.2,,UNSCORED,,,,,,,
081318.21+230350.4,081318.21+230350.4,,UNSCORED,,,,,,,
080731.87+052651.0,080731.87+052651.0,,UNSCORED,,,,,,,
075034.40+654125.6,075034.40+654125.6,,UNSCORED,,,,,,,
082304.06+493843.0,082304.06+493843.0,,UNSCORED,,,,,,,
082203.08+425649.3,082203.08+425649.3,,UNSCORED,,,,,,,
084337.68+154711.9,084337.68+154711.9,,UNSCORED,,,,,,,
084507.13+235620.8,084507.13+235620.8,,UNSCORED,,,,,,,
083843.11+203427.1,083843.11+203427.1,,UNSCORED,,,,,,,
075819.90+215401.6,075819.90+215401.6,,UNSCORED,,,,,,,
083246.03+441448.4,083246.03+441448.4,,UNSCORED,,,,,,,
082351.62+205723.5,082351.62+205723.5,,UNSCORED,,,,,,,
075433.08+172051.5,075433.08+172051.5,,UNSCORED,,,,,,,
084114.01+390059.4,084114.01+390059.4,,UNSCORED,,,,,,,
082952.89+354040.9,082952.89+354040.9,,UNSCORED,,,,,,,
082744.48+542027.3,082744.48+542027.3,,UNSCORED,,,,,,,
082640.63+290057.1,082640.63+290057.1,,UNSCORED,,,,,,,
075154.97+202246.6,075154.97+202246.6,,UNSCORED,,,,,,,
080639.23+242821.8,080639.23+242821.8,,UNSCORED,,,,,,,
080837.70+282851.4,080837.70+282851.4,,UNSCORED,,,,,,,
083021.09+224044.6,083021.09+224044.6,,UNSCORED,,,,,,,
080922.44+055528.0,080922.44+055528.0,,UNSCORED,,,,,,,
084102.02+320101.4,084102.02+320101.4,,UNSCORED,,,,,,,
080857.60+260205.6,080857.60+260205.6,,UNSCORED,,,,,,,
083817.63+045651.5,083817.63+045651.5,,UNSCORED,,,,,,,
080833.38+040307.8,080833.38+040307.8,,UNSCORED,,,,,,,
083532.03+092450.2,083532.03+092450.2,,UNSCORED,,,,,,,
074936.75+445438.8,074936.75+445438.8,,UNSCORED,,,,,,,
082354.39+285848.5,082354.39+285848.5,,UNSCORED,,,,,,,
081837.39+352904.1,081837.39+352904.1,,UNSCORED,,,,,,,
080450.65+400645.8,080450.65+400645.8,,UNSCORED,,,,,,,
080948.11+243754.9,080948.11+243754.9,,UNSCORED,,,,,,,
075257.13+375020.6,075257.13+375020.6,,UNSCORED,,,,,,,
081835.72+381944.6,081835.72+381944.6,,UNSCORED,,,,,,,
081122.02+335308.8,081122.02+335308.8,,UNSCORED,,,,,,,
083338.53+331853.0,083338.53+331853.0,,UNSCORED,,,,,,,
082725.90+212044.5,082725.90+212044.5,,UNSCORED,,,,,,,
083904.00+463113.6,083904.00+463113.6,,UNSCORED,,,,,,,
080607.79+562635.5,080607.79+562635.5,,UNSCORED,,,,,,,
081208.61+230531.2,081208.61+230531.2,,UNSCORED,,,,,,,
082055.64+113930.9,082055.64+113930.9,,UNSCORED,,,,,,,
082608.87+314353.4,082608.87+314353.4,,UNSCORED,,,,,,,
080604.87+280049.3,080604.87+280049.3,,UNSCORED,,,,,,,
083010.70+400619.6,083010.70+400619.6,,UNSCORED,,,,,,,
081341.54+522901.1,081341.54+522901.1,,UNSCORED,,,,,,,
075304.64+245844.8,075304.64+245844.8,,UNSCORED,,,,,,,
081141.26+471051.5,081141.26+471051.5,,UNSCORED,,,,,,,
083559.72+295028.9,083559.72+295028.9,,UNSCORED,,,,,,,
081055.07+352119.0,081055.07+352119.0,,UNSCORED,,,,,,,
083520.36+281655.5,083520.36+281655.5,,UNSCORED,,,,,,,
083949.88+555108.0,083949.88+555108.0,,UNSCORED,,,,,,,
080912.47+074731.4,080912.47+074731.4,,UNSCORED,,,,,,,
083025.74+425831.0,083025.74+425831.0,,UNSCORED,,,,,,,
081325.48+431832.6,081325.48+431832.6,,UNSCORED,,,,,,,
075053.77+100510.6,075053.77+100510.6,,UNSCORED,,,,,,,
083600.92+443615.8,083600.92+443615.8,,UNSCORED,,,,,,,
080233.25+240209.3,080233.25+240209.3,,UNSCORED,,,,,,,
075854.31+131527.1,075854.31+131527.1,,UNSCORED,,,,,,,
083748.07+421238.0,083748.07+421238.0,,UNSCORED,,,,,,,
080801.48+273526.2,080801.48+273526.2,,UNSCORED,,,,,,,
083241.56+453903.0,083241.56+453903.0,,UNSCORED,,,,,,,
075058.49+391958.2,075058.49+391958.2,,UNSCORED,,,,,,,
082036.77+543226.1,082036.77+543226.1,,UNSCORED,,,,,,,
083240.32+282202.4,083240.32+282202.4,,UNSCORED,,,,,,,
081932.81+515312.5,081932.81+515312.5,,UNSCORED,,,,,,,
082733.92+445041.1,082733.92+445041.1,,UNSCORED,,,,,,,
084011.01+275905.2,084011.01+275905.2,,UNSCORED,,,,,,,
080035.90+310323.1,080035.90+310323.1,,UNSCORED,,,,,,,
075140.48+350742.5,075140.48+350742.5,,UNSCORED,,,,,,,
081920.29+544655.5,081920.29+544655.5,,UNSCORED,,,,,,,
081354.49+262534.9,081354.49+262534.9,,UNSCORED,,,,,,,
075247.07+465433.9,075247.07+465433.9,,UNSCORED,,,,,,,
081703.07+375853.9,081703.07+375853.9,,UNSCORED,,,,,,,
082323.29+512130.7,082323.29+512130.7,,UNSCORED,,,,,,,
083625.40+305724.7,083625.40+305724.7,,UNSCORED,,,,,,,
074958.56+483524.3,074958.56+483524.3,,UNSCORED,,,,,,,
081729.37+412523.0,081729.37+412523.0,,UNSCORED,,,,,,,
083115.89+423316.5,083115.89+423316.5,,UNSCORED,,,,,,,
082951.35+283700.2,082951.35+283700.2,,UNSCORED,,,,,,,
080117.11+463653.2,080117.11+463653.2,,UNSCORED,,,,,,,
082658.82+391517.8,082658.82+391517.8,,UNSCORED,,,,,,,
075019.77+383138.7,075019.77+383138.7,,UNSCORED,,,,,,,
081815.68+215441.5,081815.68+215441.5,,UNSCORED,,,,,,,
080233.62+492753.6,080233.62+492753.6,,UNSCORED,,,,,,,
083843.43+015750.2,083843.43+015750.2,,UNSCORED,,,,,,,
082058.12+573121.4,082058.12+573121.4,,UNSCORED,,,,,,,
084335.17+562557.4,084335.17+562557.4,,UNSCORED,,,,,,,
083250.25+470957.5,083250.25+470957.5,,UNSCORED,,,,,,,
081527.13+150237.5,081527.13+150237.5,,UNSCORED,,,,,,,
075516.28+334257.8,075516.28+334257.8,,UNSCORED,,,,,,,
080843.10+414705.1,080843.10+414705.1,,UNSCORED,,,,,,,
082714.28+313956.8,082714.28+313956.8,,UNSCORED,,,,,,,
075105.17+351248.5,075105.17+351248.5,,UNSCORED,,,,,,,
083058.06+380207.1,083058.06+380207.1,,UNSCORED,,,,,,,
081315.34+335302.5,081315.34+335302.5,,UNSCORED,,,,,,,
075143.71+252935.1,075143.71+252935.1,,UNSCORED,,,,,,,
084257.26+464756.0,084257.26+464756.0,,UNSCORED,,,,,,,
075041.90+323307.3,075041.90+323307.3,,UNSCORED,,,,,,,
082152.38+361740.8,082152.38+361740.8,,UNSCORED,,,,,,,
081754.87+545127.9,081754.87+545127.9,,UNSCORED,,,,,,,
083828.17+223633.0,083828.17+223633.0,,UNSCORED,,,,,,,
081129.90+545849.4,081129.90+545849.4,,UNSCORED,,,,,,,
080934.00+261752.4,080934.00+261752.4,,UNSCORED,,,,,,,
075249.71+233544.6,075249.71+233544.6,,UNSCORED,,,,,,,
075140.33+444305.3,075140.33+444305.3,,UNSCORED,,,,,,,
081139.55+310123.1,081139.55+310123.1,,UNSCORED,,,,,,,
084027.34+254327.9,084027.34+254327.9,,UNSCORED,,,,,,,
075332.67+385003.1,075332.67+385003.1,,UNSCORED,,,,,,,
083118.54+343307.3,083118.54+343307.3,,UNSCORED,,,,,,,
075303.57+444258.1,075303.57+444258.1,,UNSCORED,,,,,,,
075417.11+442955.9,075417.11+442955.9,,UNSCORED,,,,,,,
080942.52+204900.8,080942.52+204900.8,,UNSCORED,,,,,,,
084336.74+333121.5,084336.74+333121.5,,UNSCORED,,,,,,,
082438.47+063742.3,082438.47+063742.3,,UNSCORED,,,,,,,
080742.04+081554.3,080742.04+081554.3,,UNSCORED,,,,,,,
075126.74+410844.3,075126.74+410844.3,,UNSCORED,,,,,,,
075356.34+290829.1,075356.34+290829.1,,UNSCORED,,,,,,,
082703.40+503149.7,082703.40+503149.7,,UNSCORED,,,,,,,
081752.02+300539.5,081752.02+300539.5,,UNSCORED,,,,,,,
084115.17+185408.3,084115.17+185408.3,,UNSCORED,,,,,,,
082839.64+365308.6,082839.64+365308.6,,UNSCORED,,,,,,,
081058.99+194601.2,081058.99+194601.2,,UNSCORED,,,,,,,
081743.21+423510.3,081743.21+423510.3,,UNSCORED,,,,,,,
082917.83+415020.5,082917.83+415020.5,,UNSCORED,,,,,,,
081010.98+201421.1,081010.98+201421.1,,UNSCORED,,,,,,,
075432.27+223417.1,075432.27+223417.1,,UNSCORED,,,,,,,
081655.16+370958.1,081655.16+370958.1,,UNSCORED,,,,,,,
081223.44+342903.0,081223.44+342903.0,,UNSCORED,,,,,,,
082218.73+272016.0,082218.73+272016.0,,UNSCORED,,,,,,,
084454.24+064708.7,084454.24+064708.7,,UNSCORED,,,,,,,
084515.62+513653.7,084515.62+513653.7,,UNSCORED,,,,,,,
083939.23+413518.0,083939.23+413518.0,,UNSCORED,,,,,,,
082258.89+360222.1,082258.89+360222.1,,UNSCORED,,,,,,,
075837.93+241159.5,075837.93+241159.5,,UNSCORED,,,,,,,
080100.70+411111.8,080100.70+411111.8,,UNSCORED,,,,,,,
080535.93+213930.6,080535.93+213930.6,,UNSCORED,,,,,,,
080700.62+192510.8,080700.62+192510.8,,UNSCORED,,,,,,,
081148.31+212533.6,081148.31+212533.6,,UNSCORED,,,,,,,
081813.38+343829.1,081813.38+343829.1,,UNSCORED,,,,,,,
080605.44+540833.8,080605.44+540833.8,,UNSCORED,,,,,,,
075146.63+435807.2,075146.63+435807.2,,UNSCORED,,,,,,,
083241.10+183849.2,083241.10+183849.2,,UNSCORED,,,,,,,
083655.32+142642.6,083655.32+142642.6,,UNSCORED,,,,,,,
075331.22+265526.4,075331.22+265526.4,,UNSCORED,,,,,,,
084058.75+225532.2,084058.75+225532.2,,UNSCORED,,,,,,,
084059.58+373201.7,084059.58+373201.7,,UNSCORED,,,,,,,
075244.47+450613.4,075244.47+450613.4,,UNSCORED,,,,,,,
084119.89+521001.7,084119.89+521001.7,,UNSCORED,,,,,,,
083134.63+245840.7,083134.63+245840.7,,UNSCORED,,,,,,,
084211.74+103747.3,084211.74+103747.3,,UNSCORED,,,,,,,
082133.86+425021.5,082133.86+425021.5,,UNSCORED,,,,,,,
080633.19+153810.2,080633.19+153810.2,,UNSCORED,,,,,,,
083454.20+521823.7,083454.20+521823.7,,UNSCORED,,,,,,,
084225.96+450126.9,084225.96+450126.9,,UNSCORED,,,,,,,
083821.91+522025.8,083821.91+522025.8,,UNSCORED,,,,,,,
075420.76+364002.9,075420.76+364002.9,,UNSCORED,,,,,,,
075855.24+172440.3,075855.24+172440.3,,UNSCORED,,,,,,,
075351.21+513644.0,075351.21+513644.0,,UNSCORED,,,,,,,
080057.10+420518.2,080057.10+420518.2,,UNSCORED,,,,,,,
074928.96+301457.5,074928.96+301457.5,,UNSCORED,,,,,,,
082412.27+175155.7,082412.27+175155.7,,UNSCORED,,,,,,,
080725.00+452910.8,080725.00+452910.8,,UNSCORED,,,,,,,
082606.56+491545.5,082606.56+491545.5,,UNSCORED,,,,,,,
083930.35+534910.3,083930.35+534910.3,,UNSCORED,,,,,,,
083136.99+304826.8,083136.99+304826.8,,UNSCORED,,,,,,,
081041.87+290509.6,081041.87+290509.6,,UNSCORED,,,,,,,
080535.08+490544.3,080535.08+490544.3,,UNSCORED,,,,,,,
082227.47+481108.6,082227.47+481108.6,,UNSCORED,,,,,,,
084110.32+302650.2,084110.32+302650.2,,UNSCORED,,,,,,,
075116.33+493143.4,075116.33+493143.4,,UNSCORED,,,,,,,
081307.24+264133.5,081307.24+264133.5,,UNSCORED,,,,,,,
081936.03+243052.6,081936.03+243052.6,,UNSCORED,,,,,,,
084500.44+582801.2,084500.44+582801.2,,UNSCORED,,,,,,,
081510.38+453254.6,081510.38+453254.6,,UNSCORED,,,,,,,
081922.35+491307.8,081922.35+491307.8,,UNSCORED,,,,,,,
080813.88+490649.9,080813.88+490649.9,,UNSCORED,,,,,,,
082924.73+511843.2,082924.73+511843.2,,UNSCORED,,,,,,,
082701.09+300206.0,082701.09+300206.0,,UNSCORED,,,,,,,
081607.21+344442.3,081607.21+344442.3,,UNSCORED,,,,,,,
080530.33+415211.6,080530.33+415211.6,,UNSCORED,,,,,,,
083529.06+335727.2,083529.06+335727.2,,UNSCORED,,,,,,,
081646.01+544129.5,081646.01+544129.5,,UNSCORED,,,,,,,
083840.88+520952.5,083840.88+520952.5,,UNSCORED,,,,,,,
081737.91+303803.3,081737.91+303803.3,,UNSCORED,,,,,,,
080126.72+242356.0,080126.72+242356.0,,UNSCORED,,,,,,,
083022.67+511933.8,083022.67+511933.8,,UNSCORED,,,,,,,
082148.20+372240.5,082148.20+372240.5,,UNSCORED,,,,,,,
081029.80+275004.8,081029.80+275004.8,,UNSCORED,,,,,,,
080422.37+432723.8,080422.37+432723.8,,UNSCORED,,,,,,,
081410.85+500552.9,081410.85+500552.9,,UNSCORED,,,,,,,
083607.85+365708.7,083607.85+365708.7,,UNSCORED,,,,,,,
082715.42+163535.9,082715.42+163535.9,,UNSCORED,,,,,,,
083811.45+383410.8,083811.45+383410.8,,UNSCORED,,,,,,,
082924.34+570030.1,082924.34+570030.1,,UNSCORED,,,,,,,
075721.18+430134.5,075721.18+430134.5,,UNSCORED,,,,,,,
075344.07+383147.3,075344.07+383147.3,,UNSCORED,,,,,,,
083554.97+462910.2,083554.97+462910.2,,UNSCORED,,,,,,,
082821.27+253750.1,082821.27+253750.1,,UNSCORED,,,,,,,
081136.46+220609.2,081136.46+220609.2,,UNSCORED,,,,,,,
083832.92+480014.3,083832.92+480014.3,,UNSCORED,,,,,,,
081109.28+502419.3,081109.28+502419.3,,UNSCORED,,,,,,,
075506.73+342306.1,075506.73+342306.1,,UNSCORED,,,,,,,
081805.71+222733.5,081805.71+222733.5,,UNSCORED,,,,,,,
082919.56+192003.8,082919.56+192003.8,,UNSCORED,,,,,,,
080632.97+105337.3,080632.97+105337.3,,UNSCORED,,,,,,,
081037.62+522317.4,081037.62+522317.4,,UNSCORED,,,,,,,
075834.69+135505.9,075834.69+135505.9,,UNSCORED,,,,,,,
081239.66+273647.8,081239.66+273647.8,,UNSCORED,,,,,,,
083915.35+025325.1,083915.35+025325.1,,UNSCORED,,,,,,,
075454.80+392725.6,075454.80+392725.6,,UNSCORED,,,,,,,
075359.12+474105.8,075359.12+474105.8,,UNSCORED,,,,,,,
081612.60+400800.0,081612.60+400800.0,,UNSCORED,,,,,,,
082208.75+251747.2,082208.75+251747.2,,UNSCORED,,,,,,,
082614.34+123608.5,082614.34+123608.5,,UNSCORED,,,,,,,
083250.72+344550.6,083250.72+344550.6,,UNSCORED,,,,,,,
083123.91+334929.1,083123.91+334929.1,,UNSCORED,,,,,,,
080720.56+532138.3,080720.56+532138.3,,UNSCORED,,,,,,,
083620.33+462727.7,083620.33+462727.7,,UNSCORED,,,,,,,
082225.53+090024.5,082225.53+090024.5,,UNSCORED,,,,,,,
081313.47+251718.8,081313.47+251718.8,,UNSCORED,,,,,,,
083344.21+283939.9,083344.21+283939.9,,UNSCORED,,,,,,,
083153.26+280420.6,083153.26+280420.6,,UNSCORED,,,,,,,
075111.79+440412.0,075111.79+440412.0,,UNSCORED,,,,,,,
075650.65+341245.2,075650.65+341245.2,,UNSCORED,,,,,,,
081931.08+223958.4,081931.08+223958.4,,UNSCORED,,,,,,,
084253.37+435419.4,084253.37+435419.4,,UNSCORED,,,,,,,
080832.16+412042.8,080832.16+412042.8,,UNSCORED,,,,,,,
081825.55+464827.4,081825.55+464827.4,,UNSCORED,,,,,,,
080608.12+283133.9,080608.12+283133.9,,UNSCORED,,,,,,,
080439.82+241913.7,080439.82+241913.7,,UNSCORED,,,,,,,
082352.75+431522.7,082352.75+431522.7,,UNSCORED,,,,,,,
080532.24+235947.4,080532.24+235947.4,,UNSCORED,,,,,,,
084443.03+454831.3,084443.03+454831.3,,UNSCORED,,,,,,,
075627.23+320259.9,075627.23+320259.9,,UNSCORED,,,,,,,
082701.51+273125.2,082701.51+273125.2,,UNSCORED,,,,,,,
082715.45+372301.5,082715.45+372301.5,,UNSCORED,,,,,,,
082330.86+422521.5,082330.86+422521.5,,UNSCORED,,,,,,,
083204.66+583652.9,083204.66+583652.9,,UNSCORED,,,,,,,
082422.75+360036.6,082422.75+360036.6,,UNSCORED,,,,,,,
083703.84+430704.2,083703.84+430704.2,,UNSCORED,,,,,,,
083252.13+515501.2,083252.13+515501.2,,UNSCORED,,,,,,,
083428.89+150120.4,083428.89+150120.4,,UNSCORED,,,,,,,
081651.13+273505.5,081651.13+273505.5,,UNSCORED,,,,,,,
080507.83+523525.5,080507.83+523525.5,,UNSCORED,,,,,,,
075457.30+260308.8,075457.30+260308.8,,UNSCORED,,,,,,,
075706.82+291302.0,075706.82+291302.0,,UNSCORED,,,,,,,
081239.34+485641.8,081239.34+485641.8,,UNSCORED,,,,,,,
075749.89+341855.0,075749.89+341855.0,,UNSCORED,,,,,,,
082007.98+334735.9,082007.98+334735.9,,UNSCORED,,,,,,,
084123.72+430603.2,084123.72+430603.2,,UNSCORED,,,,,,,
080246.63+382022.5,080246.63+382022.5,,UNSCORED,,,,,,,
075200.43+360556.1,075200.43+360556.1,,UNSCORED,,,,,,,
080304.38+113228.9,080304.38+113228.9,,UNSCORED,,,,,,,
082105.73+410212.0,082105.73+410212.0,,UNSCORED,,,,,,,
083806.33+072616.7,083806.33+072616.7,,UNSCORED,,,,,,,
082720.70+374706.7,082720.70+374706.7,,UNSCORED,,,,,,,
081343.41+023708.6,081343.41+023708.6,,UNSCORED,,,,,,,
083820.88+202306.4,083820.88+202306.4,,UNSCORED,,,,,,,
080510.09+443745.5,080510.09+443745.5,,UNSCORED,,,,,,,
083123.69+102001.1,083123.69+102001.1,,UNSCORED,,,,,,,
082548.77+493328.8,082548.77+493328.8,,UNSCORED,,,,,,,
084416.72+294825.7,084416.72+294825.7,,UNSCORED,,,,,,,
081451.86+233102.5,081451.86+233102.5,,UNSCORED,,,,,,,
075447.07+363308.6,075447.07+363308.6,,UNSCORED,,,,,,,
081722.93+212555.1,081722.93+212555.1,,UNSCORED,,,,,,,
081021.38+545134.0,081021.38+545134.0,,UNSCORED,,,,,,,
075522.26+290120.3,075522.26+290120.3,,UNSCORED,,,,,,,
083104.25+541443.4,083104.25+541443.4,,UNSCORED,,,,,,,
084119.35+272116.9,084119.35+272116.9,,UNSCORED,,,,,,,
080807.69+254542.1,080807.69+254542.1,,UNSCORED,,,,,,,
082426.80+040400.0,082426.80+040400.0,,UNSCORED,,,,,,,
084116.49+405710.4,084116.49+405710.4,,UNSCORED,,,,,,,
075935.08+340557.1,075935.08+340557.1,,UNSCORED,,,,,,,
082733.73+263715.9,082733.73+263715.9,,UNSCORED,,,,,,,
082908.29+572139.2,082908.29+572139.2,,UNSCORED,,,,,,,
083444.41+414716.3,083444.41+414716.3,,UNSCORED,,,,,,,
082831.78+274035.1,082831.78+274035.1,,UNSCORED,,,,,,,
080504.61+222301.7,080504.61+222301.7,,UNSCORED,,,,,,,
075544.61+331140.7,075544.61+331140.7,,UNSCORED,,,,,,,
081320.61+070201.4,081320.61+070201.4,,UNSCORED,,,,,,,
083630.12+191309.6,083630.12+191309.6,,UNSCORED,,,,,,,
082643.42+275058.5,082643.42+275058.5,,UNSCORED,,,,,,,
082931.56+051056.0,082931.56+051056.0,,UNSCORED,,,,,,,
082525.96+445209.2,082525.96+445209.2,,UNSCORED,,,,,,,
083906.16+521646.0,083906.16+521646.0,,UNSCORED,,,,,,,
083737.42+415437.5,083737.42+415437.5,,UNSCORED,,,,,,,
075725.34+230927.4,075725.34+230927.4,,UNSCORED,,,,,,,
075618.95+265536.1,075618.95+265536.1,,UNSCORED,,,,,,,
083508.49+140732.3,083508.49+140732.3,,UNSCORED,,,,,,,
081708.16+360906.9,081708.16+360906.9,,UNSCORED,,,,,,,
083104.37+073218.5,083104.37+073218.5,,UNSCORED,,,,,,,
080753.31+204847.4,080753.31+204847.4,,UNSCORED,,,,,,,
083119.70+322815.2,083119.70+322815.2,,UNSCORED,,,,,,,
083129.73+474230.2,083129.73+474230.2,,UNSCORED,,,,,,,
082957.47+373045.4,082957.47+373045.4,,UNSCORED,,,,,,,
080241.02+340208.7,080241.02+340208.7,,UNSCORED,,,,,,,
082129.41+403128.5,082129.41+403128.5,,UNSCORED,,,,,,,
084402.35+140221.0,084402.35+140221.0,,UNSCORED,,,,,,,
081959.65+552115.9,081959.65+552115.9,,UNSCORED,,,,,,,
081016.30+460809.5,081016.30+460809.5,,UNSCORED,,,,,,,
083832.38+073930.3,083832.38+073930.3,,UNSCORED,,,,,,,
075312.41+151129.1,075312.41+151129.1,,UNSCORED,,,,,,,
080107.19+234542.8,080107.19+234542.8,,UNSCORED,,,,,,,
081006.90+145333.2,081006.90+145333.2,,UNSCORED,,,,,,,
081255.49+502709.2,081255.49+502709.2,,UNSCORED,,,,,,,
082122.95+381100.8,082122.95+381100.8,,UNSCORED,,,,,,,
075751.04+150918.6,075751.04+150918.6,,UNSCORED,,,,,,,
080351.24+331844.8,080351.24+331844.8,,UNSCORED,,,,,,,
081438.06+205110.6,081438.06+205110.6,,UNSCORED,,,,,,,
083208.36+300536.5,083208.36+300536.5,,UNSCORED,,,,,,,
083738.73+142928.3,083738.73+142928.3,,UNSCORED,,,,,,,
082544.89+364841.4,082544.89+364841.4,,UNSCORED,,,,,,,
075148.20+171802.9,075148.20+171802.9,,UNSCORED,,,,,,,
083729.23+431453.4,083729.23+431453.4,,UNSCORED,,,,,,,
083206.35+390455.0,083206.35+390455.0,,UNSCORED,,,,,,,
083054.31+495807.3,083054.31+495807.3,,UNSCORED,,,,,,,
084243.34+234151.7,084243.34+234151.7,,UNSCORED,,,,,,,
082455.21+330412.1,082455.21+330412.1,,UNSCORED,,,,,,,
081527.64+235210.4,081527.64+235210.4,,UNSCORED,,,,,,,
080626.78+301544.7,080626.78+301544.7,,UNSCORED,,,,,,,
083430.89+193417.2,083430.89+193417.2,,UNSCORED,,,,,,,
081436.43+365728.0,081436.43+365728.0,,UNSCORED,,,,,,,
083036.24+283639.0,083036.24+283639.0,,UNSCORED,,,,,,,
083350.27+113308.1,083350.27+113308.1,,UNSCORED,,,,,,,
082625.76+461358.5,082625.76+461358.5,,UNSCORED,,,,,,,
082141.16+225327.1,082141.16+225327.1,,UNSCORED,,,,,,,
081521.85+564858.4,081521.85+564858.4,,UNSCORED,,,,,,,
081834.64+264614.9,081834.64+264614.9,,UNSCORED,,,,,,,
083724.27+330452.5,083724.27+330452.5,,UNSCORED,,,,,,,
080600.18+345518.3,080600.18+345518.3,,UNSCORED,,,,,,,
082902.01+401803.0,082902.01+401803.0,,UNSCORED,,,,,,,
084425.64+522256.2,084425.64+522256.2,,UNSCORED,,,,,,,
075434.06+404355.1,075434.06+404355.1,,UNSCORED,,,,,,,
083144.79+124840.8,083144.79+124840.8,,UNSCORED,,,,,,,
080103.32+390355.2,080103.32+390355.2,,UNSCORED,,,,,,,
081212.68+240427.5,081212.68+240427.5,,UNSCORED,,,,,,,
080042.08+411640.8,080042.08+411640.8,,UNSCORED,,,,,,,
083926.48+513109.1,083926.48+513109.1,,UNSCORED,,,,,,,
082931.43+352932.5,082931.43+352932.5,,UNSCORED,,,,,,,
075625.81+250921.6,075625.81+250921.6,,UNSCORED,,,,,,,
082208.19+283731.5,082208.19+283731.5,,UNSCORED,,,,,,,
084034.03+425819.4,084034.03+425819.4,,UNSCORED,,,,,,,
083241.83+490453.8,083241.83+490453.8,,UNSCORED,,,,,,,
083024.57+510844.5,083024.57+510844.5,,UNSCORED,,,,,,,
075727.17+375508.0,075727.17+375508.0,,UNSCORED,,,,,,,
081901.57+412929.1,081901.57+412929.1,,UNSCORED,,,,,,,
082243.90+112157.6,082243.90+112157.6,,UNSCORED,,,,,,,
084407.84+552856.9,084407.84+552856.9,,UNSCORED,,,,,,,
075345.18+414049.1,075345.18+414049.1,,UNSCORED,,,,,,,
084452.65+442723.2,084452.65+442723.2,,UNSCORED,,,,,,,
075403.18+301905.1,075403.18+301905.1,,UNSCORED,,,,,,,
083413.11+403208.3,083413.11+403208.3,,UNSCORED,,,,,,,
083700.39+504159.4,083700.39+504159.4,,UNSCORED,,,,,,,
083439.70+475014.8,083439.70+475014.8,,UNSCORED,,,,,,,
075440.10+254449.3,075440.10+254449.3,,UNSCORED,,,,,,,
083326.19+010530.1,083326.19+010530.1,,UNSCORED,,,,,,,
084440.40+551623.7,084440.40+551623.7,,UNSCORED,,,,,,,
081516.71+403632.3,081516.71+403632.3,,UNSCORED,,,,,,,
081147.88+425256.9,081147.88+425256.9,,UNSCORED,,,,,,,
081436.36+434353.4,081436.36+434353.4,,UNSCORED,,,,,,,
083550.52+274502.2,083550.52+274502.2,,UNSCORED,,,,,,,
084436.35+333417.6,084436.35+333417.6,,UNSCORED,,,,,,,
075503.57+351706.1,075503.57+351706.1,,UNSCORED,,,,,,,
075418.46+274305.3,075418.46+274305.3,,UNSCORED,,,,,,,
075526.43+222912.4,075526.43+222912.4,,UNSCORED,,,,,,,
080802.91+180755.8,080802.91+180755.8,,UNSCORED,,,,,,,
083738.64+212104.7,083738.64+212104.7,,UNSCORED,,,,,,,
080122.01+345614.7,080122.01+345614.7,,UNSCORED,,,,,,,
080703.19+424620.1,080703.19+424620.1,,UNSCORED,,,,,,,
083228.94+452651.9,083228.94+452651.9,,UNSCORED,,,,,,,
080551.03+394126.9,080551.03+394126.9,,UNSCORED,,,,,,,
081858.08+402946.3,081858.08+402946.3,,UNSCORED,,,,,,,
080333.42+280454.4,080333.42+280454.4,,UNSCORED,,,,,,,
084400.81+322312.2,084400.81+322312.2,,UNSCORED,,,,,,,
081719.42+451614.1,081719.42+451614.1,,UNSCORED,,,,,,,
084038.01+124945.2,084038.01+124945.2,,UNSCORED,,,,,,,
080956.85+470127.4,080956.85+470127.4,,UNSCORED,,,,,,,
080302.80+314730.5,080302.80+314730.5,,UNSCORED,,,,,,,
075705.73+311646.5,075705.73+311646.5,,UNSCORED,,,,,,,
075006.61+281757.5,075006.61+281757.5,,UNSCORED,,,,,,,
080357.67+224541.5,080357.67+224541.5,,UNSCORED,,,,,,,
080026.49+330912.3,080026.49+330912.3,,UNSCORED,,,,,,,
082538.77+552350.3,082538.77+552350.3,,UNSCORED,,,,,,,
081757.17+232405.5,081757.17+232405.5,,UNSCORED,,,,,,,
080907.26+143809.6,080907.26+143809.6,,UNSCORED,,,,,,,
074912.43+305855.4,074912.43+305855.4,,UNSCORED,,,,,,,
082409.95+224105.4,082409.95+224105.4,,UNSCORED,,,,,,,
075754.85+395815.5,075754.85+395815.5,,UNSCORED,,,,,,,
083030.86+333236.2,083030.86+333236.2,,UNSCORED,,,,,,,
083106.85+461037.7,083106.85+461037.7,,UNSCORED,,,,,,,
081249.94+253706.2,081249.94+253706.2,,UNSCORED,,,,,,,
083625.41+350716.9,083625.41+350716.9,,UNSCORED,,,,,,,
075952.11+420623.6,075952.11+420623.6,,UNSCORED,,,,,,,
080628.77+423241.2,080628.77+423241.2,,UNSCORED,,,,,,,
081024.94+425616.6,081024.94+425616.6,,UNSCORED,,,,,,,
075322.04+380539.7,075322.04+380539.7,,UNSCORED,,,,,,,
081056.50+443004.6,081056.50+443004.6,,UNSCORED,,,,,,,
081209.24+560038.1,081209.24+560038.1,,UNSCORED,,,,,,,
082414.91+210006.1,082414.91+210006.1,,UNSCORED,,,,,,,
080851.59+284641.2,080851.59+284641.2,,UNSCORED,,,,,,,
075717.98+264839.8,075717.98+264839.8,,UNSCORED,,,,,,,
083733.96+281940.1,083733.96+281940.1,,UNSCORED,,,,,,,
084058.84+203858.8,084058.84+203858.8,,UNSCORED,,,,,,,
083832.11+381925.5,083832.11+381925.5,,UNSCORED,,,,,,,
084045.22+300615.3,084045.22+300615.3,,UNSCORED,,,,,,,
081020.79+365039.7,081020.79+365039.7,,UNSCORED,,,,,,,
080311.79+231609.3,080311.79+231609.3,,UNSCORED,,,,,,,
083454.22+521720.3,083454.22+521720.3,,UNSCORED,,,,,,,
083713.80+165943.7,083713.80+165943.7,,UNSCORED,,,,,,,
075827.00+362335.4,075827.00+362335.4,,UNSCORED,,,,,,,
083655.61+403616.2,083655.61+403616.2,,UNSCORED,,,,,,,
075018.43+103316.6,075018.43+103316.6,,UNSCORED,,,,,,,
080910.11+425946.8,080910.11+425946.8,,UNSCORED,,,,,,,
080435.46+212211.0,080435.46+212211.0,,UNSCORED,,,,,,,
083652.52+444322.9,083652.52+444322.9,,UNSCORED,,,,,,,
075603.98+223109.6,075603.98+223109.6,,UNSCORED,,,,,,,
083143.92+480009.2,083143.92+480009.2,,UNSCORED,,,,,,,
081129.81+480242.8,081129.81+480242.8,,UNSCORED,,,,,,,
081530.10+302742.6,081530.10+302742.6,,UNSCORED,,,,,,,
083408.67+005529.3,083408.67+005529.3,,UNSCORED,,,,,,,
083836.01+270935.1,083836.01+270935.1,,UNSCORED,,,,,,,
082902.26+270020.1,082902.26+270020.1,,UNSCORED,,,,,,,
081843.77+373512.5,081843.77+373512.5,,UNSCORED,,,,,,,
080718.09+521715.9,080718.09+521715.9,,UNSCORED,,,,,,,
082013.18+430830.3,082013.18+430830.3,,UNSCORED,,,,,,,
081059.08+343355.9,081059.08+343355.9,,UNSCORED,,,,,,,
081347.51+463731.8,081347.51+463731.8,,UNSCORED,,,,,,,
081648.94+345601.7,081648.94+345601.7,,UNSCORED,,,,,,,
083356.58+191703.5,083356.58+191703.5,,UNSCORED,,,,,,,
080932.30+200329.5,080932.30+200329.5,,UNSCORED,,,,,,,
080656.17+334709.6,080656.17+334709.6,,UNSCORED,,,,,,,
084038.56+133945.9,084038.56+133945.9,,UNSCORED,,,,,,,
081022.45+440002.7,081022.45+440002.7,,UNSCORED,,,,,,,
084122.21+334009.6,084122.21+334009.6,,UNSCORED,,,,,,,
083546.28+403815.4,083546.28+403815.4,,UNSCORED,,,,,,,
075412.61+280345.1,075412.61+280345.1,,UNSCORED,,,,,,,
075846.97+382116.9,075846.97+382116.9,,UNSCORED,,,,,,,
083402.52+380302.2,083402.52+380302.2,,UNSCORED,,,,,,,
081928.77+260842.4,081928.77+260842.4,,UNSCORED,,,,,,,
075130.41+171534.2,075130.41+171534.2,,UNSCORED,,,,,,,
075632.17+285544.9,075632.17+285544.9,,UNSCORED,,,,,,,
081156.79+354205.0,081156.79+354205.0,,UNSCORED,,,,,,,
080848.76+275956.5,080848.76+275956.5,,UNSCORED,,,,,,,
081540.04+570023.9,081540.04+570023.9,,UNSCORED,,,,,,,
080313.07+491329.7,080313.07+491329.7,,UNSCORED,,,,,,,
082226.55+305820.1,082226.55+305820.1,,UNSCORED,,,,,,,
082753.60+361053.1,082753.60+361053.1,,UNSCORED,,,,,,,
081518.19+470249.8,081518.19+470249.8,,UNSCORED,,,,,,,
084428.51+014818.7,084428.51+014818.7,,UNSCORED,,,,,,,
074834.47+275054.0,074834.47+275054.0,,UNSCORED,,,,,,,
080403.16+303513.9,080403.16+303513.9,,UNSCORED,,,,,,,
082902.00+285525.6,082902.00+285525.6,,UNSCORED,,,,,,,
082758.94+334517.3,082758.94+334517.3,,UNSCORED,,,,,,,
083436.82+591239.8,083436.82+591239.8,,UNSCORED,,,,,,,
075654.74+494547.7,075654.74+494547.7,,UNSCORED,,,,,,,
082402.46+313139.7,082402.46+313139.7,,UNSCORED,,,,,,,
080200.97+360322.6,080200.97+360322.6,,UNSCORED,,,,,,,
083430.96+290420.8,083430.96+290420.8,,UNSCORED,,,,,,,
083920.82+464126.6,083920.82+464126.6,,UNSCORED,,,,,,,
082302.24+503622.1,082302.24+503622.1,,UNSCORED,,,,,,,
080703.52+294525.4,080703.52+294525.4,,UNSCORED,,,,,,,
083904.63+395655.8,083904.63+395655.8,,UNSCORED,,,,,,,
083946.88+570255.6,083946.88+570255.6,,UNSCORED,,,,,,,
074836.53+163741.0,074836.53+163741.0,,UNSCORED,,,,,,,
081618.96+474349.9,081618.96+474349.9,,UNSCORED,,,,,,,
081339.83+273554.3,081339.83+273554.3,,UNSCORED,,,,,,,
081106.49+371518.0,081106.49+371518.0,,UNSCORED,,,,,,,
082054.81+100609.4,082054.81+100609.4,,UNSCORED,,,,,,,
083840.57+473410.6,083840.57+473410.6,,UNSCORED,,,,,,,
081204.62+460108.7,081204.62+460108.7,,UNSCORED,,,,,,,
084126.16+460909.3,084126.16+460909.3,,UNSCORED,,,,,,,
081125.55+093626.3,081125.55+093626.3,,UNSCORED,,,,,,,
080616.95+284648.9,080616.95+284648.9,,UNSCORED,,,,,,,
082725.57+413748.4,082725.57+413748.4,,UNSCORED,,,,,,,
080444.85+012202.0,080444.85+012202.0,,UNSCORED,,,,,,,
080129.16+213138.9,080129.16+213138.9,,UNSCORED,,,,,,,
081713.95+261055.9,081713.95+261055.9,,UNSCORED,,,,,,,
084149.29+311623.1,084149.29+311623.1,,UNSCORED,,,,,,,
082127.30+134902.7,082127.30+134902.7,,UNSCORED,,,,,,,
081703.93+444845.0,081703.93+444845.0,,UNSCORED,,,,,,,
075500.56+410100.1,075500.56+410100.1,,UNSCORED,,,,,,,
082525.52+352005.7,082525.52+352005.7,,UNSCORED,,,,,,,
084438.70+471919.7,084438.70+471919.7,,UNSCORED,,,,,,,
083848.27+595039.2,083848.27+595039.2,,UNSCORED,,,,,,,
075206.73+245118.7,075206.73+245118.7,,UNSCORED,,,,,,,
080646.41+205619.0,080646.41+205619.0,,UNSCORED,,,,,,,
080802.53+505841.8,080802.53+505841.8,,UNSCORED,,,,,,,
080405.64+240856.3,080405.64+240856.3,,UNSCORED,,,,,,,
080501.15+523701.5,080501.15+523701.5,,UNSCORED,,,,,,,
075133.60+273021.2,075133.60+273021.2,,UNSCORED,,,,,,,
082158.56+292206.6,082158.56+292206.6,,UNSCORED,,,,,,,
082339.26+242158.8,082339.26+242158.8,,UNSCORED,,,,,,,
083020.90+330425.7,083020.90+330425.7,,UNSCORED,,,,,,,
080122.23+455329.8,080122.23+455329.8,,UNSCORED,,,,,,,
080950.64+495252.3,080950.64+495252.3,,UNSCORED,,,,,,,
081519.36+532605.9,081519.36+532605.9,,UNSCORED,,,,,,,
075809.57+390143.9,075809.57+390143.9,,UNSCORED,,,,,,,
081105.47+345737.7,081105.47+345737.7,,UNSCORED,,,,,,,
074917.70+304904.1,074917.70+304904.1,,UNSCORED,,,,,,,
080848.71+272135.2,080848.71+272135.2,,UNSCORED,,,,,,,
075230.44+272619.8,075230.44+272619.8,,UNSCORED,,,,,,,
075158.26+213757.5,075158.26+213757.5,,UNSCORED,,,,,,,
081729.43+451116.6,081729.43+451116.6,,UNSCORED,,,,,,,
080451.34+554136.1,080451.34+554136.1,,UNSCORED,,,,,,,
084318.34+404601.2,084318.34+404601.2,,UNSCORED,,,,,,,
080008.68+452245.2,080008.68+452245.2,,UNSCORED,,,,,,,
081013.14+224313.2,081013.14+224313.2,,UNSCORED,,,,,,,
081950.63+241536.2,081950.63+241536.2,,UNSCORED,,,,,,,
082735.46+583749.1,082735.46+583749.1,,UNSCORED,,,,,,,
082129.58+320910.4,082129.58+320910.4,,UNSCORED,,,,,,,
075037.92+473058.3,075037.92+473058.3,,UNSCORED,,,,,,,
082507.69+072124.3,082507.69+072124.3,,UNSCORED,,,,,,,
082004.33+032403.7,082004.33+032403.7,,UNSCORED,,,,,,,
075231.35+340357.0,075231.35+340357.0,,UNSCORED,,,,,,,
075743.40+172025.6,075743.40+172025.6,,UNSCORED,,,,,,,
081525.38+262522.5,081525.38+262522.5,,UNSCORED,,,,,,,
081401.89+574720.4,081401.89+574720.4,,UNSCORED,,,,,,,
082233.42+323057.4,082233.42+323057.4,,UNSCORED,,,,,,,
075414.15+333919.9,075414.15+333919.9,,UNSCORED,,,,,,,
081908.22+453917.0,081908.22+453917.0,,UNSCORED,,,,,,,
082548.42+323608.7,082548.42+323608.7,,UNSCORED,,,,,,,
083312.28+374027.2,083312.28+374027.2,,UNSCORED,,,,,,,
083940.34+313811.2,083940.34+313811.2,,UNSCORED,,,,,,,
082436.90+220416.0,082436.90+220416.0,,UNSCORED,,,,,,,
080059.45+260145.4,080059.45+260145.4,,UNSCORED,,,,,,,
075428.68+432420.6,075428.68+432420.6,,UNSCORED,,,,,,,
080356.67+413543.7,080356.67+413543.7,,UNSCORED,,,,,,,
081353.88+274826.6,081353.88+274826.6,,UNSCORED,,,,,,,
081752.47+292804.7,081752.47+292804.7,,UNSCORED,,,,,,,
080421.25+313319.6,080421.25+313319.6,,UNSCORED,,,,,,,
083254.35+310022.1,083254.35+310022.1,,UNSCORED,,,,,,,
081155.40+210506.2,081155.40+210506.2,,UNSCORED,,,,,,,
082611.11+474224.2,082611.11+474224.2,,UNSCORED,,,,,,,
074852.78+253209.0,074852.78+253209.0,,UNSCORED,,,,,,,
081809.09+503743.7,081809.09+503743.7,,UNSCORED,,,,,,,
084410.77+241204.6,084410.77+241204.6,,UNSCORED,,,,,,,
080522.47+543436.4,080522.47+543436.4,,UNSCORED,,,,,,,
083834.45+450718.5,083834.45+450718.5,,UNSCORED,,,,,,,
083514.15+481844.2,083514.15+481844.2,,UNSCORED,,,,,,,
082712.24+513542.1,082712.24+513542.1,,UNSCORED,,,,,,,
080542.21+452145.0,080542.21+452145.0,,UNSCORED,,,,,,,
082804.88+371321.3,082804.88+371321.3,,UNSCORED,,,,,,,
081857.92+354919.6,081857.92+354919.6,,UNSCORED,,,,,,,
083809.62+294513.6,083809.62+294513.6,,UNSCORED,,,,,,,
081045.09+245229.2,081045.09+245229.2,,UNSCORED,,,,,,,
081301.84+322212.8,081301.84+322212.8,,UNSCORED,,,,,,,
080308.38+471313.2,080308.38+471313.2,,UNSCORED,,,,,,,
081254.82+334950.2,081254.82+334950.2,,UNSCORED,,,,,,,
075719.57+233107.5,075719.57+233107.5,,UNSCORED,,,,,,,
075406.76+163258.5,075406.76+163258.5,,UNSCORED,,,,,,,
081005.42+424324.0,081005.42+424324.0,,UNSCORED,,,,,,,
075300.09+464929.3,075300.09+464929.3,,UNSCORED,,,,,,,
075857.71+141550.3,075857.71+141550.3,,UNSCORED,,,,,,,
083211.17+514746.9,083211.17+514746.9,,UNSCORED,,,,,,,
082449.01+540758.7,082449.01+540758.7,,UNSCORED,,,,,,,
075129.51+334621.2,075129.51+334621.2,,UNSCORED,,,,,,,
075943.63+223605.6,075943.63+223605.6,,UNSCORED,,,,,,,
081930.83+273656.3,081930.83+273656.3,,UNSCORED,,,,,,,
084456.68+332311.5,084456.68+332311.5,,UNSCORED,,,,,,,
074850.92+470146.1,074850.92+470146.1,,UNSCORED,,,,,,,
081328.54+280929.8,081328.54+280929.8,,UNSCORED,,,,,,,
084435.11+204828.7,084435.11+204828.7,,UNSCORED,,,,,,,
082920.53+303520.9,082920.53+303520.9,,UNSCORED,,,,,,,
082023.96+474926.7,082023.96+474926.7,,UNSCORED,,,,,,,
081656.53+324115.6,081656.53+324115.6,,UNSCORED,,,,,,,
080924.45+441548.2,080924.45+441548.2,,UNSCORED,,,,,,,
083055.36+481005.5,083055.36+481005.5,,UNSCORED,,,,,,,
084304.27+415141.2,084304.27+415141.2,,UNSCORED,,,,,,,
075814.23+250009.6,075814.23+250009.6,,UNSCORED,,,,,,,
080539.14+442115.3,080539.14+442115.3,,UNSCORED,,,,,,,
084048.37+262048.5,084048.37+262048.5,,UNSCORED,,,,,,,
081027.02+442132.3,081027.02+442132.3,,UNSCORED,,,,,,,
080707.59+260335.9,080707.59+260335.9,,UNSCORED,,,,,,,
075955.72+445239.2,075955.72+445239.2,,UNSCORED,,,,,,,
081839.99+102239.3,081839.99+102239.3,,UNSCORED,,,,,,,
082211.32+300503.9,082211.32+300503.9,,UNSCORED,,,,,,,
083028.07+271315.9,083028.07+271315.9,,UNSCORED,,,,,,,
080328.24+295633.6,080328.24+295633.6,,UNSCORED,,,,,,,
083907.20+501135.1,083907.20+501135.1,,UNSCORED,,,,,,,
081148.38+572259.5,081148.38+572259.5,,UNSCORED,,,,,,,
083439.70+303751.4,083439.70+303751.4,,UNSCORED,,,,,,,
081806.20+460700.3,081806.20+460700.3,,UNSCORED,,,,,,,
081614.97+435640.2,081614.97+435640.2,,UNSCORED,,,,,,,
081827.69+512912.8,081827.69+512912.8,,UNSCORED,,,,,,,
082423.26+311334.1,082423.26+311334.1,,UNSCORED,,,,,,,
081330.73+214901.9,081330.73+214901.9,,UNSCORED,,,,,,,
080352.61+341714.1,080352.61+341714.1,,UNSCORED,,,,,,,
083234.04+425626.7,083234.04+425626.7,,UNSCORED,,,,,,,
075240.01+213251.5,075240.01+213251.5,,UNSCORED,,,,,,,
082549.76+361321.7,082549.76+361321.7,,UNSCORED,,,,,,,
084311.03+433706.0,084311.03+433706.0,,UNSCORED,,,,,,,
083841.37+550624.9,083841.37+550624.9,,UNSCORED,,,,,,,
081210.96+070826.2,081210.96+070826.2,,UNSCORED,,,,,,,
074900.68+422127.7,074900.68+422127.7,,UNSCORED,,,,,,,
082623.84+294545.2,082623.84+294545.2,,UNSCORED,,,,,,,
082919.21+501452.0,082919.21+501452.0,,UNSCORED,,,,,,,
082521.26+420623.9,082521.26+420623.9,,UNSCORED,,,,,,,
083032.50+433337.8,083032.50+433337.8,,UNSCORED,,,,,,,
081458.21+340057.8,081458.21+340057.8,,UNSCORED,,,,,,,
080628.47+374626.9,080628.47+374626.9,,UNSCORED,,,,,,,
082801.53+412351.7,082801.53+412351.7,,UNSCORED,,,,,,,
083942.36+512342.4,083942.36+512342.4,,UNSCORED,,,,,,,
083612.09+331810.9,083612.09+331810.9,,UNSCORED,,,,,,,
083914.96+290000.9,083914.96+290000.9,,UNSCORED,,,,,,,
082714.84+421037.9,082714.84+421037.9,,UNSCORED,,,,,,,
083128.63+485242.0,083128.63+485242.0,,UNSCORED,,,,,,,
083421.17+285123.8,083421.17+285123.8,,UNSCORED,,,,,,,
075414.65+305856.5,075414.65+305856.5,,UNSCORED,,,,,,,
082545.73+371428.9,082545.73+371428.9,,UNSCORED,,,,,,,
081908.93+285121.3,081908.93+285121.3,,UNSCORED,,,,,,,
075114.98+301616.1,075114.98+301616.1,,UNSCORED,,,,,,,
080703.40+400329.3,080703.40+400329.3,,UNSCORED,,,,,,,
083702.03+433531.3,083702.03+433531.3,,UNSCORED,,,,,,,
082457.42+294819.3,082457.42+294819.3,,UNSCORED,,,,,,,
080645.29+472533.3,080645.29+472533.3,,UNSCORED,,,,,,,
075826.05+481031.4,075826.05+481031.4,,UNSCORED,,,,,,,
081733.84+352229.1,081733.84+352229.1,,UNSCORED,,,,,,,
075757.87+095607.5,075757.87+095607.5,,UNSCORED,,,,,,,
083416.47+544056.6,083416.47+544056.6,,UNSCORED,,,,,,,
074851.90+412645.8,074851.90+412645.8,,UNSCORED,,,,,,,
081223.72+473341.3,081223.72+473341.3,,UNSCORED,,,,,,,
075854.41+521144.6,075854.41+521144.6,,UNSCORED,,,,,,,
081249.36+203632.9,081249.36+203632.9,,UNSCORED,,,,,,,
082011.24+350141.2,082011.24+350141.2,,UNSCORED,,,,,,,
082523.83+282134.4,082523.83+282134.4,,UNSCORED,,,,,,,
084107.67+534415.6,084107.67+534415.6,,UNSCORED,,,,,,,
080946.92+512418.2,080946.92+512418.2,,UNSCORED,,,,,,,
082812.61+282737.0,082812.61+282737.0,,UNSCORED,,,,,,,
080110.09+342927.6,080110.09+342927.6,,UNSCORED,,,,,,,
080951.68+355601.3,080951.68+355601.3,,UNSCORED,,,,,,,
081913.57+271933.6,081913.57+271933.6,,UNSCORED,,,,,,,
075001.51+454710.7,075001.51+454710.7,,UNSCORED,,,,,,,
083940.68+402741.6,083940.68+402741.6,,UNSCORED,,,,,,,
081228.55+224720.5,081228.55+224720.5,,UNSCORED,,,,,,,
081947.57+223227.9,081947.57+223227.9,,UNSCORED,,,,,,,
084138.41+305216.8,084138.41+305216.8,,UNSCORED,,,,,,,
081414.04+395228.5,081414.04+395228.5,,UNSCORED,,,,,,,
075631.86+483917.1,075631.86+483917.1,,UNSCORED,,,,,,,
080450.73+301055.3,080450.73+301055.3,,UNSCORED,,,,,,,
082112.50+232859.4,082112.50+232859.4,,UNSCORED,,,,,,,
075905.41+473948.7,075905.41+473948.7,,UNSCORED,,,,,,,
081252.10+334913.7,081252.10+334913.7,,UNSCORED,,,,,,,
080841.19+063229.5,080841.19+063229.5,,UNSCORED,,,,,,,
082502.32+525330.3,082502.32+525330.3,,UNSCORED,,,,,,,
083623.94+222834.6,083623.94+222834.6,,UNSCORED,,,,,,,
083056.79+523413.3,083056.79+523413.3,,UNSCORED,,,,,,,
075038.15+182757.9,075038.15+182757.9,,UNSCORED,,,,,,,
074836.97+470802.2,074836.97+470802.2,,UNSCORED,,,,,,,
080821.65+303018.1,080821.65+303018.1,,UNSCORED,,,,,,,
080630.44+390429.8,080630.44+390429.8,,UNSCORED,,,,,,,
075709.44+420818.0,075709.44+420818.0,,UNSCORED,,,,,,,
083813.78+331821.2,083813.78+331821.2,,UNSCORED,,,,,,,
081643.23+243728.0,081643.23+243728.0,,UNSCORED,,,,,,,
080617.92+094255.8,080617.92+094255.8,,UNSCORED,,,,,,,
080521.10+295707.4,080521.10+295707.4,,UNSCORED,,,,,,,
075958.35+523148.5,075958.35+523148.5,,UNSCORED,,,,,,,
083232.37+430306.1,083232.37+430306.1,,UNSCORED,,,,,,,
082258.26+402058.6,082258.26+402058.6,,UNSCORED,,,,,,,
080639.50+213312.2,080639.50+213312.2,,UNSCORED,,,,,,,
080317.63+284600.3,080317.63+284600.3,,UNSCORED,,,,,,,
084513.33+543548.2,084513.33+543548.2,,UNSCORED,,,,,,,
080216.56+471613.7,080216.56+471613.7,,UNSCORED,,,,,,,
075351.42+354735.5,075351.42+354735.5,,UNSCORED,,,,,,,
083558.84+200035.7,083558.84+200035.7,,UNSCORED,,,,,,,
084017.96+535221.9,084017.96+535221.9,,UNSCORED,,,,,,,
080126.59+372639.0,080126.59+372639.0,,UNSCORED,,,,,,,
080704.47+301154.9,080704.47+301154.9,,UNSCORED,,,,,,,
080810.36+392129.3,080810.36+392129.3,,UNSCORED,,,,,,,
082455.96+253138.8,082455.96+253138.8,,UNSCORED,,,,,,,
081457.19+084349.8,081457.19+084349.8,,UNSCORED,,,,,,,
075744.66+371359.6,075744.66+371359.6,,UNSCORED,,,,,,,
083630.57+180714.6,083630.57+180714.6,,UNSCORED,,,,,,,
083457.00+421911.5,083457.00+421911.5,,UNSCORED,,,,,,,
074918.75+491612.4,074918.75+491612.4,,UNSCORED,,,,,,,
082838.18+345051.6,082838.18+345051.6,,UNSCORED,,,,,,,
083038.80+325337.1,083038.80+325337.1,,UNSCORED,,,,,,,
080524.61+102751.9,080524.61+102751.9,,UNSCORED,,,,,,,
080512.25+540258.8,080512.25+540258.8,,UNSCORED,,,,,,,
082747.87+341758.2,082747.87+341758.2,,UNSCORED,,,,,,,
084235.64+282228.7,084235.64+282228.7,,UNSCORED,,,,,,,
082953.33+324615.0,082953.33+324615.0,,UNSCORED,,,,,,,
082847.47+075942.3,082847.47+075942.3,,UNSCORED,,,,,,,
075547.33+240543.9,075547.33+240543.9,,UNSCORED,,,,,,,
081544.72+345419.3,081544.72+345419.3,,UNSCORED,,,,,,,
082637.45+344007.2,082637.45+344007.2,,UNSCORED,,,,,,,
080525.22+242217.4,080525.22+242217.4,,UNSCORED,,,,,,,
081250.33+302644.8,081250.33+302644.8,,UNSCORED,,,,,,,
081846.60+220759.4,081846.60+220759.4,,UNSCORED,,,,,,,
080648.46+462007.1,080648.46+462007.1,,UNSCORED,,,,,,,
074945.07+422910.7,074945.07+422910.7,,UNSCORED,,,,,,,
083607.14+341749.2,083607.14+341749.2,,UNSCORED,,,,,,,
082331.69+155530.8,082331.69+155530.8,,UNSCORED,,,,,,,
082156.99+283358.2,082156.99+283358.2,,UNSCORED,,,,,,,
084222.89+531218.1,084222.89+531218.1,,UNSCORED,,,,,,,
080724.52+220716.3,080724.52+220716.3,,UNSCORED,,,,,,,
075636.82+352638.7,075636.82+352638.7,,UNSCORED,,,,,,,
075501.00+210830.4,075501.00+210830.4,,UNSCORED,,,,,,,
083427.40+201334.1,083427.40+201334.1,,UNSCORED,,,,,,,
084017.60+302752.6,084017.60+302752.6,,UNSCORED,,,,,,,
084507.04+311003.0,084507.04+311003.0,,UNSCORED,,,,,,,
082623.33+534336.3,082623.33+534336.3,,UNSCORED,,,,,,,
081825.69+492131.7,081825.69+492131.7,,UNSCORED,,,,,,,
080448.35+234229.7,080448.35+234229.7,,UNSCORED,,,,,,,
082915.58+522750.4,082915.58+522750.4,,UNSCORED,,,,,,,
083100.40+301106.6,083100.40+301106.6,,UNSCORED,,,,,,,
080424.88+254202.4,080424.88+254202.4,,UNSCORED,,,,,,,
083643.86+283415.6,083643.86+283415.6,,UNSCORED,,,,,,,
083120.65+431046.1,083120.65+431046.1,,UNSCORED,,,,,,,
083631.41+294029.9,083631.41+294029.9,,UNSCORED,,,,,,,
084151.90+363015.7,084151.90+363015.7,,UNSCORED,,,,,,,
081448.42+365859.9,081448.42+365859.9,,UNSCORED,,,,,,,
081324.05+244338.8,081324.05+244338.8,,UNSCORED,,,,,,,
082828.53+483138.0,082828.53+483138.0,,UNSCORED,,,,,,,
083827.33+303043.0,083827.33+303043.0,,UNSCORED,,,,,,,
083106.04+255836.9,083106.04+255836.9,,UNSCORED,,,,,,,
081249.28+074307.1,081249.28+074307.1,,UNSCORED,,,,,,,
080746.82+320033.6,080746.82+320033.6,,UNSCORED,,,,,,,
081618.21+375551.9,081618.21+375551.9,,UNSCORED,,,,,,,
082325.75+542144.6,082325.75+542144.6,,UNSCORED,,,,,,,
080653.68+331530.5,080653.68+331530.5,,UNSCORED,,,,,,,
075911.04+362525.6,075911.04+362525.6,,UNSCORED,,,,,,,
084059.27+562019.5,084059.27+562019.5,,UNSCORED,,,,,,,
075622.46+333302.7,075622.46+333302.7,,UNSCORED,,,,,,,
074840.32+390711.3,074840.32+390711.3,,UNSCORED,,,,,,,
082523.92+565004.9,082523.92+565004.9,,UNSCORED,,,,,,,
083907.19+451809.7,083907.19+451809.7,,UNSCORED,,,,,,,
081131.17+234919.1,081131.17+234919.1,,UNSCORED,,,,,,,
082130.22+562706.4,082130.22+562706.4,,UNSCORED,,,,,,,
075744.31+231033.2,075744.31+231033.2,,UNSCORED,,,,,,,
084045.36+440843.1,084045.36+440843.1,,UNSCORED,,,,,,,
080150.08+293445.9,080150.08+293445.9,,UNSCORED,,,,,,,
081916.15+345050.3,081916.15+345050.3,,UNSCORED,,,,,,,
075933.91+344936.6,075933.91+344936.6,,UNSCORED,,,,,,,
082415.99+343439.2,082415.99+343439.2,,UNSCORED,,,,,,,
083253.57+522224.4,083253.57+522224.4,,UNSCORED,,,,,,,
084243.72+495631.7,084243.72+495631.7,,UNSCORED,,,,,,,
084006.55+044122.0,084006.55+044122.0,,UNSCORED,,,,,,,
083953.96+381211.6,083953.96+381211.6,,UNSCORED,,,,,,,
081046.72+463052.5,081046.72+463052.5,,UNSCORED,,,,,,,
084103.07+372348.0,084103.07+372348.0,,UNSCORED,,,,,,,
084140.13+432021.0,084140.13+432021.0,,UNSCORED,,,,,,,
083528.89+372641.2,083528.89+372641.2,,UNSCORED,,,,,,,
080834.95+224324.6,080834.95+224324.6,,UNSCORED,,,,,,,
082855.77+142601.6,082855.77+142601.6,,UNSCORED,,,,,,,
082355.91+423545.3,082355.91+423545.3,,UNSCORED,,,,,,,
082715.24+565839.5,082715.24+565839.5,,UNSCORED,,,,,,,
083956.40+483747.5,083956.40+483747.5,,UNSCORED,,,,,,,
083655.97+255917.8,083655.97+255917.8,,UNSCORED,,,,,,,
081245.00+514235.8,081245.00+514235.8,,UNSCORED,,,,,,,
083501.73+131129.8,083501.73+131129.8,,UNSCORED,,,,,,,
083949.39+274048.6,083949.39+274048.6,,UNSCORED,,,,,,,
083706.06+354520.8,083706.06+354520.8,,UNSCORED,,,,,,,
082506.55+495138.3,082506.55+495138.3,,UNSCORED,,,,,,,
083709.31+411723.3,083709.31+411723.3,,UNSCORED,,,,,,,
080845.91+260313.0,080845.91+260313.0,,UNSCORED,,,,,,,
082634.87+391451.9,082634.87+391451.9,,UNSCORED,,,,,,,
082042.66+494024.9,082042.66+494024.9,,UNSCORED,,,,,,,
084133.66+460919.8,084133.66+460919.8,,UNSCORED,,,,,,,
075942.33+333402.7,075942.33+333402.7,,UNSCORED,,,,,,,
075331.33+265141.1,075331.33+265141.1,,UNSCORED,,,,,,,
082339.18+152436.6,082339.18+152436.6,,UNSCORED,,,,,,,
081354.45+173946.3,081354.45+173946.3,,UNSCORED,,,,,,,
082633.91+293118.9,082633.91+293118.9,,UNSCORED,,,,,,,
075244.53+304138.6,075244.53+304138.6,,UNSCORED,,,,,,,
082817.16+361851.4,082817.16+361851.4,,UNSCORED,,,,,,,
081032.43+341109.1,081032.43+341109.1,,UNSCORED,,,,,,,
080653.09+450431.1,080653.09+450431.1,,UNSCORED,,,,,,,
081935.23+343715.2,081935.23+343715.2,,UNSCORED,,,,,,,
081529.30+412057.1,081529.30+412057.1,,UNSCORED,,,,,,,
080257.21+252911.8,080257.21+252911.8,,UNSCORED,,,,,,,
080202.49+390732.3,080202.49+390732.3,,UNSCORED,,,,,,,
081337.31+205437.7,081337.31+205437.7,,UNSCORED,,,,,,,
083143.65+471823.1,083143.65+471823.1,,UNSCORED,,,,,,,
081244.05+380438.0,081244.05+380438.0,,UNSCORED,,,,,,,
084427.62+573811.0,084427.62+573811.0,,UNSCORED,,,,,,,
083204.18+324757.5,083204.18+324757.5,,UNSCORED,,,,,,,
083338.47+361707.6,083338.47+361707.6,,UNSCORED,,,,,,,
081201.81+354204.9,081201.81+354204.9,,UNSCORED,,,,,,,
081320.88+503523.2,081320.88+503523.2,,UNSCORED,,,,,,,
081253.48+445800.3,081253.48+445800.3,,UNSCORED,,,,,,,
081811.50+514237.8,081811.50+514237.8,,UNSCORED,,,,,,,
080035.49+542749.4,080035.49+542749.4,,UNSCORED,,,,,,,
082419.30+481306.3,082419.30+481306.3,,UNSCORED,,,,,,,
081938.79+224834.5,081938.79+224834.5,,UNSCORED,,,,,,,
075932.90+334111.6,075932.90+334111.6,,UNSCORED,,,,,,,
075735.10+475313.3,075735.10+475313.3,,UNSCORED,,,,,,,
081112.87+472555.4,081112.87+472555.4,,UNSCORED,,,,,,,
082502.49+065248.5,082502.49+065248.5,,UNSCORED,,,,,,,
081446.37+450754.1,081446.37+450754.1,,UNSCORED,,,,,,,
080326.91+365603.3,080326.91+365603.3,,UNSCORED,,,,,,,
082342.30+203857.7,082342.30+203857.7,,UNSCORED,,,,,,,
081201.66+240052.5,081201.66+240052.5,,UNSCORED,,,,,,,
081302.80+205249.1,081302.80+205249.1,,UNSCORED,,,,,,,
074929.22+422350.8,074929.22+422350.8,,UNSCORED,,,,,,,
082031.39+232629.7,082031.39+232629.7,,UNSCORED,,,,,,,
080549.71+245609.7,080549.71+245609.7,,UNSCORED,,,,,,,
075532.80+303045.7,075532.80+303045.7,,UNSCORED,,,,,,,
081806.75+390310.9,081806.75+390310.9,,UNSCORED,,,,,,,
082916.20+280332.3,082916.20+280332.3,,UNSCORED,,,,,,,
084405.65+523446.8,084405.65+523446.8,,UNSCORED,,,,,,,
075431.51+355818.9,075431.51+355818.9,,UNSCORED,,,,,,,
081545.51+241331.3,081545.51+241331.3,,UNSCORED,,,,,,,
082719.66+394403.4,082719.66+394403.4,,UNSCORED,,,,,,,
075341.85+443445.7,075341.85+443445.7,,UNSCORED,,,,,,,
080734.67+530321.6,080734.67+530321.6,,UNSCORED,,,,,,,
082559.57+471107.4,082559.57+471107.4,,UNSCORED,,,,,,,
081159.88+253236.2,081159.88+253236.2,,UNSCORED,,,,,,,
080720.44+403337.5,080720.44+403337.5,,UNSCORED,,,,,,,
075025.67+511248.0,075025.67+511248.0,,UNSCORED,,,,,,,
082133.20+452211.8,082133.20+452211.8,,UNSCORED,,,,,,,
081358.75+232605.4,081358.75+232605.4,,UNSCORED,,,,,,,
082755.12+534834.0,082755.12+534834.0,,UNSCORED,,,,,,,
082122.91+352531.2,082122.91+352531.2,,UNSCORED,,,,,,,
082950.14+115215.0,082950.14+115215.0,,UNSCORED,,,,,,,
080736.53+160634.1,080736.53+160634.1,,UNSCORED,,,,,,,
081400.08+205516.2,081400.08+205516.2,,UNSCORED,,,,,,,
081614.64+570120.3,081614.64+570120.3,,UNSCORED,,,,,,,
084148.06+224712.9,084148.06+224712.9,,UNSCORED,,,,,,,
080731.99+515629.4,080731.99+515629.4,,UNSCORED,,,,,,,
084341.92+190036.6,084341.92+190036.6,,UNSCORED,,,,,,,
081340.37+221406.6,081340.37+221406.6,,UNSCORED,,,,,,,
080509.80+424103.6,080509.80+424103.6,,UNSCORED,,,,,,,
083055.67+282804.9,083055.67+282804.9,,UNSCORED,,,,,,,
083755.25+441156.5,083755.25+441156.5,,UNSCORED,,,,,,,
080633.17+263540.8,080633.17+263540.8,,UNSCORED,,,,,,,
084412.65+244703.2,084412.65+244703.2,,UNSCORED,,,,,,,
080940.22+241619.6,080940.22+241619.6,,UNSCORED,,,,,,,
081746.01+355517.3,081746.01+355517.3,,UNSCORED,,,,,,,
080806.82+372605.8,080806.82+372605.8,,UNSCORED,,,,,,,
082304.38+471116.2,082304.38+471116.2,,UNSCORED,,,,,,,
082800.55+514533.4,082800.55+514533.4,,UNSCORED,,,,,,,
080114.74+301122.0,080114.74+301122.0,,UNSCORED,,,,,,,
081952.36+302445.5,081952.36+302445.5,,UNSCORED,,,,,,,
084116.04+051953.6,084116.04+051953.6,,UNSCORED,,,,,,,
080842.30+341559.0,080842.30+341559.0,,UNSCORED,,,,,,,
083705.61+463258.6,083705.61+463258.6,,UNSCORED,,,,,,,
081408.33+272129.7,081408.33+272129.7,,UNSCORED,,,,,,,
080146.90+394258.6,080146.90+394258.6,,UNSCORED,,,,,,,
081454.80+361924.1,081454.80+361924.1,,UNSCORED,,,,,,,
081205.52+464048.8,081205.52+464048.8,,UNSCORED,,,,,,,
075957.35+280833.0,075957.35+280833.0,,UNSCORED,,,,,,,
081839.03+385727.6,081839.03+385727.6,,UNSCORED,,,,,,,
080351.00+340043.1,080351.00+340043.1,,UNSCORED,,,,,,,
083317.17+565100.8,083317.17+565100.8,,UNSCORED,,,,,,,
080025.87+434239.5,080025.87+434239.5,,UNSCORED,,,,,,,
082313.53+394327.3,082313.53+394327.3,,UNSCORED,,,,,,,
082458.08+492938.3,082458.08+492938.3,,UNSCORED,,,,,,,
075658.68+373226.8,075658.68+373226.8,,UNSCORED,,,,,,,
075728.16+402356.4,075728.16+402356.4,,UNSCORED,,,,,,,
083908.34+264509.5,083908.34+264509.5,,UNSCORED,,,,,,,
083057.32+355733.5,083057.32+355733.5,,UNSCORED,,,,,,,
082411.66+424719.7,082411.66+424719.7,,UNSCORED,,,,,,,
083429.77+322910.8,083429.77+322910.8,,UNSCORED,,,,,,,
080521.21+182059.1,080521.21+182059.1,,UNSCORED,,,,,,,
075534.54+253346.0,075534.54+253346.0,,UNSCORED,,,,,,,
075228.70+225759.2,075228.70+225759.2,,UNSCORED,,,,,,,
083550.24+275407.4,083550.24+275407.4,,UNSCORED,,,,,,,
082443.68+095301.5,082443.68+095301.5,,UNSCORED,,,,,,,
084328.70+062232.9,084328.70+062232.9,,UNSCORED,,,,,,,
080213.42+511714.7,080213.42+511714.7,,UNSCORED,,,,,,,
075626.04+162118.8,075626.04+162118.8,,UNSCORED,,,,,,,
082503.64+304111.2,082503.64+304111.2,,UNSCORED,,,,,,,
082945.61+464122.8,082945.61+464122.8,,UNSCORED,,,,,,,
080147.65+334132.1,080147.65+334132.1,,UNSCORED,,,,,,,
081213.00+403921.1,081213.00+403921.1,,UNSCORED,,,,,,,
082839.89+530535.5,082839.89+530535.5,,UNSCORED,,,,,,,
083854.32+215027.7,083854.32+215027.7,,UNSCORED,,,,,,,
080604.52+313443.1,080604.52+313443.1,,UNSCORED,,,,,,,
075432.95+294135.2,075432.95+294135.2,,UNSCORED,,,,,,,
081513.35+444631.1,081513.35+444631.1,,UNSCORED,,,,,,,
082216.58+060344.8,082216.58+060344.8,,UNSCORED,,,,,,,
083625.87+210018.1,083625.87+210018.1,,UNSCORED,,,,,,,
083014.84+512043.1,083014.84+512043.1,,UNSCORED,,,,,,,
080230.17+443918.3,080230.17+443918.3,,UNSCORED,,,,,,,
083208.02+450542.6,083208.02+450542.6,,UNSCORED,,,,,,,
080604.47+551711.5,080604.47+551711.5,,UNSCORED,,,,,,,
080959.29+345652.0,080959.29+345652.0,,UNSCORED,,,,,,,
081737.80+355009.2,081737.80+355009.2,,UNSCORED,,,,,,,
084045.27+404628.6,084045.27+404628.6,,UNSCORED,,,,,,,
082211.96+371007.7,082211.96+371007.7,,UNSCORED,,,,,,,
082306.30+210300.2,082306.30+210300.2,,UNSCORED,,,,,,,
080058.16+451030.3,080058.16+451030.3,,UNSCORED,,,,,,,
082047.37+393826.8,082047.37+393826.8,,UNSCORED,,,,,,,
075510.49+201817.5,075510.49+201817.5,,UNSCORED,,,,,,,
080613.03+210112.4,080613.03+210112.4,,UNSCORED,,,,,,,
083833.84+560831.6,083833.84+560831.6,,UNSCORED,,,,,,,
082228.83+354750.6,082228.83+354750.6,,UNSCORED,,,,,,,
081659.07+344613.0,081659.07+344613.0,,UNSCORED,,,,,,,
080910.05+555341.5,080910.05+555341.5,,UNSCORED,,,,,,,
081133.43+065558.1,081133.43+065558.1,,UNSCORED,,,,,,,
083155.63+314955.0,083155.63+314955.0,,UNSCORED,,,,,,,
080453.12+540004.8,080453.12+540004.8,,UNSCORED,,,,,,,
080012.48+405702.0,080012.48+405702.0,,UNSCORED,,,,,,,
081541.10+300821.9,081541.10+300821.9,,UNSCORED,,,,,,,
082825.60+375525.0,082825.60+375525.0,,UNSCORED,,,,,,,
084044.43+232057.5,084044.43+232057.5,,UNSCORED,,,,,,,
082418.70+350718.4,082418.70+350718.4,,UNSCORED,,,,,,,
075847.15+224040.5,075847.15+224040.5,,UNSCORED,,,,,,,
080546.95+511921.9,080546.95+511921.9,,UNSCORED,,,,,,,
080127.06+502951.8,080127.06+502951.8,,UNSCORED,,,,,,,
080000.98+370510.2,080000.98+370510.2,,UNSCORED,,,,,,,
081247.60+444845.1,081247.60+444845.1,,UNSCORED,,,,,,,
081949.54+254600.8,081949.54+254600.8,,UNSCORED,,,,,,,
081217.75+515226.0,081217.75+515226.0,,UNSCORED,,,,,,,
084354.70+262417.1,084354.70+262417.1,,UNSCORED,,,,,,,
081105.95+551439.9,081105.95+551439.9,,UNSCORED,,,,,,,
082418.40+551205.3,082418.40+551205.3,,UNSCORED,,,,,,,
083200.85+430057.5,083200.85+430057.5,,UNSCORED,,,,,,,
080456.26+461115.8,080456.26+461115.8,,UNSCORED,,,,,,,
082738.79+411827.0,082738.79+411827.0,,UNSCORED,,,,,,,
080154.12+264944.4,080154.12+264944.4,,UNSCORED,,,,,,,
082651.97+390602.0,082651.97+390602.0,,UNSCORED,,,,,,,
082112.69+340413.3,082112.69+340413.3,,UNSCORED,,,,,,,
081232.37+394453.4,081232.37+394453.4,,UNSCORED,,,,,,,
080934.61+573442.4,080934.61+573442.4,,UNSCORED,,,,,,,
081350.66+351658.7,081350.66+351658.7,,UNSCORED,,,,,,,
080320.77+235553.2,080320.77+235553.2,,UNSCORED,,,,,,,
080739.37+481600.0,080739.37+481600.0,,UNSCORED,,,,,,,
075259.67+430032.3,075259.67+430032.3,,UNSCORED,,,,,,,
082610.68+213729.6,082610.68+213729.6,,UNSCORED,,,,,,,
075939.65+252308.5,075939.65+252308.5,,UNSCORED,,,,,,,
080425.35+474448.7,080425.35+474448.7,,UNSCORED,,,,,,,
081605.75+513121.9,081605.75+513121.9,,UNSCORED,,,,,,,
082258.60+443516.8,082258.60+443516.8,,UNSCORED,,,,,,,
080428.49+403457.6,080428.49+403457.6,,UNSCORED,,,,,,,
084144.55+232922.6,084144.55+232922.6,,UNSCORED,,,,,,,
082939.88+504332.1,082939.88+504332.1,,UNSCORED,,,,,,,
075214.94+414407.8,075214.94+414407.8,,UNSCORED,,,,,,,
081330.15+353324.5,081330.15+353324.5,,UNSCORED,,,,,,,
083841.60+324317.3,083841.60+324317.3,,UNSCORED,,,,,,,
082936.75+494323.5,082936.75+494323.5,,UNSCORED,,,,,,,
082608.13+454350.8,082608.13+454350.8,,UNSCORED,,,,,,,
083848.49+323106.1,083848.49+323106.1,,UNSCORED,,,,,,,
082340.83+361701.5,082340.83+361701.5,,UNSCORED,,,,,,,
080216.32+255621.1,080216.32+255621.1,,UNSCORED,,,,,,,
082342.84+560049.2,082342.84+560049.2,,UNSCORED,,,,,,,
083751.27+461136.9,083751.27+461136.9,,UNSCORED,,,,,,,
083322.71+421950.0,083322.71+421950.0,,UNSCORED,,,,,,,
081041.71+475630.2,081041.71+475630.2,,UNSCORED,,,,,,,
075040.28+181213.1,075040.28+181213.1,,UNSCORED,,,,,,,
075519.88+414411.1,075519.88+414411.1,,UNSCORED,,,,,,,
084218.66+294120.3,084218.66+294120.3,,UNSCORED,,,,,,,
081215.83+451547.9,081215.83+451547.9,,UNSCORED,,,,,,,
083857.31+294344.1,083857.31+294344.1,,UNSCORED,,,,,,,
084405.01+403927.3,084405.01+403927.3,,UNSCORED,,,,,,,
083623.13+254738.8,083623.13+254738.8,,UNSCORED,,,,,,,
083003.74+554011.3,083003.74+554011.3,,UNSCORED,,,,,,,
075337.67+330717.4,075337.67+330717.4,,UNSCORED,,,,,,,
081024.04+333700.9,081024.04+333700.9,,UNSCORED,,,,,,,
075439.57+334540.5,075439.57+334540.5,,UNSCORED,,,,,,,
083608.00+114653.8,083608.00+114653.8,,UNSCORED,,,,,,,
083206.95+494911.8,083206.95+494911.8,,UNSCORED,,,,,,,
075341.09+261330.7,075341.09+261330.7,,UNSCORED,,,,,,,
080553.24+253317.6,080553.24+253317.6,,UNSCORED,,,,,,,
083915.41+150211.2,083915.41+150211.2,,UNSCORED,,,,,,,
080014.79+301824.2,080014.79+301824.2,,UNSCORED,,,,,,,
075038.41+273109.2,075038.41+273109.2,,UNSCORED,,,,,,,
083842.22+374029.7,083842.22+374029.7,,UNSCORED,,,,,,,
080103.71+130118.1,080103.71+130118.1,,UNSCORED,,,,,,,
082725.68+341154.3,082725.68+341154.3,,UNSCORED,,,,,,,
080017.55+291334.4,080017.55+291334.4,,UNSCORED,,,,,,,
084341.41+444023.3,084341.41+444023.3,,UNSCORED,,,,,,,
084135.12+254107.5,084135.12+254107.5,,UNSCORED,,,,,,,
083708.51+362834.9,083708.51+362834.9,,UNSCORED,,,,,,,
080527.97+443020.8,080527.97+443020.8,,UNSCORED,,,,,,,
080628.23+345028.6,080628.23+345028.6,,UNSCORED,,,,,,,
080544.19+135653.4,080544.19+135653.4,,UNSCORED,,,,,,,
075021.41+385453.8,075021.41+385453.8,,UNSCORED,,,,,,,
081456.49+281815.7,081456.49+281815.7,,UNSCORED,,,,,,,
084333.60+261340.3,084333.60+261340.3,,UNSCORED,,,,,,,
083824.59+431817.9,083824.59+431817.9,,UNSCORED,,,,,,,
075944.24+255710.9,075944.24+255710.9,,UNSCORED,,,,,,,
075136.62+332257.0,075136.62+332257.0,,UNSCORED,,,,,,,
083029.01+545613.2,083029.01+545613.2,,UNSCORED,,,,,,,
075425.60+511213.9,075425.60+511213.9,,UNSCORED,,,,,,,
082027.33+280310.0,082027.33+280310.0,,UNSCORED,,,,,,,
083903.70+463402.3,083903.70+463402.3,,UNSCORED,,,,,,,
082229.79+525648.0,082229.79+525648.0,,UNSCORED,,,,,,,
082002.69+362213.9,082002.69+362213.9,,UNSCORED,,,,,,,
075658.02+531128.8,075658.02+531128.8,,UNSCORED,,,,,,,
081250.07+491722.7,081250.07+491722.7,,UNSCORED,,,,,,,
083954.73+093735.6,083954.73+093735.6,,UNSCORED,,,,,,,
075735.00+494409.5,075735.00+494409.5,,UNSCORED,,,,,,,
080351.09+254635.3,080351.09+254635.3,,UNSCORED,,,,,,,
083143.54+374455.1,083143.54+374455.1,,UNSCORED,,,,,,,
082404.91+064322.2,082404.91+064322.2,,UNSCORED,,,,,,,
074922.98+281918.2,074922.98+281918.2,,UNSCORED,,,,,,,
083418.86+554835.6,083418.86+554835.6,,UNSCORED,,,,,,,
080517.42+440206.9,080517.42+440206.9,,UNSCORED,,,,,,,
081148.31+375645.2,081148.31+375645.2,,UNSCORED,,,,,,,
082701.64+394931.8,082701.64+394931.8,,UNSCORED,,,,,,,
075330.31+495756.9,075330.31+495756.9,,UNSCORED,,,,,,,
081736.62+330655.2,081736.62+330655.2,,UNSCORED,,,,,,,
081759.61+475423.4,081759.61+475423.4,,UNSCORED,,,,,,,
083534.85+345923.3,083534.85+345923.3,,UNSCORED,,,,,,,
081801.98+534103.1,081801.98+534103.1,,UNSCORED,,,,,,,
084236.15+344217.8,084236.15+344217.8,,UNSCORED,,,,,,,
081209.36+523121.6,081209.36+523121.6,,UNSCORED,,,,,,,
083139.10+475117.7,083139.10+475117.7,,UNSCORED,,,,,,,
080710.56+213141.4,080710.56+213141.4,,UNSCORED,,,,,,,
082215.28+532505.9,082215.28+532505.9,,UNSCORED,,,,,,,
081652.23+404347.9,081652.23+404347.9,,UNSCORED,,,,,,,
083729.16+230923.8,083729.16+230923.8,,UNSCORED,,,,,,,
083922.44+155822.2,083922.44+155822.2,,UNSCORED,,,,,,,
082751.37+442746.0,082751.37+442746.0,,UNSCORED,,,,,,,
080601.34+124609.4,080601.34+124609.4,,UNSCORED,,,,,,,
075643.70+474559.0,075643.70+474559.0,,UNSCORED,,,,,,,
080948.64+210540.6,080948.64+210540.6,,UNSCORED,,,,,,,
075659.54+515100.2,075659.54+515100.2,,UNSCORED,,,,,,,
081511.03+312806.3,081511.03+312806.3,,UNSCORED,,,,,,,
075830.83+201815.9,075830.83+201815.9,,UNSCORED,,,,,,,
081800.41+401902.2,081800.41+401902.2,,UNSCORED,,,,,,,
082113.70+414607.5,082113.70+414607.5,,UNSCORED,,,,,,,
083655.58+155815.8,083655.58+155815.8,,UNSCORED,,,,,,,
083229.47+301820.7,083229.47+301820.7,,UNSCORED,,,,,,,
075507.90+384526.0,075507.90+384526.0,,UNSCORED,,,,,,,
084054.26+400613.5,084054.26+400613.5,,UNSCORED,,,,,,,
075811.15+473722.2,075811.15+473722.2,,UNSCORED,,,,,,,
080434.57+481743.3,080434.57+481743.3,,UNSCORED,,,,,,,
083435.56+544450.6,083435.56+544450.6,,UNSCORED,,,,,,,
081006.37+254633.9,081006.37+254633.9,,UNSCORED,,,,,,,
081802.46+405201.5,081802.46+405201.5,,UNSCORED,,,,,,,
083554.49+260209.4,083554.49+260209.4,,UNSCORED,,,,,,,
083525.11+343602.5,083525.11+343602.5,,UNSCORED,,,,,,,
081739.00+183006.3,081739.00+183006.3,,UNSCORED,,,,,,,
084126.15+465231.0,084126.15+465231.0,,UNSCORED,,,,,,,
084414.64+465530.8,084414.64+465530.8,,UNSCORED,,,,,,,
074908.99+201200.5,074908.99+201200.5,,UNSCORED,,,,,,,
082739.58+415854.9,082739.58+415854.9,,UNSCORED,,,,,,,
081015.36+262918.7,081015.36+262918.7,,UNSCORED,,,,,,,
082957.26+151733.8,082957.26+151733.8,,UNSCORED,,,,,,,
080748.52+062011.0,080748.52+062011.0,,UNSCORED,,,,,,,
075359.87+360015.7,075359.87+360015.7,,UNSCORED,,,,,,,
081409.90+284909.1,081409.90+284909.1,,UNSCORED,,,,,,,
075154.95+392419.6,075154.95+392419.6,,UNSCORED,,,,,,,
084308.30+514511.0,084308.30+514511.0,,UNSCORED,,,,,,,
081414.24+093147.1,081414.24+093147.1,,UNSCORED,,,,,,,
075837.70+281834.2,075837.70+281834.2,,UNSCORED,,,,,,,
082021.64+434547.9,082021.64+434547.9,,UNSCORED,,,,,,,
081952.27+572801.8,081952.27+572801.8,,UNSCORED,,,,,,,
084020.42+462835.0,084020.42+462835.0,,UNSCORED,,,,,,,
083023.25+321753.6,083023.25+321753.6,,UNSCORED,,,,,,,
082409.68+495003.1,082409.68+495003.1,,UNSCORED,,,,,,,
082059.96+363014.7,082059.96+363014.7,,UNSCORED,,,,,,,
080141.84+221623.1,080141.84+221623.1,,UNSCORED,,,,,,,
081618.78+255723.4,081618.78+255723.4,,UNSCORED,,,,,,,
075006.66+241551.2,075006.66+241551.2,,UNSCORED,,,,,,,
081849.32+401738.9,081849.32+401738.9,,UNSCORED,,,,,,,
080051.53+383122.9,080051.53+383122.9,,UNSCORED,,,,,,,
075746.08+425952.0,075746.08+425952.0,,UNSCORED,,,,,,,
080745.86+412549.8,080745.86+412549.8,,UNSCORED,,,,,,,
075856.36+430528.1,075856.36+430528.1,,UNSCORED,,,,,,,
080817.47+480435.6,080817.47+480435.6,,UNSCORED,,,,,,,
081338.69+352002.7,081338.69+352002.7,,UNSCORED,,,,,,,
075423.78+342310.5,075423.78+342310.5,,UNSCORED,,,,,,,
080547.48+520546.9,080547.48+520546.9,,UNSCORED,,,,,,,
075415.66+263322.0,075415.66+263322.0,,UNSCORED,,,,,,,
075251.11+181108.1,075251.11+181108.1,,UNSCORED,,,,,,,
081331.13+423435.3,081331.13+423435.3,,UNSCORED,,,,,,,
083857.51+375417.3,083857.51+375417.3,,UNSCORED,,,,,,,
084018.97+615720.3,084018.97+615720.3,,UNSCORED,,,,,,,
082600.52+130838.1,082600.52+130838.1,,UNSCORED,,,,,,,
082746.41+484307.9,082746.41+484307.9,,UNSCORED,,,,,,,
084036.36+275326.1,084036.36+275326.1,,UNSCORED,,,,,,,
083758.54+460802.2,083758.54+460802.2,,UNSCORED,,,,,,,
074851.72+440303.5,074851.72+440303.5,,UNSCORED,,,,,,,
082218.57+411818.4,082218.57+411818.4,,UNSCORED,,,,,,,
082641.90+300339.0,082641.90+300339.0,,UNSCORED,,,,,,,
084406.29+460901.3,084406.29+460901.3,,UNSCORED,,,,,,,
081740.41+545337.0,081740.41+545337.0,,UNSCORED,,,,,,,
083241.23+540734.5,083241.23+540734.5,,UNSCORED,,,,,,,
084029.39+553731.4,084029.39+553731.4,,UNSCORED,,,,,,,
082615.19+283513.8,082615.19+283513.8,,UNSCORED,,,,,,,
083904.85+254853.5,083904.85+254853.5,,UNSCORED,,,,,,,
080508.94+303424.3,080508.94+303424.3,,UNSCORED,,,,,,,
080006.36+455808.2,080006.36+455808.2,,UNSCORED,,,,,,,
082535.63+434920.9,082535.63+434920.9,,UNSCORED,,,,,,,
075738.95+274104.7,075738.95+274104.7,,UNSCORED,,,,,,,
080605.82+554909.2,080605.82+554909.2,,UNSCORED,,,,,,,
082641.01+292747.2,082641.01+292747.2,,UNSCORED,,,,,,,
080428.22+413917.0,080428.22+413917.0,,UNSCORED,,,,,,,
080542.30+230704.8,080542.30+230704.8,,UNSCORED,,,,,,,
082713.81+120528.0,082713.81+120528.0,,UNSCORED,,,,,,,
080320.73+174331.1,080320.73+174331.1,,UNSCORED,,,,,,,
080540.52+274012.7,080540.52+274012.7,,UNSCORED,,,,,,,
081551.39+222328.8,081551.39+222328.8,,UNSCORED,,,,,,,
074837.42+374728.9,074837.42+374728.9,,UNSCORED,,,,,,,
084447.55+530519.4,084447.55+530519.4,,UNSCORED,,,,,,,
082039.48+530209.7,082039.48+530209.7,,UNSCORED,,,,,,,
075854.19+511654.2,075854.19+511654.2,,UNSCORED,,,,,,,
080415.31+361208.0,080415.31+361208.0,,UNSCORED,,,,,,,
081554.91+211354.2,081554.91+211354.2,,UNSCORED,,,,,,,
080859.26+385728.8,080859.26+385728.8,,UNSCORED,,,,,,,
082211.51+480617.3,082211.51+480617.3,,UNSCORED,,,,,,,
083346.09+515910.6,083346.09+515910.6,,UNSCORED,,,,,,,
082001.02+294627.9,082001.02+294627.9,,UNSCORED,,,,,,,
080956.14+380256.6,080956.14+380256.6,,UNSCORED,,,,,,,
084113.53+290925.4,084113.53+290925.4,,UNSCORED,,,,,,,
084143.77+332933.7,084143.77+332933.7,,UNSCORED,,,,,,,
081830.14+320147.7,081830.14+320147.7,,UNSCORED,,,,,,,
080125.32+390022.3,080125.32+390022.3,,UNSCORED,,,,,,,
083558.50+261820.1,083558.50+261820.1,,UNSCORED,,,,,,,
084301.88+453734.8,084301.88+453734.8,,UNSCORED,,,,,,,
082801.15+282505.6,082801.15+282505.6,,UNSCORED,,,,,,,
080059.41+343903.5,080059.41+343903.5,,UNSCORED,,,,,,,
084434.04+335035.7,084434.04+335035.7,,UNSCORED,,,,,,,
075433.72+322326.1,075433.72+322326.1,,UNSCORED,,,,,,,
080545.38+502715.7,080545.38+502715.7,,UNSCORED,,,,,,,
080507.85+303238.4,080507.85+303238.4,,UNSCORED,,,,,,,
084457.92+344104.2,084457.92+344104.2,,UNSCORED,,,,,,,
080538.92+262252.0,080538.92+262252.0,,UNSCORED,,,,,,,
075325.60+243358.3,075325.60+243358.3,,UNSCORED,,,,,,,
082031.20+231032.5,082031.20+231032.5,,UNSCORED,,,,,,,
081747.14+263403.4,081747.14+263403.4,,UNSCORED,,,,,,,
083632.23+480513.5,083632.23+480513.5,,UNSCORED,,,,,,,
081224.35+564811.9,081224.35+564811.9,,UNSCORED,,,,,,,
075653.66+440524.7,075653.66+440524.7,,UNSCORED,,,,,,,
075329.01+512638.4,075329.01+512638.4,,UNSCORED,,,,,,,
081944.07+305026.4,081944.07+305026.4,,UNSCORED,,,,,,,
083418.21+533933.5,083418.21+533933.5,,UNSCORED,,,,,,,
083628.25+345206.1,083628.25+345206.1,,UNSCORED,,,,,,,
080839.36+514618.3,080839.36+514618.3,,UNSCORED,,,,,,,
075517.30+275129.9,075517.30+275129.9,,UNSCORED,,,,,,,
084316.03+452401.1,084316.03+452401.1,,UNSCORED,,,,,,,
075942.83+333445.8,075942.83+333445.8,,UNSCORED,,,,,,,
075729.26+332731.4,075729.26+332731.4,,UNSCORED,,,,,,,
082914.61+590822.7,082914.61+590822.7,,UNSCORED,,,,,,,
080944.63+480011.4,080944.63+480011.4,,UNSCORED,,,,,,,
075425.73+333517.5,075425.73+333517.5,,UNSCORED,,,,,,,
075318.85+354038.9,075318.85+354038.9,,UNSCORED,,,,,,,
084304.84+174840.8,084304.84+174840.8,,UNSCORED,,,,,,,
075337.05+415808.5,075337.05+415808.5,,UNSCORED,,,,,,,
075409.81+384600.3,075409.81+384600.3,,UNSCORED,,,,,,,
084205.23+585330.8,084205.23+585330.8,,UNSCORED,,,,,,,
075432.88+323924.4,075432.88+323924.4,,UNSCORED,,,,,,,
080054.80+301724.3,080054.80+301724.3,,UNSCORED,,,,,,,
081858.76+244623.5,081858.76+244623.5,,UNSCORED,,,,,,,
081355.16+213201.3,081355.16+213201.3,,UNSCORED,,,,,,,
080424.85+273433.1,080424.85+273433.1,,UNSCORED,,,,,,,
080538.41+270635.6,080538.41+270635.6,,UNSCORED,,,,,,,
080532.93+334910.0,080532.93+334910.0,,UNSCORED,,,,,,,
083919.04+281534.7,083919.04+281534.7,,UNSCORED,,,,,,,
083400.39+424040.7,083400.39+424040.7,,UNSCORED,,,,,,,
082229.64+482706.0,082229.64+482706.0,,UNSCORED,,,,,,,
082025.10+542729.2,082025.10+542729.2,,UNSCORED,,,,,,,
074930.92+421541.1,074930.92+421541.1,,UNSCORED,,,,,,,
084401.58+261341.6,084401.58+261341.6,,UNSCORED,,,,,,,
083712.12+062102.9,083712.12+062102.9,,UNSCORED,,,,,,,
081157.78+543958.0,081157.78+543958.0,,UNSCORED,,,,,,,
074846.19+310603.2,074846.19+310603.2,,UNSCORED,,,,,,,
074842.82+482037.5,074842.82+482037.5,,UNSCORED,,,,,,,
082210.33+215537.5,082210.33+215537.5,,UNSCORED,,,,,,,
081108.57+332127.2,081108.57+332127.2,,UNSCORED,,,,,,,
082426.50+450551.7,082426.50+450551.7,,UNSCORED,,,,,,,
075123.32+452044.1,075123.32+452044.1,,UNSCORED,,,,,,,
075119.76+231352.7,075119.76+231352.7,,UNSCORED,,,,,,,
081345.17+064348.4,081345.17+064348.4,,UNSCORED,,,,,,,
082310.23+261158.1,082310.23+261158.1,,UNSCORED,,,,,,,
074923.57+433643.8,074923.57+433643.8,,UNSCORED,,,,,,,
083324.24+584728.8,083324.24+584728.8,,UNSCORED,,,,,,,
081136.60+502529.2,081136.60+502529.2,,UNSCORED,,,,,,,
082514.88+355519.1,082514.88+355519.1,,UNSCORED,,,,,,,
081336.24+522638.4,081336.24+522638.4,,UNSCORED,,,,,,,
081006.69+210318.2,081006.69+210318.2,,UNSCORED,,,,,,,
075627.97+265842.5,075627.97+265842.5,,UNSCORED,,,,,,,
081641.43+242425.4,081641.43+242425.4,,UNSCORED,,,,,,,
081008.41+330144.6,081008.41+330144.6,,UNSCORED,,,,,,,
080015.87+534019.6,080015.87+534019.6,,UNSCORED,,,,,,,
081650.11+432524.4,081650.11+432524.4,,UNSCORED,,,,,,,
075630.94+364506.3,075630.94+364506.3,,UNSCORED,,,,,,,
075729.36+475409.0,075729.36+475409.0,,UNSCORED,,,,,,,
082324.95+411336.0,082324.95+411336.0,,UNSCORED,,,,,,,
080937.91+334912.2,080937.91+334912.2,,UNSCORED,,,,,,,
083603.44+540216.7,083603.44+540216.7,,UNSCORED,,,,,,,
081742.06+393107.8,081742.06+393107.8,,UNSCORED,,,,,,,
075853.37+365725.5,075853.37+365725.5,,UNSCORED,,,,,,,
081611.43+281658.3,081611.43+281658.3,,UNSCORED,,,,,,,
075959.22+421923.5,075959.22+421923.5,,UNSCORED,,,,,,,
084442.85+302347.4,084442.85+302347.4,,UNSCORED,,,,,,,
075807.26+220602.7,075807.26+220602.7,,UNSCORED,,,,,,,
081853.77+463622.8,081853.77+463622.8,,UNSCORED,,,,,,,
084021.55+141031.5,084021.55+141031.5,,UNSCORED,,,,,,,
084121.54+214031.6,084121.54+214031.6,,UNSCORED,,,,,,,
082106.12+423445.0,082106.12+423445.0,,UNSCORED,,,,,,,
081745.52+223620.1,081745.52+223620.1,,UNSCORED,,,,,,,
080825.99+501726.2,080825.99+501726.2,,UNSCORED,,,,,,,
080434.01+254226.8,080434.01+254226.8,,UNSCORED,,,,,,,
083805.39+074657.8,083805.39+074657.8,,UNSCORED,,,,,,,
081824.35+231603.8,081824.35+231603.8,,UNSCORED,,,,,,,
074954.74+341621.2,074954.74+341621.2,,UNSCORED,,,,,,,
081308.18+070725.9,081308.18+070725.9,,UNSCORED,,,,,,,
075430.94+304105.0,075430.94+304105.0,,UNSCORED,,,,,,,
083103.75+214553.3,083103.75+214553.3,,UNSCORED,,,,,,,
084212.14+463123.5,084212.14+463123.5,,UNSCORED,,,,,,,
075459.13+372253.4,075459.13+372253.4,,UNSCORED,,,,,,,
083734.69+425442.9,083734.69+425442.9,,UNSCORED,,,,,,,
084313.18+305329.6,084313.18+305329.6,,UNSCORED,,,,,,,
074900.62+490942.9,074900.62+490942.9,,UNSCORED,,,,,,,
080651.90+484600.2,080651.90+484600.2,,UNSCORED,,,,,,,
082737.11+311137.3,082737.11+311137.3,,UNSCORED,,,,,,,
081133.45+302431.8,081133.45+302431.8,,UNSCORED,,,,,,,
082615.95+512245.3,082615.95+512245.3,,UNSCORED,,,,,,,
082546.05+275640.3,082546.05+275640.3,,UNSCORED,,,,,,,
075850.93+220708.1,075850.93+220708.1,,UNSCORED,,,,,,,
075213.69+345036.5,075213.69+345036.5,,UNSCORED,,,,,,,
080233.29+370010.3,080233.29+370010.3,,UNSCORED,,,,,,,
084308.86+255606.6,084308.86+255606.6,,UNSCORED,,,,,,,
074942.16+210929.1,074942.16+210929.1,,UNSCORED,,,,,,,
084120.69+372006.0,084120.69+372006.0,,UNSCORED,,,,,,,
080500.40+341220.8,080500.40+341220.8,,UNSCORED,,,,,,,
082015.40+285209.5,082015.40+285209.5,,UNSCORED,,,,,,,
083752.55+393251.1,083752.55+393251.1,,UNSCORED,,,,,,,
080857.82+370133.0,080857.82+370133.0,,UNSCORED,,,,,,,
075623.41+145221.8,075623.41+145221.8,,UNSCORED,,,,,,,
080525.33+543202.2,080525.33+543202.2,,UNSCORED,,,,,,,
081323.40+331034.0,081323.40+331034.0,,UNSCORED,,,,,,,
083026.49+483923.2,083026.49+483923.2,,UNSCORED,,,,,,,
082144.01+274456.0,082144.01+274456.0,,UNSCORED,,,,,,,
080134.77+094048.9,080134.77+094048.9,,UNSCORED,,,,,,,
082532.67+205817.8,082532.67+205817.8,,UNSCORED,,,,,,,
083918.67+195745.2,083918.67+195745.2,,UNSCORED,,,,,,,
082154.15+124746.4,082154.15+124746.4,,UNSCORED,,,,,,,
082609.88+362213.5,082609.88+362213.5,,UNSCORED,,,,,,,
084356.43+365429.9,084356.43+365429.9,,UNSCORED,,,,,,,
080018.03+513532.2,080018.03+513532.2,,UNSCORED,,,,,,,
082639.03+565633.2,082639.03+565633.2,,UNSCORED,,,,,,,
075758.48+384919.2,075758.48+384919.2,,UNSCORED,,,,,,,
075606.17+423458.1,075606.17+423458.1,,UNSCORED,,,,,,,
074911.53+171637.7,074911.53+171637.7,,UNSCORED,,,,,,,
083602.85+325301.0,083602.85+325301.0,,UNSCORED,,,,,,,
083435.71+430112.4,083435.71+430112.4,,UNSCORED,,,,,,,
080509.02+213031.2,080509.02+213031.2,,UNSCORED,,,,,,,
081731.35+421731.8,081731.35+421731.8,,UNSCORED,,,,,,,
083224.81+330846.9,083224.81+330846.9,,UNSCORED,,,,,,,
080030.97+224639.6,080030.97+224639.6,,UNSCORED,,,,,,,
082618.32+550809.9,082618.32+550809.9,,UNSCORED,,,,,,,
080714.85+280410.0,080714.85+280410.0,,UNSCORED,,,,,,,
081350.78+342503.8,081350.78+342503.8,,UNSCORED,,,,,,,
081847.14+280842.8,081847.14+280842.8,,UNSCORED,,,,,,,
082818.46+412359.7,082818.46+412359.7,,UNSCORED,,,,,,,
084504.28+234415.4,084504.28+234415.4,,UNSCORED,,,,,,,
081650.24+452731.7,081650.24+452731.7,,UNSCORED,,,,,,,
084502.74+292712.6,084502.74+292712.6,,UNSCORED,,,,,,,
082426.72+512915.5,082426.72+512915.5,,UNSCORED,,,,,,,
081239.03+311225.3,081239.03+311225.3,,UNSCORED,,,,,,,
083016.00+252611.3,083016.00+252611.3,,UNSCORED,,,,,,,
080129.07+404650.7,080129.07+404650.7,,UNSCORED,,,,,,,
083509.91+274941.0,083509.91+274941.0,,UNSCORED,,,,,,,
081215.28+501155.0,081215.28+501155.0,,UNSCORED,,,,,,,
074857.73+221811.2,074857.73+221811.2,,UNSCORED,,,,,,,
082330.75+385242.5,082330.75+385242.5,,UNSCORED,,,,,,,
084406.39+083117.5,084406.39+083117.5,,UNSCORED,,,,,,,
080217.01+304214.7,080217.01+304214.7,,UNSCORED,,,,,,,
082608.71+600009.3,082608.71+600009.3,,UNSCORED,,,,,,,
081633.41+375936.1,081633.41+375936.1,,UNSCORED,,,,,,,
075925.15+133028.5,075925.15+133028.5,,UNSCORED,,,,,,,
082040.41+302905.5,082040.41+302905.5,,UNSCORED,,,,,,,
074848.93+282303.1,074848.93+282303.1,,UNSCORED,,,,,,,
080628.23+415520.2,080628.23+415520.2,,UNSCORED,,,,,,,
084321.58+274929.3,084321.58+274929.3,,UNSCORED,,,,,,,
084104.66+024258.4,084104.66+024258.4,,UNSCORED,,,,,,,
083201.50+132502.0,083201.50+132502.0,,UNSCORED,,,,,,,
083814.32+221914.9,083814.32+221914.9,,UNSCORED,,,,,,,
081521.57+464200.8,081521.57+464200.8,,UNSCORED,,,,,,,
082827.68+055417.1,082827.68+055417.1,,UNSCORED,,,,,,,
080532.60+520754.5,080532.60+520754.5,,UNSCORED,,,,,,,
084000.46+475115.2,084000.46+475115.2,,UNSCORED,,,,,,,
081229.82+304224.5,081229.82+304224.5,,UNSCORED,,,,,,,
075822.50+462938.7,075822.50+462938.7,,UNSCORED,,,,,,,
083520.95+452534.0,083520.95+452534.0,,UNSCORED,,,,,,,
080130.32+353405.5,080130.32+353405.5,,UNSCORED,,,,,,,
081414.30+035434.5,081414.30+035434.5,,UNSCORED,,,,,,,
080646.49+312851.4,080646.49+312851.4,,UNSCORED,,,,,,,
075849.11+424841.6,075849.11+424841.6,,UNSCORED,,,,,,,
082022.98+230247.5,082022.98+230247.5,,UNSCORED,,,,,,,
081723.87+551856.0,081723.87+551856.0,,UNSCORED,,,,,,,
080754.71+063812.4,080754.71+063812.4,,UNSCORED,,,,,,,
081909.67+241712.6,081909.67+241712.6,,UNSCORED,,,,,,,
075656.16+250640.9,075656.16+250640.9,,UNSCORED,,,,,,,
075131.53+463001.1,075131.53+463001.1,,UNSCORED,,,,,,,
075413.23+245929.2,075413.23+245929.2,,UNSCORED,,,,,,,
075955.73+072248.8,075955.73+072248.8,,UNSCORED,,,,,,,
081449.05+141608.8,081449.05+141608.8,,UNSCORED,,,,,,,
075801.45+510201.0,075801.45+510201.0,,UNSCORED,,,,,,,
081710.99+311250.6,081710.99+311250.6,,UNSCORED,,,,,,,
081203.63+021956.4,081203.63+021956.4,,UNSCORED,,,,,,,
084443.01+273206.2,084443.01+273206.2,,UNSCORED,,,,,,,
082854.57+472355.4,082854.57+472355.4,,UNSCORED,,,,,,,
081646.75+494214.5,081646.75+494214.5,,UNSCORED,,,,,,,
082753.99+252322.5,082753.99+252322.5,,UNSCORED,,,,,,,
083302.08+501648.9,083302.08+501648.9,,UNSCORED,,,,,,,
083626.60+571608.8,083626.60+571608.8,,UNSCORED,,,,,,,
075301.61+172514.8,075301.61+172514.8,,UNSCORED,,,,,,,
082151.62+281436.4,082151.62+281436.4,,UNSCORED,,,,,,,
075745.74+261117.4,075745.74+261117.4,,UNSCORED,,,,,,,
083609.56+460052.3,083609.56+460052.3,,UNSCORED,,,,,,,
082841.95+260149.3,082841.95+260149.3,,UNSCORED,,,,,,,
082526.51+052640.3,082526.51+052640.3,,UNSCORED,,,,,,,
080407.53+381507.9,080407.53+381507.9,,UNSCORED,,,,,,,
082702.08+040620.1,082702.08+040620.1,,UNSCORED,,,,,,,
083518.45+044714.2,083518.45+044714.2,,UNSCORED,,,,,,,
080527.81+324649.3,080527.81+324649.3,,UNSCORED,,,,,,,
083706.08+105458.7,083706.08+105458.7,,UNSCORED,,,,,,,
074937.71+342444.3,074937.71+342444.3,,UNSCORED,,,,,,,
083350.09+330116.4,083350.09+330116.4,,UNSCORED,,,,,,,
080351.65+522738.2,080351.65+522738.2,,UNSCORED,,,,,,,
080739.97+242011.2,080739.97+242011.2,,UNSCORED,,,,,,,
082757.20+530910.7,082757.20+530910.7,,UNSCORED,,,,,,,
080352.89+165633.2,080352.89+165633.2,,UNSCORED,,,,,,,
082823.37+301947.4,082823.37+301947.4,,UNSCORED,,,,,,,
074946.85+323444.2,074946.85+323444.2,,UNSCORED,,,,,,,
083940.51+583938.5,083940.51+583938.5,,UNSCORED,,,,,,,
081955.44+283106.0,081955.44+283106.0,,UNSCORED,,,,,,,
083037.51+393756.6,083037.51+393756.6,,UNSCORED,,,,,,,
081038.41+482648.6,081038.41+482648.6,,UNSCORED,,,,,,,
075012.53+344040.6,075012.53+344040.6,,UNSCORED,,,,,,,
083752.23+420037.9,083752.23+420037.9,,UNSCORED,,,,,,,
075206.03+273929.6,075206.03+273929.6,,UNSCORED,,,,,,,
082943.84+150304.6,082943.84+150304.6,,UNSCORED,,,,,,,
081758.95+122710.9,081758.95+122710.9,,UNSCORED,,,,,,,
075356.57+512237.1,075356.57+512237.1,,UNSCORED,,,,,,,
082707.41+213421.1,082707.41+213421.1,,UNSCORED,,,,,,,
074954.82+262127.5,074954.82+262127.5,,UNSCORED,,,,,,,
075453.08+431145.0,075453.08+431145.0,,UNSCORED,,,,,,,
080958.18+504627.5,080958.18+504627.5,,UNSCORED,,,,,,,
082336.12+154406.0,082336.12+154406.0,,UNSCORED,,,,,,,
083729.61+482135.0,083729.61+482135.0,,UNSCORED,,,,,,,
081954.33+172026.9,081954.33+172026.9,,UNSCORED,,,,,,,
075423.42+271626.4,075423.42+271626.4,,UNSCORED,,,,,,,
080151.78+553614.2,080151.78+553614.2,,UNSCORED,,,,,,,
084512.27+513501.9,084512.27+513501.9,,UNSCORED,,,,,,,
081631.28+275902.3,081631.28+275902.3,,UNSCORED,,,,,,,
083235.33+352824.7,083235.33+352824.7,,UNSCORED,,,,,,,
083050.35-003050.4,083050.35-003050.4,,UNSCORED,,,,,,,
075715.96+431355.9,075715.96+431355.9,,UNSCORED,,,,,,,
080447.39+255212.7,080447.39+255212.7,,UNSCORED,,,,,,,
082634.50+375002.8,082634.50+375002.8,,UNSCORED,,,,,,,
082308.07+462816.3,082308.07+462816.3,,UNSCORED,,,,,,,
084115.24+080655.4,084115.24+080655.4,,UNSCORED,,,,,,,
082804.48+134701.5,082804.48+134701.5,,UNSCORED,,,,,,,
074945.59+205810.6,074945.59+205810.6,,UNSCORED,,,,,,,
081131.13-001045.9,081131.13-001045.9,,UNSCORED,,,,,,,
083819.04+355236.2,083819.04+355236.2,,UNSCORED,,,,,,,
081116.74+530441.6,081116.74+530441.6,,UNSCORED,,,,,,,
083220.36+534242.4,083220.36+534242.4,,UNSCORED,,,,,,,
081437.38+085620.8,081437.38+085620.8,,UNSCORED,,,,,,,
083834.31+414838.6,083834.31+414838.6,,UNSCORED,,,,,,,
084336.26+221530.0,084336.26+221530.0,,UNSCORED,,,,,,,
075237.18+313944.6,075237.18+313944.6,,UNSCORED,,,,,,,
083042.02+514858.7,083042.02+514858.7,,UNSCORED,,,,,,,
080835.40+482021.0,080835.40+482021.0,,UNSCORED,,,,,,,
083556.60+255508.8,083556.60+255508.8,,UNSCORED,,,,,,,
081849.10+391322.3,081849.10+391322.3,,UNSCORED,,,,,,,
081137.26+314255.9,081137.26+314255.9,,UNSCORED,,,,,,,
083857.91+323814.8,083857.91+323814.8,,UNSCORED,,,,,,,
083153.25+394704.0,083153.25+394704.0,,UNSCORED,,,,,,,
083725.52+075542.4,083725.52+075542.4,,UNSCORED,,,,,,,
082912.59+042434.6,082912.59+042434.6,,UNSCORED,,,,,,,
075452.56+420054.4,075452.56+420054.4,,UNSCORED,,,,,,,
075547.83+220450.1,075547.83+220450.1,,UNSCORED,,,,,,,
081014.80+281613.9,081014.80+281613.9,,UNSCORED,,,,,,,
080143.02+365838.4,080143.02+365838.4,,UNSCORED,,,,,,,
075749.78+225519.3,075749.78+225519.3,,UNSCORED,,,,,,,
081308.33+072259.1,081308.33+072259.1,,UNSCORED,,,,,,,
082645.36+390048.6,082645.36+390048.6,,UNSCORED,,,,,,,
084108.42+203236.0,084108.42+203236.0,,UNSCORED,,,,,,,
075010.57+204114.2,075010.57+204114.2,,UNSCORED,,,,,,,
075421.44+353321.6,075421.44+353321.6,,UNSCORED,,,,,,,
080903.68+341817.5,080903.68+341817.5,,UNSCORED,,,,,,,
081602.03+034611.1,081602.03+034611.1,,UNSCORED,,,,,,,
081337.20+325932.1,081337.20+325932.1,,UNSCORED,,,,,,,
081549.03+551101.5,081549.03+551101.5,,UNSCORED,,,,,,,
074923.85+354059.9,074923.85+354059.9,,UNSCORED,,,,,,,
082938.19+390843.3,082938.19+390843.3,,UNSCORED,,,,,,,
080947.19+255927.5,080947.19+255927.5,,UNSCORED,,,,,,,
081359.19+384535.6,081359.19+384535.6,,UNSCORED,,,,,,,
081548.01+145941.5,081548.01+145941.5,,UNSCORED,,,,,,,
075449.90+511816.8,075449.90+511816.8,,UNSCORED,,,,,,,
080611.16+060142.2,080611.16+060142.2,,UNSCORED,,,,,,,
080154.19+481256.5,080154.19+481256.5,,UNSCORED,,,,,,,
083416.44+370029.0,083416.44+370029.0,,UNSCORED,,,,,,,
080208.48+504144.3,080208.48+504144.3,,UNSCORED,,,,,,,
080147.83+541524.4,080147.83+541524.4,,UNSCORED,,,,,,,
081254.46+330657.4,081254.46+330657.4,,UNSCORED,,,,,,,
083107.07+330221.2,083107.07+330221.2,,UNSCORED,,,,,,,
082759.49+370105.0,082759.49+370105.0,,UNSCORED,,,,,,,
084451.44+531008.9,084451.44+531008.9,,UNSCORED,,,,,,,
083525.06+303246.9,083525.06+303246.9,,UNSCORED,,,,,,,
075944.59+270218.6,075944.59+270218.6,,UNSCORED,,,,,,,
083050.99+522707.5,083050.99+522707.5,,UNSCORED,,,,,,,
083602.65+031303.6,083602.65+031303.6,,UNSCORED,,,,,,,
080404.19+511651.1,080404.19+511651.1,,UNSCORED,,,,,,,
080320.36+253046.1,080320.36+253046.1,,UNSCORED,,,,,,,
081140.69+080347.7,081140.69+080347.7,,UNSCORED,,,,,,,
084324.63+523154.5,084324.63+523154.5,,UNSCORED,,,,,,,
083805.67+415526.1,083805.67+415526.1,,UNSCORED,,,,,,,
074840.22+232642.5,074840.22+232642.5,,UNSCORED,,,,,,,
081321.61+523555.8,081321.61+523555.8,,UNSCORED,,,,,,,
081313.84+320230.6,081313.84+320230.6,,UNSCORED,,,,,,,
081447.55+483638.1,081447.55+483638.1,,UNSCORED,,,,,,,
082621.62+190720.7,082621.62+190720.7,,UNSCORED,,,,,,,
084329.45+285946.5,084329.45+285946.5,,UNSCORED,,,,,,,
080806.61+281547.7,080806.61+281547.7,,UNSCORED,,,,,,,
075220.11+490222.8,075220.11+490222.8,,UNSCORED,,,,,,,
082040.93+422251.2,082040.93+422251.2,,UNSCORED,,,,,,,
083235.09+353707.0,083235.09+353707.0,,UNSCORED,,,,,,,
083558.62+563831.5,083558.62+563831.5,,UNSCORED,,,,,,,
083146.63+405950.1,083146.63+405950.1,,UNSCORED,,,,,,,
082707.52+055635.6,082707.52+055635.6,,UNSCORED,,,,,,,
083630.72+021719.6,083630.72+021719.6,,UNSCORED,,,,,,,
082800.26+000924.1,082800.26+000924.1,,UNSCORED,,,,,,,
084036.16+235524.7,084036.16+235524.7,,UNSCORED,,,,,,,
080620.42+271009.1,080620.42+271009.1,,UNSCORED,,,,,,,
083007.43+124309.5,083007.43+124309.5,,UNSCORED,,,,,,,
080039.65+460434.6,080039.65+460434.6,,UNSCORED,,,,,,,
084342.71+520649.0,084342.71+520649.0,,UNSCORED,,,,,,,
082613.83+065826.4,082613.83+065826.4,,UNSCORED,,,,,,,
074844.99+305943.1,074844.99+305943.1,,UNSCORED,,,,,,,
080330.16+471834.4,080330.16+471834.4,,UNSCORED,,,,,,,
075850.72+291212.5,075850.72+291212.5,,UNSCORED,,,,,,,
082748.18+204204.0,082748.18+204204.0,,UNSCORED,,,,,,,
082204.67+340719.1,082204.67+340719.1,,UNSCORED,,,,,,,
083403.80+491655.9,083403.80+491655.9,,UNSCORED,,,,,,,
082245.44+182403.2,082245.44+182403.2,,UNSCORED,,,,,,,
075622.81+272352.1,075622.81+272352.1,,UNSCORED,,,,,,,
081348.95+552242.3,081348.95+552242.3,,UNSCORED,,,,,,,
081447.96+242446.5,081447.96+242446.5,,UNSCORED,,,,,,,
083626.58+493733.5,083626.58+493733.5,,UNSCORED,,,,,,,
075804.47+200402.9,075804.47+200402.9,,UNSCORED,,,,,,,
083643.60+343237.6,083643.60+343237.6,,UNSCORED,,,,,,,
075301.23+293303.7,075301.23+293303.7,,UNSCORED,,,,,,,
075824.27+145752.4,075824.27+145752.4,,UNSCORED,,,,,,,
082824.77+253725.1,082824.77+253725.1,,UNSCORED,,,,,,,
081908.91+512942.7,081908.91+512942.7,,UNSCORED,,,,,,,
080101.60+142234.7,080101.60+142234.7,,UNSCORED,,,,,,,
083247.59+164008.8,083247.59+164008.8,,UNSCORED,,,,,,,
082920.04+555525.8,082920.04+555525.8,,UNSCORED,,,,,,,
082446.25+385106.6,082446.25+385106.6,,UNSCORED,,,,,,,
083926.28+230645.9,083926.28+230645.9,,UNSCORED,,,,,,,
080232.38+375217.8,080232.38+375217.8,,UNSCORED,,,,,,,
080141.21+322048.8,080141.21+322048.8,,UNSCORED,,,,,,,
082636.84+012137.7,082636.84+012137.7,,UNSCORED,,,,,,,
081803.73+155609.6,081803.73+155609.6,,UNSCORED,,,,,,,
081025.72+510235.2,081025.72+510235.2,,UNSCORED,,,,,,,
075134.51+424336.6,075134.51+424336.6,,UNSCORED,,,,,,,
081252.57+334651.6,081252.57+334651.6,,UNSCORED,,,,,,,
082041.39+432521.7,082041.39+432521.7,,UNSCORED,,,,,,,
081416.15+094607.3,081416.15+094607.3,,UNSCORED,,,,,,,
075927.34+083914.4,075927.34+083914.4,,UNSCORED,,,,,,,
081801.59+445225.3,081801.59+445225.3,,UNSCORED,,,,,,,
080551.82+213555.8,080551.82+213555.8,,UNSCORED,,,,,,,
080721.50+485324.7,080721.50+485324.7,,UNSCORED,,,,,,,
084026.12+192629.5,084026.12+192629.5,,UNSCORED,,,,,,,
081924.08+203910.6,081924.08+203910.6,,UNSCORED,,,,,,,
083536.43+401438.8,083536.43+401438.8,,UNSCORED,,,,,,,
084427.03+010052.8,084427.03+010052.8,,UNSCORED,,,,,,,
080736.26+063404.1,080736.26+063404.1,,UNSCORED,,,,,,,
080742.96+131728.3,080742.96+131728.3,,UNSCORED,,,,,,,
081705.93+143903.3,081705.93+143903.3,,UNSCORED,,,,,,,
084356.24+462423.9,084356.24+462423.9,,UNSCORED,,,,,,,
083258.95+004544.5,083258.95+004544.5,,UNSCORED,,,,,,,
075908.54+124925.4,075908.54+124925.4,,UNSCORED,,,,,,,
080717.84+261634.8,080717.84+261634.8,,UNSCORED,,,,,,,
080953.55+421419.2,080953.55+421419.2,,UNSCORED,,,,,,,
080632.38+370447.6,080632.38+370447.6,,UNSCORED,,,,,,,
083229.25+261007.8,083229.25+261007.8,,UNSCORED,,,,,,,
080304.10+214340.0,080304.10+214340.0,,UNSCORED,,,,,,,
075800.36+350122.2,075800.36+350122.2,,UNSCORED,,,,,,,
083912.41+363431.0,083912.41+363431.0,,UNSCORED,,,,,,,
082820.89+560128.7,082820.89+560128.7,,UNSCORED,,,,,,,
080952.53+493435.7,080952.53+493435.7,,UNSCORED,,,,,,,
082002.67+032834.6,082002.67+032834.6,,UNSCORED,,,,,,,
081434.08+211715.9,081434.08+211715.9,,UNSCORED,,,,,,,
080803.76+340508.7,080803.76+340508.7,,UNSCORED,,,,,,,
075047.15+315439.6,075047.15+315439.6,,UNSCORED,,,,,,,
081129.26+223643.8,081129.26+223643.8,,UNSCORED,,,,,,,
075848.52+060530.8,075848.52+060530.8,,UNSCORED,,,,,,,
083531.99+264443.4,083531.99+264443.4,,UNSCORED,,,,,,,
082336.25+483155.9,082336.25+483155.9,,UNSCORED,,,,,,,
080303.73+271557.4,080303.73+271557.4,,UNSCORED,,,,,,,
080833.08+241933.8,080833.08+241933.8,,UNSCORED,,,,,,,
082519.61+430532.2,082519.61+430532.2,,UNSCORED,,,,,,,
083713.54+435323.3,083713.54+435323.3,,UNSCORED,,,,,,,
084016.25+472607.5,084016.25+472607.5,,UNSCORED,,,,,,,
083721.34+033802.9,083721.34+033802.9,,UNSCORED,,,,,,,
082211.48+343755.8,082211.48+343755.8,,UNSCORED,,,,,,,
081957.46+404829.3,081957.46+404829.3,,UNSCORED,,,,,,,
082140.11+493607.5,082140.11+493607.5,,UNSCORED,,,,,,,
075706.95+453818.2,075706.95+453818.2,,UNSCORED,,,,,,,
083608.63+543316.7,083608.63+543316.7,,UNSCORED,,,,,,,
082152.70+380034.2,082152.70+380034.2,,UNSCORED,,,,,,,
083547.95+391720.5,083547.95+391720.5,,UNSCORED,,,,,,,
084217.08+451128.4,084217.08+451128.4,,UNSCORED,,,,,,,
080056.57+131333.5,080056.57+131333.5,,UNSCORED,,,,,,,
084505.14+195752.1,084505.14+195752.1,,UNSCORED,,,,,,,
082723.92+364250.6,082723.92+364250.6,,UNSCORED,,,,,,,
082501.21+012919.6,082501.21+012919.6,,UNSCORED,,,,,,,
082724.58+312532.1,082724.58+312532.1,,UNSCORED,,,,,,,
084246.14+481501.2,084246.14+481501.2,,UNSCORED,,,,,,,
075135.95+162201.9,075135.95+162201.9,,UNSCORED,,,,,,,
080129.46+443838.6,080129.46+443838.6,,UNSCORED,,,,,,,
081937.11+333352.6,081937.11+333352.6,,UNSCORED,,,,,,,
081626.18+232647.0,081626.18+232647.0,,UNSCORED,,,,,,,
080004.76+302405.6,080004.76+302405.6,,UNSCORED,,,,,,,
082122.62+175820.5,082122.62+175820.5,,UNSCORED,,,,,,,
080753.17+280004.5,080753.17+280004.5,,UNSCORED,,,,,,,
082024.26+224604.7,082024.26+224604.7,,UNSCORED,,,,,,,
075941.34+403404.6,075941.34+403404.6,,UNSCORED,,,,,,,
080853.91+313856.1,080853.91+313856.1,,UNSCORED,,,,,,,
082651.47+265943.7,082651.47+265943.7,,UNSCORED,,,,,,,
084237.88+230857.0,084237.88+230857.0,,UNSCORED,,,,,,,
082649.85+281616.4,082649.85+281616.4,,UNSCORED,,,,,,,
082810.72+090018.5,082810.72+090018.5,,UNSCORED,,,,,,,
080628.04+281031.7,080628.04+281031.7,,UNSCORED,,,,,,,
080525.34+231738.7,080525.34+231738.7,,UNSCORED,,,,,,,
081835.87+224947.3,081835.87+224947.3,,UNSCORED,,,,,,,
368414254472822272,368414254472822272,,UNSCORED,,,,,,,
371438465500706688,371438465500706688,,UNSCORED,,,,,,,
370502639370147200,370502639370147200,,UNSCORED,,,,,,,
371416543987702912,371416543987702912,,UNSCORED,,,,,,,
368260258421289856,368260258421289856,,UNSCORED,,,,,,,
368550976167043840,368550976167043840,,UNSCORED,,,,,,,
368458376671504256,368458376671504256,,UNSCORED,,,,,,,
370482504563457664,370482504563457664,,UNSCORED,,,,,,,
373849213463922688,373849213463922688,,UNSCORED,,,,,,,
369116395725654016,369116395725654016,,UNSCORED,,,,,,,
368974975338635648,368974975338635648,,UNSCORED,,,,,,,
371448872205201024,371448872205201024,,UNSCORED,,,,,,,
369078673030610816,369078673030610816,,UNSCORED,,,,,,,
373870550860289024,373870550860289024,,UNSCORED,,,,,,,
368081484702315008,368081484702315008,,UNSCORED,,,,,,,
370657120753814272,370657120753814272,,UNSCORED,,,,,,,
372098447355051136,372098447355051136,,UNSCORED,,,,,,,
371257144864952576,371257144864952576,,UNSCORED,,,,,,,
372964484560907520,372964484560907520,,UNSCORED,,,,,,,
371202238003035136,371202238003035136,,UNSCORED,,,,,,,
373835052955488000,373835052955488000,,UNSCORED,,,,,,,
373071132892351872,373071132892351872,,UNSCORED,,,,,,,
368197414459175168,368197414459175168,,UNSCORED,,,,,,,
371402215976527616,371402215976527616,,UNSCORED,,,,,,,
368200953512217344,368200953512217344,,UNSCORED,,,,,,,
368386770977357184,368386770977357184,,UNSCORED,,,,,,,
368530115510140032,368530115510140032,,UNSCORED,,,,,,,
368646663743573504,368646663743573504,,UNSCORED,,,,,,,
370707698288719488,370707698288719488,,UNSCORED,,,,,,,
368654433339676032,368654433339676032,,UNSCORED,,,,,,,
372413938472999168,372413938472999168,,UNSCORED,,,,,,,
368019946411305728,368019946411305728,,UNSCORED,,,,,,,
373808497173928960,373808497173928960,,UNSCORED,,,,,,,
368033759025610368,368033759025610368,,UNSCORED,,,,,,,
368938416577177216,368938416577177216,,UNSCORED,,,,,,,
370983783082813696,370983783082813696,,UNSCORED,,,,,,,
368358419897987968,368358419897987968,,UNSCORED,,,,,,,
370755703139484672,370755703139484672,,UNSCORED,,,,,,,
368008607697116800,368008607697116800,,UNSCORED,,,,,,,
368495618332815360,368495618332815360,,UNSCORED,,,,,,,
370585480699514880,370585480699514880,,UNSCORED,,,,,,,
368080243456187904,368080243456187904,,UNSCORED,,,,,,,
369050772923100800,369050772923100800,,UNSCORED,,,,,,,
370745360858230528,370745360858230528,,UNSCORED,,,,,,,
370550644220699776,370550644220699776,,UNSCORED,,,,,,,
371281029179433472,371281029179433472,,UNSCORED,,,,,,,
368884712306195328,368884712306195328,,UNSCORED,,,,,,,
368279392499218304,368279392499218304,,UNSCORED,,,,,,,
373182187863084928,373182187863084928,,UNSCORED,,,,,,,
370752129726681344,370752129726681344,,UNSCORED,,,,,,,
368455146856684160,368455146856684160,,UNSCORED,,,,,,,
371476914047746688,371476914047746688,,UNSCORED,,,,,,,
373815609639748352,373815609639748352,,UNSCORED,,,,,,,
370697429023108864,370697429023108864,,UNSCORED,,,,,,,
371512167139444096,371512167139444096,,UNSCORED,,,,,,,
373070656152355200,373070656152355200,,UNSCORED,,,,,,,
369167492955489280,369167492955489280,,UNSCORED,,,,,,,
370969833028925952,370969833028925952,,UNSCORED,,,,,,,
368188515287114624,368188515287114624,,UNSCORED,,,,,,,
368795514425311616,368795514425311616,,UNSCORED,,,,,,,
368034308781423104,368034308781423104,,UNSCORED,,,,,,,
368496997018194176,368496997018194176,,UNSCORED,,,,,,,
369211542140158592,369211542140158592,,UNSCORED,,,,,,,
373945833048173696,373945833048173696,,UNSCORED,,,,,,,
371051471767406720,371051471767406720,,UNSCORED,,,,,,,
368929792283497216,368929792283497216,,UNSCORED,,,,,,,
371261237970082176,371261237970082176,,UNSCORED,,,,,,,
368602240897172352,368602240897172352,,UNSCORED,,,,,,,
372018625387403392,372018625387403392,,UNSCORED,,,,,,,
368917491496569728,368917491496569728,,UNSCORED,,,,,,,
370894035446252928,370894035446252928,,UNSCORED,,,,,,,
373070381274452096,373070381274452096,,UNSCORED,,,,,,,
369000813861876864,369000813861876864,,UNSCORED,,,,,,,
372214789429002624,372214789429002624,,UNSCORED,,,,,,,
373030180380491008,373030180380491008,,UNSCORED,,,,,,,
368768095354120320,368768095354120320,,UNSCORED,,,,,,,
368247476597952000,368247476597952000,,UNSCORED,,,,,,,
371150462173677696,371150462173677696,,UNSCORED,,,,,,,
373982632328044160,373982632328044160,,UNSCORED,,,,,,,
368646942916733056,368646942916733056,,UNSCORED,,,,,,,
371283262562278528,371283262562278528,,UNSCORED,,,,,,,
371528415000726784,371528415000726784,,UNSCORED,,,,,,,
368459235665678848,368459235665678848,,UNSCORED,,,,,,,
371507700373294592,371507700373294592,,UNSCORED,,,,,,,
369156532198759040,369156532198759040,,UNSCORED,,,,,,,
371149534460748544,371149534460748544,,UNSCORED,,,,,,,
368611174428929920,368611174428929920,,UNSCORED,,,,,,,
370737217600230528,370737217600230528,,UNSCORED,,,,,,,
373021453007152512,373021453007152512,,UNSCORED,,,,,,,
371527938259529600,371527938259529600,,UNSCORED,,,,,,,
371249345204325888,371249345204325888,,UNSCORED,,,,,,,
368790807141047552,368790807141047552,,UNSCORED,,,,,,,
368698581307479168,368698581307479168,,UNSCORED,,,,,,,
370760685301526656,370760685301526656,,UNSCORED,,,,,,,
371519073446803328,371519073446803328,,UNSCORED,,,,,,,
369090630219083520,369090630219083520,,UNSCORED,,,,,,,
371032883148990592,371032883148990592,,UNSCORED,,,,,,,
368397594294996224,368397594294996224,,UNSCORED,,,,,,,
368846401197665920,368846401197665920,,UNSCORED,,,,,,,
371520379116844288,371520379116844288,,UNSCORED,,,,,,,
368568740151766400,368568740151766400,,UNSCORED,,,,,,,
368959135499272192,368959135499272192,,UNSCORED,,,,,,,
369281425550374528,369281425550374528,,UNSCORED,,,,,,,
371523883810406528,371523883810406528,,UNSCORED,,,,,,,
368059253951422208,368059253951422208,,UNSCORED,,,,,,,
368731085620532736,368731085620532736,,UNSCORED,,,,,,,
368987104326416512,368987104326416512,,UNSCORED,,,,,,,
370478729288442368,370478729288442368,,UNSCORED,,,,,,,
371060474018745728,371060474018745728,,UNSCORED,,,,,,,
373199848768414720,373199848768414720,,UNSCORED,,,,,,,
367983933109022208,367983933109022208,,UNSCORED,,,,,,,
368427521627268864,368427521627268864,,UNSCORED,,,,,,,
368074814617569792,368074814617569792,,UNSCORED,,,,,,,
371308345171397760,371308345171397760,,UNSCORED,,,,,,,
369672787265074176,369672787265074176,,UNSCORED,,,,,,,
368288845723043968,368288845723043968,,UNSCORED,,,,,,,
369243256178304128,369243256178304128,,UNSCORED,,,,,,,
369192369406116224,369192369406116224,,UNSCORED,,,,,,,
367966242139533440,367966242139533440,,UNSCORED,,,,,,,
369836923735590144,369836923735590144,,UNSCORED,,,,,,,
373072850879750272,373072850879750272,,UNSCORED,,,,,,,
371515598817872000,371515598817872000,,UNSCORED,,,,,,,
367986853686786944,367986853686786944,,UNSCORED,,,,,,,
370932101740610176,370932101740610176,,UNSCORED,,,,,,,
368365467939813376,368365467939813376,,UNSCORED,,,,,,,
368989333413612928,368989333413612928,,UNSCORED,,,,,,,
371213233119494144,371213233119494144,,UNSCORED,,,,,,,
371179530512314240,371179530512314240,,UNSCORED,,,,,,,
373085563982970240,373085563982970240,,UNSCORED,,,,,,,
371008178495828608,371008178495828608,,UNSCORED,,,,,,,
373962252707502720,373962252707502720,,UNSCORED,,,,,,,
373881644761640192,373881644761640192,,UNSCORED,,,,,,,
371252643739799936,371252643739799936,,UNSCORED,,,,,,,
369095092688604416,369095092688604416,,UNSCORED,,,,,,,
368527813408060288,368527813408060288,,UNSCORED,,,,,,,
371274672627855104,371274672627855104,,UNSCORED,,,,,,,
369035238036349056,369035238036349056,,UNSCORED,,,,,,,
371460799330621696,371460799330621696,,UNSCORED,,,,,,,
368810353536251520,368810353536251520,,UNSCORED,,,,,,,
369004314259657728,369004314259657728,,UNSCORED,,,,,,,
371152729916409344,371152729916409344,,UNSCORED,,,,,,,
373839725880611968,373839725880611968,,UNSCORED,,,,,,,
368418686879389824,368418686879389824,,UNSCORED,,,,,,,
368544855838546816,368544855838546816,,UNSCORED,,,,,,,
369202466872377472,369202466872377472,,UNSCORED,,,,,,,
368608425650061312,368608425650061312,,UNSCORED,,,,,,,
368669890928141056,368669890928141056,,UNSCORED,,,,,,,
369101247378712960,369101247378712960,,UNSCORED,,,,,,,
370507209215668736,370507209215668736,,UNSCORED,,,,,,,
373975107546119808,373975107546119808,,UNSCORED,,,,,,,
371209556627591424,371209556627591424,,UNSCORED,,,,,,,
370680455312505856,370680455312505856,,UNSCORED,,,,,,,
373191052675404288,373191052675404288,,UNSCORED,,,,,,,
370548445197544320,370548445197544320,,UNSCORED,,,,,,,
373964520450314624,373964520450314624,,UNSCORED,,,,,,,
370818130488738176,370818130488738176,,UNSCORED,,,,,,,
371358746611591808,371358746611591808,,UNSCORED,,,,,,,
368408795569695232,368408795569695232,,UNSCORED,,,,,,,
371128398926724480,371128398926724480,,UNSCORED,,,,,,,
370671483125436416,370671483125436416,,UNSCORED,,,,,,,
370627678754389376,370627678754389376,,UNSCORED,,,,,,,
371291951280828800,371291951280828800,,UNSCORED,,,,,,,
368864813722662272,368864813722662272,,UNSCORED,,,,,,,
373980154131433984,373980154131433984,,UNSCORED,,,,,,,
373183145639606784,373183145639606784,,UNSCORED,,,,,,,
368553140830461056,368553140830461056,,UNSCORED,,,,,,,
371513232291322752,371513232291322752,,UNSCORED,,,,,,,
373170947932433280,373170947932433280,,UNSCORED,,,,,,,
368572618506319232,368572618506319232,,UNSCORED,,,,,,,
373930126352721152,373930126352721152,,UNSCORED,,,,,,,
372988154125548032,372988154125548032,,UNSCORED,,,,,,,
368944150357887360,368944150357887360,,UNSCORED,,,,,,,
370593074201997056,370593074201997056,,UNSCORED,,,,,,,
368684390735285120,368684390735285120,,UNSCORED,,,,,,,
369071869803364224,369071869803364224,,UNSCORED,,,,,,,
369103923141364096,369103923141364096,,UNSCORED,,,,,,,
369095230127617664,369095230127617664,,UNSCORED,,,,,,,
368911027570760320,368911027570760320,,UNSCORED,,,,,,,
371442756172065920,371442756172065920,,UNSCORED,,,,,,,
369029637386717952,369029637386717952,,UNSCORED,,,,,,,
373232383145335296,373232383145335296,,UNSCORED,,,,,,,
368320662840051584,368320662840051584,,UNSCORED,,,,,,,
369010189774944640,369010189774944640,,UNSCORED,,,,,,,
368654772642060416,368654772642060416,,UNSCORED,,,,,,,
368957520591571968,368957520591571968,,UNSCORED,,,,,,,
369012560596923008,369012560596923008,,UNSCORED,,,,,,,
368863404973259520,368863404973259520,,UNSCORED,,,,,,,
368701639324396032,368701639324396032,,UNSCORED,,,,,,,
371070438343003008,371070438343003008,,UNSCORED,,,,,,,
367982936676582784,367982936676582784,,UNSCORED,,,,,,,
367981046890935040,367981046890935040,,UNSCORED,,,,,,,
368712703160364160,368712703160364160,,UNSCORED,,,,,,,
371146442083492096,371146442083492096,,UNSCORED,,,,,,,
373882297596715136,373882297596715136,,UNSCORED,,,,,,,
368086604303306496,368086604303306496,,UNSCORED,,,,,,,
368288291671843712,368288291671843712,,UNSCORED,,,,,,,
368052897400036608,368052897400036608,,UNSCORED,,,,,,,
367996066392893440,367996066392893440,,UNSCORED,,,,,,,
371305390233379328,371305390233379328,,UNSCORED,,,,,,,
368433530286397824,368433530286397824,,UNSCORED,,,,,,,
369184565446737664,369184565446737664,,UNSCORED,,,,,,,
368012142454285824,368012142454285824,,UNSCORED,,,,,,,
368118451484966784,368118451484966784,,UNSCORED,,,,,,,
368880997158145664,368880997158145664,,UNSCORED,,,,,,,
368659239414691072,368659239414691072,,UNSCORED,,,,,,,
368353373311144576,368353373311144576,,UNSCORED,,,,,,,
373809248794770560,373809248794770560,,UNSCORED,,,,,,,
369097605245244288,369097605245244288,,UNSCORED,,,,,,,
368460227803357824,368460227803357824,,UNSCORED,,,,,,,
370664336298984064,370664336298984064,,UNSCORED,,,,,,,
370715704108942080,370715704108942080,,UNSCORED,,,,,,,
368313305563939584,368313305563939584,,UNSCORED,,,,,,,
369009055903592960,369009055903592960,,UNSCORED,,,,,,,
368127556815786752,368127556815786752,,UNSCORED,,,,,,,
370494534768103168,370494534768103168,,UNSCORED,,,,,,,
368115221674755328,368115221674755328,,UNSCORED,,,,,,,
370975395011408640,370975395011408640,,UNSCORED,,,,,,,
368056260358304128,368056260358304128,,UNSCORED,,,,,,,
370472265362637440,370472265362637440,,UNSCORED,,,,,,,
369281081952953856,369281081952953856,,UNSCORED,,,,,,,
370501269276932608,370501269276932608,,UNSCORED,,,,,,,
370474704903965312,370474704903965312,,UNSCORED,,,,,,,
373808153576548224,373808153576548224,,UNSCORED,,,,,,,
369280261617490304,369280261617490304,,UNSCORED,,,,,,,
368580864843479680,368580864843479680,,UNSCORED,,,,,,,
368598113432310016,368598113432310016,,UNSCORED,,,,,,,
370689835520474368,370689835520474368,,UNSCORED,,,,,,,
368537571574165760,368537571574165760,,UNSCORED,,,,,,,
370745498296234240,370745498296234240,,UNSCORED,,,,,,,
369160105608269696,369160105608269696,,UNSCORED,,,,,,,
369294035576728832,369294035576728832,,UNSCORED,,,,,,,
370473815845211904,370473815845211904,,UNSCORED,,,,,,,
368902579370176256,368902579370176256,,UNSCORED,,,,,,,
369214080463936256,369214080463936256,,UNSCORED,,,,,,,
370244597735674496,370244597735674496,,UNSCORED,,,,,,,
368676110038695936,368676110038695936,,UNSCORED,,,,,,,
373089725807302144,373089725807302144,,UNSCORED,,,,,,,
373200639041919744,373200639041919744,,UNSCORED,,,,,,,
368872686397739648,368872686397739648,,UNSCORED,,,,,,,
