source_id,ra,dec,redshift,spectral_state_1,spectral_state_2,epoch_1,epoch_2,class,label_source,label_method,independent_of_pipeline,confidence,g_mag,notes,mag,y_true,canonical_id,split
SDSSJ123359.12+084211.5,188.4963700000,8.7032300000,0.2549999952,spec_epoch1,spec_epoch2,53474,57539,clagn,2019ApJ...874....8M,spectroscopic,True,gold,18.7150001526,,,1,SDSSJ123359.12+084211.5,dev
SDSSJJ105058.42+241351.18,162.7434400000,24.2308700000,0.2700000107,B,D,54068,58138,clagn,2022ApJ...933..180G,spectroscopic,True,gold,,,,1,SDSSJ105058.42+241351.18,dev
SDSSJJ105325.40+302419.34,163.3558500000,30.4053600000,0.2489999980,B,D,53463,58141,clagn,2022ApJ...933..180G,spectroscopic,True,gold,,,,1,SDSSJ105325.40+302419.34,test
SDSSJJ082323.88+422048.2,125.8495500000,42.3467410000,0.1515398900,spec_epoch1,spec_epoch2,52266,54524,clagn,2024ApJS..272...13S,spectroscopic,True,gold,2.0000000000,,,1,SDSSJ082323.88+422048.2,dev
SDSSJJ114408.90+424357.5,176.0371200000,42.7326430000,0.2723644700,spec_epoch1,spec_epoch2,53062,57732,clagn,2024ApJS..272...13S,spectroscopic,True,gold,3.0000000000,,,1,SDSSJ114408.90+424357.5,dev
SDSSJJ230614.18-010024.45,346.5590900000,-1.0068000000,0.2669999897,D,B,51811,58022,clagn,2022ApJ...933..180G,spectroscopic,True,gold,,,,1,SDSSJ230614.18-010024.45,dev
SDSSJJ080138.67+423354.1,120.4111400000,42.5650390000,0.7713271400,spec_epoch1,spec_epoch2,55178,57073,clagn,2024ApJS..272...13S,spectroscopic,True,gold,2.0000000000,,,1,SDSSJ080138.67+423354.1,test
SDSSJ141213.61+021202.1,213.0567500000,2.2006000000,0.2949999869,spec_epoch1,spec_epoch2,51993,57818,clagn,2019ApJ...874....8M,spectroscopic,True,gold,18.2290000916,,,1,SDSSJ141213.61+021202.1,dev
SDSSJ153734.06+461358.9,234.3919500000,46.2330100000,0.3779999912,spec_epoch1,spec_epoch2,52781,57819,clagn,2019ApJ...874....8M,spectroscopic,True,gold,19.4740009308,,,1,SDSSJ153734.06+461358.9,dev
SDSSJ153612.80+034245.7,234.0533500000,3.7127200000,0.3650000095,spec_epoch1,spec_epoch2,52026,57835,clagn,2019ApJ...874....8M,spectroscopic,True,gold,18.4169998169,,,1,SDSSJ153612.80+034245.7,dev
SDSSJJ141324.27+530527.0,213.3511600000,53.0908400000,0.4562511000,spec_epoch1,spec_epoch2,52762,58289,clagn,2024ApJS..272...13S,spectroscopic,True,gold,72.0000000000,,,1,SDSSJ141324.27+530527.0,dev
SDSSJJ081425.89+294115.6,123.6079100000,29.6876810000,0.3739141000,spec_epoch1,spec_epoch2,52618,58133,clagn,2024ApJS..272...13S,spectroscopic,True,gold,3.0000000000,,,1,SDSSJ081425.89+294115.6,dev
SDSSJJ101322.43+214021.74,153.3435000000,21.6727100000,0.6399999857,B,D,56274,57815,clagn,2022ApJ...933..180G,spectroscopic,True,gold,,,,1,SDSSJ101322.43+214021.74,dev
NGC 5273,205.4710000000,35.6580009460,0.0038999999,1.9,,1984-02-13,2022-08-24,clagn,1995ApJS...98..477H,spectroscopic,True,gold,,,,1,NGC 5273,dev
SDSSJJ091407.16+243633.08,138.5298400000,24.6091900000,0.6809999943,B,D,56009,58137,clagn,2022ApJ...933..180G,spectroscopic,True,gold,,,,1,SDSSJ091407.16+243633.08,dev
SDSSJJ015653.16-004623.28,29.2215400000,-0.7731400000,0.6150000095,B,D,55182,58080,clagn,2022ApJ...933..180G,spectroscopic,True,gold,,,,1,SDSSJ015653.16-004623.28,dev
SDSSJJ143040.58+364903.90,217.6691000000,36.8177500000,0.5699999928,D,B,53089,58242,clagn,2022ApJ...933..180G,spectroscopic,True,gold,,,,1,SDSSJ143040.58+364903.90,dev
SDSSJJ015726.00-000602.15,29.3583500000,-0.1005700000,0.8019999862,B,D,55449,58103,clagn,2022ApJ...933..180G,spectroscopic,True,gold,,,,1,SDSSJ015726.00-000602.15,dev
SDSSJJ082942.66+415436.8,127.4277800000,41.9102440000,0.1263853600,spec_epoch1,spec_epoch2,52266,54524,clagn,2024ApJS..272...13S,spectroscopic,True,gold,2.0000000000,,,1,SDSSJ082942.66+415436.8,test
SDSSJJ005813.68+001409.09,14.5570300000,0.2358600000,0.6790000200,B,D,57360,58097,clagn,2022ApJ...933..180G,spectroscopic,True,gold,,,,1,SDSSJ005813.68+001409.09,test
SDSSJJ113706.93+481943.68,174.2788900000,48.3287900000,0.2199999988,B,D,53054,57162,clagn,2022ApJ...933..180G,spectroscopic,True,gold,,,,1,SDSSJ113706.93+481943.68,dev
SDSSJJ233602.98+001728.7,354.0124500000,0.2913413000,0.2428296400,spec_epoch1,spec_epoch2,51783,55449,clagn,2024ApJS..272...13S,spectroscopic,True,gold,5.0000000000,,,1,SDSSJ233602.98+001728.7,dev
NGC 7603,349.7380000000,-0.2440000027,0.0289999992,1.0,1.0,1974-11-06,2019-07-20,clagn,1976ApJ...210L.117T,spectroscopic,True,gold,,,,1,NGC 7603,dev
NGC 5548,214.5000000000,25.1350002289,0.0170000009,,,1978-06-11,2021-07-20,clagn,1980ApJ...245..377M,spectroscopic,True,gold,,,,1,NGC 5548,dev
SDSSJJ093812.27+074340.0,144.5511000000,7.7277918000,0.0219638700,spec_epoch1,spec_epoch2,52733,54804,clagn,2024ApJS..272...13S,spectroscopic,True,gold,2.0000000000,,,1,SDSSJ093812.27+074340.0,dev
NGC 7582,349.5980000000,-42.3699989319,0.0052000000,,2.0,1977-01-01,2016-07-27,clagn,1981ApJ...246L..11M,spectroscopic,True,gold,,,,1,NGC 7582,test
NGC 3516,166.6980000000,72.5690002441,0.0088000000,,1.0,1985-12-06,2020-06-22,clagn,1991ApJ...383..574G,spectroscopic,True,gold,,,,1,NGC 3516,dev
SDSSJ161711.42+063833.4,244.2976000000,6.6426200000,0.2290000021,spec_epoch1,spec_epoch2,53501,57596,clagn,2019ApJ...874....8M,spectroscopic,True,gold,16.9880008698,,,1,SDSSJ161711.42+063833.4,dev
NGC 1566,65.0020000000,-54.9379997253,0.0051000002,,,1979-08-09,2019-09-26,clagn,1987AJ.....93.1484M,spectroscopic,True,gold,,,,1,NGC 1566,dev
SDSSJ161407.07+513354.5,243.5295000000,51.5651600000,0.3479999900,spec_epoch1,spec_epoch2,52051,57894,clagn,2019ApJ...874....8M,spectroscopic,True,gold,19.2380008698,,,1,SDSSJ161407.07+513354.5,dev
SDSSJJ020222.00+010557.11,30.5916900000,1.0991900000,0.5019999743,B,D,51871,58079,clagn,2022ApJ...933..180G,spectroscopic,True,gold,,,,1,SDSSJ020222.00+010557.11,dev
SDSSJ074511.98+380911.3,116.2999400000,38.1531400000,0.2370000035,spec_epoch1,spec_epoch2,51873,58081,clagn,2019ApJ...874....8M,spectroscopic,True,gold,18.7140007019,,,1,SDSSJ074511.98+380911.3,test
SDSSJJ025410.08+034911.9,43.5420230000,3.8200029000,0.7742850000,spec_epoch1,spec_epoch2,55477,58029,clagn,2024ApJS..272...13S,spectroscopic,True,gold,3.0000000000,,,1,SDSSJ025410.08+034911.9,test
SDSSJJ222132.41-010928.70,335.3850700000,-1.1579700000,0.2879999876,D,B,52140,58013,clagn,2022ApJ...933..180G,spectroscopic,True,gold,,,,1,SDSSJ222132.41-010928.70,dev
SDSSJ210200.42+000501.8,315.5017700000,0.0838500000,0.3289999962,spec_epoch1,spec_epoch2,52431,57989,clagn,2019ApJ...874....8M,spectroscopic,True,gold,19.0389995575,,,1,SDSSJ210200.42+000501.8,dev
SDSSJ115355.88+112554.2,178.4828600000,11.4317100000,0.3100000024,spec_epoch1,spec_epoch2,53142,54948,clagn,2019ApJ...874....8M,spectroscopic,True,gold,18.8950004578,,,1,SDSSJ115355.88+112554.2,dev
SDSSJJ215130.35+003522.26,327.8765000000,0.5895000000,0.3400000036,D,B,55479,58699,clagn,2022ApJ...933..180G,spectroscopic,True,gold,,,,1,SDSSJ215130.35+003522.26,dev
SDSSJJ090258.39+252915.15,135.7432800000,25.4875700000,0.2639999986,B,D,53401,58133,clagn,2022ApJ...933..180G,spectroscopic,True,gold,,,,1,SDSSJ090258.39+252915.15,dev
HE 1136-2304,174.7010000000,-23.3490009308,0.0270000007,,,1990-01-01,2015-07-14,clagn,2025A&A...693A..35J,spectroscopic,True,gold,,,,1,HE 1136-2304,dev
SDSSJ102152.34+464515.6,155.4681300000,46.7543600000,0.2039999962,spec_epoch1,spec_epoch2,52614,56769,clagn,2019ApJ...874....8M,spectroscopic,True,gold,18.1639995575,,,1,SDSSJ102152.34+464515.6,test
SDSSJ160111.26+474509.6,240.2969000000,47.7526700000,0.2969999909,spec_epoch1,spec_epoch2,52354,57895,clagn,2019ApJ...874....8M,spectroscopic,True,gold,19.2859992981,,,1,SDSSJ160111.26+474509.6,test
SDSSJ231742.68+011425.2,349.4278700000,1.2403400000,0.5180000067,spec_epoch1,spec_epoch2,52177,57726,clagn,2019ApJ...874....8M,spectroscopic,True,gold,19.3540000916,,,1,SDSSJ231742.68+011425.2,dev
SDSSJJ081319.34+460849.5,123.3305600000,46.1471560000,0.0537057100,spec_epoch1,spec_epoch2,51877,56331,clagn,2024ApJS..272...13S,spectroscopic,True,gold,2.0000000000,,,1,SDSSJ081319.34+460849.5,dev
SDSSJJ094443.08+580953.2,146.1795400000,58.1647690000,0.5631062000,spec_epoch1,spec_epoch2,51915,57390,clagn,2024ApJS..272...13S,spectroscopic,True,gold,2.0000000000,,,1,SDSSJ094443.08+580953.2,dev
SDSSJJ012256.19-000252.68,20.7341300000,-0.0479800000,0.3409999907,D,B,51817,58113,clagn,2022ApJ...933..180G,spectroscopic,True,gold,,,,1,SDSSJ012256.19-000252.68,dev
SDSSJJ100256.22+475027.7,150.7342800000,47.8410310000,0.3908236600,spec_epoch1,spec_epoch2,52339,56338,clagn,2024ApJS..272...13S,spectroscopic,True,gold,2.0000000000,,,1,SDSSJ100256.22+475027.7,dev
SDSSJJ110501.26+562724.5,166.2552500000,56.4568260000,0.2381720500,spec_epoch1,spec_epoch2,52373,57374,clagn,2024ApJS..272...13S,spectroscopic,True,gold,2.0000000000,,,1,SDSSJ110501.26+562724.5,dev
SDSSJJ120442.10+275411.8,181.1754500000,27.9032840000,0.1645949500,spec_epoch1,spec_epoch2,53819,56337,clagn,2024ApJS..272...13S,spectroscopic,True,gold,2.0000000000,,,1,SDSSJ120442.10+275411.8,dev
SDSSJJ124946.13+365204.21,192.4422600000,36.8678400000,0.5950000286,B,D,53772,57781,clagn,2022ApJ...933..180G,spectroscopic,True,gold,,,,1,SDSSJ124946.13+365204.21,dev
SDSSJJ022930.91-000845.37,37.3788200000,-0.1459600000,0.6090000272,B,D,52200,58072,clagn,2022ApJ...933..180G,spectroscopic,True,gold,,,,1,SDSSJ022930.91-000845.37,test
1995bc,147.9312500000,40.3140555556,,,,,,sn,B/sn,Asiago Supernova Catalog,True,,,,18.5000000000,0,1995bc,dev
2000em,8.8742500000,-2.6576111111,,,,,,sn,B/sn,Asiago Supernova Catalog,True,,,,18.2999992371,0,2000em,test
1994G,154.8611666667,50.8720555556,,,,,,sn,B/sn,Asiago Supernova Catalog,True,,,,21.5200004578,0,1994G,dev
1999ec,94.0674166667,-21.3694722222,,,,,,sn,B/sn,Asiago Supernova Catalog,True,,,,17.8999996185,0,1999ec,dev
1999dp,67.3194166667,69.5335000000,,,,,,sn,B/sn,Asiago Supernova Catalog,True,,,,18.2000007629,0,1999dp,dev
1997Q,164.2145000000,-3.9769166667,,,,,,sn,B/sn,Asiago Supernova Catalog,True,,,,22.0100002289,0,1997Q,dev
1988ai,1.5905833333,-41.4833055556,,,,,,sn,B/sn,Asiago Supernova Catalog,True,,,,16.0000000000,0,1988ai,dev
2000bk,188.4747500000,-7.3785833333,,,,,,sn,B/sn,Asiago Supernova Catalog,True,,,,16.9799995422,0,2000bk,dev
2000bt,154.0752500000,-5.7464722222,,,,,,sn,B/sn,Asiago Supernova Catalog,True,,,,19.6000003815,0,2000bt,dev
1998dx,272.7995416667,49.8613055556,,,,,,sn,B/sn,Asiago Supernova Catalog,True,,,,17.7099990845,0,1998dx,dev
1999gd,129.6025416667,25.7591944444,,,,,,sn,B/sn,Asiago Supernova Catalog,True,,,,17.0200004578,0,1999gd,dev
1997K,118.7295416667,4.3170277778,,,,,,sn,B/sn,Asiago Supernova Catalog,True,,,,23.7299995422,0,1997K,dev
1999eo,40.0550000000,4.9148055556,,,,,,sn,B/sn,Asiago Supernova Catalog,True,,,,19.6000003815,0,1999eo,dev
1996bn,93.9540833333,64.4291111111,,,,,,sn,B/sn,Asiago Supernova Catalog,True,,,,18.0000000000,0,1996bn,dev
1998az,164.3407500000,-3.4230555556,,,,,,sn,B/sn,Asiago Supernova Catalog,True,,,,22.7000007629,0,1998az,test
1999do,343.3744583333,31.6452500000,,,,,,sn,B/sn,Asiago Supernova Catalog,True,,,,18.0000000000,0,1999do,dev
1984L,38.8771666667,-7.1584638889,,,,,,sn,B/sn,Asiago Supernova Catalog,True,,,,14.0000000000,0,1984L,dev
1999dz,24.2635000000,0.0327500000,,,,,,sn,B/sn,Asiago Supernova Catalog,True,,,,23.3999996185,0,1999dz,dev
1999H,151.7627500000,-5.9240555556,,,,,,sn,B/sn,Asiago Supernova Catalog,True,,,,20.6000003815,0,1999H,dev
1961Q,21.6725000000,2.0255277778,,,,,,sn,B/sn,Asiago Supernova Catalog,True,,,,17.2000007629,0,1961Q,dev
1999dt,11.4262083333,0.0561666667,,,,,,sn,B/sn,Asiago Supernova Catalog,True,,,,23.5000000000,0,1999dt,test
1995I,200.2493750000,3.5989444444,,,,,,sn,B/sn,Asiago Supernova Catalog,True,,,,19.5000000000,0,1995I,test
1997bt,166.5629166667,-11.6068611111,,,,,,sn,B/sn,Asiago Supernova Catalog,True,,,,19.5000000000,0,1997bt,dev
1998dm,21.5582083333,-6.1038888889,,,,,,sn,B/sn,Asiago Supernova Catalog,True,,,,14.6999998093,0,1998dm,dev
1987B,226.7623750000,1.5036638889,,,,,,sn,B/sn,Asiago Supernova Catalog,True,,,,14.5000000000,0,1987B,dev
1971G,183.0500000000,13.2377777778,,,,,,sn,B/sn,Asiago Supernova Catalog,True,,,,13.8999996185,0,1971G,dev
1994I,202.4753000000,47.1918055556,,,,,,sn,B/sn,Asiago Supernova Catalog,True,,,,12.8999996185,0,1994I,dev
1991D,205.3066666667,-14.6463888889,,,,,,sn,B/sn,Asiago Supernova Catalog,True,,,,16.3999996185,0,1991D,dev
2000fu,222.8027916667,-20.4356388889,,,,,,sn,B/sn,Asiago Supernova Catalog,True,,,,16.5000000000,0,2000fu,dev
1997bm,173.2380416667,50.2454444444,,,,,,sn,B/sn,Asiago Supernova Catalog,True,,,,18.0000000000,0,1997bm,dev
1986E,185.4217083333,14.6319500000,,,,,,sn,B/sn,Asiago Supernova Catalog,True,,,,14.1999998093,0,1986E,dev
1996ck,192.1466250000,-0.7675000000,,,,,,sn,B/sn,Asiago Supernova Catalog,True,,,,23.0799999237,0,1996ck,dev
1998ex,115.4261666667,64.7339722222,,,,,,sn,B/sn,Asiago Supernova Catalog,True,,,,18.5000000000,0,1998ex,dev
1962E,168.7730416667,25.8921388889,,,,,,sn,B/sn,Asiago Supernova Catalog,True,,,,17.1000003815,0,1962E,dev
2000ao,209.4575000000,-0.0180000000,,,,,,sn,B/sn,Asiago Supernova Catalog,True,,,,20.3999996185,0,2000ao,dev
1997bx,186.2991666667,0.0817777778,,,,,,sn,B/sn,Asiago Supernova Catalog,True,,,,23.0000000000,0,1997bx,dev
1997ch,189.3705000000,62.1118888889,,,,,,sn,B/sn,Asiago Supernova Catalog,True,,,,23.5000000000,0,1997ch,dev
1998av,164.0332500000,-4.1890555556,,,,,,sn,B/sn,Asiago Supernova Catalog,True,,,,23.2999992371,0,1998av,test
1999el,309.3238333333,66.1031944444,,,,,,sn,B/sn,Asiago Supernova Catalog,True,,,,14.8999996185,0,1999el,dev
1990Q,230.3882916667,-7.3740861111,,,,,,sn,B/sn,Asiago Supernova Catalog,True,,,,16.0000000000,0,1990Q,dev
1960R,186.3535416667,18.1554444444,,,,,,sn,B/sn,Asiago Supernova Catalog,True,,,,11.6000003815,0,1960R,dev
1989ae,33.6709583333,43.3576388889,,,,,,sn,B/sn,Asiago Supernova Catalog,True,,,,19.0000000000,0,1989ae,dev
2001ai,205.4140416667,55.6682777778,,,,,,sn,B/sn,Asiago Supernova Catalog,True,,,,17.6000003815,0,2001ai,dev
1998ez,59.3872083333,-27.2037777778,,,,,,sn,B/sn,Asiago Supernova Catalog,True,,,,20.0000000000,0,1998ez,dev
1997cc,214.1399583333,52.3938055556,,,,,,sn,B/sn,Asiago Supernova Catalog,True,,,,23.5000000000,0,1997cc,dev
1993G,172.1390416667,58.5586027778,,,,,,sn,B/sn,Asiago Supernova Catalog,True,,,,16.6000003815,0,1993G,dev
1997S,164.4649583333,-3.7630277778,,,,,,sn,B/sn,Asiago Supernova Catalog,True,,,,23.0300006866,0,1997S,dev
1960P,16.5418333333,31.4065555556,,,,,,sn,B/sn,Asiago Supernova Catalog,True,,,,17.5000000000,0,1960P,dev
1992bk,55.7579166667,-53.6324444444,,,,,,sn,B/sn,Asiago Supernova Catalog,True,,,,18.0699996948,0,1992bk,test
1998ao,151.8107500000,-26.3930833333,,,,,,sn,B/sn,Asiago Supernova Catalog,True,,,,18.0000000000,0,1998ao,dev
2000dw,333.4544166667,39.2375277778,,,,,,sn,B/sn,Asiago Supernova Catalog,True,,,,17.5000000000,0,2000dw,test
2000O,182.8149166667,17.8922777778,,,,,,sn,B/sn,Asiago Supernova Catalog,True,,,,17.1000003815,0,2000O,dev
2000dn,346.2744166667,-3.2002777778,,,,,,sn,B/sn,Asiago Supernova Catalog,True,,,,17.8999996185,0,2000dn,test
1995T,336.8017083333,-9.4956666667,,,,,,sn,B/sn,Asiago Supernova Catalog,True,,,,18.0000000000,0,1995T,dev
1999ee,334.0416666667,-36.8443611111,,,,,,sn,B/sn,Asiago Supernova Catalog,True,,,,14.9300003052,0,1999ee,test
1979C,185.7442916667,15.7977055556,,,,,,sn,B/sn,Asiago Supernova Catalog,True,,,,11.6000003815,0,1979C,dev
1998ch,202.3054583333,-29.2907777778,,,,,,sn,B/sn,Asiago Supernova Catalog,True,,,,20.2999992371,0,1998ch,dev
1999D,172.1182500000,58.5608333333,,,,,,sn,B/sn,Asiago Supernova Catalog,True,,,,15.6000003815,0,1999D,test
1998L,173.4026250000,4.5846111111,,,,,,sn,B/sn,Asiago Supernova Catalog,True,,,,23.6000003815,0,1998L,test
1994M,187.7858750000,0.6055277778,,,,,,sn,B/sn,Asiago Supernova Catalog,True,,,,16.3099994659,0,1994M,dev
1959C,197.8492500000,3.4105000000,,,,,,sn,B/sn,Asiago Supernova Catalog,True,,,,14.0799999237,0,1959C,dev
2001cl,335.6563333333,-4.1252222222,,,,,,sn,B/sn,Asiago Supernova Catalog,True,,,,17.2000007629,0,2001cl,dev
1961N,354.6618333333,27.0094166667,,,,,,sn,B/sn,Asiago Supernova Catalog,True,,,,16.7999992371,0,1961N,dev
1999gq,188.4513333333,15.1800555556,,,,,,sn,B/sn,Asiago Supernova Catalog,True,,,,14.5000000000,0,1999gq,test
2001au,229.2048750000,-0.1296111111,,,,,,sn,B/sn,Asiago Supernova Catalog,True,,,,18.6000003815,0,2001au,dev
PKS,196.3876000000,-10.5554000000,,,,,,blazar,III/157,Blazar catalog (III/157),True,,,,14.9200000763,0,PKS,dev
Mrk 501,253.4676000000,39.7602000000,,,,,,blazar,III/157,Blazar catalog (III/157),True,,,,13.8000001907,0,Mrk 501,dev
PG,213.4514000000,44.0039000000,,,,,,blazar,III/157,Blazar catalog (III/157),True,,,,14.9899997711,0,PG,dev
3C 279,194.0465000000,-5.7893000000,,,,,,blazar,III/157,Blazar catalog (III/157),True,,,,17.7500000000,0,3C 279,dev
3C 66A,35.6650000000,43.0355000000,,,,,,blazar,III/157,Blazar catalog (III/157),True,,,,15.5000000000,0,3C 66A,dev
IIZw 136,323.1163000000,10.1385000000,,,,,,blazar,III/157,Blazar catalog (III/157),True,,,,14.6400003433,0,IIZw 136,dev
4C 34.47,260.8367000000,34.2994000000,,,,,,blazar,III/157,Blazar catalog (III/157),True,,,,16.5000000000,0,4C 34.47,test
TON 153,199.9843000000,27.4689000000,,,,,,blazar,III/157,Blazar catalog (III/157),True,,,,15.9799995422,0,TON 153,dev
Mrk 421,166.1138000000,38.2088000000,,,,,,blazar,III/157,Blazar catalog (III/157),True,,,,13.5000000000,0,Mrk 421,dev
4C 29.45,179.8826000000,29.2455000000,,,,,,blazar,III/157,Blazar catalog (III/157),True,,,,14.4099998474,0,4C 29.45,test
TON 1542,188.0150000000,20.1581000000,,,,,,blazar,III/157,Blazar catalog (III/157),True,,,,15.3000001907,0,TON 1542,dev
3C 371,271.7112000000,69.8245000000,,,,,,blazar,III/157,Blazar catalog (III/157),True,,,,14.2200002670,0,3C 371,dev
Mrk 734,170.4463000000,11.7384000000,,,,,,blazar,III/157,Blazar catalog (III/157),True,,,,14.9300003052,0,Mrk 734,dev
3C 232,149.5873000000,32.4006000000,,,,,,blazar,III/157,Blazar catalog (III/157),True,,,,15.7799997330,0,3C 232,dev
HS,255.2517000000,64.2025000000,,,,,,blazar,III/157,Blazar catalog (III/157),True,,,,16.1299991608,0,HS,dev
MR,343.5245000000,-17.5820000000,,,,,,blazar,III/157,Blazar catalog (III/157),True,,,,14.3599996567,0,MR,dev
B2,187.1040000000,31.4771000000,,,,,,blazar,III/157,Blazar catalog (III/157),True,,,,15.8699998856,0,B2,dev
BL Lac,330.6804000000,42.2778000000,,,,,,blazar,III/157,Blazar catalog (III/157),True,,,,14.5000000000,0,BL Lac,dev
IIZw 1,20.4993000000,-1.0400000000,,,,,,blazar,III/157,Blazar catalog (III/157),True,,,,15.1700000763,0,IIZw 1,dev
3C 351,256.1724000000,60.7418000000,,,,,,blazar,III/157,Blazar catalog (III/157),True,,,,15.2799997330,0,3C 351,dev
3C 446,336.4469000000,-4.9504000000,,,,,,blazar,III/157,Blazar catalog (III/157),True,,,,17.1900005341,0,3C 446,dev
NGC 1275,49.9507000000,41.5117000000,,,,,,blazar,III/157,Blazar catalog (III/157),True,,,,12.4799995422,0,NGC 1275,dev
OJ 287,133.7036000000,20.1085000000,,,,,,blazar,III/157,Blazar catalog (III/157),True,,,,14.0000000000,0,OJ 287,test
3C 273,187.2779000000,2.0524000000,,,,,,blazar,III/157,Blazar catalog (III/157),True,,,,12.8599996567,0,3C 273,test
3C 120,68.2962000000,5.3543000000,,,,,,blazar,III/157,Blazar catalog (III/157),True,,,,15.0500001907,0,3C 120,dev
Mrk 205,185.4338000000,75.3106000000,,,,,,blazar,III/157,Blazar catalog (III/157),True,,,,14.5000000000,0,Mrk 205,dev
Fairall 9,20.9417000000,-58.8066000000,,,,,,blazar,III/157,Blazar catalog (III/157),True,,,,13.2299995422,0,Fairall 9,dev
3C 345,250.7450000000,39.8103000000,,,,,,blazar,III/157,Blazar catalog (III/157),True,,,,15.9600000381,0,3C 345,test
TON 490,153.4726000000,24.8212000000,,,,,,blazar,III/157,Blazar catalog (III/157),True,,,,15.3999996185,0,TON 490,dev
AKN 120,79.0478000000,-0.1502000000,,,,,,blazar,III/157,Blazar catalog (III/157),True,,,,13.9200000763,0,AKN 120,dev
IIIZw 2,2.6292000000,10.9749000000,,,,,,blazar,III/157,Blazar catalog (III/157),True,,,,15.3999996185,0,IIIZw 2,dev
Mrk 180,174.1100000000,70.1576000000,,,,,,blazar,III/157,Blazar catalog (III/157),True,,,,14.4899997711,0,Mrk 180,dev
Mrk 1383,217.2774000000,1.2851000000,,,,,,blazar,III/157,Blazar catalog (III/157),True,,,,14.8699998856,0,Mrk 1383,dev
3C 382.0,278.7641000000,32.6963000000,,,,,,blazar,III/157,Blazar catalog (III/157),True,,,,15.3900003433,0,3C 382.0,dev
7017568540477440,45.8628994746,6.3305930701,,,,,,star,2022A&A...667A.148G,Gaia DR3 variability,True,,,,14.5132340000,0,7017568540477440,test
7866077983944448,46.3603428147,8.0450414416,,,,,,star,2022A&A...667A.148G,Gaia DR3 variability,True,,,,18.7671010000,0,7866077983944448,dev
10035624879191040,52.3113141174,7.7176536574,,,,,,star,2022A&A...667A.148G,Gaia DR3 variability,True,,,,20.4380990000,0,10035624879191040,dev
11271506013429504,53.6519315341,7.4914358003,,,,,,star,2022A&A...667A.148G,Gaia DR3 variability,True,,,,13.2100850000,0,11271506013429504,test
3555442647201408,47.4974578596,4.5888459778,,,,,,star,2022A&A...667A.148G,Gaia DR3 variability,True,,,,20.0335240000,0,3555442647201408,test
11918706045404160,54.4982076533,8.9981941204,,,,,,star,2022A&A...667A.148G,Gaia DR3 variability,True,,,,19.1982880000,0,11918706045404160,dev
8797952743613440,43.9567719817,8.2052904891,,,,,,star,2022A&A...667A.148G,Gaia DR3 variability,True,,,,12.7234870000,0,8797952743613440,dev
6151771852919552,40.4717917897,5.4983944833,,,,,,star,2022A&A...667A.148G,Gaia DR3 variability,True,,,,14.1326540000,0,6151771852919552,test
7451665179765376,46.3396644160,6.9502626706,,,,,,star,2022A&A...667A.148G,Gaia DR3 variability,True,,,,17.8914280000,0,7451665179765376,test
10010439191442176,51.8459587331,7.3895751678,,,,,,star,2022A&A...667A.148G,Gaia DR3 variability,True,,,,14.5423080000,0,10010439191442176,dev
8902505132032384,45.3792172541,8.7592599453,,,,,,star,2022A&A...667A.148G,Gaia DR3 variability,True,,,,20.0300450000,0,8902505132032384,dev
10618228603355008,49.5515638576,7.8696805348,,,,,,star,2022A&A...667A.148G,Gaia DR3 variability,True,,,,17.5853020000,0,10618228603355008,dev
6513300724650880,41.8916261979,5.8718995293,,,,,,star,2022A&A...667A.148G,Gaia DR3 variability,True,,,,20.3168470000,0,6513300724650880,dev
5856445606238336,41.3245252814,4.8336202360,,,,,,star,2022A&A...667A.148G,Gaia DR3 variability,True,,,,18.4727330000,0,5856445606238336,dev
9159172377805696,51.6178583435,5.6534271770,,,,,,star,2022A&A...667A.148G,Gaia DR3 variability,True,,,,18.7676070000,0,9159172377805696,dev
8322340949965312,43.3874641255,7.3976266357,,,,,,star,2022A&A...667A.148G,Gaia DR3 variability,True,,,,19.6491180000,0,8322340949965312,dev
5054111356737024,41.9751431524,4.4839823852,,,,,,star,2022A&A...667A.148G,Gaia DR3 variability,True,,,,19.9315010000,0,5054111356737024,dev
3822937505992960,46.1773770334,5.1002982667,,,,,,star,2022A&A...667A.148G,Gaia DR3 variability,True,,,,12.0969090000,0,3822937505992960,test
11997565941688192,55.5651178710,9.5684509227,,,,,,star,2022A&A...667A.148G,Gaia DR3 variability,True,,,,15.6000000000,0,11997565941688192,dev
7077144031287808,44.6299470700,5.8157557260,,,,,,star,2022A&A...667A.148G,Gaia DR3 variability,True,,,,18.8033310000,0,7077144031287808,dev
9921756706043776,51.6704645642,7.4440669526,,,,,,star,2022A&A...667A.148G,Gaia DR3 variability,True,,,,20.3935810000,0,9921756706043776,dev
11346758135829376,53.2271554012,7.8988605814,,,,,,star,2022A&A...667A.148G,Gaia DR3 variability,True,,,,10.3992040000,0,11346758135829376,dev
12441214586847872,52.2704035099,9.0036066562,,,,,,star,2022A&A...667A.148G,Gaia DR3 variability,True,,,,19.0468310000,0,12441214586847872,test
6258695063604736,42.4226233720,5.4786500497,,,,,,star,2022A&A...667A.148G,Gaia DR3 variability,True,,,,17.8719000000,0,6258695063604736,dev
7106010507061632,44.6920589456,6.2137805588,,,,,,star,2022A&A...667A.148G,Gaia DR3 variability,True,,,,18.5996720000,0,7106010507061632,dev
8314820462535424,43.8478824514,7.4418751464,,,,,,star,2022A&A...667A.148G,Gaia DR3 variability,True,,,,18.6862980000,0,8314820462535424,dev
7627655759471360,45.6238523270,6.9592151657,,,,,,star,2022A&A...667A.148G,Gaia DR3 variability,True,,,,18.2320700000,0,7627655759471360,dev
9792426651349120,52.6782810815,7.1506416552,,,,,,star,2022A&A...667A.148G,Gaia DR3 variability,True,,,,14.4814090000,0,9792426651349120,dev
6940838949258240,46.3115448824,5.9094013959,,,,,,star,2022A&A...667A.148G,Gaia DR3 variability,True,,,,20.2593290000,0,6940838949258240,dev
4613348927136384,42.2482203133,3.1695833567,,,,,,star,2022A&A...667A.148G,Gaia DR3 variability,True,,,,16.0800500000,0,4613348927136384,dev
8328117681250688,43.4243390587,7.5317410414,,,,,,star,2022A&A...667A.148G,Gaia DR3 variability,True,,,,19.7730270000,0,8328117681250688,test
6062299094282624,40.9793548739,5.0342975723,,,,,,star,2022A&A...667A.148G,Gaia DR3 variability,True,,,,18.9045680000,0,6062299094282624,test
13107003236999040,53.9903809109,10.4172081865,,,,,,star,2022A&A...667A.148G,Gaia DR3 variability,True,,,,19.1838820000,0,13107003236999040,dev
11434886569349888,54.1367579137,8.3774780990,,,,,,star,2022A&A...667A.148G,Gaia DR3 variability,True,,,,19.8125700000,0,11434886569349888,dev
4645750160709248,42.8366495133,3.0567887431,,,,,,star,2022A&A...667A.148G,Gaia DR3 variability,True,,,,7.3122640000,0,4645750160709248,dev
5920045482070528,40.2308200079,4.3671794643,,,,,,star,2022A&A...667A.148G,Gaia DR3 variability,True,,,,20.0677500000,0,5920045482070528,dev
6827348733385856,44.5962989507,5.1790780021,,,,,,star,2022A&A...667A.148G,Gaia DR3 variability,True,,,,19.9279400000,0,6827348733385856,dev
8261936529703936,42.6361701619,7.2897966394,,,,,,star,2022A&A...667A.148G,Gaia DR3 variability,True,,,,20.2283060000,0,8261936529703936,dev
10762260330928128,50.9061891197,7.9102083542,,,,,,star,2022A&A...667A.148G,Gaia DR3 variability,True,,,,19.9835800000,0,10762260330928128,dev
7388752498494208,46.0653614070,6.2965441937,,,,,,star,2022A&A...667A.148G,Gaia DR3 variability,True,,,,18.1013360000,0,7388752498494208,dev
8286538102441600,42.7501479818,7.3936369567,,,,,,star,2022A&A...667A.148G,Gaia DR3 variability,True,,,,19.3491380000,0,8286538102441600,dev
8781765011889024,44.6071705290,8.4179279012,,,,,,star,2022A&A...667A.148G,Gaia DR3 variability,True,,,,20.5417460000,0,8781765011889024,dev
4952372170242944,42.2195252887,3.9160324583,,,,,,star,2022A&A...667A.148G,Gaia DR3 variability,True,,,,19.9130100000,0,4952372170242944,dev
6802059965763456,45.6087581394,5.3586423149,,,,,,star,2022A&A...667A.148G,Gaia DR3 variability,True,,,,20.4354320000,0,6802059965763456,dev
3646014917806464,46.8540760046,5.0253837390,,,,,,star,2022A&A...667A.148G,Gaia DR3 variability,True,,,,17.3947260000,0,3646014917806464,dev
5928944654308352,39.8782633151,4.3712131612,,,,,,star,2022A&A...667A.148G,Gaia DR3 variability,True,,,,20.5919780000,0,5928944654308352,dev
5220790446842240,44.3760928199,4.4483115299,,,,,,star,2022A&A...667A.148G,Gaia DR3 variability,True,,,,19.7766250000,0,5220790446842240,dev
6766085319816704,45.1902985248,5.0497300075,,,,,,star,2022A&A...667A.148G,Gaia DR3 variability,True,,,,20.5256750000,0,6766085319816704,dev
13464726768753024,52.9059882186,11.4434337399,,,,,,star,2022A&A...667A.148G,Gaia DR3 variability,True,,,,20.1373230000,0,13464726768753024,dev
8011419677274240,43.4061577732,6.9265349990,,,,,,star,2022A&A...667A.148G,Gaia DR3 variability,True,,,,20.0893100000,0,8011419677274240,dev
3310492072379904,48.9985107082,5.2305011285,,,,,,star,2022A&A...667A.148G,Gaia DR3 variability,True,,,,16.2281460000,0,3310492072379904,test
5190760035117568,43.4562397456,4.4373378850,,,,,,star,2022A&A...667A.148G,Gaia DR3 variability,True,,,,20.3952310000,0,5190760035117568,dev
8155597434951296,44.2452235362,7.5865648024,,,,,,star,2022A&A...667A.148G,Gaia DR3 variability,True,,,,19.9370460000,0,8155597434951296,test
12315256082310144,54.5744078956,9.9699122941,,,,,,star,2022A&A...667A.148G,Gaia DR3 variability,True,,,,19.1442950000,0,12315256082310144,dev
3532799579575168,47.1328702110,4.4631428141,,,,,,star,2022A&A...667A.148G,Gaia DR3 variability,True,,,,20.0593930000,0,3532799579575168,dev
6111399160366080,40.9550927600,5.4171485134,,,,,,star,2022A&A...667A.148G,Gaia DR3 variability,True,,,,18.7133450000,0,6111399160366080,dev
7939161147436672,43.7541885260,6.5677920612,,,,,,star,2022A&A...667A.148G,Gaia DR3 variability,True,,,,18.9284550000,0,7939161147436672,dev
6993551083342976,45.3904746086,6.0409117606,,,,,,star,2022A&A...667A.148G,Gaia DR3 variability,True,,,,18.6255680000,0,6993551083342976,dev
9517651823494656,50.0771410225,6.4610674688,,,,,,star,2022A&A...667A.148G,Gaia DR3 variability,True,,,,15.0313780000,0,9517651823494656,test
5313600395193728,44.3548725419,4.8568916424,,,,,,star,2022A&A...667A.148G,Gaia DR3 variability,True,,,,12.8127320000,0,5313600395193728,dev
3885330495346688,46.1518957108,5.4172258983,,,,,,star,2022A&A...667A.148G,Gaia DR3 variability,True,,,,16.7616900000,0,3885330495346688,dev
6288970288166784,41.6543637254,5.4939501889,,,,,,star,2022A&A...667A.148G,Gaia DR3 variability,True,,,,14.8326950000,0,6288970288166784,test
5714814765676928,40.5178323666,4.2089536232,,,,,,star,2022A&A...667A.148G,Gaia DR3 variability,True,,,,20.3239970000,0,5714814765676928,dev
8578802037330816,45.0818974665,8.2085157602,,,,,,star,2022A&A...667A.148G,Gaia DR3 variability,True,,,,14.7641630000,0,8578802037330816,dev
12428467123880448,52.4062460059,8.9374960949,,,,,,star,2022A&A...667A.148G,Gaia DR3 variability,True,,,,18.8688050000,0,12428467123880448,dev
000026.47+021359.2,0.1102970000,2.2331260000,1.3576680000,,,,,normal_agn,2020ApJS..250....9L,SDSS DR16Q,True,,,,,0,000026.47+021359.2,dev
000012.59-014216.7,0.0524930000,-1.7046430000,2.3860000000,,,,,normal_agn,2020ApJS..250....9L,SDSS DR16Q,True,,,,,0,000012.59-014216.7,dev
000002.46+214939.3,0.0102860000,21.8275930000,2.1053170000,,,,,normal_agn,2020ApJS..250....9L,SDSS DR16Q,True,,,,,0,000002.46+214939.3,dev
000000.66+145828.8,0.0027560000,14.9746750000,2.4970000000,,,,,normal_agn,2020ApJS..250....9L,SDSS DR16Q,True,,,,,0,000000.66+145828.8,dev
000026.31+242016.5,0.1096490000,24.3379260000,1.6282260000,,,,,normal_agn,2020ApJS..250....9L,SDSS DR16Q,True,,,,,0,000026.31+242016.5,dev
000001.08+295225.0,0.0045280000,29.8736180000,1.4958550000,,,,,normal_agn,2020ApJS..250....9L,SDSS DR16Q,True,,,,,0,000001.08+295225.0,test
000023.94+083348.0,0.0997740000,8.5633480000,0.9807600000,,,,,normal_agn,2020ApJS..250....9L,SDSS DR16Q,True,,,,,0,000023.94+083348.0,dev
000059.05+282233.0,0.2460530000,28.3758390000,0.9850000000,,,,,normal_agn,2020ApJS..250....9L,SDSS DR16Q,True,,,,,0,000059.05+282233.0,dev
000127.46+071911.5,0.3644540000,7.3198760000,2.8731000000,,,,,normal_agn,2020ApJS..250....9L,SDSS DR16Q,True,,,,,0,000127.46+071911.5,dev
000036.73+044503.3,0.1530700000,4.7509380000,0.9474420000,,,,,normal_agn,2020ApJS..250....9L,SDSS DR16Q,True,,,,,0,000036.73+044503.3,dev
000159.76+292622.0,0.4990070000,29.4394680000,1.9752990000,,,,,normal_agn,2020ApJS..250....9L,SDSS DR16Q,True,,,,,0,000159.76+292622.0,test
000014.74+003203.2,0.0614340000,0.5342460000,2.5980000000,,,,,normal_agn,2020ApJS..250....9L,SDSS DR16Q,True,,,,,0,000014.74+003203.2,dev
000159.89+222409.4,0.4995470000,22.4026160000,1.3720670000,,,,,normal_agn,2020ApJS..250....9L,SDSS DR16Q,True,,,,,0,000159.89+222409.4,dev
000139.52+322953.1,0.4146690000,32.4981000000,1.0896760000,,,,,normal_agn,2020ApJS..250....9L,SDSS DR16Q,True,,,,,0,000139.52+322953.1,dev
000005.39+212944.8,0.0224760000,21.4957850000,1.2049550000,,,,,normal_agn,2020ApJS..250....9L,SDSS DR16Q,True,,,,,0,000005.39+212944.8,dev
000022.17+255005.3,0.0923980000,25.8348250000,1.3829400000,,,,,normal_agn,2020ApJS..250....9L,SDSS DR16Q,True,,,,,0,000022.17+255005.3,test
000204.72-001755.0,0.5196670000,-0.2986110000,1.2677980000,,,,,normal_agn,2020ApJS..250....9L,SDSS DR16Q,True,,,,,0,000204.72-001755.0,dev
000151.24+084413.3,0.4635320000,8.7370290000,1.8900000000,,,,,normal_agn,2020ApJS..250....9L,SDSS DR16Q,True,,,,,0,000151.24+084413.3,dev
000008.03-002727.4,0.0334610000,-0.4576300000,2.1812380000,,,,,normal_agn,2020ApJS..250....9L,SDSS DR16Q,True,,,,,0,000008.03-002727.4,dev
000057.15+150936.5,0.2381580000,15.1601480000,1.2970000000,,,,,normal_agn,2020ApJS..250....9L,SDSS DR16Q,True,,,,,0,000057.15+150936.5,dev
000052.48-022635.5,0.2186670000,-2.4432020000,0.8028840000,,,,,normal_agn,2020ApJS..250....9L,SDSS DR16Q,True,,,,,0,000052.48-022635.5,dev
000124.72+334159.1,0.3530060000,33.6997530000,1.0941680000,,,,,normal_agn,2020ApJS..250....9L,SDSS DR16Q,True,,,,,0,000124.72+334159.1,dev
000159.27+034352.9,0.4969730000,3.7313810000,0.8500000000,,,,,normal_agn,2020ApJS..250....9L,SDSS DR16Q,True,,,,,0,000159.27+034352.9,dev
000042.92+310715.3,0.1788600000,31.1209440000,1.6195510000,,,,,normal_agn,2020ApJS..250....9L,SDSS DR16Q,True,,,,,0,000042.92+310715.3,test
000123.61-032317.9,0.3483900000,-3.3883290000,3.1210000000,,,,,normal_agn,2020ApJS..250....9L,SDSS DR16Q,True,,,,,0,000123.61-032317.9,test
000033.71+102012.0,0.1404710000,10.3366840000,1.0388390000,,,,,normal_agn,2020ApJS..250....9L,SDSS DR16Q,True,,,,,0,000033.71+102012.0,test
000202.62+085628.4,0.5109430000,8.9412350000,0.2152460000,,,,,normal_agn,2020ApJS..250....9L,SDSS DR16Q,True,,,,,0,000202.62+085628.4,dev
000056.16+192036.9,0.2340340000,19.3435930000,1.2210000000,,,,,normal_agn,2020ApJS..250....9L,SDSS DR16Q,True,,,,,0,000056.16+192036.9,test
000031.97+002249.9,0.1332300000,0.3805310000,1.1569220000,,,,,normal_agn,2020ApJS..250....9L,SDSS DR16Q,True,,,,,0,000031.97+002249.9,dev
000017.38-085123.7,0.0724230000,-8.8566080000,1.2537200000,,,,,normal_agn,2020ApJS..250....9L,SDSS DR16Q,True,,,,,0,000017.38-085123.7,dev
000034.80+210108.1,0.1450240000,21.0189180000,1.0188000000,,,,,normal_agn,2020ApJS..250....9L,SDSS DR16Q,True,,,,,0,000034.80+210108.1,dev
000132.22+135258.3,0.3842620000,13.8828870000,2.8850000000,,,,,normal_agn,2020ApJS..250....9L,SDSS DR16Q,True,,,,,0,000132.22+135258.3,dev
000038.16+020144.5,0.1590190000,2.0290490000,0.9816300000,,,,,normal_agn,2020ApJS..250....9L,SDSS DR16Q,True,,,,,0,000038.16+020144.5,dev
000203.62+183121.9,0.5150920000,18.5227530000,1.1345640000,,,,,normal_agn,2020ApJS..250....9L,SDSS DR16Q,True,,,,,0,000203.62+183121.9,dev
000105.87+005341.7,0.2744860000,0.8949330000,1.5069510000,,,,,normal_agn,2020ApJS..250....9L,SDSS DR16Q,True,,,,,0,000105.87+005341.7,dev
000200.32+204718.9,0.5013470000,20.7886000000,0.7334550000,,,,,normal_agn,2020ApJS..250....9L,SDSS DR16Q,True,,,,,0,000200.32+204718.9,dev
000059.58+295642.5,0.2482680000,29.9451450000,3.2520000000,,,,,normal_agn,2020ApJS..250....9L,SDSS DR16Q,True,,,,,0,000059.58+295642.5,test
000055.85+200708.9,0.2327140000,20.1191510000,1.2745230000,,,,,normal_agn,2020ApJS..250....9L,SDSS DR16Q,True,,,,,0,000055.85+200708.9,dev
000203.11+315153.1,0.5129590000,31.8647740000,2.2650000000,,,,,normal_agn,2020ApJS..250....9L,SDSS DR16Q,True,,,,,0,000203.11+315153.1,test
000057.67-085617.0,0.2403240000,-8.9380620000,1.0962120000,,,,,normal_agn,2020ApJS..250....9L,SDSS DR16Q,True,,,,,0,000057.67-085617.0,dev
000000.57+055630.8,0.0023750000,5.9419030000,2.1027710000,,,,,normal_agn,2020ApJS..250....9L,SDSS DR16Q,True,,,,,0,000000.57+055630.8,dev
000046.17+170047.0,0.1923900000,17.0130700000,0.8010000000,,,,,normal_agn,2020ApJS..250....9L,SDSS DR16Q,True,,,,,0,000046.17+170047.0,dev
000026.27+022140.8,0.1094740000,2.3613530000,0.7700000000,,,,,normal_agn,2020ApJS..250....9L,SDSS DR16Q,True,,,,,0,000026.27+022140.8,dev
000130.31+013749.2,0.3763030000,1.6303400000,1.1645680000,,,,,normal_agn,2020ApJS..250....9L,SDSS DR16Q,True,,,,,0,000130.31+013749.2,dev
000202.42+330824.3,0.5101180000,33.1401020000,1.5700000000,,,,,normal_agn,2020ApJS..250....9L,SDSS DR16Q,True,,,,,0,000202.42+330824.3,dev
000139.32+331947.9,0.4138620000,33.3299930000,1.9243060000,,,,,normal_agn,2020ApJS..250....9L,SDSS DR16Q,True,,,,,0,000139.32+331947.9,test
000130.25+053321.5,0.3760440000,5.5559760000,2.0579710000,,,,,normal_agn,2020ApJS..250....9L,SDSS DR16Q,True,,,,,0,000130.25+053321.5,test
000015.56+194941.0,0.0648490000,19.8280700000,1.2451750000,,,,,normal_agn,2020ApJS..250....9L,SDSS DR16Q,True,,,,,0,000015.56+194941.0,dev
000108.68+342549.2,0.2862020000,34.4303370000,2.2351360000,,,,,normal_agn,2020ApJS..250....9L,SDSS DR16Q,True,,,,,0,000108.68+342549.2,dev
000116.51-031050.2,0.3188290000,-3.1806230000,1.1008140000,,,,,normal_agn,2020ApJS..250....9L,SDSS DR16Q,True,,,,,0,000116.51-031050.2,dev
000130.57+130847.3,0.3773840000,13.1464750000,3.0510000000,,,,,normal_agn,2020ApJS..250....9L,SDSS DR16Q,True,,,,,0,000130.57+130847.3,test
000028.24+184005.3,0.1176680000,18.6681600000,1.4738290000,,,,,normal_agn,2020ApJS..250....9L,SDSS DR16Q,True,,,,,0,000028.24+184005.3,dev
000018.12+013637.1,0.0755360000,1.6103230000,2.4000000000,,,,,normal_agn,2020ApJS..250....9L,SDSS DR16Q,True,,,,,0,000018.12+013637.1,dev
000020.66+312202.7,0.0860950000,31.3674370000,2.9500000000,,,,,normal_agn,2020ApJS..250....9L,SDSS DR16Q,True,,,,,0,000020.66+312202.7,test
000106.87+023845.9,0.2786610000,2.6461100000,1.7600000000,,,,,normal_agn,2020ApJS..250....9L,SDSS DR16Q,True,,,,,0,000106.87+023845.9,dev
000155.79+102106.7,0.4824870000,10.3518780000,1.5194240000,,,,,normal_agn,2020ApJS..250....9L,SDSS DR16Q,True,,,,,0,000155.79+102106.7,dev
000003.87-024228.0,0.0161650000,-2.7077900000,1.7810000000,,,,,normal_agn,2020ApJS..250....9L,SDSS DR16Q,True,,,,,0,000003.87-024228.0,dev
000030.64-064100.0,0.1276960000,-6.6833550000,2.6060000000,,,,,normal_agn,2020ApJS..250....9L,SDSS DR16Q,True,,,,,0,000030.64-064100.0,test
000045.05+011127.8,0.1877110000,1.1910600000,2.0653850000,,,,,normal_agn,2020ApJS..250....9L,SDSS DR16Q,True,,,,,0,000045.05+011127.8,dev
000038.85+054847.7,0.1619060000,5.8132700000,1.3089420000,,,,,normal_agn,2020ApJS..250....9L,SDSS DR16Q,True,,,,,0,000038.85+054847.7,dev
000206.48+284933.5,0.5270030000,28.8259910000,2.0530000000,,,,,normal_agn,2020ApJS..250....9L,SDSS DR16Q,True,,,,,0,000206.48+284933.5,dev
000200.07+291810.7,0.5003120000,29.3029840000,2.8090000000,,,,,normal_agn,2020ApJS..250....9L,SDSS DR16Q,True,,,,,0,000200.07+291810.7,test
000107.94+064643.7,0.2830840000,6.7788130000,1.4849340000,,,,,normal_agn,2020ApJS..250....9L,SDSS DR16Q,True,,,,,0,000107.94+064643.7,dev
000116.62+195153.3,0.3192550000,19.8648150000,1.0755590000,,,,,normal_agn,2020ApJS..250....9L,SDSS DR16Q,True,,,,,0,000116.62+195153.3,dev
000048.01+333926.9,0.2000540000,33.6574980000,1.7370000000,,,,,normal_agn,2020ApJS..250....9L,SDSS DR16Q,True,,,,,0,000048.01+333926.9,test
SDSS J015957.64+003310.5,29.9900000000,0.5530000000,0.3120000000,,,,,clagn,,literature,True,silver,,,,1,SDSS J015957.64+003310.5,dev
SDSS J022556.07+003026.7,36.4840000000,0.5070000000,0.5040000000,,,,,clagn,,literature,True,silver,,,,1,SDSS J022556.07+003026.7,dev
SDSS J100220.17+450927.3,150.5840000000,45.1580000000,0.1790000000,,,,,clagn,,literature,True,silver,,,,1,SDSS J100220.17+450927.3,dev
SDSS J012648.08-083948.0,21.7000000000,-8.6630000000,0.1920000000,,,,,clagn,,literature,True,silver,,,,1,SDSS J012648.08-083948.0,dev
SDSS J124634.65+023809.0,191.6440000000,2.6360000000,0.3740000000,,,,,clagn,,literature,True,silver,,,,1,SDSS J124634.65+023809.0,dev
SDSS J155440.25+362952.0,238.6680000000,36.4980000000,0.1940000000,,,,,clagn,,literature,True,silver,,,,1,SDSS J155440.25+362952.0,dev
SDSS J214613.30+000930.0,326.5560000000,0.1580000000,0.1650000000,,,,,clagn,,literature,True,silver,,,,1,SDSS J214613.30+000930.0,dev
Mrk 590,33.6400000000,-0.7670000000,0.0260000000,,,,,clagn,,literature,True,silver,,,,1,Mrk 590,dev
NGC 4151,182.6360000000,39.4060000000,0.0030000000,,,,,clagn,,literature,True,silver,,,,1,NGC 4151,dev
NGC 1365,53.4020000000,-36.1400000000,0.0050000000,,,,,clagn,,literature,True,silver,,,,1,NGC 1365,test
NGC 4395,186.4540000000,33.5470000000,0.0010000000,,,,,clagn,,literature,True,silver,,,,1,NGC 4395,dev
SDSS J080101.41+184840.7,120.2560000000,18.8110000000,0.2560000000,,,,,clagn,,literature,True,silver,,,,1,SDSS J080101.41+184840.7,dev
SDSS J002311.06+003517.5,5.7960000000,0.5880000000,0.4220000000,,,,,clagn,,literature,True,silver,,,,1,SDSS J002311.06+003517.5,dev
SDSS J125343.60+122721.6,193.4320000000,12.4560000000,0.2670000000,,,,,clagn,,literature,True,silver,,,,1,SDSS J125343.60+122721.6,dev
SDSS J134246.25+284027.4,205.6930000000,28.6740000000,0.4440000000,,,,,clagn,,literature,True,silver,,,,1,SDSS J134246.25+284027.4,test
SDSS J101152.98+544206.4,152.9710000000,54.7020000000,0.0760000000,,,,,clagn,,literature,True,silver,,,,1,SDSS J101152.98+544206.4,test
SDSS J163459.82+204936.4,248.7490000000,20.8270000000,0.0910000000,,,,,clagn,,literature,True,silver,,,,1,SDSS J163459.82+204936.4,dev
SDSS J030639.57+000343.2,46.6650000000,0.0620000000,0.2920000000,,,,,clagn,,literature,True,silver,,,,1,SDSS J030639.57+000343.2,dev
SDSS J104732.68+472532.0,161.8860000000,47.4250000000,0.2710000000,,,,,clagn,,literature,True,silver,,,,1,SDSS J104732.68+472532.0,test
SDSS J143450.62+033842.5,218.7110000000,3.6450000000,0.3250000000,,,,,clagn,,literature,True,silver,,,,1,SDSS J143450.62+033842.5,dev
NGC 4051,180.7900000000,44.5310000000,0.0020000000,,,,,clagn,,literature,True,silver,,,,1,NGC 4051,dev
NGC 7469,345.8150000000,8.8740000000,0.0160000000,,,,,clagn,,literature,True,silver,,,,1,NGC 7469,test
NGC 3783,174.7570000000,-37.7390000000,0.0100000000,,,,,clagn,,literature,True,silver,,,,1,NGC 3783,dev
NGC 4593,189.9140000000,-5.3440000000,0.0090000000,,,,,clagn,,literature,True,silver,,,,1,NGC 4593,dev
SN 2006jd,100.6700000000,19.4200000000,0.0190000000,,,,,sn,TYPE_IIn_SN,literature,True,silver,,,,0,SN 2006jd,dev
SN 2009kn,148.2700000000,15.1300000000,0.0130000000,,,,,sn,TYPE_IIn_SN,literature,True,silver,,,,0,SN 2009kn,dev
SN 2010jl,145.7250000000,9.4960000000,0.0110000000,,,,,sn,TYPE_IIn_SN,literature,True,silver,,,,0,SN 2010jl,dev
SN 2011ht,45.7900000000,51.8500000000,0.0040000000,,,,,sn,TYPE_IIn_SN,literature,True,silver,,,,0,SN 2011ht,dev
SN 2015da,155.0200000000,60.2900000000,0.0120000000,,,,,sn,TYPE_IIn_SN,literature,True,silver,,,,0,SN 2015da,dev
SN 2017hcc,39.5900000000,-12.3400000000,0.0170000000,,,,,sn,TYPE_IIn_SN,literature,True,silver,,,,0,SN 2017hcc,dev
SN 2018zd,100.2000000000,53.1100000000,0.0030000000,,,,,sn,TYPE_IIn_SN,literature,True,silver,,,,0,SN 2018zd,dev
SN 2019uo,36.8400000000,12.1200000000,0.0480000000,,,,,sn,TYPE_IIn_SN,literature,True,silver,,,,0,SN 2019uo,dev
SN 2020oi,184.9100000000,15.8200000000,0.0050000000,,,,,sn,TYPE_IIn_SN,literature,True,silver,,,,0,SN 2020oi,dev
SN 2020jfo,202.4700000000,4.4800000000,0.0050000000,,,,,sn,TYPE_IIn_SN,literature,True,silver,,,,0,SN 2020jfo,dev
SN 2021J,67.6500000000,32.1400000000,0.0050000000,,,,,sn,TYPE_IIn_SN,literature,True,silver,,,,0,SN 2021J,dev
SN 2021dbg,25.4700000000,19.1900000000,0.0120000000,,,,,sn,TYPE_IIn_SN,literature,True,silver,,,,0,SN 2021dbg,test
SN 2021hpr,177.6800000000,26.3200000000,0.0090000000,,,,,sn,TYPE_IIn_SN,literature,True,silver,,,,0,SN 2021hpr,dev
SN 2022acko,53.4000000000,-37.6800000000,0.0010000000,,,,,sn,TYPE_IIn_SN,literature,True,silver,,,,0,SN 2022acko,test
SN 2023bee,149.9600000000,13.8200000000,0.0050000000,,,,,sn,TYPE_IIn_SN,literature,True,silver,,,,0,SN 2023bee,dev
SN 2023ixf,210.9100000000,54.3100000000,0.0010000000,,,,,sn,TYPE_IIn_SN,literature,True,silver,,,,0,SN 2023ixf,dev
ASASSN-14li,192.0630000000,17.7740000000,0.0210000000,,,,,sn,ASASSN,literature,True,silver,,,,0,ASASSN-14li,dev
ASASSN-15lh,339.0020000000,-61.2100000000,0.2320000000,,,,,sn,ASASSN,literature,True,silver,,,,0,ASASSN-15lh,dev
ASASSN-16fp,230.4180000000,53.9800000000,0.0090000000,,,,,sn,ASASSN,literature,True,silver,,,,0,ASASSN-16fp,dev
ASASSN-17jz,233.2810000000,50.1710000000,0.0600000000,,,,,sn,ASASSN,literature,True,silver,,,,0,ASASSN-17jz,dev
ASASSN-18jd,309.4400000000,-60.0800000000,0.1070000000,,,,,sn,ASASSN,literature,True,silver,,,,0,ASASSN-18jd,test
ASASSN-19aad,346.8210000000,-15.6230000000,0.0470000000,,,,,sn,ASASSN,literature,True,silver,,,,0,ASASSN-19aad,test
ASASSN-19bt,128.7960000000,-19.1160000000,0.0090000000,,,,,sn,ASASSN,literature,True,silver,,,,0,ASASSN-19bt,dev
ASASSN-20hx,47.0130000000,-49.7820000000,0.0360000000,,,,,sn,ASASSN,literature,True,silver,,,,0,ASASSN-20hx,test
PKS 2155-304,329.7170000000,-30.2260000000,0.1160000000,,,,,blazar,Chadwick+1999,literature,True,silver,,,,0,PKS 2155-304,dev
1ES 1959+650,300.0010000000,65.1490000000,0.0480000000,,,,,blazar,Nishiyama+1999,literature,True,silver,,,,0,1ES 1959+650,dev
1ES 2344+514,356.7700000000,51.7050000000,0.0440000000,,,,,blazar,Catanese+1998,literature,True,silver,,,,0,1ES 2344+514,dev
W Com,185.3820000000,28.2330000000,0.1020000000,,,,,blazar,Neshpor+1998,literature,True,silver,,,,0,W Com,dev
S5 0716+714,110.4730000000,71.3430000000,0.3100000000,,,,,blazar,Nilsson+2008,literature,True,silver,,,,0,S5 0716+714,dev
ON 325,187.5570000000,39.0220000000,0.1300000000,,,,,blazar,Rec+1976,literature,True,silver,,,,0,ON 325,dev
1ES 0229+200,38.2030000000,20.2880000000,0.1400000000,,,,,blazar,Aharonian+2007,literature,True,silver,,,,0,1ES 0229+200,test
1ES 0347-121,57.3480000000,-11.9910000000,0.1880000000,,,,,blazar,Aharonian+2007,literature,True,silver,,,,0,1ES 0347-121,test
RGB J0710+591,107.6250000000,59.1340000000,0.1250000000,,,,,blazar,Acciari+2010,literature,True,silver,,,,0,RGB J0710+591,dev
1ES 1218+304,185.3410000000,30.1770000000,0.1820000000,,,,,blazar,Albert+2006,literature,True,silver,,,,0,1ES 1218+304,dev
PKS 1424+240,216.7520000000,23.8000000000,0.6040000000,,,,,blazar,Acciari+2010,literature,True,silver,,,,0,PKS 1424+240,test
1ES 1727+502,262.0760000000,50.2200000000,0.0550000000,,,,,blazar,Falomo+1994,literature,True,silver,,,,0,1ES 1727+502,dev
1ES 1741+196,265.9900000000,19.5880000000,0.0840000000,,,,,blazar,Falomo+1994,literature,True,silver,,,,0,1ES 1741+196,dev
S4 0954+658,149.7040000000,65.5660000000,0.3670000000,,,,,blazar,Mukherjee+1999,literature,True,silver,,,,0,S4 0954+658,dev
PKS 1510-089,228.2110000000,-9.1000000000,0.3600000000,,,,,blazar,Blandford+1978,literature,True,silver,,,,0,PKS 1510-089,test
CTA 102,338.1520000000,11.7310000000,1.0370000000,,,,,blazar,Osterbrock+1977,literature,True,silver,,,,0,CTA 102,dev
3C 454.3,343.4910000000,16.1480000000,0.8590000000,,,,,blazar,Hartman+1999,literature,True,silver,,,,0,3C 454.3,dev
4C 21.35,186.2270000000,21.3790000000,0.4350000000,,,,,blazar,Fermi-LAT+2009,literature,True,silver,,,,0,4C 21.35,dev
PKS 0454-234,74.2700000000,-23.4150000000,1.0030000000,,,,,blazar,Pian+2005,literature,True,silver,,,,0,PKS 0454-234,dev
PKS 0235+164,39.6620000000,16.6160000000,0.9400000000,,,,,blazar,Stickel+1988,literature,True,silver,,,,0,PKS 0235+164,test
B2 1308+326,197.6200000000,32.3460000000,0.9970000000,,,,,blazar,Blandford+1978,literature,True,silver,,,,0,B2 1308+326,dev
NRAO 530,220.1690000000,-13.0790000000,0.9020000000,,,,,blazar,Zhou+1979,literature,True,silver,,,,0,NRAO 530,dev
TXS 0506+056,77.3580000000,5.6930000000,0.3360000000,,,,,blazar,IceCube+2018,literature,True,silver,,,,0,TXS 0506+056,dev
PKS 0537-286,84.7110000000,-28.6700000000,3.1000000000,,,,,blazar,Wright+1978,literature,True,silver,,,,0,PKS 0537-286,dev
PKS 0727-11,112.5800000000,-11.6980000000,1.5910000000,,,,,blazar,Stickel+1989,literature,True,silver,,,,0,PKS 0727-11,dev
PKS 1502+106,226.1040000000,10.4940000000,1.8390000000,,,,,blazar,Abdo+2010,literature,True,silver,,,,0,PKS 1502+106,dev
NRAO 190,57.2880000000,30.3500000000,0.6290000000,,,,,blazar,Condon+1977,literature,True,silver,,,,0,NRAO 190,dev
PKS 2052-474,313.9600000000,-47.2250000000,1.4910000000,,,,,blazar,Wall+1975,literature,True,silver,,,,0,PKS 2052-474,test
PKS 2142-758,326.5600000000,-75.6180000000,1.1390000000,,,,,blazar,Wright+1996,literature,True,silver,,,,0,PKS 2142-758,dev
CGRaBS J0239+0416,39.9000000000,4.2720000000,1.1150000000,,,,,blazar,Healey+2008,literature,True,silver,,,,0,CGRaBS J0239+0416,dev
PKS 0537-441,84.7100000000,-44.0860000000,0.8940000000,,,,,blazar,Remillard+1991,literature,True,silver,,,,0,PKS 0537-441,dev
083602.06+520824.7,129.0086140000,52.1402040000,0.2320000000,,,,,normal_agn,,literature,True,silver,,,,0,083602.06+520824.7,dev
075425.30+343255.8,118.6054480000,34.5488380000,0.2033160000,,,,,normal_agn,,literature,True,silver,,,,0,075425.30+343255.8,test
081542.53+063522.9,123.9272240000,6.5897020000,0.2437490000,,,,,normal_agn,,literature,True,silver,,,,0,081542.53+063522.9,dev
084302.49+185612.4,130.7604060000,18.9367840000,0.2742640000,,,,,normal_agn,,literature,True,silver,,,,0,084302.49+185612.4,dev
075613.68+391513.4,119.0570080000,39.2537430000,0.2987930000,,,,,normal_agn,,literature,True,silver,,,,0,075613.68+391513.4,test
083237.43+365613.9,128.1559940000,36.9372190000,0.2665890000,,,,,normal_agn,,literature,True,silver,,,,0,083237.43+365613.9,dev
084509.29+430226.9,131.2887380000,43.0408200000,0.2407840000,,,,,normal_agn,,literature,True,silver,,,,0,084509.29+430226.9,dev
083844.13+541831.9,129.6839010000,54.3088790000,0.2190000000,,,,,normal_agn,,literature,True,silver,,,,0,083844.13+541831.9,dev
083923.84+474517.4,129.8493470000,47.7548340000,0.0817800000,,,,,normal_agn,,literature,True,silver,,,,0,083923.84+474517.4,dev
080939.35+554506.9,122.4139740000,55.7519400000,0.2200000000,,,,,normal_agn,,literature,True,silver,,,,0,080939.35+554506.9,test
075709.45+185237.9,119.2893990000,18.8772010000,0.2505290000,,,,,normal_agn,,literature,True,silver,,,,0,075709.45+185237.9,dev
080956.64+201823.3,122.4860220000,20.3064910000,0.2970000000,,,,,normal_agn,,literature,True,silver,,,,0,080956.64+201823.3,test
075001.55+442845.1,117.5064890000,44.4792020000,0.2320000000,,,,,normal_agn,,literature,True,silver,,,,0,075001.55+442845.1,dev
082432.99+514123.3,126.1374820000,51.6898110000,0.1110000000,,,,,normal_agn,,literature,True,silver,,,,0,082432.99+514123.3,dev
083353.88+422401.8,128.4745000000,42.4005190000,0.2491530000,,,,,normal_agn,,literature,True,silver,,,,0,083353.88+422401.8,dev
083924.60+575230.0,129.8525260000,57.8750060000,0.1870000000,,,,,normal_agn,,literature,True,silver,,,,0,083924.60+575230.0,dev
082421.76+542431.0,126.0906850000,54.4086160000,0.1062340000,,,,,normal_agn,,literature,True,silver,,,,0,082421.76+542431.0,test
083753.88+193900.2,129.4745130000,19.6500690000,0.2425350000,,,,,normal_agn,,literature,True,silver,,,,0,083753.88+193900.2,dev
080544.73+545349.2,121.4363800000,54.8970210000,0.2568170000,,,,,normal_agn,,literature,True,silver,,,,0,080544.73+545349.2,dev
075525.15+492227.0,118.8548160000,49.3741680000,0.2701520000,,,,,normal_agn,,literature,True,silver,,,,0,075525.15+492227.0,test
083443.80+382632.7,128.6825170000,38.4424360000,0.2880000000,,,,,normal_agn,,literature,True,silver,,,,0,083443.80+382632.7,dev
084313.41+535718.8,130.8058930000,53.9552420000,0.2175590000,,,,,normal_agn,,literature,True,silver,,,,0,084313.41+535718.8,dev
081652.24+425829.3,124.2176880000,42.9748330000,0.2344760000,,,,,normal_agn,,literature,True,silver,,,,0,081652.24+425829.3,dev
082127.13+280057.6,125.3630690000,28.0160040000,0.2219470000,,,,,normal_agn,,literature,True,silver,,,,0,082127.13+280057.6,dev
083307.86+501000.3,128.2827680000,50.1667700000,0.0530000000,,,,,normal_agn,,literature,True,silver,,,,0,083307.86+501000.3,dev
075401.44+262908.8,118.5060000000,26.4857970000,0.1980800000,,,,,normal_agn,,literature,True,silver,,,,0,075401.44+262908.8,dev
081904.02+300058.0,124.7667680000,30.0161300000,0.2540000000,,,,,normal_agn,,literature,True,silver,,,,0,081904.02+300058.0,dev
081116.70+320935.4,122.8196200000,32.1598380000,0.1536910000,,,,,normal_agn,,literature,True,silver,,,,0,081116.70+320935.4,dev
081437.86+433353.6,123.6577850000,43.5649040000,0.2914500000,,,,,normal_agn,,literature,True,silver,,,,0,081437.86+433353.6,dev
080411.19+431640.6,121.0466600000,43.2779710000,0.1320000000,,,,,normal_agn,,literature,True,silver,,,,0,080411.19+431640.6,dev
074845.39+174836.9,117.1891280000,17.8102670000,0.2493730000,,,,,normal_agn,,literature,True,silver,,,,0,074845.39+174836.9,dev
083410.60+353905.5,128.5442010000,35.6515520000,0.1360610000,,,,,normal_agn,,literature,True,silver,,,,0,083410.60+353905.5,dev
084411.31+525211.4,131.0471600000,52.8698340000,0.2390000000,,,,,normal_agn,,literature,True,silver,,,,0,084411.31+525211.4,dev
080322.48+433307.0,120.8436850000,43.5519660000,0.2755580000,,,,,normal_agn,,literature,True,silver,,,,0,080322.48+433307.0,dev
081020.12+073414.6,122.5838340000,7.5707360000,0.2400430000,,,,,normal_agn,,literature,True,silver,,,,0,081020.12+073414.6,test
081808.76+204910.1,124.5365360000,20.8194860000,0.2350000000,,,,,normal_agn,,literature,True,silver,,,,0,081808.76+204910.1,test
080131.96+473616.0,120.3831810000,47.6044630000,0.1570220000,,,,,normal_agn,,literature,True,silver,,,,0,080131.96+473616.0,test
083424.48+572224.1,128.6020380000,57.3733770000,0.2970000000,,,,,normal_agn,,literature,True,silver,,,,0,083424.48+572224.1,dev
083453.39+384708.5,128.7224810000,38.7857180000,0.1844230000,,,,,normal_agn,,literature,True,silver,,,,0,083453.39+384708.5,test
081144.47+121944.7,122.9353300000,12.3291080000,0.2770000000,,,,,normal_agn,,literature,True,silver,,,,0,081144.47+121944.7,dev
075244.19+455657.4,118.1841520000,45.9492810000,0.0520000000,,,,,normal_agn,,literature,True,silver,,,,0,075244.19+455657.4,test
081329.29+483427.8,123.3720640000,48.5744070000,0.2740000000,,,,,normal_agn,,literature,True,silver,,,,0,081329.29+483427.8,dev
083726.95+312104.8,129.3623120000,31.3513520000,0.1780830000,,,,,normal_agn,,literature,True,silver,,,,0,083726.95+312104.8,dev
081059.78+300405.4,122.7491110000,30.0681870000,0.1620790000,,,,,normal_agn,,literature,True,silver,,,,0,081059.78+300405.4,dev
084327.31+124417.0,130.8638200000,12.7380790000,0.2976600000,,,,,normal_agn,,literature,True,silver,,,,0,084327.31+124417.0,dev
082157.58+081901.0,125.4899460000,8.3169480000,0.2408940000,,,,,normal_agn,,literature,True,silver,,,,0,082157.58+081901.0,dev
084229.78+552516.3,130.6240970000,55.4212190000,0.2375260000,,,,,normal_agn,,literature,True,silver,,,,0,084229.78+552516.3,test
080554.11+111432.5,121.4754670000,11.2423620000,0.2277430000,,,,,normal_agn,,literature,True,silver,,,,0,080554.11+111432.5,dev
083657.70+201942.2,129.2404540000,20.3284060000,0.2899000000,,,,,normal_agn,,literature,True,silver,,,,0,083657.70+201942.2,dev
075101.42+291419.1,117.7559490000,29.2386580000,0.1208910000,,,,,normal_agn,,literature,True,silver,,,,0,075101.42+291419.1,dev
075244.63+434105.3,118.1859680000,43.6848120000,0.1800000000,,,,,normal_agn,,literature,True,silver,,,,0,075244.63+434105.3,test
081857.21+111232.4,124.7384100000,11.2090040000,0.2670000000,,,,,normal_agn,,literature,True,silver,,,,0,081857.21+111232.4,dev
075621.47+324846.7,119.0894950000,32.8129990000,0.2761820000,,,,,normal_agn,,literature,True,silver,,,,0,075621.47+324846.7,dev
080804.98+424310.3,122.0207750000,42.7195540000,0.2250740000,,,,,normal_agn,,literature,True,silver,,,,0,080804.98+424310.3,dev
083027.92+543026.1,127.6163670000,54.5072600000,0.2833810000,,,,,normal_agn,,literature,True,silver,,,,0,083027.92+543026.1,dev
083646.86+151259.0,129.1952500000,15.2164020000,0.2803360000,,,,,normal_agn,,literature,True,silver,,,,0,083646.86+151259.0,dev
081422.59+265410.4,123.5941330000,26.9029130000,0.2887910000,,,,,normal_agn,,literature,True,silver,,,,0,081422.59+265410.4,dev
083350.81+445544.9,128.4617320000,44.9291440000,0.2060000000,,,,,normal_agn,,literature,True,silver,,,,0,083350.81+445544.9,dev
082549.26+173348.5,126.4552600000,17.5634730000,0.2233530000,,,,,normal_agn,,literature,True,silver,,,,0,082549.26+173348.5,dev
082320.27+044300.0,125.8344880000,4.7166830000,0.1030000000,,,,,normal_agn,,literature,True,silver,,,,0,082320.27+044300.0,dev
080908.28+202420.4,122.2845280000,20.4056790000,0.1843680000,,,,,normal_agn,,literature,True,silver,,,,0,080908.28+202420.4,dev
083533.10+494817.2,128.8879480000,49.8047880000,0.1980000000,,,,,normal_agn,,literature,True,silver,,,,0,083533.10+494817.2,dev
081359.30+213512.7,123.4970970000,21.5868740000,0.1802470000,,,,,normal_agn,,literature,True,silver,,,,0,081359.30+213512.7,dev
084349.75+261910.7,130.9573030000,26.3196500000,0.2571000000,,,,,normal_agn,,literature,True,silver,,,,0,084349.75+261910.7,dev
075209.09+414235.5,118.0378920000,41.7098800000,0.2587260000,,,,,normal_agn,,literature,True,silver,,,,0,075209.09+414235.5,test
083630.99+411326.0,129.1291360000,41.2239160000,0.2767730000,,,,,normal_agn,,literature,True,silver,,,,0,083630.99+411326.0,dev
083647.50+042214.4,129.1979580000,4.3706810000,0.1815250000,,,,,normal_agn,,literature,True,silver,,,,0,083647.50+042214.4,dev
075659.58+452830.5,119.2482700000,45.4751620000,0.2050000000,,,,,normal_agn,,literature,True,silver,,,,0,075659.58+452830.5,dev
080452.73+212050.2,121.2197270000,21.3472800000,0.1247040000,,,,,normal_agn,,literature,True,silver,,,,0,080452.73+212050.2,dev
083943.59+433018.0,129.9316310000,43.5050250000,0.1370000000,,,,,normal_agn,,literature,True,silver,,,,0,083943.59+433018.0,dev
083717.89+191648.0,129.3245460000,19.2800040000,0.2936780000,,,,,normal_agn,,literature,True,silver,,,,0,083717.89+191648.0,dev
080639.13+492747.6,121.6630430000,49.4632300000,0.2779210000,,,,,normal_agn,,literature,True,silver,,,,0,080639.13+492747.6,dev
081427.69+433705.1,123.6153790000,43.6180910000,0.2239920000,,,,,normal_agn,,literature,True,silver,,,,0,081427.69+433705.1,dev
083137.94+432825.2,127.9081180000,43.4736750000,0.2007530000,,,,,normal_agn,,literature,True,silver,,,,0,083137.94+432825.2,dev
075216.55+500251.3,118.0689940000,50.0475960000,0.2631820000,,,,,normal_agn,,literature,True,silver,,,,0,075216.55+500251.3,dev
075819.68+421935.1,119.5820270000,42.3264330000,0.2110000000,,,,,normal_agn,,literature,True,silver,,,,0,075819.68+421935.1,test
074840.67+192703.6,117.1694850000,19.4510160000,0.0507970000,,,,,normal_agn,,literature,True,silver,,,,0,074840.67+192703.6,dev
082930.59+081238.0,127.3774600000,8.2105750000,0.1295100000,,,,,normal_agn,,literature,True,silver,,,,0,082930.59+081238.0,dev
080402.54+370201.2,121.0105960000,37.0336670000,0.2169000000,,,,,normal_agn,,literature,True,silver,,,,0,080402.54+370201.2,dev
081953.08+561017.7,124.9712010000,56.1716070000,0.2179930000,,,,,normal_agn,,literature,True,silver,,,,0,081953.08+561017.7,test
080202.78+101943.1,120.5116170000,10.3286490000,0.2048000000,,,,,normal_agn,,literature,True,silver,,,,0,080202.78+101943.1,dev
084207.59+274326.1,130.5316540000,27.7239280000,0.2729400000,,,,,normal_agn,,literature,True,silver,,,,0,084207.59+274326.1,dev
075949.54+320023.8,119.9564240000,32.0066200000,0.1879220000,,,,,normal_agn,,literature,True,silver,,,,0,075949.54+320023.8,dev
075643.10+310248.9,119.1796110000,31.0469380000,0.2713660000,,,,,normal_agn,,literature,True,silver,,,,0,075643.10+310248.9,dev
080849.07+452907.3,122.2044700000,45.4853870000,0.2460410000,,,,,normal_agn,,literature,True,silver,,,,0,080849.07+452907.3,dev
082734.94+493210.0,126.8956150000,49.5361340000,0.2272830000,,,,,normal_agn,,literature,True,silver,,,,0,082734.94+493210.0,dev
080838.69+505124.2,122.1612140000,50.8567280000,0.2828820000,,,,,normal_agn,,literature,True,silver,,,,0,080838.69+505124.2,dev
083512.36+124234.5,128.8015310000,12.7096030000,0.2774750000,,,,,normal_agn,,literature,True,silver,,,,0,083512.36+124234.5,dev
083740.02+105902.1,129.4167660000,10.9839360000,0.2721080000,,,,,normal_agn,,literature,True,silver,,,,0,083740.02+105902.1,dev
083125.11+560925.2,127.8546650000,56.1570180000,0.2321960000,,,,,normal_agn,,literature,True,silver,,,,0,083125.11+560925.2,test
080120.97+194803.9,120.3374020000,19.8010940000,0.1792400000,,,,,normal_agn,,literature,True,silver,,,,0,080120.97+194803.9,test
080729.43+261805.9,121.8726310000,26.3016480000,0.2669080000,,,,,normal_agn,,literature,True,silver,,,,0,080729.43+261805.9,dev
082739.00+094209.4,126.9125050000,9.7026310000,0.2605000000,,,,,normal_agn,,literature,True,silver,,,,0,082739.00+094209.4,dev
082059.27+264521.2,125.2469840000,26.7559030000,0.2391360000,,,,,normal_agn,,literature,True,silver,,,,0,082059.27+264521.2,dev
081429.25+265241.7,123.6219000000,26.8782570000,0.2848110000,,,,,normal_agn,,literature,True,silver,,,,0,081429.25+265241.7,test
081651.10+180249.6,124.2129310000,18.0471310000,0.1595000000,,,,,normal_agn,,literature,True,silver,,,,0,081651.10+180249.6,dev
080334.73+433019.7,120.8947380000,43.5054820000,0.1900000000,,,,,normal_agn,,literature,True,silver,,,,0,080334.73+433019.7,dev
081018.67+250921.2,122.5778220000,25.1559070000,0.2633520000,,,,,normal_agn,,literature,True,silver,,,,0,081018.67+250921.2,test
083117.99+450024.4,127.8249880000,45.0067910000,0.1470000000,,,,,normal_agn,,literature,True,silver,,,,0,083117.99+450024.4,dev
081916.28+481745.5,124.8178650000,48.2959810000,0.2230000000,,,,,normal_agn,,literature,True,silver,,,,0,081916.28+481745.5,dev
082942.94+283521.5,127.4289410000,28.5893070000,0.2937840000,,,,,normal_agn,,literature,True,silver,,,,0,082942.94+283521.5,dev
080559.94+260602.3,121.4997680000,26.1006620000,0.1366540000,,,,,normal_agn,,literature,True,silver,,,,0,080559.94+260602.3,dev
075805.17+393814.9,119.5215670000,39.6374990000,0.2532400000,,,,,normal_agn,,literature,True,silver,,,,0,075805.17+393814.9,test
082842.73+454433.2,127.1780630000,45.7425810000,0.0490000000,,,,,normal_agn,,literature,True,silver,,,,0,082842.73+454433.2,dev
081252.76+102509.0,123.2198520000,10.4191920000,0.2218000000,,,,,normal_agn,,literature,True,silver,,,,0,081252.76+102509.0,dev
075403.60+481428.0,118.5150350000,48.2411280000,0.2740000000,,,,,normal_agn,,literature,True,silver,,,,0,075403.60+481428.0,dev
083859.56+530639.8,129.7481760000,53.1110570000,0.2710000000,,,,,normal_agn,,literature,True,silver,,,,0,083859.56+530639.8,dev
080606.87+383402.1,121.5286590000,38.5672610000,0.2502480000,,,,,normal_agn,,literature,True,silver,,,,0,080606.87+383402.1,dev
083410.44+331050.4,128.5435040000,33.1806820000,0.2800000000,,,,,normal_agn,,literature,True,silver,,,,0,083410.44+331050.4,dev
075112.18+174351.7,117.8007510000,17.7310430000,0.1865410000,,,,,normal_agn,,literature,True,silver,,,,0,075112.18+174351.7,dev
080816.71+530742.0,122.0696470000,53.1283450000,0.2774420000,,,,,normal_agn,,literature,True,silver,,,,0,080816.71+530742.0,dev
080330.39+262824.0,120.8766660000,26.4733470000,0.2535720000,,,,,normal_agn,,literature,True,silver,,,,0,080330.39+262824.0,dev
083522.28+260539.1,128.8428630000,26.0942140000,0.1876490000,,,,,normal_agn,,literature,True,silver,,,,0,083522.28+260539.1,dev
074903.24+452053.6,117.2635230000,45.3482240000,0.2010000000,,,,,normal_agn,,literature,True,silver,,,,0,074903.24+452053.6,test
083917.35+392818.0,129.8223100000,39.4716670000,0.1861900000,,,,,normal_agn,,literature,True,silver,,,,0,083917.35+392818.0,dev
082736.74+214220.3,126.9031070000,21.7056570000,0.2030000000,,,,,normal_agn,,literature,True,silver,,,,0,082736.74+214220.3,test
081957.28+103706.6,124.9886720000,10.6185180000,0.2954000000,,,,,normal_agn,,literature,True,silver,,,,0,081957.28+103706.6,dev
081445.09+243635.0,123.6879000000,24.6097240000,0.2975200000,,,,,normal_agn,,literature,True,silver,,,,0,081445.09+243635.0,dev
081317.91+435620.6,123.3246580000,43.9390660000,0.2546610000,,,,,normal_agn,,literature,True,silver,,,,0,081317.91+435620.6,test
083049.34+172826.3,127.7055920000,17.4739950000,0.2709830000,,,,,normal_agn,,literature,True,silver,,,,0,083049.34+172826.3,dev
083343.47+074654.4,128.4311550000,7.7818050000,0.2057860000,,,,,normal_agn,,literature,True,silver,,,,0,083343.47+074654.4,dev
083227.36+503505.7,128.1140280000,50.5849430000,0.2866580000,,,,,normal_agn,,literature,True,silver,,,,0,083227.36+503505.7,test
080314.81+091851.5,120.8117180000,9.3143230000,0.2930000000,,,,,normal_agn,,literature,True,silver,,,,0,080314.81+091851.5,dev
081441.91+212918.5,123.6746550000,21.4884730000,0.1631160000,,,,,normal_agn,,literature,True,silver,,,,0,081441.91+212918.5,dev
084419.70+450131.6,131.0821000000,45.0254640000,0.2390000000,,,,,normal_agn,,literature,True,silver,,,,0,084419.70+450131.6,dev
075934.94+322143.3,119.8956000000,32.3620310000,0.2689470000,,,,,normal_agn,,literature,True,silver,,,,0,075934.94+322143.3,dev
081801.46+205009.9,124.5061170000,20.8361010000,0.2350000000,,,,,normal_agn,,literature,True,silver,,,,0,081801.46+205009.9,test
081032.72+565105.2,122.6363710000,56.8514630000,0.2760000000,,,,,normal_agn,,literature,True,silver,,,,0,081032.72+565105.2,dev
075057.26+353037.6,117.7386050000,35.5104700000,0.1763980000,,,,,normal_agn,,literature,True,silver,,,,0,075057.26+353037.6,dev
083933.25+065119.6,129.8885680000,6.8554510000,0.2341580000,,,,,normal_agn,,literature,True,silver,,,,0,083933.25+065119.6,dev
074957.44+312006.1,117.4893390000,31.3350280000,0.2298270000,,,,,normal_agn,,literature,True,silver,,,,0,074957.44+312006.1,dev
083052.45+431419.9,127.7185810000,43.2388640000,0.2510000000,,,,,normal_agn,,literature,True,silver,,,,0,083052.45+431419.9,dev
080142.15+514023.3,120.4256260000,51.6731640000,0.1961810000,,,,,normal_agn,,literature,True,silver,,,,0,080142.15+514023.3,test
084203.73+401831.2,130.5155680000,40.3086940000,0.1518510000,,,,,normal_agn,,literature,True,silver,,,,0,084203.73+401831.2,dev
081506.01+562916.6,123.7750620000,56.4879630000,0.2738360000,,,,,normal_agn,,literature,True,silver,,,,0,081506.01+562916.6,dev
082113.71+350305.0,125.3071540000,35.0514020000,0.2930000000,,,,,normal_agn,,literature,True,silver,,,,0,082113.71+350305.0,dev
083829.09+294710.2,129.6212340000,29.7861710000,0.2844970000,,,,,normal_agn,,literature,True,silver,,,,0,083829.09+294710.2,dev
080037.62+461257.9,120.1567880000,46.2160920000,0.2390000000,,,,,normal_agn,,literature,True,silver,,,,0,080037.62+461257.9,dev
084206.38+343856.0,130.5265960000,34.6488960000,0.2861440000,,,,,normal_agn,,literature,True,silver,,,,0,084206.38+343856.0,dev
083045.40+450235.8,127.6891990000,45.0433010000,0.1820000000,,,,,normal_agn,,literature,True,silver,,,,0,083045.40+450235.8,dev
080818.34+481758.9,122.0764480000,48.2997050000,0.2170000000,,,,,normal_agn,,literature,True,silver,,,,0,080818.34+481758.9,dev
081835.59+390911.1,124.6483180000,39.1531000000,0.1871150000,,,,,normal_agn,,literature,True,silver,,,,0,081835.59+390911.1,dev
084142.99+040427.5,130.4291390000,4.0743250000,0.2550630000,,,,,normal_agn,,literature,True,silver,,,,0,084142.99+040427.5,test
083849.56+463204.3,129.7065120000,46.5345530000,0.2580000000,,,,,normal_agn,,literature,True,silver,,,,0,083849.56+463204.3,dev
083553.46+055317.1,128.9727650000,5.8880890000,0.2051200000,,,,,normal_agn,,literature,True,silver,,,,0,083553.46+055317.1,dev
083139.75+195605.4,127.9156600000,19.9348400000,0.2109000000,,,,,normal_agn,,literature,True,silver,,,,0,083139.75+195605.4,test
081916.75+270733.8,124.8198090000,27.1260600000,0.2610000000,,,,,normal_agn,,literature,True,silver,,,,0,081916.75+270733.8,dev
075102.37+241019.0,117.7598750000,24.1719560000,0.2461480000,,,,,normal_agn,,literature,True,silver,,,,0,075102.37+241019.0,dev
083148.87+042939.0,127.9536530000,4.4941930000,0.1747240000,,,,,normal_agn,,literature,True,silver,,,,0,083148.87+042939.0,dev
082537.76+474029.4,126.4073380000,47.6748510000,0.2491550000,,,,,normal_agn,,literature,True,silver,,,,0,082537.76+474029.4,dev
075824.06+431111.0,119.6002870000,43.1864100000,0.2570000000,,,,,normal_agn,,literature,True,silver,,,,0,075824.06+431111.0,dev
080308.64+530004.7,120.7860270000,53.0013200000,0.2874710000,,,,,normal_agn,,literature,True,silver,,,,0,080308.64+530004.7,dev
083303.21+272241.8,128.2633860000,27.3782960000,0.2719090000,,,,,normal_agn,,literature,True,silver,,,,0,083303.21+272241.8,test
081822.14+233206.8,124.5922550000,23.5352380000,0.2439350000,,,,,normal_agn,,literature,True,silver,,,,0,081822.14+233206.8,test
081451.42+433010.8,123.7142570000,43.5030100000,0.2780000000,,,,,normal_agn,,literature,True,silver,,,,0,081451.42+433010.8,dev
081252.45+402348.8,123.2185540000,40.3969110000,0.1884920000,,,,,normal_agn,,literature,True,silver,,,,0,081252.45+402348.8,dev
081636.18+294135.7,124.1507710000,29.6932720000,0.2602640000,,,,,normal_agn,,literature,True,silver,,,,0,081636.18+294135.7,dev
080118.88+203556.2,120.3286840000,20.5989690000,0.2588560000,,,,,normal_agn,,literature,True,silver,,,,0,080118.88+203556.2,dev
081652.88+241612.5,124.2203470000,24.2701620000,0.2758050000,,,,,normal_agn,,literature,True,silver,,,,0,081652.88+241612.5,dev
081112.57+224230.4,122.8023880000,22.7084600000,0.2423980000,,,,,normal_agn,,literature,True,silver,,,,0,081112.57+224230.4,test
075437.80+181240.7,118.6575100000,18.2113220000,0.2977360000,,,,,normal_agn,,literature,True,silver,,,,0,075437.80+181240.7,test
083852.91+264120.9,129.7204760000,26.6891410000,0.2974800000,,,,,normal_agn,,literature,True,silver,,,,0,083852.91+264120.9,dev
080930.46+214614.9,122.3769490000,21.7708140000,0.1518090000,,,,,normal_agn,,literature,True,silver,,,,0,080930.46+214614.9,dev
081657.67+365743.5,124.2402990000,36.9620980000,0.2793600000,,,,,normal_agn,,literature,True,silver,,,,0,081657.67+365743.5,dev
081933.49+393233.2,124.8895600000,39.5425580000,0.2412930000,,,,,normal_agn,,literature,True,silver,,,,0,081933.49+393233.2,dev
080600.19+134322.0,121.5008200000,13.7227860000,0.2683470000,,,,,normal_agn,,literature,True,silver,,,,0,080600.19+134322.0,dev
081738.33+242330.0,124.4097290000,24.3916880000,0.2822360000,,,,,normal_agn,,literature,True,silver,,,,0,081738.33+242330.0,dev
084205.57+075925.5,130.5232200000,7.9904340000,0.1340440000,,,,,normal_agn,,literature,True,silver,,,,0,084205.57+075925.5,dev
080742.46+375332.1,121.9269460000,37.8922580000,0.2302150000,,,,,normal_agn,,literature,True,silver,,,,0,080742.46+375332.1,dev
083658.90+442602.2,129.2454410000,44.4339700000,0.2545600000,,,,,normal_agn,,literature,True,silver,,,,0,083658.90+442602.2,dev
075939.50+140543.5,119.9146020000,14.0954290000,0.2085010000,,,,,normal_agn,,literature,True,silver,,,,0,075939.50+140543.5,dev
080054.00+391719.1,120.2250340000,39.2886640000,0.1986370000,,,,,normal_agn,,literature,True,silver,,,,0,080054.00+391719.1,test
080131.58+354436.4,120.3816220000,35.7434520000,0.1785220000,,,,,normal_agn,,literature,True,silver,,,,0,080131.58+354436.4,dev
074838.61+472323.0,117.1608780000,47.3897330000,0.2011150000,,,,,normal_agn,,literature,True,silver,,,,0,074838.61+472323.0,dev
074838.00+285059.4,117.1583410000,28.8498550000,0.2906000000,,,,,normal_agn,,literature,True,silver,,,,0,074838.00+285059.4,dev
081516.86+460430.8,123.8202910000,46.0752460000,0.0410000000,,,,,normal_agn,,literature,True,silver,,,,0,081516.86+460430.8,dev
082311.26+435318.5,125.7969380000,43.8884800000,0.1820000000,,,,,normal_agn,,literature,True,silver,,,,0,082311.26+435318.5,dev
075318.26+492616.5,118.3261040000,49.4379420000,0.2510940000,,,,,normal_agn,,literature,True,silver,,,,0,075318.26+492616.5,dev
075944.92+183953.7,119.9371850000,18.6649340000,0.2632380000,,,,,normal_agn,,literature,True,silver,,,,0,075944.92+183953.7,dev
084225.43+411517.2,130.6059730000,41.2547810000,0.2991930000,,,,,normal_agn,,literature,True,silver,,,,0,084225.43+411517.2,test
083315.08+100052.3,128.3128360000,10.0145500000,0.2550000000,,,,,normal_agn,,literature,True,silver,,,,0,083315.08+100052.3,dev
080835.12+111919.4,122.1463440000,11.3220720000,0.2325000000,,,,,normal_agn,,literature,True,silver,,,,0,080835.12+111919.4,dev
075156.63+514323.9,117.9859590000,51.7233230000,0.2584700000,,,,,normal_agn,,literature,True,silver,,,,0,075156.63+514323.9,dev
075619.07+122929.1,119.0794870000,12.4914220000,0.2663320000,,,,,normal_agn,,literature,True,silver,,,,0,075619.07+122929.1,dev
081809.90+294841.8,124.5412770000,29.8116170000,0.2729410000,,,,,normal_agn,,literature,True,silver,,,,0,081809.90+294841.8,dev
083754.97+175251.2,129.4790620000,17.8809010000,0.2320670000,,,,,normal_agn,,literature,True,silver,,,,0,083754.97+175251.2,test
075620.07+304535.4,119.0836510000,30.7598400000,0.2357480000,,,,,normal_agn,,literature,True,silver,,,,0,075620.07+304535.4,dev
082508.23+422516.2,126.2843060000,42.4211860000,0.1860360000,,,,,normal_agn,,literature,True,silver,,,,0,082508.23+422516.2,dev
080309.36+553620.5,120.7890280000,55.6057020000,0.2623170000,,,,,normal_agn,,literature,True,silver,,,,0,080309.36+553620.5,test
082216.91+345508.4,125.5704750000,34.9190110000,0.0257950000,,,,,normal_agn,,literature,True,silver,,,,0,082216.91+345508.4,test
082405.19+445246.0,126.0216520000,44.8794670000,0.2196900000,,,,,normal_agn,,literature,True,silver,,,,0,082405.19+445246.0,dev
083837.29+561513.8,129.6553850000,56.2538470000,0.2990000000,,,,,normal_agn,,literature,True,silver,,,,0,083837.29+561513.8,dev
080652.11+564412.8,121.7171380000,56.7368970000,0.1800000000,,,,,normal_agn,,literature,True,silver,,,,0,080652.11+564412.8,dev
080422.61+192638.7,121.0942470000,19.4440940000,0.2789650000,,,,,normal_agn,,literature,True,silver,,,,0,080422.61+192638.7,dev
080409.24+385348.7,121.0385010000,38.8968840000,0.2111900000,,,,,normal_agn,,literature,True,silver,,,,0,080409.24+385348.7,dev
080940.88+300724.4,122.4203620000,30.1234560000,0.2580970000,,,,,normal_agn,,literature,True,silver,,,,0,080940.88+300724.4,dev
074906.50+451033.8,117.2771170000,45.1760800000,0.1921770000,,,,,normal_agn,,literature,True,silver,,,,0,074906.50+451033.8,test
080544.13+113040.2,121.4339010000,11.5111910000,0.1991000000,,,,,normal_agn,,literature,True,silver,,,,0,080544.13+113040.2,dev
081630.15+272740.4,124.1256490000,27.4612260000,0.2159730000,,,,,normal_agn,,literature,True,silver,,,,0,081630.15+272740.4,dev
081237.83+435635.0,123.1576350000,43.9430580000,0.1833310000,,,,,normal_agn,,literature,True,silver,,,,0,081237.83+435635.0,test
080846.15+545132.6,122.1923010000,54.8590720000,0.1396700000,,,,,normal_agn,,literature,True,silver,,,,0,080846.15+545132.6,test
083138.49+262840.3,127.9103840000,26.4778880000,0.2399890000,,,,,normal_agn,,literature,True,silver,,,,0,083138.49+262840.3,test
081438.27+290619.9,123.6594920000,29.1055310000,0.2259830000,,,,,normal_agn,,literature,True,silver,,,,0,081438.27+290619.9,dev
081312.54+054208.6,123.3022510000,5.7023980000,0.2950000000,,,,,normal_agn,,literature,True,silver,,,,0,081312.54+054208.6,dev
083236.28+044505.9,128.1512080000,4.7516640000,0.2915470000,,,,,normal_agn,,literature,True,silver,,,,0,083236.28+044505.9,dev
084349.32+464400.7,130.9555080000,46.7335390000,0.2150000000,,,,,normal_agn,,literature,True,silver,,,,0,084349.32+464400.7,test
082451.13+473221.4,126.2130490000,47.5392810000,0.2859590000,,,,,normal_agn,,literature,True,silver,,,,0,082451.13+473221.4,dev
082509.25+263438.6,126.2885810000,26.5773960000,0.2445470000,,,,,normal_agn,,literature,True,silver,,,,0,082509.25+263438.6,dev
082628.20+085535.4,126.6175100000,8.9265010000,0.2542000000,,,,,normal_agn,,literature,True,silver,,,,0,082628.20+085535.4,dev
084001.29+502944.9,130.0054110000,50.4958280000,0.2767870000,,,,,normal_agn,,literature,True,silver,,,,0,084001.29+502944.9,dev
080330.33+152915.1,120.8763970000,15.4875510000,0.2699230000,,,,,normal_agn,,literature,True,silver,,,,0,080330.33+152915.1,dev
075801.99+491022.4,119.5082950000,49.1729110000,0.2762290000,,,,,normal_agn,,literature,True,silver,,,,0,075801.99+491022.4,dev
084443.94+312003.8,131.1830950000,31.3344000000,0.2878590000,,,,,normal_agn,,literature,True,silver,,,,0,084443.94+312003.8,dev
080540.55+481046.3,121.4189930000,48.1795520000,0.2243020000,,,,,normal_agn,,literature,True,silver,,,,0,080540.55+481046.3,dev
081249.58+463050.7,123.2066100000,46.5140900000,0.2820000000,,,,,normal_agn,,literature,True,silver,,,,0,081249.58+463050.7,dev
075314.81+305736.6,118.3117490000,30.9601810000,0.2765980000,,,,,normal_agn,,literature,True,silver,,,,0,075314.81+305736.6,test
083640.18+155229.7,129.1674420000,15.8749290000,0.2290860000,,,,,normal_agn,,literature,True,silver,,,,0,083640.18+155229.7,dev
082733.93+043617.3,126.8913890000,4.6048140000,0.2208830000,,,,,normal_agn,,literature,True,silver,,,,0,082733.93+043617.3,dev
083746.61+320311.8,129.4442180000,32.0532870000,0.2251680000,,,,,normal_agn,,literature,True,silver,,,,0,083746.61+320311.8,dev
082400.61+530606.9,126.0025600000,53.1019300000,0.2990000000,,,,,normal_agn,,literature,True,silver,,,,0,082400.61+530606.9,dev
075214.15+514813.3,118.0589600000,51.8037030000,0.2671080000,,,,,normal_agn,,literature,True,silver,,,,0,075214.15+514813.3,dev
080624.78+450701.3,121.6032910000,45.1170310000,0.1370000000,,,,,normal_agn,,literature,True,silver,,,,0,080624.78+450701.3,dev
075503.96+173325.8,118.7665140000,17.5571700000,0.2431830000,,,,,normal_agn,,literature,True,silver,,,,0,075503.96+173325.8,dev
080426.23+503736.6,121.1093210000,50.6268610000,0.2770000000,,,,,normal_agn,,literature,True,silver,,,,0,080426.23+503736.6,dev
081044.98+364340.6,122.6874540000,36.7279490000,0.2157470000,,,,,normal_agn,,literature,True,silver,,,,0,081044.98+364340.6,test
083005.72+593248.1,127.5238690000,59.5467030000,0.2456000000,,,,,normal_agn,,literature,True,silver,,,,0,083005.72+593248.1,dev
081612.81+140058.4,124.0534130000,14.0162320000,0.2048040000,,,,,normal_agn,,literature,True,silver,,,,0,081612.81+140058.4,dev
080829.17+440754.1,122.1215450000,44.1317040000,0.2752590000,,,,,normal_agn,,literature,True,silver,,,,0,080829.17+440754.1,dev
083254.76+452610.3,128.2282050000,45.4362020000,0.1820000000,,,,,normal_agn,,literature,True,silver,,,,0,083254.76+452610.3,dev
081501.85+525255.5,123.7577220000,52.8820870000,0.1250000000,,,,,normal_agn,,literature,True,silver,,,,0,081501.85+525255.5,dev
081941.44+451406.6,124.9226780000,45.2351880000,0.1940150000,,,,,normal_agn,,literature,True,silver,,,,0,081941.44+451406.6,dev
083127.59+054924.6,127.8649710000,5.8235070000,0.2291300000,,,,,normal_agn,,literature,True,silver,,,,0,083127.59+054924.6,dev
081231.43+441620.8,123.1309960000,44.2724590000,0.2966270000,,,,,normal_agn,,literature,True,silver,,,,0,081231.43+441620.8,dev
074948.26+345444.0,117.4511000000,34.9122260000,0.1320330000,,,,,normal_agn,,literature,True,silver,,,,0,074948.26+345444.0,test
074920.00+234104.4,117.3333380000,23.6845640000,0.2961270000,,,,,normal_agn,,literature,True,silver,,,,0,074920.00+234104.4,dev
075752.13+434504.1,119.4672380000,43.7511450000,0.1540000000,,,,,normal_agn,,literature,True,silver,,,,0,075752.13+434504.1,dev
075204.44+490616.9,118.0185030000,49.1047160000,0.2525780000,,,,,normal_agn,,literature,True,silver,,,,0,075204.44+490616.9,dev
075217.84+193542.2,118.0743510000,19.5950760000,0.1172170000,,,,,normal_agn,,literature,True,silver,,,,0,075217.84+193542.2,dev
081840.29+210208.5,124.6679000000,21.0357060000,0.2343740000,,,,,normal_agn,,literature,True,silver,,,,0,081840.29+210208.5,dev
083518.53+274430.3,128.8272090000,27.7417650000,0.1922200000,,,,,normal_agn,,literature,True,silver,,,,0,083518.53+274430.3,dev
080220.71+330730.8,120.5863160000,33.1252360000,0.1639670000,,,,,normal_agn,,literature,True,silver,,,,0,080220.71+330730.8,dev
083703.29+250815.2,129.2637460000,25.1375740000,0.2754760000,,,,,normal_agn,,literature,True,silver,,,,0,083703.29+250815.2,dev
080852.25+131908.7,122.2177360000,13.3191060000,0.2840000000,,,,,normal_agn,,literature,True,silver,,,,0,080852.25+131908.7,dev
080711.17+430906.9,121.7965430000,43.1519320000,0.2600000000,,,,,normal_agn,,literature,True,silver,,,,0,080711.17+430906.9,dev
082800.60+401135.1,127.0025190000,40.1931060000,0.2212500000,,,,,normal_agn,,literature,True,silver,,,,0,082800.60+401135.1,test
083225.34+370736.2,128.1055960000,37.1267440000,0.0921450000,,,,,normal_agn,,literature,True,silver,,,,0,083225.34+370736.2,dev
081651.86+495334.8,124.2161170000,49.8930070000,0.1591380000,,,,,normal_agn,,literature,True,silver,,,,0,081651.86+495334.8,dev
081443.40+435314.7,123.6808340000,43.8874270000,0.2240000000,,,,,normal_agn,,literature,True,silver,,,,0,081443.40+435314.7,dev
075623.13+455926.6,119.0964150000,45.9907310000,0.2090000000,,,,,normal_agn,,literature,True,silver,,,,0,075623.13+455926.6,dev
074852.21+475435.0,117.2175690000,47.9097230000,0.0345180000,,,,,normal_agn,,literature,True,silver,,,,0,074852.21+475435.0,dev
081734.32+220724.2,124.3930320000,22.1233950000,0.2682580000,,,,,normal_agn,,literature,True,silver,,,,0,081734.32+220724.2,dev
082012.50+352053.8,125.0520990000,35.3482810000,0.1435160000,,,,,normal_agn,,literature,True,silver,,,,0,082012.50+352053.8,dev
081527.29+445937.4,123.8637140000,44.9937350000,0.2683030000,,,,,normal_agn,,literature,True,silver,,,,0,081527.29+445937.4,test
075903.88+384226.1,119.7662030000,38.7072680000,0.2179540000,,,,,normal_agn,,literature,True,silver,,,,0,075903.88+384226.1,dev
082638.04+435300.5,126.6585070000,43.8834790000,0.2240730000,,,,,normal_agn,,literature,True,silver,,,,0,082638.04+435300.5,test
081456.09+532533.5,123.7337340000,53.4259850000,0.1197240000,,,,,normal_agn,,literature,True,silver,,,,0,081456.09+532533.5,dev
075147.71+245352.7,117.9488100000,24.8979880000,0.1977660000,,,,,normal_agn,,literature,True,silver,,,,0,075147.71+245352.7,dev
081803.70+434442.1,124.5154500000,43.7450400000,0.2944950000,,,,,normal_agn,,literature,True,silver,,,,0,081803.70+434442.1,dev
075510.90+330421.8,118.7954490000,33.0727450000,0.2573470000,,,,,normal_agn,,literature,True,silver,,,,0,075510.90+330421.8,dev
075956.76+293630.8,119.9865060000,29.6085620000,0.2913530000,,,,,normal_agn,,literature,True,silver,,,,0,075956.76+293630.8,dev
081521.51+492126.3,123.8396470000,49.3573200000,0.2817950000,,,,,normal_agn,,literature,True,silver,,,,0,081521.51+492126.3,dev
083417.90+491439.2,128.5746220000,49.2442360000,0.1731440000,,,,,normal_agn,,literature,True,silver,,,,0,083417.90+491439.2,test
080720.63+144928.3,121.8359650000,14.8245500000,0.2057140000,,,,,normal_agn,,literature,True,silver,,,,0,080720.63+144928.3,dev
075012.33+225334.0,117.5514090000,22.8927820000,0.2331200000,,,,,normal_agn,,literature,True,silver,,,,0,075012.33+225334.0,test
082358.30+213545.2,125.9929530000,21.5958990000,0.2486590000,,,,,normal_agn,,literature,True,silver,,,,0,082358.30+213545.2,dev
082014.82+451358.9,125.0617860000,45.2330510000,0.1980000000,,,,,normal_agn,,literature,True,silver,,,,0,082014.82+451358.9,dev
083246.92+285312.0,128.1955060000,28.8866720000,0.2261970000,,,,,normal_agn,,literature,True,silver,,,,0,083246.92+285312.0,dev
084016.10+351337.6,130.0671000000,35.2271240000,0.2633950000,,,,,normal_agn,,literature,True,silver,,,,0,084016.10+351337.6,test
082205.24+455349.1,125.5218390000,45.8969890000,0.2990000000,,,,,normal_agn,,literature,True,silver,,,,0,082205.24+455349.1,dev
081626.92+193630.0,124.1121950000,19.6083350000,0.4601140000,,,,,normal_agn,,literature,True,silver,,,,0,081626.92+193630.0,dev
080204.65+513640.5,120.5194030000,51.6112660000,0.5100000000,,,,,normal_agn,,literature,True,silver,,,,0,080204.65+513640.5,dev
075446.07+403019.8,118.6919670000,40.5055030000,0.5028930000,,,,,normal_agn,,literature,True,silver,,,,0,075446.07+403019.8,dev
080427.98+522306.2,121.1166190000,52.3850590000,0.3565550000,,,,,normal_agn,,literature,True,silver,,,,0,080427.98+522306.2,dev
082227.42+482747.9,125.6142720000,48.4633170000,0.4730000000,,,,,normal_agn,,literature,True,silver,,,,0,082227.42+482747.9,dev
083817.01+202804.9,129.5708820000,20.4680340000,0.3620810000,,,,,normal_agn,,literature,True,silver,,,,0,083817.01+202804.9,dev
080733.65+134055.7,121.8902250000,13.6821570000,0.5666070000,,,,,normal_agn,,literature,True,silver,,,,0,080733.65+134055.7,dev
081912.05+204806.5,124.8002110000,20.8018230000,0.4188400000,,,,,normal_agn,,literature,True,silver,,,,0,081912.05+204806.5,dev
083407.28+394537.2,128.5303610000,39.7603400000,0.5827210000,,,,,normal_agn,,literature,True,silver,,,,0,083407.28+394537.2,dev
081015.33+412110.6,122.5639150000,41.3529640000,0.5223460000,,,,,normal_agn,,literature,True,silver,,,,0,081015.33+412110.6,dev
074844.87+441422.0,117.1869600000,44.2394520000,0.4284320000,,,,,normal_agn,,literature,True,silver,,,,0,074844.87+441422.0,dev
075355.23+161938.5,118.4801640000,16.3273840000,0.5617880000,,,,,normal_agn,,literature,True,silver,,,,0,075355.23+161938.5,dev
084116.86+364701.0,130.3202820000,36.7836240000,0.5875190000,,,,,normal_agn,,literature,True,silver,,,,0,084116.86+364701.0,dev
080254.32+325725.7,120.7263480000,32.9571420000,0.5615900000,,,,,normal_agn,,literature,True,silver,,,,0,080254.32+325725.7,dev
082654.61+422228.1,126.7275770000,42.3744890000,0.5366930000,,,,,normal_agn,,literature,True,silver,,,,0,082654.61+422228.1,test
082548.51+532854.4,126.4521290000,53.4817960000,0.4400360000,,,,,normal_agn,,literature,True,silver,,,,0,082548.51+532854.4,dev
075921.56+381204.9,119.8398350000,38.2013690000,0.4541270000,,,,,normal_agn,,literature,True,silver,,,,0,075921.56+381204.9,dev
083532.06+530011.7,128.8835880000,53.0032690000,0.5493390000,,,,,normal_agn,,literature,True,silver,,,,0,083532.06+530011.7,dev
084339.24+053125.2,130.9135240000,5.5236900000,0.5195980000,,,,,normal_agn,,literature,True,silver,,,,0,084339.24+053125.2,dev
083026.01+534834.0,127.6084050000,53.8094500000,0.4030000000,,,,,normal_agn,,literature,True,silver,,,,0,083026.01+534834.0,dev
080718.99+140524.7,121.8291330000,14.0902160000,0.3875700000,,,,,normal_agn,,literature,True,silver,,,,0,080718.99+140524.7,dev
082350.66+380858.0,125.9610930000,38.1494580000,0.4746730000,,,,,normal_agn,,literature,True,silver,,,,0,082350.66+380858.0,dev
081238.61+321537.8,123.1608780000,32.2605000000,0.4991040000,,,,,normal_agn,,literature,True,silver,,,,0,081238.61+321537.8,dev
081805.75+281733.9,124.5239940000,28.2927730000,0.5425170000,,,,,normal_agn,,literature,True,silver,,,,0,081805.75+281733.9,test
083325.78+402354.0,128.3574340000,40.3983420000,0.4513700000,,,,,normal_agn,,literature,True,silver,,,,0,083325.78+402354.0,dev
082340.20+510815.7,125.9175190000,51.1377200000,0.5540000000,,,,,normal_agn,,literature,True,silver,,,,0,082340.20+510815.7,dev
084436.15+551352.3,131.1506360000,55.2312160000,0.4693670000,,,,,normal_agn,,literature,True,silver,,,,0,084436.15+551352.3,dev
082652.18+083212.6,126.7174500000,8.5368580000,0.5070000000,,,,,normal_agn,,literature,True,silver,,,,0,082652.18+083212.6,dev
080133.28+341737.6,120.3886830000,34.2937980000,0.3383120000,,,,,normal_agn,,literature,True,silver,,,,0,080133.28+341737.6,dev
074928.05+175434.1,117.3669110000,17.9094830000,0.5241650000,,,,,normal_agn,,literature,True,silver,,,,0,074928.05+175434.1,dev
083228.60-045324.8,128.1192000000,-4.8902280000,0.4665000000,,,,,normal_agn,,literature,True,silver,,,,0,083228.60-045324.8,dev
083947.90+122121.6,129.9496120000,12.3560010000,0.5813290000,,,,,normal_agn,,literature,True,silver,,,,0,083947.90+122121.6,test
084258.18+324350.7,130.7424520000,32.7307580000,0.3400150000,,,,,normal_agn,,literature,True,silver,,,,0,084258.18+324350.7,dev
075813.57+432544.0,119.5565770000,43.4289000000,0.3320000000,,,,,normal_agn,,literature,True,silver,,,,0,075813.57+432544.0,dev
074953.70+225439.2,117.4737680000,22.9109010000,0.5737770000,,,,,normal_agn,,literature,True,silver,,,,0,074953.70+225439.2,dev
080343.17+373305.6,120.9298780000,37.5515750000,0.4950210000,,,,,normal_agn,,literature,True,silver,,,,0,080343.17+373305.6,dev
080514.64+465228.8,121.3110290000,46.8746860000,0.5810330000,,,,,normal_agn,,literature,True,silver,,,,0,080514.64+465228.8,dev
082345.60+325929.5,125.9400160000,32.9915440000,0.4005010000,,,,,normal_agn,,literature,True,silver,,,,0,082345.60+325929.5,dev
075134.80+220306.9,117.8950290000,22.0519370000,0.5514490000,,,,,normal_agn,,literature,True,silver,,,,0,075134.80+220306.9,dev
083728.47+370638.3,129.3686430000,37.1106550000,0.5287920000,,,,,normal_agn,,literature,True,silver,,,,0,083728.47+370638.3,dev
082047.36+582845.2,125.1973610000,58.4792320000,0.4236000000,,,,,normal_agn,,literature,True,silver,,,,0,082047.36+582845.2,dev
075903.04+245203.8,119.7626800000,24.8677290000,0.3884940000,,,,,normal_agn,,literature,True,silver,,,,0,075903.04+245203.8,dev
081749.43+334700.2,124.4559600000,33.7834110000,0.3655760000,,,,,normal_agn,,literature,True,silver,,,,0,081749.43+334700.2,dev
080644.42+484149.1,121.6851230000,48.6969930000,0.3700000000,,,,,normal_agn,,literature,True,silver,,,,0,080644.42+484149.1,dev
084459.28+350314.7,131.2470060000,35.0540930000,0.4327980000,,,,,normal_agn,,literature,True,silver,,,,0,084459.28+350314.7,dev
074946.51+285409.8,117.4437980000,28.9027430000,0.5422810000,,,,,normal_agn,,literature,True,silver,,,,0,074946.51+285409.8,dev
082143.90+274438.7,125.4329350000,27.7440880000,0.5084300000,,,,,normal_agn,,literature,True,silver,,,,0,082143.90+274438.7,dev
080333.22+243033.1,120.8884250000,24.5092220000,0.3594950000,,,,,normal_agn,,literature,True,silver,,,,0,080333.22+243033.1,test
084248.78+520725.9,130.7032550000,52.1238770000,0.5670000000,,,,,normal_agn,,literature,True,silver,,,,0,084248.78+520725.9,dev
075047.33+483926.2,117.6972150000,48.6572870000,0.5847660000,,,,,normal_agn,,literature,True,silver,,,,0,075047.33+483926.2,dev
075757.57+451230.1,119.4898940000,45.2083700000,0.5370000000,,,,,normal_agn,,literature,True,silver,,,,0,075757.57+451230.1,dev
080523.87+475035.3,121.3494630000,47.8431430000,0.5421060000,,,,,normal_agn,,literature,True,silver,,,,0,080523.87+475035.3,dev
081651.37+143606.2,124.2140660000,14.6017440000,0.3529190000,,,,,normal_agn,,literature,True,silver,,,,0,081651.37+143606.2,dev
083234.78+072917.2,128.1449210000,7.4881320000,0.3932810000,,,,,normal_agn,,literature,True,silver,,,,0,083234.78+072917.2,dev
075430.13+215322.4,118.6255500000,21.8895580000,0.3970000000,,,,,normal_agn,,literature,True,silver,,,,0,075430.13+215322.4,dev
084021.91+101723.7,130.0913280000,10.2899320000,0.5894000000,,,,,normal_agn,,literature,True,silver,,,,0,084021.91+101723.7,dev
074955.36+395003.6,117.4806850000,39.8343550000,0.4414220000,,,,,normal_agn,,literature,True,silver,,,,0,074955.36+395003.6,dev
074848.58+382110.8,117.2024540000,38.3530000000,0.5920170000,,,,,normal_agn,,literature,True,silver,,,,0,074848.58+382110.8,dev
075737.33+533324.4,119.4055560000,53.5567960000,0.5750000000,,,,,normal_agn,,literature,True,silver,,,,0,075737.33+533324.4,dev
084038.76+503633.6,130.1615370000,50.6093500000,0.3535640000,,,,,normal_agn,,literature,True,silver,,,,0,084038.76+503633.6,dev
080235.89+475134.0,120.6495590000,47.8594470000,0.4093770000,,,,,normal_agn,,literature,True,silver,,,,0,080235.89+475134.0,dev
081038.55+234102.0,122.6606420000,23.6838990000,0.4919700000,,,,,normal_agn,,literature,True,silver,,,,0,081038.55+234102.0,dev
083259.86+354515.5,128.2494410000,35.7543170000,0.5530000000,,,,,normal_agn,,literature,True,silver,,,,0,083259.86+354515.5,dev
084311.38+405027.5,130.7974340000,40.8409890000,0.4094730000,,,,,normal_agn,,literature,True,silver,,,,0,084311.38+405027.5,dev
081001.90+544635.9,122.5079470000,54.7766520000,0.4402340000,,,,,normal_agn,,literature,True,silver,,,,0,081001.90+544635.9,dev
080612.58+175258.3,121.5524240000,17.8828810000,0.3742380000,,,,,normal_agn,,literature,True,silver,,,,0,080612.58+175258.3,test
081544.33+334040.8,123.9347100000,33.6780010000,0.5131360000,,,,,normal_agn,,literature,True,silver,,,,0,081544.33+334040.8,dev
083822.20+610814.3,129.5925040000,61.1373070000,0.3429000000,,,,,normal_agn,,literature,True,silver,,,,0,083822.20+610814.3,test
075554.45+102516.1,118.9768900000,10.4211600000,0.4976000000,,,,,normal_agn,,literature,True,silver,,,,0,075554.45+102516.1,dev
080437.96+455545.3,121.1581820000,45.9292550000,0.4530000000,,,,,normal_agn,,literature,True,silver,,,,0,080437.96+455545.3,dev
081059.27+283658.6,122.7469590000,28.6162890000,0.3293340000,,,,,normal_agn,,literature,True,silver,,,,0,081059.27+283658.6,dev
081522.98+291823.7,123.8457720000,29.3066010000,0.5848980000,,,,,normal_agn,,literature,True,silver,,,,0,081522.98+291823.7,dev
075429.82+290601.1,118.6242670000,29.1003290000,0.4950160000,,,,,normal_agn,,literature,True,silver,,,,0,075429.82+290601.1,dev
075230.82+340430.7,118.1284280000,34.0752140000,0.4650000000,,,,,normal_agn,,literature,True,silver,,,,0,075230.82+340430.7,dev
083512.67+552336.8,128.8028320000,55.3935570000,0.4010000000,,,,,normal_agn,,literature,True,silver,,,,0,083512.67+552336.8,dev
081755.76+370350.1,124.4823730000,37.0639320000,0.5420000000,,,,,normal_agn,,literature,True,silver,,,,0,081755.76+370350.1,dev
075352.98+315341.6,118.4707670000,31.8949060000,0.4941330000,,,,,normal_agn,,literature,True,silver,,,,0,075352.98+315341.6,dev
082001.18+223954.2,125.0049210000,22.6650710000,0.5614520000,,,,,normal_agn,,literature,True,silver,,,,0,082001.18+223954.2,dev
081126.44+492226.5,122.8601760000,49.3740380000,0.5047800000,,,,,normal_agn,,literature,True,silver,,,,0,081126.44+492226.5,dev
080101.08+132047.6,120.2545040000,13.3465700000,0.5370000000,,,,,normal_agn,,literature,True,silver,,,,0,080101.08+132047.6,dev
083247.26+494645.0,128.1969280000,49.7791800000,0.5450000000,,,,,normal_agn,,literature,True,silver,,,,0,083247.26+494645.0,dev
083540.64+541417.1,128.9193690000,54.2381000000,0.4230000000,,,,,normal_agn,,literature,True,silver,,,,0,083540.64+541417.1,dev
075250.10+481910.7,118.2087910000,48.3196580000,0.5090000000,,,,,normal_agn,,literature,True,silver,,,,0,075250.10+481910.7,dev
083620.02+065640.3,129.0834270000,6.9445360000,0.3202320000,,,,,normal_agn,,literature,True,silver,,,,0,083620.02+065640.3,dev
075952.64+141358.9,119.9693640000,14.2330480000,0.5092220000,,,,,normal_agn,,literature,True,silver,,,,0,075952.64+141358.9,dev
083925.79+310740.0,129.8574850000,31.1277810000,0.5521830000,,,,,normal_agn,,literature,True,silver,,,,0,083925.79+310740.0,dev
075608.16+394715.7,119.0340230000,39.7877190000,0.4733700000,,,,,normal_agn,,literature,True,silver,,,,0,075608.16+394715.7,test
082543.88+462308.2,126.4328530000,46.3856120000,0.5102880000,,,,,normal_agn,,literature,True,silver,,,,0,082543.88+462308.2,test
082402.40+223921.8,126.0100260000,22.6560750000,0.4631470000,,,,,normal_agn,,literature,True,silver,,,,0,082402.40+223921.8,dev
080858.15+241247.0,122.2423220000,24.2130740000,0.5815350000,,,,,normal_agn,,literature,True,silver,,,,0,080858.15+241247.0,dev
082954.68+205246.7,127.4778440000,20.8796390000,0.4410000000,,,,,normal_agn,,literature,True,silver,,,,0,082954.68+205246.7,dev
080358.24+094219.8,120.9927020000,9.7055210000,0.5680000000,,,,,normal_agn,,literature,True,silver,,,,0,080358.24+094219.8,dev
075557.70+463317.2,118.9904410000,46.5547920000,0.3549060000,,,,,normal_agn,,literature,True,silver,,,,0,075557.70+463317.2,dev
082619.42+603558.0,126.5809580000,60.5994690000,0.5333000000,,,,,normal_agn,,literature,True,silver,,,,0,082619.42+603558.0,dev
075245.80+292742.3,118.1908670000,29.4617700000,0.5473460000,,,,,normal_agn,,literature,True,silver,,,,0,075245.80+292742.3,dev
083012.68+011919.7,127.5528390000,1.3221630000,0.3940000000,,,,,normal_agn,,literature,True,silver,,,,0,083012.68+011919.7,dev
083219.10+425721.2,128.0796130000,42.9559120000,0.5421550000,,,,,normal_agn,,literature,True,silver,,,,0,083219.10+425721.2,dev
080833.18+393339.3,122.1382910000,39.5609250000,0.4713330000,,,,,normal_agn,,literature,True,silver,,,,0,080833.18+393339.3,dev
081222.00+271213.0,123.0916930000,27.2036380000,0.5608270000,,,,,normal_agn,,literature,True,silver,,,,0,081222.00+271213.0,dev
083318.15+151609.9,128.3256370000,15.2694280000,0.5271240000,,,,,normal_agn,,literature,True,silver,,,,0,083318.15+151609.9,test
084323.53+374736.5,130.8480670000,37.7934830000,0.5418060000,,,,,normal_agn,,literature,True,silver,,,,0,084323.53+374736.5,dev
080952.50+234746.0,122.4687500000,23.7961230000,0.3860390000,,,,,normal_agn,,literature,True,silver,,,,0,080952.50+234746.0,dev
074840.52+154456.8,117.1688690000,15.7491350000,0.4693990000,,,,,normal_agn,,literature,True,silver,,,,0,074840.52+154456.8,test
082858.33+275207.7,127.2430600000,27.8688250000,0.4296970000,,,,,normal_agn,,literature,True,silver,,,,0,082858.33+275207.7,dev
081021.11+440426.5,122.5879790000,44.0740480000,0.5906360000,,,,,normal_agn,,literature,True,silver,,,,0,081021.11+440426.5,dev
083739.42+272116.7,129.4142590000,27.3546430000,0.4530000000,,,,,normal_agn,,literature,True,silver,,,,0,083739.42+272116.7,dev
080205.97+513245.4,120.5249160000,51.5459490000,0.5590000000,,,,,normal_agn,,literature,True,silver,,,,0,080205.97+513245.4,dev
082501.20+174323.9,126.2550170000,17.7233230000,0.3609250000,,,,,normal_agn,,literature,True,silver,,,,0,082501.20+174323.9,dev
080430.87+315404.9,121.1286440000,31.9013740000,0.5270000000,,,,,normal_agn,,literature,True,silver,,,,0,080430.87+315404.9,test
084828.27+275149.7,132.1178300000,27.8638300000,0.4788270000,,,,,normal_agn,,literature,True,silver,,,,0,084828.27+275149.7,test
081921.95+351706.5,124.8414940000,35.2851650000,0.3633510000,,,,,normal_agn,,literature,True,silver,,,,0,081921.95+351706.5,dev
080510.99+205536.1,121.2958090000,20.9267180000,0.3143580000,,,,,normal_agn,,literature,True,silver,,,,0,080510.99+205536.1,dev
080034.20+432700.4,120.1425040000,43.4501160000,0.5250000000,,,,,normal_agn,,literature,True,silver,,,,0,080034.20+432700.4,dev
081228.59+343914.8,123.1191300000,34.6541150000,0.5435300000,,,,,normal_agn,,literature,True,silver,,,,0,081228.59+343914.8,dev
083928.41+364418.8,129.8684070000,36.7385710000,0.3937330000,,,,,normal_agn,,literature,True,silver,,,,0,083928.41+364418.8,dev
082536.84+195950.8,126.4035130000,19.9974610000,0.3022400000,,,,,normal_agn,,literature,True,silver,,,,0,082536.84+195950.8,dev
082158.31+305137.7,125.4929600000,30.8604810000,0.5230000000,,,,,normal_agn,,literature,True,silver,,,,0,082158.31+305137.7,dev
082847.69+363724.1,127.1987320000,36.6233830000,0.3319030000,,,,,normal_agn,,literature,True,silver,,,,0,082847.69+363724.1,dev
084514.18+064329.6,131.3091240000,6.7249140000,0.4210000000,,,,,normal_agn,,literature,True,silver,,,,0,084514.18+064329.6,dev
080526.71+503250.4,121.3612960000,50.5473380000,0.5715330000,,,,,normal_agn,,literature,True,silver,,,,0,080526.71+503250.4,test
084115.91+274339.0,130.3162990000,27.7275070000,0.5831510000,,,,,normal_agn,,literature,True,silver,,,,0,084115.91+274339.0,dev
081014.07+564532.0,122.5586590000,56.7589090000,0.4410000000,,,,,normal_agn,,literature,True,silver,,,,0,081014.07+564532.0,test
082953.56+370414.5,127.4731890000,37.0706970000,0.4189840000,,,,,normal_agn,,literature,True,silver,,,,0,082953.56+370414.5,test
082804.84+362017.5,127.0202020000,36.3382020000,0.5809710000,,,,,normal_agn,,literature,True,silver,,,,0,082804.84+362017.5,dev
075853.61+111944.1,119.7234070000,11.3289280000,0.4308130000,,,,,normal_agn,,literature,True,silver,,,,0,075853.61+111944.1,dev
083433.13+261140.1,128.6380680000,26.1944950000,0.4830000000,,,,,normal_agn,,literature,True,silver,,,,0,083433.13+261140.1,test
083229.31+522315.5,128.1221640000,52.3876490000,0.4539890000,,,,,normal_agn,,literature,True,silver,,,,0,083229.31+522315.5,test
082936.15+451151.0,127.4006520000,45.1975210000,0.5530000000,,,,,normal_agn,,literature,True,silver,,,,0,082936.15+451151.0,test
080704.88+360353.5,121.7703690000,36.0648720000,0.4682910000,,,,,normal_agn,,literature,True,silver,,,,0,080704.88+360353.5,dev
083915.02+284009.9,129.8125860000,28.6694340000,0.5783960000,,,,,normal_agn,,literature,True,silver,,,,0,083915.02+284009.9,test
082917.78+545923.6,127.3241140000,54.9899140000,0.4940000000,,,,,normal_agn,,literature,True,silver,,,,0,082917.78+545923.6,test
082233.30+335524.9,125.6387700000,33.9236030000,0.4487320000,,,,,normal_agn,,literature,True,silver,,,,0,082233.30+335524.9,dev
082717.99+471036.3,126.8249630000,47.1767750000,0.5770000000,,,,,normal_agn,,literature,True,silver,,,,0,082717.99+471036.3,dev
075946.50+225845.3,119.9437750000,22.9792610000,0.3668780000,,,,,normal_agn,,literature,True,silver,,,,0,075946.50+225845.3,test
080112.02+512812.0,120.3001100000,51.4700210000,0.3210000000,,,,,normal_agn,,literature,True,silver,,,,0,080112.02+512812.0,dev
081739.95+101120.2,124.4164910000,10.1889510000,0.5020000000,,,,,normal_agn,,literature,True,silver,,,,0,081739.95+101120.2,dev
083005.54+364648.3,127.5231120000,36.7800840000,0.5136220000,,,,,normal_agn,,literature,True,silver,,,,0,083005.54+364648.3,dev
081202.48+572529.8,123.0103350000,57.4249590000,0.5390000000,,,,,normal_agn,,literature,True,silver,,,,0,081202.48+572529.8,dev
081535.70+421801.6,123.8987880000,42.3004560000,0.4906650000,,,,,normal_agn,,literature,True,silver,,,,0,081535.70+421801.6,dev
084328.62+301357.2,130.8692550000,30.2325770000,0.5591090000,,,,,normal_agn,,literature,True,silver,,,,0,084328.62+301357.2,dev
082652.39+502919.8,126.7182980000,50.4888520000,0.3298580000,,,,,normal_agn,,literature,True,silver,,,,0,082652.39+502919.8,dev
082742.00+513044.7,126.9250160000,51.5124420000,0.4080000000,,,,,normal_agn,,literature,True,silver,,,,0,082742.00+513044.7,dev
082439.93+314623.9,126.1664140000,31.7733280000,0.5820650000,,,,,normal_agn,,literature,True,silver,,,,0,082439.93+314623.9,test
083545.54+491532.5,128.9397530000,49.2590300000,0.5409840000,,,,,normal_agn,,literature,True,silver,,,,0,083545.54+491532.5,dev
084222.13+434801.9,130.5922130000,43.8005370000,0.5940000000,,,,,normal_agn,,literature,True,silver,,,,0,084222.13+434801.9,dev
082038.88+381136.4,125.1620160000,38.1934550000,0.3825620000,,,,,normal_agn,,literature,True,silver,,,,0,082038.88+381136.4,dev
081318.28+404736.5,123.3261900000,40.7934830000,0.4933570000,,,,,normal_agn,,literature,True,silver,,,,0,081318.28+404736.5,dev
084455.79+470334.0,131.2324610000,47.0594460000,0.4175560000,,,,,normal_agn,,literature,True,silver,,,,0,084455.79+470334.0,test
081338.47+215349.8,123.4102990000,21.8971840000,0.5489230000,,,,,normal_agn,,literature,True,silver,,,,0,081338.47+215349.8,test
082106.88+015357.0,125.2786940000,1.8991840000,0.5880000000,,,,,normal_agn,,literature,True,silver,,,,0,082106.88+015357.0,dev
075031.38+192754.5,117.6307910000,19.4651520000,0.4250190000,,,,,normal_agn,,literature,True,silver,,,,0,075031.38+192754.5,dev
083257.51+300453.5,128.2396560000,30.0815540000,0.5497690000,,,,,normal_agn,,literature,True,silver,,,,0,083257.51+300453.5,dev
084018.12+485039.7,130.0755320000,48.8443860000,0.5160700000,,,,,normal_agn,,literature,True,silver,,,,0,084018.12+485039.7,dev
080445.73+302230.9,121.1905560000,30.3752610000,0.5392350000,,,,,normal_agn,,literature,True,silver,,,,0,080445.73+302230.9,dev
084513.62+473327.0,131.3067760000,47.5575230000,0.5283860000,,,,,normal_agn,,literature,True,silver,,,,0,084513.62+473327.0,dev
084016.05+461152.4,130.0669090000,46.1979030000,0.5540090000,,,,,normal_agn,,literature,True,silver,,,,0,084016.05+461152.4,dev
080010.74+214027.2,120.0447590000,21.6742220000,0.5860930000,,,,,normal_agn,,literature,True,silver,,,,0,080010.74+214027.2,dev
083041.96+063102.4,127.6748590000,6.5173380000,0.3855730000,,,,,normal_agn,,literature,True,silver,,,,0,083041.96+063102.4,dev
074950.95+272809.3,117.4623230000,27.4692620000,0.4613400000,,,,,normal_agn,,literature,True,silver,,,,0,074950.95+272809.3,dev
081303.64+253716.8,123.2651970000,25.6213440000,0.3500000000,,,,,normal_agn,,literature,True,silver,,,,0,081303.64+253716.8,dev
083010.50+321352.7,127.5437840000,32.2313080000,0.5221840000,,,,,normal_agn,,literature,True,silver,,,,0,083010.50+321352.7,dev
081528.88+333254.2,123.8703710000,33.5484090000,0.4821560000,,,,,normal_agn,,literature,True,silver,,,,0,081528.88+333254.2,dev
080811.69+502040.1,122.0487380000,50.3444870000,0.4840000000,,,,,normal_agn,,literature,True,silver,,,,0,080811.69+502040.1,dev
083359.96-045833.7,128.4998720000,-4.9760470000,0.4283000000,,,,,normal_agn,,literature,True,silver,,,,0,083359.96-045833.7,dev
081704.21+244644.1,124.2675740000,24.7789420000,0.5001890000,,,,,normal_agn,,literature,True,silver,,,,0,081704.21+244644.1,dev
081928.89+532840.7,124.8703870000,53.4779800000,0.5950000000,,,,,normal_agn,,literature,True,silver,,,,0,081928.89+532840.7,dev
084112.11+300934.0,130.3004800000,30.1594620000,0.5650000000,,,,,normal_agn,,literature,True,silver,,,,0,084112.11+300934.0,dev
082927.96+214330.3,127.3665160000,21.7250840000,0.5400000000,,,,,normal_agn,,literature,True,silver,,,,0,082927.96+214330.3,dev
083649.90+191818.0,129.2079320000,19.3050050000,0.5890000000,,,,,normal_agn,,literature,True,silver,,,,0,083649.90+191818.0,dev
083322.29+055859.1,128.3428980000,5.9831110000,0.5905880000,,,,,normal_agn,,literature,True,silver,,,,0,083322.29+055859.1,dev
084152.85+234855.4,130.4702240000,23.8154090000,0.4417900000,,,,,normal_agn,,literature,True,silver,,,,0,084152.85+234855.4,dev
075822.02+421754.3,119.5917640000,42.2984250000,0.4370590000,,,,,normal_agn,,literature,True,silver,,,,0,075822.02+421754.3,dev
083314.22+264550.6,128.3092840000,26.7640560000,0.4621260000,,,,,normal_agn,,literature,True,silver,,,,0,083314.22+264550.6,dev
082337.69+571940.2,125.9070700000,57.3278510000,0.5509590000,,,,,normal_agn,,literature,True,silver,,,,0,082337.69+571940.2,dev
081755.63+403325.6,124.4817960000,40.5571190000,0.5822840000,,,,,normal_agn,,literature,True,silver,,,,0,081755.63+403325.6,dev
080516.42+213737.1,121.3184490000,21.6269950000,0.4861370000,,,,,normal_agn,,literature,True,silver,,,,0,080516.42+213737.1,dev
081042.44+483915.2,122.6768600000,48.6542240000,0.5351790000,,,,,normal_agn,,literature,True,silver,,,,0,081042.44+483915.2,dev
082330.22+492914.9,125.8759540000,49.4874990000,0.5252530000,,,,,normal_agn,,literature,True,silver,,,,0,082330.22+492914.9,dev
080726.52+202700.8,121.8605370000,20.4502440000,0.4415680000,,,,,normal_agn,,literature,True,silver,,,,0,080726.52+202700.8,dev
075404.43+174437.3,118.5184640000,17.7437140000,0.5102140000,,,,,normal_agn,,literature,True,silver,,,,0,075404.43+174437.3,dev
080238.22+225853.5,120.6592590000,22.9815340000,0.4900300000,,,,,normal_agn,,literature,True,silver,,,,0,080238.22+225853.5,dev
082310.81+531614.9,125.7950430000,53.2708290000,0.4593730000,,,,,normal_agn,,literature,True,silver,,,,0,082310.81+531614.9,dev
081855.95+424420.0,124.7331410000,42.7389090000,0.4613340000,,,,,normal_agn,,literature,True,silver,,,,0,081855.95+424420.0,test
083152.03+172245.2,127.9668320000,17.3792370000,0.3279030000,,,,,normal_agn,,literature,True,silver,,,,0,083152.03+172245.2,dev
080608.13+244421.0,121.5338990000,24.7391890000,0.3578980000,,,,,normal_agn,,literature,True,silver,,,,0,080608.13+244421.0,dev
081352.77-065914.3,123.4698920000,-6.9873300000,0.5448000000,,,,,normal_agn,,literature,True,silver,,,,0,081352.77-065914.3,test
083510.88+362019.2,128.7953650000,36.3386910000,0.5911010000,,,,,normal_agn,,literature,True,silver,,,,0,083510.88+362019.2,dev
075854.38+444738.2,119.7265890000,44.7939450000,0.5730000000,,,,,normal_agn,,literature,True,silver,,,,0,075854.38+444738.2,dev
081851.16+070528.5,124.7131940000,7.0912720000,0.5537920000,,,,,normal_agn,,literature,True,silver,,,,0,081851.16+070528.5,dev
083654.98+075712.4,129.2290940000,7.9534610000,0.5736370000,,,,,normal_agn,,literature,True,silver,,,,0,083654.98+075712.4,test
083334.92+342002.5,128.3955350000,34.3340380000,0.4332790000,,,,,normal_agn,,literature,True,silver,,,,0,083334.92+342002.5,dev
075133.03+341508.0,117.8876420000,34.2522360000,0.4558180000,,,,,normal_agn,,literature,True,silver,,,,0,075133.03+341508.0,dev
080933.66+343800.8,122.3902900000,34.6335770000,0.4799970000,,,,,normal_agn,,literature,True,silver,,,,0,080933.66+343800.8,dev
082708.43+285947.1,126.7851350000,28.9964330000,0.4817040000,,,,,normal_agn,,literature,True,silver,,,,0,082708.43+285947.1,dev
081925.04+224416.3,124.8543710000,22.7378650000,0.5610000000,,,,,normal_agn,,literature,True,silver,,,,0,081925.04+224416.3,dev
082438.58+350342.5,126.1607730000,35.0618300000,0.4360000000,,,,,normal_agn,,literature,True,silver,,,,0,082438.58+350342.5,dev
075112.65+280403.5,117.8027300000,28.0676650000,0.5857700000,,,,,normal_agn,,literature,True,silver,,,,0,075112.65+280403.5,dev
081707.75+354812.1,124.2823270000,35.8033850000,0.4705400000,,,,,normal_agn,,literature,True,silver,,,,0,081707.75+354812.1,dev
084330.71+234614.7,130.8779600000,23.7707740000,0.4459020000,,,,,normal_agn,,literature,True,silver,,,,0,084330.71+234614.7,dev
081603.83+430521.1,124.0159890000,43.0892200000,0.5868380000,,,,,normal_agn,,literature,True,silver,,,,0,081603.83+430521.1,test
081155.08+133648.1,122.9795130000,13.6133870000,0.4880210000,,,,,normal_agn,,literature,True,silver,,,,0,081155.08+133648.1,test
080916.33+393134.7,122.3180470000,39.5263060000,0.5927990000,,,,,normal_agn,,literature,True,silver,,,,0,080916.33+393134.7,dev
075535.41+292047.4,118.8975750000,29.3465110000,0.5053640000,,,,,normal_agn,,literature,True,silver,,,,0,075535.41+292047.4,dev
081758.37+550744.8,124.4932300000,55.1291330000,0.4103090000,,,,,normal_agn,,literature,True,silver,,,,0,081758.37+550744.8,dev
080441.40+212338.5,121.1725370000,21.3940470000,0.4673910000,,,,,normal_agn,,literature,True,silver,,,,0,080441.40+212338.5,dev
081903.97+280902.2,124.7665450000,28.1506270000,0.5920000000,,,,,normal_agn,,literature,True,silver,,,,0,081903.97+280902.2,dev
080424.20+065456.9,121.1008570000,6.9158270000,0.5690000000,,,,,normal_agn,,literature,True,silver,,,,0,080424.20+065456.9,dev
082412.05+500700.2,126.0502090000,50.1167320000,0.5462210000,,,,,normal_agn,,literature,True,silver,,,,0,082412.05+500700.2,dev
084443.80+510426.3,131.1825270000,51.0739760000,0.5062250000,,,,,normal_agn,,literature,True,silver,,,,0,084443.80+510426.3,dev
075703.65+301905.4,119.2652310000,30.3181720000,0.4503610000,,,,,normal_agn,,literature,True,silver,,,,0,075703.65+301905.4,dev
075650.98+361923.6,119.2124550000,36.3232480000,0.3005770000,,,,,normal_agn,,literature,True,silver,,,,0,075650.98+361923.6,dev
075316.06+162621.9,118.3169470000,16.4394260000,0.4000000000,,,,,normal_agn,,literature,True,silver,,,,0,075316.06+162621.9,dev
082205.19+584058.3,125.5216330000,58.6828640000,0.3090000000,,,,,normal_agn,,literature,True,silver,,,,0,082205.19+584058.3,dev
075908.20+434936.6,119.7841810000,43.8268440000,0.4480000000,,,,,normal_agn,,literature,True,silver,,,,0,075908.20+434936.6,dev
082904.05+261420.9,127.2668780000,26.2391590000,0.3542390000,,,,,normal_agn,,literature,True,silver,,,,0,082904.05+261420.9,dev
083142.14+553030.2,127.9255880000,55.5084040000,0.4271500000,,,,,normal_agn,,literature,True,silver,,,,0,083142.14+553030.2,dev
082547.93+143654.9,126.4497280000,14.6152660000,0.4754040000,,,,,normal_agn,,literature,True,silver,,,,0,082547.93+143654.9,dev
080708.43+354458.1,121.7851520000,35.7494890000,0.4392320000,,,,,normal_agn,,literature,True,silver,,,,0,080708.43+354458.1,test
080632.65+474702.8,121.6360510000,47.7841150000,0.5414060000,,,,,normal_agn,,literature,True,silver,,,,0,080632.65+474702.8,test
082346.35+175610.3,125.9431650000,17.9362140000,0.3614000000,,,,,normal_agn,,literature,True,silver,,,,0,082346.35+175610.3,dev
080848.07+220730.0,122.2003220000,22.1250110000,0.4300790000,,,,,normal_agn,,literature,True,silver,,,,0,080848.07+220730.0,dev
080906.60+424947.1,122.2775070000,42.8297590000,0.5764580000,,,,,normal_agn,,literature,True,silver,,,,0,080906.60+424947.1,dev
084018.55+370058.3,130.0773280000,37.0161980000,0.5511890000,,,,,normal_agn,,literature,True,silver,,,,0,084018.55+370058.3,test
082809.57+415117.6,127.0398930000,41.8548980000,0.4548060000,,,,,normal_agn,,literature,True,silver,,,,0,082809.57+415117.6,dev
080953.80+354459.6,122.4742010000,35.7499070000,0.4680000000,,,,,normal_agn,,literature,True,silver,,,,0,080953.80+354459.6,dev
083005.20+171214.2,127.5216710000,17.2039580000,0.5084240000,,,,,normal_agn,,literature,True,silver,,,,0,083005.20+171214.2,dev
081105.31+264538.0,122.7721520000,26.7605820000,0.4593810000,,,,,normal_agn,,literature,True,silver,,,,0,081105.31+264538.0,test
082902.58+400355.1,127.2607760000,40.0653330000,0.5720600000,,,,,normal_agn,,literature,True,silver,,,,0,082902.58+400355.1,dev
083951.01+325416.7,129.9625750000,32.9046430000,0.3439370000,,,,,normal_agn,,literature,True,silver,,,,0,083951.01+325416.7,dev
084040.42+513438.3,130.1684220000,51.5773300000,0.5780000000,,,,,normal_agn,,literature,True,silver,,,,0,084040.42+513438.3,test
080713.45+473614.3,121.8060640000,47.6039750000,0.5964700000,,,,,normal_agn,,literature,True,silver,,,,0,080713.45+473614.3,dev
075242.15+313245.2,118.1756440000,31.5459100000,0.4290000000,,,,,normal_agn,,literature,True,silver,,,,0,075242.15+313245.2,dev
083153.39+525245.6,127.9724840000,52.8793540000,0.5188560000,,,,,normal_agn,,literature,True,silver,,,,0,083153.39+525245.6,test
081527.65+455355.4,123.8652170000,45.8987360000,0.3651750000,,,,,normal_agn,,literature,True,silver,,,,0,081527.65+455355.4,dev
084047.10+545215.6,130.1962800000,54.8710010000,0.5818190000,,,,,normal_agn,,literature,True,silver,,,,0,084047.10+545215.6,test
083036.62+360341.0,127.6525950000,36.0613920000,0.5500000000,,,,,normal_agn,,literature,True,silver,,,,0,083036.62+360341.0,dev
082553.29+334146.1,126.4720830000,33.6961440000,0.4956990000,,,,,normal_agn,,literature,True,silver,,,,0,082553.29+334146.1,dev
080327.39+400047.8,120.8641520000,40.0132950000,0.4640030000,,,,,normal_agn,,literature,True,silver,,,,0,080327.39+400047.8,dev
081138.90+521526.7,122.9120970000,52.2574290000,0.5430000000,,,,,normal_agn,,literature,True,silver,,,,0,081138.90+521526.7,dev
075537.02+254238.9,118.9042870000,25.7108330000,0.4447060000,,,,,normal_agn,,literature,True,silver,,,,0,075537.02+254238.9,dev
082413.39+502452.2,126.0558050000,50.4145250000,0.5395320000,,,,,normal_agn,,literature,True,silver,,,,0,082413.39+502452.2,test
080332.79+225119.6,120.8866470000,22.8554610000,0.4990010000,,,,,normal_agn,,literature,True,silver,,,,0,080332.79+225119.6,dev
084353.13+095023.5,130.9713930000,9.8398770000,0.4524000000,,,,,normal_agn,,literature,True,silver,,,,0,084353.13+095023.5,test
083801.51+412658.3,129.5063140000,41.4495440000,0.5700000000,,,,,normal_agn,,literature,True,silver,,,,0,083801.51+412658.3,dev
074906.65+290418.5,117.2777330000,29.0718110000,0.4976000000,,,,,normal_agn,,literature,True,silver,,,,0,074906.65+290418.5,dev
081318.34+454654.2,123.3264260000,45.7817220000,0.5260000000,,,,,normal_agn,,literature,True,silver,,,,0,081318.34+454654.2,test
081622.09+521135.8,124.0920800000,52.1932790000,0.5500000000,,,,,normal_agn,,literature,True,silver,,,,0,081622.09+521135.8,dev
075529.29+415513.5,118.8720680000,41.9204310000,0.3321820000,,,,,normal_agn,,literature,True,silver,,,,0,075529.29+415513.5,dev
080138.37+294513.2,120.4098800000,29.7536790000,0.4443960000,,,,,normal_agn,,literature,True,silver,,,,0,080138.37+294513.2,dev
083926.19+463106.6,129.8591540000,46.5185140000,0.5050000000,,,,,normal_agn,,literature,True,silver,,,,0,083926.19+463106.6,dev
083810.56+091147.3,129.5440040000,9.1964740000,0.5193940000,,,,,normal_agn,,literature,True,silver,,,,0,083810.56+091147.3,dev
081235.74-062141.9,123.1489230000,-6.3616600000,0.5366000000,,,,,normal_agn,,literature,True,silver,,,,0,081235.74-062141.9,dev
075041.02+523814.4,117.6709200000,52.6373520000,0.5631930000,,,,,normal_agn,,literature,True,silver,,,,0,075041.02+523814.4,dev
084314.37+343541.3,130.8098980000,34.5948270000,0.4180000000,,,,,normal_agn,,literature,True,silver,,,,0,084314.37+343541.3,dev
075506.19+491938.8,118.7758280000,49.3274610000,0.5790000000,,,,,normal_agn,,literature,True,silver,,,,0,075506.19+491938.8,test
080718.74+272947.1,121.8281030000,27.4964280000,0.3413020000,,,,,normal_agn,,literature,True,silver,,,,0,080718.74+272947.1,dev
080837.03+534855.9,122.1543320000,53.8155350000,0.3010000000,,,,,normal_agn,,literature,True,silver,,,,0,080837.03+534855.9,dev
081837.22+065737.8,124.6551230000,6.9605190000,0.5553690000,,,,,normal_agn,,literature,True,silver,,,,0,081837.22+065737.8,dev
083132.87+613116.7,127.8869920000,61.5213200000,0.3713000000,,,,,normal_agn,,literature,True,silver,,,,0,083132.87+613116.7,dev
084257.46+370803.9,130.7394460000,37.1344390000,0.4526660000,,,,,normal_agn,,literature,True,silver,,,,0,084257.46+370803.9,dev
080252.91+314226.1,120.7204770000,31.7072540000,0.4838590000,,,,,normal_agn,,literature,True,silver,,,,0,080252.91+314226.1,dev
082854.96+240300.4,127.2290140000,24.0501340000,0.3044840000,,,,,normal_agn,,literature,True,silver,,,,0,082854.96+240300.4,dev
075853.89+224245.5,119.7245830000,22.7126460000,0.5730000000,,,,,normal_agn,,literature,True,silver,,,,0,075853.89+224245.5,dev
083608.56+253142.1,129.0356760000,25.5283690000,0.5680040000,,,,,normal_agn,,literature,True,silver,,,,0,083608.56+253142.1,dev
080629.83+545848.6,121.6242960000,54.9801800000,0.5216710000,,,,,normal_agn,,literature,True,silver,,,,0,080629.83+545848.6,dev
082615.58+405806.1,126.5649330000,40.9683780000,0.3217030000,,,,,normal_agn,,literature,True,silver,,,,0,082615.58+405806.1,dev
084015.25+233748.4,130.0635660000,23.6301340000,0.5786020000,,,,,normal_agn,,literature,True,silver,,,,0,084015.25+233748.4,dev
080131.57+144038.1,120.3815530000,14.6772590000,0.5327980000,,,,,normal_agn,,literature,True,silver,,,,0,080131.57+144038.1,test
080816.56+473013.7,122.0690090000,47.5038250000,0.5489900000,,,,,normal_agn,,literature,True,silver,,,,0,080816.56+473013.7,dev
082300.40+340133.7,125.7517010000,34.0260360000,0.4317610000,,,,,normal_agn,,literature,True,silver,,,,0,082300.40+340133.7,test
075651.53+160455.0,119.2147320000,16.0819640000,0.5486210000,,,,,normal_agn,,literature,True,silver,,,,0,075651.53+160455.0,test
080404.71+470812.2,121.0196310000,47.1367480000,0.5990000000,,,,,normal_agn,,literature,True,silver,,,,0,080404.71+470812.2,dev
080341.70+382105.4,120.9237560000,38.3515170000,0.5716950000,,,,,normal_agn,,literature,True,silver,,,,0,080341.70+382105.4,dev
074836.11+240024.1,117.1504640000,24.0066980000,0.4098540000,,,,,normal_agn,,literature,True,silver,,,,0,074836.11+240024.1,dev
082138.20+310800.9,125.4091670000,31.1335840000,0.5926630000,,,,,normal_agn,,literature,True,silver,,,,0,082138.20+310800.9,dev
074910.59+284214.5,117.2941660000,28.7040530000,0.3442000000,,,,,normal_agn,,literature,True,silver,,,,0,074910.59+284214.5,dev
084246.58+222644.8,130.6940990000,22.4457810000,0.4374040000,,,,,normal_agn,,literature,True,silver,,,,0,084246.58+222644.8,test
081246.97+420920.0,123.1957170000,42.1555820000,0.4796520000,,,,,normal_agn,,literature,True,silver,,,,0,081246.97+420920.0,dev
080358.17+463734.7,120.9924120000,46.6263280000,0.4640000000,,,,,normal_agn,,literature,True,silver,,,,0,080358.17+463734.7,dev
081305.92+371958.0,123.2746690000,37.3327850000,0.5310000000,,,,,normal_agn,,literature,True,silver,,,,0,081305.92+371958.0,dev
081137.12+355624.0,122.9046970000,35.9400120000,0.5912140000,,,,,normal_agn,,literature,True,silver,,,,0,081137.12+355624.0,test
082224.55+402142.4,125.6023010000,40.3617940000,0.5060000000,,,,,normal_agn,,literature,True,silver,,,,0,082224.55+402142.4,dev
084154.40+315323.0,130.4766740000,31.8897330000,0.4441000000,,,,,normal_agn,,literature,True,silver,,,,0,084154.40+315323.0,dev
084445.72+285405.3,131.1905050000,28.9014950000,0.5118490000,,,,,normal_agn,,literature,True,silver,,,,0,084445.72+285405.3,dev
083550.97+142344.3,128.9624020000,14.3956560000,0.3526000000,,,,,normal_agn,,literature,True,silver,,,,0,083550.97+142344.3,dev
083733.59+404317.9,129.3899700000,40.7216390000,0.5554600000,,,,,normal_agn,,literature,True,silver,,,,0,083733.59+404317.9,dev
083044.02+142423.6,127.6834480000,14.4065780000,0.3646000000,,,,,normal_agn,,literature,True,silver,,,,0,083044.02+142423.6,dev
084304.75+224626.0,130.7698040000,22.7738910000,0.5572290000,,,,,normal_agn,,literature,True,silver,,,,0,084304.75+224626.0,dev
084438.65+144435.2,131.1610480000,14.7431310000,0.5771000000,,,,,normal_agn,,literature,True,silver,,,,0,084438.65+144435.2,dev
080109.59+304209.5,120.2899780000,30.7026570000,0.5663610000,,,,,normal_agn,,literature,True,silver,,,,0,080109.59+304209.5,test
084257.43+270856.0,130.7393230000,27.1489100000,0.4730580000,,,,,normal_agn,,literature,True,silver,,,,0,084257.43+270856.0,dev
080823.85+053934.9,122.0993870000,5.6596960000,0.5668220000,,,,,normal_agn,,literature,True,silver,,,,0,080823.85+053934.9,dev
082859.31+422234.3,127.2471390000,42.3762090000,0.5603380000,,,,,normal_agn,,literature,True,silver,,,,0,082859.31+422234.3,test
081648.53+542213.9,124.2022280000,54.3705280000,0.4110000000,,,,,normal_agn,,literature,True,silver,,,,0,081648.53+542213.9,test
075311.76+495730.9,118.2990380000,49.9586050000,0.5195760000,,,,,normal_agn,,literature,True,silver,,,,0,075311.76+495730.9,dev
081136.65+384517.8,122.9027250000,38.7549580000,0.5980580000,,,,,normal_agn,,literature,True,silver,,,,0,081136.65+384517.8,dev
075741.68+241921.6,119.4236670000,24.3226680000,0.5514250000,,,,,normal_agn,,literature,True,silver,,,,0,075741.68+241921.6,dev
081751.25+465742.9,124.4635460000,46.9619340000,0.5601850000,,,,,normal_agn,,literature,True,silver,,,,0,081751.25+465742.9,dev
084515.58+142559.2,131.3149570000,14.4331330000,0.5950000000,,,,,normal_agn,,literature,True,silver,,,,0,084515.58+142559.2,dev
080206.92+450113.7,120.5288420000,45.0204730000,0.5290000000,,,,,normal_agn,,literature,True,silver,,,,0,080206.92+450113.7,test
081108.22+504530.4,122.7842720000,50.7584500000,0.3890000000,,,,,normal_agn,,literature,True,silver,,,,0,081108.22+504530.4,dev
080427.52+504359.9,121.1147010000,50.7333090000,0.5690000000,,,,,normal_agn,,literature,True,silver,,,,0,080427.52+504359.9,dev
084455.11+381237.5,131.2296630000,38.2104380000,0.4097690000,,,,,normal_agn,,literature,True,silver,,,,0,084455.11+381237.5,dev
084220.79+333155.6,130.5866270000,33.5321310000,0.5973100000,,,,,normal_agn,,literature,True,silver,,,,0,084220.79+333155.6,dev
080742.04+190635.8,121.9251810000,19.1099580000,0.5150000000,,,,,normal_agn,,literature,True,silver,,,,0,080742.04+190635.8,test
075911.77+145704.0,119.7990460000,14.9511270000,0.5158280000,,,,,normal_agn,,literature,True,silver,,,,0,075911.77+145704.0,dev
082934.21+392719.1,127.3925500000,39.4553240000,0.5059920000,,,,,normal_agn,,literature,True,silver,,,,0,082934.21+392719.1,dev
081210.52+091337.0,123.0438710000,9.2269520000,0.3363000000,,,,,normal_agn,,literature,True,silver,,,,0,081210.52+091337.0,dev
084129.98+325744.3,130.3749550000,32.9623130000,0.4359090000,,,,,normal_agn,,literature,True,silver,,,,0,084129.98+325744.3,dev
075625.77+395602.5,119.1073990000,39.9340380000,0.5120000000,,,,,normal_agn,,literature,True,silver,,,,0,075625.77+395602.5,dev
082608.50+274209.9,126.5354470000,27.7027720000,0.4192030000,,,,,normal_agn,,literature,True,silver,,,,0,082608.50+274209.9,test
082159.81+243003.5,125.4992440000,24.5009810000,0.4270000000,,,,,normal_agn,,literature,True,silver,,,,0,082159.81+243003.5,dev
083005.60+531046.5,127.5233430000,53.1796110000,0.5444020000,,,,,normal_agn,,literature,True,silver,,,,0,083005.60+531046.5,dev
081536.62+431455.5,123.9025930000,43.2487610000,0.5488090000,,,,,normal_agn,,literature,True,silver,,,,0,081536.62+431455.5,dev
083252.05+432306.4,128.2169050000,43.3851220000,0.3061700000,,,,,normal_agn,,literature,True,silver,,,,0,083252.05+432306.4,dev
074905.35+241007.1,117.2723090000,24.1686570000,0.4416670000,,,,,normal_agn,,literature,True,silver,,,,0,074905.35+241007.1,dev
080048.36+340648.9,120.2015080000,34.1136050000,0.5452720000,,,,,normal_agn,,literature,True,silver,,,,0,080048.36+340648.9,test
080838.84+051439.9,122.1618540000,5.2444260000,0.3606140000,,,,,normal_agn,,literature,True,silver,,,,0,080838.84+051439.9,dev
083746.63+432949.0,129.4443070000,43.4969470000,0.5560000000,,,,,normal_agn,,literature,True,silver,,,,0,083746.63+432949.0,dev
082321.19+482636.6,125.8383090000,48.4435040000,0.5020000000,,,,,normal_agn,,literature,True,silver,,,,0,082321.19+482636.6,dev
083743.44+290809.7,129.4310290000,29.1360440000,0.4969610000,,,,,normal_agn,,literature,True,silver,,,,0,083743.44+290809.7,dev
082835.18+420019.2,127.1466230000,42.0053440000,0.4732450000,,,,,normal_agn,,literature,True,silver,,,,0,082835.18+420019.2,dev
084209.49+551143.4,130.5395770000,55.1953980000,0.4320000000,,,,,normal_agn,,literature,True,silver,,,,0,084209.49+551143.4,dev
083405.42+281606.9,128.5226190000,28.2685990000,0.5778270000,,,,,normal_agn,,literature,True,silver,,,,0,083405.42+281606.9,dev
075706.31+401922.8,119.2762920000,40.3230100000,0.5079530000,,,,,normal_agn,,literature,True,silver,,,,0,075706.31+401922.8,dev
081305.75+554054.5,123.2739840000,55.6818210000,0.4520000000,,,,,normal_agn,,literature,True,silver,,,,0,081305.75+554054.5,test
084230.51+495802.3,130.6271590000,49.9673270000,0.3049440000,,,,,normal_agn,,literature,True,silver,,,,0,084230.51+495802.3,dev
075651.68+312909.1,119.2153430000,31.4858690000,0.5320000000,,,,,normal_agn,,literature,True,silver,,,,0,075651.68+312909.1,dev
084433.01+380135.1,131.1375640000,38.0264260000,0.3437260000,,,,,normal_agn,,literature,True,silver,,,,0,084433.01+380135.1,dev
082621.52+242817.6,126.5896860000,24.4715560000,0.3008220000,,,,,normal_agn,,literature,True,silver,,,,0,082621.52+242817.6,dev
082926.13+573621.4,127.3588940000,57.6059620000,0.4771030000,,,,,normal_agn,,literature,True,silver,,,,0,082926.13+573621.4,dev
083131.64+275024.8,127.8818720000,27.8402270000,0.5452340000,,,,,normal_agn,,literature,True,silver,,,,0,083131.64+275024.8,dev
083945.50+422154.6,129.9396190000,42.3651880000,0.5972820000,,,,,normal_agn,,literature,True,silver,,,,0,083945.50+422154.6,dev
075354.51+452401.0,118.4771660000,45.4002840000,0.5857370000,,,,,normal_agn,,literature,True,silver,,,,0,075354.51+452401.0,dev
081330.07+460636.2,123.3752970000,46.1100690000,0.5120000000,,,,,normal_agn,,literature,True,silver,,,,0,081330.07+460636.2,dev
081109.38+172928.9,122.7891170000,17.4913630000,0.3931250000,,,,,normal_agn,,literature,True,silver,,,,0,081109.38+172928.9,dev
081949.96+505728.5,124.9581680000,50.9579390000,0.3976470000,,,,,normal_agn,,literature,True,silver,,,,0,081949.96+505728.5,test
082053.16+523011.2,125.2215010000,52.5031360000,0.5760000000,,,,,normal_agn,,literature,True,silver,,,,0,082053.16+523011.2,dev
075807.01+334955.9,119.5292490000,33.8322040000,0.5759870000,,,,,normal_agn,,literature,True,silver,,,,0,075807.01+334955.9,test
084122.85+254925.0,130.3452320000,25.8236140000,0.4244510000,,,,,normal_agn,,literature,True,silver,,,,0,084122.85+254925.0,dev
081347.87+212621.3,123.4494650000,21.4392750000,0.5770500000,,,,,normal_agn,,literature,True,silver,,,,0,081347.87+212621.3,dev
084325.94+234803.4,130.8581210000,23.8009520000,0.3319980000,,,,,normal_agn,,literature,True,silver,,,,0,084325.94+234803.4,dev
074832.85+415711.1,117.1369120000,41.9531040000,0.5010000000,,,,,normal_agn,,literature,True,silver,,,,0,074832.85+415711.1,dev
075407.55+374203.7,118.5314930000,37.7010340000,0.5027180000,,,,,normal_agn,,literature,True,silver,,,,0,075407.55+374203.7,dev
084406.85+444721.7,131.0285750000,44.7893780000,0.3590000000,,,,,normal_agn,,literature,True,silver,,,,0,084406.85+444721.7,dev
080311.02+293924.0,120.7959450000,29.6566770000,0.5620000000,,,,,normal_agn,,literature,True,silver,,,,0,080311.02+293924.0,dev
075153.81+162512.8,117.9742420000,16.4202340000,0.5331060000,,,,,normal_agn,,literature,True,silver,,,,0,075153.81+162512.8,test
080230.06+295555.5,120.6252690000,29.9320950000,0.5870690000,,,,,normal_agn,,literature,True,silver,,,,0,080230.06+295555.5,dev
083525.97+435211.2,128.8582500000,43.8697940000,0.5680000000,,,,,normal_agn,,literature,True,silver,,,,0,083525.97+435211.2,dev
080956.28+373653.1,122.4845220000,37.6147650000,0.4233310000,,,,,normal_agn,,literature,True,silver,,,,0,080956.28+373653.1,dev
084434.97+005517.7,131.1457270000,0.9216080000,0.4399600000,,,,,normal_agn,,literature,True,silver,,,,0,084434.97+005517.7,dev
083955.87+581847.8,129.9828190000,58.3132850000,0.4263000000,,,,,normal_agn,,literature,True,silver,,,,0,083955.87+581847.8,dev
080045.79+245100.7,120.1908130000,24.8502160000,0.3837780000,,,,,normal_agn,,literature,True,silver,,,,0,080045.79+245100.7,dev
074844.81+315309.9,117.1867310000,31.8861050000,0.5310000000,,,,,normal_agn,,literature,True,silver,,,,0,074844.81+315309.9,test
082057.41+400326.7,125.2392380000,40.0574440000,0.5894690000,,,,,normal_agn,,literature,True,silver,,,,0,082057.41+400326.7,dev
080153.07+510241.8,120.4711510000,51.0449530000,0.5010000000,,,,,normal_agn,,literature,True,silver,,,,0,080153.07+510241.8,test
084515.98+235514.5,131.3165980000,23.9207210000,0.4820460000,,,,,normal_agn,,literature,True,silver,,,,0,084515.98+235514.5,dev
083022.15+065629.0,127.5923070000,6.9413930000,0.3993740000,,,,,normal_agn,,literature,True,silver,,,,0,083022.15+065629.0,test
082509.40+302201.3,126.2891860000,30.3670530000,0.5111910000,,,,,normal_agn,,literature,True,silver,,,,0,082509.40+302201.3,dev
080513.09+312716.7,121.3045440000,31.4546640000,0.4851250000,,,,,normal_agn,,literature,True,silver,,,,0,080513.09+312716.7,dev
080521.79+412411.7,121.3408070000,41.4032630000,0.5065460000,,,,,normal_agn,,literature,True,silver,,,,0,080521.79+412411.7,dev
083705.63+284523.6,129.2734730000,28.7565730000,0.5120000000,,,,,normal_agn,,literature,True,silver,,,,0,083705.63+284523.6,dev
080402.65+370324.7,121.0110450000,37.0568620000,0.4992690000,,,,,normal_agn,,literature,True,silver,,,,0,080402.65+370324.7,dev
082034.40+485156.5,125.1433680000,48.8657000000,0.5120000000,,,,,normal_agn,,literature,True,silver,,,,0,082034.40+485156.5,test
083109.39+143448.9,127.7891450000,14.5802520000,0.5656000000,,,,,normal_agn,,literature,True,silver,,,,0,083109.39+143448.9,dev
083739.46+223211.5,129.4144250000,22.5365530000,0.5505760000,,,,,normal_agn,,literature,True,silver,,,,0,083739.46+223211.5,test
082859.06+544743.5,127.2460930000,54.7954270000,0.5460000000,,,,,normal_agn,,literature,True,silver,,,,0,082859.06+544743.5,dev
084142.64+584039.2,130.4276910000,58.6775800000,0.5964510000,,,,,normal_agn,,literature,True,silver,,,,0,084142.64+584039.2,dev
081420.85+202531.1,123.5869070000,20.4253130000,0.4690000000,,,,,normal_agn,,literature,True,silver,,,,0,081420.85+202531.1,dev
080505.24+221956.9,121.2718710000,22.3324870000,0.5140000000,,,,,normal_agn,,literature,True,silver,,,,0,080505.24+221956.9,test
084311.86+283559.0,130.7994440000,28.5997430000,0.4900000000,,,,,normal_agn,,literature,True,silver,,,,0,084311.86+283559.0,test
083319.98+482926.1,128.3332560000,48.4906020000,0.5616410000,,,,,normal_agn,,literature,True,silver,,,,0,083319.98+482926.1,test
081344.01+171103.2,123.4333780000,17.1842460000,0.5818970000,,,,,normal_agn,,literature,True,silver,,,,0,081344.01+171103.2,dev
083114.86+501348.6,127.8119400000,50.2301840000,0.4000000000,,,,,normal_agn,,literature,True,silver,,,,0,083114.86+501348.6,dev
075825.12+371825.0,119.6046930000,37.3069540000,0.5354960000,,,,,normal_agn,,literature,True,silver,,,,0,075825.12+371825.0,dev
084336.70+240302.8,130.9029350000,24.0507950000,0.5030870000,,,,,normal_agn,,literature,True,silver,,,,0,084336.70+240302.8,dev
075845.61+135943.7,119.6900740000,13.9954730000,0.5527700000,,,,,normal_agn,,literature,True,silver,,,,0,075845.61+135943.7,dev
081849.68+384624.6,124.7070260000,38.7735040000,0.3604830000,,,,,normal_agn,,literature,True,silver,,,,0,081849.68+384624.6,dev
075052.71+465150.3,117.7196420000,46.8639810000,0.5924990000,,,,,normal_agn,,literature,True,silver,,,,0,075052.71+465150.3,test
081502.81+513313.3,123.7617100000,51.5537210000,0.5127150000,,,,,normal_agn,,literature,True,silver,,,,0,081502.81+513313.3,dev
083811.19+485506.3,129.5466280000,48.9184180000,0.5543730000,,,,,normal_agn,,literature,True,silver,,,,0,083811.19+485506.3,dev
080555.40+324323.5,121.4808500000,32.7231960000,0.4300000000,,,,,normal_agn,,literature,True,silver,,,,0,080555.40+324323.5,dev
082707.08+173237.5,126.7795260000,17.5437670000,0.5994430000,,,,,normal_agn,,literature,True,silver,,,,0,082707.08+173237.5,test
080102.99+261725.6,120.2624850000,26.2904450000,0.5930590000,,,,,normal_agn,,literature,True,silver,,,,0,080102.99+261725.6,dev
084309.90+444848.3,130.7912650000,44.8134390000,0.5090000000,,,,,normal_agn,,literature,True,silver,,,,0,084309.90+444848.3,dev
080934.31+335238.2,122.3929700000,33.8773040000,0.4497640000,,,,,normal_agn,,literature,True,silver,,,,0,080934.31+335238.2,dev
082202.36+502503.2,125.5098340000,50.4175820000,0.3580620000,,,,,normal_agn,,literature,True,silver,,,,0,082202.36+502503.2,test
084151.38+562117.5,130.4640990000,56.3548680000,0.5890000000,,,,,normal_agn,,literature,True,silver,,,,0,084151.38+562117.5,dev
084433.19+034255.0,131.1382980000,3.7152970000,0.3417540000,,,,,normal_agn,,literature,True,silver,,,,0,084433.19+034255.0,test
081536.58+262644.5,123.9024530000,26.4457200000,0.3677120000,,,,,normal_agn,,literature,True,silver,,,,0,081536.58+262644.5,test
080956.21+255132.7,122.4842150000,25.8591050000,0.5624520000,,,,,normal_agn,,literature,True,silver,,,,0,080956.21+255132.7,dev
083857.19+531015.6,129.7383320000,53.1710100000,0.5890000000,,,,,normal_agn,,literature,True,silver,,,,0,083857.19+531015.6,dev
084245.80+353248.8,130.6908460000,35.5468930000,0.4949750000,,,,,normal_agn,,literature,True,silver,,,,0,084245.80+353248.8,dev
084345.93+200240.9,130.9413930000,20.0446970000,0.5393380000,,,,,normal_agn,,literature,True,silver,,,,0,084345.93+200240.9,test
075431.02+480819.7,118.6292530000,48.1388260000,0.5879480000,,,,,normal_agn,,literature,True,silver,,,,0,075431.02+480819.7,dev
082440.61+235709.9,126.1692300000,23.9527540000,0.5364070000,,,,,normal_agn,,literature,True,silver,,,,0,082440.61+235709.9,dev
081449.24+384628.4,123.7051740000,38.7745680000,0.4950000000,,,,,normal_agn,,literature,True,silver,,,,0,081449.24+384628.4,dev
083431.42+450742.0,128.6309500000,45.1283400000,0.4670000000,,,,,normal_agn,,literature,True,silver,,,,0,083431.42+450742.0,test
084054.26+545416.2,130.2261150000,54.9045210000,0.4860000000,,,,,normal_agn,,literature,True,silver,,,,0,084054.26+545416.2,dev
082639.77+595702.4,126.6657480000,59.9506740000,0.5114000000,,,,,normal_agn,,literature,True,silver,,,,0,082639.77+595702.4,dev
082051.07+513648.4,125.2127920000,51.6134540000,0.5950000000,,,,,normal_agn,,literature,True,silver,,,,0,082051.07+513648.4,dev
083645.15+525719.5,129.1881310000,52.9554180000,0.3490000000,,,,,normal_agn,,literature,True,silver,,,,0,083645.15+525719.5,dev
081257.81+522210.1,123.2408970000,52.3694910000,0.5485450000,,,,,normal_agn,,literature,True,silver,,,,0,081257.81+522210.1,dev
075841.97+323702.8,119.6748800000,32.6174490000,0.5574670000,,,,,normal_agn,,literature,True,silver,,,,0,075841.97+323702.8,dev
084305.31+453230.1,130.7721360000,45.5417170000,0.5590000000,,,,,normal_agn,,literature,True,silver,,,,0,084305.31+453230.1,dev
080158.20+475048.4,120.4925140000,47.8467900000,0.5812880000,,,,,normal_agn,,literature,True,silver,,,,0,080158.20+475048.4,test
075210.78+345710.6,118.0449510000,34.9529600000,0.4057660000,,,,,normal_agn,,literature,True,silver,,,,0,075210.78+345710.6,dev
081054.73+501319.5,122.7280620000,50.2221010000,0.3226390000,,,,,normal_agn,,literature,True,silver,,,,0,081054.73+501319.5,dev
082218.89+493633.9,125.5787100000,49.6094310000,0.4750000000,,,,,normal_agn,,literature,True,silver,,,,0,082218.89+493633.9,dev
083456.16+301219.1,128.7340190000,30.2053290000,0.5053340000,,,,,normal_agn,,literature,True,silver,,,,0,083456.16+301219.1,dev
080258.58+393113.9,120.7440980000,39.5205530000,0.5765060000,,,,,normal_agn,,literature,True,silver,,,,0,080258.58+393113.9,dev
075428.24+393934.4,118.6176960000,39.6595580000,0.5214370000,,,,,normal_agn,,literature,True,silver,,,,0,075428.24+393934.4,test
080547.82+324412.8,121.4492830000,32.7368940000,0.4598610000,,,,,normal_agn,,literature,True,silver,,,,0,080547.82+324412.8,dev
084038.10+184522.7,130.1587740000,18.7563290000,0.5812390000,,,,,normal_agn,,literature,True,silver,,,,0,084038.10+184522.7,test
081001.12+205439.2,122.5047040000,20.9108970000,0.3889180000,,,,,normal_agn,,literature,True,silver,,,,0,081001.12+205439.2,test
074916.72+391307.8,117.3197030000,39.2188520000,0.4645320000,,,,,normal_agn,,literature,True,silver,,,,0,074916.72+391307.8,dev
080421.92+235528.1,121.0913480000,23.9244780000,0.4820000000,,,,,normal_agn,,literature,True,silver,,,,0,080421.92+235528.1,dev
083848.40+404309.0,129.7016890000,40.7191680000,0.5511260000,,,,,normal_agn,,literature,True,silver,,,,0,083848.40+404309.0,dev
080653.12+551321.8,121.7213690000,55.2227470000,0.5540800000,,,,,normal_agn,,literature,True,silver,,,,0,080653.12+551321.8,dev
082418.50+510835.2,126.0771190000,51.1431340000,0.4580000000,,,,,normal_agn,,literature,True,silver,,,,0,082418.50+510835.2,dev
082905.01+571541.6,127.2708880000,57.2615740000,0.3505000000,,,,,normal_agn,,literature,True,silver,,,,0,082905.01+571541.6,dev
075513.11+495415.4,118.8046450000,49.9042900000,0.4962450000,,,,,normal_agn,,literature,True,silver,,,,0,075513.11+495415.4,dev
082530.81+281012.8,126.3783840000,28.1702340000,0.5209670000,,,,,normal_agn,,literature,True,silver,,,,0,082530.81+281012.8,dev
083355.92+371337.6,128.4830030000,37.2271260000,0.5265670000,,,,,normal_agn,,literature,True,silver,,,,0,083355.92+371337.6,dev
082432.62+451234.8,126.1359340000,45.2096880000,0.5670000000,,,,,normal_agn,,literature,True,silver,,,,0,082432.62+451234.8,dev
082718.94+294204.3,126.8289270000,29.7011960000,0.4086310000,,,,,normal_agn,,literature,True,silver,,,,0,082718.94+294204.3,dev
080955.31+540145.7,122.4804600000,54.0293790000,0.5970000000,,,,,normal_agn,,literature,True,silver,,,,0,080955.31+540145.7,dev
083227.15+055603.5,128.1131270000,5.9343180000,0.3456390000,,,,,normal_agn,,literature,True,silver,,,,0,083227.15+055603.5,dev
081200.26+160951.0,123.0010920000,16.1641700000,0.4421060000,,,,,normal_agn,,literature,True,silver,,,,0,081200.26+160951.0,test
075909.80+485151.8,119.7908650000,48.8644080000,0.5675070000,,,,,normal_agn,,literature,True,silver,,,,0,075909.80+485151.8,test
082851.72+334056.8,127.2155000000,33.6824530000,0.4426760000,,,,,normal_agn,,literature,True,silver,,,,0,082851.72+334056.8,dev
082203.36+463015.2,125.5140120000,46.5042460000,0.5350000000,,,,,normal_agn,,literature,True,silver,,,,0,082203.36+463015.2,dev
082958.79+513044.5,127.4949600000,51.5123760000,0.3424420000,,,,,normal_agn,,literature,True,silver,,,,0,082958.79+513044.5,test
080314.94+363116.5,120.8122560000,36.5212730000,0.4141500000,,,,,normal_agn,,literature,True,silver,,,,0,080314.94+363116.5,test
084005.89+221236.9,130.0245650000,22.2102720000,0.5664270000,,,,,normal_agn,,literature,True,silver,,,,0,084005.89+221236.9,dev
074858.31+332822.5,117.2429600000,33.4729400000,0.5840000000,,,,,normal_agn,,literature,True,silver,,,,0,074858.31+332822.5,dev
081831.96+231304.3,124.6331850000,23.2178660000,0.3129630000,,,,,normal_agn,,literature,True,silver,,,,0,081831.96+231304.3,dev
080540.16+561530.3,121.4173370000,56.2584380000,0.4474220000,,,,,normal_agn,,literature,True,silver,,,,0,080540.16+561530.3,dev
081731.12+233521.4,124.3796690000,23.5892810000,0.5004700000,,,,,normal_agn,,literature,True,silver,,,,0,081731.12+233521.4,test
083026.77+524601.3,127.6115750000,52.7670530000,0.5460000000,,,,,normal_agn,,literature,True,silver,,,,0,083026.77+524601.3,test
081851.85+534745.6,124.7160500000,53.7960220000,0.5950000000,,,,,normal_agn,,literature,True,silver,,,,0,081851.85+534745.6,dev
080448.03+103728.0,121.2001420000,10.6244500000,0.5889000000,,,,,normal_agn,,literature,True,silver,,,,0,080448.03+103728.0,dev
075429.46+173450.2,118.6227860000,17.5806230000,0.5726990000,,,,,normal_agn,,literature,True,silver,,,,0,075429.46+173450.2,dev
081227.88+465152.0,123.1161880000,46.8644650000,0.4913140000,,,,,normal_agn,,literature,True,silver,,,,0,081227.88+465152.0,test
082547.07+181228.6,126.4461660000,18.2079460000,0.5251610000,,,,,normal_agn,,literature,True,silver,,,,0,082547.07+181228.6,dev
082403.30+405239.8,126.0137770000,40.8777480000,0.5963950000,,,,,normal_agn,,literature,True,silver,,,,0,082403.30+405239.8,dev
082942.10+352833.8,127.4254500000,35.4760700000,0.4320000000,,,,,normal_agn,,literature,True,silver,,,,0,082942.10+352833.8,dev
075947.19+494701.6,119.9466510000,49.7837870000,0.5393470000,,,,,normal_agn,,literature,True,silver,,,,0,075947.19+494701.6,test
081841.27+450931.8,124.6719880000,45.1588470000,0.4140000000,,,,,normal_agn,,literature,True,silver,,,,0,081841.27+450931.8,dev
083133.68+262757.5,127.8903690000,26.4659850000,0.4479170000,,,,,normal_agn,,literature,True,silver,,,,0,083133.68+262757.5,dev
082055.43+354204.0,125.2309910000,35.7011360000,0.5890000000,,,,,normal_agn,,literature,True,silver,,,,0,082055.43+354204.0,dev
082235.89+453407.2,125.6495560000,45.5686690000,0.4669510000,,,,,normal_agn,,literature,True,silver,,,,0,082235.89+453407.2,dev
080930.91+490842.7,122.3788260000,49.1452000000,0.5290000000,,,,,normal_agn,,literature,True,silver,,,,0,080930.91+490842.7,dev
083526.42+465535.5,128.8601060000,46.9265460000,0.3199570000,,,,,normal_agn,,literature,True,silver,,,,0,083526.42+465535.5,dev
075601.61+285033.1,119.0067440000,28.8425470000,0.4210420000,,,,,normal_agn,,literature,True,silver,,,,0,075601.61+285033.1,dev
083850.97+591605.9,129.7123940000,59.2683280000,0.4651810000,,,,,normal_agn,,literature,True,silver,,,,0,083850.97+591605.9,dev
080752.35+223456.8,121.9681310000,22.5824470000,0.5956510000,,,,,normal_agn,,literature,True,silver,,,,0,080752.35+223456.8,dev
083525.53+311154.4,128.8563840000,31.1984560000,0.4134530000,,,,,normal_agn,,literature,True,silver,,,,0,083525.53+311154.4,dev
082045.81+523607.7,125.1908800000,52.6021590000,0.5180000000,,,,,normal_agn,,literature,True,silver,,,,0,082045.81+523607.7,test
075201.69+103110.7,118.0070670000,10.5196480000,0.4720000000,,,,,normal_agn,,literature,True,silver,,,,0,075201.69+103110.7,dev
083647.04+122926.2,129.1960200000,12.4906290000,0.5449300000,,,,,normal_agn,,literature,True,silver,,,,0,083647.04+122926.2,dev
080306.75+302411.9,120.7781280000,30.4033220000,0.3379360000,,,,,normal_agn,,literature,True,silver,,,,0,080306.75+302411.9,dev
083442.90+244829.4,128.6787910000,24.8081930000,0.5930000000,,,,,normal_agn,,literature,True,silver,,,,0,083442.90+244829.4,test
075546.68+165618.3,118.9445180000,16.9384400000,0.3491050000,,,,,normal_agn,,literature,True,silver,,,,0,075546.68+165618.3,dev
082949.99+274023.3,127.4582930000,27.6731490000,0.5507760000,,,,,normal_agn,,literature,True,silver,,,,0,082949.99+274023.3,dev
084042.23+440429.2,130.1759990000,44.0747780000,0.4983020000,,,,,normal_agn,,literature,True,silver,,,,0,084042.23+440429.2,dev
080413.77+204153.8,121.0574030000,20.6982910000,0.4340760000,,,,,normal_agn,,literature,True,silver,,,,0,080413.77+204153.8,dev
081507.92+543407.8,123.7830010000,54.5688560000,0.4270000000,,,,,normal_agn,,literature,True,silver,,,,0,081507.92+543407.8,dev
080931.70+322014.1,122.3821140000,32.3372590000,0.3904500000,,,,,normal_agn,,literature,True,silver,,,,0,080931.70+322014.1,dev
081747.77+090037.9,124.4490490000,9.0105480000,0.5362000000,,,,,normal_agn,,literature,True,silver,,,,0,081747.77+090037.9,test
083258.34+323003.3,128.2431200000,32.5009330000,0.3970820000,,,,,normal_agn,,literature,True,silver,,,,0,083258.34+323003.3,test
081853.40+384803.4,124.7225190000,38.8009700000,0.5022330000,,,,,normal_agn,,literature,True,silver,,,,0,081853.40+384803.4,dev
081221.94+330451.5,123.0914560000,33.0809930000,0.5770000000,,,,,normal_agn,,literature,True,silver,,,,0,081221.94+330451.5,dev
075925.89+455633.3,119.8578910000,45.9425900000,0.5140000000,,,,,normal_agn,,literature,True,silver,,,,0,075925.89+455633.3,dev
081419.57+214225.5,123.5815800000,21.7070920000,0.4080000000,,,,,normal_agn,,literature,True,silver,,,,0,081419.57+214225.5,dev
075407.71+161559.9,118.5321470000,16.2666660000,0.4518630000,,,,,normal_agn,,literature,True,silver,,,,0,075407.71+161559.9,dev
081537.33+472223.4,123.9055780000,47.3731940000,0.5521520000,,,,,normal_agn,,literature,True,silver,,,,0,081537.33+472223.4,dev
080550.32+353304.6,121.4597070000,35.5512790000,0.5182700000,,,,,normal_agn,,literature,True,silver,,,,0,080550.32+353304.6,dev
075248.79+470520.7,118.2033040000,47.0891070000,0.3586700000,,,,,normal_agn,,literature,True,silver,,,,0,075248.79+470520.7,dev
083959.19+215837.2,129.9966640000,21.9770040000,0.5078000000,,,,,normal_agn,,literature,True,silver,,,,0,083959.19+215837.2,dev
080449.13+453547.0,121.2047260000,45.5963910000,0.4280000000,,,,,normal_agn,,literature,True,silver,,,,0,080449.13+453547.0,test
082016.60+363049.6,125.0691900000,36.5137950000,0.3356330000,,,,,normal_agn,,literature,True,silver,,,,0,082016.60+363049.6,dev
075401.60+393231.5,118.5066750000,39.5420900000,0.5674000000,,,,,normal_agn,,literature,True,silver,,,,0,075401.60+393231.5,dev
081346.22+493552.2,123.4425910000,49.5978540000,0.5630000000,,,,,normal_agn,,literature,True,silver,,,,0,081346.22+493552.2,test
080646.01+310034.2,121.6917270000,31.0095160000,0.4175920000,,,,,normal_agn,,literature,True,silver,,,,0,080646.01+310034.2,dev
082240.31+295905.5,125.6679800000,29.9848810000,0.5867750000,,,,,normal_agn,,literature,True,silver,,,,0,082240.31+295905.5,dev
075528.86+124636.2,118.8702670000,12.7767470000,0.4194970000,,,,,normal_agn,,literature,True,silver,,,,0,075528.86+124636.2,dev
083733.44+352132.5,129.3893390000,35.3590280000,0.5941660000,,,,,normal_agn,,literature,True,silver,,,,0,083733.44+352132.5,dev
082030.46+345956.4,125.1269250000,34.9990100000,0.5822680000,,,,,normal_agn,,literature,True,silver,,,,0,082030.46+345956.4,dev
075804.69+324858.8,119.5195800000,32.8163440000,0.5600000000,,,,,normal_agn,,literature,True,silver,,,,0,075804.69+324858.8,dev
080024.38+374552.8,120.1015940000,37.7646880000,0.5736800000,,,,,normal_agn,,literature,True,silver,,,,0,080024.38+374552.8,dev
082250.68+134221.6,125.7112000000,13.7060200000,0.4388000000,,,,,normal_agn,,literature,True,silver,,,,0,082250.68+134221.6,dev
080229.00+235554.9,120.6208670000,23.9319190000,0.5809090000,,,,,normal_agn,,literature,True,silver,,,,0,080229.00+235554.9,dev
082513.08+320445.6,126.3045300000,32.0793480000,0.4679000000,,,,,normal_agn,,literature,True,silver,,,,0,082513.08+320445.6,test
084405.89+421216.4,131.0245420000,42.2045650000,0.5021550000,,,,,normal_agn,,literature,True,silver,,,,0,084405.89+421216.4,dev
082305.52+420830.0,125.7730050000,42.1416870000,0.5325520000,,,,,normal_agn,,literature,True,silver,,,,0,082305.52+420830.0,dev
083416.22+531841.8,128.5676070000,53.3116370000,0.3690000000,,,,,normal_agn,,literature,True,silver,,,,0,083416.22+531841.8,test
083655.57+460543.5,129.2315580000,46.0954250000,0.5920000000,,,,,normal_agn,,literature,True,silver,,,,0,083655.57+460543.5,dev
083034.62+295019.7,127.6442760000,29.8388100000,0.4960010000,,,,,normal_agn,,literature,True,silver,,,,0,083034.62+295019.7,dev
080117.15+500643.0,120.3214830000,50.1119480000,0.5258840000,,,,,normal_agn,,literature,True,silver,,,,0,080117.15+500643.0,dev
075638.07+374831.8,119.1586330000,37.8088350000,0.4684220000,,,,,normal_agn,,literature,True,silver,,,,0,075638.07+374831.8,dev
080045.57+241134.2,120.1898840000,24.1928510000,0.5814760000,,,,,normal_agn,,literature,True,silver,,,,0,080045.57+241134.2,dev
082154.37+001046.4,125.4765580000,0.1795580000,0.4362430000,,,,,normal_agn,,literature,True,silver,,,,0,082154.37+001046.4,dev
083050.13+154355.9,127.7088800000,15.7322210000,0.3619000000,,,,,normal_agn,,literature,True,silver,,,,0,083050.13+154355.9,test
081058.81+481845.9,122.7450810000,48.3127770000,0.5239960000,,,,,normal_agn,,literature,True,silver,,,,0,081058.81+481845.9,dev
083013.44+520541.7,127.5560390000,52.0949390000,0.3026460000,,,,,normal_agn,,literature,True,silver,,,,0,083013.44+520541.7,test
075213.25+260827.8,118.0552210000,26.1410780000,0.5711600000,,,,,normal_agn,,literature,True,silver,,,,0,075213.25+260827.8,dev
084340.96+453713.8,130.9207040000,45.6205230000,0.5780000000,,,,,normal_agn,,literature,True,silver,,,,0,084340.96+453713.8,dev
075824.00+323309.2,119.6000350000,32.5525590000,0.4239070000,,,,,normal_agn,,literature,True,silver,,,,0,075824.00+323309.2,dev
082756.95+114431.3,126.9873300000,11.7420490000,0.4202000000,,,,,normal_agn,,literature,True,silver,,,,0,082756.95+114431.3,test
081110.13+211337.9,122.7922430000,21.2272120000,0.5231380000,,,,,normal_agn,,literature,True,silver,,,,0,081110.13+211337.9,dev
080315.25+223953.2,120.8135550000,22.6647920000,0.5208710000,,,,,normal_agn,,literature,True,silver,,,,0,080315.25+223953.2,dev
083503.17+482850.2,128.7632270000,48.4806150000,0.5937070000,,,,,normal_agn,,literature,True,silver,,,,0,083503.17+482850.2,dev
083915.07+130443.4,129.8128020000,13.0787420000,0.3084290000,,,,,normal_agn,,literature,True,silver,,,,0,083915.07+130443.4,dev
080944.09+271921.9,122.4337140000,27.3227570000,0.5441060000,,,,,normal_agn,,literature,True,silver,,,,0,080944.09+271921.9,test
081949.96+243226.1,124.9582020000,24.5405970000,0.4800250000,,,,,normal_agn,,literature,True,silver,,,,0,081949.96+243226.1,dev
083113.57+264610.7,127.8065500000,26.7696630000,0.3910000000,,,,,normal_agn,,literature,True,silver,,,,0,083113.57+264610.7,dev
081035.84+512203.8,122.6493330000,51.3677270000,0.4690000000,,,,,normal_agn,,literature,True,silver,,,,0,081035.84+512203.8,dev
083032.82+102231.6,127.6367560000,10.3754520000,0.5630000000,,,,,normal_agn,,literature,True,silver,,,,0,083032.82+102231.6,dev
075549.56+321704.1,118.9565110000,32.2844770000,0.4208370000,,,,,normal_agn,,literature,True,silver,,,,0,075549.56+321704.1,dev
082735.45+033824.5,126.8977490000,3.6401550000,0.5142830000,,,,,normal_agn,,literature,True,silver,,,,0,082735.45+033824.5,dev
075906.24+502352.3,119.7760270000,50.3978740000,0.5500000000,,,,,normal_agn,,literature,True,silver,,,,0,075906.24+502352.3,test
084449.67+153007.2,131.2069890000,15.5020100000,0.5636300000,,,,,normal_agn,,literature,True,silver,,,,0,084449.67+153007.2,dev
084110.88+022952.1,130.2953400000,2.4978150000,0.3322090000,,,,,normal_agn,,literature,True,silver,,,,0,084110.88+022952.1,dev
080709.92+205901.7,121.7913610000,20.9838210000,0.3149700000,,,,,normal_agn,,literature,True,silver,,,,0,080709.92+205901.7,dev
080735.48+463104.0,121.8978550000,46.5177940000,0.5260000000,,,,,normal_agn,,literature,True,silver,,,,0,080735.48+463104.0,test
082200.71+584703.3,125.5029980000,58.7842590000,0.5940000000,,,,,normal_agn,,literature,True,silver,,,,0,082200.71+584703.3,dev
075654.88+345134.7,119.2286830000,34.8596510000,0.4941490000,,,,,normal_agn,,literature,True,silver,,,,0,075654.88+345134.7,test
084459.07+435833.3,131.2461380000,43.9759190000,0.4562020000,,,,,normal_agn,,literature,True,silver,,,,0,084459.07+435833.3,dev
081838.88+431755.7,124.6620390000,43.2988110000,0.5447210000,,,,,normal_agn,,literature,True,silver,,,,0,081838.88+431755.7,dev
080510.74+063756.0,121.2947660000,6.6322460000,0.5200000000,,,,,normal_agn,,literature,True,silver,,,,0,080510.74+063756.0,dev
082140.74+371518.7,125.4197580000,37.2552110000,0.3148930000,,,,,normal_agn,,literature,True,silver,,,,0,082140.74+371518.7,dev
081918.65+483554.6,124.8277310000,48.5985210000,0.4950000000,,,,,normal_agn,,literature,True,silver,,,,0,081918.65+483554.6,dev
075241.33+301952.2,118.1722290000,30.3311760000,0.4610420000,,,,,normal_agn,,literature,True,silver,,,,0,075241.33+301952.2,dev
081253.41+470916.9,123.2225720000,47.1546990000,0.3519870000,,,,,normal_agn,,literature,True,silver,,,,0,081253.41+470916.9,test
080949.19+481112.8,122.4549880000,48.1869140000,0.4350000000,,,,,normal_agn,,literature,True,silver,,,,0,080949.19+481112.8,dev
083405.40+424238.5,128.5225130000,42.7106990000,0.5242130000,,,,,normal_agn,,literature,True,silver,,,,0,083405.40+424238.5,dev
075937.44+330134.0,119.9060340000,33.0261260000,0.4205700000,,,,,normal_agn,,literature,True,silver,,,,0,075937.44+330134.0,dev
082227.09+204010.5,125.6129050000,20.6695910000,0.4395260000,,,,,normal_agn,,literature,True,silver,,,,0,082227.09+204010.5,dev
084326.10+033628.8,130.8587510000,3.6080180000,0.4263350000,,,,,normal_agn,,literature,True,silver,,,,0,084326.10+033628.8,dev
081601.94+240925.8,124.0081180000,24.1571810000,0.5532110000,,,,,normal_agn,,literature,True,silver,,,,0,081601.94+240925.8,dev
084434.80+435355.3,131.1450020000,43.8987110000,0.5060000000,,,,,normal_agn,,literature,True,silver,,,,0,084434.80+435355.3,dev
083528.43+384712.5,128.8684650000,38.7868300000,0.4057030000,,,,,normal_agn,,literature,True,silver,,,,0,083528.43+384712.5,dev
084419.29+503152.1,131.0803990000,50.5311650000,0.3235660000,,,,,normal_agn,,literature,True,silver,,,,0,084419.29+503152.1,dev
083137.40+414853.2,127.9058590000,41.8147820000,0.5573550000,,,,,normal_agn,,literature,True,silver,,,,0,083137.40+414853.2,test
084353.78+243102.9,130.9740880000,24.5174920000,0.3725870000,,,,,normal_agn,,literature,True,silver,,,,0,084353.78+243102.9,test
083348.32+512221.5,128.4513650000,51.3726540000,0.4548860000,,,,,normal_agn,,literature,True,silver,,,,0,083348.32+512221.5,dev
080224.26+492737.2,120.6011050000,49.4603560000,0.5887180000,,,,,normal_agn,,literature,True,silver,,,,0,080224.26+492737.2,dev
084148.66+252232.6,130.4527600000,25.3757310000,0.3291460000,,,,,normal_agn,,literature,True,silver,,,,0,084148.66+252232.6,dev
083828.17+504152.3,129.6174000000,50.6978630000,0.3740000000,,,,,normal_agn,,literature,True,silver,,,,0,083828.17+504152.3,dev
082908.17+314404.5,127.2840720000,31.7345900000,0.5579040000,,,,,normal_agn,,literature,True,silver,,,,0,082908.17+314404.5,dev
081107.57+342940.8,122.7815580000,34.4946930000,0.3998410000,,,,,normal_agn,,literature,True,silver,,,,0,081107.57+342940.8,dev
080459.95+272248.7,121.2498030000,27.3801990000,0.5791250000,,,,,normal_agn,,literature,True,silver,,,,0,080459.95+272248.7,dev
080251.63+292851.1,120.7151450000,29.4808760000,0.5723740000,,,,,normal_agn,,literature,True,silver,,,,0,080251.63+292851.1,test
084453.56+425744.8,131.2231890000,42.9624570000,0.3450000000,,,,,normal_agn,,literature,True,silver,,,,0,084453.56+425744.8,dev
080141.10+312153.0,120.4212730000,31.3647470000,0.4775740000,,,,,normal_agn,,literature,True,silver,,,,0,080141.10+312153.0,test
084511.39+275431.8,131.2974910000,27.9088580000,0.5807380000,,,,,normal_agn,,literature,True,silver,,,,0,084511.39+275431.8,dev
080341.26+531815.2,120.9219490000,53.3042430000,0.5940000000,,,,,normal_agn,,literature,True,silver,,,,0,080341.26+531815.2,dev
080306.55+273927.7,120.7773160000,27.6576960000,0.5798670000,,,,,normal_agn,,literature,True,silver,,,,0,080306.55+273927.7,test
083220.90+080414.9,128.0871110000,8.0708150000,0.5535640000,,,,,normal_agn,,literature,True,silver,,,,0,083220.90+080414.9,dev
081126.62+313300.4,122.8609540000,31.5501350000,0.5940000000,,,,,normal_agn,,literature,True,silver,,,,0,081126.62+313300.4,test
075922.94+105326.0,119.8456140000,10.8905600000,0.5345000000,,,,,normal_agn,,literature,True,silver,,,,0,075922.94+105326.0,dev
083010.75+422238.5,127.5447990000,42.3773880000,0.5597260000,,,,,normal_agn,,literature,True,silver,,,,0,083010.75+422238.5,dev
081527.06+335536.8,123.8627900000,33.9268970000,0.4296520000,,,,,normal_agn,,literature,True,silver,,,,0,081527.06+335536.8,test
081259.70+145013.3,123.2487650000,14.8370320000,0.4150250000,,,,,normal_agn,,literature,True,silver,,,,0,081259.70+145013.3,dev
075546.20+541245.4,118.9425070000,54.2126290000,0.5408830000,,,,,normal_agn,,literature,True,silver,,,,0,075546.20+541245.4,test
082811.55+123359.3,127.0481560000,12.5664730000,0.3621000000,,,,,normal_agn,,literature,True,silver,,,,0,082811.55+123359.3,dev
080149.35+420740.2,120.4556580000,42.1278370000,0.4959080000,,,,,normal_agn,,literature,True,silver,,,,0,080149.35+420740.2,test
075746.05+150419.3,119.4418820000,15.0720500000,0.4841130000,,,,,normal_agn,,literature,True,silver,,,,0,075746.05+150419.3,dev
081411.47+541838.1,123.5478280000,54.3106110000,0.4291100000,,,,,normal_agn,,literature,True,silver,,,,0,081411.47+541838.1,dev
083643.57+072905.7,129.1815660000,7.4849260000,0.5804250000,,,,,normal_agn,,literature,True,silver,,,,0,083643.57+072905.7,dev
080549.11+532228.7,121.4546540000,53.3746590000,0.4850000000,,,,,normal_agn,,literature,True,silver,,,,0,080549.11+532228.7,dev
084152.31+465037.5,130.4679750000,46.8437700000,0.5990000000,,,,,normal_agn,,literature,True,silver,,,,0,084152.31+465037.5,dev
075350.42+533858.4,118.4601130000,53.6495790000,0.5896510000,,,,,normal_agn,,literature,True,silver,,,,0,075350.42+533858.4,dev
075045.00+212546.3,117.6875080000,21.4295360000,0.4084510000,,,,,normal_agn,,literature,True,silver,,,,0,075045.00+212546.3,dev
080953.24+544617.3,122.4718750000,54.7714930000,0.3500000000,,,,,normal_agn,,literature,True,silver,,,,0,080953.24+544617.3,dev
081459.31+540740.5,123.7471520000,54.1279370000,0.5828910000,,,,,normal_agn,,literature,True,silver,,,,0,081459.31+540740.5,dev
082609.35+481355.4,126.5389750000,48.2320750000,0.5930000000,,,,,normal_agn,,literature,True,silver,,,,0,082609.35+481355.4,dev
080038.22+212613.5,120.1592520000,21.4370940000,0.5990000000,,,,,normal_agn,,literature,True,silver,,,,0,080038.22+212613.5,dev
082146.37+325348.9,125.4432310000,32.8969220000,0.4614010000,,,,,normal_agn,,literature,True,silver,,,,0,082146.37+325348.9,dev
083819.35+571348.0,129.5806660000,57.2300220000,0.3976960000,,,,,normal_agn,,literature,True,silver,,,,0,083819.35+571348.0,test
081955.08+441209.8,124.9795280000,44.2027450000,0.5950000000,,,,,normal_agn,,literature,True,silver,,,,0,081955.08+441209.8,test
075954.27+290955.8,119.9761510000,29.1655110000,0.4735800000,,,,,normal_agn,,literature,True,silver,,,,0,075954.27+290955.8,dev
081034.90+560503.1,122.6454170000,56.0841950000,0.4890000000,,,,,normal_agn,,literature,True,silver,,,,0,081034.90+560503.1,test
081622.78+322413.2,124.0949460000,32.4036840000,0.3486500000,,,,,normal_agn,,literature,True,silver,,,,0,081622.78+322413.2,test
084020.84+522624.4,130.0868500000,52.4401170000,0.4880000000,,,,,normal_agn,,literature,True,silver,,,,0,084020.84+522624.4,dev
080919.63+244607.6,122.3318120000,24.7687990000,0.4246240000,,,,,normal_agn,,literature,True,silver,,,,0,080919.63+244607.6,dev
081920.74+220801.6,124.8364570000,22.1337930000,0.3421800000,,,,,normal_agn,,literature,True,silver,,,,0,081920.74+220801.6,dev
083120.98+483154.4,127.8374290000,48.5317930000,0.3347370000,,,,,normal_agn,,literature,True,silver,,,,0,083120.98+483154.4,dev
084010.96+291116.6,130.0456910000,29.1879650000,0.5987900000,,,,,normal_agn,,literature,True,silver,,,,0,084010.96+291116.6,dev
083401.65+502837.4,128.5069020000,50.4770770000,0.4641160000,,,,,normal_agn,,literature,True,silver,,,,0,083401.65+502837.4,dev
083353.17+393101.5,128.4715580000,39.5171000000,0.5390000000,,,,,normal_agn,,literature,True,silver,,,,0,083353.17+393101.5,dev
080643.28+081449.2,121.6803640000,8.2470250000,0.3606000000,,,,,normal_agn,,literature,True,silver,,,,0,080643.28+081449.2,dev
081239.75+543703.1,123.1656410000,54.6175380000,0.5790000000,,,,,normal_agn,,literature,True,silver,,,,0,081239.75+543703.1,test
075336.71+283354.0,118.4029990000,28.5650270000,0.5871600000,,,,,normal_agn,,literature,True,silver,,,,0,075336.71+283354.0,dev
083129.51+390149.5,127.8729810000,39.0304280000,0.5439570000,,,,,normal_agn,,literature,True,silver,,,,0,083129.51+390149.5,dev
075433.59+401209.2,118.6399790000,40.2025640000,0.5188830000,,,,,normal_agn,,literature,True,silver,,,,0,075433.59+401209.2,dev
082526.42+274205.7,126.3601110000,27.7016000000,0.3401950000,,,,,normal_agn,,literature,True,silver,,,,0,082526.42+274205.7,dev
084249.55+271200.1,130.7064950000,27.2000450000,0.5220000000,,,,,normal_agn,,literature,True,silver,,,,0,084249.55+271200.1,test
075727.07+360933.6,119.3628070000,36.1593410000,0.4785950000,,,,,normal_agn,,literature,True,silver,,,,0,075727.07+360933.6,dev
080149.66+132616.7,120.4569570000,13.4379950000,0.5294460000,,,,,normal_agn,,literature,True,silver,,,,0,080149.66+132616.7,test
082953.08+394854.6,127.4712010000,39.8151740000,0.5269200000,,,,,normal_agn,,literature,True,silver,,,,0,082953.08+394854.6,dev
083054.40+040708.3,127.7267070000,4.1189940000,0.4447140000,,,,,normal_agn,,literature,True,silver,,,,0,083054.40+040708.3,test
080805.47+141946.2,122.0228150000,14.3295270000,0.3241090000,,,,,normal_agn,,literature,True,silver,,,,0,080805.47+141946.2,dev
081052.32+510631.7,122.7180020000,51.1088170000,0.4409600000,,,,,normal_agn,,literature,True,silver,,,,0,081052.32+510631.7,dev
081318.16+265412.5,123.3256830000,26.9034920000,0.3499530000,,,,,normal_agn,,literature,True,silver,,,,0,081318.16+265412.5,dev
082039.64+465350.7,125.1652030000,46.8974340000,0.4140000000,,,,,normal_agn,,literature,True,silver,,,,0,082039.64+465350.7,test
082827.24+265510.2,127.1135220000,26.9195190000,0.3500160000,,,,,normal_agn,,literature,True,silver,,,,0,082827.24+265510.2,test
081509.66+540833.1,123.7902770000,54.1425380000,0.4515410000,,,,,normal_agn,,literature,True,silver,,,,0,081509.66+540833.1,test
080042.22+374617.5,120.1759520000,37.7715510000,0.4940000000,,,,,normal_agn,,literature,True,silver,,,,0,080042.22+374617.5,dev
084427.42+531858.7,131.1142830000,53.3163240000,0.5980000000,,,,,normal_agn,,literature,True,silver,,,,0,084427.42+531858.7,test
080504.05+120540.3,121.2669000000,12.0945300000,0.3205900000,,,,,normal_agn,,literature,True,silver,,,,0,080504.05+120540.3,dev
075121.58+235149.0,117.8399580000,23.8636270000,0.3993240000,,,,,normal_agn,,literature,True,silver,,,,0,075121.58+235149.0,dev
075612.45+222011.4,119.0518860000,22.3365070000,0.5784810000,,,,,normal_agn,,literature,True,silver,,,,0,075612.45+222011.4,dev
080928.51+202805.0,122.3688060000,20.4680770000,0.3160000000,,,,,normal_agn,,literature,True,silver,,,,0,080928.51+202805.0,test
084514.85+290531.5,131.3118920000,29.0920970000,0.4361910000,,,,,normal_agn,,literature,True,silver,,,,0,084514.85+290531.5,dev
082445.62+034905.2,126.1901160000,3.8181220000,0.3474380000,,,,,normal_agn,,literature,True,silver,,,,0,082445.62+034905.2,dev
075613.31+275629.3,119.0554620000,27.9414770000,0.3647650000,,,,,normal_agn,,literature,True,silver,,,,0,075613.31+275629.3,dev
082008.48+420126.9,125.0353390000,42.0241400000,0.5950000000,,,,,normal_agn,,literature,True,silver,,,,0,082008.48+420126.9,dev
074930.53+231810.7,117.3772380000,23.3029960000,0.5537500000,,,,,normal_agn,,literature,True,silver,,,,0,074930.53+231810.7,dev
083331.02+281430.9,128.3792500000,28.2419400000,0.4893480000,,,,,normal_agn,,literature,True,silver,,,,0,083331.02+281430.9,dev
081931.20+334837.5,124.8800310000,33.8104370000,0.4025460000,,,,,normal_agn,,literature,True,silver,,,,0,081931.20+334837.5,dev
083132.02+312930.9,127.8834560000,31.4919380000,0.3435400000,,,,,normal_agn,,literature,True,silver,,,,0,083132.02+312930.9,dev
083446.95+371656.0,128.6956530000,37.2822490000,0.5741000000,,,,,normal_agn,,literature,True,silver,,,,0,083446.95+371656.0,dev
083220.55+122014.0,128.0856520000,12.3372390000,0.5230000000,,,,,normal_agn,,literature,True,silver,,,,0,083220.55+122014.0,test
083336.34+432033.9,128.4014400000,43.3427710000,0.5497180000,,,,,normal_agn,,literature,True,silver,,,,0,083336.34+432033.9,test
080717.57+251758.7,121.8232310000,25.2996440000,0.3834420000,,,,,normal_agn,,literature,True,silver,,,,0,080717.57+251758.7,test
080842.19+283201.6,122.1758250000,28.5337910000,0.5224650000,,,,,normal_agn,,literature,True,silver,,,,0,080842.19+283201.6,dev
082750.29+444847.6,126.9595730000,44.8132300000,0.5300700000,,,,,normal_agn,,literature,True,silver,,,,0,082750.29+444847.6,dev
082820.91+555702.3,127.0871260000,55.9506400000,0.5490000000,,,,,normal_agn,,literature,True,silver,,,,0,082820.91+555702.3,dev
082317.92+230126.3,125.8246820000,23.0239770000,0.4217820000,,,,,normal_agn,,literature,True,silver,,,,0,082317.92+230126.3,dev
084256.29+531342.2,130.7345460000,53.2284040000,0.4705040000,,,,,normal_agn,,literature,True,silver,,,,0,084256.29+531342.2,dev
082527.50+202543.4,126.3646230000,20.4287310000,0.3370000000,,,,,normal_agn,,literature,True,silver,,,,0,082527.50+202543.4,dev
082417.77+361953.1,126.0740440000,36.3314180000,0.5642380000,,,,,normal_agn,,literature,True,silver,,,,0,082417.77+361953.1,dev
084310.09+503848.7,130.7920780000,50.6468810000,0.3396620000,,,,,normal_agn,,literature,True,silver,,,,0,084310.09+503848.7,dev
082048.74+264514.3,125.2031150000,26.7539760000,0.3380860000,,,,,normal_agn,,literature,True,silver,,,,0,082048.74+264514.3,dev
083215.11+425615.0,128.0629730000,42.9375120000,0.3916440000,,,,,normal_agn,,literature,True,silver,,,,0,083215.11+425615.0,dev
080928.85+393056.1,122.3702280000,39.5155980000,0.4963650000,,,,,normal_agn,,literature,True,silver,,,,0,080928.85+393056.1,dev
083029.76+454422.3,127.6240140000,45.7395330000,0.4987830000,,,,,normal_agn,,literature,True,silver,,,,0,083029.76+454422.3,dev
080401.00+471731.5,121.0042010000,47.2921100000,0.4946570000,,,,,normal_agn,,literature,True,silver,,,,0,080401.00+471731.5,dev
082731.62+171117.8,126.8817530000,17.1883000000,0.4970000000,,,,,normal_agn,,literature,True,silver,,,,0,082731.62+171117.8,dev
084307.78+383335.0,130.7824400000,38.5597250000,0.4386720000,,,,,normal_agn,,literature,True,silver,,,,0,084307.78+383335.0,dev
075053.50+473344.9,117.7229380000,47.5624920000,0.3390330000,,,,,normal_agn,,literature,True,silver,,,,0,075053.50+473344.9,dev
084446.83+561017.3,131.1951570000,56.1714800000,0.3740000000,,,,,normal_agn,,literature,True,silver,,,,0,084446.83+561017.3,dev
075043.40+311109.2,117.6808420000,31.1858950000,0.3590900000,,,,,normal_agn,,literature,True,silver,,,,0,075043.40+311109.2,dev
083418.39+414704.2,128.5766370000,41.7845190000,0.3343250000,,,,,normal_agn,,literature,True,silver,,,,0,083418.39+414704.2,dev
074957.71+445332.8,117.4904870000,44.8924470000,0.5950000000,,,,,normal_agn,,literature,True,silver,,,,0,074957.71+445332.8,dev
083512.97+451520.1,128.8040830000,45.2556060000,0.3770000000,,,,,normal_agn,,literature,True,silver,,,,0,083512.97+451520.1,dev
083152.84+283809.0,127.9701860000,28.6358410000,0.5179240000,,,,,normal_agn,,literature,True,silver,,,,0,083152.84+283809.0,dev
081507.45+574110.0,123.7810760000,57.6861260000,0.4520000000,,,,,normal_agn,,literature,True,silver,,,,0,081507.45+574110.0,dev
083337.11+500702.7,128.4046550000,50.1174250000,0.5750000000,,,,,normal_agn,,literature,True,silver,,,,0,083337.11+500702.7,test
083952.12+522955.4,129.9671710000,52.4987230000,0.3529060000,,,,,normal_agn,,literature,True,silver,,,,0,083952.12+522955.4,dev
084354.77+492100.9,130.9782390000,49.3502660000,0.3890000000,,,,,normal_agn,,literature,True,silver,,,,0,084354.77+492100.9,dev
081305.23+204721.7,123.2717980000,20.7893650000,0.4899740000,,,,,normal_agn,,literature,True,silver,,,,0,081305.23+204721.7,dev
075942.88+293006.7,119.9286830000,29.5018850000,0.5610670000,,,,,normal_agn,,literature,True,silver,,,,0,075942.88+293006.7,test
075340.01+484431.2,118.4167440000,48.7420060000,0.4147390000,,,,,normal_agn,,literature,True,silver,,,,0,075340.01+484431.2,dev
080211.04+225131.1,120.5460130000,22.8586650000,0.5785480000,,,,,normal_agn,,literature,True,silver,,,,0,080211.04+225131.1,dev
084425.32+465038.1,131.1055390000,46.8439200000,0.5170000000,,,,,normal_agn,,literature,True,silver,,,,0,084425.32+465038.1,dev
075935.65+402932.0,119.8985750000,40.4922240000,0.3800000000,,,,,normal_agn,,literature,True,silver,,,,0,075935.65+402932.0,test
081505.66+494602.5,123.7735880000,49.7673780000,0.5375810000,,,,,normal_agn,,literature,True,silver,,,,0,081505.66+494602.5,dev
082409.18+523705.5,126.0382660000,52.6182090000,0.5310000000,,,,,normal_agn,,literature,True,silver,,,,0,082409.18+523705.5,dev
082249.25+362947.7,125.7052400000,36.4966010000,0.4926470000,,,,,normal_agn,,literature,True,silver,,,,0,082249.25+362947.7,dev
075945.54+224114.2,119.9397850000,22.6873050000,0.5569700000,,,,,normal_agn,,literature,True,silver,,,,0,075945.54+224114.2,dev
083349.39+241312.4,128.4557990000,24.2201180000,0.3832180000,,,,,normal_agn,,literature,True,silver,,,,0,083349.39+241312.4,test
084328.42+551620.5,130.8684440000,55.2723760000,0.5264910000,,,,,normal_agn,,literature,True,silver,,,,0,084328.42+551620.5,dev
083152.12+144938.0,127.9671830000,14.8272280000,0.4023410000,,,,,normal_agn,,literature,True,silver,,,,0,083152.12+144938.0,dev
082659.71+274103.0,126.7488010000,27.6841740000,0.4111810000,,,,,normal_agn,,literature,True,silver,,,,0,082659.71+274103.0,dev
081906.65+205546.2,124.7777310000,20.9295000000,0.3190000000,,,,,normal_agn,,literature,True,silver,,,,0,081906.65+205546.2,dev
083132.59+521142.6,127.8858040000,52.1951820000,0.3947340000,,,,,normal_agn,,literature,True,silver,,,,0,083132.59+521142.6,dev
080101.40+413201.3,120.2558430000,41.5337120000,0.5860000000,,,,,normal_agn,,literature,True,silver,,,,0,080101.40+413201.3,dev
082053.76+513539.1,125.2240090000,51.5942210000,0.4080700000,,,,,normal_agn,,literature,True,silver,,,,0,082053.76+513539.1,dev
075607.28+304614.7,119.0303450000,30.7707660000,0.3544800000,,,,,normal_agn,,literature,True,silver,,,,0,075607.28+304614.7,dev
082953.91+371830.4,127.4746270000,37.3084480000,0.3898580000,,,,,normal_agn,,literature,True,silver,,,,0,082953.91+371830.4,dev
080014.85+264406.6,120.0618850000,26.7351700000,0.4838380000,,,,,normal_agn,,literature,True,silver,,,,0,080014.85+264406.6,dev
083550.36+361549.8,128.9598710000,36.2638340000,0.4051560000,,,,,normal_agn,,literature,True,silver,,,,0,083550.36+361549.8,dev
083718.57+290558.4,129.3274100000,29.0995580000,0.5768610000,,,,,normal_agn,,literature,True,silver,,,,0,083718.57+290558.4,dev
080954.83+245644.2,122.4784840000,24.9456130000,0.4597850000,,,,,normal_agn,,literature,True,silver,,,,0,080954.83+245644.2,dev
084146.19+503600.8,130.4424880000,50.6002290000,0.5550000000,,,,,normal_agn,,literature,True,silver,,,,0,084146.19+503600.8,dev
075402.14+172932.2,118.5089260000,17.4922850000,0.4060330000,,,,,normal_agn,,literature,True,silver,,,,0,075402.14+172932.2,dev
080424.27+441722.7,121.1011310000,44.2896620000,0.3596680000,,,,,normal_agn,,literature,True,silver,,,,0,080424.27+441722.7,dev
084508.76+460352.1,131.2865390000,46.0644860000,0.5930000000,,,,,normal_agn,,literature,True,silver,,,,0,084508.76+460352.1,dev
083756.70+193055.9,129.4862540000,19.5155390000,0.4626620000,,,,,normal_agn,,literature,True,silver,,,,0,083756.70+193055.9,dev
081902.68+124420.5,124.7611990000,12.7390360000,0.5436000000,,,,,normal_agn,,literature,True,silver,,,,0,081902.68+124420.5,dev
082026.10+480921.7,125.1087860000,48.1560400000,0.3490110000,,,,,normal_agn,,literature,True,silver,,,,0,082026.10+480921.7,test
083545.35+563230.0,128.9389990000,56.5416800000,0.5670000000,,,,,normal_agn,,literature,True,silver,,,,0,083545.35+563230.0,test
081958.99+210652.3,124.9958010000,21.1145490000,0.5550000000,,,,,normal_agn,,literature,True,silver,,,,0,081958.99+210652.3,dev
084418.46+573510.7,131.0769240000,57.5863110000,0.4310000000,,,,,normal_agn,,literature,True,silver,,,,0,084418.46+573510.7,test
080302.80+211510.1,120.7616700000,21.2528220000,0.3503880000,,,,,normal_agn,,literature,True,silver,,,,0,080302.80+211510.1,test
084141.83+234856.8,130.4243110000,23.8157880000,0.4235660000,,,,,normal_agn,,literature,True,silver,,,,0,084141.83+234856.8,dev
075415.86+355724.5,118.5660870000,35.9568160000,0.3511030000,,,,,normal_agn,,literature,True,silver,,,,0,075415.86+355724.5,test
081338.94+551622.2,123.4122690000,55.2728570000,0.5320000000,,,,,normal_agn,,literature,True,silver,,,,0,081338.94+551622.2,test
082758.52+233302.9,126.9938670000,23.5508080000,0.3021390000,,,,,normal_agn,,literature,True,silver,,,,0,082758.52+233302.9,dev
081611.71+240906.7,124.0488000000,24.1518760000,0.5147360000,,,,,normal_agn,,literature,True,silver,,,,0,081611.71+240906.7,dev
081636.15+560859.6,124.1506550000,56.1498910000,0.4930630000,,,,,normal_agn,,literature,True,silver,,,,0,081636.15+560859.6,dev
075659.43+240846.0,119.2476540000,24.1461130000,0.3764000000,,,,,normal_agn,,literature,True,silver,,,,0,075659.43+240846.0,dev
081055.86+481534.2,122.7327840000,48.2595200000,0.5250000000,,,,,normal_agn,,literature,True,silver,,,,0,081055.86+481534.2,dev
074956.77+464137.0,117.4865790000,46.6936210000,0.5822830000,,,,,normal_agn,,literature,True,silver,,,,0,074956.77+464137.0,dev
080503.81+370109.7,121.2658890000,37.0193840000,0.5491140000,,,,,normal_agn,,literature,True,silver,,,,0,080503.81+370109.7,test
083320.66+463658.0,128.3361080000,46.6161270000,0.4860000000,,,,,normal_agn,,literature,True,silver,,,,0,083320.66+463658.0,dev
084425.34+254443.4,131.1055840000,25.7453910000,0.5566270000,,,,,normal_agn,,literature,True,silver,,,,0,084425.34+254443.4,dev
083158.49+503444.1,127.9937360000,50.5789330000,0.5309790000,,,,,normal_agn,,literature,True,silver,,,,0,083158.49+503444.1,dev
081028.65+374629.1,122.6193840000,37.7747510000,0.5890000000,,,,,normal_agn,,literature,True,silver,,,,0,081028.65+374629.1,test
083832.41+514720.2,129.6350810000,51.7889640000,0.5167310000,,,,,normal_agn,,literature,True,silver,,,,0,083832.41+514720.2,test
080545.17+451230.3,121.4382290000,45.2084280000,0.5910000000,,,,,normal_agn,,literature,True,silver,,,,0,080545.17+451230.3,dev
081855.93+312712.3,124.7330750000,31.4534170000,0.3576380000,,,,,normal_agn,,literature,True,silver,,,,0,081855.93+312712.3,dev
080232.96+280444.9,120.6373670000,28.0791580000,0.5363750000,,,,,normal_agn,,literature,True,silver,,,,0,080232.96+280444.9,dev
084035.02+352818.6,130.1459180000,35.4718540000,0.4183570000,,,,,normal_agn,,literature,True,silver,,,,0,084035.02+352818.6,dev
082703.27+520453.1,126.7636640000,52.0814180000,0.5430000000,,,,,normal_agn,,literature,True,silver,,,,0,082703.27+520453.1,test
080929.26+460257.1,122.3719280000,46.0492150000,0.5210000000,,,,,normal_agn,,literature,True,silver,,,,0,080929.26+460257.1,dev
081242.67+375042.4,123.1778180000,37.8451190000,0.5357410000,,,,,normal_agn,,literature,True,silver,,,,0,081242.67+375042.4,dev
081515.35+242441.0,123.8139690000,24.4113930000,0.5524290000,,,,,normal_agn,,literature,True,silver,,,,0,081515.35+242441.0,test
082041.86+170031.9,125.1744440000,17.0088680000,0.4320010000,,,,,normal_agn,,literature,True,silver,,,,0,082041.86+170031.9,dev
084031.26+355230.4,130.1302530000,35.8751340000,0.5970000000,,,,,normal_agn,,literature,True,silver,,,,0,084031.26+355230.4,dev
080456.48+370556.9,121.2353630000,37.0991530000,0.4663530000,,,,,normal_agn,,literature,True,silver,,,,0,080456.48+370556.9,dev
084022.13+292210.6,130.0922090000,29.3696350000,0.5131120000,,,,,normal_agn,,literature,True,silver,,,,0,084022.13+292210.6,dev
075108.58+435311.7,117.7857710000,43.8865880000,0.5055950000,,,,,normal_agn,,literature,True,silver,,,,0,075108.58+435311.7,dev
080524.08+374728.4,121.3503570000,37.7912440000,0.3866150000,,,,,normal_agn,,literature,True,silver,,,,0,080524.08+374728.4,dev
083325.69+391204.7,128.3570570000,39.2013060000,0.3226410000,,,,,normal_agn,,literature,True,silver,,,,0,083325.69+391204.7,dev
083823.80+443116.6,129.5992060000,44.5212940000,0.5090000000,,,,,normal_agn,,literature,True,silver,,,,0,083823.80+443116.6,dev
083925.42+503819.8,129.8559190000,50.6388550000,0.4409540000,,,,,normal_agn,,literature,True,silver,,,,0,083925.42+503819.8,dev
080628.65+550003.1,121.6193800000,55.0008790000,0.5793800000,,,,,normal_agn,,literature,True,silver,,,,0,080628.65+550003.1,dev
083403.68+450245.0,128.5153350000,45.0458380000,0.4220000000,,,,,normal_agn,,literature,True,silver,,,,0,083403.68+450245.0,test
082549.51+064304.1,126.4563200000,6.7178240000,0.4597030000,,,,,normal_agn,,literature,True,silver,,,,0,082549.51+064304.1,test
084157.70+564554.1,130.4904570000,56.7650420000,0.5810000000,,,,,normal_agn,,literature,True,silver,,,,0,084157.70+564554.1,dev
082228.88+264453.8,125.6203580000,26.7482820000,0.3614730000,,,,,normal_agn,,literature,True,silver,,,,0,082228.88+264453.8,dev
083614.11+444036.8,129.0588200000,44.6768930000,0.4720000000,,,,,normal_agn,,literature,True,silver,,,,0,083614.11+444036.8,test
081358.40+235500.5,123.4933480000,23.9168080000,0.4502290000,,,,,normal_agn,,literature,True,silver,,,,0,081358.40+235500.5,test
084306.20+463539.5,130.7758650000,46.5943090000,0.5020000000,,,,,normal_agn,,literature,True,silver,,,,0,084306.20+463539.5,dev
081829.35+240846.9,124.6222930000,24.1463650000,0.3113880000,,,,,normal_agn,,literature,True,silver,,,,0,081829.35+240846.9,dev
080832.67+260130.3,122.1361270000,26.0250870000,0.4590000000,,,,,normal_agn,,literature,True,silver,,,,0,080832.67+260130.3,dev
074846.85+232308.1,117.1952160000,23.3856060000,0.4793740000,,,,,normal_agn,,literature,True,silver,,,,0,074846.85+232308.1,dev
081013.71+522308.2,122.5571640000,52.3856240000,0.4630000000,,,,,normal_agn,,literature,True,silver,,,,0,081013.71+522308.2,dev
075720.40+461113.5,119.3350310000,46.1870920000,0.4584650000,,,,,normal_agn,,literature,True,silver,,,,0,075720.40+461113.5,dev
080719.25+211844.3,121.8302310000,21.3123170000,0.3570000000,,,,,normal_agn,,literature,True,silver,,,,0,080719.25+211844.3,dev
082924.70+463245.8,127.3529330000,46.5460630000,0.5570000000,,,,,normal_agn,,literature,True,silver,,,,0,082924.70+463245.8,dev
083146.21+605214.8,127.9425770000,60.8707890000,0.3869000000,,,,,normal_agn,,literature,True,silver,,,,0,083146.21+605214.8,dev
081258.40+405515.0,123.2433550000,40.9208490000,0.5432640000,,,,,normal_agn,,literature,True,silver,,,,0,081258.40+405515.0,dev
075114.94+413047.4,117.8122910000,41.5131680000,0.4517000000,,,,,normal_agn,,literature,True,silver,,,,0,075114.94+413047.4,dev
083144.60+191544.5,127.9358500000,19.2623770000,0.5583030000,,,,,normal_agn,,literature,True,silver,,,,0,083144.60+191544.5,test
081510.31+403750.5,123.7929940000,40.6307070000,0.5895640000,,,,,normal_agn,,literature,True,silver,,,,0,081510.31+403750.5,dev
083313.88+503507.7,128.3078640000,50.5854730000,0.5747270000,,,,,normal_agn,,literature,True,silver,,,,0,083313.88+503507.7,dev
082229.61+382656.4,125.6233760000,38.4490170000,0.4983400000,,,,,normal_agn,,literature,True,silver,,,,0,082229.61+382656.4,dev
082145.12+372832.1,125.4380090000,37.4755890000,0.5065910000,,,,,normal_agn,,literature,True,silver,,,,0,082145.12+372832.1,test
074836.38+395234.6,117.1515980000,39.8762960000,0.3921230000,,,,,normal_agn,,literature,True,silver,,,,0,074836.38+395234.6,dev
081138.22+243157.9,122.9092590000,24.5327560000,0.4363560000,,,,,normal_agn,,literature,True,silver,,,,0,081138.22+243157.9,dev
081038.68+501001.3,122.6611940000,50.1670360000,0.5775660000,,,,,normal_agn,,literature,True,silver,,,,0,081038.68+501001.3,test
080623.43+225736.1,121.5976550000,22.9600290000,0.4283070000,,,,,normal_agn,,literature,True,silver,,,,0,080623.43+225736.1,test
082306.13+293756.1,125.7755480000,29.6322580000,0.4460180000,,,,,normal_agn,,literature,True,silver,,,,0,082306.13+293756.1,dev
083014.16+365838.1,127.5590150000,36.9772710000,0.5380000000,,,,,normal_agn,,literature,True,silver,,,,0,083014.16+365838.1,dev
080327.64+123005.7,120.8652030000,12.5015910000,0.5880000000,,,,,normal_agn,,literature,True,silver,,,,0,080327.64+123005.7,dev
074928.71+403206.0,117.3696530000,40.5350040000,0.4880050000,,,,,normal_agn,,literature,True,silver,,,,0,074928.71+403206.0,test
080746.97+052428.1,121.9457190000,5.4078090000,0.4304610000,,,,,normal_agn,,literature,True,silver,,,,0,080746.97+052428.1,test
081506.35+284921.4,123.7764960000,28.8226270000,0.5000550000,,,,,normal_agn,,literature,True,silver,,,,0,081506.35+284921.4,dev
084037.92+154405.9,130.1580080000,15.7349880000,0.3871510000,,,,,normal_agn,,literature,True,silver,,,,0,084037.92+154405.9,dev
082049.65+560659.0,125.2069040000,56.1164080000,0.5980000000,,,,,normal_agn,,literature,True,silver,,,,0,082049.65+560659.0,dev
075043.99+230138.2,117.6833150000,23.0272830000,0.4013970000,,,,,normal_agn,,literature,True,silver,,,,0,075043.99+230138.2,dev
081124.94+235046.5,122.8539300000,23.8462750000,0.5993590000,,,,,normal_agn,,literature,True,silver,,,,0,081124.94+235046.5,dev
084354.43+271816.7,130.9768220000,27.3046670000,0.4629150000,,,,,normal_agn,,literature,True,silver,,,,0,084354.43+271816.7,dev
082033.44+292907.4,125.1393690000,29.4853990000,0.5522540000,,,,,normal_agn,,literature,True,silver,,,,0,082033.44+292907.4,test
082100.05+212825.5,125.2502320000,21.4737710000,0.5913290000,,,,,normal_agn,,literature,True,silver,,,,0,082100.05+212825.5,dev
081315.93+564412.5,123.3164040000,56.7368170000,0.4800000000,,,,,normal_agn,,literature,True,silver,,,,0,081315.93+564412.5,dev
080103.39+495457.4,120.2641490000,49.9159720000,0.3528040000,,,,,normal_agn,,literature,True,silver,,,,0,080103.39+495457.4,test
080335.39+525830.0,120.8974880000,52.9750050000,0.5640000000,,,,,normal_agn,,literature,True,silver,,,,0,080335.39+525830.0,dev
083535.46+374656.2,128.8977830000,37.7822840000,0.3188440000,,,,,normal_agn,,literature,True,silver,,,,0,083535.46+374656.2,dev
080528.16+402520.6,121.3673740000,40.4224020000,0.5337780000,,,,,normal_agn,,literature,True,silver,,,,0,080528.16+402520.6,dev
084408.47+275203.2,131.0353160000,27.8675570000,0.4630000000,,,,,normal_agn,,literature,True,silver,,,,0,084408.47+275203.2,test
080821.55+055834.9,122.0898290000,5.9763620000,0.3410000000,,,,,normal_agn,,literature,True,silver,,,,0,080821.55+055834.9,dev
082838.04+313424.3,127.1585340000,31.5734220000,0.4296500000,,,,,normal_agn,,literature,True,silver,,,,0,082838.04+313424.3,dev
081137.65+515523.0,122.9069010000,51.9230690000,0.4910000000,,,,,normal_agn,,literature,True,silver,,,,0,081137.65+515523.0,test
080443.82+431348.2,121.1825850000,43.2300800000,0.5734610000,,,,,normal_agn,,literature,True,silver,,,,0,080443.82+431348.2,dev
082422.59+235642.8,126.0941310000,23.9452240000,0.3446370000,,,,,normal_agn,,literature,True,silver,,,,0,082422.59+235642.8,dev
080529.65+412046.9,121.3735460000,41.3463790000,0.4990000000,,,,,normal_agn,,literature,True,silver,,,,0,080529.65+412046.9,dev
082549.29+565100.9,126.4553890000,56.8502720000,0.4155500000,,,,,normal_agn,,literature,True,silver,,,,0,082549.29+565100.9,dev
075151.71+470342.5,117.9654780000,47.0618150000,0.5830000000,,,,,normal_agn,,literature,True,silver,,,,0,075151.71+470342.5,dev
080241.97+143147.9,120.6748820000,14.5299870000,0.4698240000,,,,,normal_agn,,literature,True,silver,,,,0,080241.97+143147.9,dev
084418.71+303804.2,131.0779690000,30.6345130000,0.3635340000,,,,,normal_agn,,literature,True,silver,,,,0,084418.71+303804.2,test
080719.99+534218.2,121.8333220000,53.7050720000,0.5913660000,,,,,normal_agn,,literature,True,silver,,,,0,080719.99+534218.2,dev
075958.45+241750.0,119.9935430000,24.2972370000,0.3807140000,,,,,normal_agn,,literature,True,silver,,,,0,075958.45+241750.0,dev
080123.67+254348.5,120.3486300000,25.7301630000,0.5266440000,,,,,normal_agn,,literature,True,silver,,,,0,080123.67+254348.5,dev
081635.52+334748.6,124.1480270000,33.7968540000,0.5100000000,,,,,normal_agn,,literature,True,silver,,,,0,081635.52+334748.6,dev
083147.27+370654.4,127.9469650000,37.1151310000,0.4977030000,,,,,normal_agn,,literature,True,silver,,,,0,083147.27+370654.4,dev
082932.70+571804.4,127.3862890000,57.3012350000,0.4611000000,,,,,normal_agn,,literature,True,silver,,,,0,082932.70+571804.4,test
080755.86+505040.1,121.9827540000,50.8444800000,0.5391930000,,,,,normal_agn,,literature,True,silver,,,,0,080755.86+505040.1,dev
083730.61+231214.5,129.3775440000,23.2040480000,0.5130000000,,,,,normal_agn,,literature,True,silver,,,,0,083730.61+231214.5,dev
080611.88+460107.5,121.5495040000,46.0187630000,0.4150000000,,,,,normal_agn,,literature,True,silver,,,,0,080611.88+460107.5,dev
083431.37+582425.7,128.6307480000,58.4071530000,0.5140000000,,,,,normal_agn,,literature,True,silver,,,,0,083431.37+582425.7,dev
082917.44+513743.7,127.3226690000,51.6288210000,0.4649100000,,,,,normal_agn,,literature,True,silver,,,,0,082917.44+513743.7,dev
081825.32+252731.1,124.6055280000,25.4586480000,0.5985510000,,,,,normal_agn,,literature,True,silver,,,,0,081825.32+252731.1,dev
082718.24+215906.7,126.8260240000,21.9851960000,0.5305100000,,,,,normal_agn,,literature,True,silver,,,,0,082718.24+215906.7,dev
084147.47+432135.9,130.4478310000,43.3599980000,0.5120000000,,,,,normal_agn,,literature,True,silver,,,,0,084147.47+432135.9,test
075310.15+345447.5,118.2923210000,34.9132070000,0.5150000000,,,,,normal_agn,,literature,True,silver,,,,0,075310.15+345447.5,test
081018.51+210120.7,122.5771290000,21.0224250000,0.5249420000,,,,,normal_agn,,literature,True,silver,,,,0,081018.51+210120.7,dev
080212.75+344149.2,120.5531380000,34.6970010000,0.5650000000,,,,,normal_agn,,literature,True,silver,,,,0,080212.75+344149.2,test
083511.40+155002.5,128.7975350000,15.8340450000,0.5650000000,,,,,normal_agn,,literature,True,silver,,,,0,083511.40+155002.5,dev
083438.53+380649.1,128.6605790000,38.1136450000,0.4700000000,,,,,normal_agn,,literature,True,silver,,,,0,083438.53+380649.1,dev
083440.36+160507.5,128.6681950000,16.0854430000,0.5724250000,,,,,normal_agn,,literature,True,silver,,,,0,083440.36+160507.5,test
080514.98+484654.8,121.3124210000,48.7819000000,0.3532640000,,,,,normal_agn,,literature,True,silver,,,,0,080514.98+484654.8,test
081751.61+373815.1,124.4650440000,37.6375280000,0.5286340000,,,,,normal_agn,,literature,True,silver,,,,0,081751.61+373815.1,dev
082024.21+233450.4,125.1009130000,23.5806910000,0.4705630000,,,,,normal_agn,,literature,True,silver,,,,0,082024.21+233450.4,dev
084512.40+365231.1,131.3017070000,36.8753190000,0.5979650000,,,,,normal_agn,,literature,True,silver,,,,0,084512.40+365231.1,test
082733.02+270557.7,126.8875900000,27.0993740000,0.4630230000,,,,,normal_agn,,literature,True,silver,,,,0,082733.02+270557.7,dev
080837.30+303517.6,122.1554530000,30.5882220000,0.3941360000,,,,,normal_agn,,literature,True,silver,,,,0,080837.30+303517.6,dev
081208.43+480855.8,123.0351440000,48.1488510000,0.5800000000,,,,,normal_agn,,literature,True,silver,,,,0,081208.43+480855.8,dev
082952.68+525648.8,127.4695400000,52.9468890000,0.5427390000,,,,,normal_agn,,literature,True,silver,,,,0,082952.68+525648.8,dev
081625.05+231323.2,124.1044110000,23.2231380000,0.5516880000,,,,,normal_agn,,literature,True,silver,,,,0,081625.05+231323.2,dev
084143.09+281955.6,130.4295510000,28.3321360000,0.4744230000,,,,,normal_agn,,literature,True,silver,,,,0,084143.09+281955.6,dev
074834.21+175847.4,117.1425510000,17.9798380000,0.5171840000,,,,,normal_agn,,literature,True,silver,,,,0,074834.21+175847.4,test
083025.60+490628.6,127.6066800000,49.1079550000,0.5640000000,,,,,normal_agn,,literature,True,silver,,,,0,083025.60+490628.6,test
081415.70+483955.7,123.5654420000,48.6654930000,0.5350000000,,,,,normal_agn,,literature,True,silver,,,,0,081415.70+483955.7,dev
080821.63+520303.1,122.0901270000,52.0508690000,0.4470000000,,,,,normal_agn,,literature,True,silver,,,,0,080821.63+520303.1,dev
075220.20+292124.3,118.0842050000,29.3567670000,0.4036920000,,,,,normal_agn,,literature,True,silver,,,,0,075220.20+292124.3,dev
081751.40+532628.8,124.4641950000,53.4413420000,0.5040000000,,,,,normal_agn,,literature,True,silver,,,,0,081751.40+532628.8,test
081847.47+423809.7,124.6977930000,42.6360420000,0.5276670000,,,,,normal_agn,,literature,True,silver,,,,0,081847.47+423809.7,dev
084325.74+365340.5,130.8572580000,36.8946020000,0.3382790000,,,,,normal_agn,,literature,True,silver,,,,0,084325.74+365340.5,dev
080256.36+382423.4,120.7348520000,38.4065240000,0.5315330000,,,,,normal_agn,,literature,True,silver,,,,0,080256.36+382423.4,dev
083039.32+514526.3,127.6638370000,51.7573060000,0.4575270000,,,,,normal_agn,,literature,True,silver,,,,0,083039.32+514526.3,dev
081509.42+372214.7,123.7892740000,37.3707670000,0.4991620000,,,,,normal_agn,,literature,True,silver,,,,0,081509.42+372214.7,dev
081403.21+433647.0,123.5134060000,43.6130760000,0.4398240000,,,,,normal_agn,,literature,True,silver,,,,0,081403.21+433647.0,dev
075111.59+161500.4,117.7983130000,16.2501130000,0.4826900000,,,,,normal_agn,,literature,True,silver,,,,0,075111.59+161500.4,dev
082104.73+274525.2,125.2697430000,27.7570050000,0.4710700000,,,,,normal_agn,,literature,True,silver,,,,0,082104.73+274525.2,dev
081151.73+375415.9,122.9655780000,37.9044320000,0.5472010000,,,,,normal_agn,,literature,True,silver,,,,0,081151.73+375415.9,dev
075427.70+114344.4,118.6154290000,11.7290030000,0.4940000000,,,,,normal_agn,,literature,True,silver,,,,0,075427.70+114344.4,dev
080847.49+474621.1,122.1979130000,47.7725280000,0.5180000000,,,,,normal_agn,,literature,True,silver,,,,0,080847.49+474621.1,test
084406.98+355239.8,131.0291240000,35.8777450000,0.4666770000,,,,,normal_agn,,literature,True,silver,,,,0,084406.98+355239.8,dev
075439.54+210224.8,118.6647620000,21.0402350000,0.4841630000,,,,,normal_agn,,literature,True,silver,,,,0,075439.54+210224.8,dev
080642.14+425856.4,121.6755910000,42.9823510000,0.4771950000,,,,,normal_agn,,literature,True,silver,,,,0,080642.14+425856.4,dev
083051.86+275212.0,127.7160960000,27.8700270000,0.5672820000,,,,,normal_agn,,literature,True,silver,,,,0,083051.86+275212.0,dev
081612.17+173503.2,124.0507150000,17.5842490000,0.4620000000,,,,,normal_agn,,literature,True,silver,,,,0,081612.17+173503.2,dev
081024.65+315004.9,122.6027470000,31.8347020000,0.5789610000,,,,,normal_agn,,literature,True,silver,,,,0,081024.65+315004.9,dev
081725.48+231154.7,124.3561970000,23.1985380000,0.5267790000,,,,,normal_agn,,literature,True,silver,,,,0,081725.48+231154.7,dev
080148.85+174316.2,120.4535790000,17.7211870000,0.4173040000,,,,,normal_agn,,literature,True,silver,,,,0,080148.85+174316.2,dev
082417.07+160625.0,126.0711340000,16.1069580000,0.5848600000,,,,,normal_agn,,literature,True,silver,,,,0,082417.07+160625.0,dev
080000.02+173015.8,120.0000850000,17.5044120000,0.4182050000,,,,,normal_agn,,literature,True,silver,,,,0,080000.02+173015.8,dev
075758.75+503044.6,119.4948290000,50.5124150000,0.5503430000,,,,,normal_agn,,literature,True,silver,,,,0,075758.75+503044.6,dev
082048.49+302552.3,125.2020580000,30.4311950000,0.4584290000,,,,,normal_agn,,literature,True,silver,,,,0,082048.49+302552.3,dev
081246.20+162407.6,123.1925400000,16.4021330000,0.5310000000,,,,,normal_agn,,literature,True,silver,,,,0,081246.20+162407.6,dev
082523.22+354212.7,126.3467500000,35.7035320000,0.5337710000,,,,,normal_agn,,literature,True,silver,,,,0,082523.22+354212.7,dev
081633.80+063043.8,124.1408420000,6.5121700000,0.5420000000,,,,,normal_agn,,literature,True,silver,,,,0,081633.80+063043.8,dev
080937.79+275648.3,122.4074640000,27.9467610000,0.4071880000,,,,,normal_agn,,literature,True,silver,,,,0,080937.79+275648.3,dev
074942.17+372514.3,117.4257310000,37.4206410000,0.5420590000,,,,,normal_agn,,literature,True,silver,,,,0,074942.17+372514.3,dev
080031.37+295944.5,120.1307090000,29.9956950000,0.5660000000,,,,,normal_agn,,literature,True,silver,,,,0,080031.37+295944.5,dev
080902.66+535857.8,122.2611170000,53.9827440000,0.4440000000,,,,,normal_agn,,literature,True,silver,,,,0,080902.66+535857.8,dev
075232.71+501943.7,118.1363230000,50.3288310000,0.4246590000,,,,,normal_agn,,literature,True,silver,,,,0,075232.71+501943.7,dev
074832.94+340935.1,117.1372810000,34.1597770000,0.5797440000,,,,,normal_agn,,literature,True,silver,,,,0,074832.94+340935.1,dev
074831.54+254437.2,117.1314510000,25.7436750000,0.3760000000,,,,,normal_agn,,literature,True,silver,,,,0,074831.54+254437.2,dev
084200.38+570219.5,130.5016070000,57.0387690000,0.3246000000,,,,,normal_agn,,literature,True,silver,,,,0,084200.38+570219.5,test
082704.88+174102.4,126.7703410000,17.6840230000,0.4495290000,,,,,normal_agn,,literature,True,silver,,,,0,082704.88+174102.4,dev
083427.78+232026.6,128.6157700000,23.3407430000,0.5408570000,,,,,normal_agn,,literature,True,silver,,,,0,083427.78+232026.6,dev
082730.45+422725.0,126.8769020000,42.4569690000,0.5752730000,,,,,normal_agn,,literature,True,silver,,,,0,082730.45+422725.0,dev
084218.74+263723.0,130.5781060000,26.6230740000,0.4793910000,,,,,normal_agn,,literature,True,silver,,,,0,084218.74+263723.0,test
083222.38+245649.6,128.0932550000,24.9471330000,0.3287670000,,,,,normal_agn,,literature,True,silver,,,,0,083222.38+245649.6,dev
083655.88+203640.0,129.2328690000,20.6111180000,0.5875190000,,,,,normal_agn,,literature,True,silver,,,,0,083655.88+203640.0,dev
083047.31+514442.1,127.6971460000,51.7450440000,0.4000000000,,,,,normal_agn,,literature,True,silver,,,,0,083047.31+514442.1,test
084007.37+264139.0,130.0307340000,26.6941800000,0.5626300000,,,,,normal_agn,,literature,True,silver,,,,0,084007.37+264139.0,dev
082553.95+411227.6,126.4748320000,41.2076710000,0.4662450000,,,,,normal_agn,,literature,True,silver,,,,0,082553.95+411227.6,dev
083740.36+324830.5,129.4181950000,32.8084740000,0.4111170000,,,,,normal_agn,,literature,True,silver,,,,0,083740.36+324830.5,dev
082510.09+395515.0,126.2920630000,39.9208560000,0.5003760000,,,,,normal_agn,,literature,True,silver,,,,0,082510.09+395515.0,test
080501.37+364855.1,121.2557420000,36.8153270000,0.5648670000,,,,,normal_agn,,literature,True,silver,,,,0,080501.37+364855.1,dev
082815.67+440611.2,127.0653210000,44.1031210000,0.3382050000,,,,,normal_agn,,literature,True,silver,,,,0,082815.67+440611.2,dev
081545.14+393630.9,123.9380850000,39.6086080000,0.4984480000,,,,,normal_agn,,literature,True,silver,,,,0,081545.14+393630.9,test
083646.48+115323.4,129.1937050000,11.8898360000,0.4355160000,,,,,normal_agn,,literature,True,silver,,,,0,083646.48+115323.4,dev
083656.16+402100.9,129.2340180000,40.3502740000,0.5879000000,,,,,normal_agn,,literature,True,silver,,,,0,083656.16+402100.9,dev
074900.79+433256.7,117.2532980000,43.5490890000,0.5240000000,,,,,normal_agn,,literature,True,silver,,,,0,074900.79+433256.7,dev
083446.11+192141.0,128.6921520000,19.3613940000,0.3023100000,,,,,normal_agn,,literature,True,silver,,,,0,083446.11+192141.0,dev
083733.34+281431.0,129.3889550000,28.2419610000,0.3659670000,,,,,normal_agn,,literature,True,silver,,,,0,083733.34+281431.0,dev
081437.44+333241.9,123.6560090000,33.5449940000,0.5990000000,,,,,normal_agn,,literature,True,silver,,,,0,081437.44+333241.9,dev
081629.75+240021.9,124.1239910000,24.0060870000,0.5497380000,,,,,normal_agn,,literature,True,silver,,,,0,081629.75+240021.9,test
075330.31+532144.2,118.3763140000,53.3622980000,0.3879940000,,,,,normal_agn,,literature,True,silver,,,,0,075330.31+532144.2,dev
082242.23+115935.1,125.6759610000,11.9931060000,0.5940000000,,,,,normal_agn,,literature,True,silver,,,,0,082242.23+115935.1,dev
083941.15+471258.2,129.9214770000,47.2161730000,0.4930000000,,,,,normal_agn,,literature,True,silver,,,,0,083941.15+471258.2,test
083906.40+390551.8,129.7766770000,39.0977380000,0.3095880000,,,,,normal_agn,,literature,True,silver,,,,0,083906.40+390551.8,test
083319.56+324345.3,128.3315040000,32.7292750000,0.4568720000,,,,,normal_agn,,literature,True,silver,,,,0,083319.56+324345.3,test
080036.38+214836.5,120.1516210000,21.8101430000,0.5545280000,,,,,normal_agn,,literature,True,silver,,,,0,080036.38+214836.5,dev
082456.93+215539.4,126.2372170000,21.9276260000,0.3390000000,,,,,normal_agn,,literature,True,silver,,,,0,082456.93+215539.4,dev
081435.15+474845.1,123.6464720000,47.8125290000,0.5730000000,,,,,normal_agn,,literature,True,silver,,,,0,081435.15+474845.1,dev
082308.37+512330.6,125.7848950000,51.3918350000,0.3590000000,,,,,normal_agn,,literature,True,silver,,,,0,082308.37+512330.6,test
075434.29+394646.9,118.6429040000,39.7797140000,0.3759550000,,,,,normal_agn,,literature,True,silver,,,,0,075434.29+394646.9,dev
075100.80+392327.4,117.7533410000,39.3909510000,0.5693550000,,,,,normal_agn,,literature,True,silver,,,,0,075100.80+392327.4,test
083317.95+551312.2,128.3248170000,55.2200760000,0.4490000000,,,,,normal_agn,,literature,True,silver,,,,0,083317.95+551312.2,test
080556.01+221534.3,121.4833930000,22.2595480000,0.5339050000,,,,,normal_agn,,literature,True,silver,,,,0,080556.01+221534.3,dev
082830.76+224730.9,127.1281760000,22.7919430000,0.3680000000,,,,,normal_agn,,literature,True,silver,,,,0,082830.76+224730.9,test
080049.38+373740.6,120.2057590000,37.6279540000,0.5720000000,,,,,normal_agn,,literature,True,silver,,,,0,080049.38+373740.6,dev
081255.12+474647.0,123.2296870000,47.7797400000,0.5320920000,,,,,normal_agn,,literature,True,silver,,,,0,081255.12+474647.0,test
081128.34+360800.2,122.8681070000,36.1334160000,0.5050000000,,,,,normal_agn,,literature,True,silver,,,,0,081128.34+360800.2,test
081027.14+235127.2,122.6131050000,23.8575570000,0.5820000000,,,,,normal_agn,,literature,True,silver,,,,0,081027.14+235127.2,test
082427.93+040321.5,126.1164070000,4.0559870000,0.5560000000,,,,,normal_agn,,literature,True,silver,,,,0,082427.93+040321.5,test
082012.92+082038.0,125.0538350000,8.3439010000,0.3786000000,,,,,normal_agn,,literature,True,silver,,,,0,082012.92+082038.0,test
083703.42+402459.5,129.2642710000,40.4165460000,0.5907850000,,,,,normal_agn,,literature,True,silver,,,,0,083703.42+402459.5,dev
083832.13+362817.8,129.6338870000,36.4716110000,0.4871170000,,,,,normal_agn,,literature,True,silver,,,,0,083832.13+362817.8,test
075009.27+212110.0,117.5386290000,21.3527870000,0.5632480000,,,,,normal_agn,,literature,True,silver,,,,0,075009.27+212110.0,dev
075525.67+415217.5,118.8569730000,41.8715380000,0.5606980000,,,,,normal_agn,,literature,True,silver,,,,0,075525.67+415217.5,dev
081559.23+274107.5,123.9967990000,27.6854170000,0.3980000000,,,,,normal_agn,,literature,True,silver,,,,0,081559.23+274107.5,test
074954.10+383124.5,117.4754530000,38.5234920000,0.4710000000,,,,,normal_agn,,literature,True,silver,,,,0,074954.10+383124.5,dev
082150.13+081907.3,125.4588850000,8.3187150000,0.3811060000,,,,,normal_agn,,literature,True,silver,,,,0,082150.13+081907.3,dev
081058.99+413402.7,122.7458020000,41.5674340000,0.5067750000,,,,,normal_agn,,literature,True,silver,,,,0,081058.99+413402.7,dev
082821.20+482914.5,127.0883390000,48.4873660000,0.4051880000,,,,,normal_agn,,literature,True,silver,,,,0,082821.20+482914.5,test
084302.88+260354.1,130.7620080000,26.0650500000,0.4157250000,,,,,normal_agn,,literature,True,silver,,,,0,084302.88+260354.1,test
075639.93+513337.3,119.1664090000,51.5603630000,0.4364160000,,,,,normal_agn,,literature,True,silver,,,,0,075639.93+513337.3,dev
075452.72+370003.1,118.7196990000,37.0008620000,0.5960000000,,,,,normal_agn,,literature,True,silver,,,,0,075452.72+370003.1,dev
082927.69+145223.6,127.3654060000,14.8732300000,0.4676100000,,,,,normal_agn,,literature,True,silver,,,,0,082927.69+145223.6,dev
081418.62+243418.0,123.5775860000,24.5716690000,0.4256470000,,,,,normal_agn,,literature,True,silver,,,,0,081418.62+243418.0,dev
082118.37+385941.4,125.3265820000,38.9948570000,0.5551450000,,,,,normal_agn,,literature,True,silver,,,,0,082118.37+385941.4,test
081922.02+563442.9,124.8417910000,56.5785890000,0.3200670000,,,,,normal_agn,,literature,True,silver,,,,0,081922.02+563442.9,dev
084504.21+542611.9,131.2675590000,54.4366610000,0.3033990000,,,,,normal_agn,,literature,True,silver,,,,0,084504.21+542611.9,dev
080742.08+165545.3,121.9253710000,16.9292760000,0.5407090000,,,,,normal_agn,,literature,True,silver,,,,0,080742.08+165545.3,dev
083708.69+305216.5,129.2862470000,30.8712690000,0.5562170000,,,,,normal_agn,,literature,True,silver,,,,0,083708.69+305216.5,dev
084447.74+372429.5,131.1989370000,37.4082090000,0.4000000000,,,,,normal_agn,,literature,True,silver,,,,0,084447.74+372429.5,dev
084349.08+323333.1,130.9545080000,32.5592160000,0.5950740000,,,,,normal_agn,,literature,True,silver,,,,0,084349.08+323333.1,dev
080325.04+105826.4,120.8543370000,10.9740230000,0.5950000000,,,,,normal_agn,,literature,True,silver,,,,0,080325.04+105826.4,dev
081222.99+461529.1,123.0958140000,46.2580840000,0.3110000000,,,,,normal_agn,,literature,True,silver,,,,0,081222.99+461529.1,test
082103.16+240926.7,125.2631690000,24.1574310000,0.5570000000,,,,,normal_agn,,literature,True,silver,,,,0,082103.16+240926.7,dev
075103.82+402636.7,117.7659190000,40.4435320000,0.3560000000,,,,,normal_agn,,literature,True,silver,,,,0,075103.82+402636.7,dev
082117.36+092650.4,125.3223730000,9.4473340000,0.5461000000,,,,,normal_agn,,literature,True,silver,,,,0,082117.36+092650.4,test
082412.22+570113.2,126.0509200000,57.0203440000,0.5972950000,,,,,normal_agn,,literature,True,silver,,,,0,082412.22+570113.2,test
083645.08+485402.8,129.1878370000,48.9007890000,0.4905490000,,,,,normal_agn,,literature,True,silver,,,,0,083645.08+485402.8,dev
081618.73+311350.9,124.0780520000,31.2308270000,0.3526380000,,,,,normal_agn,,literature,True,silver,,,,0,081618.73+311350.9,dev
075730.43+450203.2,119.3768040000,45.0342470000,0.5530000000,,,,,normal_agn,,literature,True,silver,,,,0,075730.43+450203.2,dev
081714.40+384349.7,124.3100040000,38.7304970000,0.5101630000,,,,,normal_agn,,literature,True,silver,,,,0,081714.40+384349.7,dev
080611.46+403759.9,121.5477570000,40.6333320000,0.4845380000,,,,,normal_agn,,literature,True,silver,,,,0,080611.46+403759.9,dev
080429.66+122210.8,121.1236080000,12.3696820000,0.3748930000,,,,,normal_agn,,literature,True,silver,,,,0,080429.66+122210.8,dev
081750.83+135416.1,124.4618030000,13.9044770000,0.4170000000,,,,,normal_agn,,literature,True,silver,,,,0,081750.83+135416.1,test
075947.73+112507.3,119.9488770000,11.4187090000,0.3374590000,,,,,normal_agn,,literature,True,silver,,,,0,075947.73+112507.3,dev
083137.24+235352.8,127.9052030000,23.8980010000,0.4306230000,,,,,normal_agn,,literature,True,silver,,,,0,083137.24+235352.8,dev
082857.58+135202.6,127.2399540000,13.8674010000,0.4650000000,,,,,normal_agn,,literature,True,silver,,,,0,082857.58+135202.6,dev
075245.52+200337.9,118.1896950000,20.0605520000,0.4841230000,,,,,normal_agn,,literature,True,silver,,,,0,075245.52+200337.9,dev
080117.89+482717.5,120.3245440000,48.4548860000,0.4268850000,,,,,normal_agn,,literature,True,silver,,,,0,080117.89+482717.5,dev
082857.98+253151.2,127.2416200000,25.5309090000,0.5221390000,,,,,normal_agn,,literature,True,silver,,,,0,082857.98+253151.2,test
083213.78+475435.2,128.0574500000,47.9097950000,0.5089210000,,,,,normal_agn,,literature,True,silver,,,,0,083213.78+475435.2,dev
082254.38+021208.7,125.7265950000,2.2024270000,0.5220000000,,,,,normal_agn,,literature,True,silver,,,,0,082254.38+021208.7,dev
080240.70+210307.1,120.6695900000,21.0519740000,0.5548250000,,,,,normal_agn,,literature,True,silver,,,,0,080240.70+210307.1,dev
075626.95+341609.2,119.1123130000,34.2692490000,0.5630220000,,,,,normal_agn,,literature,True,silver,,,,0,075626.95+341609.2,dev
081140.92+412237.5,122.9205190000,41.3770890000,0.4466930000,,,,,normal_agn,,literature,True,silver,,,,0,081140.92+412237.5,dev
082000.21+090727.2,125.0008970000,9.1242310000,0.4000000000,,,,,normal_agn,,literature,True,silver,,,,0,082000.21+090727.2,dev
081929.44+275301.8,124.8726960000,27.8838500000,0.4663110000,,,,,normal_agn,,literature,True,silver,,,,0,081929.44+275301.8,dev
082654.47+125702.0,126.7269980000,12.9505650000,0.5917000000,,,,,normal_agn,,literature,True,silver,,,,0,082654.47+125702.0,test
084244.30+084651.2,130.6846030000,8.7809010000,0.5770120000,,,,,normal_agn,,literature,True,silver,,,,0,084244.30+084651.2,dev
075304.63+460434.6,118.2693310000,46.0762850000,0.4673060000,,,,,normal_agn,,literature,True,silver,,,,0,075304.63+460434.6,dev
081554.25+261850.6,123.9760800000,26.3140770000,0.4226560000,,,,,normal_agn,,literature,True,silver,,,,0,081554.25+261850.6,dev
080342.68+230355.4,120.9278500000,23.0653920000,0.4785350000,,,,,normal_agn,,literature,True,silver,,,,0,080342.68+230355.4,test
084341.25+544442.8,130.9219110000,54.7452370000,0.4448280000,,,,,normal_agn,,literature,True,silver,,,,0,084341.25+544442.8,dev
084347.50+551538.8,130.9479550000,55.2608040000,0.4160000000,,,,,normal_agn,,literature,True,silver,,,,0,084347.50+551538.8,dev
080456.90+371720.4,121.2371150000,37.2890150000,0.5175920000,,,,,normal_agn,,literature,True,silver,,,,0,080456.90+371720.4,test
080937.05+185139.4,122.4043990000,18.8609510000,0.4900000000,,,,,normal_agn,,literature,True,silver,,,,0,080937.05+185139.4,dev
081127.88+222045.2,122.8661710000,22.3459150000,0.3123360000,,,,,normal_agn,,literature,True,silver,,,,0,081127.88+222045.2,test
082504.73+423256.7,126.2697090000,42.5490870000,0.5690000000,,,,,normal_agn,,literature,True,silver,,,,0,082504.73+423256.7,test
075635.61+463325.4,119.1484030000,46.5570770000,0.5082480000,,,,,normal_agn,,literature,True,silver,,,,0,075635.61+463325.4,dev
082318.05+472939.3,125.8252120000,47.4942730000,0.4903750000,,,,,normal_agn,,literature,True,silver,,,,0,082318.05+472939.3,test
082015.09+041148.7,125.0629070000,4.1968640000,0.3304050000,,,,,normal_agn,,literature,True,silver,,,,0,082015.09+041148.7,test
080744.03+434818.5,121.9334870000,43.8051480000,0.5687740000,,,,,normal_agn,,literature,True,silver,,,,0,080744.03+434818.5,test
084022.79+382739.0,130.0949710000,38.4608600000,0.5300000000,,,,,normal_agn,,literature,True,silver,,,,0,084022.79+382739.0,dev
080521.17+150114.2,121.3382410000,15.0206210000,0.5860000000,,,,,normal_agn,,literature,True,silver,,,,0,080521.17+150114.2,dev
081150.45+453428.0,122.9602330000,45.5744620000,0.5205750000,,,,,normal_agn,,literature,True,silver,,,,0,081150.45+453428.0,dev
080340.13+363217.7,120.9172490000,36.5382770000,0.5337790000,,,,,normal_agn,,literature,True,silver,,,,0,080340.13+363217.7,dev
075334.91+360340.5,118.3954950000,36.0612770000,0.5260000000,,,,,normal_agn,,literature,True,silver,,,,0,075334.91+360340.5,test
080253.03+500320.1,120.7209730000,50.0555940000,0.3320000000,,,,,normal_agn,,literature,True,silver,,,,0,080253.03+500320.1,dev
081844.57+350426.3,124.6857450000,35.0739880000,0.4637340000,,,,,normal_agn,,literature,True,silver,,,,0,081844.57+350426.3,dev
075854.18+410456.5,119.7257620000,41.0823860000,0.4700000000,,,,,normal_agn,,literature,True,silver,,,,0,075854.18+410456.5,test
084400.18+004732.2,131.0007650000,0.7922890000,0.4140000000,,,,,normal_agn,,literature,True,silver,,,,0,084400.18+004732.2,dev
083652.85+425939.0,129.2202320000,42.9941810000,0.5476000000,,,,,normal_agn,,literature,True,silver,,,,0,083652.85+425939.0,dev
081206.52+280624.0,123.0271670000,28.1066850000,0.3436890000,,,,,normal_agn,,literature,True,silver,,,,0,081206.52+280624.0,dev
081436.59+445445.0,123.6524940000,44.9125120000,0.5810000000,,,,,normal_agn,,literature,True,silver,,,,0,081436.59+445445.0,dev
075126.39+352557.5,117.8599620000,35.4326620000,0.3239460000,,,,,normal_agn,,literature,True,silver,,,,0,075126.39+352557.5,dev
075046.76+180944.0,117.6948350000,18.1622360000,0.4220000000,,,,,normal_agn,,literature,True,silver,,,,0,075046.76+180944.0,dev
080934.33+123200.8,122.3930650000,12.5335720000,0.3740000000,,,,,normal_agn,,literature,True,silver,,,,0,080934.33+123200.8,dev
080258.93+453020.8,120.7455710000,45.5057900000,0.5410000000,,,,,normal_agn,,literature,True,silver,,,,0,080258.93+453020.8,dev
081822.84+531831.6,124.5951710000,53.3087990000,0.5820000000,,,,,normal_agn,,literature,True,silver,,,,0,081822.84+531831.6,dev
082808.01+343458.8,127.0334030000,34.5830200000,0.5750000000,,,,,normal_agn,,literature,True,silver,,,,0,082808.01+343458.8,dev
080439.54+315809.4,121.1647870000,31.9692800000,0.3743220000,,,,,normal_agn,,literature,True,silver,,,,0,080439.54+315809.4,test
084338.54+312620.7,130.9106020000,31.4390960000,0.4993140000,,,,,normal_agn,,literature,True,silver,,,,0,084338.54+312620.7,dev
084302.97+030218.9,130.7623760000,3.0385840000,0.5122230000,,,,,normal_agn,,literature,True,silver,,,,0,084302.97+030218.9,dev
075911.26+084947.3,119.7969380000,8.8298310000,0.4700000000,,,,,normal_agn,,literature,True,silver,,,,0,075911.26+084947.3,dev
080921.06+420149.2,122.3377540000,42.0303580000,0.5278470000,,,,,normal_agn,,literature,True,silver,,,,0,080921.06+420149.2,dev
075241.73+454704.7,118.1739000000,45.7846560000,0.5849300000,,,,,normal_agn,,literature,True,silver,,,,0,075241.73+454704.7,test
082309.56+204729.6,125.7898530000,20.7915730000,0.3164380000,,,,,normal_agn,,literature,True,silver,,,,0,082309.56+204729.6,dev
083325.43+103537.3,128.3559620000,10.5936980000,0.5860000000,,,,,normal_agn,,literature,True,silver,,,,0,083325.43+103537.3,dev
084519.03+130734.5,131.3293190000,13.1262660000,0.4506650000,,,,,normal_agn,,literature,True,silver,,,,0,084519.03+130734.5,dev
081823.10+524723.0,124.5962710000,52.7897330000,0.4620110000,,,,,normal_agn,,literature,True,silver,,,,0,081823.10+524723.0,dev
080227.70+274633.7,120.6154240000,27.7760360000,0.5792900000,,,,,normal_agn,,literature,True,silver,,,,0,080227.70+274633.7,dev
084527.92+442109.1,131.3663620000,44.3525300000,0.4225600000,,,,,normal_agn,,literature,True,silver,,,,0,084527.92+442109.1,dev
083918.59+311856.2,129.8274990000,31.3156130000,0.5960000000,,,,,normal_agn,,literature,True,silver,,,,0,083918.59+311856.2,test
082954.14+460624.4,127.4755840000,46.1067790000,0.3360000000,,,,,normal_agn,,literature,True,silver,,,,0,082954.14+460624.4,dev
075440.32+324105.2,118.6680260000,32.6848030000,0.4117050000,,,,,normal_agn,,literature,True,silver,,,,0,075440.32+324105.2,test
081451.73+395346.9,123.7155610000,39.8963870000,0.5899580000,,,,,normal_agn,,literature,True,silver,,,,0,081451.73+395346.9,dev
075732.19+445109.3,119.3841310000,44.8526050000,0.5784220000,,,,,normal_agn,,literature,True,silver,,,,0,075732.19+445109.3,dev
075939.83+235647.7,119.9159830000,23.9465870000,0.3665520000,,,,,normal_agn,,literature,True,silver,,,,0,075939.83+235647.7,dev
080850.95+440915.7,122.2123100000,44.1543860000,0.5994290000,,,,,normal_agn,,literature,True,silver,,,,0,080850.95+440915.7,test
081649.15+253543.3,124.2047920000,25.5953760000,0.3404200000,,,,,normal_agn,,literature,True,silver,,,,0,081649.15+253543.3,test
084252.54+342333.7,130.7189270000,34.3927160000,0.4692570000,,,,,normal_agn,,literature,True,silver,,,,0,084252.54+342333.7,dev
084158.70+382720.3,130.4945850000,38.4556510000,0.4389670000,,,,,normal_agn,,literature,True,silver,,,,0,084158.70+382720.3,dev
083654.35+402307.5,129.2264600000,40.3854170000,0.5440180000,,,,,normal_agn,,literature,True,silver,,,,0,083654.35+402307.5,dev
080700.92+310843.8,121.7538580000,31.1455010000,0.4001970000,,,,,normal_agn,,literature,True,silver,,,,0,080700.92+310843.8,dev
083702.76+495752.7,129.2615070000,49.9646620000,0.5240000000,,,,,normal_agn,,literature,True,silver,,,,0,083702.76+495752.7,dev
081537.52+395510.0,123.9063630000,39.9194700000,0.4094950000,,,,,normal_agn,,literature,True,silver,,,,0,081537.52+395510.0,dev
081821.90+132703.4,124.5912540000,13.4509500000,0.5330000000,,,,,normal_agn,,literature,True,silver,,,,0,081821.90+132703.4,dev
081859.29+343238.0,124.7470800000,34.5439080000,0.3404820000,,,,,normal_agn,,literature,True,silver,,,,0,081859.29+343238.0,dev
084133.61+412321.8,130.3900440000,41.3894110000,0.5750350000,,,,,normal_agn,,literature,True,silver,,,,0,084133.61+412321.8,dev
082658.56+190921.5,126.7440350000,19.1559800000,0.4281780000,,,,,normal_agn,,literature,True,silver,,,,0,082658.56+190921.5,dev
084458.79+384720.8,131.2449610000,38.7891370000,0.4950630000,,,,,normal_agn,,literature,True,silver,,,,0,084458.79+384720.8,dev
082410.31+534931.3,126.0429950000,53.8253790000,0.3500000000,,,,,normal_agn,,literature,True,silver,,,,0,082410.31+534931.3,dev
084151.27+583646.9,130.4636290000,58.6130370000,0.4070000000,,,,,normal_agn,,literature,True,silver,,,,0,084151.27+583646.9,dev
083421.63+540408.5,128.5901530000,54.0690520000,0.5290000000,,,,,normal_agn,,literature,True,silver,,,,0,083421.63+540408.5,dev
082427.62+224628.7,126.1151020000,22.7746500000,0.4897530000,,,,,normal_agn,,literature,True,silver,,,,0,082427.62+224628.7,dev
080543.48+245339.1,121.4311740000,24.8941990000,0.5801510000,,,,,normal_agn,,literature,True,silver,,,,0,080543.48+245339.1,dev
083438.62+161750.6,128.6609530000,16.2974070000,0.6000000000,,,,,normal_agn,,literature,True,silver,,,,0,083438.62+161750.6,dev
081009.64+554122.0,122.5402060000,55.6894720000,0.4550000000,,,,,normal_agn,,literature,True,silver,,,,0,081009.64+554122.0,test
082339.25+551519.0,125.9135720000,55.2552800000,0.5900000000,,,,,normal_agn,,literature,True,silver,,,,0,082339.25+551519.0,dev
082557.72+374749.5,126.4905190000,37.7970930000,0.5376000000,,,,,normal_agn,,literature,True,silver,,,,0,082557.72+374749.5,dev
080430.56+504457.4,121.1273540000,50.7493000000,0.3672000000,,,,,normal_agn,,literature,True,silver,,,,0,080430.56+504457.4,dev
081251.54+521928.8,123.2147670000,52.3246800000,0.5410000000,,,,,normal_agn,,literature,True,silver,,,,0,081251.54+521928.8,dev
080628.27+463100.5,121.6178110000,46.5168160000,0.5059800000,,,,,normal_agn,,literature,True,silver,,,,0,080628.27+463100.5,dev
080528.35+240102.7,121.3681640000,24.0174230000,0.5820000000,,,,,normal_agn,,literature,True,silver,,,,0,080528.35+240102.7,dev
080707.37+302443.5,121.7807350000,30.4121090000,0.4890290000,,,,,normal_agn,,literature,True,silver,,,,0,080707.37+302443.5,test
081205.39+160751.8,123.0224710000,16.1310690000,0.4268520000,,,,,normal_agn,,literature,True,silver,,,,0,081205.39+160751.8,dev
075112.36+503206.6,117.8015260000,50.5351830000,0.5238950000,,,,,normal_agn,,literature,True,silver,,,,0,075112.36+503206.6,dev
081332.77+292053.0,123.3865510000,29.3480590000,0.5280510000,,,,,normal_agn,,literature,True,silver,,,,0,081332.77+292053.0,dev
075432.63+483545.8,118.6359890000,48.5960750000,0.5703370000,,,,,normal_agn,,literature,True,silver,,,,0,075432.63+483545.8,dev
080310.58+293233.7,120.7941040000,29.5427050000,0.3273560000,,,,,normal_agn,,literature,True,silver,,,,0,080310.58+293233.7,dev
083426.54+532352.6,128.6106060000,53.3979470000,0.5440000000,,,,,normal_agn,,literature,True,silver,,,,0,083426.54+532352.6,dev
081539.55+365203.5,123.9148110000,36.8676450000,0.5508300000,,,,,normal_agn,,literature,True,silver,,,,0,081539.55+365203.5,dev
081747.56+433540.1,124.4481790000,43.5944920000,0.5790000000,,,,,normal_agn,,literature,True,silver,,,,0,081747.56+433540.1,dev
081909.28+280215.6,124.7886910000,28.0376910000,0.3413620000,,,,,normal_agn,,literature,True,silver,,,,0,081909.28+280215.6,test
081014.92+035045.6,122.5622010000,3.8460080000,0.5550000000,,,,,normal_agn,,literature,True,silver,,,,0,081014.92+035045.6,dev
081318.79+385741.1,123.3283230000,38.9614320000,0.5990000000,,,,,normal_agn,,literature,True,silver,,,,0,081318.79+385741.1,dev
084409.47+215358.4,131.0394800000,21.8995670000,0.5441410000,,,,,normal_agn,,literature,True,silver,,,,0,084409.47+215358.4,dev
080619.87+100230.1,121.5828160000,10.0417180000,0.5730000000,,,,,normal_agn,,literature,True,silver,,,,0,080619.87+100230.1,dev
082153.76+001413.6,125.4740400000,0.2371300000,0.5150000000,,,,,normal_agn,,literature,True,silver,,,,0,082153.76+001413.6,test
081846.78+370306.4,124.6949360000,37.0517810000,0.5417660000,,,,,normal_agn,,literature,True,silver,,,,0,081846.78+370306.4,dev
082026.15+254402.3,125.1089610000,25.7339840000,0.5878930000,,,,,normal_agn,,literature,True,silver,,,,0,082026.15+254402.3,dev
075409.67+512428.9,118.5403120000,51.4080450000,0.3324830000,,,,,normal_agn,,literature,True,silver,,,,0,075409.67+512428.9,dev
075248.01+334645.5,118.2000830000,33.7793280000,0.5214490000,,,,,normal_agn,,literature,True,silver,,,,0,075248.01+334645.5,test
083129.97+483834.0,127.8749150000,48.6427960000,0.5110000000,,,,,normal_agn,,literature,True,silver,,,,0,083129.97+483834.0,dev
080937.94+390021.6,122.4081080000,39.0060050000,0.5972710000,,,,,normal_agn,,literature,True,silver,,,,0,080937.94+390021.6,dev
075926.65+103009.6,119.8610580000,10.5026860000,0.5256230000,,,,,normal_agn,,literature,True,silver,,,,0,075926.65+103009.6,dev
081802.05+222244.9,124.5085640000,22.3791590000,0.3982840000,,,,,normal_agn,,literature,True,silver,,,,0,081802.05+222244.9,dev
081512.01+115311.6,123.8000610000,11.8865830000,0.5511000000,,,,,normal_agn,,literature,True,silver,,,,0,081512.01+115311.6,dev
082243.45+495150.8,125.6810600000,49.8641340000,0.5250000000,,,,,normal_agn,,literature,True,silver,,,,0,082243.45+495150.8,test
075230.61+181432.0,118.1275620000,18.2422360000,0.5360890000,,,,,normal_agn,,literature,True,silver,,,,0,075230.61+181432.0,dev
081022.30+423512.6,122.5929530000,42.5868370000,0.3616600000,,,,,normal_agn,,literature,True,silver,,,,0,081022.30+423512.6,dev
080105.34+441041.0,120.2722900000,44.1780570000,0.4708940000,,,,,normal_agn,,literature,True,silver,,,,0,080105.34+441041.0,dev
083604.12+220905.9,129.0171690000,22.1516620000,0.5543110000,,,,,normal_agn,,literature,True,silver,,,,0,083604.12+220905.9,dev
082244.88+460318.0,125.6870170000,46.0550270000,0.3513860000,,,,,normal_agn,,literature,True,silver,,,,0,082244.88+460318.0,dev
082215.40+531717.9,125.5641930000,53.2883130000,0.3060000000,,,,,normal_agn,,literature,True,silver,,,,0,082215.40+531717.9,test
080945.42+293043.0,122.4392730000,29.5119600000,0.4992310000,,,,,normal_agn,,literature,True,silver,,,,0,080945.42+293043.0,dev
082803.31+460142.5,127.0138140000,46.0284880000,0.5700000000,,,,,normal_agn,,literature,True,silver,,,,0,082803.31+460142.5,dev
083955.75+465941.8,129.9823140000,46.9949580000,0.5137860000,,,,,normal_agn,,literature,True,silver,,,,0,083955.75+465941.8,dev
083938.88+544408.0,129.9120130000,54.7355580000,0.5446890000,,,,,normal_agn,,literature,True,silver,,,,0,083938.88+544408.0,dev
083540.72+325122.7,128.9196960000,32.8563200000,0.5407440000,,,,,normal_agn,,literature,True,silver,,,,0,083540.72+325122.7,dev
084305.35+132317.3,130.7723020000,13.3881500000,0.5085050000,,,,,normal_agn,,literature,True,silver,,,,0,084305.35+132317.3,dev
083200.78+312930.9,128.0032910000,31.4919250000,0.4567770000,,,,,normal_agn,,literature,True,silver,,,,0,083200.78+312930.9,dev
075141.71+250322.5,117.9238010000,25.0562540000,0.5541580000,,,,,normal_agn,,literature,True,silver,,,,0,075141.71+250322.5,dev
083624.72+472802.0,129.1030390000,47.4672270000,0.4689870000,,,,,normal_agn,,literature,True,silver,,,,0,083624.72+472802.0,dev
081051.08+174035.0,122.7128480000,17.6764050000,0.3379220000,,,,,normal_agn,,literature,True,silver,,,,0,081051.08+174035.0,dev
080048.80+181220.3,120.2033520000,18.2056450000,0.5320000000,,,,,normal_agn,,literature,True,silver,,,,0,080048.80+181220.3,dev
080738.01+094322.7,121.9083870000,9.7229950000,0.5600000000,,,,,normal_agn,,literature,True,silver,,,,0,080738.01+094322.7,test
074927.53+304223.0,117.3647210000,30.7064050000,0.5838040000,,,,,normal_agn,,literature,True,silver,,,,0,074927.53+304223.0,dev
075042.23+514757.4,117.6759840000,51.7992940000,0.3928480000,,,,,normal_agn,,literature,True,silver,,,,0,075042.23+514757.4,dev
075345.25+405803.1,118.4385690000,40.9675550000,0.4173200000,,,,,normal_agn,,literature,True,silver,,,,0,075345.25+405803.1,test
080348.15+473946.7,120.9506620000,47.6629840000,0.4515960000,,,,,normal_agn,,literature,True,silver,,,,0,080348.15+473946.7,dev
083023.02+224935.1,127.5959220000,22.8264310000,0.4580000000,,,,,normal_agn,,literature,True,silver,,,,0,083023.02+224935.1,dev
082634.30+214950.8,126.6429280000,21.8307800000,0.4700000000,,,,,normal_agn,,literature,True,silver,,,,0,082634.30+214950.8,dev
075740.97+323709.1,119.4207320000,32.6192210000,0.4108700000,,,,,normal_agn,,literature,True,silver,,,,0,075740.97+323709.1,dev
075503.87+205314.5,118.7661560000,20.8873850000,0.3738150000,,,,,normal_agn,,literature,True,silver,,,,0,075503.87+205314.5,dev
082506.17+435643.5,126.2757150000,43.9454370000,0.5321560000,,,,,normal_agn,,literature,True,silver,,,,0,082506.17+435643.5,dev
081537.55+384303.1,123.9064880000,38.7175540000,0.5070000000,,,,,normal_agn,,literature,True,silver,,,,0,081537.55+384303.1,dev
082128.06+344331.0,125.3669580000,34.7252890000,0.5553160000,,,,,normal_agn,,literature,True,silver,,,,0,082128.06+344331.0,dev
084512.27+512803.2,131.3011580000,51.4675630000,0.5820000000,,,,,normal_agn,,literature,True,silver,,,,0,084512.27+512803.2,dev
082708.53+425017.8,126.7855800000,42.8382970000,0.3331460000,,,,,normal_agn,,literature,True,silver,,,,0,082708.53+425017.8,dev
081053.23+531850.5,122.7217980000,53.3140430000,0.5820000000,,,,,normal_agn,,literature,True,silver,,,,0,081053.23+531850.5,dev
080014.97+412125.2,120.0623930000,41.3570270000,0.5870460000,,,,,normal_agn,,literature,True,silver,,,,0,080014.97+412125.2,dev
084154.48+025618.8,130.4770360000,2.9385660000,0.7240000000,,,,,normal_agn,,literature,True,silver,,,,0,084154.48+025618.8,dev
081154.25+360813.8,122.9760830000,36.1371880000,0.8498200000,,,,,normal_agn,,literature,True,silver,,,,0,081154.25+360813.8,dev
083814.27+544019.6,129.5594890000,54.6721200000,0.7690000000,,,,,normal_agn,,literature,True,silver,,,,0,083814.27+544019.6,dev
082021.42+301137.5,125.0892750000,30.1937760000,0.9750380000,,,,,normal_agn,,literature,True,silver,,,,0,082021.42+301137.5,dev
074921.45+440644.9,117.3393910000,44.1124800000,0.7194940000,,,,,normal_agn,,literature,True,silver,,,,0,074921.45+440644.9,dev
083301.56+355500.9,128.2565390000,35.9169400000,0.8698140000,,,,,normal_agn,,literature,True,silver,,,,0,083301.56+355500.9,dev
082432.21+205229.7,126.1342450000,20.8749210000,0.9504090000,,,,,normal_agn,,literature,True,silver,,,,0,082432.21+205229.7,test
075759.11+355755.1,119.4963160000,35.9653110000,0.7111040000,,,,,normal_agn,,literature,True,silver,,,,0,075759.11+355755.1,dev
075301.69+372307.9,118.2570820000,37.3855380000,0.7091790000,,,,,normal_agn,,literature,True,silver,,,,0,075301.69+372307.9,test
082046.93+291824.4,125.1955570000,29.3067910000,0.7349990000,,,,,normal_agn,,literature,True,silver,,,,0,082046.93+291824.4,dev
082121.65+402302.6,125.3402170000,40.3840630000,0.9841040000,,,,,normal_agn,,literature,True,silver,,,,0,082121.65+402302.6,dev
082441.99+402216.0,126.1749910000,40.3711320000,0.9421890000,,,,,normal_agn,,literature,True,silver,,,,0,082441.99+402216.0,dev
083454.28+315512.8,128.7261850000,31.9202420000,0.9461120000,,,,,normal_agn,,literature,True,silver,,,,0,083454.28+315512.8,dev
082151.74+410903.0,125.4656120000,41.1508360000,0.9573850000,,,,,normal_agn,,literature,True,silver,,,,0,082151.74+410903.0,test
080009.17+433324.9,120.0382280000,43.5569230000,0.7751070000,,,,,normal_agn,,literature,True,silver,,,,0,080009.17+433324.9,test
074857.24+311003.9,117.2385320000,31.1677760000,0.7010000000,,,,,normal_agn,,literature,True,silver,,,,0,074857.24+311003.9,dev
083850.11+172406.9,129.7088190000,17.4019230000,0.9115030000,,,,,normal_agn,,literature,True,silver,,,,0,083850.11+172406.9,dev
081834.39+370636.1,124.6432950000,37.1100460000,0.6803420000,,,,,normal_agn,,literature,True,silver,,,,0,081834.39+370636.1,dev
081653.84+225155.8,124.2243600000,22.8655160000,0.9277440000,,,,,normal_agn,,literature,True,silver,,,,0,081653.84+225155.8,dev
084222.95+403006.8,130.5956330000,40.5018960000,0.6257100000,,,,,normal_agn,,literature,True,silver,,,,0,084222.95+403006.8,dev
082539.92+180049.2,126.4163710000,18.0136930000,0.8320000000,,,,,normal_agn,,literature,True,silver,,,,0,082539.92+180049.2,dev
075300.64+471147.7,118.2526960000,47.1965930000,0.9670000000,,,,,normal_agn,,literature,True,silver,,,,0,075300.64+471147.7,dev
075632.55+273031.8,119.1356420000,27.5088350000,0.9494790000,,,,,normal_agn,,literature,True,silver,,,,0,075632.55+273031.8,dev
083337.81+262651.1,128.4075580000,26.4475520000,0.9612610000,,,,,normal_agn,,literature,True,silver,,,,0,083337.81+262651.1,test
082418.90+222634.9,126.0787600000,22.4430420000,0.7409310000,,,,,normal_agn,,literature,True,silver,,,,0,082418.90+222634.9,dev
081314.80+385720.4,123.3116920000,38.9556930000,0.9245830000,,,,,normal_agn,,literature,True,silver,,,,0,081314.80+385720.4,test
083525.38+513829.7,128.8557800000,51.6415930000,0.8171750000,,,,,normal_agn,,literature,True,silver,,,,0,083525.38+513829.7,dev
074856.66+300551.4,117.2360960000,30.0976280000,0.9564430000,,,,,normal_agn,,literature,True,silver,,,,0,074856.66+300551.4,test
083030.90+521137.8,127.6287770000,52.1938510000,0.8779810000,,,,,normal_agn,,literature,True,silver,,,,0,083030.90+521137.8,dev
074909.11+301216.1,117.2879760000,30.2044930000,0.8878950000,,,,,normal_agn,,literature,True,silver,,,,0,074909.11+301216.1,test
082556.41+132641.2,126.4850670000,13.4447990000,0.8550000000,,,,,normal_agn,,literature,True,silver,,,,0,082556.41+132641.2,dev
075214.10+433349.5,118.0587510000,43.5637760000,0.8472930000,,,,,normal_agn,,literature,True,silver,,,,0,075214.10+433349.5,test
082156.41+291845.6,125.4850740000,29.3126690000,0.8750000000,,,,,normal_agn,,literature,True,silver,,,,0,082156.41+291845.6,dev
081235.45+210511.6,123.1477220000,21.0865700000,0.6500000000,,,,,normal_agn,,literature,True,silver,,,,0,081235.45+210511.6,dev
083933.03+553329.4,129.8876590000,55.5581700000,0.8980000000,,,,,normal_agn,,literature,True,silver,,,,0,083933.03+553329.4,dev
083253.05+590549.5,128.2210610000,59.0971010000,0.8890310000,,,,,normal_agn,,literature,True,silver,,,,0,083253.05+590549.5,dev
080510.20+464331.3,121.2925050000,46.7253710000,0.7630000000,,,,,normal_agn,,literature,True,silver,,,,0,080510.20+464331.3,dev
081518.77+310612.0,123.8282400000,31.1033530000,0.9936280000,,,,,normal_agn,,literature,True,silver,,,,0,081518.77+310612.0,dev
080419.30+230825.2,121.0804550000,23.1403490000,0.9141640000,,,,,normal_agn,,literature,True,silver,,,,0,080419.30+230825.2,dev
075410.58+303700.1,118.5440850000,30.6167050000,0.7900000000,,,,,normal_agn,,literature,True,silver,,,,0,075410.58+303700.1,dev
084050.39+021910.1,130.2099760000,2.3194970000,0.8610000000,,,,,normal_agn,,literature,True,silver,,,,0,084050.39+021910.1,dev
083421.50+502205.0,128.5896090000,50.3680760000,0.8430000000,,,,,normal_agn,,literature,True,silver,,,,0,083421.50+502205.0,dev
083615.52+280445.8,129.0646670000,28.0793910000,0.9845320000,,,,,normal_agn,,literature,True,silver,,,,0,083615.52+280445.8,dev
075706.59+500833.7,119.2774790000,50.1427150000,0.8230000000,,,,,normal_agn,,literature,True,silver,,,,0,075706.59+500833.7,dev
083204.07+601810.4,128.0169840000,60.3029170000,0.9100000000,,,,,normal_agn,,literature,True,silver,,,,0,083204.07+601810.4,test
081125.33+221631.4,122.8555780000,22.2754120000,0.6490000000,,,,,normal_agn,,literature,True,silver,,,,0,081125.33+221631.4,dev
083720.16+331825.3,129.3340220000,33.3070340000,0.7648000000,,,,,normal_agn,,literature,True,silver,,,,0,083720.16+331825.3,dev
075711.80+193352.3,119.2991960000,19.5645350000,0.9920530000,,,,,normal_agn,,literature,True,silver,,,,0,075711.80+193352.3,dev
075030.09+504930.4,117.6253810000,50.8251260000,0.6367230000,,,,,normal_agn,,literature,True,silver,,,,0,075030.09+504930.4,test
081639.29+244637.8,124.1637170000,24.7771820000,0.8470000000,,,,,normal_agn,,literature,True,silver,,,,0,081639.29+244637.8,dev
075931.10+451747.5,119.8796010000,45.2965310000,0.8708690000,,,,,normal_agn,,literature,True,silver,,,,0,075931.10+451747.5,test
083309.43+374538.3,128.2893030000,37.7606570000,0.7960000000,,,,,normal_agn,,literature,True,silver,,,,0,083309.43+374538.3,dev
080759.36+375714.5,121.9973670000,37.9540380000,0.9560000000,,,,,normal_agn,,literature,True,silver,,,,0,080759.36+375714.5,dev
082618.60+343516.4,126.5775260000,34.5879160000,0.7400000000,,,,,normal_agn,,literature,True,silver,,,,0,082618.60+343516.4,dev
080949.59+221637.5,122.4566580000,22.2770980000,0.9094030000,,,,,normal_agn,,literature,True,silver,,,,0,080949.59+221637.5,dev
081824.48+253708.5,124.6020250000,25.6190530000,0.8529690000,,,,,normal_agn,,literature,True,silver,,,,0,081824.48+253708.5,dev
083051.87+013159.3,127.7161580000,1.5331400000,0.6300000000,,,,,normal_agn,,literature,True,silver,,,,0,083051.87+013159.3,test
080624.02+512838.7,121.6000900000,51.4774410000,0.9240000000,,,,,normal_agn,,literature,True,silver,,,,0,080624.02+512838.7,dev
083516.11+040039.0,128.8171450000,4.0108520000,0.6770000000,,,,,normal_agn,,literature,True,silver,,,,0,083516.11+040039.0,dev
081223.95+204207.1,123.0997920000,20.7019840000,0.9964210000,,,,,normal_agn,,literature,True,silver,,,,0,081223.95+204207.1,dev
080514.95+351700.4,121.3123150000,35.2834710000,0.7455060000,,,,,normal_agn,,literature,True,silver,,,,0,080514.95+351700.4,test
081306.19-002900.4,123.2758310000,-0.4834500000,0.6827530000,,,,,normal_agn,,literature,True,silver,,,,0,081306.19-002900.4,dev
075058.21+293549.3,117.7425470000,29.5970280000,0.7793110000,,,,,normal_agn,,literature,True,silver,,,,0,075058.21+293549.3,dev
083739.80+525405.5,129.4158500000,52.9015420000,0.9220000000,,,,,normal_agn,,literature,True,silver,,,,0,083739.80+525405.5,dev
083456.33+581125.1,128.7347130000,58.1903170000,0.7170000000,,,,,normal_agn,,literature,True,silver,,,,0,083456.33+581125.1,dev
084226.12+261706.7,130.6088600000,26.2852020000,0.6780000000,,,,,normal_agn,,literature,True,silver,,,,0,084226.12+261706.7,dev
075409.91+311913.7,118.5413150000,31.3204900000,0.9780200000,,,,,normal_agn,,literature,True,silver,,,,0,075409.91+311913.7,dev
080025.36+134021.2,120.1057070000,13.6725690000,0.6752730000,,,,,normal_agn,,literature,True,silver,,,,0,080025.36+134021.2,dev
080446.65+390343.1,121.1944000000,39.0619730000,0.8290000000,,,,,normal_agn,,literature,True,silver,,,,0,080446.65+390343.1,test
075217.22+234749.2,118.0717660000,23.7970140000,0.9607880000,,,,,normal_agn,,literature,True,silver,,,,0,075217.22+234749.2,test
080823.90+360514.3,122.0996170000,36.0873320000,0.9363970000,,,,,normal_agn,,literature,True,silver,,,,0,080823.90+360514.3,dev
083625.79+430959.8,129.1074810000,43.1666200000,0.9570000000,,,,,normal_agn,,literature,True,silver,,,,0,083625.79+430959.8,dev
080831.77+063702.1,122.1323760000,6.6172650000,0.7002710000,,,,,normal_agn,,literature,True,silver,,,,0,080831.77+063702.1,dev
075211.28+164623.2,118.0470110000,16.7731150000,0.6928130000,,,,,normal_agn,,literature,True,silver,,,,0,075211.28+164623.2,dev
083641.08+451531.0,129.1711680000,45.2586330000,0.8180000000,,,,,normal_agn,,literature,True,silver,,,,0,083641.08+451531.0,dev
081328.58+444514.8,123.3690900000,44.7541290000,0.7431170000,,,,,normal_agn,,literature,True,silver,,,,0,081328.58+444514.8,test
081121.36+383626.3,122.8390400000,38.6073210000,0.6599140000,,,,,normal_agn,,literature,True,silver,,,,0,081121.36+383626.3,test
083829.62+324558.8,129.6234540000,32.7663420000,0.9775390000,,,,,normal_agn,,literature,True,silver,,,,0,083829.62+324558.8,dev
084102.42+541144.5,130.2601020000,54.1957130000,0.7130000000,,,,,normal_agn,,literature,True,silver,,,,0,084102.42+541144.5,dev
080346.23+131114.7,120.9426560000,13.1874260000,0.9500000000,,,,,normal_agn,,literature,True,silver,,,,0,080346.23+131114.7,dev
081942.01+515652.6,124.9250740000,51.9479500000,0.8110000000,,,,,normal_agn,,literature,True,silver,,,,0,081942.01+515652.6,dev
083448.91+200734.4,128.7038270000,20.1262280000,0.9595460000,,,,,normal_agn,,literature,True,silver,,,,0,083448.91+200734.4,dev
080459.91+122448.8,121.2496490000,12.4135570000,0.6122120000,,,,,normal_agn,,literature,True,silver,,,,0,080459.91+122448.8,dev
081804.24+534829.1,124.5176820000,53.8081100000,0.6340000000,,,,,normal_agn,,literature,True,silver,,,,0,081804.24+534829.1,dev
075229.14+515143.5,118.1214520000,51.8620880000,0.8910920000,,,,,normal_agn,,literature,True,silver,,,,0,075229.14+515143.5,dev
075415.94+532217.7,118.5664200000,53.3716030000,0.9246270000,,,,,normal_agn,,literature,True,silver,,,,0,075415.94+532217.7,dev
082935.45+364912.6,127.3977220000,36.8201790000,0.6452340000,,,,,normal_agn,,literature,True,silver,,,,0,082935.45+364912.6,dev
083220.81+481553.4,128.0867230000,48.2648350000,0.7440970000,,,,,normal_agn,,literature,True,silver,,,,0,083220.81+481553.4,dev
081554.29+211003.7,123.9762180000,21.1677030000,0.8713200000,,,,,normal_agn,,literature,True,silver,,,,0,081554.29+211003.7,dev
083020.40+105001.5,127.5850400000,10.8337570000,0.9460000000,,,,,normal_agn,,literature,True,silver,,,,0,083020.40+105001.5,dev
082033.30+382419.7,125.1387820000,38.4054980000,0.6478810000,,,,,normal_agn,,literature,True,silver,,,,0,082033.30+382419.7,dev
080443.24+325527.3,121.1802020000,32.9242540000,0.7000000000,,,,,normal_agn,,literature,True,silver,,,,0,080443.24+325527.3,dev
081615.47+523624.3,124.0644900000,52.6067540000,0.6270000000,,,,,normal_agn,,literature,True,silver,,,,0,081615.47+523624.3,dev
080648.65+184037.0,121.7027230000,18.6769670000,0.7450000000,,,,,normal_agn,,literature,True,silver,,,,0,080648.65+184037.0,dev
084244.67+371753.2,130.6861480000,37.2981300000,0.8474430000,,,,,normal_agn,,literature,True,silver,,,,0,084244.67+371753.2,test
082806.18+063608.3,127.0257880000,6.6023130000,0.9632220000,,,,,normal_agn,,literature,True,silver,,,,0,082806.18+063608.3,dev
080038.64+175139.8,120.1610090000,17.8610590000,0.8470000000,,,,,normal_agn,,literature,True,silver,,,,0,080038.64+175139.8,dev
074925.66+203841.9,117.3569370000,20.6449910000,0.7440000000,,,,,normal_agn,,literature,True,silver,,,,0,074925.66+203841.9,dev
082649.67+462127.5,126.7069990000,46.3576610000,0.8560000000,,,,,normal_agn,,literature,True,silver,,,,0,082649.67+462127.5,test
081429.63+372249.7,123.6234740000,37.3804900000,0.9235810000,,,,,normal_agn,,literature,True,silver,,,,0,081429.63+372249.7,test
083643.07+444308.6,129.1794610000,44.7190710000,0.9740000000,,,,,normal_agn,,literature,True,silver,,,,0,083643.07+444308.6,test
080859.02+260225.4,122.2459400000,26.0404010000,0.6444910000,,,,,normal_agn,,literature,True,silver,,,,0,080859.02+260225.4,dev
075342.88+165014.1,118.4286710000,16.8372550000,0.8969730000,,,,,normal_agn,,literature,True,silver,,,,0,075342.88+165014.1,dev
084327.96+320414.6,130.8665070000,32.0707370000,0.8850000000,,,,,normal_agn,,literature,True,silver,,,,0,084327.96+320414.6,test
081255.06+565532.8,123.2294350000,56.9258030000,0.9750000000,,,,,normal_agn,,literature,True,silver,,,,0,081255.06+565532.8,dev
081820.75+291535.9,124.5864650000,29.2599880000,0.7000000000,,,,,normal_agn,,literature,True,silver,,,,0,081820.75+291535.9,test
083712.14+335243.8,129.3005940000,33.8788560000,0.9272700000,,,,,normal_agn,,literature,True,silver,,,,0,083712.14+335243.8,dev
080643.51+302844.8,121.6813030000,30.4791170000,0.9910000000,,,,,normal_agn,,literature,True,silver,,,,0,080643.51+302844.8,dev
083723.55+351336.3,129.3481530000,35.2267550000,0.8780000000,,,,,normal_agn,,literature,True,silver,,,,0,083723.55+351336.3,dev
081123.91+475100.2,122.8496310000,47.8500630000,0.6773680000,,,,,normal_agn,,literature,True,silver,,,,0,081123.91+475100.2,dev
081016.98+203733.2,122.5707660000,20.6258890000,0.7020000000,,,,,normal_agn,,literature,True,silver,,,,0,081016.98+203733.2,dev
080203.63+492757.2,120.5151380000,49.4659120000,0.8472310000,,,,,normal_agn,,literature,True,silver,,,,0,080203.63+492757.2,dev
083924.34+122609.1,129.8514490000,12.4358770000,0.8110000000,,,,,normal_agn,,literature,True,silver,,,,0,083924.34+122609.1,dev
075015.22+244027.2,117.5634290000,24.6742350000,0.8798970000,,,,,normal_agn,,literature,True,silver,,,,0,075015.22+244027.2,dev
083519.33+595535.9,128.8305770000,59.9266420000,0.8380000000,,,,,normal_agn,,literature,True,silver,,,,0,083519.33+595535.9,dev
083252.07+150126.8,128.2169780000,15.0241370000,0.8750000000,,,,,normal_agn,,literature,True,silver,,,,0,083252.07+150126.8,dev
081625.44+453633.1,124.1060040000,45.6091990000,0.8800000000,,,,,normal_agn,,literature,True,silver,,,,0,081625.44+453633.1,dev
075822.13+221151.2,119.5922310000,22.1975740000,0.9266530000,,,,,normal_agn,,literature,True,silver,,,,0,075822.13+221151.2,dev
083244.46+382645.3,128.1852670000,38.4459260000,0.7891900000,,,,,normal_agn,,literature,True,silver,,,,0,083244.46+382645.3,dev
080539.70+252425.1,121.4154340000,25.4069930000,0.9353300000,,,,,normal_agn,,literature,True,silver,,,,0,080539.70+252425.1,dev
082511.94+354434.6,126.2997590000,35.7429630000,0.8670000000,,,,,normal_agn,,literature,True,silver,,,,0,082511.94+354434.6,dev
082257.68+304535.9,125.7403710000,30.7599870000,0.7620890000,,,,,normal_agn,,literature,True,silver,,,,0,082257.68+304535.9,dev
081451.26+571244.1,123.7136010000,57.2122550000,0.6510000000,,,,,normal_agn,,literature,True,silver,,,,0,081451.26+571244.1,dev
084303.24+240239.1,130.7635340000,24.0442100000,0.6125750000,,,,,normal_agn,,literature,True,silver,,,,0,084303.24+240239.1,dev
083505.97+475724.4,128.7749090000,47.9567900000,0.6618710000,,,,,normal_agn,,literature,True,silver,,,,0,083505.97+475724.4,dev
075542.08+160950.0,118.9253490000,16.1638990000,0.7550000000,,,,,normal_agn,,literature,True,silver,,,,0,075542.08+160950.0,dev
080149.44+542742.1,120.4560310000,54.4617100000,0.7050000000,,,,,normal_agn,,literature,True,silver,,,,0,080149.44+542742.1,dev
083929.77+173047.2,129.8740650000,17.5131120000,0.6730000000,,,,,normal_agn,,literature,True,silver,,,,0,083929.77+173047.2,dev
075724.80+441340.3,119.3533580000,44.2278730000,0.9139010000,,,,,normal_agn,,literature,True,silver,,,,0,075724.80+441340.3,dev
083154.58+270317.7,127.9774450000,27.0549270000,0.9652990000,,,,,normal_agn,,literature,True,silver,,,,0,083154.58+270317.7,dev
075100.75+150953.9,117.7531460000,15.1649920000,0.7070300000,,,,,normal_agn,,literature,True,silver,,,,0,075100.75+150953.9,test
081813.28+280235.6,124.5553710000,28.0432460000,0.8532970000,,,,,normal_agn,,literature,True,silver,,,,0,081813.28+280235.6,dev
082159.16+453145.4,125.4965270000,45.5292820000,0.9140000000,,,,,normal_agn,,literature,True,silver,,,,0,082159.16+453145.4,dev
080044.28+445126.7,120.1845350000,44.8574320000,0.6800450000,,,,,normal_agn,,literature,True,silver,,,,0,080044.28+445126.7,dev
075843.26+321507.9,119.6802610000,32.2522070000,0.6080000000,,,,,normal_agn,,literature,True,silver,,,,0,075843.26+321507.9,dev
084307.52+280043.9,130.7813330000,28.0122040000,0.8970870000,,,,,normal_agn,,literature,True,silver,,,,0,084307.52+280043.9,dev
075448.85+303355.0,118.7035460000,30.5652860000,0.7961360000,,,,,normal_agn,,literature,True,silver,,,,0,075448.85+303355.0,dev
075700.98+461523.1,119.2541030000,46.2564190000,0.7888560000,,,,,normal_agn,,literature,True,silver,,,,0,075700.98+461523.1,dev
081758.24+454056.4,124.4926680000,45.6823480000,0.8700000000,,,,,normal_agn,,literature,True,silver,,,,0,081758.24+454056.4,test
081316.24+490609.9,123.3176940000,49.1027530000,0.9300000000,,,,,normal_agn,,literature,True,silver,,,,0,081316.24+490609.9,test
082106.93+322036.0,125.2789160000,32.3433460000,0.9794500000,,,,,normal_agn,,literature,True,silver,,,,0,082106.93+322036.0,dev
080754.01+240740.1,121.9750780000,24.1278110000,0.8452850000,,,,,normal_agn,,literature,True,silver,,,,0,080754.01+240740.1,dev
084109.55+293926.8,130.2897940000,29.6574510000,0.9158550000,,,,,normal_agn,,literature,True,silver,,,,0,084109.55+293926.8,dev
084055.01+343321.0,130.2292320000,34.5558350000,0.9686220000,,,,,normal_agn,,literature,True,silver,,,,0,084055.01+343321.0,dev
082921.78+294849.5,127.3407690000,29.8137520000,0.7150000000,,,,,normal_agn,,literature,True,silver,,,,0,082921.78+294849.5,test
083857.28+370649.1,129.7386990000,37.1136460000,0.8590460000,,,,,normal_agn,,literature,True,silver,,,,0,083857.28+370649.1,test
075619.59+242938.2,119.0816640000,24.4939460000,0.7817680000,,,,,normal_agn,,literature,True,silver,,,,0,075619.59+242938.2,dev
082043.12+330845.5,125.1796850000,33.1459780000,0.8580000000,,,,,normal_agn,,literature,True,silver,,,,0,082043.12+330845.5,dev
083827.46+555824.1,129.6144320000,55.9733790000,0.6206830000,,,,,normal_agn,,literature,True,silver,,,,0,083827.46+555824.1,dev
075702.54+313121.4,119.2605910000,31.5226380000,0.7670000000,,,,,normal_agn,,literature,True,silver,,,,0,075702.54+313121.4,dev
075305.12+283939.2,118.2713560000,28.6609080000,0.8405280000,,,,,normal_agn,,literature,True,silver,,,,0,075305.12+283939.2,dev
083128.37+551706.9,127.8682410000,55.2852650000,0.8540000000,,,,,normal_agn,,literature,True,silver,,,,0,083128.37+551706.9,dev
075631.04+284452.9,119.1293420000,28.7480520000,0.8041750000,,,,,normal_agn,,literature,True,silver,,,,0,075631.04+284452.9,test
083033.12+435057.1,127.6380350000,43.8491980000,0.9343070000,,,,,normal_agn,,literature,True,silver,,,,0,083033.12+435057.1,dev
082217.92+280108.1,125.5746830000,28.0189270000,0.6383220000,,,,,normal_agn,,literature,True,silver,,,,0,082217.92+280108.1,dev
082711.67+382737.2,126.7986320000,38.4603410000,0.6880000000,,,,,normal_agn,,literature,True,silver,,,,0,082711.67+382737.2,test
081140.45+334416.2,122.9185670000,33.7378570000,0.7110000000,,,,,normal_agn,,literature,True,silver,,,,0,081140.45+334416.2,test
080536.79+360904.4,121.4033080000,36.1512290000,0.9266910000,,,,,normal_agn,,literature,True,silver,,,,0,080536.79+360904.4,dev
083559.92+323552.0,128.9997010000,32.5977830000,0.7713150000,,,,,normal_agn,,literature,True,silver,,,,0,083559.92+323552.0,dev
083804.39+524701.3,129.5183160000,52.7837080000,0.8595170000,,,,,normal_agn,,literature,True,silver,,,,0,083804.39+524701.3,dev
081415.40+030054.0,123.5642000000,3.0150070000,0.9041570000,,,,,normal_agn,,literature,True,silver,,,,0,081415.40+030054.0,test
083825.64+030136.2,129.6068520000,3.0267310000,0.9080000000,,,,,normal_agn,,literature,True,silver,,,,0,083825.64+030136.2,dev
075124.05+405838.0,117.8502090000,40.9772260000,0.8664400000,,,,,normal_agn,,literature,True,silver,,,,0,075124.05+405838.0,dev
081122.15+365316.6,122.8423010000,36.8879470000,0.8927740000,,,,,normal_agn,,literature,True,silver,,,,0,081122.15+365316.6,dev
082822.68+135246.7,127.0945400000,13.8796560000,0.9474000000,,,,,normal_agn,,literature,True,silver,,,,0,082822.68+135246.7,test
082006.60+432941.7,125.0275170000,43.4949380000,0.9690000000,,,,,normal_agn,,literature,True,silver,,,,0,082006.60+432941.7,dev
080205.08+551054.1,120.5212040000,55.1817190000,0.8900000000,,,,,normal_agn,,literature,True,silver,,,,0,080205.08+551054.1,dev
081344.39+574333.5,123.4349860000,57.7259880000,0.6440000000,,,,,normal_agn,,literature,True,silver,,,,0,081344.39+574333.5,dev
081536.21+425050.9,123.9008950000,42.8474790000,0.9667700000,,,,,normal_agn,,literature,True,silver,,,,0,081536.21+425050.9,dev
083141.77+344303.6,127.9240540000,34.7176670000,0.6077460000,,,,,normal_agn,,literature,True,silver,,,,0,083141.77+344303.6,dev
082907.43+333008.3,127.2809880000,33.5023180000,0.8603730000,,,,,normal_agn,,literature,True,silver,,,,0,082907.43+333008.3,dev
084219.96+460812.7,130.5831950000,46.1368670000,0.9021990000,,,,,normal_agn,,literature,True,silver,,,,0,084219.96+460812.7,dev
075214.25+355145.1,118.0593790000,35.8625350000,0.8102580000,,,,,normal_agn,,literature,True,silver,,,,0,075214.25+355145.1,dev
082253.04+352921.4,125.7210370000,35.4892870000,0.6239370000,,,,,normal_agn,,literature,True,silver,,,,0,082253.04+352921.4,dev
081036.21+350846.7,122.6508830000,35.1463290000,0.9879170000,,,,,normal_agn,,literature,True,silver,,,,0,081036.21+350846.7,dev
083656.95+463147.7,129.2373280000,46.5299320000,0.7873120000,,,,,normal_agn,,literature,True,silver,,,,0,083656.95+463147.7,dev
075259.54+262223.8,118.2480900000,26.3733020000,0.8080000000,,,,,normal_agn,,literature,True,silver,,,,0,075259.54+262223.8,test
081242.44+295716.3,123.1768410000,29.9545400000,0.9501270000,,,,,normal_agn,,literature,True,silver,,,,0,081242.44+295716.3,dev
084501.54+543849.5,131.2564530000,54.6470850000,0.6690000000,,,,,normal_agn,,literature,True,silver,,,,0,084501.54+543849.5,dev
082411.27+122611.7,126.0469660000,12.4365980000,0.6676000000,,,,,normal_agn,,literature,True,silver,,,,0,082411.27+122611.7,test
075011.51+281641.1,117.5479850000,28.2781030000,0.9075760000,,,,,normal_agn,,literature,True,silver,,,,0,075011.51+281641.1,test
075442.78+263041.8,118.6782820000,26.5116220000,0.7845970000,,,,,normal_agn,,literature,True,silver,,,,0,075442.78+263041.8,dev
083701.91+532406.0,129.2579640000,53.4016800000,0.8510000000,,,,,normal_agn,,literature,True,silver,,,,0,083701.91+532406.0,test
083144.69+493244.4,127.9362140000,49.5456790000,0.8212360000,,,,,normal_agn,,literature,True,silver,,,,0,083144.69+493244.4,dev
083512.21+341359.1,128.8009090000,34.2331070000,0.7172290000,,,,,normal_agn,,literature,True,silver,,,,0,083512.21+341359.1,dev
075646.95+161255.3,119.1956470000,16.2153760000,0.7590000000,,,,,normal_agn,,literature,True,silver,,,,0,075646.95+161255.3,dev
080213.29+381338.2,120.5553920000,38.2273050000,0.8779440000,,,,,normal_agn,,literature,True,silver,,,,0,080213.29+381338.2,dev
082059.54+223003.7,125.2481230000,22.5010410000,0.8093960000,,,,,normal_agn,,literature,True,silver,,,,0,082059.54+223003.7,test
081353.05+323728.4,123.4710650000,32.6245800000,0.8400000000,,,,,normal_agn,,literature,True,silver,,,,0,081353.05+323728.4,dev
075658.19+405059.0,119.2424660000,40.8497270000,0.7590000000,,,,,normal_agn,,literature,True,silver,,,,0,075658.19+405059.0,test
082418.88+384425.5,126.0787040000,38.7404220000,0.9900000000,,,,,normal_agn,,literature,True,silver,,,,0,082418.88+384425.5,dev
075356.08+392754.3,118.4836740000,39.4651020000,0.7151680000,,,,,normal_agn,,literature,True,silver,,,,0,075356.08+392754.3,test
081957.38+453804.3,124.9890890000,45.6345550000,0.8910000000,,,,,normal_agn,,literature,True,silver,,,,0,081957.38+453804.3,dev
082824.51+293607.7,127.1021540000,29.6021600000,0.8443620000,,,,,normal_agn,,literature,True,silver,,,,0,082824.51+293607.7,dev
080230.99+005331.3,120.6291550000,0.8920410000,0.8510000000,,,,,normal_agn,,literature,True,silver,,,,0,080230.99+005331.3,test
081456.80+231848.9,123.7366850000,23.3135940000,0.9243320000,,,,,normal_agn,,literature,True,silver,,,,0,081456.80+231848.9,dev
080121.75+424913.6,120.3406370000,42.8204610000,0.9284450000,,,,,normal_agn,,literature,True,silver,,,,0,080121.75+424913.6,dev
082543.21+482723.9,126.4300500000,48.4566650000,0.9681990000,,,,,normal_agn,,literature,True,silver,,,,0,082543.21+482723.9,dev
084506.88+414059.9,131.2786940000,41.6833130000,0.9614100000,,,,,normal_agn,,literature,True,silver,,,,0,084506.88+414059.9,dev
075035.10+523349.5,117.6462590000,52.5637660000,0.7910000000,,,,,normal_agn,,literature,True,silver,,,,0,075035.10+523349.5,dev
084350.13+155027.4,130.9588750000,15.8409660000,0.8490000000,,,,,normal_agn,,literature,True,silver,,,,0,084350.13+155027.4,test
083937.01+345333.3,129.9042300000,34.8925960000,0.7391640000,,,,,normal_agn,,literature,True,silver,,,,0,083937.01+345333.3,dev
082828.97+121219.9,127.1207290000,12.2055420000,0.6480000000,,,,,normal_agn,,literature,True,silver,,,,0,082828.97+121219.9,test
083541.99+080051.7,128.9249930000,8.0143810000,0.9483360000,,,,,normal_agn,,literature,True,silver,,,,0,083541.99+080051.7,dev
075423.68+500433.3,118.5986900000,50.0759310000,0.8540000000,,,,,normal_agn,,literature,True,silver,,,,0,075423.68+500433.3,dev
082050.54+064605.2,125.2105860000,6.7681340000,0.8760000000,,,,,normal_agn,,literature,True,silver,,,,0,082050.54+064605.2,dev
080429.72+560313.5,121.1238410000,56.0537640000,0.6984490000,,,,,normal_agn,,literature,True,silver,,,,0,080429.72+560313.5,dev
075238.98+200341.7,118.1624230000,20.0616110000,0.9298990000,,,,,normal_agn,,literature,True,silver,,,,0,075238.98+200341.7,dev
082355.66+303630.1,125.9819300000,30.6083850000,0.8846150000,,,,,normal_agn,,literature,True,silver,,,,0,082355.66+303630.1,test
082600.69+543734.8,126.5028990000,54.6263550000,0.9280000000,,,,,normal_agn,,literature,True,silver,,,,0,082600.69+543734.8,test
084503.26+593956.8,131.2636080000,59.6657920000,0.8320000000,,,,,normal_agn,,literature,True,silver,,,,0,084503.26+593956.8,dev
075323.00+460000.6,118.3458390000,46.0001750000,0.9450000000,,,,,normal_agn,,literature,True,silver,,,,0,075323.00+460000.6,dev
081057.87+492657.8,122.7411500000,49.4494120000,0.8371530000,,,,,normal_agn,,literature,True,silver,,,,0,081057.87+492657.8,dev
083513.64+284354.1,128.8068570000,28.7317130000,0.6959000000,,,,,normal_agn,,literature,True,silver,,,,0,083513.64+284354.1,dev
075215.84+285836.0,118.0660090000,28.9766670000,0.6213870000,,,,,normal_agn,,literature,True,silver,,,,0,075215.84+285836.0,dev
080929.59+240234.1,122.3733080000,24.0428100000,0.7420000000,,,,,normal_agn,,literature,True,silver,,,,0,080929.59+240234.1,test
082855.00+415535.7,127.2291690000,41.9265850000,0.9850000000,,,,,normal_agn,,literature,True,silver,,,,0,082855.00+415535.7,dev
083412.23+470041.9,128.5509860000,47.0116600000,0.9460000000,,,,,normal_agn,,literature,True,silver,,,,0,083412.23+470041.9,dev
080745.84+251503.9,121.9410060000,25.2510930000,0.6666510000,,,,,normal_agn,,literature,True,silver,,,,0,080745.84+251503.9,dev
084208.58+514629.5,130.5357690000,51.7748630000,0.6610000000,,,,,normal_agn,,literature,True,silver,,,,0,084208.58+514629.5,dev
080557.78+484921.0,121.4907670000,48.8225250000,0.9494900000,,,,,normal_agn,,literature,True,silver,,,,0,080557.78+484921.0,dev
081041.20+224723.4,122.6716970000,22.7898500000,0.7290070000,,,,,normal_agn,,literature,True,silver,,,,0,081041.20+224723.4,dev
082330.77+354346.7,125.8782330000,35.7296450000,0.9285030000,,,,,normal_agn,,literature,True,silver,,,,0,082330.77+354346.7,dev
083916.06+345927.9,129.8169270000,34.9910930000,0.6073880000,,,,,normal_agn,,literature,True,silver,,,,0,083916.06+345927.9,dev
080318.03+455239.5,120.8251610000,45.8776410000,0.6930000000,,,,,normal_agn,,literature,True,silver,,,,0,080318.03+455239.5,dev
075747.02+500705.0,119.4459460000,50.1180640000,0.8430000000,,,,,normal_agn,,literature,True,silver,,,,0,075747.02+500705.0,dev
080919.04+524113.9,122.3293410000,52.6872160000,0.9500000000,,,,,normal_agn,,literature,True,silver,,,,0,080919.04+524113.9,dev
080431.96+095716.8,121.1332070000,9.9546710000,0.9260000000,,,,,normal_agn,,literature,True,silver,,,,0,080431.96+095716.8,dev
082514.46+332859.0,126.3102770000,33.4830750000,0.8998390000,,,,,normal_agn,,literature,True,silver,,,,0,082514.46+332859.0,test
075229.73+493013.7,118.1239080000,49.5038290000,0.7341740000,,,,,normal_agn,,literature,True,silver,,,,0,075229.73+493013.7,dev
081739.91+165138.3,124.4162980000,16.8606410000,0.8850000000,,,,,normal_agn,,literature,True,silver,,,,0,081739.91+165138.3,test
080716.64+355935.0,121.8193470000,35.9930630000,0.7323060000,,,,,normal_agn,,literature,True,silver,,,,0,080716.64+355935.0,test
075656.07+401234.5,119.2336660000,40.2096080000,0.7260000000,,,,,normal_agn,,literature,True,silver,,,,0,075656.07+401234.5,dev
082459.24+362035.2,126.2468450000,36.3431240000,0.8975520000,,,,,normal_agn,,literature,True,silver,,,,0,082459.24+362035.2,dev
083010.61+453321.3,127.5442440000,45.5559220000,0.6670000000,,,,,normal_agn,,literature,True,silver,,,,0,083010.61+453321.3,dev
080808.73+500037.2,122.0363970000,50.0103610000,0.6260000000,,,,,normal_agn,,literature,True,silver,,,,0,080808.73+500037.2,dev
082827.81+000129.6,127.1158990000,0.0249110000,0.8029880000,,,,,normal_agn,,literature,True,silver,,,,0,082827.81+000129.6,dev
081030.15+322504.9,122.6256330000,32.4180520000,0.7292140000,,,,,normal_agn,,literature,True,silver,,,,0,081030.15+322504.9,dev
082519.84+390858.0,126.3327040000,39.1494700000,0.8750000000,,,,,normal_agn,,literature,True,silver,,,,0,082519.84+390858.0,dev
083221.74+334139.0,128.0905900000,33.6941760000,0.8895620000,,,,,normal_agn,,literature,True,silver,,,,0,083221.74+334139.0,test
083210.75+040326.5,128.0448280000,4.0573870000,0.8430000000,,,,,normal_agn,,literature,True,silver,,,,0,083210.75+040326.5,dev
081241.44+455901.4,123.1726880000,45.9837450000,0.7350000000,,,,,normal_agn,,literature,True,silver,,,,0,081241.44+455901.4,test
075201.82+210434.7,118.0075970000,21.0763140000,0.8715070000,,,,,normal_agn,,literature,True,silver,,,,0,075201.82+210434.7,dev
083226.07+343414.3,128.1086580000,34.5706410000,0.9990790000,,,,,normal_agn,,literature,True,silver,,,,0,083226.07+343414.3,dev
083533.62+071809.4,128.8900880000,7.3026210000,0.8627020000,,,,,normal_agn,,literature,True,silver,,,,0,083533.62+071809.4,dev
081413.20+201101.2,123.5550300000,20.1836940000,0.8320000000,,,,,normal_agn,,literature,True,silver,,,,0,081413.20+201101.2,test
084223.14+230627.9,130.5964370000,23.1077770000,0.9419550000,,,,,normal_agn,,literature,True,silver,,,,0,084223.14+230627.9,dev
080256.99+385755.1,120.7374820000,38.9653120000,0.7180000000,,,,,normal_agn,,literature,True,silver,,,,0,080256.99+385755.1,dev
082544.01+474855.6,126.4334120000,47.8154680000,0.7235580000,,,,,normal_agn,,literature,True,silver,,,,0,082544.01+474855.6,dev
080025.46+245440.8,120.1061070000,24.9113430000,0.7560000000,,,,,normal_agn,,literature,True,silver,,,,0,080025.46+245440.8,test
075439.66+213435.9,118.6652900000,21.5766520000,0.9782490000,,,,,normal_agn,,literature,True,silver,,,,0,075439.66+213435.9,dev
081849.92+462355.1,124.7080400000,46.3986540000,0.6260000000,,,,,normal_agn,,literature,True,silver,,,,0,081849.92+462355.1,dev
084057.44+411412.5,130.2393600000,41.2368260000,0.8754010000,,,,,normal_agn,,literature,True,silver,,,,0,084057.44+411412.5,dev
081722.74+380921.7,124.3447830000,38.1560510000,0.7640550000,,,,,normal_agn,,literature,True,silver,,,,0,081722.74+380921.7,dev
080915.24+513235.7,122.3135270000,51.5432680000,0.8160000000,,,,,normal_agn,,literature,True,silver,,,,0,080915.24+513235.7,dev
081007.45+432159.9,122.5310820000,43.3666490000,0.7490000000,,,,,normal_agn,,literature,True,silver,,,,0,081007.45+432159.9,test
075950.23+451729.0,119.9593150000,45.2913980000,0.6511190000,,,,,normal_agn,,literature,True,silver,,,,0,075950.23+451729.0,dev
084135.20+430957.3,130.3966810000,43.1659170000,0.7810000000,,,,,normal_agn,,literature,True,silver,,,,0,084135.20+430957.3,test
083938.60+340617.7,129.9108630000,34.1049380000,0.8647330000,,,,,normal_agn,,literature,True,silver,,,,0,083938.60+340617.7,dev
081012.58+203646.3,122.5524430000,20.6128740000,0.6369360000,,,,,normal_agn,,literature,True,silver,,,,0,081012.58+203646.3,dev
082236.06+141224.5,125.6502880000,14.2068090000,0.8300000000,,,,,normal_agn,,literature,True,silver,,,,0,082236.06+141224.5,dev
083651.97+150146.4,129.2165790000,15.0295560000,0.6860000000,,,,,normal_agn,,literature,True,silver,,,,0,083651.97+150146.4,dev
075841.86+340942.7,119.6744540000,34.1618870000,0.8033860000,,,,,normal_agn,,literature,True,silver,,,,0,075841.86+340942.7,dev
081639.90+392622.9,124.1662640000,39.4396950000,0.8550000000,,,,,normal_agn,,literature,True,silver,,,,0,081639.90+392622.9,test
084413.62+221417.1,131.0567590000,22.2380960000,0.8840230000,,,,,normal_agn,,literature,True,silver,,,,0,084413.62+221417.1,dev
081210.33+305704.8,123.0430620000,30.9513580000,0.8630000000,,,,,normal_agn,,literature,True,silver,,,,0,081210.33+305704.8,dev
074925.16+252415.0,117.3548700000,25.4041830000,0.9743070000,,,,,normal_agn,,literature,True,silver,,,,0,074925.16+252415.0,dev
075619.29+443107.6,119.0803870000,44.5187920000,0.7350000000,,,,,normal_agn,,literature,True,silver,,,,0,075619.29+443107.6,dev
082636.30+253137.2,126.6512750000,25.5270100000,0.7907610000,,,,,normal_agn,,literature,True,silver,,,,0,082636.30+253137.2,dev
081832.35+481331.9,124.6348140000,48.2255400000,0.8810000000,,,,,normal_agn,,literature,True,silver,,,,0,081832.35+481331.9,dev
080013.40+243457.8,120.0558620000,24.5827330000,0.9495980000,,,,,normal_agn,,literature,True,silver,,,,0,080013.40+243457.8,dev
083541.13+320753.8,128.9214060000,32.1316200000,0.9560310000,,,,,normal_agn,,literature,True,silver,,,,0,083541.13+320753.8,dev
083251.55+173457.4,128.2148030000,17.5826260000,0.6790000000,,,,,normal_agn,,literature,True,silver,,,,0,083251.55+173457.4,dev
081920.32+445412.2,124.8347030000,44.9033970000,0.9609460000,,,,,normal_agn,,literature,True,silver,,,,0,081920.32+445412.2,dev
082332.90+264042.5,125.8870910000,26.6784850000,0.9919600000,,,,,normal_agn,,literature,True,silver,,,,0,082332.90+264042.5,dev
084402.23+390905.9,131.0093120000,39.1516450000,0.9740000000,,,,,normal_agn,,literature,True,silver,,,,0,084402.23+390905.9,dev
082104.88+500848.8,125.2703460000,50.1468990000,0.8254470000,,,,,normal_agn,,literature,True,silver,,,,0,082104.88+500848.8,dev
075743.45+492245.0,119.4310800000,49.3791720000,0.7531820000,,,,,normal_agn,,literature,True,silver,,,,0,075743.45+492245.0,test
083504.63+381916.9,128.7693210000,38.3213660000,0.9874120000,,,,,normal_agn,,literature,True,silver,,,,0,083504.63+381916.9,dev
082801.70+104625.8,127.0070850000,10.7738340000,0.7280000000,,,,,normal_agn,,literature,True,silver,,,,0,082801.70+104625.8,dev
081758.77+424500.7,124.4949120000,42.7502010000,0.8026360000,,,,,normal_agn,,literature,True,silver,,,,0,081758.77+424500.7,dev
083048.44+293912.5,127.7018740000,29.6534890000,0.9276460000,,,,,normal_agn,,literature,True,silver,,,,0,083048.44+293912.5,dev
074843.12+361219.4,117.1796820000,36.2054120000,0.6501840000,,,,,normal_agn,,literature,True,silver,,,,0,074843.12+361219.4,dev
075651.98+280718.3,119.2165930000,28.1217720000,0.9232690000,,,,,normal_agn,,literature,True,silver,,,,0,075651.98+280718.3,dev
081844.19+502218.6,124.6841630000,50.3718370000,0.9474340000,,,,,normal_agn,,literature,True,silver,,,,0,081844.19+502218.6,dev
082913.29+212704.4,127.3054090000,21.4512310000,0.8982050000,,,,,normal_agn,,literature,True,silver,,,,0,082913.29+212704.4,test
075637.28+094630.0,119.1553690000,9.7750070000,0.7070000000,,,,,normal_agn,,literature,True,silver,,,,0,075637.28+094630.0,dev
082108.07+453440.3,125.2836590000,45.5778840000,0.7710000000,,,,,normal_agn,,literature,True,silver,,,,0,082108.07+453440.3,dev
084417.99+451952.4,131.0749760000,45.3312460000,0.6840000000,,,,,normal_agn,,literature,True,silver,,,,0,084417.99+451952.4,dev
075709.35+213718.1,119.2889730000,21.6217100000,0.8114980000,,,,,normal_agn,,literature,True,silver,,,,0,075709.35+213718.1,dev
082830.17+541550.6,127.1257140000,54.2640800000,0.8010000000,,,,,normal_agn,,literature,True,silver,,,,0,082830.17+541550.6,test
081743.12+260712.7,124.4296670000,26.1202070000,0.6081310000,,,,,normal_agn,,literature,True,silver,,,,0,081743.12+260712.7,test
080030.47+404421.4,120.1269810000,40.7392940000,0.6510000000,,,,,normal_agn,,literature,True,silver,,,,0,080030.47+404421.4,dev
081630.86+350347.8,124.1286020000,35.0632910000,0.7960000000,,,,,normal_agn,,literature,True,silver,,,,0,081630.86+350347.8,dev
080459.83+514930.8,121.2493100000,51.8252410000,0.6920000000,,,,,normal_agn,,literature,True,silver,,,,0,080459.83+514930.8,test
082029.65+372040.0,125.1235440000,37.3444720000,0.9202830000,,,,,normal_agn,,literature,True,silver,,,,0,082029.65+372040.0,test
080151.58+310446.5,120.4649340000,31.0796100000,0.9608660000,,,,,normal_agn,,literature,True,silver,,,,0,080151.58+310446.5,test
082409.54+205520.7,126.0397630000,20.9224260000,0.8798690000,,,,,normal_agn,,literature,True,silver,,,,0,082409.54+205520.7,dev
083804.16+303707.7,129.5173470000,30.6188130000,0.6480000000,,,,,normal_agn,,literature,True,silver,,,,0,083804.16+303707.7,dev
084118.75+175013.6,130.3281310000,17.8371330000,0.8330000000,,,,,normal_agn,,literature,True,silver,,,,0,084118.75+175013.6,dev
081740.06+331800.1,124.4169510000,33.3000410000,0.6630000000,,,,,normal_agn,,literature,True,silver,,,,0,081740.06+331800.1,dev
081100.51+462532.1,122.7521410000,46.4256030000,0.8210000000,,,,,normal_agn,,literature,True,silver,,,,0,081100.51+462532.1,dev
083037.58+564913.9,127.6566010000,56.8205420000,0.9830000000,,,,,normal_agn,,literature,True,silver,,,,0,083037.58+564913.9,dev
083944.33+513310.2,129.9347240000,51.5528380000,0.7216810000,,,,,normal_agn,,literature,True,silver,,,,0,083944.33+513310.2,test
081345.75+534805.1,123.4406360000,53.8014230000,0.9387990000,,,,,normal_agn,,literature,True,silver,,,,0,081345.75+534805.1,dev
080409.30+352937.0,121.0387800000,35.4936370000,0.9493760000,,,,,normal_agn,,literature,True,silver,,,,0,080409.30+352937.0,dev
083250.27+045718.6,128.2094940000,4.9551810000,0.6496780000,,,,,normal_agn,,literature,True,silver,,,,0,083250.27+045718.6,dev
081500.44+291739.1,123.7518660000,29.2942050000,0.9956910000,,,,,normal_agn,,literature,True,silver,,,,0,081500.44+291739.1,dev
081940.02+212855.8,124.9167540000,21.4821690000,0.9131860000,,,,,normal_agn,,literature,True,silver,,,,0,081940.02+212855.8,test
083409.54+421957.0,128.5397700000,42.3325270000,0.8276860000,,,,,normal_agn,,literature,True,silver,,,,0,083409.54+421957.0,test
083420.97+302416.9,128.5874020000,30.4047020000,0.9569940000,,,,,normal_agn,,literature,True,silver,,,,0,083420.97+302416.9,dev
080749.71+263333.6,121.9571300000,26.5593360000,0.9795570000,,,,,normal_agn,,literature,True,silver,,,,0,080749.71+263333.6,dev
083354.40+471756.5,128.4766830000,47.2990310000,0.6143380000,,,,,normal_agn,,literature,True,silver,,,,0,083354.40+471756.5,dev
080117.31+332156.8,120.3221630000,33.3657920000,0.9847330000,,,,,normal_agn,,literature,True,silver,,,,0,080117.31+332156.8,dev
082008.60+031802.3,125.0358400000,3.3006400000,0.9924800000,,,,,normal_agn,,literature,True,silver,,,,0,082008.60+031802.3,dev
081845.08+422815.1,124.6878500000,42.4708820000,0.8025160000,,,,,normal_agn,,literature,True,silver,,,,0,081845.08+422815.1,dev
083559.71+125638.7,128.9988080000,12.9440890000,0.6810000000,,,,,normal_agn,,literature,True,silver,,,,0,083559.71+125638.7,dev
075242.20+380445.8,118.1758560000,38.0793960000,0.6031290000,,,,,normal_agn,,literature,True,silver,,,,0,075242.20+380445.8,dev
082551.41+264205.8,126.4642110000,26.7016300000,0.9734260000,,,,,normal_agn,,literature,True,silver,,,,0,082551.41+264205.8,dev
082427.36+305032.7,126.1140380000,30.8424430000,0.7359550000,,,,,normal_agn,,literature,True,silver,,,,0,082427.36+305032.7,dev
083458.02+531709.9,128.7417870000,53.2860850000,0.7930000000,,,,,normal_agn,,literature,True,silver,,,,0,083458.02+531709.9,dev
075839.74+514913.7,119.6655950000,51.8204880000,0.6859250000,,,,,normal_agn,,literature,True,silver,,,,0,075839.74+514913.7,test
081250.86+360040.0,123.2119500000,36.0111120000,0.6618690000,,,,,normal_agn,,literature,True,silver,,,,0,081250.86+360040.0,dev
084254.28+240909.6,130.7261800000,24.1526730000,0.6144300000,,,,,normal_agn,,literature,True,silver,,,,0,084254.28+240909.6,test
083659.70+355452.2,129.2487790000,35.9145250000,0.9010020000,,,,,normal_agn,,literature,True,silver,,,,0,083659.70+355452.2,test
081728.41+330938.6,124.3684150000,33.1607340000,0.8200000000,,,,,normal_agn,,literature,True,silver,,,,0,081728.41+330938.6,dev
082658.47+470903.0,126.7436650000,47.1508450000,0.7720000000,,,,,normal_agn,,literature,True,silver,,,,0,082658.47+470903.0,dev
075821.23+503307.2,119.5884700000,50.5520140000,0.7720000000,,,,,normal_agn,,literature,True,silver,,,,0,075821.23+503307.2,dev
080012.99+221540.2,120.0541310000,22.2611920000,0.6266670000,,,,,normal_agn,,literature,True,silver,,,,0,080012.99+221540.2,dev
080002.90+232823.0,120.0120930000,23.4730590000,0.9058730000,,,,,normal_agn,,literature,True,silver,,,,0,080002.90+232823.0,dev
083421.50+285129.7,128.5896080000,28.8582550000,0.7210000000,,,,,normal_agn,,literature,True,silver,,,,0,083421.50+285129.7,dev
082210.84+313842.1,125.5451670000,31.6450430000,0.7231820000,,,,,normal_agn,,literature,True,silver,,,,0,082210.84+313842.1,dev
083721.26+160932.4,129.3385990000,16.1590050000,0.6744110000,,,,,normal_agn,,literature,True,silver,,,,0,083721.26+160932.4,dev
080128.89+113809.7,120.3703820000,11.6360330000,0.8280000000,,,,,normal_agn,,literature,True,silver,,,,0,080128.89+113809.7,dev
082132.68+514532.6,125.3861820000,51.7590600000,0.9920000000,,,,,normal_agn,,literature,True,silver,,,,0,082132.68+514532.6,dev
083442.17+050538.2,128.6757090000,5.0939550000,0.7000000000,,,,,normal_agn,,literature,True,silver,,,,0,083442.17+050538.2,dev
083300.04+300559.1,128.2501790000,30.0997560000,0.6665120000,,,,,normal_agn,,literature,True,silver,,,,0,083300.04+300559.1,test
081429.00+483414.0,123.6208490000,48.5705690000,0.9870000000,,,,,normal_agn,,literature,True,silver,,,,0,081429.00+483414.0,dev
084517.39+513412.4,131.3224780000,51.5701280000,0.6346710000,,,,,normal_agn,,literature,True,silver,,,,0,084517.39+513412.4,test
080718.81+365010.1,121.8283920000,36.8361390000,0.9975940000,,,,,normal_agn,,literature,True,silver,,,,0,080718.81+365010.1,test
082316.16+244553.2,125.8173330000,24.7647940000,0.9879030000,,,,,normal_agn,,literature,True,silver,,,,0,082316.16+244553.2,test
082352.18+543307.2,125.9674460000,54.5520090000,0.9840000000,,,,,normal_agn,,literature,True,silver,,,,0,082352.18+543307.2,dev
075439.79+373520.5,118.6658300000,37.5890480000,0.7294740000,,,,,normal_agn,,literature,True,silver,,,,0,075439.79+373520.5,test
082424.38+313238.3,126.1016120000,31.5439940000,0.9718680000,,,,,normal_agn,,literature,True,silver,,,,0,082424.38+313238.3,test
084046.22+090229.3,130.1926020000,9.0414990000,0.7790000000,,,,,normal_agn,,literature,True,silver,,,,0,084046.22+090229.3,dev
084431.20+340436.4,131.1300060000,34.0767930000,0.7743050000,,,,,normal_agn,,literature,True,silver,,,,0,084431.20+340436.4,dev
083845.92+522908.5,129.6913580000,52.4856960000,0.7204560000,,,,,normal_agn,,literature,True,silver,,,,0,083845.92+522908.5,test
075344.60+341026.0,118.4358590000,34.1739040000,0.9834350000,,,,,normal_agn,,literature,True,silver,,,,0,075344.60+341026.0,test
082438.37+391806.8,126.1598920000,39.3018890000,0.7319970000,,,,,normal_agn,,literature,True,silver,,,,0,082438.37+391806.8,dev
075829.26+214102.9,119.6219350000,21.6841550000,0.6143970000,,,,,normal_agn,,literature,True,silver,,,,0,075829.26+214102.9,dev
080025.61+085017.7,120.1067380000,8.8382670000,0.8490000000,,,,,normal_agn,,literature,True,silver,,,,0,080025.61+085017.7,dev
082059.59+252257.8,125.2483260000,25.3827280000,0.6647580000,,,,,normal_agn,,literature,True,silver,,,,0,082059.59+252257.8,dev
082331.89+243220.6,125.8828850000,24.5390810000,0.8210000000,,,,,normal_agn,,literature,True,silver,,,,0,082331.89+243220.6,dev
082555.39+345154.0,126.4808190000,34.8650260000,0.9852650000,,,,,normal_agn,,literature,True,silver,,,,0,082555.39+345154.0,test
082441.90+393211.5,126.1745960000,39.5365300000,0.8790000000,,,,,normal_agn,,literature,True,silver,,,,0,082441.90+393211.5,dev
084049.48+234922.9,130.2061740000,23.8230390000,0.7795820000,,,,,normal_agn,,literature,True,silver,,,,0,084049.48+234922.9,test
075819.72+091151.2,119.5821840000,9.1975610000,0.7310000000,,,,,normal_agn,,literature,True,silver,,,,0,075819.72+091151.2,test
080333.54+164512.3,120.8897660000,16.7534280000,0.6650000000,,,,,normal_agn,,literature,True,silver,,,,0,080333.54+164512.3,dev
084351.28+045904.6,130.9636890000,4.9846290000,0.9205970000,,,,,normal_agn,,literature,True,silver,,,,0,084351.28+045904.6,test
082009.29+195823.0,125.0387100000,19.9730730000,0.9910000000,,,,,normal_agn,,literature,True,silver,,,,0,082009.29+195823.0,test
080423.02+451947.5,121.0959530000,45.3298860000,0.7340000000,,,,,normal_agn,,literature,True,silver,,,,0,080423.02+451947.5,dev
075143.55+191312.9,117.9314630000,19.2202590000,0.7350000000,,,,,normal_agn,,literature,True,silver,,,,0,075143.55+191312.9,dev
075927.50+240447.6,119.8646160000,24.0798980000,0.8172940000,,,,,normal_agn,,literature,True,silver,,,,0,075927.50+240447.6,dev
081826.11+362322.0,124.6087940000,36.3894580000,0.6930000000,,,,,normal_agn,,literature,True,silver,,,,0,081826.11+362322.0,dev
081129.61+230947.4,122.8734080000,23.1631760000,0.7800000000,,,,,normal_agn,,literature,True,silver,,,,0,081129.61+230947.4,test
081141.00+540857.0,122.9208700000,54.1491880000,0.7150000000,,,,,normal_agn,,literature,True,silver,,,,0,081141.00+540857.0,test
081604.43+394501.7,124.0184930000,39.7504960000,0.9610000000,,,,,normal_agn,,literature,True,silver,,,,0,081604.43+394501.7,dev
084031.90+370211.3,130.1329490000,37.0364840000,0.7340000000,,,,,normal_agn,,literature,True,silver,,,,0,084031.90+370211.3,test
082209.77+530233.8,125.5407230000,53.0427480000,0.9990000000,,,,,normal_agn,,literature,True,silver,,,,0,082209.77+530233.8,dev
082826.20+394436.8,127.1091690000,39.7435810000,0.8860000000,,,,,normal_agn,,literature,True,silver,,,,0,082826.20+394436.8,dev
075743.39+074810.0,119.4308190000,7.8027890000,0.8310000000,,,,,normal_agn,,literature,True,silver,,,,0,075743.39+074810.0,dev
080738.31+393723.5,121.9096540000,39.6232210000,0.9009930000,,,,,normal_agn,,literature,True,silver,,,,0,080738.31+393723.5,dev
075235.36+454034.8,118.1473560000,45.6763480000,0.8370000000,,,,,normal_agn,,literature,True,silver,,,,0,075235.36+454034.8,dev
080741.83+315120.9,121.9243330000,31.8558210000,0.7852340000,,,,,normal_agn,,literature,True,silver,,,,0,080741.83+315120.9,dev
082840.64+211812.6,127.1693600000,21.3035160000,0.9160000000,,,,,normal_agn,,literature,True,silver,,,,0,082840.64+211812.6,dev
084119.93+491524.0,130.3330460000,49.2566870000,0.8510000000,,,,,normal_agn,,literature,True,silver,,,,0,084119.93+491524.0,test
081030.32+281325.9,122.6263460000,28.2238780000,0.8884790000,,,,,normal_agn,,literature,True,silver,,,,0,081030.32+281325.9,dev
083956.62+464427.7,129.9859370000,46.7410310000,0.8244900000,,,,,normal_agn,,literature,True,silver,,,,0,083956.62+464427.7,dev
080217.23+491221.0,120.5718020000,49.2058470000,0.8772700000,,,,,normal_agn,,literature,True,silver,,,,0,080217.23+491221.0,dev
083837.14+203421.2,129.6547590000,20.5725750000,0.6360000000,,,,,normal_agn,,literature,True,silver,,,,0,083837.14+203421.2,dev
081605.43+213214.7,124.0226530000,21.5374420000,0.6532840000,,,,,normal_agn,,literature,True,silver,,,,0,081605.43+213214.7,dev
084518.19+303100.3,131.3257920000,30.5167770000,0.6950240000,,,,,normal_agn,,literature,True,silver,,,,0,084518.19+303100.3,dev
084313.67+425527.3,130.8069810000,42.9242770000,0.7190000000,,,,,normal_agn,,literature,True,silver,,,,0,084313.67+425527.3,test
080248.18+551328.8,120.7007880000,55.2246850000,0.6630000000,,,,,normal_agn,,literature,True,silver,,,,0,080248.18+551328.8,dev
082102.67+412355.0,125.2611400000,41.3986150000,0.8082420000,,,,,normal_agn,,literature,True,silver,,,,0,082102.67+412355.0,dev
080023.09+152222.8,120.0962350000,15.3730160000,0.9580000000,,,,,normal_agn,,literature,True,silver,,,,0,080023.09+152222.8,dev
083024.28+482351.3,127.6011720000,48.3976090000,0.9388920000,,,,,normal_agn,,literature,True,silver,,,,0,083024.28+482351.3,dev
081024.84+231356.9,122.6035110000,23.2324850000,0.8110000000,,,,,normal_agn,,literature,True,silver,,,,0,081024.84+231356.9,dev
080328.38+294232.1,120.8682590000,29.7089400000,0.8590000000,,,,,normal_agn,,literature,True,silver,,,,0,080328.38+294232.1,dev
082516.76+555950.6,126.3198480000,55.9974160000,0.8260000000,,,,,normal_agn,,literature,True,silver,,,,0,082516.76+555950.6,dev
084141.04+472436.6,130.4210330000,47.4101830000,0.9750000000,,,,,normal_agn,,literature,True,silver,,,,0,084141.04+472436.6,dev
082010.36+021517.4,125.0431890000,2.2548560000,0.7620000000,,,,,normal_agn,,literature,True,silver,,,,0,082010.36+021517.4,dev
083355.08+330403.8,128.4795410000,33.0677240000,0.9419980000,,,,,normal_agn,,literature,True,silver,,,,0,083355.08+330403.8,dev
082956.40+193730.0,127.4850400000,19.6250200000,0.9716790000,,,,,normal_agn,,literature,True,silver,,,,0,082956.40+193730.0,test
080313.70+432736.6,120.8071200000,43.4601670000,0.6522510000,,,,,normal_agn,,literature,True,silver,,,,0,080313.70+432736.6,test
083201.59+260349.9,128.0066450000,26.0638870000,0.7820000000,,,,,normal_agn,,literature,True,silver,,,,0,083201.59+260349.9,dev
081930.60+481952.1,124.8775180000,48.3311620000,0.6092340000,,,,,normal_agn,,literature,True,silver,,,,0,081930.60+481952.1,dev
081820.24+372130.9,124.5843460000,37.3586100000,0.7692770000,,,,,normal_agn,,literature,True,silver,,,,0,081820.24+372130.9,dev
074854.37+193908.4,117.2265690000,19.6523550000,0.8830000000,,,,,normal_agn,,literature,True,silver,,,,0,074854.37+193908.4,dev
084347.16+325734.4,130.9465110000,32.9595710000,0.7652000000,,,,,normal_agn,,literature,True,silver,,,,0,084347.16+325734.4,dev
081410.57+283107.9,123.5440440000,28.5188830000,0.8920000000,,,,,normal_agn,,literature,True,silver,,,,0,081410.57+283107.9,dev
082837.75+232405.8,127.1573100000,23.4016240000,0.9891960000,,,,,normal_agn,,literature,True,silver,,,,0,082837.75+232405.8,dev
081948.26+571427.3,124.9510890000,57.2409290000,0.7060000000,,,,,normal_agn,,literature,True,silver,,,,0,081948.26+571427.3,dev
083946.40+551226.4,129.9433710000,55.2073440000,0.8903740000,,,,,normal_agn,,literature,True,silver,,,,0,083946.40+551226.4,dev
082114.35+114715.3,125.3098120000,11.7876090000,0.9370000000,,,,,normal_agn,,literature,True,silver,,,,0,082114.35+114715.3,dev
083319.05+164559.1,128.3293880000,16.7664300000,0.8760000000,,,,,normal_agn,,literature,True,silver,,,,0,083319.05+164559.1,dev
083655.73+342335.4,129.2322180000,34.3931760000,0.7899160000,,,,,normal_agn,,literature,True,silver,,,,0,083655.73+342335.4,dev
083900.57+315846.8,129.7523810000,31.9796800000,0.7547370000,,,,,normal_agn,,literature,True,silver,,,,0,083900.57+315846.8,dev
082136.31+062800.6,125.4013000000,6.4668440000,0.6220000000,,,,,normal_agn,,literature,True,silver,,,,0,082136.31+062800.6,dev
083410.05+220641.3,128.5418950000,22.1114820000,0.7041570000,,,,,normal_agn,,literature,True,silver,,,,0,083410.05+220641.3,dev
080419.10+405347.4,121.0795940000,40.8965270000,0.8320000000,,,,,normal_agn,,literature,True,silver,,,,0,080419.10+405347.4,dev
075757.36+434840.9,119.4890360000,43.8113860000,0.8750000000,,,,,normal_agn,,literature,True,silver,,,,0,075757.36+434840.9,test
083049.50+374128.0,127.7062840000,37.6911250000,0.7490000000,,,,,normal_agn,,literature,True,silver,,,,0,083049.50+374128.0,dev
084343.04+522850.0,130.9293500000,52.4805720000,0.9148480000,,,,,normal_agn,,literature,True,silver,,,,0,084343.04+522850.0,dev
080655.11+130901.9,121.7296540000,13.1505470000,0.8179340000,,,,,normal_agn,,literature,True,silver,,,,0,080655.11+130901.9,dev
080320.46+353703.6,120.8352850000,35.6176780000,0.7530000000,,,,,normal_agn,,literature,True,silver,,,,0,080320.46+353703.6,dev
082928.29+552552.8,127.3678770000,55.4313530000,0.9684380000,,,,,normal_agn,,literature,True,silver,,,,0,082928.29+552552.8,dev
080202.00+470012.6,120.5083690000,47.0035240000,0.6291450000,,,,,normal_agn,,literature,True,silver,,,,0,080202.00+470012.6,test
084403.14+303035.0,131.0131130000,30.5097450000,0.9596070000,,,,,normal_agn,,literature,True,silver,,,,0,084403.14+303035.0,test
084005.40+431506.5,130.0225320000,43.2518070000,0.8640000000,,,,,normal_agn,,literature,True,silver,,,,0,084005.40+431506.5,test
075211.27+435338.6,118.0469620000,43.8940670000,0.8860260000,,,,,normal_agn,,literature,True,silver,,,,0,075211.27+435338.6,dev
084139.62+023021.6,130.4151020000,2.5060160000,0.6130000000,,,,,normal_agn,,literature,True,silver,,,,0,084139.62+023021.6,dev
081503.43+273802.6,123.7643030000,27.6340590000,0.9243710000,,,,,normal_agn,,literature,True,silver,,,,0,081503.43+273802.6,dev
081400.47+465255.1,123.5019650000,46.8819830000,0.9070000000,,,,,normal_agn,,literature,True,silver,,,,0,081400.47+465255.1,dev
082813.09+433155.7,127.0545440000,43.5321500000,0.7680000000,,,,,normal_agn,,literature,True,silver,,,,0,082813.09+433155.7,dev
081331.88+383943.8,123.3828620000,38.6621700000,0.8760000000,,,,,normal_agn,,literature,True,silver,,,,0,081331.88+383943.8,dev
083722.40+042659.6,129.3433410000,4.4498960000,0.6991610000,,,,,normal_agn,,literature,True,silver,,,,0,083722.40+042659.6,dev
082015.11+415852.3,125.0629640000,41.9812070000,0.8351700000,,,,,normal_agn,,literature,True,silver,,,,0,082015.11+415852.3,dev
083447.46+600307.5,128.6977620000,60.0520960000,0.9820000000,,,,,normal_agn,,literature,True,silver,,,,0,083447.46+600307.5,test
084156.77+213654.3,130.4865780000,21.6150970000,0.8970000000,,,,,normal_agn,,literature,True,silver,,,,0,084156.77+213654.3,dev
081702.19+491920.5,124.2591540000,49.3223770000,0.8540000000,,,,,normal_agn,,literature,True,silver,,,,0,081702.19+491920.5,dev
082926.01+180020.7,127.3583920000,18.0057720000,0.8108650000,,,,,normal_agn,,literature,True,silver,,,,0,082926.01+180020.7,dev
081300.26+314627.2,123.2510900000,31.7742460000,0.7610000000,,,,,normal_agn,,literature,True,silver,,,,0,081300.26+314627.2,dev
081318.21+230350.4,123.3258850000,23.0640270000,0.9724410000,,,,,normal_agn,,literature,True,silver,,,,0,081318.21+230350.4,test
080731.87+052651.0,121.8828140000,5.4475150000,0.7174090000,,,,,normal_agn,,literature,True,silver,,,,0,080731.87+052651.0,dev
075034.40+654125.6,117.6433650000,65.6904620000,0.7490000000,,,,,normal_agn,,literature,True,silver,,,,0,075034.40+654125.6,dev
082304.06+493843.0,125.7669510000,49.6452920000,0.7661450000,,,,,normal_agn,,literature,True,silver,,,,0,082304.06+493843.0,dev
082203.08+425649.3,125.5128660000,42.9470400000,0.9600000000,,,,,normal_agn,,literature,True,silver,,,,0,082203.08+425649.3,dev
084337.68+154711.9,130.9070080000,15.7866420000,0.9037830000,,,,,normal_agn,,literature,True,silver,,,,0,084337.68+154711.9,dev
084507.13+235620.8,131.2797250000,23.9391210000,0.8420000000,,,,,normal_agn,,literature,True,silver,,,,0,084507.13+235620.8,dev
083843.11+203427.1,129.6796380000,20.5742220000,0.9189240000,,,,,normal_agn,,literature,True,silver,,,,0,083843.11+203427.1,dev
075819.90+215401.6,119.5829210000,21.9004550000,0.8051240000,,,,,normal_agn,,literature,True,silver,,,,0,075819.90+215401.6,test
083246.03+441448.4,128.1918070000,44.2467810000,0.7153810000,,,,,normal_agn,,literature,True,silver,,,,0,083246.03+441448.4,test
082351.62+205723.5,125.9650910000,20.9565400000,0.9204890000,,,,,normal_agn,,literature,True,silver,,,,0,082351.62+205723.5,dev
075433.08+172051.5,118.6378350000,17.3476590000,0.7800000000,,,,,normal_agn,,literature,True,silver,,,,0,075433.08+172051.5,dev
084114.01+390059.4,130.3084150000,39.0165140000,0.7865210000,,,,,normal_agn,,literature,True,silver,,,,0,084114.01+390059.4,test
082952.89+354040.9,127.4704130000,35.6780400000,0.7480000000,,,,,normal_agn,,literature,True,silver,,,,0,082952.89+354040.9,dev
082744.48+542027.3,126.9353430000,54.3409260000,0.8900000000,,,,,normal_agn,,literature,True,silver,,,,0,082744.48+542027.3,test
082640.63+290057.1,126.6693000000,29.0158680000,0.8686150000,,,,,normal_agn,,literature,True,silver,,,,0,082640.63+290057.1,dev
075154.97+202246.6,117.9790470000,20.3796240000,0.9667540000,,,,,normal_agn,,literature,True,silver,,,,0,075154.97+202246.6,dev
080639.23+242821.8,121.6634650000,24.4727480000,0.8640280000,,,,,normal_agn,,literature,True,silver,,,,0,080639.23+242821.8,dev
080837.70+282851.4,122.1570940000,28.4809460000,0.9450210000,,,,,normal_agn,,literature,True,silver,,,,0,080837.70+282851.4,dev
083021.09+224044.6,127.5878760000,22.6790720000,0.7720060000,,,,,normal_agn,,literature,True,silver,,,,0,083021.09+224044.6,dev
080922.44+055528.0,122.3435280000,5.9244630000,0.7494660000,,,,,normal_agn,,literature,True,silver,,,,0,080922.44+055528.0,dev
084102.02+320101.4,130.2584440000,32.0170730000,0.7958000000,,,,,normal_agn,,literature,True,silver,,,,0,084102.02+320101.4,test
080857.60+260205.6,122.2400280000,26.0348950000,0.6850000000,,,,,normal_agn,,literature,True,silver,,,,0,080857.60+260205.6,dev
083817.63+045651.5,129.5734850000,4.9476630000,0.9260000000,,,,,normal_agn,,literature,True,silver,,,,0,083817.63+045651.5,test
080833.38+040307.8,122.1390860000,4.0521730000,0.8650000000,,,,,normal_agn,,literature,True,silver,,,,0,080833.38+040307.8,dev
083532.03+092450.2,128.8835000000,9.4139600000,0.7650000000,,,,,normal_agn,,literature,True,silver,,,,0,083532.03+092450.2,dev
074936.75+445438.8,117.4031420000,44.9108040000,0.8491890000,,,,,normal_agn,,literature,True,silver,,,,0,074936.75+445438.8,test
082354.39+285848.5,125.9766330000,28.9801410000,0.8640000000,,,,,normal_agn,,literature,True,silver,,,,0,082354.39+285848.5,dev
081837.39+352904.1,124.6558250000,35.4844890000,0.9714780000,,,,,normal_agn,,literature,True,silver,,,,0,081837.39+352904.1,dev
080450.65+400645.8,121.2110710000,40.1127460000,0.7641020000,,,,,normal_agn,,literature,True,silver,,,,0,080450.65+400645.8,test
080948.11+243754.9,122.4504850000,24.6319360000,0.9627950000,,,,,normal_agn,,literature,True,silver,,,,0,080948.11+243754.9,dev
075257.13+375020.6,118.2380480000,37.8390570000,0.9323310000,,,,,normal_agn,,literature,True,silver,,,,0,075257.13+375020.6,dev
081835.72+381944.6,124.6488360000,38.3290560000,0.6400000000,,,,,normal_agn,,literature,True,silver,,,,0,081835.72+381944.6,dev
081122.02+335308.8,122.8417570000,33.8857780000,0.8021430000,,,,,normal_agn,,literature,True,silver,,,,0,081122.02+335308.8,dev
083338.53+331853.0,128.4105700000,33.3147380000,0.9540000000,,,,,normal_agn,,literature,True,silver,,,,0,083338.53+331853.0,dev
082725.90+212044.5,126.8579210000,21.3457180000,0.7810000000,,,,,normal_agn,,literature,True,silver,,,,0,082725.90+212044.5,dev
083904.00+463113.6,129.7666720000,46.5204640000,0.7350000000,,,,,normal_agn,,literature,True,silver,,,,0,083904.00+463113.6,dev
080607.79+562635.5,121.5324650000,56.4431950000,0.9486610000,,,,,normal_agn,,literature,True,silver,,,,0,080607.79+562635.5,test
081208.61+230531.2,123.0359000000,23.0920100000,0.9765970000,,,,,normal_agn,,literature,True,silver,,,,0,081208.61+230531.2,dev
082055.64+113930.9,125.2318720000,11.6585880000,0.7630000000,,,,,normal_agn,,literature,True,silver,,,,0,082055.64+113930.9,dev
082608.87+314353.4,126.5369660000,31.7315190000,0.8610000000,,,,,normal_agn,,literature,True,silver,,,,0,082608.87+314353.4,dev
080604.87+280049.3,121.5203010000,28.0136960000,0.9188930000,,,,,normal_agn,,literature,True,silver,,,,0,080604.87+280049.3,dev
083010.70+400619.6,127.5445880000,40.1054560000,0.8950000000,,,,,normal_agn,,literature,True,silver,,,,0,083010.70+400619.6,dev
081341.54+522901.1,123.4231140000,52.4836660000,0.7920000000,,,,,normal_agn,,literature,True,silver,,,,0,081341.54+522901.1,test
075304.64+245844.8,118.2693640000,24.9791350000,0.8740000000,,,,,normal_agn,,literature,True,silver,,,,0,075304.64+245844.8,dev
081141.26+471051.5,122.9219500000,47.1809850000,0.9700000000,,,,,normal_agn,,literature,True,silver,,,,0,081141.26+471051.5,dev
083559.72+295028.9,128.9988420000,29.8413800000,0.6878660000,,,,,normal_agn,,literature,True,silver,,,,0,083559.72+295028.9,test
081055.07+352119.0,122.7294690000,35.3552980000,0.7433610000,,,,,normal_agn,,literature,True,silver,,,,0,081055.07+352119.0,dev
083520.36+281655.5,128.8348670000,28.2820850000,0.6742250000,,,,,normal_agn,,literature,True,silver,,,,0,083520.36+281655.5,test
083949.88+555108.0,129.9578450000,55.8522290000,0.9010000000,,,,,normal_agn,,literature,True,silver,,,,0,083949.88+555108.0,dev
080912.47+074731.4,122.3019770000,7.7920800000,0.8554000000,,,,,normal_agn,,literature,True,silver,,,,0,080912.47+074731.4,test
083025.74+425831.0,127.6072840000,42.9752990000,0.9932850000,,,,,normal_agn,,literature,True,silver,,,,0,083025.74+425831.0,dev
081325.48+431832.6,123.3561810000,43.3090600000,0.9738300000,,,,,normal_agn,,literature,True,silver,,,,0,081325.48+431832.6,dev
075053.77+100510.6,117.7240480000,10.0863010000,0.6320000000,,,,,normal_agn,,literature,True,silver,,,,0,075053.77+100510.6,dev
083600.92+443615.8,129.0038450000,44.6044140000,0.9080000000,,,,,normal_agn,,literature,True,silver,,,,0,083600.92+443615.8,test
080233.25+240209.3,120.6385550000,24.0359330000,0.9311320000,,,,,normal_agn,,literature,True,silver,,,,0,080233.25+240209.3,dev
075854.31+131527.1,119.7263150000,13.2575350000,0.7080000000,,,,,normal_agn,,literature,True,silver,,,,0,075854.31+131527.1,dev
083748.07+421238.0,129.4503240000,42.2105740000,0.7640200000,,,,,normal_agn,,literature,True,silver,,,,0,083748.07+421238.0,dev
080801.48+273526.2,122.0062000000,27.5906380000,0.8040670000,,,,,normal_agn,,literature,True,silver,,,,0,080801.48+273526.2,dev
083241.56+453903.0,128.1731950000,45.6508410000,0.8370000000,,,,,normal_agn,,literature,True,silver,,,,0,083241.56+453903.0,dev
075058.49+391958.2,117.7437410000,39.3328580000,0.6099350000,,,,,normal_agn,,literature,True,silver,,,,0,075058.49+391958.2,dev
082036.77+543226.1,125.1532140000,54.5405860000,0.9230000000,,,,,normal_agn,,literature,True,silver,,,,0,082036.77+543226.1,dev
083240.32+282202.4,128.1680200000,28.3673460000,0.9854790000,,,,,normal_agn,,literature,True,silver,,,,0,083240.32+282202.4,dev
081932.81+515312.5,124.8867270000,51.8868320000,0.9090000000,,,,,normal_agn,,literature,True,silver,,,,0,081932.81+515312.5,dev
082733.92+445041.1,126.8913740000,44.8447620000,0.6640000000,,,,,normal_agn,,literature,True,silver,,,,0,082733.92+445041.1,dev
084011.01+275905.2,130.0458850000,27.9847880000,0.9232370000,,,,,normal_agn,,literature,True,silver,,,,0,084011.01+275905.2,test
080035.90+310323.1,120.1496130000,31.0564280000,0.6997670000,,,,,normal_agn,,literature,True,silver,,,,0,080035.90+310323.1,dev
075140.48+350742.5,117.9186730000,35.1284730000,0.9714210000,,,,,normal_agn,,literature,True,silver,,,,0,075140.48+350742.5,dev
081920.29+544655.5,124.8345560000,54.7821100000,0.9430000000,,,,,normal_agn,,literature,True,silver,,,,0,081920.29+544655.5,test
081354.49+262534.9,123.4770720000,26.4263820000,0.6080000000,,,,,normal_agn,,literature,True,silver,,,,0,081354.49+262534.9,dev
075247.07+465433.9,118.1961410000,46.9094260000,0.6490000000,,,,,normal_agn,,literature,True,silver,,,,0,075247.07+465433.9,test
081703.07+375853.9,124.2628110000,37.9816570000,0.7520000000,,,,,normal_agn,,literature,True,silver,,,,0,081703.07+375853.9,dev
082323.29+512130.7,125.8470790000,51.3585460000,0.6510000000,,,,,normal_agn,,literature,True,silver,,,,0,082323.29+512130.7,dev
083625.40+305724.7,129.1058400000,30.9568640000,0.6437920000,,,,,normal_agn,,literature,True,silver,,,,0,083625.40+305724.7,dev
074958.56+483524.3,117.4940030000,48.5900870000,0.7530000000,,,,,normal_agn,,literature,True,silver,,,,0,074958.56+483524.3,dev
081729.37+412523.0,124.3723960000,41.4230760000,0.7997110000,,,,,normal_agn,,literature,True,silver,,,,0,081729.37+412523.0,dev
083115.89+423316.5,127.8162240000,42.5546090000,0.9320510000,,,,,normal_agn,,literature,True,silver,,,,0,083115.89+423316.5,dev
082951.35+283700.2,127.4639610000,28.6167390000,0.8534450000,,,,,normal_agn,,literature,True,silver,,,,0,082951.35+283700.2,dev
080117.11+463653.2,120.3213170000,46.6147890000,0.8260000000,,,,,normal_agn,,literature,True,silver,,,,0,080117.11+463653.2,dev
082658.82+391517.8,126.7451070000,39.2549460000,0.7430000000,,,,,normal_agn,,literature,True,silver,,,,0,082658.82+391517.8,test
075019.77+383138.7,117.5823950000,38.5274410000,0.6346550000,,,,,normal_agn,,literature,True,silver,,,,0,075019.77+383138.7,test
081815.68+215441.5,124.5653700000,21.9115460000,0.6446520000,,,,,normal_agn,,literature,True,silver,,,,0,081815.68+215441.5,dev
080233.62+492753.6,120.6400870000,49.4649030000,0.6058600000,,,,,normal_agn,,literature,True,silver,,,,0,080233.62+492753.6,dev
083843.43+015750.2,129.6809740000,1.9639510000,0.8976260000,,,,,normal_agn,,literature,True,silver,,,,0,083843.43+015750.2,test
082058.12+573121.4,125.2421670000,57.5226160000,0.8870000000,,,,,normal_agn,,literature,True,silver,,,,0,082058.12+573121.4,dev
084335.17+562557.4,130.8965790000,56.4326270000,0.9910000000,,,,,normal_agn,,literature,True,silver,,,,0,084335.17+562557.4,dev
083250.25+470957.5,128.2094010000,47.1659830000,0.9034160000,,,,,normal_agn,,literature,True,silver,,,,0,083250.25+470957.5,dev
081527.13+150237.5,123.8630660000,15.0437630000,0.7075220000,,,,,normal_agn,,literature,True,silver,,,,0,081527.13+150237.5,dev
075516.28+334257.8,118.8178620000,33.7160570000,0.8890000000,,,,,normal_agn,,literature,True,silver,,,,0,075516.28+334257.8,dev
080843.10+414705.1,122.1796010000,41.7847560000,0.7410000000,,,,,normal_agn,,literature,True,silver,,,,0,080843.10+414705.1,dev
082714.28+313956.8,126.8095140000,31.6658050000,0.6445210000,,,,,normal_agn,,literature,True,silver,,,,0,082714.28+313956.8,test
075105.17+351248.5,117.7715600000,35.2134750000,0.9327550000,,,,,normal_agn,,literature,True,silver,,,,0,075105.17+351248.5,dev
083058.06+380207.1,127.7419500000,38.0353150000,0.8627300000,,,,,normal_agn,,literature,True,silver,,,,0,083058.06+380207.1,dev
081315.34+335302.5,123.3139490000,33.8840400000,0.8650000000,,,,,normal_agn,,literature,True,silver,,,,0,081315.34+335302.5,dev
075143.71+252935.1,117.9321570000,25.4930910000,0.7220000000,,,,,normal_agn,,literature,True,silver,,,,0,075143.71+252935.1,dev
084257.26+464756.0,130.7386170000,46.7989020000,0.9530000000,,,,,normal_agn,,literature,True,silver,,,,0,084257.26+464756.0,dev
075041.90+323307.3,117.6745940000,32.5520460000,0.8094000000,,,,,normal_agn,,literature,True,silver,,,,0,075041.90+323307.3,dev
082152.38+361740.8,125.4682650000,36.2946910000,0.9030000000,,,,,normal_agn,,literature,True,silver,,,,0,082152.38+361740.8,dev
081754.87+545127.9,124.4786500000,54.8577680000,0.9290000000,,,,,normal_agn,,literature,True,silver,,,,0,081754.87+545127.9,dev
083828.17+223633.0,129.6173870000,22.6091780000,0.8446870000,,,,,normal_agn,,literature,True,silver,,,,0,083828.17+223633.0,dev
081129.90+545849.4,122.8746220000,54.9803960000,0.9050000000,,,,,normal_agn,,literature,True,silver,,,,0,081129.90+545849.4,dev
080934.00+261752.4,122.3916990000,26.2979010000,0.9019450000,,,,,normal_agn,,literature,True,silver,,,,0,080934.00+261752.4,dev
075249.71+233544.6,118.2071600000,23.5957490000,0.8703040000,,,,,normal_agn,,literature,True,silver,,,,0,075249.71+233544.6,dev
075140.33+444305.3,117.9180740000,44.7181660000,0.8490000000,,,,,normal_agn,,literature,True,silver,,,,0,075140.33+444305.3,dev
081139.55+310123.1,122.9148080000,31.0230940000,0.9930000000,,,,,normal_agn,,literature,True,silver,,,,0,081139.55+310123.1,dev
084027.34+254327.9,130.1139510000,25.7244310000,0.8445820000,,,,,normal_agn,,literature,True,silver,,,,0,084027.34+254327.9,dev
075332.67+385003.1,118.3861640000,38.8342000000,0.7611630000,,,,,normal_agn,,literature,True,silver,,,,0,075332.67+385003.1,dev
083118.54+343307.3,127.8272820000,34.5520530000,0.9349090000,,,,,normal_agn,,literature,True,silver,,,,0,083118.54+343307.3,dev
075303.57+444258.1,118.2648940000,44.7161540000,0.7963500000,,,,,normal_agn,,literature,True,silver,,,,0,075303.57+444258.1,test
075417.11+442955.9,118.5712940000,44.4988650000,0.9233910000,,,,,normal_agn,,literature,True,silver,,,,0,075417.11+442955.9,dev
080942.52+204900.8,122.4271810000,20.8169040000,0.9940060000,,,,,normal_agn,,literature,True,silver,,,,0,080942.52+204900.8,dev
084336.74+333121.5,130.9031240000,33.5226420000,0.9135000000,,,,,normal_agn,,literature,True,silver,,,,0,084336.74+333121.5,test
082438.47+063742.3,126.1603180000,6.6284410000,0.8280000000,,,,,normal_agn,,literature,True,silver,,,,0,082438.47+063742.3,dev
080742.04+081554.3,121.9251950000,8.2650900000,0.7155000000,,,,,normal_agn,,literature,True,silver,,,,0,080742.04+081554.3,dev
075126.74+410844.3,117.8614340000,41.1456540000,0.9330000000,,,,,normal_agn,,literature,True,silver,,,,0,075126.74+410844.3,dev
075356.34+290829.1,118.4847670000,29.1414420000,0.9793870000,,,,,normal_agn,,literature,True,silver,,,,0,075356.34+290829.1,dev
082703.40+503149.7,126.7641770000,50.5304800000,0.7466480000,,,,,normal_agn,,literature,True,silver,,,,0,082703.40+503149.7,dev
081752.02+300539.5,124.4667750000,30.0943170000,0.7610000000,,,,,normal_agn,,literature,True,silver,,,,0,081752.02+300539.5,test
084115.17+185408.3,130.3132430000,18.9023100000,0.7994020000,,,,,normal_agn,,literature,True,silver,,,,0,084115.17+185408.3,dev
082839.64+365308.6,127.1651770000,36.8857350000,0.9286960000,,,,,normal_agn,,literature,True,silver,,,,0,082839.64+365308.6,test
081058.99+194601.2,122.7458070000,19.7670210000,0.6580000000,,,,,normal_agn,,literature,True,silver,,,,0,081058.99+194601.2,dev
081743.21+423510.3,124.4300790000,42.5861990000,0.6430000000,,,,,normal_agn,,literature,True,silver,,,,0,081743.21+423510.3,dev
082917.83+415020.5,127.3242930000,41.8390290000,0.9731480000,,,,,normal_agn,,literature,True,silver,,,,0,082917.83+415020.5,test
081010.98+201421.1,122.5457800000,20.2391940000,0.7299770000,,,,,normal_agn,,literature,True,silver,,,,0,081010.98+201421.1,dev
075432.27+223417.1,118.6344760000,22.5714350000,0.8570000000,,,,,normal_agn,,literature,True,silver,,,,0,075432.27+223417.1,dev
081655.16+370958.1,124.2298490000,37.1661620000,0.7150000000,,,,,normal_agn,,literature,True,silver,,,,0,081655.16+370958.1,dev
081223.44+342903.0,123.0976830000,34.4841880000,0.8351930000,,,,,normal_agn,,literature,True,silver,,,,0,081223.44+342903.0,dev
082218.73+272016.0,125.5780680000,27.3378010000,0.7038390000,,,,,normal_agn,,literature,True,silver,,,,0,082218.73+272016.0,dev
084454.24+064708.7,131.2260150000,6.7857700000,0.9980430000,,,,,normal_agn,,literature,True,silver,,,,0,084454.24+064708.7,dev
084515.62+513653.7,131.3151160000,51.6149390000,0.6950000000,,,,,normal_agn,,literature,True,silver,,,,0,084515.62+513653.7,dev
083939.23+413518.0,129.9134880000,41.5883390000,0.6528350000,,,,,normal_agn,,literature,True,silver,,,,0,083939.23+413518.0,test
082258.89+360222.1,125.7453940000,36.0394840000,0.9350160000,,,,,normal_agn,,literature,True,silver,,,,0,082258.89+360222.1,dev
075837.93+241159.5,119.6580810000,24.1998660000,0.8089090000,,,,,normal_agn,,literature,True,silver,,,,0,075837.93+241159.5,dev
080100.70+411111.8,120.2529290000,41.1866240000,0.8287580000,,,,,normal_agn,,literature,True,silver,,,,0,080100.70+411111.8,test
080535.93+213930.6,121.3997150000,21.6585170000,0.6578700000,,,,,normal_agn,,literature,True,silver,,,,0,080535.93+213930.6,dev
080700.62+192510.8,121.7525930000,19.4196800000,0.8420000000,,,,,normal_agn,,literature,True,silver,,,,0,080700.62+192510.8,dev
081148.31+212533.6,122.9513210000,21.4260020000,0.6540500000,,,,,normal_agn,,literature,True,silver,,,,0,081148.31+212533.6,dev
081813.38+343829.1,124.5557600000,34.6414330000,0.8052860000,,,,,normal_agn,,literature,True,silver,,,,0,081813.38+343829.1,dev
080605.44+540833.8,121.5226880000,54.1427350000,0.6150000000,,,,,normal_agn,,literature,True,silver,,,,0,080605.44+540833.8,dev
075146.63+435807.2,117.9443270000,43.9686840000,0.9907340000,,,,,normal_agn,,literature,True,silver,,,,0,075146.63+435807.2,dev
083241.10+183849.2,128.1712760000,18.6470030000,0.8630000000,,,,,normal_agn,,literature,True,silver,,,,0,083241.10+183849.2,dev
083655.32+142642.6,129.2305170000,14.4451680000,0.7240000000,,,,,normal_agn,,literature,True,silver,,,,0,083655.32+142642.6,dev
075331.22+265526.4,118.3801180000,26.9240270000,0.9333220000,,,,,normal_agn,,literature,True,silver,,,,0,075331.22+265526.4,dev
084058.75+225532.2,130.2448070000,22.9256350000,0.7398730000,,,,,normal_agn,,literature,True,silver,,,,0,084058.75+225532.2,dev
084059.58+373201.7,130.2482900000,37.5338210000,0.9420000000,,,,,normal_agn,,literature,True,silver,,,,0,084059.58+373201.7,dev
075244.47+450613.4,118.1853120000,45.1037390000,0.8810000000,,,,,normal_agn,,literature,True,silver,,,,0,075244.47+450613.4,dev
084119.89+521001.7,130.3328910000,52.1671480000,0.6740000000,,,,,normal_agn,,literature,True,silver,,,,0,084119.89+521001.7,test
083134.63+245840.7,127.8942940000,24.9779750000,0.9934970000,,,,,normal_agn,,literature,True,silver,,,,0,083134.63+245840.7,dev
084211.74+103747.3,130.5489310000,10.6298220000,0.7770000000,,,,,normal_agn,,literature,True,silver,,,,0,084211.74+103747.3,dev
082133.86+425021.5,125.3910900000,42.8393220000,0.6500000000,,,,,normal_agn,,literature,True,silver,,,,0,082133.86+425021.5,dev
080633.19+153810.2,121.6383110000,15.6361700000,0.9990200000,,,,,normal_agn,,literature,True,silver,,,,0,080633.19+153810.2,test
083454.20+521823.7,128.7258700000,52.3066110000,0.8975550000,,,,,normal_agn,,literature,True,silver,,,,0,083454.20+521823.7,dev
084225.96+450126.9,130.6081970000,45.0241610000,0.8780000000,,,,,normal_agn,,literature,True,silver,,,,0,084225.96+450126.9,dev
083821.91+522025.8,129.5913110000,52.3405130000,0.9560760000,,,,,normal_agn,,literature,True,silver,,,,0,083821.91+522025.8,dev
075420.76+364002.9,118.5865090000,36.6674950000,0.8931200000,,,,,normal_agn,,literature,True,silver,,,,0,075420.76+364002.9,dev
075855.24+172440.3,119.7301720000,17.4112190000,0.8360000000,,,,,normal_agn,,literature,True,silver,,,,0,075855.24+172440.3,dev
075351.21+513644.0,118.4633890000,51.6122260000,0.7380000000,,,,,normal_agn,,literature,True,silver,,,,0,075351.21+513644.0,dev
080057.10+420518.2,120.2379400000,42.0883940000,0.6739860000,,,,,normal_agn,,literature,True,silver,,,,0,080057.10+420518.2,test
074928.96+301457.5,117.3706810000,30.2493200000,0.9985940000,,,,,normal_agn,,literature,True,silver,,,,0,074928.96+301457.5,test
082412.27+175155.7,126.0511270000,17.8654990000,0.6930000000,,,,,normal_agn,,literature,True,silver,,,,0,082412.27+175155.7,dev
080725.00+452910.8,121.8541890000,45.4863440000,0.6970000000,,,,,normal_agn,,literature,True,silver,,,,0,080725.00+452910.8,dev
082606.56+491545.5,126.5273680000,49.2626450000,0.8400000000,,,,,normal_agn,,literature,True,silver,,,,0,082606.56+491545.5,dev
083930.35+534910.3,129.8764630000,53.8195480000,0.7530000000,,,,,normal_agn,,literature,True,silver,,,,0,083930.35+534910.3,dev
083136.99+304826.8,127.9041350000,30.8074450000,0.9996340000,,,,,normal_agn,,literature,True,silver,,,,0,083136.99+304826.8,dev
081041.87+290509.6,122.6744750000,29.0860150000,0.9444090000,,,,,normal_agn,,literature,True,silver,,,,0,081041.87+290509.6,dev
080535.08+490544.3,121.3961830000,49.0956640000,0.8093020000,,,,,normal_agn,,literature,True,silver,,,,0,080535.08+490544.3,dev
082227.47+481108.6,125.6144930000,48.1857340000,0.8900000000,,,,,normal_agn,,literature,True,silver,,,,0,082227.47+481108.6,dev
084110.32+302650.2,130.2930090000,30.4473020000,0.6737890000,,,,,normal_agn,,literature,True,silver,,,,0,084110.32+302650.2,dev
075116.33+493143.4,117.8180460000,49.5287490000,0.6170000000,,,,,normal_agn,,literature,True,silver,,,,0,075116.33+493143.4,dev
081307.24+264133.5,123.2801700000,26.6926440000,0.6938910000,,,,,normal_agn,,literature,True,silver,,,,0,081307.24+264133.5,dev
081936.03+243052.6,124.9001310000,24.5146260000,0.9645630000,,,,,normal_agn,,literature,True,silver,,,,0,081936.03+243052.6,dev
084500.44+582801.2,131.2518560000,58.4670130000,0.7900000000,,,,,normal_agn,,literature,True,silver,,,,0,084500.44+582801.2,test
081510.38+453254.6,123.7932740000,45.5485020000,0.7760000000,,,,,normal_agn,,literature,True,silver,,,,0,081510.38+453254.6,dev
081922.35+491307.8,124.8431600000,49.2188340000,0.9388910000,,,,,normal_agn,,literature,True,silver,,,,0,081922.35+491307.8,test
080813.88+490649.9,122.0578650000,49.1138710000,0.9613400000,,,,,normal_agn,,literature,True,silver,,,,0,080813.88+490649.9,dev
082924.73+511843.2,127.3530460000,51.3120200000,0.8241050000,,,,,normal_agn,,literature,True,silver,,,,0,082924.73+511843.2,dev
082701.09+300206.0,126.7545720000,30.0350180000,0.6785170000,,,,,normal_agn,,literature,True,silver,,,,0,082701.09+300206.0,dev
081607.21+344442.3,124.0300430000,34.7450850000,0.8170000000,,,,,normal_agn,,literature,True,silver,,,,0,081607.21+344442.3,dev
080530.33+415211.6,121.3763960000,41.8699090000,0.7370000000,,,,,normal_agn,,literature,True,silver,,,,0,080530.33+415211.6,dev
083529.06+335727.2,128.8710940000,33.9575810000,0.9261140000,,,,,normal_agn,,literature,True,silver,,,,0,083529.06+335727.2,dev
081646.01+544129.5,124.1917110000,54.6915300000,0.7610000000,,,,,normal_agn,,literature,True,silver,,,,0,081646.01+544129.5,dev
083840.88+520952.5,129.6703470000,52.1646070000,0.7650000000,,,,,normal_agn,,literature,True,silver,,,,0,083840.88+520952.5,dev
081737.91+303803.3,124.4079820000,30.6342510000,0.7025260000,,,,,normal_agn,,literature,True,silver,,,,0,081737.91+303803.3,test
080126.72+242356.0,120.3613560000,24.3988960000,0.6580600000,,,,,normal_agn,,literature,True,silver,,,,0,080126.72+242356.0,dev
083022.67+511933.8,127.5944670000,51.3260610000,0.6507470000,,,,,normal_agn,,literature,True,silver,,,,0,083022.67+511933.8,dev
082148.20+372240.5,125.4508450000,37.3779240000,0.9989680000,,,,,normal_agn,,literature,True,silver,,,,0,082148.20+372240.5,test
081029.80+275004.8,122.6241970000,27.8346880000,0.7529850000,,,,,normal_agn,,literature,True,silver,,,,0,081029.80+275004.8,test
080422.37+432723.8,121.0932400000,43.4566330000,0.9666910000,,,,,normal_agn,,literature,True,silver,,,,0,080422.37+432723.8,dev
081410.85+500552.9,123.5452270000,50.0980470000,0.9019960000,,,,,normal_agn,,literature,True,silver,,,,0,081410.85+500552.9,dev
083607.85+365708.7,129.0327170000,36.9524440000,0.8760000000,,,,,normal_agn,,literature,True,silver,,,,0,083607.85+365708.7,dev
082715.42+163535.9,126.8142710000,16.5933180000,0.7840000000,,,,,normal_agn,,literature,True,silver,,,,0,082715.42+163535.9,dev
083811.45+383410.8,129.5477260000,38.5696880000,0.6700000000,,,,,normal_agn,,literature,True,silver,,,,0,083811.45+383410.8,dev
082924.34+570030.1,127.3514250000,57.0083770000,0.9108800000,,,,,normal_agn,,literature,True,silver,,,,0,082924.34+570030.1,dev
075721.18+430134.5,119.3382680000,43.0262560000,0.9359400000,,,,,normal_agn,,literature,True,silver,,,,0,075721.18+430134.5,dev
075344.07+383147.3,118.4336300000,38.5298290000,0.9840380000,,,,,normal_agn,,literature,True,silver,,,,0,075344.07+383147.3,dev
083554.97+462910.2,128.9790700000,46.4861780000,0.6890000000,,,,,normal_agn,,literature,True,silver,,,,0,083554.97+462910.2,dev
082821.27+253750.1,127.0886530000,25.6306100000,0.8740370000,,,,,normal_agn,,literature,True,silver,,,,0,082821.27+253750.1,test
081136.46+220609.2,122.9019490000,22.1025800000,0.7350000000,,,,,normal_agn,,literature,True,silver,,,,0,081136.46+220609.2,dev
083832.92+480014.3,129.6372000000,48.0039870000,0.9094410000,,,,,normal_agn,,literature,True,silver,,,,0,083832.92+480014.3,dev
081109.28+502419.3,122.7886790000,50.4053880000,0.8160000000,,,,,normal_agn,,literature,True,silver,,,,0,081109.28+502419.3,dev
075506.73+342306.1,118.7780590000,34.3850430000,0.6894370000,,,,,normal_agn,,literature,True,silver,,,,0,075506.73+342306.1,dev
081805.71+222733.5,124.5237960000,22.4593230000,0.7020000000,,,,,normal_agn,,literature,True,silver,,,,0,081805.71+222733.5,test
082919.56+192003.8,127.3315320000,19.3344030000,0.8040000000,,,,,normal_agn,,literature,True,silver,,,,0,082919.56+192003.8,dev
080632.97+105337.3,121.6374010000,10.8936970000,0.8980000000,,,,,normal_agn,,literature,True,silver,,,,0,080632.97+105337.3,dev
081037.62+522317.4,122.6567900000,52.3881780000,0.8950000000,,,,,normal_agn,,literature,True,silver,,,,0,081037.62+522317.4,dev
075834.69+135505.9,119.6445510000,13.9183140000,0.8696710000,,,,,normal_agn,,literature,True,silver,,,,0,075834.69+135505.9,dev
081239.66+273647.8,123.1652900000,27.6132920000,0.8810000000,,,,,normal_agn,,literature,True,silver,,,,0,081239.66+273647.8,dev
083915.35+025325.1,129.8139590000,2.8903130000,0.8570000000,,,,,normal_agn,,literature,True,silver,,,,0,083915.35+025325.1,dev
075454.80+392725.6,118.7283430000,39.4571300000,0.9072980000,,,,,normal_agn,,literature,True,silver,,,,0,075454.80+392725.6,test
075359.12+474105.8,118.4963740000,47.6849520000,0.7730000000,,,,,normal_agn,,literature,True,silver,,,,0,075359.12+474105.8,test
081612.60+400800.0,124.0525010000,40.1333590000,0.7110000000,,,,,normal_agn,,literature,True,silver,,,,0,081612.60+400800.0,dev
082208.75+251747.2,125.5364760000,25.2964710000,0.7847900000,,,,,normal_agn,,literature,True,silver,,,,0,082208.75+251747.2,dev
082614.34+123608.5,126.5597700000,12.6023620000,0.7140000000,,,,,normal_agn,,literature,True,silver,,,,0,082614.34+123608.5,dev
083250.72+344550.6,128.2113360000,34.7640710000,0.7287840000,,,,,normal_agn,,literature,True,silver,,,,0,083250.72+344550.6,test
083123.91+334929.1,127.8496660000,33.8247710000,0.7594820000,,,,,normal_agn,,literature,True,silver,,,,0,083123.91+334929.1,dev
080720.56+532138.3,121.8357020000,53.3606570000,0.9410000000,,,,,normal_agn,,literature,True,silver,,,,0,080720.56+532138.3,dev
083620.33+462727.7,129.0847160000,46.4577050000,0.6720000000,,,,,normal_agn,,literature,True,silver,,,,0,083620.33+462727.7,dev
082225.53+090024.5,125.6064070000,9.0068290000,0.9072000000,,,,,normal_agn,,literature,True,silver,,,,0,082225.53+090024.5,dev
081313.47+251718.8,123.3061270000,25.2885740000,0.8075870000,,,,,normal_agn,,literature,True,silver,,,,0,081313.47+251718.8,dev
083344.21+283939.9,128.4342240000,28.6611080000,0.9360370000,,,,,normal_agn,,literature,True,silver,,,,0,083344.21+283939.9,dev
083153.26+280420.6,127.9719390000,28.0724060000,0.9248690000,,,,,normal_agn,,literature,True,silver,,,,0,083153.26+280420.6,dev
075111.79+440412.0,117.7991260000,44.0700260000,0.8139370000,,,,,normal_agn,,literature,True,silver,,,,0,075111.79+440412.0,dev
075650.65+341245.2,119.2110570000,34.2125820000,0.6160000000,,,,,normal_agn,,literature,True,silver,,,,0,075650.65+341245.2,dev
081931.08+223958.4,124.8795320000,22.6662500000,0.6537260000,,,,,normal_agn,,literature,True,silver,,,,0,081931.08+223958.4,test
084253.37+435419.4,130.7223970000,43.9054110000,0.6130000000,,,,,normal_agn,,literature,True,silver,,,,0,084253.37+435419.4,dev
080832.16+412042.8,122.1340390000,41.3452400000,0.6780000000,,,,,normal_agn,,literature,True,silver,,,,0,080832.16+412042.8,test
081825.55+464827.4,124.6064600000,46.8076260000,0.7240000000,,,,,normal_agn,,literature,True,silver,,,,0,081825.55+464827.4,dev
080608.12+283133.9,121.5338480000,28.5260960000,0.9707890000,,,,,normal_agn,,literature,True,silver,,,,0,080608.12+283133.9,dev
080439.82+241913.7,121.1659190000,24.3204950000,0.6347960000,,,,,normal_agn,,literature,True,silver,,,,0,080439.82+241913.7,dev
082352.75+431522.7,125.9698320000,43.2563090000,0.6577590000,,,,,normal_agn,,literature,True,silver,,,,0,082352.75+431522.7,dev
080532.24+235947.4,121.3843570000,23.9965130000,0.7780000000,,,,,normal_agn,,literature,True,silver,,,,0,080532.24+235947.4,dev
084443.03+454831.3,131.1793330000,45.8087080000,0.8760350000,,,,,normal_agn,,literature,True,silver,,,,0,084443.03+454831.3,dev
075627.23+320259.9,119.1134780000,32.0499920000,0.9700000000,,,,,normal_agn,,literature,True,silver,,,,0,075627.23+320259.9,dev
082701.51+273125.2,126.7563170000,27.5236710000,0.8237450000,,,,,normal_agn,,literature,True,silver,,,,0,082701.51+273125.2,test
082715.45+372301.5,126.8143980000,37.3837650000,0.7480000000,,,,,normal_agn,,literature,True,silver,,,,0,082715.45+372301.5,dev
082330.86+422521.5,125.8785930000,42.4226590000,0.9752480000,,,,,normal_agn,,literature,True,silver,,,,0,082330.86+422521.5,dev
083204.66+583652.9,128.0194350000,58.6147180000,0.8951730000,,,,,normal_agn,,literature,True,silver,,,,0,083204.66+583652.9,dev
082422.75+360036.6,126.0948110000,36.0101900000,0.7500000000,,,,,normal_agn,,literature,True,silver,,,,0,082422.75+360036.6,dev
083703.84+430704.2,129.2660180000,43.1178570000,0.9365840000,,,,,normal_agn,,literature,True,silver,,,,0,083703.84+430704.2,dev
083252.13+515501.2,128.2172230000,51.9170100000,0.7145560000,,,,,normal_agn,,literature,True,silver,,,,0,083252.13+515501.2,dev
083428.89+150120.4,128.6203950000,15.0223370000,0.8050000000,,,,,normal_agn,,literature,True,silver,,,,0,083428.89+150120.4,dev
081651.13+273505.5,124.2130720000,27.5848740000,0.9786680000,,,,,normal_agn,,literature,True,silver,,,,0,081651.13+273505.5,dev
080507.83+523525.5,121.2826610000,52.5904250000,0.6667580000,,,,,normal_agn,,literature,True,silver,,,,0,080507.83+523525.5,dev
075457.30+260308.8,118.7387890000,26.0524570000,0.6757000000,,,,,normal_agn,,literature,True,silver,,,,0,075457.30+260308.8,dev
075706.82+291302.0,119.2784470000,29.2172390000,0.8787770000,,,,,normal_agn,,literature,True,silver,,,,0,075706.82+291302.0,dev
081239.34+485641.8,123.1639540000,48.9449560000,0.8280000000,,,,,normal_agn,,literature,True,silver,,,,0,081239.34+485641.8,dev
075749.89+341855.0,119.4579010000,34.3152790000,0.7877680000,,,,,normal_agn,,literature,True,silver,,,,0,075749.89+341855.0,dev
082007.98+334735.9,125.0332500000,33.7933330000,0.8758010000,,,,,normal_agn,,literature,True,silver,,,,0,082007.98+334735.9,dev
084123.72+430603.2,130.3488490000,43.1009010000,0.8410000000,,,,,normal_agn,,literature,True,silver,,,,0,084123.72+430603.2,dev
080246.63+382022.5,120.6943010000,38.3396100000,0.6425290000,,,,,normal_agn,,literature,True,silver,,,,0,080246.63+382022.5,dev
075200.43+360556.1,118.0018060000,36.0989410000,0.6627420000,,,,,normal_agn,,literature,True,silver,,,,0,075200.43+360556.1,dev
080304.38+113228.9,120.7682900000,11.5413760000,0.6830000000,,,,,normal_agn,,literature,True,silver,,,,0,080304.38+113228.9,dev
082105.73+410212.0,125.2738870000,41.0366820000,0.8538870000,,,,,normal_agn,,literature,True,silver,,,,0,082105.73+410212.0,dev
083806.33+072616.7,129.5264050000,7.4379960000,0.8832660000,,,,,normal_agn,,literature,True,silver,,,,0,083806.33+072616.7,dev
082720.70+374706.7,126.8362900000,37.7852030000,0.8270390000,,,,,normal_agn,,literature,True,silver,,,,0,082720.70+374706.7,test
081343.41+023708.6,123.4308910000,2.6190720000,0.7060000000,,,,,normal_agn,,literature,True,silver,,,,0,081343.41+023708.6,dev
083820.88+202306.4,129.5870130000,20.3851220000,0.8529600000,,,,,normal_agn,,literature,True,silver,,,,0,083820.88+202306.4,dev
080510.09+443745.5,121.2920740000,44.6293220000,0.9920490000,,,,,normal_agn,,literature,True,silver,,,,0,080510.09+443745.5,dev
083123.69+102001.1,127.8487410000,10.3336570000,0.6620000000,,,,,normal_agn,,literature,True,silver,,,,0,083123.69+102001.1,dev
082548.77+493328.8,126.4532410000,49.5580200000,0.6850000000,,,,,normal_agn,,literature,True,silver,,,,0,082548.77+493328.8,dev
084416.72+294825.7,131.0696950000,29.8071470000,0.8995070000,,,,,normal_agn,,literature,True,silver,,,,0,084416.72+294825.7,dev
081451.86+233102.5,123.7161230000,23.5173850000,0.8011320000,,,,,normal_agn,,literature,True,silver,,,,0,081451.86+233102.5,dev
075447.07+363308.6,118.6961420000,36.5524130000,0.6912380000,,,,,normal_agn,,literature,True,silver,,,,0,075447.07+363308.6,dev
081722.93+212555.1,124.3455790000,21.4319900000,0.9783620000,,,,,normal_agn,,literature,True,silver,,,,0,081722.93+212555.1,test
081021.38+545134.0,122.5891160000,54.8594500000,0.9410000000,,,,,normal_agn,,literature,True,silver,,,,0,081021.38+545134.0,dev
075522.26+290120.3,118.8427690000,29.0223140000,0.8736670000,,,,,normal_agn,,literature,True,silver,,,,0,075522.26+290120.3,test
083104.25+541443.4,127.7677180000,54.2453970000,0.9850000000,,,,,normal_agn,,literature,True,silver,,,,0,083104.25+541443.4,dev
084119.35+272116.9,130.3306370000,27.3546950000,0.8900480000,,,,,normal_agn,,literature,True,silver,,,,0,084119.35+272116.9,dev
080807.69+254542.1,122.0320670000,25.7616960000,0.8450000000,,,,,normal_agn,,literature,True,silver,,,,0,080807.69+254542.1,dev
082426.80+040400.0,126.1116880000,4.0666750000,0.6907260000,,,,,normal_agn,,literature,True,silver,,,,0,082426.80+040400.0,dev
084116.49+405710.4,130.3187270000,40.9528920000,0.6157150000,,,,,normal_agn,,literature,True,silver,,,,0,084116.49+405710.4,dev
075935.08+340557.1,119.8962010000,34.0992080000,0.7500000000,,,,,normal_agn,,literature,True,silver,,,,0,075935.08+340557.1,dev
082733.73+263715.9,126.8905550000,26.6210980000,0.6880690000,,,,,normal_agn,,literature,True,silver,,,,0,082733.73+263715.9,dev
082908.29+572139.2,127.2845600000,57.3609140000,0.6862080000,,,,,normal_agn,,literature,True,silver,,,,0,082908.29+572139.2,dev
083444.41+414716.3,128.6850600000,41.7878620000,0.9209690000,,,,,normal_agn,,literature,True,silver,,,,0,083444.41+414716.3,dev
082831.78+274035.1,127.1324470000,27.6764340000,0.8200000000,,,,,normal_agn,,literature,True,silver,,,,0,082831.78+274035.1,dev
080504.61+222301.7,121.2692260000,22.3838320000,0.6230000000,,,,,normal_agn,,literature,True,silver,,,,0,080504.61+222301.7,test
075544.61+331140.7,118.9359070000,33.1946440000,0.9549040000,,,,,normal_agn,,literature,True,silver,,,,0,075544.61+331140.7,dev
081320.61+070201.4,123.3358760000,7.0337400000,0.7400000000,,,,,normal_agn,,literature,True,silver,,,,0,081320.61+070201.4,dev
083630.12+191309.6,129.1255280000,19.2193520000,0.8029450000,,,,,normal_agn,,literature,True,silver,,,,0,083630.12+191309.6,dev
082643.42+275058.5,126.6809230000,27.8496100000,0.9392550000,,,,,normal_agn,,literature,True,silver,,,,0,082643.42+275058.5,dev
082931.56+051056.0,127.3815330000,5.1822320000,0.8290000000,,,,,normal_agn,,literature,True,silver,,,,0,082931.56+051056.0,dev
082525.96+445209.2,126.3581890000,44.8692320000,0.8407760000,,,,,normal_agn,,literature,True,silver,,,,0,082525.96+445209.2,dev
083906.16+521646.0,129.7756830000,52.2794510000,0.8850000000,,,,,normal_agn,,literature,True,silver,,,,0,083906.16+521646.0,test
083737.42+415437.5,129.4059380000,41.9104400000,0.7110000000,,,,,normal_agn,,literature,True,silver,,,,0,083737.42+415437.5,dev
075725.34+230927.4,119.3556170000,23.1576320000,0.9150000000,,,,,normal_agn,,literature,True,silver,,,,0,075725.34+230927.4,dev
075618.95+265536.1,119.0789890000,26.9267020000,0.8533780000,,,,,normal_agn,,literature,True,silver,,,,0,075618.95+265536.1,dev
083508.49+140732.3,128.7853880000,14.1256460000,0.9330000000,,,,,normal_agn,,literature,True,silver,,,,0,083508.49+140732.3,dev
081708.16+360906.9,124.2840310000,36.1519330000,0.7967970000,,,,,normal_agn,,literature,True,silver,,,,0,081708.16+360906.9,dev
083104.37+073218.5,127.7682390000,7.5384770000,0.9662900000,,,,,normal_agn,,literature,True,silver,,,,0,083104.37+073218.5,test
080753.31+204847.4,121.9721330000,20.8131750000,0.6233090000,,,,,normal_agn,,literature,True,silver,,,,0,080753.31+204847.4,dev
083119.70+322815.2,127.8320940000,32.4709100000,0.8100000000,,,,,normal_agn,,literature,True,silver,,,,0,083119.70+322815.2,dev
083129.73+474230.2,127.8738820000,47.7084100000,0.6326360000,,,,,normal_agn,,literature,True,silver,,,,0,083129.73+474230.2,test
082957.47+373045.4,127.4894740000,37.5126130000,0.7872020000,,,,,normal_agn,,literature,True,silver,,,,0,082957.47+373045.4,dev
080241.02+340208.7,120.6709580000,34.0357750000,0.7806200000,,,,,normal_agn,,literature,True,silver,,,,0,080241.02+340208.7,dev
082129.41+403128.5,125.3725590000,40.5245940000,0.6302280000,,,,,normal_agn,,literature,True,silver,,,,0,082129.41+403128.5,dev
084402.35+140221.0,131.0097970000,14.0391730000,0.9043260000,,,,,normal_agn,,literature,True,silver,,,,0,084402.35+140221.0,dev
081959.65+552115.9,124.9985440000,55.3544440000,0.7376660000,,,,,normal_agn,,literature,True,silver,,,,0,081959.65+552115.9,test
081016.30+460809.5,122.5679420000,46.1359760000,0.9460000000,,,,,normal_agn,,literature,True,silver,,,,0,081016.30+460809.5,dev
083832.38+073930.3,129.6349430000,7.6584170000,0.6852470000,,,,,normal_agn,,literature,True,silver,,,,0,083832.38+073930.3,dev
075312.41+151129.1,118.3017340000,15.1914340000,0.6304700000,,,,,normal_agn,,literature,True,silver,,,,0,075312.41+151129.1,dev
080107.19+234542.8,120.2799940000,23.7618920000,0.8972480000,,,,,normal_agn,,literature,True,silver,,,,0,080107.19+234542.8,test
081006.90+145333.2,122.5287830000,14.8925690000,0.8801390000,,,,,normal_agn,,literature,True,silver,,,,0,081006.90+145333.2,dev
081255.49+502709.2,123.2312370000,50.4525560000,0.9953220000,,,,,normal_agn,,literature,True,silver,,,,0,081255.49+502709.2,test
082122.95+381100.8,125.3456610000,38.1835690000,0.7770830000,,,,,normal_agn,,literature,True,silver,,,,0,082122.95+381100.8,dev
075751.04+150918.6,119.4626800000,15.1551720000,0.6123130000,,,,,normal_agn,,literature,True,silver,,,,0,075751.04+150918.6,dev
080351.24+331844.8,120.9635020000,33.3124630000,0.6919510000,,,,,normal_agn,,literature,True,silver,,,,0,080351.24+331844.8,dev
081438.06+205110.6,123.6586140000,20.8529650000,0.7828270000,,,,,normal_agn,,literature,True,silver,,,,0,081438.06+205110.6,dev
083208.36+300536.5,128.0348740000,30.0934780000,0.6189170000,,,,,normal_agn,,literature,True,silver,,,,0,083208.36+300536.5,dev
083738.73+142928.3,129.4114110000,14.4912000000,0.9190000000,,,,,normal_agn,,literature,True,silver,,,,0,083738.73+142928.3,test
082544.89+364841.4,126.4370710000,36.8115240000,0.8198840000,,,,,normal_agn,,literature,True,silver,,,,0,082544.89+364841.4,dev
075148.20+171802.9,117.9508670000,17.3008270000,0.9010000000,,,,,normal_agn,,literature,True,silver,,,,0,075148.20+171802.9,dev
083729.23+431453.4,129.3718200000,43.2481870000,0.8686920000,,,,,normal_agn,,literature,True,silver,,,,0,083729.23+431453.4,test
083206.35+390455.0,128.0264910000,39.0819470000,0.6104930000,,,,,normal_agn,,literature,True,silver,,,,0,083206.35+390455.0,dev
083054.31+495807.3,127.7263110000,49.9687060000,0.9912720000,,,,,normal_agn,,literature,True,silver,,,,0,083054.31+495807.3,dev
084243.34+234151.7,130.6805960000,23.6976950000,0.8575670000,,,,,normal_agn,,literature,True,silver,,,,0,084243.34+234151.7,test
082455.21+330412.1,126.2300550000,33.0700400000,0.7854700000,,,,,normal_agn,,literature,True,silver,,,,0,082455.21+330412.1,dev
081527.64+235210.4,123.8651700000,23.8695690000,0.7200000000,,,,,normal_agn,,literature,True,silver,,,,0,081527.64+235210.4,dev
080626.78+301544.7,121.6115840000,30.2624350000,0.6500000000,,,,,normal_agn,,literature,True,silver,,,,0,080626.78+301544.7,dev
083430.89+193417.2,128.6287210000,19.5714620000,0.9725300000,,,,,normal_agn,,literature,True,silver,,,,0,083430.89+193417.2,dev
081436.43+365728.0,123.6518080000,36.9578020000,0.9151500000,,,,,normal_agn,,literature,True,silver,,,,0,081436.43+365728.0,dev
083036.24+283639.0,127.6510390000,28.6108350000,0.7458130000,,,,,normal_agn,,literature,True,silver,,,,0,083036.24+283639.0,test
083350.27+113308.1,128.4594650000,11.5522750000,0.7900000000,,,,,normal_agn,,literature,True,silver,,,,0,083350.27+113308.1,dev
082625.76+461358.5,126.6073490000,46.2329390000,0.8055990000,,,,,normal_agn,,literature,True,silver,,,,0,082625.76+461358.5,dev
082141.16+225327.1,125.4215280000,22.8908730000,0.6019040000,,,,,normal_agn,,literature,True,silver,,,,0,082141.16+225327.1,dev
081521.85+564858.4,123.8410610000,56.8162490000,0.8730000000,,,,,normal_agn,,literature,True,silver,,,,0,081521.85+564858.4,dev
081834.64+264614.9,124.6443570000,26.7708140000,0.9453680000,,,,,normal_agn,,literature,True,silver,,,,0,081834.64+264614.9,dev
083724.27+330452.5,129.3511510000,33.0812760000,0.8242890000,,,,,normal_agn,,literature,True,silver,,,,0,083724.27+330452.5,dev
080600.18+345518.3,121.5007560000,34.9217520000,0.6762120000,,,,,normal_agn,,literature,True,silver,,,,0,080600.18+345518.3,test
082902.01+401803.0,127.2584150000,40.3008470000,0.7260570000,,,,,normal_agn,,literature,True,silver,,,,0,082902.01+401803.0,dev
084425.64+522256.2,131.1068580000,52.3822790000,0.8820000000,,,,,normal_agn,,literature,True,silver,,,,0,084425.64+522256.2,dev
075434.06+404355.1,118.6419560000,40.7319800000,0.6547080000,,,,,normal_agn,,literature,True,silver,,,,0,075434.06+404355.1,dev
083144.79+124840.8,127.9366250000,12.8113340000,0.8430000000,,,,,normal_agn,,literature,True,silver,,,,0,083144.79+124840.8,test
080103.32+390355.2,120.2638680000,39.0653500000,0.9256290000,,,,,normal_agn,,literature,True,silver,,,,0,080103.32+390355.2,dev
081212.68+240427.5,123.0528390000,24.0743250000,0.9909830000,,,,,normal_agn,,literature,True,silver,,,,0,081212.68+240427.5,dev
080042.08+411640.8,120.1753360000,41.2780170000,0.8280000000,,,,,normal_agn,,literature,True,silver,,,,0,080042.08+411640.8,dev
083926.48+513109.1,129.8603670000,51.5191980000,0.8760000000,,,,,normal_agn,,literature,True,silver,,,,0,083926.48+513109.1,test
082931.43+352932.5,127.3809910000,35.4923690000,0.7170000000,,,,,normal_agn,,literature,True,silver,,,,0,082931.43+352932.5,dev
075625.81+250921.6,119.1075830000,25.1560190000,0.8217140000,,,,,normal_agn,,literature,True,silver,,,,0,075625.81+250921.6,dev
082208.19+283731.5,125.5341560000,28.6254440000,0.7020000000,,,,,normal_agn,,literature,True,silver,,,,0,082208.19+283731.5,dev
084034.03+425819.4,130.1418120000,42.9720680000,0.8340000000,,,,,normal_agn,,literature,True,silver,,,,0,084034.03+425819.4,dev
083241.83+490453.8,128.1743100000,49.0816170000,0.8818400000,,,,,normal_agn,,literature,True,silver,,,,0,083241.83+490453.8,dev
083024.57+510844.5,127.6024050000,51.1457000000,0.7750000000,,,,,normal_agn,,literature,True,silver,,,,0,083024.57+510844.5,dev
075727.17+375508.0,119.3632400000,37.9189050000,0.7470000000,,,,,normal_agn,,literature,True,silver,,,,0,075727.17+375508.0,dev
081901.57+412929.1,124.7565430000,41.4914440000,0.8290000000,,,,,normal_agn,,literature,True,silver,,,,0,081901.57+412929.1,dev
082243.90+112157.6,125.6829460000,11.3660080000,0.7224000000,,,,,normal_agn,,literature,True,silver,,,,0,082243.90+112157.6,dev
084407.84+552856.9,131.0326740000,55.4824900000,0.8790000000,,,,,normal_agn,,literature,True,silver,,,,0,084407.84+552856.9,dev
075345.18+414049.1,118.4382760000,41.6803060000,0.7500000000,,,,,normal_agn,,literature,True,silver,,,,0,075345.18+414049.1,dev
084452.65+442723.2,131.2194150000,44.4564640000,0.8769390000,,,,,normal_agn,,literature,True,silver,,,,0,084452.65+442723.2,dev
075403.18+301905.1,118.5132640000,30.3180990000,0.9629700000,,,,,normal_agn,,literature,True,silver,,,,0,075403.18+301905.1,dev
083413.11+403208.3,128.5546410000,40.5356630000,0.8491180000,,,,,normal_agn,,literature,True,silver,,,,0,083413.11+403208.3,dev
083700.39+504159.4,129.2516420000,50.6998400000,0.7290000000,,,,,normal_agn,,literature,True,silver,,,,0,083700.39+504159.4,dev
083439.70+475014.8,128.6654360000,47.8374700000,0.9823050000,,,,,normal_agn,,literature,True,silver,,,,0,083439.70+475014.8,dev
075440.10+254449.3,118.6670860000,25.7470290000,0.6137390000,,,,,normal_agn,,literature,True,silver,,,,0,075440.10+254449.3,dev
083326.19+010530.1,128.3591500000,1.0917200000,0.7460000000,,,,,normal_agn,,literature,True,silver,,,,0,083326.19+010530.1,dev
084440.40+551623.7,131.1683540000,55.2732740000,0.7842280000,,,,,normal_agn,,literature,True,silver,,,,0,084440.40+551623.7,dev
081516.71+403632.3,123.8196550000,40.6089750000,0.9286010000,,,,,normal_agn,,literature,True,silver,,,,0,081516.71+403632.3,dev
081147.88+425256.9,122.9495190000,42.8824970000,0.6398220000,,,,,normal_agn,,literature,True,silver,,,,0,081147.88+425256.9,dev
081436.36+434353.4,123.6515110000,43.7315220000,0.6930190000,,,,,normal_agn,,literature,True,silver,,,,0,081436.36+434353.4,dev
083550.52+274502.2,128.9605080000,27.7506190000,0.9737760000,,,,,normal_agn,,literature,True,silver,,,,0,083550.52+274502.2,dev
084436.35+333417.6,131.1514910000,33.5715590000,0.8807000000,,,,,normal_agn,,literature,True,silver,,,,0,084436.35+333417.6,dev
075503.57+351706.1,118.7648930000,35.2850490000,0.7321940000,,,,,normal_agn,,literature,True,silver,,,,0,075503.57+351706.1,dev
075418.46+274305.3,118.5769410000,27.7181430000,0.7367900000,,,,,normal_agn,,literature,True,silver,,,,0,075418.46+274305.3,dev
075526.43+222912.4,118.8601560000,22.4867960000,0.7237310000,,,,,normal_agn,,literature,True,silver,,,,0,075526.43+222912.4,dev
080802.91+180755.8,122.0121470000,18.1321780000,0.9873660000,,,,,normal_agn,,literature,True,silver,,,,0,080802.91+180755.8,dev
083738.64+212104.7,129.4110410000,21.3513110000,0.6800000000,,,,,normal_agn,,literature,True,silver,,,,0,083738.64+212104.7,dev
080122.01+345614.7,120.3417380000,34.9374410000,0.9581110000,,,,,normal_agn,,literature,True,silver,,,,0,080122.01+345614.7,dev
080703.19+424620.1,121.7633290000,42.7722630000,0.9140000000,,,,,normal_agn,,literature,True,silver,,,,0,080703.19+424620.1,dev
083228.94+452651.9,128.1206090000,45.4477770000,0.9430000000,,,,,normal_agn,,literature,True,silver,,,,0,083228.94+452651.9,test
080551.03+394126.9,121.4626660000,39.6908310000,0.8331280000,,,,,normal_agn,,literature,True,silver,,,,0,080551.03+394126.9,dev
081858.08+402946.3,124.7420030000,40.4962070000,0.8430000000,,,,,normal_agn,,literature,True,silver,,,,0,081858.08+402946.3,test
080333.42+280454.4,120.8892850000,28.0817840000,0.9860940000,,,,,normal_agn,,literature,True,silver,,,,0,080333.42+280454.4,dev
084400.81+322312.2,131.0034130000,32.3867340000,0.8714600000,,,,,normal_agn,,literature,True,silver,,,,0,084400.81+322312.2,dev
081719.42+451614.1,124.3309400000,45.2705940000,0.9930000000,,,,,normal_agn,,literature,True,silver,,,,0,081719.42+451614.1,test
084038.01+124945.2,130.1584000000,12.8292230000,0.6306240000,,,,,normal_agn,,literature,True,silver,,,,0,084038.01+124945.2,dev
080956.85+470127.4,122.4868760000,47.0242830000,0.7610000000,,,,,normal_agn,,literature,True,silver,,,,0,080956.85+470127.4,dev
080302.80+314730.5,120.7616680000,31.7918150000,0.8555730000,,,,,normal_agn,,literature,True,silver,,,,0,080302.80+314730.5,dev
075705.73+311646.5,119.2739150000,31.2795930000,0.6991450000,,,,,normal_agn,,literature,True,silver,,,,0,075705.73+311646.5,dev
075006.61+281757.5,117.5275610000,28.2993060000,0.9030280000,,,,,normal_agn,,literature,True,silver,,,,0,075006.61+281757.5,dev
080357.67+224541.5,120.9903270000,22.7615370000,0.7800000000,,,,,normal_agn,,literature,True,silver,,,,0,080357.67+224541.5,dev
080026.49+330912.3,120.1104000000,33.1534410000,0.8630000000,,,,,normal_agn,,literature,True,silver,,,,0,080026.49+330912.3,dev
082538.77+552350.3,126.4115760000,55.3973260000,0.8317510000,,,,,normal_agn,,literature,True,silver,,,,0,082538.77+552350.3,dev
081757.17+232405.5,124.4882120000,23.4015320000,0.6832070000,,,,,normal_agn,,literature,True,silver,,,,0,081757.17+232405.5,dev
080907.26+143809.6,122.2802750000,14.6360220000,0.7280000000,,,,,normal_agn,,literature,True,silver,,,,0,080907.26+143809.6,test
074912.43+305855.4,117.3018290000,30.9820800000,0.7836640000,,,,,normal_agn,,literature,True,silver,,,,0,074912.43+305855.4,dev
082409.95+224105.4,126.0414760000,22.6848340000,0.6280000000,,,,,normal_agn,,literature,True,silver,,,,0,082409.95+224105.4,dev
075754.85+395815.5,119.4785690000,39.9709980000,0.7364780000,,,,,normal_agn,,literature,True,silver,,,,0,075754.85+395815.5,dev
083030.86+333236.2,127.6286040000,33.5433980000,0.7190000000,,,,,normal_agn,,literature,True,silver,,,,0,083030.86+333236.2,test
083106.85+461037.7,127.7785420000,46.1771530000,0.7961130000,,,,,normal_agn,,literature,True,silver,,,,0,083106.85+461037.7,dev
081249.94+253706.2,123.2081240000,25.6183960000,0.7870000000,,,,,normal_agn,,literature,True,silver,,,,0,081249.94+253706.2,dev
083625.41+350716.9,129.1059110000,35.1213640000,0.9274960000,,,,,normal_agn,,literature,True,silver,,,,0,083625.41+350716.9,dev
075952.11+420623.6,119.9671480000,42.1065740000,0.8089230000,,,,,normal_agn,,literature,True,silver,,,,0,075952.11+420623.6,dev
080628.77+423241.2,121.6198940000,42.5448000000,0.7725830000,,,,,normal_agn,,literature,True,silver,,,,0,080628.77+423241.2,dev
081024.94+425616.6,122.6039330000,42.9379710000,0.8755970000,,,,,normal_agn,,literature,True,silver,,,,0,081024.94+425616.6,dev
075322.04+380539.7,118.3418670000,38.0943800000,0.9331490000,,,,,normal_agn,,literature,True,silver,,,,0,075322.04+380539.7,dev
081056.50+443004.6,122.7354550000,44.5012790000,0.7280000000,,,,,normal_agn,,literature,True,silver,,,,0,081056.50+443004.6,dev
081209.24+560038.1,123.0385270000,56.0106030000,0.6170000000,,,,,normal_agn,,literature,True,silver,,,,0,081209.24+560038.1,dev
082414.91+210006.1,126.0621480000,21.0017000000,0.7757070000,,,,,normal_agn,,literature,True,silver,,,,0,082414.91+210006.1,dev
080851.59+284641.2,122.2149740000,28.7781110000,0.9249830000,,,,,normal_agn,,literature,True,silver,,,,0,080851.59+284641.2,dev
075717.98+264839.8,119.3249560000,26.8110580000,0.7180000000,,,,,normal_agn,,literature,True,silver,,,,0,075717.98+264839.8,dev
083733.96+281940.1,129.3915080000,28.3278270000,0.7642410000,,,,,normal_agn,,literature,True,silver,,,,0,083733.96+281940.1,dev
084058.84+203858.8,130.2452050000,20.6496940000,0.8940000000,,,,,normal_agn,,literature,True,silver,,,,0,084058.84+203858.8,dev
083832.11+381925.5,129.6338170000,38.3237590000,0.9327750000,,,,,normal_agn,,literature,True,silver,,,,0,083832.11+381925.5,dev
084045.22+300615.3,130.1884580000,30.1042640000,0.8790000000,,,,,normal_agn,,literature,True,silver,,,,0,084045.22+300615.3,dev
081020.79+365039.7,122.5866340000,36.8443680000,0.9030000000,,,,,normal_agn,,literature,True,silver,,,,0,081020.79+365039.7,dev
080311.79+231609.3,120.7991650000,23.2692540000,0.9944680000,,,,,normal_agn,,literature,True,silver,,,,0,080311.79+231609.3,dev
083454.22+521720.3,128.7259420000,52.2889880000,0.7480000000,,,,,normal_agn,,literature,True,silver,,,,0,083454.22+521720.3,dev
083713.80+165943.7,129.3075220000,16.9954910000,0.7311670000,,,,,normal_agn,,literature,True,silver,,,,0,083713.80+165943.7,dev
075827.00+362335.4,119.6125290000,36.3931680000,0.6429810000,,,,,normal_agn,,literature,True,silver,,,,0,075827.00+362335.4,dev
083655.61+403616.2,129.2317240000,40.6045270000,0.7861060000,,,,,normal_agn,,literature,True,silver,,,,0,083655.61+403616.2,test
075018.43+103316.6,117.5768240000,10.5546260000,0.6200000000,,,,,normal_agn,,literature,True,silver,,,,0,075018.43+103316.6,dev
080910.11+425946.8,122.2921450000,42.9963540000,0.9993140000,,,,,normal_agn,,literature,True,silver,,,,0,080910.11+425946.8,dev
080435.46+212211.0,121.1477890000,21.3697320000,0.6322250000,,,,,normal_agn,,literature,True,silver,,,,0,080435.46+212211.0,dev
083652.52+444322.9,129.2188560000,44.7230330000,0.8330000000,,,,,normal_agn,,literature,True,silver,,,,0,083652.52+444322.9,dev
075603.98+223109.6,119.0166170000,22.5193510000,0.9051590000,,,,,normal_agn,,literature,True,silver,,,,0,075603.98+223109.6,dev
083143.92+480009.2,127.9330210000,48.0025780000,0.8758190000,,,,,normal_agn,,literature,True,silver,,,,0,083143.92+480009.2,dev
081129.81+480242.8,122.8742110000,48.0452470000,0.8323470000,,,,,normal_agn,,literature,True,silver,,,,0,081129.81+480242.8,dev
081530.10+302742.6,123.8754180000,30.4618450000,0.8727040000,,,,,normal_agn,,literature,True,silver,,,,0,081530.10+302742.6,dev
083408.67+005529.3,128.5361460000,0.9248210000,0.8900000000,,,,,normal_agn,,literature,True,silver,,,,0,083408.67+005529.3,test
083836.01+270935.1,129.6500490000,27.1597590000,0.8040250000,,,,,normal_agn,,literature,True,silver,,,,0,083836.01+270935.1,dev
082902.26+270020.1,127.2594570000,27.0055960000,0.8905280000,,,,,normal_agn,,literature,True,silver,,,,0,082902.26+270020.1,dev
081843.77+373512.5,124.6824020000,37.5868320000,0.9445240000,,,,,normal_agn,,literature,True,silver,,,,0,081843.77+373512.5,dev
080718.09+521715.9,121.8253750000,52.2877550000,0.7230000000,,,,,normal_agn,,literature,True,silver,,,,0,080718.09+521715.9,dev
082013.18+430830.3,125.0549460000,43.1417530000,0.7350000000,,,,,normal_agn,,literature,True,silver,,,,0,082013.18+430830.3,dev
081059.08+343355.9,122.7461980000,34.5655460000,0.9987500000,,,,,normal_agn,,literature,True,silver,,,,0,081059.08+343355.9,test
081347.51+463731.8,123.4479850000,46.6255130000,0.6130000000,,,,,normal_agn,,literature,True,silver,,,,0,081347.51+463731.8,test
081648.94+345601.7,124.2039210000,34.9338080000,0.6610000000,,,,,normal_agn,,literature,True,silver,,,,0,081648.94+345601.7,test
083356.58+191703.5,128.4857510000,19.2843170000,0.8070000000,,,,,normal_agn,,literature,True,silver,,,,0,083356.58+191703.5,test
080932.30+200329.5,122.3846110000,20.0582000000,0.7520000000,,,,,normal_agn,,literature,True,silver,,,,0,080932.30+200329.5,dev
080656.17+334709.6,121.7340450000,33.7860100000,0.9876790000,,,,,normal_agn,,literature,True,silver,,,,0,080656.17+334709.6,dev
084038.56+133945.9,130.1607000000,13.6627530000,0.8200000000,,,,,normal_agn,,literature,True,silver,,,,0,084038.56+133945.9,dev
081022.45+440002.7,122.5935760000,44.0007530000,0.6310000000,,,,,normal_agn,,literature,True,silver,,,,0,081022.45+440002.7,dev
084122.21+334009.6,130.3425580000,33.6693550000,0.9775730000,,,,,normal_agn,,literature,True,silver,,,,0,084122.21+334009.6,test
083546.28+403815.4,128.9428340000,40.6376350000,0.8460000000,,,,,normal_agn,,literature,True,silver,,,,0,083546.28+403815.4,dev
075412.61+280345.1,118.5525760000,28.0625520000,0.6197530000,,,,,normal_agn,,literature,True,silver,,,,0,075412.61+280345.1,test
075846.97+382116.9,119.6957180000,38.3547070000,0.9452870000,,,,,normal_agn,,literature,True,silver,,,,0,075846.97+382116.9,dev
083402.52+380302.2,128.5105200000,38.0506320000,0.9427720000,,,,,normal_agn,,literature,True,silver,,,,0,083402.52+380302.2,dev
081928.77+260842.4,124.8699070000,26.1451160000,0.7725160000,,,,,normal_agn,,literature,True,silver,,,,0,081928.77+260842.4,dev
075130.41+171534.2,117.8767490000,17.2595130000,0.8609350000,,,,,normal_agn,,literature,True,silver,,,,0,075130.41+171534.2,dev
075632.17+285544.9,119.1340480000,28.9291480000,0.8054790000,,,,,normal_agn,,literature,True,silver,,,,0,075632.17+285544.9,dev
081156.79+354205.0,122.9866250000,35.7013950000,0.6950040000,,,,,normal_agn,,literature,True,silver,,,,0,081156.79+354205.0,dev
080848.76+275956.5,122.2031940000,27.9990520000,0.6910000000,,,,,normal_agn,,literature,True,silver,,,,0,080848.76+275956.5,test
081540.04+570023.9,123.9168680000,57.0066610000,0.8060000000,,,,,normal_agn,,literature,True,silver,,,,0,081540.04+570023.9,dev
080313.07+491329.7,120.8044590000,49.2249180000,0.9880000000,,,,,normal_agn,,literature,True,silver,,,,0,080313.07+491329.7,dev
082226.55+305820.1,125.6106440000,30.9722710000,0.7130000000,,,,,normal_agn,,literature,True,silver,,,,0,082226.55+305820.1,test
082753.60+361053.1,126.9733350000,36.1814440000,0.7575960000,,,,,normal_agn,,literature,True,silver,,,,0,082753.60+361053.1,dev
081518.19+470249.8,123.8258190000,47.0471940000,0.9460000000,,,,,normal_agn,,literature,True,silver,,,,0,081518.19+470249.8,dev
084428.51+014818.7,131.1188040000,1.8052150000,0.8690050000,,,,,normal_agn,,literature,True,silver,,,,0,084428.51+014818.7,test
074834.47+275054.0,117.1436550000,27.8483410000,0.8530000000,,,,,normal_agn,,literature,True,silver,,,,0,074834.47+275054.0,dev
080403.16+303513.9,121.0131930000,30.5872150000,0.9592580000,,,,,normal_agn,,literature,True,silver,,,,0,080403.16+303513.9,dev
082902.00+285525.6,127.2583390000,28.9237930000,0.8122430000,,,,,normal_agn,,literature,True,silver,,,,0,082902.00+285525.6,dev
082758.94+334517.3,126.9955960000,33.7548090000,0.8647450000,,,,,normal_agn,,literature,True,silver,,,,0,082758.94+334517.3,test
083436.82+591239.8,128.6534500000,59.2110820000,0.8860000000,,,,,normal_agn,,literature,True,silver,,,,0,083436.82+591239.8,dev
075654.74+494547.7,119.2281230000,49.7632750000,0.8870000000,,,,,normal_agn,,literature,True,silver,,,,0,075654.74+494547.7,dev
082402.46+313139.7,126.0102890000,31.5276950000,0.9701980000,,,,,normal_agn,,literature,True,silver,,,,0,082402.46+313139.7,dev
080200.97+360322.6,120.5040500000,36.0562900000,0.6796490000,,,,,normal_agn,,literature,True,silver,,,,0,080200.97+360322.6,dev
083430.96+290420.8,128.6290140000,29.0724570000,0.7018290000,,,,,normal_agn,,literature,True,silver,,,,0,083430.96+290420.8,dev
083920.82+464126.6,129.8367510000,46.6907250000,0.8090630000,,,,,normal_agn,,literature,True,silver,,,,0,083920.82+464126.6,dev
082302.24+503622.1,125.7593550000,50.6061600000,0.9800000000,,,,,normal_agn,,literature,True,silver,,,,0,082302.24+503622.1,dev
080703.52+294525.4,121.7646690000,29.7570710000,0.8150000000,,,,,normal_agn,,literature,True,silver,,,,0,080703.52+294525.4,dev
083904.63+395655.8,129.7693150000,39.9488430000,0.9277550000,,,,,normal_agn,,literature,True,silver,,,,0,083904.63+395655.8,dev
083946.88+570255.6,129.9453380000,57.0487860000,0.9361500000,,,,,normal_agn,,literature,True,silver,,,,0,083946.88+570255.6,dev
074836.53+163741.0,117.1522120000,16.6280610000,0.9148520000,,,,,normal_agn,,literature,True,silver,,,,0,074836.53+163741.0,test
081618.96+474349.9,124.0790110000,47.7305480000,0.6800000000,,,,,normal_agn,,literature,True,silver,,,,0,081618.96+474349.9,dev
081339.83+273554.3,123.4159900000,27.5984300000,0.6660000000,,,,,normal_agn,,literature,True,silver,,,,0,081339.83+273554.3,test
081106.49+371518.0,122.7770810000,37.2550090000,0.8284580000,,,,,normal_agn,,literature,True,silver,,,,0,081106.49+371518.0,dev
082054.81+100609.4,125.2283820000,10.1026210000,0.9556000000,,,,,normal_agn,,literature,True,silver,,,,0,082054.81+100609.4,test
083840.57+473410.6,129.6690740000,47.5696340000,0.6958860000,,,,,normal_agn,,literature,True,silver,,,,0,083840.57+473410.6,dev
081204.62+460108.7,123.0192520000,46.0190950000,0.9520000000,,,,,normal_agn,,literature,True,silver,,,,0,081204.62+460108.7,dev
084126.16+460909.3,130.3590270000,46.1526100000,0.9330000000,,,,,normal_agn,,literature,True,silver,,,,0,084126.16+460909.3,dev
081125.55+093626.3,122.8564740000,9.6073060000,0.9301000000,,,,,normal_agn,,literature,True,silver,,,,0,081125.55+093626.3,dev
080616.95+284648.9,121.5706560000,28.7802520000,0.8134980000,,,,,normal_agn,,literature,True,silver,,,,0,080616.95+284648.9,dev
082725.57+413748.4,126.8565690000,41.6301240000,0.9400000000,,,,,normal_agn,,literature,True,silver,,,,0,082725.57+413748.4,dev
080444.85+012202.0,121.1868800000,1.3672290000,0.8210000000,,,,,normal_agn,,literature,True,silver,,,,0,080444.85+012202.0,dev
080129.16+213138.9,120.3715030000,21.5274950000,0.8311500000,,,,,normal_agn,,literature,True,silver,,,,0,080129.16+213138.9,dev
081713.95+261055.9,124.3081360000,26.1822050000,0.7320000000,,,,,normal_agn,,literature,True,silver,,,,0,081713.95+261055.9,dev
084149.29+311623.1,130.4553860000,31.2731070000,0.9767270000,,,,,normal_agn,,literature,True,silver,,,,0,084149.29+311623.1,dev
082127.30+134902.7,125.3637590000,13.8174210000,0.9440000000,,,,,normal_agn,,literature,True,silver,,,,0,082127.30+134902.7,dev
081703.93+444845.0,124.2664020000,44.8125130000,0.9220000000,,,,,normal_agn,,literature,True,silver,,,,0,081703.93+444845.0,dev
075500.56+410100.1,118.7523730000,41.0167060000,0.9022400000,,,,,normal_agn,,literature,True,silver,,,,0,075500.56+410100.1,dev
082525.52+352005.7,126.3563480000,35.3349310000,0.9454270000,,,,,normal_agn,,literature,True,silver,,,,0,082525.52+352005.7,test
084438.70+471919.7,131.1612740000,47.3221440000,0.9974830000,,,,,normal_agn,,literature,True,silver,,,,0,084438.70+471919.7,dev
083848.27+595039.2,129.7011270000,59.8442320000,0.8183510000,,,,,normal_agn,,literature,True,silver,,,,0,083848.27+595039.2,test
075206.73+245118.7,118.0280790000,24.8552150000,0.8186350000,,,,,normal_agn,,literature,True,silver,,,,0,075206.73+245118.7,dev
080646.41+205619.0,121.6934100000,20.9386250000,1.0161870000,,,,,normal_agn,,literature,True,silver,,,,0,080646.41+205619.0,dev
080802.53+505841.8,122.0105480000,50.9782960000,1.0107840000,,,,,normal_agn,,literature,True,silver,,,,0,080802.53+505841.8,dev
080405.64+240856.3,121.0235370000,24.1489990000,1.3710650000,,,,,normal_agn,,literature,True,silver,,,,0,080405.64+240856.3,dev
080501.15+523701.5,121.2548020000,52.6171040000,1.2690000000,,,,,normal_agn,,literature,True,silver,,,,0,080501.15+523701.5,dev
075133.60+273021.2,117.8900380000,27.5058910000,1.5192370000,,,,,normal_agn,,literature,True,silver,,,,0,075133.60+273021.2,dev
082158.56+292206.6,125.4940330000,29.3685240000,1.8812600000,,,,,normal_agn,,literature,True,silver,,,,0,082158.56+292206.6,dev
082339.26+242158.8,125.9136240000,24.3663440000,1.4663710000,,,,,normal_agn,,literature,True,silver,,,,0,082339.26+242158.8,dev
083020.90+330425.7,127.5870940000,33.0738160000,1.8565020000,,,,,normal_agn,,literature,True,silver,,,,0,083020.90+330425.7,test
080122.23+455329.8,120.3426290000,45.8916310000,1.8050000000,,,,,normal_agn,,literature,True,silver,,,,0,080122.23+455329.8,test
080950.64+495252.3,122.4610370000,49.8812060000,1.4514400000,,,,,normal_agn,,literature,True,silver,,,,0,080950.64+495252.3,dev
081519.36+532605.9,123.8306760000,53.4349850000,1.6660000000,,,,,normal_agn,,literature,True,silver,,,,0,081519.36+532605.9,test
075809.57+390143.9,119.5399030000,39.0288730000,1.6663860000,,,,,normal_agn,,literature,True,silver,,,,0,075809.57+390143.9,dev
081105.47+345737.7,122.7727990000,34.9604860000,1.6306200000,,,,,normal_agn,,literature,True,silver,,,,0,081105.47+345737.7,dev
074917.70+304904.1,117.3237760000,30.8178290000,1.0358700000,,,,,normal_agn,,literature,True,silver,,,,0,074917.70+304904.1,dev
080848.71+272135.2,122.2029790000,27.3598040000,1.3486720000,,,,,normal_agn,,literature,True,silver,,,,0,080848.71+272135.2,dev
075230.44+272619.8,118.1268540000,27.4388420000,1.7105050000,,,,,normal_agn,,literature,True,silver,,,,0,075230.44+272619.8,dev
075158.26+213757.5,117.9927520000,21.6326550000,1.5905380000,,,,,normal_agn,,literature,True,silver,,,,0,075158.26+213757.5,dev
081729.43+451116.6,124.3726610000,45.1879600000,1.8410000000,,,,,normal_agn,,literature,True,silver,,,,0,081729.43+451116.6,dev
080451.34+554136.1,121.2139340000,55.6933820000,1.4260000000,,,,,normal_agn,,literature,True,silver,,,,0,080451.34+554136.1,dev
084318.34+404601.2,130.8264520000,40.7670270000,1.4776740000,,,,,normal_agn,,literature,True,silver,,,,0,084318.34+404601.2,dev
080008.68+452245.2,120.0361900000,45.3792380000,1.8810000000,,,,,normal_agn,,literature,True,silver,,,,0,080008.68+452245.2,test
081013.14+224313.2,122.5547870000,22.7203500000,1.8272000000,,,,,normal_agn,,literature,True,silver,,,,0,081013.14+224313.2,test
081950.63+241536.2,124.9609690000,24.2600720000,1.2659360000,,,,,normal_agn,,literature,True,silver,,,,0,081950.63+241536.2,dev
082735.46+583749.1,126.8977680000,58.6303120000,1.7994550000,,,,,normal_agn,,literature,True,silver,,,,0,082735.46+583749.1,dev
082129.58+320910.4,125.3732870000,32.1528950000,1.6364260000,,,,,normal_agn,,literature,True,silver,,,,0,082129.58+320910.4,dev
075037.92+473058.3,117.6580110000,47.5162210000,1.6514910000,,,,,normal_agn,,literature,True,silver,,,,0,075037.92+473058.3,dev
082507.69+072124.3,126.2820650000,7.3567720000,1.0254340000,,,,,normal_agn,,literature,True,silver,,,,0,082507.69+072124.3,dev
082004.33+032403.7,125.0180800000,3.4010470000,1.8631980000,,,,,normal_agn,,literature,True,silver,,,,0,082004.33+032403.7,dev
075231.35+340357.0,118.1306390000,34.0658570000,1.5101490000,,,,,normal_agn,,literature,True,silver,,,,0,075231.35+340357.0,dev
075743.40+172025.6,119.4308390000,17.3404590000,1.2774540000,,,,,normal_agn,,literature,True,silver,,,,0,075743.40+172025.6,dev
081525.38+262522.5,123.8557530000,26.4229410000,1.9696380000,,,,,normal_agn,,literature,True,silver,,,,0,081525.38+262522.5,dev
081401.89+574720.4,123.5078750000,57.7890020000,1.1784630000,,,,,normal_agn,,literature,True,silver,,,,0,081401.89+574720.4,dev
082233.42+323057.4,125.6392640000,32.5159520000,1.0976290000,,,,,normal_agn,,literature,True,silver,,,,0,082233.42+323057.4,dev
075414.15+333919.9,118.5589660000,33.6555420000,1.2747900000,,,,,normal_agn,,literature,True,silver,,,,0,075414.15+333919.9,dev
081908.22+453917.0,124.7842890000,45.6547270000,1.8010000000,,,,,normal_agn,,literature,True,silver,,,,0,081908.22+453917.0,dev
082548.42+323608.7,126.4517900000,32.6024340000,1.9924730000,,,,,normal_agn,,literature,True,silver,,,,0,082548.42+323608.7,dev
083312.28+374027.2,128.3011850000,37.6742290000,1.0387950000,,,,,normal_agn,,literature,True,silver,,,,0,083312.28+374027.2,dev
083940.34+313811.2,129.9181220000,31.6364580000,1.4279820000,,,,,normal_agn,,literature,True,silver,,,,0,083940.34+313811.2,test
082436.90+220416.0,126.1537880000,22.0711130000,1.0593210000,,,,,normal_agn,,literature,True,silver,,,,0,082436.90+220416.0,dev
080059.45+260145.4,120.2477270000,26.0292880000,1.0614900000,,,,,normal_agn,,literature,True,silver,,,,0,080059.45+260145.4,dev
075428.68+432420.6,118.6195050000,43.4057450000,1.0079060000,,,,,normal_agn,,literature,True,silver,,,,0,075428.68+432420.6,dev
080356.67+413543.7,120.9861440000,41.5954910000,1.2244170000,,,,,normal_agn,,literature,True,silver,,,,0,080356.67+413543.7,dev
081353.88+274826.6,123.4745310000,27.8073890000,1.5387390000,,,,,normal_agn,,literature,True,silver,,,,0,081353.88+274826.6,dev
081752.47+292804.7,124.4686390000,29.4679800000,1.6152320000,,,,,normal_agn,,literature,True,silver,,,,0,081752.47+292804.7,test
080421.25+313319.6,121.0885530000,31.5554450000,1.2148930000,,,,,normal_agn,,literature,True,silver,,,,0,080421.25+313319.6,test
083254.35+310022.1,128.2264860000,31.0061500000,1.9394970000,,,,,normal_agn,,literature,True,silver,,,,0,083254.35+310022.1,dev
081155.40+210506.2,122.9808380000,21.0850640000,1.6515250000,,,,,normal_agn,,literature,True,silver,,,,0,081155.40+210506.2,dev
082611.11+474224.2,126.5463310000,47.7067300000,1.1005510000,,,,,normal_agn,,literature,True,silver,,,,0,082611.11+474224.2,dev
074852.78+253209.0,117.2199480000,25.5358350000,1.6444310000,,,,,normal_agn,,literature,True,silver,,,,0,074852.78+253209.0,test
081809.09+503743.7,124.5378750000,50.6288260000,1.9123370000,,,,,normal_agn,,literature,True,silver,,,,0,081809.09+503743.7,dev
084410.77+241204.6,131.0449020000,24.2013020000,1.2125800000,,,,,normal_agn,,literature,True,silver,,,,0,084410.77+241204.6,dev
080522.47+543436.4,121.3436410000,54.5767970000,1.9500000000,,,,,normal_agn,,literature,True,silver,,,,0,080522.47+543436.4,dev
083834.45+450718.5,129.6435510000,45.1218090000,1.0770000000,,,,,normal_agn,,literature,True,silver,,,,0,083834.45+450718.5,dev
083514.15+481844.2,128.8089600000,48.3122900000,1.6056030000,,,,,normal_agn,,literature,True,silver,,,,0,083514.15+481844.2,dev
082712.24+513542.1,126.8010090000,51.5950400000,1.5360000000,,,,,normal_agn,,literature,True,silver,,,,0,082712.24+513542.1,test
080542.21+452145.0,121.4258980000,45.3625200000,1.7510000000,,,,,normal_agn,,literature,True,silver,,,,0,080542.21+452145.0,dev
082804.88+371321.3,127.0203590000,37.2225870000,1.6364700000,,,,,normal_agn,,literature,True,silver,,,,0,082804.88+371321.3,dev
081857.92+354919.6,124.7413590000,35.8221360000,1.6360000000,,,,,normal_agn,,literature,True,silver,,,,0,081857.92+354919.6,dev
083809.62+294513.6,129.5401000000,29.7537940000,1.5610710000,,,,,normal_agn,,literature,True,silver,,,,0,083809.62+294513.6,dev
081045.09+245229.2,122.6878970000,24.8747900000,1.7785800000,,,,,normal_agn,,literature,True,silver,,,,0,081045.09+245229.2,dev
081301.84+322212.8,123.2576760000,32.3702470000,1.2108250000,,,,,normal_agn,,literature,True,silver,,,,0,081301.84+322212.8,test
080308.38+471313.2,120.7849410000,47.2203430000,1.5790000000,,,,,normal_agn,,literature,True,silver,,,,0,080308.38+471313.2,dev
081254.82+334950.2,123.2284310000,33.8306130000,1.5002180000,,,,,normal_agn,,literature,True,silver,,,,0,081254.82+334950.2,dev
075719.57+233107.5,119.3315750000,23.5187760000,1.2975750000,,,,,normal_agn,,literature,True,silver,,,,0,075719.57+233107.5,dev
075406.76+163258.5,118.5281940000,16.5495970000,1.4212270000,,,,,normal_agn,,literature,True,silver,,,,0,075406.76+163258.5,dev
081005.42+424324.0,122.5226200000,42.7233340000,1.2403440000,,,,,normal_agn,,literature,True,silver,,,,0,081005.42+424324.0,dev
075300.09+464929.3,118.2504140000,46.8248280000,1.2928790000,,,,,normal_agn,,literature,True,silver,,,,0,075300.09+464929.3,dev
075857.71+141550.3,119.7404880000,14.2639940000,1.3624830000,,,,,normal_agn,,literature,True,silver,,,,0,075857.71+141550.3,dev
083211.17+514746.9,128.0465420000,51.7963830000,1.1870050000,,,,,normal_agn,,literature,True,silver,,,,0,083211.17+514746.9,dev
082449.01+540758.7,126.2042460000,54.1329950000,1.8020000000,,,,,normal_agn,,literature,True,silver,,,,0,082449.01+540758.7,test
075129.51+334621.2,117.8729870000,33.7725760000,1.7470720000,,,,,normal_agn,,literature,True,silver,,,,0,075129.51+334621.2,test
075943.63+223605.6,119.9317950000,22.6015590000,1.3259630000,,,,,normal_agn,,literature,True,silver,,,,0,075943.63+223605.6,dev
081930.83+273656.3,124.8784720000,27.6156630000,1.4019810000,,,,,normal_agn,,literature,True,silver,,,,0,081930.83+273656.3,dev
084456.68+332311.5,131.2361900000,33.3865320000,1.0763000000,,,,,normal_agn,,literature,True,silver,,,,0,084456.68+332311.5,dev
074850.92+470146.1,117.2121870000,47.0294930000,1.6140990000,,,,,normal_agn,,literature,True,silver,,,,0,074850.92+470146.1,test
081328.54+280929.8,123.3689320000,28.1582790000,1.2172030000,,,,,normal_agn,,literature,True,silver,,,,0,081328.54+280929.8,dev
084435.11+204828.7,131.1463320000,20.8079950000,1.7568530000,,,,,normal_agn,,literature,True,silver,,,,0,084435.11+204828.7,dev
082920.53+303520.9,127.3355560000,30.5891530000,1.1979380000,,,,,normal_agn,,literature,True,silver,,,,0,082920.53+303520.9,dev
082023.96+474926.7,125.0998520000,47.8240960000,1.1940000000,,,,,normal_agn,,literature,True,silver,,,,0,082023.96+474926.7,dev
081656.53+324115.6,124.2355670000,32.6876710000,1.7552200000,,,,,normal_agn,,literature,True,silver,,,,0,081656.53+324115.6,test
080924.45+441548.2,122.3518850000,44.2633990000,1.3315070000,,,,,normal_agn,,literature,True,silver,,,,0,080924.45+441548.2,dev
083055.36+481005.5,127.7307070000,48.1682200000,1.1634310000,,,,,normal_agn,,literature,True,silver,,,,0,083055.36+481005.5,dev
084304.27+415141.2,130.7677950000,41.8614470000,1.2885560000,,,,,normal_agn,,literature,True,silver,,,,0,084304.27+415141.2,dev
075814.23+250009.6,119.5592990000,25.0026920000,1.0954960000,,,,,normal_agn,,literature,True,silver,,,,0,075814.23+250009.6,dev
080539.14+442115.3,121.4131140000,44.3542670000,1.1940000000,,,,,normal_agn,,literature,True,silver,,,,0,080539.14+442115.3,dev
084048.37+262048.5,130.2015740000,26.3468290000,1.5459920000,,,,,normal_agn,,literature,True,silver,,,,0,084048.37+262048.5,dev
081027.02+442132.3,122.6126170000,44.3589960000,1.8630250000,,,,,normal_agn,,literature,True,silver,,,,0,081027.02+442132.3,test
080707.59+260335.9,121.7816580000,26.0599800000,1.4467130000,,,,,normal_agn,,literature,True,silver,,,,0,080707.59+260335.9,dev
075955.72+445239.2,119.9821860000,44.8775770000,1.2620000000,,,,,normal_agn,,literature,True,silver,,,,0,075955.72+445239.2,dev
081839.99+102239.3,124.6666400000,10.3775920000,1.2166000000,,,,,normal_agn,,literature,True,silver,,,,0,081839.99+102239.3,dev
082211.32+300503.9,125.5472000000,30.0844390000,1.9976120000,,,,,normal_agn,,literature,True,silver,,,,0,082211.32+300503.9,dev
083028.07+271315.9,127.6169830000,27.2210860000,1.9850880000,,,,,normal_agn,,literature,True,silver,,,,0,083028.07+271315.9,dev
080328.24+295633.6,120.8676790000,29.9426710000,1.5621400000,,,,,normal_agn,,literature,True,silver,,,,0,080328.24+295633.6,dev
083907.20+501135.1,129.7800030000,50.1931050000,1.1061150000,,,,,normal_agn,,literature,True,silver,,,,0,083907.20+501135.1,dev
081148.38+572259.5,122.9515880000,57.3832030000,1.5250000000,,,,,normal_agn,,literature,True,silver,,,,0,081148.38+572259.5,dev
083439.70+303751.4,128.6654280000,30.6309700000,1.9229890000,,,,,normal_agn,,literature,True,silver,,,,0,083439.70+303751.4,test
081806.20+460700.3,124.5258400000,46.1167640000,1.5610000000,,,,,normal_agn,,literature,True,silver,,,,0,081806.20+460700.3,dev
081614.97+435640.2,124.0623790000,43.9445010000,1.9618250000,,,,,normal_agn,,literature,True,silver,,,,0,081614.97+435640.2,dev
081827.69+512912.8,124.6153950000,51.4868950000,1.4263830000,,,,,normal_agn,,literature,True,silver,,,,0,081827.69+512912.8,dev
082423.26+311334.1,126.0969310000,31.2261520000,1.4840260000,,,,,normal_agn,,literature,True,silver,,,,0,082423.26+311334.1,dev
081330.73+214901.9,123.3780690000,21.8172160000,1.5790450000,,,,,normal_agn,,literature,True,silver,,,,0,081330.73+214901.9,dev
080352.61+341714.1,120.9692470000,34.2872740000,1.2030000000,,,,,normal_agn,,literature,True,silver,,,,0,080352.61+341714.1,dev
083234.04+425626.7,128.1418420000,42.9407540000,1.9047420000,,,,,normal_agn,,literature,True,silver,,,,0,083234.04+425626.7,dev
075240.01+213251.5,118.1667490000,21.5476580000,1.2273140000,,,,,normal_agn,,literature,True,silver,,,,0,075240.01+213251.5,dev
082549.76+361321.7,126.4573370000,36.2227080000,1.4558950000,,,,,normal_agn,,literature,True,silver,,,,0,082549.76+361321.7,test
084311.03+433706.0,130.7959610000,43.6183450000,1.3710000000,,,,,normal_agn,,literature,True,silver,,,,0,084311.03+433706.0,dev
083841.37+550624.9,129.6724080000,55.1069380000,1.7950000000,,,,,normal_agn,,literature,True,silver,,,,0,083841.37+550624.9,dev
081210.96+070826.2,123.0456710000,7.1406370000,1.8850560000,,,,,normal_agn,,literature,True,silver,,,,0,081210.96+070826.2,dev
074900.68+422127.7,117.2528360000,42.3576980000,1.1728280000,,,,,normal_agn,,literature,True,silver,,,,0,074900.68+422127.7,dev
082623.84+294545.2,126.5993440000,29.7625800000,1.0638140000,,,,,normal_agn,,literature,True,silver,,,,0,082623.84+294545.2,dev
082919.21+501452.0,127.3300680000,50.2478030000,1.1710000000,,,,,normal_agn,,literature,True,silver,,,,0,082919.21+501452.0,dev
082521.26+420623.9,126.3386080000,42.1066650000,1.8550930000,,,,,normal_agn,,literature,True,silver,,,,0,082521.26+420623.9,test
083032.50+433337.8,127.6354420000,43.5605130000,1.4450000000,,,,,normal_agn,,literature,True,silver,,,,0,083032.50+433337.8,dev
081458.21+340057.8,123.7425680000,34.0160740000,1.3248170000,,,,,normal_agn,,literature,True,silver,,,,0,081458.21+340057.8,dev
080628.47+374626.9,121.6186610000,37.7741470000,1.6899250000,,,,,normal_agn,,literature,True,silver,,,,0,080628.47+374626.9,dev
082801.53+412351.7,127.0063930000,41.3977060000,1.1130000000,,,,,normal_agn,,literature,True,silver,,,,0,082801.53+412351.7,dev
083942.36+512342.4,129.9265410000,51.3951300000,1.1050000000,,,,,normal_agn,,literature,True,silver,,,,0,083942.36+512342.4,dev
083612.09+331810.9,129.0503930000,33.3030400000,1.4199260000,,,,,normal_agn,,literature,True,silver,,,,0,083612.09+331810.9,dev
083914.96+290000.9,129.8123570000,29.0002560000,1.2175870000,,,,,normal_agn,,literature,True,silver,,,,0,083914.96+290000.9,dev
082714.84+421037.9,126.8118360000,42.1772150000,1.8409230000,,,,,normal_agn,,literature,True,silver,,,,0,082714.84+421037.9,dev
083128.63+485242.0,127.8693010000,48.8783460000,1.6807510000,,,,,normal_agn,,literature,True,silver,,,,0,083128.63+485242.0,dev
083421.17+285123.8,128.5882370000,28.8566220000,1.3510120000,,,,,normal_agn,,literature,True,silver,,,,0,083421.17+285123.8,dev
075414.65+305856.5,118.5610530000,30.9823670000,1.9723450000,,,,,normal_agn,,literature,True,silver,,,,0,075414.65+305856.5,dev
082545.73+371428.9,126.4405740000,37.2413650000,1.3453910000,,,,,normal_agn,,literature,True,silver,,,,0,082545.73+371428.9,dev
081908.93+285121.3,124.7872270000,28.8559200000,1.8125810000,,,,,normal_agn,,literature,True,silver,,,,0,081908.93+285121.3,dev
075114.98+301616.1,117.8124500000,30.2711430000,1.7440000000,,,,,normal_agn,,literature,True,silver,,,,0,075114.98+301616.1,dev
080703.40+400329.3,121.7641810000,40.0581510000,1.6129130000,,,,,normal_agn,,literature,True,silver,,,,0,080703.40+400329.3,dev
083702.03+433531.3,129.2584740000,43.5920440000,1.0417030000,,,,,normal_agn,,literature,True,silver,,,,0,083702.03+433531.3,dev
082457.42+294819.3,126.2392650000,29.8053740000,1.7535230000,,,,,normal_agn,,literature,True,silver,,,,0,082457.42+294819.3,test
080645.29+472533.3,121.6887170000,47.4259200000,1.5273240000,,,,,normal_agn,,literature,True,silver,,,,0,080645.29+472533.3,test
075826.05+481031.4,119.6085590000,48.1754010000,1.5813890000,,,,,normal_agn,,literature,True,silver,,,,0,075826.05+481031.4,dev
081733.84+352229.1,124.3910180000,35.3747590000,1.5710740000,,,,,normal_agn,,literature,True,silver,,,,0,081733.84+352229.1,test
075757.87+095607.5,119.4911270000,9.9354360000,1.1000000000,,,,,normal_agn,,literature,True,silver,,,,0,075757.87+095607.5,dev
083416.47+544056.6,128.5686290000,54.6824150000,1.5250000000,,,,,normal_agn,,literature,True,silver,,,,0,083416.47+544056.6,dev
074851.90+412645.8,117.2162570000,41.4460770000,1.6012980000,,,,,normal_agn,,literature,True,silver,,,,0,074851.90+412645.8,dev
081223.72+473341.3,123.0988640000,47.5614750000,1.8751420000,,,,,normal_agn,,literature,True,silver,,,,0,081223.72+473341.3,dev
075854.41+521144.6,119.7267430000,52.1957420000,1.1319670000,,,,,normal_agn,,literature,True,silver,,,,0,075854.41+521144.6,test
081249.36+203632.9,123.2056850000,20.6091500000,1.8229520000,,,,,normal_agn,,literature,True,silver,,,,0,081249.36+203632.9,dev
082011.24+350141.2,125.0468630000,35.0281320000,1.5033490000,,,,,normal_agn,,literature,True,silver,,,,0,082011.24+350141.2,test
082523.83+282134.4,126.3493210000,28.3595750000,1.6586180000,,,,,normal_agn,,literature,True,silver,,,,0,082523.83+282134.4,dev
084107.67+534415.6,130.2819770000,53.7376930000,1.3390000000,,,,,normal_agn,,literature,True,silver,,,,0,084107.67+534415.6,dev
080946.92+512418.2,122.4455310000,51.4050700000,1.6020000000,,,,,normal_agn,,literature,True,silver,,,,0,080946.92+512418.2,dev
082812.61+282737.0,127.0525530000,28.4602850000,1.8619210000,,,,,normal_agn,,literature,True,silver,,,,0,082812.61+282737.0,dev
080110.09+342927.6,120.2920480000,34.4910200000,1.6565400000,,,,,normal_agn,,literature,True,silver,,,,0,080110.09+342927.6,dev
080951.68+355601.3,122.4653470000,35.9336950000,1.5101640000,,,,,normal_agn,,literature,True,silver,,,,0,080951.68+355601.3,dev
081913.57+271933.6,124.8065500000,27.3260080000,1.7698620000,,,,,normal_agn,,literature,True,silver,,,,0,081913.57+271933.6,dev
075001.51+454710.7,117.5062950000,45.7863270000,1.3994870000,,,,,normal_agn,,literature,True,silver,,,,0,075001.51+454710.7,dev
083940.68+402741.6,129.9195410000,40.4615790000,1.6810240000,,,,,normal_agn,,literature,True,silver,,,,0,083940.68+402741.6,dev
081228.55+224720.5,123.1189910000,22.7890310000,1.6183690000,,,,,normal_agn,,literature,True,silver,,,,0,081228.55+224720.5,dev
081947.57+223227.9,124.9482320000,22.5411050000,1.5651220000,,,,,normal_agn,,literature,True,silver,,,,0,081947.57+223227.9,dev
084138.41+305216.8,130.4100760000,30.8713370000,1.7756000000,,,,,normal_agn,,literature,True,silver,,,,0,084138.41+305216.8,dev
081414.04+395228.5,123.5585240000,39.8746070000,1.7254680000,,,,,normal_agn,,literature,True,silver,,,,0,081414.04+395228.5,dev
075631.86+483917.1,119.1327750000,48.6547640000,1.7766300000,,,,,normal_agn,,literature,True,silver,,,,0,075631.86+483917.1,dev
080450.73+301055.3,121.2113900000,30.1820400000,1.6343540000,,,,,normal_agn,,literature,True,silver,,,,0,080450.73+301055.3,dev
082112.50+232859.4,125.3020990000,23.4831880000,1.7990000000,,,,,normal_agn,,literature,True,silver,,,,0,082112.50+232859.4,dev
075905.41+473948.7,119.7725480000,47.6635340000,1.5174650000,,,,,normal_agn,,literature,True,silver,,,,0,075905.41+473948.7,dev
081252.10+334913.7,123.2170980000,33.8204940000,1.9067700000,,,,,normal_agn,,literature,True,silver,,,,0,081252.10+334913.7,dev
080841.19+063229.5,122.1716370000,6.5415550000,1.6170000000,,,,,normal_agn,,literature,True,silver,,,,0,080841.19+063229.5,dev
082502.32+525330.3,126.2596750000,52.8917670000,1.5480000000,,,,,normal_agn,,literature,True,silver,,,,0,082502.32+525330.3,dev
083623.94+222834.6,129.0997660000,22.4763000000,1.9187510000,,,,,normal_agn,,literature,True,silver,,,,0,083623.94+222834.6,dev
083056.79+523413.3,127.7366570000,52.5703800000,1.3192530000,,,,,normal_agn,,literature,True,silver,,,,0,083056.79+523413.3,dev
075038.15+182757.9,117.6589600000,18.4660920000,1.1572960000,,,,,normal_agn,,literature,True,silver,,,,0,075038.15+182757.9,dev
074836.97+470802.2,117.1540570000,47.1339520000,1.3273950000,,,,,normal_agn,,literature,True,silver,,,,0,074836.97+470802.2,dev
080821.65+303018.1,122.0902330000,30.5050450000,1.5532320000,,,,,normal_agn,,literature,True,silver,,,,0,080821.65+303018.1,dev
080630.44+390429.8,121.6268520000,39.0749620000,1.5369580000,,,,,normal_agn,,literature,True,silver,,,,0,080630.44+390429.8,dev
075709.44+420818.0,119.2893570000,42.1383370000,1.4757520000,,,,,normal_agn,,literature,True,silver,,,,0,075709.44+420818.0,dev
083813.78+331821.2,129.5574490000,33.3059160000,1.7463000000,,,,,normal_agn,,literature,True,silver,,,,0,083813.78+331821.2,dev
081643.23+243728.0,124.1801380000,24.6244510000,1.8601370000,,,,,normal_agn,,literature,True,silver,,,,0,081643.23+243728.0,dev
080617.92+094255.8,121.5746750000,9.7155120000,1.4800000000,,,,,normal_agn,,literature,True,silver,,,,0,080617.92+094255.8,dev
080521.10+295707.4,121.3379290000,29.9520810000,1.2891490000,,,,,normal_agn,,literature,True,silver,,,,0,080521.10+295707.4,dev
075958.35+523148.5,119.9931370000,52.5301660000,1.0810900000,,,,,normal_agn,,literature,True,silver,,,,0,075958.35+523148.5,test
083232.37+430306.1,128.1348990000,43.0517000000,1.3136250000,,,,,normal_agn,,literature,True,silver,,,,0,083232.37+430306.1,dev
082258.26+402058.6,125.7427720000,40.3496160000,1.8617510000,,,,,normal_agn,,literature,True,silver,,,,0,082258.26+402058.6,dev
080639.50+213312.2,121.6646220000,21.5534120000,1.3099320000,,,,,normal_agn,,literature,True,silver,,,,0,080639.50+213312.2,dev
080317.63+284600.3,120.8234750000,28.7667610000,1.3176900000,,,,,normal_agn,,literature,True,silver,,,,0,080317.63+284600.3,dev
084513.33+543548.2,131.3055750000,54.5967490000,1.4363740000,,,,,normal_agn,,literature,True,silver,,,,0,084513.33+543548.2,test
080216.56+471613.7,120.5690180000,47.2704940000,1.1469820000,,,,,normal_agn,,literature,True,silver,,,,0,080216.56+471613.7,dev
075351.42+354735.5,118.4642590000,35.7931970000,1.4630450000,,,,,normal_agn,,literature,True,silver,,,,0,075351.42+354735.5,test
083558.84+200035.7,128.9951900000,20.0099200000,1.3856500000,,,,,normal_agn,,literature,True,silver,,,,0,083558.84+200035.7,dev
084017.96+535221.9,130.0748740000,53.8727750000,1.8320000000,,,,,normal_agn,,literature,True,silver,,,,0,084017.96+535221.9,dev
080126.59+372639.0,120.3608060000,37.4441940000,1.2745510000,,,,,normal_agn,,literature,True,silver,,,,0,080126.59+372639.0,dev
080704.47+301154.9,121.7686550000,30.1986060000,1.8627390000,,,,,normal_agn,,literature,True,silver,,,,0,080704.47+301154.9,dev
080810.36+392129.3,122.0431680000,39.3581630000,1.8072020000,,,,,normal_agn,,literature,True,silver,,,,0,080810.36+392129.3,dev
082455.96+253138.8,126.2331680000,25.5274640000,1.4378240000,,,,,normal_agn,,literature,True,silver,,,,0,082455.96+253138.8,dev
081457.19+084349.8,123.7383300000,8.7305150000,1.5431000000,,,,,normal_agn,,literature,True,silver,,,,0,081457.19+084349.8,dev
075744.66+371359.6,119.4361080000,37.2332500000,1.2858360000,,,,,normal_agn,,literature,True,silver,,,,0,075744.66+371359.6,dev
083630.57+180714.6,129.1273800000,18.1207350000,1.2365940000,,,,,normal_agn,,literature,True,silver,,,,0,083630.57+180714.6,dev
083457.00+421911.5,128.7375350000,42.3198670000,1.0316490000,,,,,normal_agn,,literature,True,silver,,,,0,083457.00+421911.5,test
074918.75+491612.4,117.3281550000,49.2701210000,1.9321010000,,,,,normal_agn,,literature,True,silver,,,,0,074918.75+491612.4,test
082838.18+345051.6,127.1591150000,34.8476760000,1.4688400000,,,,,normal_agn,,literature,True,silver,,,,0,082838.18+345051.6,dev
083038.80+325337.1,127.6616920000,32.8936480000,1.8595730000,,,,,normal_agn,,literature,True,silver,,,,0,083038.80+325337.1,dev
080524.61+102751.9,121.3525640000,10.4644350000,1.3288230000,,,,,normal_agn,,literature,True,silver,,,,0,080524.61+102751.9,dev
080512.25+540258.8,121.3010820000,54.0496840000,1.7909280000,,,,,normal_agn,,literature,True,silver,,,,0,080512.25+540258.8,test
082747.87+341758.2,126.9494960000,34.2995100000,1.4842090000,,,,,normal_agn,,literature,True,silver,,,,0,082747.87+341758.2,test
084235.64+282228.7,130.6485370000,28.3746450000,1.7186730000,,,,,normal_agn,,literature,True,silver,,,,0,084235.64+282228.7,dev
082953.33+324615.0,127.4722310000,32.7708380000,1.0499630000,,,,,normal_agn,,literature,True,silver,,,,0,082953.33+324615.0,dev
082847.47+075942.3,127.1978220000,7.9951010000,1.6416850000,,,,,normal_agn,,literature,True,silver,,,,0,082847.47+075942.3,dev
075547.33+240543.9,118.9472360000,24.0955370000,1.2169590000,,,,,normal_agn,,literature,True,silver,,,,0,075547.33+240543.9,test
081544.72+345419.3,123.9363370000,34.9053790000,1.5440000000,,,,,normal_agn,,literature,True,silver,,,,0,081544.72+345419.3,test
082637.45+344007.2,126.6560510000,34.6686830000,1.7471240000,,,,,normal_agn,,literature,True,silver,,,,0,082637.45+344007.2,dev
080525.22+242217.4,121.3551060000,24.3715140000,1.6634170000,,,,,normal_agn,,literature,True,silver,,,,0,080525.22+242217.4,dev
081250.33+302644.8,123.2097210000,30.4457960000,1.8065020000,,,,,normal_agn,,literature,True,silver,,,,0,081250.33+302644.8,dev
081846.60+220759.4,124.6942020000,22.1331730000,1.1067640000,,,,,normal_agn,,literature,True,silver,,,,0,081846.60+220759.4,dev
080648.46+462007.1,121.7019390000,46.3353110000,1.6350000000,,,,,normal_agn,,literature,True,silver,,,,0,080648.46+462007.1,dev
074945.07+422910.7,117.4378330000,42.4863160000,1.6799590000,,,,,normal_agn,,literature,True,silver,,,,0,074945.07+422910.7,dev
083607.14+341749.2,129.0297500000,34.2970160000,1.4943010000,,,,,normal_agn,,literature,True,silver,,,,0,083607.14+341749.2,dev
082331.69+155530.8,125.8820640000,15.9252440000,1.6570000000,,,,,normal_agn,,literature,True,silver,,,,0,082331.69+155530.8,dev
082156.99+283358.2,125.4874700000,28.5661700000,1.0280230000,,,,,normal_agn,,literature,True,silver,,,,0,082156.99+283358.2,dev
084222.89+531218.1,130.5953790000,53.2050420000,1.2660000000,,,,,normal_agn,,literature,True,silver,,,,0,084222.89+531218.1,dev
080724.52+220716.3,121.8522060000,22.1212010000,1.3126700000,,,,,normal_agn,,literature,True,silver,,,,0,080724.52+220716.3,dev
075636.82+352638.7,119.1534330000,35.4440950000,1.0870570000,,,,,normal_agn,,literature,True,silver,,,,0,075636.82+352638.7,dev
075501.00+210830.4,118.7541820000,21.1417840000,1.4897390000,,,,,normal_agn,,literature,True,silver,,,,0,075501.00+210830.4,dev
083427.40+201334.1,128.6141800000,20.2261450000,1.3133240000,,,,,normal_agn,,literature,True,silver,,,,0,083427.40+201334.1,dev
084017.60+302752.6,130.0733450000,30.4646230000,1.9186220000,,,,,normal_agn,,literature,True,silver,,,,0,084017.60+302752.6,dev
084507.04+311003.0,131.2793690000,31.1675190000,1.0902720000,,,,,normal_agn,,literature,True,silver,,,,0,084507.04+311003.0,dev
082623.33+534336.3,126.5972170000,53.7267600000,1.5300000000,,,,,normal_agn,,literature,True,silver,,,,0,082623.33+534336.3,dev
081825.69+492131.7,124.6070550000,49.3588170000,1.7250190000,,,,,normal_agn,,literature,True,silver,,,,0,081825.69+492131.7,dev
080448.35+234229.7,121.2014620000,23.7082600000,1.2863200000,,,,,normal_agn,,literature,True,silver,,,,0,080448.35+234229.7,dev
082915.58+522750.4,127.3149230000,52.4640100000,1.7882210000,,,,,normal_agn,,literature,True,silver,,,,0,082915.58+522750.4,dev
083100.40+301106.6,127.7516990000,30.1851730000,1.8960300000,,,,,normal_agn,,literature,True,silver,,,,0,083100.40+301106.6,dev
080424.88+254202.4,121.1036900000,25.7006760000,1.7994510000,,,,,normal_agn,,literature,True,silver,,,,0,080424.88+254202.4,dev
083643.86+283415.6,129.1827760000,28.5710000000,1.9381970000,,,,,normal_agn,,literature,True,silver,,,,0,083643.86+283415.6,dev
083120.65+431046.1,127.8360790000,43.1794760000,1.2020000000,,,,,normal_agn,,literature,True,silver,,,,0,083120.65+431046.1,test
083631.41+294029.9,129.1308860000,29.6749940000,1.5793020000,,,,,normal_agn,,literature,True,silver,,,,0,083631.41+294029.9,dev
084151.90+363015.7,130.4662740000,36.5043860000,1.2607050000,,,,,normal_agn,,literature,True,silver,,,,0,084151.90+363015.7,dev
081448.42+365859.9,123.7017780000,36.9833070000,1.5970000000,,,,,normal_agn,,literature,True,silver,,,,0,081448.42+365859.9,dev
081324.05+244338.8,123.3502100000,24.7274510000,1.1911230000,,,,,normal_agn,,literature,True,silver,,,,0,081324.05+244338.8,dev
082828.53+483138.0,127.1188750000,48.5272370000,1.1698100000,,,,,normal_agn,,literature,True,silver,,,,0,082828.53+483138.0,dev
083827.33+303043.0,129.6138800000,30.5119610000,1.1632890000,,,,,normal_agn,,literature,True,silver,,,,0,083827.33+303043.0,test
083106.04+255836.9,127.7751870000,25.9769280000,1.9246170000,,,,,normal_agn,,literature,True,silver,,,,0,083106.04+255836.9,dev
081249.28+074307.1,123.2053480000,7.7186630000,1.3273280000,,,,,normal_agn,,literature,True,silver,,,,0,081249.28+074307.1,dev
080746.82+320033.6,121.9451090000,32.0093550000,1.0653740000,,,,,normal_agn,,literature,True,silver,,,,0,080746.82+320033.6,dev
081618.21+375551.9,124.0759110000,37.9310870000,1.9830000000,,,,,normal_agn,,literature,True,silver,,,,0,081618.21+375551.9,test
082325.75+542144.6,125.8572940000,54.3623940000,1.3400000000,,,,,normal_agn,,literature,True,silver,,,,0,082325.75+542144.6,dev
080653.68+331530.5,121.7236750000,33.2584860000,1.9070000000,,,,,normal_agn,,literature,True,silver,,,,0,080653.68+331530.5,test
075911.04+362525.6,119.7960210000,36.4237860000,1.5300210000,,,,,normal_agn,,literature,True,silver,,,,0,075911.04+362525.6,test
084059.27+562019.5,130.2469700000,56.3387600000,1.6577760000,,,,,normal_agn,,literature,True,silver,,,,0,084059.27+562019.5,dev
075622.46+333302.7,119.0936180000,33.5507540000,1.8029490000,,,,,normal_agn,,literature,True,silver,,,,0,075622.46+333302.7,dev
074840.32+390711.3,117.1680090000,39.1198270000,1.8560000000,,,,,normal_agn,,literature,True,silver,,,,0,074840.32+390711.3,dev
082523.92+565004.9,126.3496970000,56.8347150000,1.0164510000,,,,,normal_agn,,literature,True,silver,,,,0,082523.92+565004.9,dev
083907.19+451809.7,129.7799750000,45.3027040000,1.1440000000,,,,,normal_agn,,literature,True,silver,,,,0,083907.19+451809.7,test
081131.17+234919.1,122.8799040000,23.8219920000,1.4750430000,,,,,normal_agn,,literature,True,silver,,,,0,081131.17+234919.1,dev
082130.22+562706.4,125.3759210000,56.4517980000,1.9990870000,,,,,normal_agn,,literature,True,silver,,,,0,082130.22+562706.4,dev
075744.31+231033.2,119.4346300000,23.1759100000,1.8280000000,,,,,normal_agn,,literature,True,silver,,,,0,075744.31+231033.2,dev
084045.36+440843.1,130.1890030000,44.1453070000,1.6612290000,,,,,normal_agn,,literature,True,silver,,,,0,084045.36+440843.1,dev
080150.08+293445.9,120.4586700000,29.5794370000,1.8702620000,,,,,normal_agn,,literature,True,silver,,,,0,080150.08+293445.9,test
081916.15+345050.3,124.8173180000,34.8473060000,1.4541540000,,,,,normal_agn,,literature,True,silver,,,,0,081916.15+345050.3,dev
075933.91+344936.6,119.8913300000,34.8268360000,1.6795690000,,,,,normal_agn,,literature,True,silver,,,,0,075933.91+344936.6,test
082415.99+343439.2,126.0666450000,34.5775630000,1.0242070000,,,,,normal_agn,,literature,True,silver,,,,0,082415.99+343439.2,dev
083253.57+522224.4,128.2232300000,52.3734610000,1.2320000000,,,,,normal_agn,,literature,True,silver,,,,0,083253.57+522224.4,dev
084243.72+495631.7,130.6821940000,49.9421620000,1.6779950000,,,,,normal_agn,,literature,True,silver,,,,0,084243.72+495631.7,dev
084006.55+044122.0,130.0273180000,4.6894510000,1.4734400000,,,,,normal_agn,,literature,True,silver,,,,0,084006.55+044122.0,test
083953.96+381211.6,129.9748510000,38.2032420000,1.3074080000,,,,,normal_agn,,literature,True,silver,,,,0,083953.96+381211.6,dev
081046.72+463052.5,122.6946760000,46.5146060000,1.0160000000,,,,,normal_agn,,literature,True,silver,,,,0,081046.72+463052.5,dev
084103.07+372348.0,130.2628120000,37.3966840000,1.7414350000,,,,,normal_agn,,literature,True,silver,,,,0,084103.07+372348.0,test
084140.13+432021.0,130.4172480000,43.3391770000,1.4310000000,,,,,normal_agn,,literature,True,silver,,,,0,084140.13+432021.0,dev
083528.89+372641.2,128.8704160000,37.4448000000,1.5830000000,,,,,normal_agn,,literature,True,silver,,,,0,083528.89+372641.2,dev
080834.95+224324.6,122.1456370000,22.7235250000,1.8985960000,,,,,normal_agn,,literature,True,silver,,,,0,080834.95+224324.6,dev
082855.77+142601.6,127.2323820000,14.4337860000,1.4724000000,,,,,normal_agn,,literature,True,silver,,,,0,082855.77+142601.6,dev
082355.91+423545.3,125.9829680000,42.5959370000,1.8905310000,,,,,normal_agn,,literature,True,silver,,,,0,082355.91+423545.3,dev
082715.24+565839.5,126.8135070000,56.9776440000,1.1739030000,,,,,normal_agn,,literature,True,silver,,,,0,082715.24+565839.5,dev
083956.40+483747.5,129.9850080000,48.6298660000,1.7784060000,,,,,normal_agn,,literature,True,silver,,,,0,083956.40+483747.5,test
083655.97+255917.8,129.2332460000,25.9882890000,1.4090580000,,,,,normal_agn,,literature,True,silver,,,,0,083655.97+255917.8,dev
081245.00+514235.8,123.1875320000,51.7099670000,1.3763450000,,,,,normal_agn,,literature,True,silver,,,,0,081245.00+514235.8,test
083501.73+131129.8,128.7572420000,13.1916120000,1.8150000000,,,,,normal_agn,,literature,True,silver,,,,0,083501.73+131129.8,test
083949.39+274048.6,129.9558250000,27.6801850000,1.0486860000,,,,,normal_agn,,literature,True,silver,,,,0,083949.39+274048.6,dev
083706.06+354520.8,129.2752570000,35.7558010000,1.9114160000,,,,,normal_agn,,literature,True,silver,,,,0,083706.06+354520.8,test
082506.55+495138.3,126.2773160000,49.8606450000,1.8890000000,,,,,normal_agn,,literature,True,silver,,,,0,082506.55+495138.3,test
083709.31+411723.3,129.2888320000,41.2898100000,1.9760000000,,,,,normal_agn,,literature,True,silver,,,,0,083709.31+411723.3,dev
080845.91+260313.0,122.1913080000,26.0536180000,1.5029640000,,,,,normal_agn,,literature,True,silver,,,,0,080845.91+260313.0,dev
082634.87+391451.9,126.6453220000,39.2477530000,1.3395310000,,,,,normal_agn,,literature,True,silver,,,,0,082634.87+391451.9,dev
082042.66+494024.9,125.1777650000,49.6736100000,1.3414760000,,,,,normal_agn,,literature,True,silver,,,,0,082042.66+494024.9,dev
084133.66+460919.8,130.3902540000,46.1555050000,1.7100000000,,,,,normal_agn,,literature,True,silver,,,,0,084133.66+460919.8,dev
075942.33+333402.7,119.9264060000,33.5674440000,1.4331920000,,,,,normal_agn,,literature,True,silver,,,,0,075942.33+333402.7,dev
075331.33+265141.1,118.3805780000,26.8614200000,1.7091180000,,,,,normal_agn,,literature,True,silver,,,,0,075331.33+265141.1,dev
082339.18+152436.6,125.9132740000,15.4101690000,1.3192340000,,,,,normal_agn,,literature,True,silver,,,,0,082339.18+152436.6,test
081354.45+173946.3,123.4769070000,17.6628700000,1.6360000000,,,,,normal_agn,,literature,True,silver,,,,0,081354.45+173946.3,dev
082633.91+293118.9,126.6413010000,29.5219340000,1.3479740000,,,,,normal_agn,,literature,True,silver,,,,0,082633.91+293118.9,dev
075244.53+304138.6,118.1855830000,30.6940620000,1.2674050000,,,,,normal_agn,,literature,True,silver,,,,0,075244.53+304138.6,dev
082817.16+361851.4,127.0715080000,36.3143030000,1.7737930000,,,,,normal_agn,,literature,True,silver,,,,0,082817.16+361851.4,dev
081032.43+341109.1,122.6351650000,34.1858770000,1.0662210000,,,,,normal_agn,,literature,True,silver,,,,0,081032.43+341109.1,test
080653.09+450431.1,121.7212470000,45.0753070000,1.4412650000,,,,,normal_agn,,literature,True,silver,,,,0,080653.09+450431.1,dev
081935.23+343715.2,124.8967960000,34.6209030000,1.8019860000,,,,,normal_agn,,literature,True,silver,,,,0,081935.23+343715.2,test
081529.30+412057.1,123.8720850000,41.3492130000,1.1060000000,,,,,normal_agn,,literature,True,silver,,,,0,081529.30+412057.1,dev
080257.21+252911.8,120.7384110000,25.4866350000,1.5000760000,,,,,normal_agn,,literature,True,silver,,,,0,080257.21+252911.8,dev
080202.49+390732.3,120.5103760000,39.1256550000,1.6521780000,,,,,normal_agn,,literature,True,silver,,,,0,080202.49+390732.3,dev
081337.31+205437.7,123.4054670000,20.9104820000,1.1291400000,,,,,normal_agn,,literature,True,silver,,,,0,081337.31+205437.7,dev
083143.65+471823.1,127.9318970000,47.3064380000,1.2637910000,,,,,normal_agn,,literature,True,silver,,,,0,083143.65+471823.1,test
081244.05+380438.0,123.1835740000,38.0772340000,1.9780780000,,,,,normal_agn,,literature,True,silver,,,,0,081244.05+380438.0,dev
084427.62+573811.0,131.1151220000,57.6363980000,1.2753500000,,,,,normal_agn,,literature,True,silver,,,,0,084427.62+573811.0,test
083204.18+324757.5,128.0174240000,32.7993180000,1.7544900000,,,,,normal_agn,,literature,True,silver,,,,0,083204.18+324757.5,dev
083338.47+361707.6,128.4103310000,36.2854560000,1.3660000000,,,,,normal_agn,,literature,True,silver,,,,0,083338.47+361707.6,dev
081201.81+354204.9,123.0075570000,35.7013730000,1.3839920000,,,,,normal_agn,,literature,True,silver,,,,0,081201.81+354204.9,test
081320.88+503523.2,123.3370250000,50.5897780000,1.3880000000,,,,,normal_agn,,literature,True,silver,,,,0,081320.88+503523.2,dev
081253.48+445800.3,123.2228470000,44.9667750000,1.4600000000,,,,,normal_agn,,literature,True,silver,,,,0,081253.48+445800.3,dev
081811.50+514237.8,124.5479550000,51.7105200000,1.3060000000,,,,,normal_agn,,literature,True,silver,,,,0,081811.50+514237.8,dev
080035.49+542749.4,120.1479130000,54.4637420000,1.3468750000,,,,,normal_agn,,literature,True,silver,,,,0,080035.49+542749.4,dev
082419.30+481306.3,126.0804240000,48.2184290000,1.3410000000,,,,,normal_agn,,literature,True,silver,,,,0,082419.30+481306.3,dev
081938.79+224834.5,124.9116510000,22.8096060000,1.6530810000,,,,,normal_agn,,literature,True,silver,,,,0,081938.79+224834.5,dev
075932.90+334111.6,119.8870890000,33.6865710000,1.0080000000,,,,,normal_agn,,literature,True,silver,,,,0,075932.90+334111.6,test
075735.10+475313.3,119.3962850000,47.8870480000,1.9285820000,,,,,normal_agn,,literature,True,silver,,,,0,075735.10+475313.3,test
081112.87+472555.4,122.8036310000,47.4320790000,1.7040000000,,,,,normal_agn,,literature,True,silver,,,,0,081112.87+472555.4,dev
082502.49+065248.5,126.2604000000,6.8801440000,1.4528240000,,,,,normal_agn,,literature,True,silver,,,,0,082502.49+065248.5,test
081446.37+450754.1,123.6932200000,45.1317160000,1.7150000000,,,,,normal_agn,,literature,True,silver,,,,0,081446.37+450754.1,dev
080326.91+365603.3,120.8621470000,36.9342740000,1.0659750000,,,,,normal_agn,,literature,True,silver,,,,0,080326.91+365603.3,dev
082342.30+203857.7,125.9262510000,20.6493670000,1.2523350000,,,,,normal_agn,,literature,True,silver,,,,0,082342.30+203857.7,dev
081201.66+240052.5,123.0069260000,24.0146080000,1.5311280000,,,,,normal_agn,,literature,True,silver,,,,0,081201.66+240052.5,dev
081302.80+205249.1,123.2617080000,20.8803190000,1.0697190000,,,,,normal_agn,,literature,True,silver,,,,0,081302.80+205249.1,dev
074929.22+422350.8,117.3717830000,42.3974670000,1.8562300000,,,,,normal_agn,,literature,True,silver,,,,0,074929.22+422350.8,test
082031.39+232629.7,125.1307970000,23.4415910000,1.6620700000,,,,,normal_agn,,literature,True,silver,,,,0,082031.39+232629.7,dev
080549.71+245609.7,121.4571420000,24.9360400000,1.2189260000,,,,,normal_agn,,literature,True,silver,,,,0,080549.71+245609.7,dev
075532.80+303045.7,118.8866910000,30.5127090000,1.0310000000,,,,,normal_agn,,literature,True,silver,,,,0,075532.80+303045.7,test
081806.75+390310.9,124.5281260000,39.0530390000,1.2431480000,,,,,normal_agn,,literature,True,silver,,,,0,081806.75+390310.9,test
082916.20+280332.3,127.3175140000,28.0589730000,1.2800650000,,,,,normal_agn,,literature,True,silver,,,,0,082916.20+280332.3,dev
084405.65+523446.8,131.0235700000,52.5796830000,1.1864310000,,,,,normal_agn,,literature,True,silver,,,,0,084405.65+523446.8,dev
075431.51+355818.9,118.6313010000,35.9719230000,1.2211380000,,,,,normal_agn,,literature,True,silver,,,,0,075431.51+355818.9,test
081545.51+241331.3,123.9396490000,24.2253630000,1.5633410000,,,,,normal_agn,,literature,True,silver,,,,0,081545.51+241331.3,dev
082719.66+394403.4,126.8319530000,39.7342910000,1.7949770000,,,,,normal_agn,,literature,True,silver,,,,0,082719.66+394403.4,dev
075341.85+443445.7,118.4243890000,44.5793810000,1.5111120000,,,,,normal_agn,,literature,True,silver,,,,0,075341.85+443445.7,dev
080734.67+530321.6,121.8944770000,53.0560270000,1.7620000000,,,,,normal_agn,,literature,True,silver,,,,0,080734.67+530321.6,dev
082559.57+471107.4,126.4982210000,47.1854150000,1.4990000000,,,,,normal_agn,,literature,True,silver,,,,0,082559.57+471107.4,dev
081159.88+253236.2,122.9995200000,25.5434140000,1.9670190000,,,,,normal_agn,,literature,True,silver,,,,0,081159.88+253236.2,dev
080720.44+403337.5,121.8351790000,40.5604430000,1.7421150000,,,,,normal_agn,,literature,True,silver,,,,0,080720.44+403337.5,dev
075025.67+511248.0,117.6069850000,51.2133350000,1.2268290000,,,,,normal_agn,,literature,True,silver,,,,0,075025.67+511248.0,dev
082133.20+452211.8,125.3883390000,45.3699460000,1.6500000000,,,,,normal_agn,,literature,True,silver,,,,0,082133.20+452211.8,dev
081358.75+232605.4,123.4947980000,23.4348350000,1.4058260000,,,,,normal_agn,,literature,True,silver,,,,0,081358.75+232605.4,dev
082755.12+534834.0,126.9796940000,53.8094580000,1.3600000000,,,,,normal_agn,,literature,True,silver,,,,0,082755.12+534834.0,dev
082122.91+352531.2,125.3454780000,35.4253350000,1.4982040000,,,,,normal_agn,,literature,True,silver,,,,0,082122.91+352531.2,dev
082950.14+115215.0,127.4589220000,11.8708520000,1.3753000000,,,,,normal_agn,,literature,True,silver,,,,0,082950.14+115215.0,dev
080736.53+160634.1,121.9022230000,16.1094910000,1.0320000000,,,,,normal_agn,,literature,True,silver,,,,0,080736.53+160634.1,dev
081400.08+205516.2,123.5003750000,20.9211800000,1.6581200000,,,,,normal_agn,,literature,True,silver,,,,0,081400.08+205516.2,dev
081614.64+570120.3,124.0610050000,57.0223130000,1.6260000000,,,,,normal_agn,,literature,True,silver,,,,0,081614.64+570120.3,dev
084148.06+224712.9,130.4502760000,22.7869380000,1.1335870000,,,,,normal_agn,,literature,True,silver,,,,0,084148.06+224712.9,dev
080731.99+515629.4,121.8833320000,51.9415240000,1.3690000000,,,,,normal_agn,,literature,True,silver,,,,0,080731.99+515629.4,dev
084341.92+190036.6,130.9247020000,19.0101710000,1.2462050000,,,,,normal_agn,,literature,True,silver,,,,0,084341.92+190036.6,dev
081340.37+221406.6,123.4182220000,22.2351820000,1.5540490000,,,,,normal_agn,,literature,True,silver,,,,0,081340.37+221406.6,dev
080509.80+424103.6,121.2908550000,42.6843450000,1.0383330000,,,,,normal_agn,,literature,True,silver,,,,0,080509.80+424103.6,dev
083055.67+282804.9,127.7319830000,28.4680300000,1.7488190000,,,,,normal_agn,,literature,True,silver,,,,0,083055.67+282804.9,dev
083755.25+441156.5,129.4802110000,44.1990450000,1.3500000000,,,,,normal_agn,,literature,True,silver,,,,0,083755.25+441156.5,dev
080633.17+263540.8,121.6382160000,26.5946740000,1.6250000000,,,,,normal_agn,,literature,True,silver,,,,0,080633.17+263540.8,dev
084412.65+244703.2,131.0527350000,24.7842480000,1.5144300000,,,,,normal_agn,,literature,True,silver,,,,0,084412.65+244703.2,dev
080940.22+241619.6,122.4176080000,24.2721220000,1.3801120000,,,,,normal_agn,,literature,True,silver,,,,0,080940.22+241619.6,test
081746.01+355517.3,124.4417150000,35.9214930000,1.0310000000,,,,,normal_agn,,literature,True,silver,,,,0,081746.01+355517.3,dev
080806.82+372605.8,122.0284270000,37.4349520000,1.9095620000,,,,,normal_agn,,literature,True,silver,,,,0,080806.82+372605.8,dev
082304.38+471116.2,125.7682830000,47.1878340000,1.0560000000,,,,,normal_agn,,literature,True,silver,,,,0,082304.38+471116.2,dev
082800.55+514533.4,127.0023150000,51.7592990000,1.7580000000,,,,,normal_agn,,literature,True,silver,,,,0,082800.55+514533.4,dev
080114.74+301122.0,120.3114430000,30.1894640000,1.6580280000,,,,,normal_agn,,literature,True,silver,,,,0,080114.74+301122.0,dev
081952.36+302445.5,124.9681950000,30.4126420000,1.9167300000,,,,,normal_agn,,literature,True,silver,,,,0,081952.36+302445.5,test
084116.04+051953.6,130.3168670000,5.3315720000,1.7055000000,,,,,normal_agn,,literature,True,silver,,,,0,084116.04+051953.6,dev
080842.30+341559.0,122.1762830000,34.2663960000,1.5890000000,,,,,normal_agn,,literature,True,silver,,,,0,080842.30+341559.0,dev
083705.61+463258.6,129.2734010000,46.5496250000,1.9560000000,,,,,normal_agn,,literature,True,silver,,,,0,083705.61+463258.6,dev
081408.33+272129.7,123.5347230000,27.3582650000,1.9140920000,,,,,normal_agn,,literature,True,silver,,,,0,081408.33+272129.7,dev
080146.90+394258.6,120.4454440000,39.7162780000,1.9166470000,,,,,normal_agn,,literature,True,silver,,,,0,080146.90+394258.6,dev
081454.80+361924.1,123.7283640000,36.3233770000,1.1024660000,,,,,normal_agn,,literature,True,silver,,,,0,081454.80+361924.1,dev
081205.52+464048.8,123.0230080000,46.6802280000,1.2400000000,,,,,normal_agn,,literature,True,silver,,,,0,081205.52+464048.8,dev
075957.35+280833.0,119.9889850000,28.1425120000,1.6776490000,,,,,normal_agn,,literature,True,silver,,,,0,075957.35+280833.0,dev
081839.03+385727.6,124.6626490000,38.9576720000,1.4961520000,,,,,normal_agn,,literature,True,silver,,,,0,081839.03+385727.6,test
080351.00+340043.1,120.9625060000,34.0119970000,1.6500000000,,,,,normal_agn,,literature,True,silver,,,,0,080351.00+340043.1,dev
083317.17+565100.8,128.3215810000,56.8502480000,1.7367240000,,,,,normal_agn,,literature,True,silver,,,,0,083317.17+565100.8,dev
080025.87+434239.5,120.1077980000,43.7109900000,1.5410230000,,,,,normal_agn,,literature,True,silver,,,,0,080025.87+434239.5,test
082313.53+394327.3,125.8064100000,39.7242510000,1.5450000000,,,,,normal_agn,,literature,True,silver,,,,0,082313.53+394327.3,test
082458.08+492938.3,126.2420050000,49.4939910000,1.5281110000,,,,,normal_agn,,literature,True,silver,,,,0,082458.08+492938.3,dev
075658.68+373226.8,119.2445030000,37.5408040000,1.5745140000,,,,,normal_agn,,literature,True,silver,,,,0,075658.68+373226.8,dev
075728.16+402356.4,119.3673410000,40.3990170000,1.1645230000,,,,,normal_agn,,literature,True,silver,,,,0,075728.16+402356.4,dev
083908.34+264509.5,129.7847690000,26.7526560000,1.9002420000,,,,,normal_agn,,literature,True,silver,,,,0,083908.34+264509.5,dev
083057.32+355733.5,127.7388680000,35.9593080000,1.7925050000,,,,,normal_agn,,literature,True,silver,,,,0,083057.32+355733.5,dev
082411.66+424719.7,126.0485920000,42.7888090000,1.0210000000,,,,,normal_agn,,literature,True,silver,,,,0,082411.66+424719.7,dev
083429.77+322910.8,128.6240430000,32.4863550000,1.7180000000,,,,,normal_agn,,literature,True,silver,,,,0,083429.77+322910.8,dev
080521.21+182059.1,121.3383930000,18.3497660000,1.7495830000,,,,,normal_agn,,literature,True,silver,,,,0,080521.21+182059.1,test
075534.54+253346.0,118.8939260000,25.5627870000,1.7235190000,,,,,normal_agn,,literature,True,silver,,,,0,075534.54+253346.0,dev
075228.70+225759.2,118.1195840000,22.9664630000,1.2595130000,,,,,normal_agn,,literature,True,silver,,,,0,075228.70+225759.2,dev
083550.24+275407.4,128.9593620000,27.9020720000,1.8335700000,,,,,normal_agn,,literature,True,silver,,,,0,083550.24+275407.4,dev
082443.68+095301.5,126.1820210000,9.8837670000,1.2222000000,,,,,normal_agn,,literature,True,silver,,,,0,082443.68+095301.5,dev
084328.70+062232.9,130.8696140000,6.3758300000,1.8936660000,,,,,normal_agn,,literature,True,silver,,,,0,084328.70+062232.9,dev
080213.42+511714.7,120.5559220000,51.2874200000,1.1285250000,,,,,normal_agn,,literature,True,silver,,,,0,080213.42+511714.7,dev
075626.04+162118.8,119.1085150000,16.3552380000,1.4716620000,,,,,normal_agn,,literature,True,silver,,,,0,075626.04+162118.8,dev
082503.64+304111.2,126.2651750000,30.6864620000,1.1276020000,,,,,normal_agn,,literature,True,silver,,,,0,082503.64+304111.2,dev
082945.61+464122.8,127.4400780000,46.6896680000,1.0770000000,,,,,normal_agn,,literature,True,silver,,,,0,082945.61+464122.8,dev
080147.65+334132.1,120.4485500000,33.6922680000,1.9248240000,,,,,normal_agn,,literature,True,silver,,,,0,080147.65+334132.1,test
081213.00+403921.1,123.0541850000,40.6558650000,1.8120000000,,,,,normal_agn,,literature,True,silver,,,,0,081213.00+403921.1,dev
082839.89+530535.5,127.1662100000,53.0931970000,1.4290000000,,,,,normal_agn,,literature,True,silver,,,,0,082839.89+530535.5,dev
083854.32+215027.7,129.7263470000,21.8410340000,1.3448280000,,,,,normal_agn,,literature,True,silver,,,,0,083854.32+215027.7,dev
080604.52+313443.1,121.5188700000,31.5786660000,1.4787260000,,,,,normal_agn,,literature,True,silver,,,,0,080604.52+313443.1,dev
075432.95+294135.2,118.6373090000,29.6931180000,1.4523580000,,,,,normal_agn,,literature,True,silver,,,,0,075432.95+294135.2,test
081513.35+444631.1,123.8056640000,44.7753150000,1.1964580000,,,,,normal_agn,,literature,True,silver,,,,0,081513.35+444631.1,dev
082216.58+060344.8,125.5690910000,6.0624680000,1.5885320000,,,,,normal_agn,,literature,True,silver,,,,0,082216.58+060344.8,dev
083625.87+210018.1,129.1078090000,21.0050360000,1.0691220000,,,,,normal_agn,,literature,True,silver,,,,0,083625.87+210018.1,dev
083014.84+512043.1,127.5618380000,51.3453110000,1.6558510000,,,,,normal_agn,,literature,True,silver,,,,0,083014.84+512043.1,dev
080230.17+443918.3,120.6257370000,44.6551050000,1.7800000000,,,,,normal_agn,,literature,True,silver,,,,0,080230.17+443918.3,dev
083208.02+450542.6,128.0334430000,45.0951720000,1.2530000000,,,,,normal_agn,,literature,True,silver,,,,0,083208.02+450542.6,dev
080604.47+551711.5,121.5186630000,55.2865290000,1.2204190000,,,,,normal_agn,,literature,True,silver,,,,0,080604.47+551711.5,dev
080959.29+345652.0,122.4970470000,34.9477940000,1.7914970000,,,,,normal_agn,,literature,True,silver,,,,0,080959.29+345652.0,dev
081737.80+355009.2,124.4075260000,35.8359090000,1.0374750000,,,,,normal_agn,,literature,True,silver,,,,0,081737.80+355009.2,dev
084045.27+404628.6,130.1886560000,40.7746380000,1.8160000000,,,,,normal_agn,,literature,True,silver,,,,0,084045.27+404628.6,dev
082211.96+371007.7,125.5498620000,37.1688090000,1.1109760000,,,,,normal_agn,,literature,True,silver,,,,0,082211.96+371007.7,dev
082306.30+210300.2,125.7762670000,21.0500630000,1.3822320000,,,,,normal_agn,,literature,True,silver,,,,0,082306.30+210300.2,test
080058.16+451030.3,120.2423350000,45.1750980000,1.6830000000,,,,,normal_agn,,literature,True,silver,,,,0,080058.16+451030.3,dev
082047.37+393826.8,125.1974080000,39.6408040000,1.0660000000,,,,,normal_agn,,literature,True,silver,,,,0,082047.37+393826.8,dev
075510.49+201817.5,118.7937190000,20.3048680000,1.2621050000,,,,,normal_agn,,literature,True,silver,,,,0,075510.49+201817.5,dev
080613.03+210112.4,121.5543170000,21.0201380000,1.2780480000,,,,,normal_agn,,literature,True,silver,,,,0,080613.03+210112.4,dev
083833.84+560831.6,129.6410070000,56.1421360000,1.1120000000,,,,,normal_agn,,literature,True,silver,,,,0,083833.84+560831.6,dev
082228.83+354750.6,125.6201440000,35.7974000000,1.6682800000,,,,,normal_agn,,literature,True,silver,,,,0,082228.83+354750.6,dev
081659.07+344613.0,124.2461250000,34.7702910000,1.3438270000,,,,,normal_agn,,literature,True,silver,,,,0,081659.07+344613.0,dev
080910.05+555341.5,122.2918850000,55.8948700000,1.1490000000,,,,,normal_agn,,literature,True,silver,,,,0,080910.05+555341.5,test
081133.43+065558.1,122.8892950000,6.9328280000,1.2689860000,,,,,normal_agn,,literature,True,silver,,,,0,081133.43+065558.1,dev
083155.63+314955.0,127.9817920000,31.8319480000,1.3479150000,,,,,normal_agn,,literature,True,silver,,,,0,083155.63+314955.0,dev
080453.12+540004.8,121.2213510000,54.0013350000,1.9940000000,,,,,normal_agn,,literature,True,silver,,,,0,080453.12+540004.8,dev
080012.48+405702.0,120.0520360000,40.9505820000,1.2793500000,,,,,normal_agn,,literature,True,silver,,,,0,080012.48+405702.0,dev
081541.10+300821.9,123.9212910000,30.1394260000,1.8067520000,,,,,normal_agn,,literature,True,silver,,,,0,081541.10+300821.9,dev
082825.60+375525.0,127.1066860000,37.9236160000,1.7065150000,,,,,normal_agn,,literature,True,silver,,,,0,082825.60+375525.0,dev
084044.43+232057.5,130.1851290000,23.3493250000,1.4357690000,,,,,normal_agn,,literature,True,silver,,,,0,084044.43+232057.5,dev
082418.70+350718.4,126.0779200000,35.1217860000,1.4469920000,,,,,normal_agn,,literature,True,silver,,,,0,082418.70+350718.4,dev
075847.15+224040.5,119.6964700000,22.6779400000,1.7983580000,,,,,normal_agn,,literature,True,silver,,,,0,075847.15+224040.5,dev
080546.95+511921.9,121.4456650000,51.3227650000,1.3320000000,,,,,normal_agn,,literature,True,silver,,,,0,080546.95+511921.9,dev
080127.06+502951.8,120.3627610000,50.4977440000,1.0187610000,,,,,normal_agn,,literature,True,silver,,,,0,080127.06+502951.8,dev
080000.98+370510.2,120.0040970000,37.0861720000,1.2726090000,,,,,normal_agn,,literature,True,silver,,,,0,080000.98+370510.2,dev
081247.60+444845.1,123.1983620000,44.8125530000,1.4180000000,,,,,normal_agn,,literature,True,silver,,,,0,081247.60+444845.1,dev
081949.54+254600.8,124.9564490000,25.7668970000,1.6287230000,,,,,normal_agn,,literature,True,silver,,,,0,081949.54+254600.8,dev
081217.75+515226.0,123.0739770000,51.8738910000,1.6393500000,,,,,normal_agn,,literature,True,silver,,,,0,081217.75+515226.0,test
084354.70+262417.1,130.9779360000,26.4047770000,1.4995420000,,,,,normal_agn,,literature,True,silver,,,,0,084354.70+262417.1,dev
081105.95+551439.9,122.7748080000,55.2444370000,1.9875280000,,,,,normal_agn,,literature,True,silver,,,,0,081105.95+551439.9,dev
082418.40+551205.3,126.0767080000,55.2014770000,1.5940000000,,,,,normal_agn,,literature,True,silver,,,,0,082418.40+551205.3,dev
083200.85+430057.5,128.0035440000,43.0159950000,1.7348560000,,,,,normal_agn,,literature,True,silver,,,,0,083200.85+430057.5,dev
080456.26+461115.8,121.2344200000,46.1877270000,1.9990000000,,,,,normal_agn,,literature,True,silver,,,,0,080456.26+461115.8,test
082738.79+411827.0,126.9116630000,41.3075140000,1.2301370000,,,,,normal_agn,,literature,True,silver,,,,0,082738.79+411827.0,test
080154.12+264944.4,120.4755110000,26.8290140000,1.6710810000,,,,,normal_agn,,literature,True,silver,,,,0,080154.12+264944.4,dev
082651.97+390602.0,126.7165670000,39.1005770000,1.2510000000,,,,,normal_agn,,literature,True,silver,,,,0,082651.97+390602.0,dev
082112.69+340413.3,125.3029120000,34.0703750000,1.5540000000,,,,,normal_agn,,literature,True,silver,,,,0,082112.69+340413.3,dev
081232.37+394453.4,123.1349060000,39.7481810000,1.1740000000,,,,,normal_agn,,literature,True,silver,,,,0,081232.37+394453.4,test
080934.61+573442.4,122.3942130000,57.5784700000,1.1760000000,,,,,normal_agn,,literature,True,silver,,,,0,080934.61+573442.4,dev
081350.66+351658.7,123.4611180000,35.2829850000,1.6596110000,,,,,normal_agn,,literature,True,silver,,,,0,081350.66+351658.7,dev
080320.77+235553.2,120.8365730000,23.9314530000,1.3798620000,,,,,normal_agn,,literature,True,silver,,,,0,080320.77+235553.2,dev
080739.37+481600.0,121.9140570000,48.2666870000,1.6162530000,,,,,normal_agn,,literature,True,silver,,,,0,080739.37+481600.0,dev
075259.67+430032.3,118.2486330000,43.0089850000,1.0811120000,,,,,normal_agn,,literature,True,silver,,,,0,075259.67+430032.3,test
082610.68+213729.6,126.5445260000,21.6248980000,1.7387710000,,,,,normal_agn,,literature,True,silver,,,,0,082610.68+213729.6,dev
075939.65+252308.5,119.9152400000,25.3857030000,1.9561830000,,,,,normal_agn,,literature,True,silver,,,,0,075939.65+252308.5,dev
080425.35+474448.7,121.1056590000,47.7468730000,1.9483760000,,,,,normal_agn,,literature,True,silver,,,,0,080425.35+474448.7,test
081605.75+513121.9,124.0239640000,51.5227720000,1.9300000000,,,,,normal_agn,,literature,True,silver,,,,0,081605.75+513121.9,dev
082258.60+443516.8,125.7441870000,44.5880220000,1.7883440000,,,,,normal_agn,,literature,True,silver,,,,0,082258.60+443516.8,test
080428.49+403457.6,121.1187420000,40.5826790000,1.4190730000,,,,,normal_agn,,literature,True,silver,,,,0,080428.49+403457.6,dev
084144.55+232922.6,130.4356270000,23.4896350000,1.4981550000,,,,,normal_agn,,literature,True,silver,,,,0,084144.55+232922.6,dev
082939.88+504332.1,127.4161930000,50.7256110000,1.9050000000,,,,,normal_agn,,literature,True,silver,,,,0,082939.88+504332.1,dev
075214.94+414407.8,118.0622840000,41.7355080000,1.0849790000,,,,,normal_agn,,literature,True,silver,,,,0,075214.94+414407.8,dev
081330.15+353324.5,123.3756480000,35.5568220000,1.4630000000,,,,,normal_agn,,literature,True,silver,,,,0,081330.15+353324.5,dev
083841.60+324317.3,129.6733550000,32.7214760000,1.3526350000,,,,,normal_agn,,literature,True,silver,,,,0,083841.60+324317.3,test
082936.75+494323.5,127.4031380000,49.7232150000,1.8812000000,,,,,normal_agn,,literature,True,silver,,,,0,082936.75+494323.5,dev
082608.13+454350.8,126.5338790000,45.7307850000,1.3143550000,,,,,normal_agn,,literature,True,silver,,,,0,082608.13+454350.8,test
083848.49+323106.1,129.7020460000,32.5183700000,1.6601390000,,,,,normal_agn,,literature,True,silver,,,,0,083848.49+323106.1,dev
082340.83+361701.5,125.9201460000,36.2837710000,1.8241120000,,,,,normal_agn,,literature,True,silver,,,,0,082340.83+361701.5,test
080216.32+255621.1,120.5680310000,25.9392170000,1.8963960000,,,,,normal_agn,,literature,True,silver,,,,0,080216.32+255621.1,dev
082342.84+560049.2,125.9285160000,56.0136730000,1.4262500000,,,,,normal_agn,,literature,True,silver,,,,0,082342.84+560049.2,dev
083751.27+461136.9,129.4636250000,46.1935970000,1.1127780000,,,,,normal_agn,,literature,True,silver,,,,0,083751.27+461136.9,dev
083322.71+421950.0,128.3446410000,42.3305580000,1.8622920000,,,,,normal_agn,,literature,True,silver,,,,0,083322.71+421950.0,dev
081041.71+475630.2,122.6738210000,47.9417470000,1.4590980000,,,,,normal_agn,,literature,True,silver,,,,0,081041.71+475630.2,test
075040.28+181213.1,117.6678360000,18.2036580000,1.0750000000,,,,,normal_agn,,literature,True,silver,,,,0,075040.28+181213.1,dev
075519.88+414411.1,118.8328640000,41.7364360000,1.9372670000,,,,,normal_agn,,literature,True,silver,,,,0,075519.88+414411.1,dev
084218.66+294120.3,130.5777850000,29.6889760000,1.6101490000,,,,,normal_agn,,literature,True,silver,,,,0,084218.66+294120.3,dev
081215.83+451547.9,123.0659590000,45.2633250000,1.7870000000,,,,,normal_agn,,literature,True,silver,,,,0,081215.83+451547.9,dev
083857.31+294344.1,129.7387970000,29.7289430000,1.7409480000,,,,,normal_agn,,literature,True,silver,,,,0,083857.31+294344.1,dev
084405.01+403927.3,131.0208850000,40.6575990000,1.3110130000,,,,,normal_agn,,literature,True,silver,,,,0,084405.01+403927.3,dev
083623.13+254738.8,129.0963850000,25.7941120000,1.8362640000,,,,,normal_agn,,literature,True,silver,,,,0,083623.13+254738.8,dev
083003.74+554011.3,127.5156040000,55.6698080000,1.9639240000,,,,,normal_agn,,literature,True,silver,,,,0,083003.74+554011.3,dev
075337.67+330717.4,118.4069890000,33.1215230000,1.9447330000,,,,,normal_agn,,literature,True,silver,,,,0,075337.67+330717.4,dev
081024.04+333700.9,122.6001880000,33.6169350000,1.2919330000,,,,,normal_agn,,literature,True,silver,,,,0,081024.04+333700.9,dev
075439.57+334540.5,118.6649160000,33.7612590000,1.6143990000,,,,,normal_agn,,literature,True,silver,,,,0,075439.57+334540.5,dev
083608.00+114653.8,129.0333540000,11.7816310000,1.6353110000,,,,,normal_agn,,literature,True,silver,,,,0,083608.00+114653.8,dev
083206.95+494911.8,128.0289660000,49.8199450000,1.4828610000,,,,,normal_agn,,literature,True,silver,,,,0,083206.95+494911.8,dev
075341.09+261330.7,118.4212090000,26.2251950000,1.6111770000,,,,,normal_agn,,literature,True,silver,,,,0,075341.09+261330.7,dev
080553.24+253317.6,121.4718360000,25.5548920000,1.5066960000,,,,,normal_agn,,literature,True,silver,,,,0,080553.24+253317.6,dev
083915.41+150211.2,129.8142450000,15.0364590000,1.9179750000,,,,,normal_agn,,literature,True,silver,,,,0,083915.41+150211.2,dev
080014.79+301824.2,120.0616470000,30.3067370000,1.1561710000,,,,,normal_agn,,literature,True,silver,,,,0,080014.79+301824.2,dev
075038.41+273109.2,117.6600700000,27.5192430000,1.7715990000,,,,,normal_agn,,literature,True,silver,,,,0,075038.41+273109.2,dev
083842.22+374029.7,129.6759190000,37.6749310000,1.1899370000,,,,,normal_agn,,literature,True,silver,,,,0,083842.22+374029.7,test
080103.71+130118.1,120.2654850000,13.0216980000,1.9000000000,,,,,normal_agn,,literature,True,silver,,,,0,080103.71+130118.1,dev
082725.68+341154.3,126.8570230000,34.1984170000,1.5671850000,,,,,normal_agn,,literature,True,silver,,,,0,082725.68+341154.3,test
080017.55+291334.4,120.0731460000,29.2262490000,1.5297570000,,,,,normal_agn,,literature,True,silver,,,,0,080017.55+291334.4,dev
084341.41+444023.3,130.9225730000,44.6731450000,1.0640000000,,,,,normal_agn,,literature,True,silver,,,,0,084341.41+444023.3,test
084135.12+254107.5,130.3963520000,25.6854190000,1.4119980000,,,,,normal_agn,,literature,True,silver,,,,0,084135.12+254107.5,dev
083708.51+362834.9,129.2854610000,36.4763800000,1.9243780000,,,,,normal_agn,,literature,True,silver,,,,0,083708.51+362834.9,test
080527.97+443020.8,121.3665690000,44.5057930000,1.0576270000,,,,,normal_agn,,literature,True,silver,,,,0,080527.97+443020.8,dev
080628.23+345028.6,121.6176480000,34.8412840000,1.0422930000,,,,,normal_agn,,literature,True,silver,,,,0,080628.23+345028.6,test
080544.19+135653.4,121.4341280000,13.9481910000,1.8015370000,,,,,normal_agn,,literature,True,silver,,,,0,080544.19+135653.4,test
075021.41+385453.8,117.5892360000,38.9149530000,1.8743130000,,,,,normal_agn,,literature,True,silver,,,,0,075021.41+385453.8,dev
081456.49+281815.7,123.7354040000,28.3043780000,1.4820380000,,,,,normal_agn,,literature,True,silver,,,,0,081456.49+281815.7,dev
084333.60+261340.3,130.8900320000,26.2278800000,1.8670440000,,,,,normal_agn,,literature,True,silver,,,,0,084333.60+261340.3,dev
083824.59+431817.9,129.6024610000,43.3049760000,1.9552180000,,,,,normal_agn,,literature,True,silver,,,,0,083824.59+431817.9,dev
075944.24+255710.9,119.9343370000,25.9530530000,1.7912550000,,,,,normal_agn,,literature,True,silver,,,,0,075944.24+255710.9,dev
075136.62+332257.0,117.9025930000,33.3825160000,1.0250000000,,,,,normal_agn,,literature,True,silver,,,,0,075136.62+332257.0,test
083029.01+545613.2,127.6208760000,54.9370260000,1.5890000000,,,,,normal_agn,,literature,True,silver,,,,0,083029.01+545613.2,dev
075425.60+511213.9,118.6066860000,51.2038890000,1.9354370000,,,,,normal_agn,,literature,True,silver,,,,0,075425.60+511213.9,dev
082027.33+280310.0,125.1138840000,28.0527880000,1.9849610000,,,,,normal_agn,,literature,True,silver,,,,0,082027.33+280310.0,dev
083903.70+463402.3,129.7654420000,46.5673260000,1.5560000000,,,,,normal_agn,,literature,True,silver,,,,0,083903.70+463402.3,dev
082229.79+525648.0,125.6241580000,52.9466910000,1.1590000000,,,,,normal_agn,,literature,True,silver,,,,0,082229.79+525648.0,dev
082002.69+362213.9,125.0112390000,36.3705450000,1.0652390000,,,,,normal_agn,,literature,True,silver,,,,0,082002.69+362213.9,dev
075658.02+531128.8,119.2417910000,53.1913410000,1.3298670000,,,,,normal_agn,,literature,True,silver,,,,0,075658.02+531128.8,dev
081250.07+491722.7,123.2086300000,49.2896590000,1.5518000000,,,,,normal_agn,,literature,True,silver,,,,0,081250.07+491722.7,dev
083954.73+093735.6,129.9780460000,9.6265590000,1.4661000000,,,,,normal_agn,,literature,True,silver,,,,0,083954.73+093735.6,dev
075735.00+494409.5,119.3958440000,49.7359870000,1.6229360000,,,,,normal_agn,,literature,True,silver,,,,0,075735.00+494409.5,dev
080351.09+254635.3,120.9629020000,25.7764890000,1.7138060000,,,,,normal_agn,,literature,True,silver,,,,0,080351.09+254635.3,dev
083143.54+374455.1,127.9314380000,37.7486510000,1.9829120000,,,,,normal_agn,,literature,True,silver,,,,0,083143.54+374455.1,dev
082404.91+064322.2,126.0204790000,6.7228520000,1.8736580000,,,,,normal_agn,,literature,True,silver,,,,0,082404.91+064322.2,dev
074922.98+281918.2,117.3457870000,28.3217490000,1.2293000000,,,,,normal_agn,,literature,True,silver,,,,0,074922.98+281918.2,dev
083418.86+554835.6,128.5786100000,55.8098970000,1.1457070000,,,,,normal_agn,,literature,True,silver,,,,0,083418.86+554835.6,dev
080517.42+440206.9,121.3226190000,44.0352530000,1.2484470000,,,,,normal_agn,,literature,True,silver,,,,0,080517.42+440206.9,dev
081148.31+375645.2,122.9513180000,37.9459000000,1.4731830000,,,,,normal_agn,,literature,True,silver,,,,0,081148.31+375645.2,dev
082701.64+394931.8,126.7568580000,39.8255100000,1.8904800000,,,,,normal_agn,,literature,True,silver,,,,0,082701.64+394931.8,dev
075330.31+495756.9,118.3763120000,49.9658330000,1.9285190000,,,,,normal_agn,,literature,True,silver,,,,0,075330.31+495756.9,dev
081736.62+330655.2,124.4026030000,33.1153410000,1.1120000000,,,,,normal_agn,,literature,True,silver,,,,0,081736.62+330655.2,dev
081759.61+475423.4,124.4983950000,47.9065170000,1.6402790000,,,,,normal_agn,,literature,True,silver,,,,0,081759.61+475423.4,test
083534.85+345923.3,128.8952200000,34.9898140000,1.6224060000,,,,,normal_agn,,literature,True,silver,,,,0,083534.85+345923.3,test
081801.98+534103.1,124.5082630000,53.6841970000,1.3760000000,,,,,normal_agn,,literature,True,silver,,,,0,081801.98+534103.1,test
084236.15+344217.8,130.6506450000,34.7049540000,1.1064840000,,,,,normal_agn,,literature,True,silver,,,,0,084236.15+344217.8,dev
081209.36+523121.6,123.0390300000,52.5226730000,1.6220000000,,,,,normal_agn,,literature,True,silver,,,,0,081209.36+523121.6,dev
083139.10+475117.7,127.9129290000,47.8549410000,1.5277580000,,,,,normal_agn,,literature,True,silver,,,,0,083139.10+475117.7,dev
080710.56+213141.4,121.7940270000,21.5281670000,1.0261270000,,,,,normal_agn,,literature,True,silver,,,,0,080710.56+213141.4,test
082215.28+532505.9,125.5636960000,53.4183180000,1.7660000000,,,,,normal_agn,,literature,True,silver,,,,0,082215.28+532505.9,dev
081652.23+404347.9,124.2176360000,40.7299730000,1.4294350000,,,,,normal_agn,,literature,True,silver,,,,0,081652.23+404347.9,test
083729.16+230923.8,129.3715410000,23.1566150000,1.1349690000,,,,,normal_agn,,literature,True,silver,,,,0,083729.16+230923.8,test
083922.44+155822.2,129.8435120000,15.9728350000,1.9080000000,,,,,normal_agn,,literature,True,silver,,,,0,083922.44+155822.2,dev
082751.37+442746.0,126.9640610000,44.4627910000,1.4577610000,,,,,normal_agn,,literature,True,silver,,,,0,082751.37+442746.0,dev
080601.34+124609.4,121.5056180000,12.7693020000,1.4009950000,,,,,normal_agn,,literature,True,silver,,,,0,080601.34+124609.4,test
075643.70+474559.0,119.1820990000,47.7663990000,1.4414260000,,,,,normal_agn,,literature,True,silver,,,,0,075643.70+474559.0,dev
080948.64+210540.6,122.4526780000,21.0946160000,1.2243730000,,,,,normal_agn,,literature,True,silver,,,,0,080948.64+210540.6,dev
075659.54+515100.2,119.2480950000,51.8500720000,1.3250000000,,,,,normal_agn,,literature,True,silver,,,,0,075659.54+515100.2,dev
081511.03+312806.3,123.7959880000,31.4684220000,1.3425920000,,,,,normal_agn,,literature,True,silver,,,,0,081511.03+312806.3,dev
075830.83+201815.9,119.6284950000,20.3044380000,1.2519190000,,,,,normal_agn,,literature,True,silver,,,,0,075830.83+201815.9,dev
081800.41+401902.2,124.5017430000,40.3172800000,1.3223740000,,,,,normal_agn,,literature,True,silver,,,,0,081800.41+401902.2,dev
082113.70+414607.5,125.3071190000,41.7687720000,1.2175580000,,,,,normal_agn,,literature,True,silver,,,,0,082113.70+414607.5,dev
083655.58+155815.8,129.2316090000,15.9710730000,1.0652250000,,,,,normal_agn,,literature,True,silver,,,,0,083655.58+155815.8,dev
083229.47+301820.7,128.1227930000,30.3057760000,1.1580850000,,,,,normal_agn,,literature,True,silver,,,,0,083229.47+301820.7,test
075507.90+384526.0,118.7829370000,38.7572460000,1.8186580000,,,,,normal_agn,,literature,True,silver,,,,0,075507.90+384526.0,dev
084054.26+400613.5,130.2260870000,40.1037650000,1.7553810000,,,,,normal_agn,,literature,True,silver,,,,0,084054.26+400613.5,dev
075811.15+473722.2,119.5464890000,47.6228590000,1.6604240000,,,,,normal_agn,,literature,True,silver,,,,0,075811.15+473722.2,dev
080434.57+481743.3,121.1440460000,48.2953740000,1.5485590000,,,,,normal_agn,,literature,True,silver,,,,0,080434.57+481743.3,test
083435.56+544450.6,128.6481970000,54.7474020000,1.3930000000,,,,,normal_agn,,literature,True,silver,,,,0,083435.56+544450.6,dev
081006.37+254633.9,122.5265490000,25.7761110000,1.4508760000,,,,,normal_agn,,literature,True,silver,,,,0,081006.37+254633.9,dev
081802.46+405201.5,124.5102730000,40.8670970000,1.7501070000,,,,,normal_agn,,literature,True,silver,,,,0,081802.46+405201.5,dev
083554.49+260209.4,128.9770610000,26.0359480000,1.2131720000,,,,,normal_agn,,literature,True,silver,,,,0,083554.49+260209.4,dev
083525.11+343602.5,128.8546260000,34.6007040000,1.8046480000,,,,,normal_agn,,literature,True,silver,,,,0,083525.11+343602.5,test
081739.00+183006.3,124.4125230000,18.5017710000,1.0720000000,,,,,normal_agn,,literature,True,silver,,,,0,081739.00+183006.3,test
084126.15+465231.0,130.3589850000,46.8752850000,1.3260000000,,,,,normal_agn,,literature,True,silver,,,,0,084126.15+465231.0,test
084414.64+465530.8,131.0610340000,46.9252350000,1.5600000000,,,,,normal_agn,,literature,True,silver,,,,0,084414.64+465530.8,dev
074908.99+201200.5,117.2874890000,20.2001590000,1.3718680000,,,,,normal_agn,,literature,True,silver,,,,0,074908.99+201200.5,test
082739.58+415854.9,126.9149370000,41.9819350000,1.9514200000,,,,,normal_agn,,literature,True,silver,,,,0,082739.58+415854.9,dev
081015.36+262918.7,122.5640120000,26.4885320000,1.8383440000,,,,,normal_agn,,literature,True,silver,,,,0,081015.36+262918.7,dev
082957.26+151733.8,127.4885970000,15.2927450000,1.4739190000,,,,,normal_agn,,literature,True,silver,,,,0,082957.26+151733.8,dev
080748.52+062011.0,121.9521830000,6.3363970000,1.0508720000,,,,,normal_agn,,literature,True,silver,,,,0,080748.52+062011.0,dev
075359.87+360015.7,118.4994600000,36.0043640000,1.5930000000,,,,,normal_agn,,literature,True,silver,,,,0,075359.87+360015.7,dev
081409.90+284909.1,123.5412640000,28.8192160000,1.7876740000,,,,,normal_agn,,literature,True,silver,,,,0,081409.90+284909.1,dev
075154.95+392419.6,117.9789910000,39.4054480000,1.1614700000,,,,,normal_agn,,literature,True,silver,,,,0,075154.95+392419.6,test
084308.30+514511.0,130.7846070000,51.7530700000,1.2690700000,,,,,normal_agn,,literature,True,silver,,,,0,084308.30+514511.0,dev
081414.24+093147.1,123.5593510000,9.5297520000,1.7082000000,,,,,normal_agn,,literature,True,silver,,,,0,081414.24+093147.1,dev
075837.70+281834.2,119.6571100000,28.3095160000,1.0046150000,,,,,normal_agn,,literature,True,silver,,,,0,075837.70+281834.2,test
082021.64+434547.9,125.0901820000,43.7633260000,1.3525110000,,,,,normal_agn,,literature,True,silver,,,,0,082021.64+434547.9,dev
081952.27+572801.8,124.9678060000,57.4671730000,1.0635930000,,,,,normal_agn,,literature,True,silver,,,,0,081952.27+572801.8,test
084020.42+462835.0,130.0851130000,46.4764070000,1.9080000000,,,,,normal_agn,,literature,True,silver,,,,0,084020.42+462835.0,dev
083023.25+321753.6,127.5968870000,32.2982380000,1.7036110000,,,,,normal_agn,,literature,True,silver,,,,0,083023.25+321753.6,dev
082409.68+495003.1,126.0403540000,49.8342070000,1.9350000000,,,,,normal_agn,,literature,True,silver,,,,0,082409.68+495003.1,test
082059.96+363014.7,125.2498680000,36.5041040000,1.2397660000,,,,,normal_agn,,literature,True,silver,,,,0,082059.96+363014.7,dev
080141.84+221623.1,120.4243360000,22.2731000000,1.5162140000,,,,,normal_agn,,literature,True,silver,,,,0,080141.84+221623.1,test
081618.78+255723.4,124.0782870000,25.9565030000,1.1118590000,,,,,normal_agn,,literature,True,silver,,,,0,081618.78+255723.4,dev
075006.66+241551.2,117.5277770000,24.2642480000,1.3292350000,,,,,normal_agn,,literature,True,silver,,,,0,075006.66+241551.2,dev
081849.32+401738.9,124.7055320000,40.2941440000,1.7706300000,,,,,normal_agn,,literature,True,silver,,,,0,081849.32+401738.9,dev
080051.53+383122.9,120.2147340000,38.5230420000,1.7629980000,,,,,normal_agn,,literature,True,silver,,,,0,080051.53+383122.9,dev
075746.08+425952.0,119.4420350000,42.9978010000,1.5502390000,,,,,normal_agn,,literature,True,silver,,,,0,075746.08+425952.0,dev
080745.86+412549.8,121.9411150000,41.4305030000,1.1950370000,,,,,normal_agn,,literature,True,silver,,,,0,080745.86+412549.8,dev
075856.36+430528.1,119.7348440000,43.0911440000,1.7958480000,,,,,normal_agn,,literature,True,silver,,,,0,075856.36+430528.1,dev
080817.47+480435.6,122.0728190000,48.0765650000,1.1878320000,,,,,normal_agn,,literature,True,silver,,,,0,080817.47+480435.6,dev
081338.69+352002.7,123.4112190000,35.3341060000,1.3038430000,,,,,normal_agn,,literature,True,silver,,,,0,081338.69+352002.7,dev
075423.78+342310.5,118.5990840000,34.3862630000,1.0179990000,,,,,normal_agn,,literature,True,silver,,,,0,075423.78+342310.5,test
080547.48+520546.9,121.4478390000,52.0963860000,1.1740000000,,,,,normal_agn,,literature,True,silver,,,,0,080547.48+520546.9,dev
075415.66+263322.0,118.5652580000,26.5561230000,1.3355940000,,,,,normal_agn,,literature,True,silver,,,,0,075415.66+263322.0,dev
075251.11+181108.1,118.2129780000,18.1855980000,1.9242650000,,,,,normal_agn,,literature,True,silver,,,,0,075251.11+181108.1,dev
081331.13+423435.3,123.3797220000,42.5764980000,1.9382870000,,,,,normal_agn,,literature,True,silver,,,,0,081331.13+423435.3,dev
083857.51+375417.3,129.7396330000,37.9048060000,1.7448830000,,,,,normal_agn,,literature,True,silver,,,,0,083857.51+375417.3,dev
084018.97+615720.3,130.0790710000,61.9556510000,1.3557000000,,,,,normal_agn,,literature,True,silver,,,,0,084018.97+615720.3,dev
082600.52+130838.1,126.5021970000,13.1439380000,1.9054000000,,,,,normal_agn,,literature,True,silver,,,,0,082600.52+130838.1,dev
082746.41+484307.9,126.9433840000,48.7188750000,1.5977890000,,,,,normal_agn,,literature,True,silver,,,,0,082746.41+484307.9,dev
084036.36+275326.1,130.1515330000,27.8906040000,1.5750000000,,,,,normal_agn,,literature,True,silver,,,,0,084036.36+275326.1,dev
083758.54+460802.2,129.4939530000,46.1339700000,1.9310000000,,,,,normal_agn,,literature,True,silver,,,,0,083758.54+460802.2,dev
074851.72+440303.5,117.2155270000,44.0509940000,1.9211090000,,,,,normal_agn,,literature,True,silver,,,,0,074851.72+440303.5,test
082218.57+411818.4,125.5774100000,41.3051380000,1.4619010000,,,,,normal_agn,,literature,True,silver,,,,0,082218.57+411818.4,test
082641.90+300339.0,126.6746200000,30.0608450000,1.1094600000,,,,,normal_agn,,literature,True,silver,,,,0,082641.90+300339.0,dev
084406.29+460901.3,131.0262160000,46.1503740000,1.8947930000,,,,,normal_agn,,literature,True,silver,,,,0,084406.29+460901.3,test
081740.41+545337.0,124.4183780000,54.8936200000,1.7440000000,,,,,normal_agn,,literature,True,silver,,,,0,081740.41+545337.0,dev
083241.23+540734.5,128.1718090000,54.1262550000,1.5060000000,,,,,normal_agn,,literature,True,silver,,,,0,083241.23+540734.5,test
084029.39+553731.4,130.1224670000,55.6254060000,1.8380000000,,,,,normal_agn,,literature,True,silver,,,,0,084029.39+553731.4,dev
082615.19+283513.8,126.5633220000,28.5871740000,1.2292090000,,,,,normal_agn,,literature,True,silver,,,,0,082615.19+283513.8,dev
083904.85+254853.5,129.7702500000,25.8148640000,1.2879300000,,,,,normal_agn,,literature,True,silver,,,,0,083904.85+254853.5,dev
080508.94+303424.3,121.2872860000,30.5734190000,1.2223290000,,,,,normal_agn,,literature,True,silver,,,,0,080508.94+303424.3,dev
080006.36+455808.2,120.0265170000,45.9689630000,1.3940000000,,,,,normal_agn,,literature,True,silver,,,,0,080006.36+455808.2,dev
082535.63+434920.9,126.3984970000,43.8224780000,1.1910000000,,,,,normal_agn,,literature,True,silver,,,,0,082535.63+434920.9,test
075738.95+274104.7,119.4122940000,27.6846530000,1.7663990000,,,,,normal_agn,,literature,True,silver,,,,0,075738.95+274104.7,test
080605.82+554909.2,121.5242630000,55.8192480000,1.2834100000,,,,,normal_agn,,literature,True,silver,,,,0,080605.82+554909.2,dev
082641.01+292747.2,126.6709080000,29.4631270000,1.4585800000,,,,,normal_agn,,literature,True,silver,,,,0,082641.01+292747.2,dev
080428.22+413917.0,121.1176150000,41.6547370000,1.7740000000,,,,,normal_agn,,literature,True,silver,,,,0,080428.22+413917.0,dev
080542.30+230704.8,121.4262570000,23.1180160000,1.8327590000,,,,,normal_agn,,literature,True,silver,,,,0,080542.30+230704.8,dev
082713.81+120528.0,126.8075510000,12.0911120000,1.3577000000,,,,,normal_agn,,literature,True,silver,,,,0,082713.81+120528.0,dev
080320.73+174331.1,120.8364150000,17.7253110000,1.4175210000,,,,,normal_agn,,literature,True,silver,,,,0,080320.73+174331.1,dev
080540.52+274012.7,121.4188440000,27.6702010000,1.3019720000,,,,,normal_agn,,literature,True,silver,,,,0,080540.52+274012.7,dev
081551.39+222328.8,123.9641270000,22.3913500000,1.6596550000,,,,,normal_agn,,literature,True,silver,,,,0,081551.39+222328.8,dev
074837.42+374728.9,117.1559390000,37.7913820000,1.6561080000,,,,,normal_agn,,literature,True,silver,,,,0,074837.42+374728.9,dev
084447.55+530519.4,131.1981580000,53.0887430000,1.9447250000,,,,,normal_agn,,literature,True,silver,,,,0,084447.55+530519.4,test
082039.48+530209.7,125.1645200000,53.0360460000,1.0630000000,,,,,normal_agn,,literature,True,silver,,,,0,082039.48+530209.7,dev
075854.19+511654.2,119.7258170000,51.2817270000,1.7853130000,,,,,normal_agn,,literature,True,silver,,,,0,075854.19+511654.2,test
080415.31+361208.0,121.0638310000,36.2022290000,1.6984110000,,,,,normal_agn,,literature,True,silver,,,,0,080415.31+361208.0,dev
081554.91+211354.2,123.9788050000,21.2317420000,1.7534550000,,,,,normal_agn,,literature,True,silver,,,,0,081554.91+211354.2,test
080859.26+385728.8,122.2469370000,38.9580180000,1.0832790000,,,,,normal_agn,,literature,True,silver,,,,0,080859.26+385728.8,dev
082211.51+480617.3,125.5479730000,48.1048090000,1.4666620000,,,,,normal_agn,,literature,True,silver,,,,0,082211.51+480617.3,dev
083346.09+515910.6,128.4420820000,51.9862860000,1.0329650000,,,,,normal_agn,,literature,True,silver,,,,0,083346.09+515910.6,dev
082001.02+294627.9,125.0042770000,29.7744270000,1.5118030000,,,,,normal_agn,,literature,True,silver,,,,0,082001.02+294627.9,test
080956.14+380256.6,122.4839240000,38.0490610000,1.1459610000,,,,,normal_agn,,literature,True,silver,,,,0,080956.14+380256.6,dev
084113.53+290925.4,130.3063870000,29.1570630000,1.5735640000,,,,,normal_agn,,literature,True,silver,,,,0,084113.53+290925.4,test
084143.77+332933.7,130.4323930000,33.4927220000,1.0232060000,,,,,normal_agn,,literature,True,silver,,,,0,084143.77+332933.7,test
081830.14+320147.7,124.6255880000,32.0299390000,1.8989140000,,,,,normal_agn,,literature,True,silver,,,,0,081830.14+320147.7,dev
080125.32+390022.3,120.3555260000,39.0062190000,1.2890010000,,,,,normal_agn,,literature,True,silver,,,,0,080125.32+390022.3,dev
083558.50+261820.1,128.9937700000,26.3056060000,1.1738710000,,,,,normal_agn,,literature,True,silver,,,,0,083558.50+261820.1,dev
084301.88+453734.8,130.7578590000,45.6263340000,1.2950000000,,,,,normal_agn,,literature,True,silver,,,,0,084301.88+453734.8,dev
082801.15+282505.6,127.0048140000,28.4182270000,1.7126260000,,,,,normal_agn,,literature,True,silver,,,,0,082801.15+282505.6,test
080059.41+343903.5,120.2475800000,34.6509900000,1.0185460000,,,,,normal_agn,,literature,True,silver,,,,0,080059.41+343903.5,dev
084434.04+335035.7,131.1418610000,33.8432540000,1.1907430000,,,,,normal_agn,,literature,True,silver,,,,0,084434.04+335035.7,dev
075433.72+322326.1,118.6405210000,32.3905870000,1.5661000000,,,,,normal_agn,,literature,True,silver,,,,0,075433.72+322326.1,dev
080545.38+502715.7,121.4391090000,50.4543710000,1.4613670000,,,,,normal_agn,,literature,True,silver,,,,0,080545.38+502715.7,test
080507.85+303238.4,121.2827410000,30.5440240000,1.7803560000,,,,,normal_agn,,literature,True,silver,,,,0,080507.85+303238.4,test
084457.92+344104.2,131.2413590000,34.6845250000,1.2893130000,,,,,normal_agn,,literature,True,silver,,,,0,084457.92+344104.2,dev
080538.92+262252.0,121.4121860000,26.3811120000,1.5746470000,,,,,normal_agn,,literature,True,silver,,,,0,080538.92+262252.0,dev
075325.60+243358.3,118.3566940000,24.5661950000,1.6532970000,,,,,normal_agn,,literature,True,silver,,,,0,075325.60+243358.3,test
082031.20+231032.5,125.1300340000,23.1757080000,1.3378920000,,,,,normal_agn,,literature,True,silver,,,,0,082031.20+231032.5,dev
081747.14+263403.4,124.4464390000,26.5676210000,1.5930600000,,,,,normal_agn,,literature,True,silver,,,,0,081747.14+263403.4,dev
083632.23+480513.5,129.1342950000,48.0871060000,1.5966820000,,,,,normal_agn,,literature,True,silver,,,,0,083632.23+480513.5,dev
081224.35+564811.9,123.1014610000,56.8033310000,1.5526710000,,,,,normal_agn,,literature,True,silver,,,,0,081224.35+564811.9,dev
075653.66+440524.7,119.2236010000,44.0902000000,1.4460000000,,,,,normal_agn,,literature,True,silver,,,,0,075653.66+440524.7,dev
075329.01+512638.4,118.3708760000,51.4440210000,1.6279460000,,,,,normal_agn,,literature,True,silver,,,,0,075329.01+512638.4,dev
081944.07+305026.4,124.9336550000,30.8406690000,1.3121000000,,,,,normal_agn,,literature,True,silver,,,,0,081944.07+305026.4,dev
083418.21+533933.5,128.5759120000,53.6593140000,1.6118720000,,,,,normal_agn,,literature,True,silver,,,,0,083418.21+533933.5,test
083628.25+345206.1,129.1177330000,34.8683620000,1.2857180000,,,,,normal_agn,,literature,True,silver,,,,0,083628.25+345206.1,test
080839.36+514618.3,122.1640160000,51.7717660000,1.7850000000,,,,,normal_agn,,literature,True,silver,,,,0,080839.36+514618.3,dev
075517.30+275129.9,118.8221050000,27.8583120000,1.3282990000,,,,,normal_agn,,literature,True,silver,,,,0,075517.30+275129.9,dev
084316.03+452401.1,130.8168170000,45.4003310000,1.4870000000,,,,,normal_agn,,literature,True,silver,,,,0,084316.03+452401.1,dev
075942.83+333445.8,119.9284800000,33.5793930000,1.9710000000,,,,,normal_agn,,literature,True,silver,,,,0,075942.83+333445.8,test
075729.26+332731.4,119.3719330000,33.4587270000,1.5200140000,,,,,normal_agn,,literature,True,silver,,,,0,075729.26+332731.4,dev
082914.61+590822.7,127.3109040000,59.1396480000,1.2034750000,,,,,normal_agn,,literature,True,silver,,,,0,082914.61+590822.7,dev
080944.63+480011.4,122.4359690000,48.0031770000,1.7380000000,,,,,normal_agn,,literature,True,silver,,,,0,080944.63+480011.4,dev
075425.73+333517.5,118.6072130000,33.5882050000,1.4680000000,,,,,normal_agn,,literature,True,silver,,,,0,075425.73+333517.5,dev
075318.85+354038.9,118.3285700000,35.6774730000,1.9979930000,,,,,normal_agn,,literature,True,silver,,,,0,075318.85+354038.9,test
084304.84+174840.8,130.7701720000,17.8113590000,1.8412950000,,,,,normal_agn,,literature,True,silver,,,,0,084304.84+174840.8,dev
075337.05+415808.5,118.4043820000,41.9690460000,1.4003300000,,,,,normal_agn,,literature,True,silver,,,,0,075337.05+415808.5,dev
075409.81+384600.3,118.5409010000,38.7667620000,1.8905050000,,,,,normal_agn,,literature,True,silver,,,,0,075409.81+384600.3,dev
084205.23+585330.8,130.5218170000,58.8919070000,1.1219090000,,,,,normal_agn,,literature,True,silver,,,,0,084205.23+585330.8,dev
075432.88+323924.4,118.6370160000,32.6568000000,1.9234090000,,,,,normal_agn,,literature,True,silver,,,,0,075432.88+323924.4,test
080054.80+301724.3,120.2283660000,30.2900880000,1.2881790000,,,,,normal_agn,,literature,True,silver,,,,0,080054.80+301724.3,dev
081858.76+244623.5,124.7448510000,24.7732020000,1.5462240000,,,,,normal_agn,,literature,True,silver,,,,0,081858.76+244623.5,dev
081355.16+213201.3,123.4798560000,21.5337110000,1.3471250000,,,,,normal_agn,,literature,True,silver,,,,0,081355.16+213201.3,dev
080424.85+273433.1,121.1035650000,27.5758770000,1.3313200000,,,,,normal_agn,,literature,True,silver,,,,0,080424.85+273433.1,dev
080538.41+270635.6,121.4100810000,27.1098980000,1.2001200000,,,,,normal_agn,,literature,True,silver,,,,0,080538.41+270635.6,test
080532.93+334910.0,121.3872480000,33.8194520000,1.5045930000,,,,,normal_agn,,literature,True,silver,,,,0,080532.93+334910.0,dev
083919.04+281534.7,129.8293600000,28.2596420000,1.6317960000,,,,,normal_agn,,literature,True,silver,,,,0,083919.04+281534.7,dev
083400.39+424040.7,128.5016260000,42.6779920000,1.2011300000,,,,,normal_agn,,literature,True,silver,,,,0,083400.39+424040.7,dev
082229.64+482706.0,125.6235360000,48.4516810000,1.7110790000,,,,,normal_agn,,literature,True,silver,,,,0,082229.64+482706.0,dev
082025.10+542729.2,125.1046090000,54.4581330000,1.5110480000,,,,,normal_agn,,literature,True,silver,,,,0,082025.10+542729.2,dev
074930.92+421541.1,117.3788560000,42.2614300000,1.8260000000,,,,,normal_agn,,literature,True,silver,,,,0,074930.92+421541.1,dev
084401.58+261341.6,131.0066080000,26.2282320000,1.8359690000,,,,,normal_agn,,literature,True,silver,,,,0,084401.58+261341.6,dev
083712.12+062102.9,129.3005240000,6.3508160000,1.2118690000,,,,,normal_agn,,literature,True,silver,,,,0,083712.12+062102.9,test
081157.78+543958.0,122.9907890000,54.6661150000,1.2220000000,,,,,normal_agn,,literature,True,silver,,,,0,081157.78+543958.0,dev
074846.19+310603.2,117.1924870000,31.1009050000,1.6190340000,,,,,normal_agn,,literature,True,silver,,,,0,074846.19+310603.2,dev
074842.82+482037.5,117.1784280000,48.3437730000,1.2559870000,,,,,normal_agn,,literature,True,silver,,,,0,074842.82+482037.5,dev
082210.33+215537.5,125.5430760000,21.9270920000,1.2787540000,,,,,normal_agn,,literature,True,silver,,,,0,082210.33+215537.5,dev
081108.57+332127.2,122.7857220000,33.3575600000,1.4651550000,,,,,normal_agn,,literature,True,silver,,,,0,081108.57+332127.2,dev
082426.50+450551.7,126.1104460000,45.0977190000,1.6020000000,,,,,normal_agn,,literature,True,silver,,,,0,082426.50+450551.7,dev
075123.32+452044.1,117.8472030000,45.3455960000,1.9825910000,,,,,normal_agn,,literature,True,silver,,,,0,075123.32+452044.1,test
075119.76+231352.7,117.8323340000,23.2313320000,1.1231760000,,,,,normal_agn,,literature,True,silver,,,,0,075119.76+231352.7,dev
081345.17+064348.4,123.4382220000,6.7301270000,1.5676060000,,,,,normal_agn,,literature,True,silver,,,,0,081345.17+064348.4,test
082310.23+261158.1,125.7926650000,26.1994740000,1.7183250000,,,,,normal_agn,,literature,True,silver,,,,0,082310.23+261158.1,dev
074923.57+433643.8,117.3482180000,43.6121820000,1.8630000000,,,,,normal_agn,,literature,True,silver,,,,0,074923.57+433643.8,dev
083324.24+584728.8,128.3510050000,58.7913520000,1.6190560000,,,,,normal_agn,,literature,True,silver,,,,0,083324.24+584728.8,test
081136.60+502529.2,122.9025240000,50.4248010000,1.7400000000,,,,,normal_agn,,literature,True,silver,,,,0,081136.60+502529.2,test
082514.88+355519.1,126.3120170000,35.9219890000,1.8643440000,,,,,normal_agn,,literature,True,silver,,,,0,082514.88+355519.1,dev
081336.24+522638.4,123.4010090000,52.4440100000,1.1340000000,,,,,normal_agn,,literature,True,silver,,,,0,081336.24+522638.4,dev
081006.69+210318.2,122.5278790000,21.0550570000,1.6811130000,,,,,normal_agn,,literature,True,silver,,,,0,081006.69+210318.2,dev
075627.97+265842.5,119.1165520000,26.9784830000,1.1928470000,,,,,normal_agn,,literature,True,silver,,,,0,075627.97+265842.5,dev
081641.43+242425.4,124.1726510000,24.4070660000,1.4060300000,,,,,normal_agn,,literature,True,silver,,,,0,081641.43+242425.4,dev
081008.41+330144.6,122.5350520000,33.0290700000,1.6267350000,,,,,normal_agn,,literature,True,silver,,,,0,081008.41+330144.6,dev
080015.87+534019.6,120.0661570000,53.6721380000,1.9350000000,,,,,normal_agn,,literature,True,silver,,,,0,080015.87+534019.6,test
081650.11+432524.4,124.2088070000,43.4234660000,1.4830920000,,,,,normal_agn,,literature,True,silver,,,,0,081650.11+432524.4,dev
075630.94+364506.3,119.1289280000,36.7517720000,1.7474960000,,,,,normal_agn,,literature,True,silver,,,,0,075630.94+364506.3,test
075729.36+475409.0,119.3723740000,47.9025280000,1.7090600000,,,,,normal_agn,,literature,True,silver,,,,0,075729.36+475409.0,dev
082324.95+411336.0,125.8539940000,41.2266670000,1.5580000000,,,,,normal_agn,,literature,True,silver,,,,0,082324.95+411336.0,dev
080937.91+334912.2,122.4079770000,33.8200690000,1.5991920000,,,,,normal_agn,,literature,True,silver,,,,0,080937.91+334912.2,test
083603.44+540216.7,129.0143540000,54.0379870000,1.0500000000,,,,,normal_agn,,literature,True,silver,,,,0,083603.44+540216.7,dev
081742.06+393107.8,124.4252860000,39.5188440000,1.2838580000,,,,,normal_agn,,literature,True,silver,,,,0,081742.06+393107.8,dev
075853.37+365725.5,119.7223850000,36.9570930000,1.2360290000,,,,,normal_agn,,literature,True,silver,,,,0,075853.37+365725.5,dev
081611.43+281658.3,124.0476320000,28.2828820000,1.3572170000,,,,,normal_agn,,literature,True,silver,,,,0,081611.43+281658.3,dev
075959.22+421923.5,119.9967570000,42.3232120000,1.7427540000,,,,,normal_agn,,literature,True,silver,,,,0,075959.22+421923.5,dev
084442.85+302347.4,131.1785740000,30.3965040000,1.4227390000,,,,,normal_agn,,literature,True,silver,,,,0,084442.85+302347.4,dev
075807.26+220602.7,119.5302830000,22.1007590000,1.3691080000,,,,,normal_agn,,literature,True,silver,,,,0,075807.26+220602.7,test
081853.77+463622.8,124.7240480000,46.6063340000,1.6390000000,,,,,normal_agn,,literature,True,silver,,,,0,081853.77+463622.8,dev
084021.55+141031.5,130.0898170000,14.1754170000,1.4943860000,,,,,normal_agn,,literature,True,silver,,,,0,084021.55+141031.5,dev
084121.54+214031.6,130.3397510000,21.6754670000,1.8493680000,,,,,normal_agn,,literature,True,silver,,,,0,084121.54+214031.6,dev
082106.12+423445.0,125.2755120000,42.5791910000,1.9242190000,,,,,normal_agn,,literature,True,silver,,,,0,082106.12+423445.0,dev
081745.52+223620.1,124.4396770000,22.6056000000,1.0701780000,,,,,normal_agn,,literature,True,silver,,,,0,081745.52+223620.1,dev
080825.99+501726.2,122.1083060000,50.2906280000,1.9590000000,,,,,normal_agn,,literature,True,silver,,,,0,080825.99+501726.2,dev
080434.01+254226.8,121.1417410000,25.7074700000,1.2359580000,,,,,normal_agn,,literature,True,silver,,,,0,080434.01+254226.8,dev
083805.39+074657.8,129.5224680000,7.7827370000,1.5550000000,,,,,normal_agn,,literature,True,silver,,,,0,083805.39+074657.8,dev
081824.35+231603.8,124.6014600000,23.2677420000,1.8746520000,,,,,normal_agn,,literature,True,silver,,,,0,081824.35+231603.8,dev
074954.74+341621.2,117.4781210000,34.2725710000,1.3544970000,,,,,normal_agn,,literature,True,silver,,,,0,074954.74+341621.2,test
081308.18+070725.9,123.2840840000,7.1238810000,1.1492470000,,,,,normal_agn,,literature,True,silver,,,,0,081308.18+070725.9,dev
075430.94+304105.0,118.6289310000,30.6847270000,1.4840000000,,,,,normal_agn,,literature,True,silver,,,,0,075430.94+304105.0,dev
083103.75+214553.3,127.7656310000,21.7648330000,1.5274380000,,,,,normal_agn,,literature,True,silver,,,,0,083103.75+214553.3,dev
084212.14+463123.5,130.5505880000,46.5232160000,1.3150000000,,,,,normal_agn,,literature,True,silver,,,,0,084212.14+463123.5,dev
075459.13+372253.4,118.7464160000,37.3815280000,1.9759950000,,,,,normal_agn,,literature,True,silver,,,,0,075459.13+372253.4,dev
083734.69+425442.9,129.3945600000,42.9119230000,1.3926400000,,,,,normal_agn,,literature,True,silver,,,,0,083734.69+425442.9,dev
084313.18+305329.6,130.8049180000,30.8915720000,1.8731330000,,,,,normal_agn,,literature,True,silver,,,,0,084313.18+305329.6,dev
074900.62+490942.9,117.2525880000,49.1619230000,1.5940000000,,,,,normal_agn,,literature,True,silver,,,,0,074900.62+490942.9,dev
080651.90+484600.2,121.7162570000,48.7667280000,1.7898130000,,,,,normal_agn,,literature,True,silver,,,,0,080651.90+484600.2,dev
082737.11+311137.3,126.9046540000,31.1937000000,1.5088200000,,,,,normal_agn,,literature,True,silver,,,,0,082737.11+311137.3,dev
081133.45+302431.8,122.8893950000,30.4088470000,1.2255080000,,,,,normal_agn,,literature,True,silver,,,,0,081133.45+302431.8,dev
082615.95+512245.3,126.5664810000,51.3792520000,1.5720000000,,,,,normal_agn,,literature,True,silver,,,,0,082615.95+512245.3,dev
082546.05+275640.3,126.4418780000,27.9445300000,1.0841850000,,,,,normal_agn,,literature,True,silver,,,,0,082546.05+275640.3,dev
075850.93+220708.1,119.7122180000,22.1189340000,1.4943190000,,,,,normal_agn,,literature,True,silver,,,,0,075850.93+220708.1,dev
075213.69+345036.5,118.0570630000,34.8434920000,1.5900000000,,,,,normal_agn,,literature,True,silver,,,,0,075213.69+345036.5,test
080233.29+370010.3,120.6387350000,37.0028840000,1.2286460000,,,,,normal_agn,,literature,True,silver,,,,0,080233.29+370010.3,test
084308.86+255606.6,130.7869240000,25.9351850000,1.2198000000,,,,,normal_agn,,literature,True,silver,,,,0,084308.86+255606.6,dev
074942.16+210929.1,117.4256830000,21.1581060000,1.5218010000,,,,,normal_agn,,literature,True,silver,,,,0,074942.16+210929.1,dev
084120.69+372006.0,130.3362420000,37.3350010000,1.6667250000,,,,,normal_agn,,literature,True,silver,,,,0,084120.69+372006.0,dev
080500.40+341220.8,121.2516820000,34.2057850000,1.1691610000,,,,,normal_agn,,literature,True,silver,,,,0,080500.40+341220.8,dev
082015.40+285209.5,125.0641980000,28.8693100000,1.9220700000,,,,,normal_agn,,literature,True,silver,,,,0,082015.40+285209.5,dev
083752.55+393251.1,129.4689850000,39.5475380000,1.6152650000,,,,,normal_agn,,literature,True,silver,,,,0,083752.55+393251.1,dev
080857.82+370133.0,122.2409280000,37.0258410000,1.6738910000,,,,,normal_agn,,literature,True,silver,,,,0,080857.82+370133.0,dev
075623.41+145221.8,119.0975560000,14.8727320000,1.1565650000,,,,,normal_agn,,literature,True,silver,,,,0,075623.41+145221.8,dev
080525.33+543202.2,121.3555460000,54.5339450000,1.1997640000,,,,,normal_agn,,literature,True,silver,,,,0,080525.33+543202.2,dev
081323.40+331034.0,123.3475350000,33.1761370000,1.0932170000,,,,,normal_agn,,literature,True,silver,,,,0,081323.40+331034.0,dev
083026.49+483923.2,127.6103960000,48.6564660000,1.5665500000,,,,,normal_agn,,literature,True,silver,,,,0,083026.49+483923.2,dev
082144.01+274456.0,125.4334000000,27.7489110000,1.7742640000,,,,,normal_agn,,literature,True,silver,,,,0,082144.01+274456.0,dev
080134.77+094048.9,120.3949140000,9.6802720000,1.0620000000,,,,,normal_agn,,literature,True,silver,,,,0,080134.77+094048.9,dev
082532.67+205817.8,126.3861590000,20.9716110000,1.8018150000,,,,,normal_agn,,literature,True,silver,,,,0,082532.67+205817.8,test
083918.67+195745.2,129.8278210000,19.9625800000,1.8080330000,,,,,normal_agn,,literature,True,silver,,,,0,083918.67+195745.2,dev
082154.15+124746.4,125.4756280000,12.7962380000,1.9410000000,,,,,normal_agn,,literature,True,silver,,,,0,082154.15+124746.4,dev
082609.88+362213.5,126.5411930000,36.3704290000,1.0824820000,,,,,normal_agn,,literature,True,silver,,,,0,082609.88+362213.5,dev
084356.43+365429.9,130.9851510000,36.9083110000,1.4697810000,,,,,normal_agn,,literature,True,silver,,,,0,084356.43+365429.9,dev
080018.03+513532.2,120.0751380000,51.5922980000,1.6600000000,,,,,normal_agn,,literature,True,silver,,,,0,080018.03+513532.2,dev
082639.03+565633.2,126.6626450000,56.9425590000,1.1294230000,,,,,normal_agn,,literature,True,silver,,,,0,082639.03+565633.2,test
075758.48+384919.2,119.4936730000,38.8220140000,1.1692810000,,,,,normal_agn,,literature,True,silver,,,,0,075758.48+384919.2,dev
075606.17+423458.1,119.0257280000,42.5828080000,1.0386300000,,,,,normal_agn,,literature,True,silver,,,,0,075606.17+423458.1,test
074911.53+171637.7,117.2980730000,17.2771600000,1.4045710000,,,,,normal_agn,,literature,True,silver,,,,0,074911.53+171637.7,dev
083602.85+325301.0,129.0118820000,32.8836160000,1.8836840000,,,,,normal_agn,,literature,True,silver,,,,0,083602.85+325301.0,dev
083435.71+430112.4,128.6487930000,43.0201200000,1.7370000000,,,,,normal_agn,,literature,True,silver,,,,0,083435.71+430112.4,test
080509.02+213031.2,121.2875930000,21.5086680000,1.5733190000,,,,,normal_agn,,literature,True,silver,,,,0,080509.02+213031.2,dev
081731.35+421731.8,124.3806260000,42.2921770000,1.6436730000,,,,,normal_agn,,literature,True,silver,,,,0,081731.35+421731.8,dev
083224.81+330846.9,128.1033830000,33.1463630000,1.3660020000,,,,,normal_agn,,literature,True,silver,,,,0,083224.81+330846.9,dev
080030.97+224639.6,120.1290510000,22.7776820000,1.1285490000,,,,,normal_agn,,literature,True,silver,,,,0,080030.97+224639.6,dev
082618.32+550809.9,126.5763410000,55.1361080000,1.5221250000,,,,,normal_agn,,literature,True,silver,,,,0,082618.32+550809.9,dev
080714.85+280410.0,121.8118880000,28.0694450000,1.3102250000,,,,,normal_agn,,literature,True,silver,,,,0,080714.85+280410.0,dev
081350.78+342503.8,123.4616150000,34.4177320000,1.5667130000,,,,,normal_agn,,literature,True,silver,,,,0,081350.78+342503.8,dev
081847.14+280842.8,124.6964390000,28.1452290000,1.8473830000,,,,,normal_agn,,literature,True,silver,,,,0,081847.14+280842.8,test
082818.46+412359.7,127.0769450000,41.3999290000,1.1060000000,,,,,normal_agn,,literature,True,silver,,,,0,082818.46+412359.7,dev
084504.28+234415.4,131.2678400000,23.7376260000,1.5430340000,,,,,normal_agn,,literature,True,silver,,,,0,084504.28+234415.4,dev
081650.24+452731.7,124.2093370000,45.4588090000,1.3820000000,,,,,normal_agn,,literature,True,silver,,,,0,081650.24+452731.7,dev
084502.74+292712.6,131.2614500000,29.4535250000,1.4970080000,,,,,normal_agn,,literature,True,silver,,,,0,084502.74+292712.6,dev
082426.72+512915.5,126.1113380000,51.4876620000,1.2728530000,,,,,normal_agn,,literature,True,silver,,,,0,082426.72+512915.5,dev
081239.03+311225.3,123.1626590000,31.2070370000,1.2627510000,,,,,normal_agn,,literature,True,silver,,,,0,081239.03+311225.3,dev
083016.00+252611.3,127.5666950000,25.4364890000,1.0087400000,,,,,normal_agn,,literature,True,silver,,,,0,083016.00+252611.3,dev
080129.07+404650.7,120.3711600000,40.7807610000,1.7000000000,,,,,normal_agn,,literature,True,silver,,,,0,080129.07+404650.7,dev
083509.91+274941.0,128.7913200000,27.8280640000,1.6313150000,,,,,normal_agn,,literature,True,silver,,,,0,083509.91+274941.0,dev
081215.28+501155.0,123.0637070000,50.1986200000,1.8688780000,,,,,normal_agn,,literature,True,silver,,,,0,081215.28+501155.0,dev
074857.73+221811.2,117.2405810000,22.3031330000,2.2750000000,,,,,normal_agn,,literature,True,silver,,,,0,074857.73+221811.2,dev
082330.75+385242.5,125.8781250000,38.8784840000,2.1172570000,,,,,normal_agn,,literature,True,silver,,,,0,082330.75+385242.5,dev
084406.39+083117.5,131.0266440000,8.5215380000,2.4040000000,,,,,normal_agn,,literature,True,silver,,,,0,084406.39+083117.5,dev
080217.01+304214.7,120.5708840000,30.7040850000,2.0631710000,,,,,normal_agn,,literature,True,silver,,,,0,080217.01+304214.7,test
082608.71+600009.3,126.5362980000,60.0025940000,2.6580000000,,,,,normal_agn,,literature,True,silver,,,,0,082608.71+600009.3,dev
081633.41+375936.1,124.1392350000,37.9933770000,2.0200000000,,,,,normal_agn,,literature,True,silver,,,,0,081633.41+375936.1,dev
075925.15+133028.5,119.8548290000,13.5079300000,2.1570000000,,,,,normal_agn,,literature,True,silver,,,,0,075925.15+133028.5,test
082040.41+302905.5,125.1684120000,30.4848840000,2.0996180000,,,,,normal_agn,,literature,True,silver,,,,0,082040.41+302905.5,dev
074848.93+282303.1,117.2038990000,28.3842200000,2.2400000000,,,,,normal_agn,,literature,True,silver,,,,0,074848.93+282303.1,test
080628.23+415520.2,121.6176620000,41.9223040000,2.1675540000,,,,,normal_agn,,literature,True,silver,,,,0,080628.23+415520.2,dev
084321.58+274929.3,130.8399570000,27.8248250000,2.1800000000,,,,,normal_agn,,literature,True,silver,,,,0,084321.58+274929.3,test
084104.66+024258.4,130.2694580000,2.7162340000,2.2780000000,,,,,normal_agn,,literature,True,silver,,,,0,084104.66+024258.4,dev
083201.50+132502.0,128.0062730000,13.4172390000,2.9730000000,,,,,normal_agn,,literature,True,silver,,,,0,083201.50+132502.0,dev
083814.32+221914.9,129.5597030000,22.3208120000,2.3626310000,,,,,normal_agn,,literature,True,silver,,,,0,083814.32+221914.9,dev
081521.57+464200.8,123.8398920000,46.7002410000,2.0990000000,,,,,normal_agn,,literature,True,silver,,,,0,081521.57+464200.8,test
082827.68+055417.1,127.1153710000,5.9047700000,2.6000000000,,,,,normal_agn,,literature,True,silver,,,,0,082827.68+055417.1,dev
080532.60+520754.5,121.3858560000,52.1318210000,2.2440000000,,,,,normal_agn,,literature,True,silver,,,,0,080532.60+520754.5,dev
084000.46+475115.2,130.0019510000,47.8542500000,2.9570000000,,,,,normal_agn,,literature,True,silver,,,,0,084000.46+475115.2,dev
081229.82+304224.5,123.1242530000,30.7068090000,2.1160000000,,,,,normal_agn,,literature,True,silver,,,,0,081229.82+304224.5,dev
075822.50+462938.7,119.5937860000,46.4940960000,2.4070000000,,,,,normal_agn,,literature,True,silver,,,,0,075822.50+462938.7,dev
083520.95+452534.0,128.8373080000,45.4261260000,2.1070000000,,,,,normal_agn,,literature,True,silver,,,,0,083520.95+452534.0,dev
080130.32+353405.5,120.3763680000,35.5682020000,2.7018170000,,,,,normal_agn,,literature,True,silver,,,,0,080130.32+353405.5,dev
081414.30+035434.5,123.5596200000,3.9095840000,2.3550000000,,,,,normal_agn,,literature,True,silver,,,,0,081414.30+035434.5,dev
080646.49+312851.4,121.6937350000,31.4809580000,2.0877210000,,,,,normal_agn,,literature,True,silver,,,,0,080646.49+312851.4,test
075849.11+424841.6,119.7046660000,42.8115820000,2.0409460000,,,,,normal_agn,,literature,True,silver,,,,0,075849.11+424841.6,dev
082022.98+230247.5,125.0957540000,23.0465470000,2.8400000000,,,,,normal_agn,,literature,True,silver,,,,0,082022.98+230247.5,dev
081723.87+551856.0,124.3494970000,55.3155750000,2.5050000000,,,,,normal_agn,,literature,True,silver,,,,0,081723.87+551856.0,dev
080754.71+063812.4,121.9779710000,6.6367810000,2.4410000000,,,,,normal_agn,,literature,True,silver,,,,0,080754.71+063812.4,dev
081909.67+241712.6,124.7902940000,24.2868510000,2.3893850000,,,,,normal_agn,,literature,True,silver,,,,0,081909.67+241712.6,dev
075656.16+250640.9,119.2340190000,25.1113810000,2.1565790000,,,,,normal_agn,,literature,True,silver,,,,0,075656.16+250640.9,dev
075131.53+463001.1,117.8814100000,46.5003230000,2.0850000000,,,,,normal_agn,,literature,True,silver,,,,0,075131.53+463001.1,dev
075413.23+245929.2,118.5551460000,24.9914480000,2.6761660000,,,,,normal_agn,,literature,True,silver,,,,0,075413.23+245929.2,dev
075955.73+072248.8,119.9822090000,7.3802420000,2.3620000000,,,,,normal_agn,,literature,True,silver,,,,0,075955.73+072248.8,dev
081449.05+141608.8,123.7044160000,14.2691180000,2.6330000000,,,,,normal_agn,,literature,True,silver,,,,0,081449.05+141608.8,dev
075801.45+510201.0,119.5060640000,51.0336150000,2.0599310000,,,,,normal_agn,,literature,True,silver,,,,0,075801.45+510201.0,dev
081710.99+311250.6,124.2958190000,31.2140760000,2.7671990000,,,,,normal_agn,,literature,True,silver,,,,0,081710.99+311250.6,test
081203.63+021956.4,123.0151450000,2.3323460000,2.2630000000,,,,,normal_agn,,literature,True,silver,,,,0,081203.63+021956.4,dev
084443.01+273206.2,131.1792320000,27.5350780000,2.3100000000,,,,,normal_agn,,literature,True,silver,,,,0,084443.01+273206.2,dev
082854.57+472355.4,127.2274060000,47.3987370000,2.4480000000,,,,,normal_agn,,literature,True,silver,,,,0,082854.57+472355.4,test
081646.75+494214.5,124.1948260000,49.7040510000,2.5990000000,,,,,normal_agn,,literature,True,silver,,,,0,081646.75+494214.5,test
082753.99+252322.5,126.9749960000,25.3895970000,2.3577700000,,,,,normal_agn,,literature,True,silver,,,,0,082753.99+252322.5,dev
083302.08+501648.9,128.2586800000,50.2802770000,2.7630000000,,,,,normal_agn,,literature,True,silver,,,,0,083302.08+501648.9,dev
083626.60+571608.8,129.1108410000,57.2691150000,2.3030000000,,,,,normal_agn,,literature,True,silver,,,,0,083626.60+571608.8,dev
075301.61+172514.8,118.2567080000,17.4207920000,2.3730000000,,,,,normal_agn,,literature,True,silver,,,,0,075301.61+172514.8,dev
082151.62+281436.4,125.4651060000,28.2434520000,2.1145500000,,,,,normal_agn,,literature,True,silver,,,,0,082151.62+281436.4,test
075745.74+261117.4,119.4406000000,26.1881790000,2.1690000000,,,,,normal_agn,,literature,True,silver,,,,0,075745.74+261117.4,dev
083609.56+460052.3,129.0398710000,46.0145460000,2.0340000000,,,,,normal_agn,,literature,True,silver,,,,0,083609.56+460052.3,dev
082841.95+260149.3,127.1748070000,26.0303630000,2.3612440000,,,,,normal_agn,,literature,True,silver,,,,0,082841.95+260149.3,dev
082526.51+052640.3,126.3604600000,5.4445410000,2.1530000000,,,,,normal_agn,,literature,True,silver,,,,0,082526.51+052640.3,dev
080407.53+381507.9,121.0313770000,38.2522110000,2.6320000000,,,,,normal_agn,,literature,True,silver,,,,0,080407.53+381507.9,dev
082702.08+040620.1,126.7586700000,4.1055980000,2.4070000000,,,,,normal_agn,,literature,True,silver,,,,0,082702.08+040620.1,dev
083518.45+044714.2,128.8269090000,4.7872790000,2.3180000000,,,,,normal_agn,,literature,True,silver,,,,0,083518.45+044714.2,dev
080527.81+324649.3,121.3659090000,32.7803820000,2.5135130000,,,,,normal_agn,,literature,True,silver,,,,0,080527.81+324649.3,test
083706.08+105458.7,129.2753390000,10.9163110000,2.5750000000,,,,,normal_agn,,literature,True,silver,,,,0,083706.08+105458.7,dev
074937.71+342444.3,117.4071370000,34.4123240000,2.4040000000,,,,,normal_agn,,literature,True,silver,,,,0,074937.71+342444.3,dev
083350.09+330116.4,128.4587300000,33.0212350000,2.9510000000,,,,,normal_agn,,literature,True,silver,,,,0,083350.09+330116.4,dev
080351.65+522738.2,120.9652380000,52.4606290000,2.1840000000,,,,,normal_agn,,literature,True,silver,,,,0,080351.65+522738.2,dev
080739.97+242011.2,121.9165460000,24.3364560000,2.8220000000,,,,,normal_agn,,literature,True,silver,,,,0,080739.97+242011.2,dev
082757.20+530910.7,126.9883590000,53.1529810000,2.1430000000,,,,,normal_agn,,literature,True,silver,,,,0,082757.20+530910.7,dev
080352.89+165633.2,120.9704110000,16.9425740000,2.4320000000,,,,,normal_agn,,literature,True,silver,,,,0,080352.89+165633.2,dev
082823.37+301947.4,127.0974100000,30.3298480000,2.4009480000,,,,,normal_agn,,literature,True,silver,,,,0,082823.37+301947.4,dev
074946.85+323444.2,117.4452440000,32.5789630000,2.3799380000,,,,,normal_agn,,literature,True,silver,,,,0,074946.85+323444.2,dev
083940.51+583938.5,129.9188140000,58.6607200000,2.6580000000,,,,,normal_agn,,literature,True,silver,,,,0,083940.51+583938.5,dev
081955.44+283106.0,124.9810040000,28.5183550000,2.0676960000,,,,,normal_agn,,literature,True,silver,,,,0,081955.44+283106.0,dev
083037.51+393756.6,127.6563190000,39.6323910000,2.1110000000,,,,,normal_agn,,literature,True,silver,,,,0,083037.51+393756.6,dev
081038.41+482648.6,122.6600660000,48.4468420000,2.6680000000,,,,,normal_agn,,literature,True,silver,,,,0,081038.41+482648.6,dev
075012.53+344040.6,117.5522350000,34.6779480000,2.2280000000,,,,,normal_agn,,literature,True,silver,,,,0,075012.53+344040.6,dev
083752.23+420037.9,129.4676450000,42.0105360000,2.3240000000,,,,,normal_agn,,literature,True,silver,,,,0,083752.23+420037.9,dev
075206.03+273929.6,118.0251390000,27.6582400000,2.2030000000,,,,,normal_agn,,literature,True,silver,,,,0,075206.03+273929.6,dev
082943.84+150304.6,127.4327050000,15.0513000000,2.5520000000,,,,,normal_agn,,literature,True,silver,,,,0,082943.84+150304.6,dev
081758.95+122710.9,124.4956540000,12.4530480000,2.9670000000,,,,,normal_agn,,literature,True,silver,,,,0,081758.95+122710.9,test
075356.57+512237.1,118.4857120000,51.3769770000,2.7580000000,,,,,normal_agn,,literature,True,silver,,,,0,075356.57+512237.1,dev
082707.41+213421.1,126.7809090000,21.5725500000,2.4009020000,,,,,normal_agn,,literature,True,silver,,,,0,082707.41+213421.1,dev
074954.82+262127.5,117.4784250000,26.3576640000,2.1191230000,,,,,normal_agn,,literature,True,silver,,,,0,074954.82+262127.5,test
075453.08+431145.0,118.7212060000,43.1958600000,2.1445290000,,,,,normal_agn,,literature,True,silver,,,,0,075453.08+431145.0,dev
080958.18+504627.5,122.4924380000,50.7743120000,2.3980000000,,,,,normal_agn,,literature,True,silver,,,,0,080958.18+504627.5,dev
082336.12+154406.0,125.9005110000,15.7350030000,2.2850000000,,,,,normal_agn,,literature,True,silver,,,,0,082336.12+154406.0,dev
083729.61+482135.0,129.3733810000,48.3597420000,2.5059400000,,,,,normal_agn,,literature,True,silver,,,,0,083729.61+482135.0,dev
081954.33+172026.9,124.9763980000,17.3408100000,2.9920000000,,,,,normal_agn,,literature,True,silver,,,,0,081954.33+172026.9,test
075423.42+271626.4,118.5976210000,27.2740050000,2.7450000000,,,,,normal_agn,,literature,True,silver,,,,0,075423.42+271626.4,dev
080151.78+553614.2,120.4657550000,55.6039660000,2.4270000000,,,,,normal_agn,,literature,True,silver,,,,0,080151.78+553614.2,dev
084512.27+513501.9,131.3011510000,51.5838640000,2.1044540000,,,,,normal_agn,,literature,True,silver,,,,0,084512.27+513501.9,test
081631.28+275902.3,124.1303590000,27.9839770000,2.5400000000,,,,,normal_agn,,literature,True,silver,,,,0,081631.28+275902.3,dev
083235.33+352824.7,128.1472100000,35.4735480000,2.3750000000,,,,,normal_agn,,literature,True,silver,,,,0,083235.33+352824.7,test
083050.35-003050.4,127.7098140000,-0.5140180000,2.2590000000,,,,,normal_agn,,literature,True,silver,,,,0,083050.35-003050.4,dev
075715.96+431355.9,119.3165200000,43.2322220000,2.8009950000,,,,,normal_agn,,literature,True,silver,,,,0,075715.96+431355.9,dev
080447.39+255212.7,121.1974820000,25.8702160000,2.4270000000,,,,,normal_agn,,literature,True,silver,,,,0,080447.39+255212.7,dev
082634.50+375002.8,126.6437680000,37.8341260000,2.6776220000,,,,,normal_agn,,literature,True,silver,,,,0,082634.50+375002.8,test
082308.07+462816.3,125.7836480000,46.4712120000,2.1520000000,,,,,normal_agn,,literature,True,silver,,,,0,082308.07+462816.3,dev
084115.24+080655.4,130.3135210000,8.1154140000,2.9130000000,,,,,normal_agn,,literature,True,silver,,,,0,084115.24+080655.4,dev
082804.48+134701.5,127.0186760000,13.7837680000,2.2450000000,,,,,normal_agn,,literature,True,silver,,,,0,082804.48+134701.5,test
074945.59+205810.6,117.4399820000,20.9696350000,2.5700000000,,,,,normal_agn,,literature,True,silver,,,,0,074945.59+205810.6,test
081131.13-001045.9,122.8797370000,-0.1794300000,2.1860000000,,,,,normal_agn,,literature,True,silver,,,,0,081131.13-001045.9,test
083819.04+355236.2,129.5793660000,35.8767460000,2.4230000000,,,,,normal_agn,,literature,True,silver,,,,0,083819.04+355236.2,dev
081116.74+530441.6,122.8197790000,53.0782330000,2.1080000000,,,,,normal_agn,,literature,True,silver,,,,0,081116.74+530441.6,test
083220.36+534242.4,128.0848710000,53.7118030000,2.2600000000,,,,,normal_agn,,literature,True,silver,,,,0,083220.36+534242.4,dev
081437.38+085620.8,123.6557730000,8.9391200000,2.2438000000,,,,,normal_agn,,literature,True,silver,,,,0,081437.38+085620.8,dev
083834.31+414838.6,129.6429800000,41.8107450000,2.5160000000,,,,,normal_agn,,literature,True,silver,,,,0,083834.31+414838.6,dev
084336.26+221530.0,130.9011080000,22.2583400000,2.1269870000,,,,,normal_agn,,literature,True,silver,,,,0,084336.26+221530.0,test
075237.18+313944.6,118.1549580000,31.6623890000,2.1016000000,,,,,normal_agn,,literature,True,silver,,,,0,075237.18+313944.6,dev
083042.02+514858.7,127.6751120000,51.8163230000,2.0705880000,,,,,normal_agn,,literature,True,silver,,,,0,083042.02+514858.7,dev
080835.40+482021.0,122.1475160000,48.3391730000,2.3570000000,,,,,normal_agn,,literature,True,silver,,,,0,080835.40+482021.0,dev
083556.60+255508.8,128.9858610000,25.9191130000,2.4070000000,,,,,normal_agn,,literature,True,silver,,,,0,083556.60+255508.8,dev
081849.10+391322.3,124.7045930000,39.2228620000,2.4735830000,,,,,normal_agn,,literature,True,silver,,,,0,081849.10+391322.3,dev
081137.26+314255.9,122.9052760000,31.7155530000,2.5340000000,,,,,normal_agn,,literature,True,silver,,,,0,081137.26+314255.9,dev
083857.91+323814.8,129.7412930000,32.6374600000,2.6530000000,,,,,normal_agn,,literature,True,silver,,,,0,083857.91+323814.8,dev
083153.25+394704.0,127.9718850000,39.7844670000,2.5860000000,,,,,normal_agn,,literature,True,silver,,,,0,083153.25+394704.0,dev
083725.52+075542.4,129.3563680000,7.9284440000,2.1710000000,,,,,normal_agn,,literature,True,silver,,,,0,083725.52+075542.4,dev
082912.59+042434.6,127.3024780000,4.4096300000,2.1420000000,,,,,normal_agn,,literature,True,silver,,,,0,082912.59+042434.6,dev
075452.56+420054.4,118.7190070000,42.0151190000,2.2222750000,,,,,normal_agn,,literature,True,silver,,,,0,075452.56+420054.4,dev
075547.83+220450.1,118.9493310000,22.0806060000,2.3140000000,,,,,normal_agn,,literature,True,silver,,,,0,075547.83+220450.1,dev
081014.80+281613.9,122.5617050000,28.2705360000,2.0819870000,,,,,normal_agn,,literature,True,silver,,,,0,081014.80+281613.9,test
080143.02+365838.4,120.4292730000,36.9773450000,2.0718500000,,,,,normal_agn,,literature,True,silver,,,,0,080143.02+365838.4,dev
075749.78+225519.3,119.4574510000,22.9220320000,2.0490470000,,,,,normal_agn,,literature,True,silver,,,,0,075749.78+225519.3,test
081308.33+072259.1,123.2847160000,7.3830880000,2.4320000000,,,,,normal_agn,,literature,True,silver,,,,0,081308.33+072259.1,test
082645.36+390048.6,126.6890160000,39.0135140000,2.7600000000,,,,,normal_agn,,literature,True,silver,,,,0,082645.36+390048.6,dev
084108.42+203236.0,130.2850880000,20.5433550000,2.1297680000,,,,,normal_agn,,literature,True,silver,,,,0,084108.42+203236.0,test
075010.57+204114.2,117.5440590000,20.6872800000,2.6806480000,,,,,normal_agn,,literature,True,silver,,,,0,075010.57+204114.2,dev
075421.44+353321.6,118.5893450000,35.5560250000,2.2220690000,,,,,normal_agn,,literature,True,silver,,,,0,075421.44+353321.6,test
080903.68+341817.5,122.2653610000,34.3048850000,2.0981540000,,,,,normal_agn,,literature,True,silver,,,,0,080903.68+341817.5,dev
081602.03+034611.1,124.0084790000,3.7697760000,2.1870000000,,,,,normal_agn,,literature,True,silver,,,,0,081602.03+034611.1,dev
081337.20+325932.1,123.4050100000,32.9922570000,2.7860000000,,,,,normal_agn,,literature,True,silver,,,,0,081337.20+325932.1,test
081549.03+551101.5,123.9543000000,55.1837520000,2.0810000000,,,,,normal_agn,,literature,True,silver,,,,0,081549.03+551101.5,dev
074923.85+354059.9,117.3494120000,35.6833230000,2.6810000000,,,,,normal_agn,,literature,True,silver,,,,0,074923.85+354059.9,dev
082938.19+390843.3,127.4091350000,39.1453850000,2.6810000000,,,,,normal_agn,,literature,True,silver,,,,0,082938.19+390843.3,dev
080947.19+255927.5,122.4466510000,25.9909930000,2.9470000000,,,,,normal_agn,,literature,True,silver,,,,0,080947.19+255927.5,dev
081359.19+384535.6,123.4966450000,38.7598900000,2.4060530000,,,,,normal_agn,,literature,True,silver,,,,0,081359.19+384535.6,dev
081548.01+145941.5,123.9500420000,14.9948880000,2.7490000000,,,,,normal_agn,,literature,True,silver,,,,0,081548.01+145941.5,dev
075449.90+511816.8,118.7079270000,51.3046800000,2.9700000000,,,,,normal_agn,,literature,True,silver,,,,0,075449.90+511816.8,dev
080611.16+060142.2,121.5465380000,6.0283980000,2.6850000000,,,,,normal_agn,,literature,True,silver,,,,0,080611.16+060142.2,dev
080154.19+481256.5,120.4758330000,48.2157190000,2.1350000000,,,,,normal_agn,,literature,True,silver,,,,0,080154.19+481256.5,dev
083416.44+370029.0,128.5685210000,37.0080730000,2.5020000000,,,,,normal_agn,,literature,True,silver,,,,0,083416.44+370029.0,test
080208.48+504144.3,120.5353710000,50.6956420000,2.0885690000,,,,,normal_agn,,literature,True,silver,,,,0,080208.48+504144.3,test
080147.83+541524.4,120.4493060000,54.2567930000,2.6180000000,,,,,normal_agn,,literature,True,silver,,,,0,080147.83+541524.4,dev
081254.46+330657.4,123.2269510000,33.1159710000,2.1766940000,,,,,normal_agn,,literature,True,silver,,,,0,081254.46+330657.4,dev
083107.07+330221.2,127.7794720000,33.0392320000,2.1459850000,,,,,normal_agn,,literature,True,silver,,,,0,083107.07+330221.2,dev
082759.49+370105.0,126.9978760000,37.0180670000,2.1690000000,,,,,normal_agn,,literature,True,silver,,,,0,082759.49+370105.0,test
084451.44+531008.9,131.2143580000,53.1691600000,2.5180000000,,,,,normal_agn,,literature,True,silver,,,,0,084451.44+531008.9,dev
083525.06+303246.9,128.8544370000,30.5463830000,2.0037790000,,,,,normal_agn,,literature,True,silver,,,,0,083525.06+303246.9,dev
075944.59+270218.6,119.9357920000,27.0385170000,2.4500000000,,,,,normal_agn,,literature,True,silver,,,,0,075944.59+270218.6,dev
083050.99+522707.5,127.7124760000,52.4520990000,2.0655290000,,,,,normal_agn,,literature,True,silver,,,,0,083050.99+522707.5,test
083602.65+031303.6,129.0110670000,3.2176690000,2.2020000000,,,,,normal_agn,,literature,True,silver,,,,0,083602.65+031303.6,dev
080404.19+511651.1,121.0174710000,51.2808780000,2.4530000000,,,,,normal_agn,,literature,True,silver,,,,0,080404.19+511651.1,test
080320.36+253046.1,120.8348730000,25.5128140000,2.3613430000,,,,,normal_agn,,literature,True,silver,,,,0,080320.36+253046.1,test
081140.69+080347.7,122.9195790000,8.0632610000,2.3300000000,,,,,normal_agn,,literature,True,silver,,,,0,081140.69+080347.7,dev
084324.63+523154.5,130.8526300000,52.5318190000,2.9600000000,,,,,normal_agn,,literature,True,silver,,,,0,084324.63+523154.5,dev
083805.67+415526.1,129.5236400000,41.9239300000,2.0966480000,,,,,normal_agn,,literature,True,silver,,,,0,083805.67+415526.1,dev
074840.22+232642.5,117.1675980000,23.4451640000,2.7150880000,,,,,normal_agn,,literature,True,silver,,,,0,074840.22+232642.5,dev
081321.61+523555.8,123.3400490000,52.5988570000,2.8290000000,,,,,normal_agn,,literature,True,silver,,,,0,081321.61+523555.8,dev
081313.84+320230.6,123.3076760000,32.0418580000,2.4811800000,,,,,normal_agn,,literature,True,silver,,,,0,081313.84+320230.6,dev
081447.55+483638.1,123.6981640000,48.6105860000,2.3510000000,,,,,normal_agn,,literature,True,silver,,,,0,081447.55+483638.1,dev
082621.62+190720.7,126.5900870000,19.1224360000,2.4900000000,,,,,normal_agn,,literature,True,silver,,,,0,082621.62+190720.7,dev
084329.45+285946.5,130.8727240000,28.9962700000,2.3290000000,,,,,normal_agn,,literature,True,silver,,,,0,084329.45+285946.5,dev
080806.61+281547.7,122.0275780000,28.2632740000,2.8860000000,,,,,normal_agn,,literature,True,silver,,,,0,080806.61+281547.7,dev
075220.11+490222.8,118.0838300000,49.0396760000,2.1130280000,,,,,normal_agn,,literature,True,silver,,,,0,075220.11+490222.8,dev
082040.93+422251.2,125.1705830000,42.3809080000,2.6299840000,,,,,normal_agn,,literature,True,silver,,,,0,082040.93+422251.2,dev
083235.09+353707.0,128.1462100000,35.6186220000,2.0073440000,,,,,normal_agn,,literature,True,silver,,,,0,083235.09+353707.0,test
083558.62+563831.5,128.9942810000,56.6421110000,2.4900000000,,,,,normal_agn,,literature,True,silver,,,,0,083558.62+563831.5,dev
083146.63+405950.1,127.9443120000,40.9972670000,2.4300000000,,,,,normal_agn,,literature,True,silver,,,,0,083146.63+405950.1,dev
082707.52+055635.6,126.7813690000,5.9432240000,2.4600000000,,,,,normal_agn,,literature,True,silver,,,,0,082707.52+055635.6,test
083630.72+021719.6,129.1280380000,2.2888050000,2.6250000000,,,,,normal_agn,,literature,True,silver,,,,0,083630.72+021719.6,dev
082800.26+000924.1,127.0011170000,0.1567120000,2.4240000000,,,,,normal_agn,,literature,True,silver,,,,0,082800.26+000924.1,dev
084036.16+235524.7,130.1506850000,23.9235370000,2.1727390000,,,,,normal_agn,,literature,True,silver,,,,0,084036.16+235524.7,dev
080620.42+271009.1,121.5851080000,27.1692140000,2.0590090000,,,,,normal_agn,,literature,True,silver,,,,0,080620.42+271009.1,dev
083007.43+124309.5,127.5309990000,12.7193100000,2.3100000000,,,,,normal_agn,,literature,True,silver,,,,0,083007.43+124309.5,dev
080039.65+460434.6,120.1652480000,46.0762980000,2.0930000000,,,,,normal_agn,,literature,True,silver,,,,0,080039.65+460434.6,dev
084342.71+520649.0,130.9279640000,52.1136260000,2.5070000000,,,,,normal_agn,,literature,True,silver,,,,0,084342.71+520649.0,dev
082613.83+065826.4,126.5576620000,6.9740200000,2.1379890000,,,,,normal_agn,,literature,True,silver,,,,0,082613.83+065826.4,test
074844.99+305943.1,117.1874860000,30.9953080000,2.2930000000,,,,,normal_agn,,literature,True,silver,,,,0,074844.99+305943.1,dev
080330.16+471834.4,120.8757070000,47.3095760000,2.2247170000,,,,,normal_agn,,literature,True,silver,,,,0,080330.16+471834.4,dev
075850.72+291212.5,119.7113720000,29.2034820000,2.5260000000,,,,,normal_agn,,literature,True,silver,,,,0,075850.72+291212.5,dev
082748.18+204204.0,126.9507540000,20.7011120000,2.3870000000,,,,,normal_agn,,literature,True,silver,,,,0,082748.18+204204.0,test
082204.67+340719.1,125.5194720000,34.1219980000,2.3180000000,,,,,normal_agn,,literature,True,silver,,,,0,082204.67+340719.1,dev
083403.80+491655.9,128.5158600000,49.2822150000,2.9953360000,,,,,normal_agn,,literature,True,silver,,,,0,083403.80+491655.9,dev
082245.44+182403.2,125.6893410000,18.4009050000,2.8480000000,,,,,normal_agn,,literature,True,silver,,,,0,082245.44+182403.2,dev
075622.81+272352.1,119.0950740000,27.3978250000,2.3850000000,,,,,normal_agn,,literature,True,silver,,,,0,075622.81+272352.1,dev
081348.95+552242.3,123.4539610000,55.3784420000,2.5510000000,,,,,normal_agn,,literature,True,silver,,,,0,081348.95+552242.3,test
081447.96+242446.5,123.6998340000,24.4129300000,2.0017950000,,,,,normal_agn,,literature,True,silver,,,,0,081447.96+242446.5,dev
083626.58+493733.5,129.1107760000,49.6259880000,2.5150000000,,,,,normal_agn,,literature,True,silver,,,,0,083626.58+493733.5,dev
075804.47+200402.9,119.5186260000,20.0674790000,2.7540000000,,,,,normal_agn,,literature,True,silver,,,,0,075804.47+200402.9,dev
083643.60+343237.6,129.1816970000,34.5437960000,2.5550000000,,,,,normal_agn,,literature,True,silver,,,,0,083643.60+343237.6,dev
075301.23+293303.7,118.2551390000,29.5510450000,2.9870000000,,,,,normal_agn,,literature,True,silver,,,,0,075301.23+293303.7,dev
075824.27+145752.4,119.6011280000,14.9645620000,2.5850000000,,,,,normal_agn,,literature,True,silver,,,,0,075824.27+145752.4,test
082824.77+253725.1,127.1032140000,25.6236500000,2.5120430000,,,,,normal_agn,,literature,True,silver,,,,0,082824.77+253725.1,dev
081908.91+512942.7,124.7871280000,51.4951950000,2.8110000000,,,,,normal_agn,,literature,True,silver,,,,0,081908.91+512942.7,dev
080101.60+142234.7,120.2567060000,14.3763270000,2.4190000000,,,,,normal_agn,,literature,True,silver,,,,0,080101.60+142234.7,test
083247.59+164008.8,128.1982990000,16.6691130000,2.1516530000,,,,,normal_agn,,literature,True,silver,,,,0,083247.59+164008.8,dev
082920.04+555525.8,127.3335380000,55.9238530000,2.2620000000,,,,,normal_agn,,literature,True,silver,,,,0,082920.04+555525.8,dev
082446.25+385106.6,126.1927300000,38.8518480000,2.8580000000,,,,,normal_agn,,literature,True,silver,,,,0,082446.25+385106.6,test
083926.28+230645.9,129.8595350000,23.1127610000,2.3070000000,,,,,normal_agn,,literature,True,silver,,,,0,083926.28+230645.9,dev
080232.38+375217.8,120.6349380000,37.8716150000,2.4050000000,,,,,normal_agn,,literature,True,silver,,,,0,080232.38+375217.8,dev
080141.21+322048.8,120.4217240000,32.3468980000,2.1650000000,,,,,normal_agn,,literature,True,silver,,,,0,080141.21+322048.8,dev
082636.84+012137.7,126.6535010000,1.3604920000,2.7050000000,,,,,normal_agn,,literature,True,silver,,,,0,082636.84+012137.7,test
081803.73+155609.6,124.5155700000,15.9360150000,2.5540000000,,,,,normal_agn,,literature,True,silver,,,,0,081803.73+155609.6,dev
081025.72+510235.2,122.6071970000,51.0431260000,2.4820000000,,,,,normal_agn,,literature,True,silver,,,,0,081025.72+510235.2,test
075134.51+424336.6,117.8937990000,42.7268550000,2.4253990000,,,,,normal_agn,,literature,True,silver,,,,0,075134.51+424336.6,dev
081252.57+334651.6,123.2190580000,33.7810190000,2.0433970000,,,,,normal_agn,,literature,True,silver,,,,0,081252.57+334651.6,dev
082041.39+432521.7,125.1724810000,43.4227140000,2.1572530000,,,,,normal_agn,,literature,True,silver,,,,0,082041.39+432521.7,dev
081416.15+094607.3,123.5673310000,9.7686980000,2.1271000000,,,,,normal_agn,,literature,True,silver,,,,0,081416.15+094607.3,test
075927.34+083914.4,119.8639250000,8.6540180000,2.9340000000,,,,,normal_agn,,literature,True,silver,,,,0,075927.34+083914.4,dev
081801.59+445225.3,124.5066580000,44.8737010000,2.9150000000,,,,,normal_agn,,literature,True,silver,,,,0,081801.59+445225.3,dev
080551.82+213555.8,121.4659230000,21.5988570000,2.5569930000,,,,,normal_agn,,literature,True,silver,,,,0,080551.82+213555.8,dev
080721.50+485324.7,121.8395860000,48.8902110000,2.3940350000,,,,,normal_agn,,literature,True,silver,,,,0,080721.50+485324.7,dev
084026.12+192629.5,130.1088460000,19.4415500000,2.9160280000,,,,,normal_agn,,literature,True,silver,,,,0,084026.12+192629.5,dev
081924.08+203910.6,124.8503660000,20.6529670000,2.2890000000,,,,,normal_agn,,literature,True,silver,,,,0,081924.08+203910.6,dev
083536.43+401438.8,128.9018140000,40.2441190000,2.5846920000,,,,,normal_agn,,literature,True,silver,,,,0,083536.43+401438.8,dev
084427.03+010052.8,131.1126580000,1.0146700000,2.4600000000,,,,,normal_agn,,literature,True,silver,,,,0,084427.03+010052.8,dev
080736.26+063404.1,121.9011080000,6.5678120000,2.4370000000,,,,,normal_agn,,literature,True,silver,,,,0,080736.26+063404.1,dev
080742.96+131728.3,121.9290180000,13.2912110000,2.4400000000,,,,,normal_agn,,literature,True,silver,,,,0,080742.96+131728.3,dev
081705.93+143903.3,124.2747410000,14.6509240000,2.8850000000,,,,,normal_agn,,literature,True,silver,,,,0,081705.93+143903.3,test
084356.24+462423.9,130.9843620000,46.4066520000,2.3720000000,,,,,normal_agn,,literature,True,silver,,,,0,084356.24+462423.9,dev
083258.95+004544.5,128.2456630000,0.7623760000,2.8970000000,,,,,normal_agn,,literature,True,silver,,,,0,083258.95+004544.5,dev
075908.54+124925.4,119.7855860000,12.8237240000,2.2970000000,,,,,normal_agn,,literature,True,silver,,,,0,075908.54+124925.4,dev
080717.84+261634.8,121.8243590000,26.2763350000,2.0665240000,,,,,normal_agn,,literature,True,silver,,,,0,080717.84+261634.8,dev
080953.55+421419.2,122.4731590000,42.2386780000,2.9755010000,,,,,normal_agn,,literature,True,silver,,,,0,080953.55+421419.2,dev
080632.38+370447.6,121.6349370000,37.0799070000,2.3200000000,,,,,normal_agn,,literature,True,silver,,,,0,080632.38+370447.6,dev
083229.25+261007.8,128.1218910000,26.1688360000,2.2470000000,,,,,normal_agn,,literature,True,silver,,,,0,083229.25+261007.8,dev
080304.10+214340.0,120.7671110000,21.7277790000,2.2810000000,,,,,normal_agn,,literature,True,silver,,,,0,080304.10+214340.0,dev
075800.36+350122.2,119.5015240000,35.0228530000,2.7450000000,,,,,normal_agn,,literature,True,silver,,,,0,075800.36+350122.2,dev
083912.41+363431.0,129.8017160000,36.5752800000,2.2701550000,,,,,normal_agn,,literature,True,silver,,,,0,083912.41+363431.0,test
082820.89+560128.7,127.0870730000,56.0246400000,2.6398270000,,,,,normal_agn,,literature,True,silver,,,,0,082820.89+560128.7,test
080952.53+493435.7,122.4689140000,49.5765860000,2.3000000000,,,,,normal_agn,,literature,True,silver,,,,0,080952.53+493435.7,dev
082002.67+032834.6,125.0111340000,3.4762800000,2.6840000000,,,,,normal_agn,,literature,True,silver,,,,0,082002.67+032834.6,dev
081434.08+211715.9,123.6420060000,21.2877770000,2.2270000000,,,,,normal_agn,,literature,True,silver,,,,0,081434.08+211715.9,dev
080803.76+340508.7,122.0156880000,34.0857570000,2.4170000000,,,,,normal_agn,,literature,True,silver,,,,0,080803.76+340508.7,dev
075047.15+315439.6,117.6964760000,31.9110080000,2.9040310000,,,,,normal_agn,,literature,True,silver,,,,0,075047.15+315439.6,dev
081129.26+223643.8,122.8719350000,22.6121690000,2.0117750000,,,,,normal_agn,,literature,True,silver,,,,0,081129.26+223643.8,dev
075848.52+060530.8,119.7021930000,6.0918930000,2.3370000000,,,,,normal_agn,,literature,True,silver,,,,0,075848.52+060530.8,dev
083531.99+264443.4,128.8833320000,26.7453970000,2.2150000000,,,,,normal_agn,,literature,True,silver,,,,0,083531.99+264443.4,dev
082336.25+483155.9,125.9010570000,48.5322040000,2.6980000000,,,,,normal_agn,,literature,True,silver,,,,0,082336.25+483155.9,dev
080303.73+271557.4,120.7655640000,27.2659560000,2.0415140000,,,,,normal_agn,,literature,True,silver,,,,0,080303.73+271557.4,dev
080833.08+241933.8,122.1378490000,24.3260740000,2.3980000000,,,,,normal_agn,,literature,True,silver,,,,0,080833.08+241933.8,dev
082519.61+430532.2,126.3317310000,43.0922930000,2.0220000000,,,,,normal_agn,,literature,True,silver,,,,0,082519.61+430532.2,dev
083713.54+435323.3,129.3064470000,43.8898290000,2.6220000000,,,,,normal_agn,,literature,True,silver,,,,0,083713.54+435323.3,dev
084016.25+472607.5,130.0677420000,47.4354400000,2.0770000000,,,,,normal_agn,,literature,True,silver,,,,0,084016.25+472607.5,test
083721.34+033802.9,129.3389340000,3.6341510000,2.4400000000,,,,,normal_agn,,literature,True,silver,,,,0,083721.34+033802.9,dev
082211.48+343755.8,125.5478450000,34.6321690000,2.0387550000,,,,,normal_agn,,literature,True,silver,,,,0,082211.48+343755.8,test
081957.46+404829.3,124.9894560000,40.8081480000,2.2550000000,,,,,normal_agn,,literature,True,silver,,,,0,081957.46+404829.3,dev
082140.11+493607.5,125.4171370000,49.6021030000,2.2404100000,,,,,normal_agn,,literature,True,silver,,,,0,082140.11+493607.5,test
075706.95+453818.2,119.2789720000,45.6383990000,2.2320000000,,,,,normal_agn,,literature,True,silver,,,,0,075706.95+453818.2,dev
083608.63+543316.7,129.0360000000,54.5546520000,2.7860000000,,,,,normal_agn,,literature,True,silver,,,,0,083608.63+543316.7,dev
082152.70+380034.2,125.4695850000,38.0095130000,2.2001550000,,,,,normal_agn,,literature,True,silver,,,,0,082152.70+380034.2,test
083547.95+391720.5,128.9498040000,39.2890400000,2.6930000000,,,,,normal_agn,,literature,True,silver,,,,0,083547.95+391720.5,dev
084217.08+451128.4,130.5711890000,45.1912470000,2.3620000000,,,,,normal_agn,,literature,True,silver,,,,0,084217.08+451128.4,test
080056.57+131333.5,120.2357220000,13.2259910000,2.4420000000,,,,,normal_agn,,literature,True,silver,,,,0,080056.57+131333.5,test
084505.14+195752.1,131.2714320000,19.9644880000,2.6297900000,,,,,normal_agn,,literature,True,silver,,,,0,084505.14+195752.1,dev
082723.92+364250.6,126.8496910000,36.7140710000,2.3300000000,,,,,normal_agn,,literature,True,silver,,,,0,082723.92+364250.6,dev
082501.21+012919.6,126.2550450000,1.4887790000,2.7630000000,,,,,normal_agn,,literature,True,silver,,,,0,082501.21+012919.6,test
082724.58+312532.1,126.8524180000,31.4256060000,2.1345730000,,,,,normal_agn,,literature,True,silver,,,,0,082724.58+312532.1,dev
084246.14+481501.2,130.6922810000,48.2503390000,2.0554980000,,,,,normal_agn,,literature,True,silver,,,,0,084246.14+481501.2,dev
075135.95+162201.9,117.8998030000,16.3672030000,2.3198070000,,,,,normal_agn,,literature,True,silver,,,,0,075135.95+162201.9,dev
080129.46+443838.6,120.3727670000,44.6440700000,2.5660000000,,,,,normal_agn,,literature,True,silver,,,,0,080129.46+443838.6,test
081937.11+333352.6,124.9046320000,33.5646330000,2.0650340000,,,,,normal_agn,,literature,True,silver,,,,0,081937.11+333352.6,dev
081626.18+232647.0,124.1090900000,23.4464140000,2.3426430000,,,,,normal_agn,,literature,True,silver,,,,0,081626.18+232647.0,dev
080004.76+302405.6,120.0198690000,30.4015650000,2.3178600000,,,,,normal_agn,,literature,True,silver,,,,0,080004.76+302405.6,test
082122.62+175820.5,125.3442500000,17.9723700000,2.7990000000,,,,,normal_agn,,literature,True,silver,,,,0,082122.62+175820.5,test
080753.17+280004.5,121.9715720000,28.0012580000,2.2040000000,,,,,normal_agn,,literature,True,silver,,,,0,080753.17+280004.5,test
082024.26+224604.7,125.1011150000,22.7679920000,2.3660000000,,,,,normal_agn,,literature,True,silver,,,,0,082024.26+224604.7,dev
075941.34+403404.6,119.9222830000,40.5679620000,2.2530000000,,,,,normal_agn,,literature,True,silver,,,,0,075941.34+403404.6,dev
080853.91+313856.1,122.2246420000,31.6489230000,2.1270000000,,,,,normal_agn,,literature,True,silver,,,,0,080853.91+313856.1,dev
082651.47+265943.7,126.7144930000,26.9954870000,2.3918190000,,,,,normal_agn,,literature,True,silver,,,,0,082651.47+265943.7,test
084237.88+230857.0,130.6578370000,23.1491760000,2.4757880000,,,,,normal_agn,,literature,True,silver,,,,0,084237.88+230857.0,dev
082649.85+281616.4,126.7077350000,28.2712450000,2.1454350000,,,,,normal_agn,,literature,True,silver,,,,0,082649.85+281616.4,dev
082810.72+090018.5,127.0446840000,9.0051520000,2.4000000000,,,,,normal_agn,,literature,True,silver,,,,0,082810.72+090018.5,dev
080628.04+281031.7,121.6168430000,28.1754800000,2.8446800000,,,,,normal_agn,,literature,True,silver,,,,0,080628.04+281031.7,test
080525.34+231738.7,121.3556210000,23.2940920000,2.2080000000,,,,,normal_agn,,literature,True,silver,,,,0,080525.34+231738.7,dev
081835.87+224947.3,124.6494620000,22.8298130000,2.0869220000,,,,,normal_agn,,literature,True,silver,,,,0,081835.87+224947.3,dev
368414254472822272,10.2026581101,38.9657491765,,,,,,star,Gaia DR3 varisum (I/358/varisum),literature,True,silver,10.7799030000,,,0,368414254472822272,dev
371438465500706688,16.7110543885,40.8171256852,,,,,,star,Gaia DR3 varisum (I/358/varisum),literature,True,silver,11.4305720000,,,0,371438465500706688,dev
370502639370147200,15.3861684463,37.8786939471,,,,,,star,Gaia DR3 varisum (I/358/varisum),literature,True,silver,10.2254460000,,,0,370502639370147200,dev
371416543987702912,17.0070756592,40.5321085415,,,,,,star,Gaia DR3 varisum (I/358/varisum),literature,True,silver,12.3923990000,,,0,371416543987702912,dev
368260258421289856,9.4304465589,37.9110027358,,,,,,star,Gaia DR3 varisum (I/358/varisum),literature,True,silver,10.9642010000,,,0,368260258421289856,test
368550976167043840,8.8639933019,38.8669128173,,,,,,star,Gaia DR3 varisum (I/358/varisum),literature,True,silver,12.9825700000,,,0,368550976167043840,dev
368458376671504256,9.1695604691,38.2369157341,,,,,,star,Gaia DR3 varisum (I/358/varisum),literature,True,silver,8.8888810000,,,0,368458376671504256,dev
370482504563457664,15.6532352510,38.0732121497,,,,,,star,Gaia DR3 varisum (I/358/varisum),literature,True,silver,10.5718900000,,,0,370482504563457664,test
373849213463922688,14.5016218202,39.5201544581,,,,,,star,Gaia DR3 varisum (I/358/varisum),literature,True,silver,11.4083020000,,,0,373849213463922688,dev
369116395725654016,10.0671989274,40.4486236460,,,,,,star,Gaia DR3 varisum (I/358/varisum),literature,True,silver,12.8774510000,,,0,369116395725654016,dev
368974975338635648,11.5493769883,40.4253394462,,,,,,star,Gaia DR3 varisum (I/358/varisum),literature,True,silver,8.9785580000,,,0,368974975338635648,test
371448872205201024,17.2539728570,40.9128002324,,,,,,star,Gaia DR3 varisum (I/358/varisum),literature,True,silver,12.8639580000,,,0,371448872205201024,test
369078673030610816,10.9361115028,40.4069309225,,,,,,star,Gaia DR3 varisum (I/358/varisum),literature,True,silver,12.8651590000,,,0,369078673030610816,dev
373870550860289024,13.6561576011,39.1692632499,,,,,,star,Gaia DR3 varisum (I/358/varisum),literature,True,silver,7.1300530000,,,0,373870550860289024,dev
368081484702315008,12.8734409440,39.3058570154,,,,,,star,Gaia DR3 varisum (I/358/varisum),literature,True,silver,10.9550260000,,,0,368081484702315008,dev
370657120753814272,15.7072835300,38.7793361723,,,,,,star,Gaia DR3 varisum (I/358/varisum),literature,True,silver,12.5381510000,,,0,370657120753814272,dev
372098447355051136,19.4106830715,41.4349613878,,,,,,star,Gaia DR3 varisum (I/358/varisum),literature,True,silver,11.5255950000,,,0,372098447355051136,test
371257144864952576,17.5939683226,40.6954395639,,,,,,star,Gaia DR3 varisum (I/358/varisum),literature,True,silver,12.4341010000,,,0,371257144864952576,dev
372964484560907520,17.7339765264,41.3263978933,,,,,,star,Gaia DR3 varisum (I/358/varisum),literature,True,silver,11.5813970000,,,0,372964484560907520,test
371202238003035136,17.2218653907,40.1242687068,,,,,,star,Gaia DR3 varisum (I/358/varisum),literature,True,silver,11.9618440000,,,0,371202238003035136,test
373835052955488000,14.3624551286,39.1246449600,,,,,,star,Gaia DR3 varisum (I/358/varisum),literature,True,silver,12.2559760000,,,0,373835052955488000,dev
373071132892351872,17.6621176722,42.1758156292,,,,,,star,Gaia DR3 varisum (I/358/varisum),literature,True,silver,12.5215560000,,,0,373071132892351872,dev
368197414459175168,9.8404505690,37.6708054751,,,,,,star,Gaia DR3 varisum (I/358/varisum),literature,True,silver,12.4825280000,,,0,368197414459175168,dev
371402215976527616,16.0661253569,40.7774531954,,,,,,star,Gaia DR3 varisum (I/358/varisum),literature,True,silver,12.4282510000,,,0,371402215976527616,dev
368200953512217344,9.7610871475,37.7308284039,,,,,,star,Gaia DR3 varisum (I/358/varisum),literature,True,silver,12.4741500000,,,0,368200953512217344,dev
368386770977357184,10.0687349674,38.5364028595,,,,,,star,Gaia DR3 varisum (I/358/varisum),literature,True,silver,11.6801170000,,,0,368386770977357184,dev
368530115510140032,8.9656161606,38.5382959061,,,,,,star,Gaia DR3 varisum (I/358/varisum),literature,True,silver,11.7374460000,,,0,368530115510140032,dev
368646663743573504,10.1131487621,39.4051135401,,,,,,star,Gaia DR3 varisum (I/358/varisum),literature,True,silver,12.8485450000,,,0,368646663743573504,test
370707698288719488,14.7324970591,38.1153542005,,,,,,star,Gaia DR3 varisum (I/358/varisum),literature,True,silver,12.0269660000,,,0,370707698288719488,dev
368654433339676032,10.1346984666,39.5298774961,,,,,,star,Gaia DR3 varisum (I/358/varisum),literature,True,silver,7.1274120000,,,0,368654433339676032,dev
372413938472999168,20.1638883642,41.3765463992,,,,,,star,Gaia DR3 varisum (I/358/varisum),literature,True,silver,10.3262870000,,,0,372413938472999168,dev
368019946411305728,11.9662021653,39.1161875218,,,,,,star,Gaia DR3 varisum (I/358/varisum),literature,True,silver,10.2610090000,,,0,368019946411305728,dev
373808497173928960,14.2639970835,38.9881980984,,,,,,star,Gaia DR3 varisum (I/358/varisum),literature,True,silver,12.5247430000,,,0,373808497173928960,dev
368033759025610368,12.5941227961,38.8668898691,,,,,,star,Gaia DR3 varisum (I/358/varisum),literature,True,silver,7.5906660000,,,0,368033759025610368,dev
368938416577177216,12.4017518040,40.4401227987,,,,,,star,Gaia DR3 varisum (I/358/varisum),literature,True,silver,11.0346610000,,,0,368938416577177216,dev
370983783082813696,15.4578570585,40.1912658367,,,,,,star,Gaia DR3 varisum (I/358/varisum),literature,True,silver,11.8592260000,,,0,370983783082813696,dev
368358419897987968,10.9962036263,38.6061585282,,,,,,star,Gaia DR3 varisum (I/358/varisum),literature,True,silver,10.7042980000,,,0,368358419897987968,dev
370755703139484672,14.9238981543,38.5481141143,,,,,,star,Gaia DR3 varisum (I/358/varisum),literature,True,silver,11.0854370000,,,0,370755703139484672,dev
368008607697116800,12.0396068065,39.1166010669,,,,,,star,Gaia DR3 varisum (I/358/varisum),literature,True,silver,11.2318760000,,,0,368008607697116800,dev
368495618332815360,9.6782340408,38.5816534279,,,,,,star,Gaia DR3 varisum (I/358/varisum),literature,True,silver,9.0530630000,,,0,368495618332815360,dev
370585480699514880,15.9264160468,38.3251419259,,,,,,star,Gaia DR3 varisum (I/358/varisum),literature,True,silver,11.8259140000,,,0,370585480699514880,dev
368080243456187904,13.1521415364,39.5189526073,,,,,,star,Gaia DR3 varisum (I/358/varisum),literature,True,silver,10.8590310000,,,0,368080243456187904,dev
369050772923100800,10.9186908857,39.9971273509,,,,,,star,Gaia DR3 varisum (I/358/varisum),literature,True,silver,11.9794130000,,,0,369050772923100800,dev
370745360858230528,15.1453149708,38.6144344218,,,,,,star,Gaia DR3 varisum (I/358/varisum),literature,True,silver,11.6961290000,,,0,370745360858230528,dev
370550644220699776,15.1898937877,38.3570183647,,,,,,star,Gaia DR3 varisum (I/358/varisum),literature,True,silver,10.3373860000,,,0,370550644220699776,dev
371281029179433472,16.3669120724,39.8815672869,,,,,,star,Gaia DR3 varisum (I/358/varisum),literature,True,silver,11.7836710000,,,0,371281029179433472,test
368884712306195328,12.2640092140,39.8382313660,,,,,,star,Gaia DR3 varisum (I/358/varisum),literature,True,silver,12.8152060000,,,0,368884712306195328,test
368279392499218304,9.7931464615,38.0571665585,,,,,,star,Gaia DR3 varisum (I/358/varisum),literature,True,silver,12.5087500000,,,0,368279392499218304,test
373182187863084928,17.5994998742,42.7188592739,,,,,,star,Gaia DR3 varisum (I/358/varisum),literature,True,silver,14.6643990000,,,0,373182187863084928,dev
370752129726681344,15.1598458285,38.6658815688,,,,,,star,Gaia DR3 varisum (I/358/varisum),literature,True,silver,15.6674180000,,,0,370752129726681344,dev
368455146856684160,9.0549802849,38.0211655739,,,,,,star,Gaia DR3 varisum (I/358/varisum),literature,True,silver,15.6594510000,,,0,368455146856684160,dev
371476914047746688,16.5061936911,40.6684432258,,,,,,star,Gaia DR3 varisum (I/358/varisum),literature,True,silver,14.2325640000,,,0,371476914047746688,test
373815609639748352,14.1524862862,39.1629348265,,,,,,star,Gaia DR3 varisum (I/358/varisum),literature,True,silver,15.9411760000,,,0,373815609639748352,dev
370697429023108864,16.2009164350,39.2662909036,,,,,,star,Gaia DR3 varisum (I/358/varisum),literature,True,silver,14.6983240000,,,0,370697429023108864,test
371512167139444096,16.8557983740,41.0750687755,,,,,,star,Gaia DR3 varisum (I/358/varisum),literature,True,silver,14.4775830000,,,0,371512167139444096,dev
373070656152355200,17.5599932181,42.1591039023,,,,,,star,Gaia DR3 varisum (I/358/varisum),literature,True,silver,15.2864000000,,,0,373070656152355200,dev
369167492955489280,11.5125078084,40.6730395359,,,,,,star,Gaia DR3 varisum (I/358/varisum),literature,True,silver,15.0889160000,,,0,369167492955489280,dev
370969833028925952,15.3445968240,39.8257055943,,,,,,star,Gaia DR3 varisum (I/358/varisum),literature,True,silver,13.3766560000,,,0,370969833028925952,dev
368188515287114624,9.6685634100,37.4652328692,,,,,,star,Gaia DR3 varisum (I/358/varisum),literature,True,silver,15.2609280000,,,0,368188515287114624,dev
368795514425311616,11.5897191719,39.5641224267,,,,,,star,Gaia DR3 varisum (I/358/varisum),literature,True,silver,15.9920200000,,,0,368795514425311616,dev
368034308781423104,12.4997553156,38.8585599170,,,,,,star,Gaia DR3 varisum (I/358/varisum),literature,True,silver,15.6098530000,,,0,368034308781423104,dev
368496997018194176,9.7439788979,38.6160049792,,,,,,star,Gaia DR3 varisum (I/358/varisum),literature,True,silver,15.5788870000,,,0,368496997018194176,dev
369211542140158592,11.5002781771,41.0889542808,,,,,,star,Gaia DR3 varisum (I/358/varisum),literature,True,silver,15.2120730000,,,0,369211542140158592,dev
373945833048173696,14.6513144031,39.6762635256,,,,,,star,Gaia DR3 varisum (I/358/varisum),literature,True,silver,15.2983150000,,,0,373945833048173696,test
371051471767406720,17.0678950030,39.6577651764,,,,,,star,Gaia DR3 varisum (I/358/varisum),literature,True,silver,14.0304540000,,,0,371051471767406720,dev
368929792283497216,12.2289422769,40.2671044104,,,,,,star,Gaia DR3 varisum (I/358/varisum),literature,True,silver,14.2077490000,,,0,368929792283497216,dev
371261237970082176,17.5181060866,40.7558670711,,,,,,star,Gaia DR3 varisum (I/358/varisum),literature,True,silver,15.0653870000,,,0,371261237970082176,dev
368602240897172352,10.0089423105,39.0095947058,,,,,,star,Gaia DR3 varisum (I/358/varisum),literature,True,silver,15.0562070000,,,0,368602240897172352,dev
372018625387403392,20.1704599844,41.0581529074,,,,,,star,Gaia DR3 varisum (I/358/varisum),literature,True,silver,15.8645630000,,,0,372018625387403392,dev
368917491496569728,12.5209830697,40.0961077640,,,,,,star,Gaia DR3 varisum (I/358/varisum),literature,True,silver,15.5278850000,,,0,368917491496569728,test
370894035446252928,16.0276799845,39.4915176700,,,,,,star,Gaia DR3 varisum (I/358/varisum),literature,True,silver,14.2959090000,,,0,370894035446252928,dev
373070381274452096,17.5909793367,42.1335224378,,,,,,star,Gaia DR3 varisum (I/358/varisum),literature,True,silver,14.4592590000,,,0,373070381274452096,dev
369000813861876864,11.6780138895,40.5822470435,,,,,,star,Gaia DR3 varisum (I/358/varisum),literature,True,silver,14.4743530000,,,0,369000813861876864,dev
372214789429002624,20.6932397650,41.3208847091,,,,,,star,Gaia DR3 varisum (I/358/varisum),literature,True,silver,14.2341110000,,,0,372214789429002624,dev
373030180380491008,17.1892000908,41.6484594079,,,,,,star,Gaia DR3 varisum (I/358/varisum),literature,True,silver,14.1566660000,,,0,373030180380491008,test
368768095354120320,11.6676826741,39.1391804132,,,,,,star,Gaia DR3 varisum (I/358/varisum),literature,True,silver,15.8748290000,,,0,368768095354120320,dev
368247476597952000,9.4644466107,37.8157926287,,,,,,star,Gaia DR3 varisum (I/358/varisum),literature,True,silver,15.9673200000,,,0,368247476597952000,dev
371150462173677696,17.3603871407,39.9459245078,,,,,,star,Gaia DR3 varisum (I/358/varisum),literature,True,silver,15.2323580000,,,0,371150462173677696,dev
373982632328044160,15.0895373130,40.1432888229,,,,,,star,Gaia DR3 varisum (I/358/varisum),literature,True,silver,15.7417990000,,,0,373982632328044160,dev
368646942916733056,10.1022592554,39.4228215253,,,,,,star,Gaia DR3 varisum (I/358/varisum),literature,True,silver,15.8417240000,,,0,368646942916733056,dev
371283262562278528,16.0279183481,39.6964397637,,,,,,star,Gaia DR3 varisum (I/358/varisum),literature,True,silver,15.5285790000,,,0,371283262562278528,dev
371528415000726784,17.0193116970,41.4997158472,,,,,,star,Gaia DR3 varisum (I/358/varisum),literature,True,silver,14.5404950000,,,0,371528415000726784,dev
368459235665678848,9.1611466887,38.2720017946,,,,,,star,Gaia DR3 varisum (I/358/varisum),literature,True,silver,15.0129960000,,,0,368459235665678848,dev
371507700373294592,16.4236674476,41.1741537060,,,,,,star,Gaia DR3 varisum (I/358/varisum),literature,True,silver,15.8238230000,,,0,371507700373294592,dev
369156532198759040,11.2609267678,40.4099819612,,,,,,star,Gaia DR3 varisum (I/358/varisum),literature,True,silver,14.9169720000,,,0,369156532198759040,test
371149534460748544,17.4611907782,39.9118354679,,,,,,star,Gaia DR3 varisum (I/358/varisum),literature,True,silver,14.6338720000,,,0,371149534460748544,dev
368611174428929920,9.6862602214,39.0447287640,,,,,,star,Gaia DR3 varisum (I/358/varisum),literature,True,silver,14.6906760000,,,0,368611174428929920,dev
370737217600230528,14.7785953076,38.6130866279,,,,,,star,Gaia DR3 varisum (I/358/varisum),literature,True,silver,14.7445210000,,,0,370737217600230528,dev
373021453007152512,17.7088919481,41.9934898412,,,,,,star,Gaia DR3 varisum (I/358/varisum),literature,True,silver,15.8808160000,,,0,373021453007152512,dev
371527938259529600,17.1046202914,41.5029663679,,,,,,star,Gaia DR3 varisum (I/358/varisum),literature,True,silver,14.8612830000,,,0,371527938259529600,dev
371249345204325888,17.3295550488,40.5144085104,,,,,,star,Gaia DR3 varisum (I/358/varisum),literature,True,silver,13.1526870000,,,0,371249345204325888,test
368790807141047552,11.2750741223,39.4508253313,,,,,,star,Gaia DR3 varisum (I/358/varisum),literature,True,silver,14.4152420000,,,0,368790807141047552,dev
368698581307479168,9.8064845890,39.5736464243,,,,,,star,Gaia DR3 varisum (I/358/varisum),literature,True,silver,13.5280620000,,,0,368698581307479168,dev
370760685301526656,14.8956755141,38.6916158051,,,,,,star,Gaia DR3 varisum (I/358/varisum),literature,True,silver,15.8729300000,,,0,370760685301526656,dev
371519073446803328,16.9378798657,41.2963848025,,,,,,star,Gaia DR3 varisum (I/358/varisum),literature,True,silver,14.4523260000,,,0,371519073446803328,dev
369090630219083520,10.1055264920,40.1125970371,,,,,,star,Gaia DR3 varisum (I/358/varisum),literature,True,silver,14.5367000000,,,0,369090630219083520,test
371032883148990592,17.3012206818,39.4218401155,,,,,,star,Gaia DR3 varisum (I/358/varisum),literature,True,silver,15.9349820000,,,0,371032883148990592,dev
368397594294996224,10.4037255233,38.8213276221,,,,,,star,Gaia DR3 varisum (I/358/varisum),literature,True,silver,14.8522960000,,,0,368397594294996224,test
368846401197665920,11.2202600552,39.7991628946,,,,,,star,Gaia DR3 varisum (I/358/varisum),literature,True,silver,13.9351100000,,,0,368846401197665920,dev
371520379116844288,16.8427916857,41.3687086776,,,,,,star,Gaia DR3 varisum (I/358/varisum),literature,True,silver,14.8277660000,,,0,371520379116844288,dev
368568740151766400,9.3310929994,39.0606891572,,,,,,star,Gaia DR3 varisum (I/358/varisum),literature,True,silver,14.9390190000,,,0,368568740151766400,test
368959135499272192,11.7680958706,40.2880403106,,,,,,star,Gaia DR3 varisum (I/358/varisum),literature,True,silver,14.9718170000,,,0,368959135499272192,test
369281425550374528,11.1567679122,41.4206304474,,,,,,star,Gaia DR3 varisum (I/358/varisum),literature,True,silver,15.9148780000,,,0,369281425550374528,dev
371523883810406528,17.0913420510,41.3721949373,,,,,,star,Gaia DR3 varisum (I/358/varisum),literature,True,silver,15.4285580000,,,0,371523883810406528,dev
368059253951422208,12.7400310788,39.3298164054,,,,,,star,Gaia DR3 varisum (I/358/varisum),literature,True,silver,15.5302350000,,,0,368059253951422208,dev
368731085620532736,9.8834843085,40.1726200230,,,,,,star,Gaia DR3 varisum (I/358/varisum),literature,True,silver,15.5255020000,,,0,368731085620532736,dev
368987104326416512,11.9137566884,40.5727460218,,,,,,star,Gaia DR3 varisum (I/358/varisum),literature,True,silver,15.0821100000,,,0,368987104326416512,dev
370478729288442368,15.5388734877,37.9004105148,,,,,,star,Gaia DR3 varisum (I/358/varisum),literature,True,silver,14.2009580000,,,0,370478729288442368,test
371060474018745728,16.4441595266,39.2839782086,,,,,,star,Gaia DR3 varisum (I/358/varisum),literature,True,silver,15.2219170000,,,0,371060474018745728,dev
373199848768414720,17.2726569435,42.9176743133,,,,,,star,Gaia DR3 varisum (I/358/varisum),literature,True,silver,15.8088470000,,,0,373199848768414720,dev
367983933109022208,11.3730955411,38.7962987302,,,,,,star,Gaia DR3 varisum (I/358/varisum),literature,True,silver,15.5774610000,,,0,367983933109022208,dev
368427521627268864,10.8637759916,39.0774274008,,,,,,star,Gaia DR3 varisum (I/358/varisum),literature,True,silver,14.8449260000,,,0,368427521627268864,dev
368074814617569792,13.2707382649,39.3904291907,,,,,,star,Gaia DR3 varisum (I/358/varisum),literature,True,silver,14.8210060000,,,0,368074814617569792,dev
371308345171397760,16.5594788998,40.1652824094,,,,,,star,Gaia DR3 varisum (I/358/varisum),literature,True,silver,15.1725980000,,,0,371308345171397760,dev
369672787265074176,15.5927449723,37.2937000659,,,,,,star,Gaia DR3 varisum (I/358/varisum),literature,True,silver,15.9081610000,,,0,369672787265074176,test
368288845723043968,9.9527989734,38.2983870575,,,,,,star,Gaia DR3 varisum (I/358/varisum),literature,True,silver,13.1849780000,,,0,368288845723043968,dev
369243256178304128,10.7563349983,40.9253261670,,,,,,star,Gaia DR3 varisum (I/358/varisum),literature,True,silver,13.0932390000,,,0,369243256178304128,test
369192369406116224,11.7423797377,40.7778511021,,,,,,star,Gaia DR3 varisum (I/358/varisum),literature,True,silver,15.7576710000,,,0,369192369406116224,test
367966242139533440,11.5286112523,38.5944309152,,,,,,star,Gaia DR3 varisum (I/358/varisum),literature,True,silver,13.8297800000,,,0,367966242139533440,dev
369836923735590144,17.0327176726,38.3186729324,,,,,,star,Gaia DR3 varisum (I/358/varisum),literature,True,silver,13.5929280000,,,0,369836923735590144,dev
373072850879750272,17.5984399395,42.2596071451,,,,,,star,Gaia DR3 varisum (I/358/varisum),literature,True,silver,17.0545670000,,,0,373072850879750272,dev
371515598817872000,16.9167963890,41.2502562378,,,,,,star,Gaia DR3 varisum (I/358/varisum),literature,True,silver,18.1304970000,,,0,371515598817872000,dev
367986853686786944,11.6915869181,38.8088340233,,,,,,star,Gaia DR3 varisum (I/358/varisum),literature,True,silver,17.1718980000,,,0,367986853686786944,dev
370932101740610176,14.9763965778,39.3498460475,,,,,,star,Gaia DR3 varisum (I/358/varisum),literature,True,silver,18.1295360000,,,0,370932101740610176,dev
368365467939813376,10.7983979983,38.6671546515,,,,,,star,Gaia DR3 varisum (I/358/varisum),literature,True,silver,17.4641570000,,,0,368365467939813376,dev
368989333413612928,12.1090589232,40.5842793349,,,,,,star,Gaia DR3 varisum (I/358/varisum),literature,True,silver,18.6493840000,,,0,368989333413612928,dev
371213233119494144,17.0480991155,40.1197897644,,,,,,star,Gaia DR3 varisum (I/358/varisum),literature,True,silver,17.5336740000,,,0,371213233119494144,dev
371179530512314240,17.7228592275,40.1766476157,,,,,,star,Gaia DR3 varisum (I/358/varisum),literature,True,silver,18.9871080000,,,0,371179530512314240,dev
373085563982970240,17.0609621455,42.3129042099,,,,,,star,Gaia DR3 varisum (I/358/varisum),literature,True,silver,18.5353640000,,,0,373085563982970240,dev
371008178495828608,16.6055454497,39.1546466545,,,,,,star,Gaia DR3 varisum (I/358/varisum),literature,True,silver,18.5725670000,,,0,371008178495828608,dev
373962252707502720,14.5579565928,39.8276887457,,,,,,star,Gaia DR3 varisum (I/358/varisum),literature,True,silver,17.3762550000,,,0,373962252707502720,dev
373881644761640192,13.9326141711,39.4659565648,,,,,,star,Gaia DR3 varisum (I/358/varisum),literature,True,silver,17.4023420000,,,0,373881644761640192,dev
371252643739799936,17.2849968869,40.5658490988,,,,,,star,Gaia DR3 varisum (I/358/varisum),literature,True,silver,16.9205760000,,,0,371252643739799936,dev
369095092688604416,10.4692005133,40.1446127705,,,,,,star,Gaia DR3 varisum (I/358/varisum),literature,True,silver,17.9995380000,,,0,369095092688604416,dev
368527813408060288,8.7851856524,38.5345182471,,,,,,star,Gaia DR3 varisum (I/358/varisum),literature,True,silver,17.6886220000,,,0,368527813408060288,dev
371274672627855104,16.3298467743,39.7054913196,,,,,,star,Gaia DR3 varisum (I/358/varisum),literature,True,silver,17.7256300000,,,0,371274672627855104,dev
369035238036349056,10.4600245654,39.8710567981,,,,,,star,Gaia DR3 varisum (I/358/varisum),literature,True,silver,18.1859720000,,,0,369035238036349056,dev
371460799330621696,17.0697585969,40.9450603801,,,,,,star,Gaia DR3 varisum (I/358/varisum),literature,True,silver,16.8095820000,,,0,371460799330621696,dev
368810353536251520,10.8415900184,39.3362080452,,,,,,star,Gaia DR3 varisum (I/358/varisum),literature,True,silver,18.4050430000,,,0,368810353536251520,test
369004314259657728,11.7323077433,40.7597717176,,,,,,star,Gaia DR3 varisum (I/358/varisum),literature,True,silver,17.6629710000,,,0,369004314259657728,test
371152729916409344,17.5208886975,39.9626698720,,,,,,star,Gaia DR3 varisum (I/358/varisum),literature,True,silver,17.2455900000,,,0,371152729916409344,dev
373839725880611968,14.2579141673,39.2473671859,,,,,,star,Gaia DR3 varisum (I/358/varisum),literature,True,silver,16.4198900000,,,0,373839725880611968,dev
368418686879389824,10.6594347129,38.8939118593,,,,,,star,Gaia DR3 varisum (I/358/varisum),literature,True,silver,18.3859540000,,,0,368418686879389824,test
368544855838546816,8.5341305810,38.7204268130,,,,,,star,Gaia DR3 varisum (I/358/varisum),literature,True,silver,18.6452830000,,,0,368544855838546816,dev
369202466872377472,11.8763245686,41.0644990138,,,,,,star,Gaia DR3 varisum (I/358/varisum),literature,True,silver,16.5850800000,,,0,369202466872377472,test
368608425650061312,9.9897613549,39.1866184690,,,,,,star,Gaia DR3 varisum (I/358/varisum),literature,True,silver,18.9667990000,,,0,368608425650061312,dev
368669890928141056,9.4084356197,39.3526048262,,,,,,star,Gaia DR3 varisum (I/358/varisum),literature,True,silver,18.7267700000,,,0,368669890928141056,test
369101247378712960,10.3904470661,40.3569461426,,,,,,star,Gaia DR3 varisum (I/358/varisum),literature,True,silver,18.7305070000,,,0,369101247378712960,dev
370507209215668736,15.2805747460,37.9800894963,,,,,,star,Gaia DR3 varisum (I/358/varisum),literature,True,silver,18.8561520000,,,0,370507209215668736,test
373975107546119808,15.1137946266,39.9074332829,,,,,,star,Gaia DR3 varisum (I/358/varisum),literature,True,silver,16.2184160000,,,0,373975107546119808,dev
371209556627591424,17.2862410001,40.2148739717,,,,,,star,Gaia DR3 varisum (I/358/varisum),literature,True,silver,18.2366750000,,,0,371209556627591424,test
370680455312505856,16.4515040899,39.1436263727,,,,,,star,Gaia DR3 varisum (I/358/varisum),literature,True,silver,17.8596210000,,,0,370680455312505856,test
373191052675404288,17.2042860493,42.7168212064,,,,,,star,Gaia DR3 varisum (I/358/varisum),literature,True,silver,16.3943730000,,,0,373191052675404288,dev
370548445197544320,15.3544030197,38.3591002949,,,,,,star,Gaia DR3 varisum (I/358/varisum),literature,True,silver,16.9754680000,,,0,370548445197544320,test
373964520450314624,14.6104339672,39.9185850006,,,,,,star,Gaia DR3 varisum (I/358/varisum),literature,True,silver,18.8121800000,,,0,373964520450314624,dev
370818130488738176,14.9249648431,38.9619011309,,,,,,star,Gaia DR3 varisum (I/358/varisum),literature,True,silver,18.8844450000,,,0,370818130488738176,dev
371358746611591808,15.5625041003,40.2271382913,,,,,,star,Gaia DR3 varisum (I/358/varisum),literature,True,silver,16.0182170000,,,0,371358746611591808,dev
368408795569695232,10.1701970892,38.8299739794,,,,,,star,Gaia DR3 varisum (I/358/varisum),literature,True,silver,18.8202080000,,,0,368408795569695232,dev
371128398926724480,17.5886756329,39.6480342112,,,,,,star,Gaia DR3 varisum (I/358/varisum),literature,True,silver,18.0842530000,,,0,371128398926724480,dev
370671483125436416,16.2422360187,38.9091842719,,,,,,star,Gaia DR3 varisum (I/358/varisum),literature,True,silver,17.2236390000,,,0,370671483125436416,dev
370627678754389376,16.6179987406,38.9382530769,,,,,,star,Gaia DR3 varisum (I/358/varisum),literature,True,silver,17.8403150000,,,0,370627678754389376,test
371291951280828800,16.1559576097,39.8616487142,,,,,,star,Gaia DR3 varisum (I/358/varisum),literature,True,silver,17.5670450000,,,0,371291951280828800,dev
368864813722662272,11.2992612063,39.9254118086,,,,,,star,Gaia DR3 varisum (I/358/varisum),literature,True,silver,18.9177420000,,,0,368864813722662272,dev
373980154131433984,15.0691359571,40.0752566409,,,,,,star,Gaia DR3 varisum (I/358/varisum),literature,True,silver,18.9069140000,,,0,373980154131433984,test
373183145639606784,17.4022813109,42.4520512895,,,,,,star,Gaia DR3 varisum (I/358/varisum),literature,True,silver,18.6753310000,,,0,373183145639606784,test
368553140830461056,8.6822790099,38.8674665908,,,,,,star,Gaia DR3 varisum (I/358/varisum),literature,True,silver,17.0457440000,,,0,368553140830461056,dev
371513232291322752,16.8065371860,41.1137865874,,,,,,star,Gaia DR3 varisum (I/358/varisum),literature,True,silver,17.0337700000,,,0,371513232291322752,dev
373170947932433280,17.5005368584,42.3617428104,,,,,,star,Gaia DR3 varisum (I/358/varisum),literature,True,silver,17.8188340000,,,0,373170947932433280,dev
368572618506319232,9.3372218373,39.1818261711,,,,,,star,Gaia DR3 varisum (I/358/varisum),literature,True,silver,18.6972450000,,,0,368572618506319232,test
373930126352721152,13.8358490564,39.9735176222,,,,,,star,Gaia DR3 varisum (I/358/varisum),literature,True,silver,18.9860900000,,,0,373930126352721152,dev
372988154125548032,17.5982325207,41.6981995931,,,,,,star,Gaia DR3 varisum (I/358/varisum),literature,True,silver,18.3033730000,,,0,372988154125548032,dev
368944150357887360,11.6284446435,39.9292601265,,,,,,star,Gaia DR3 varisum (I/358/varisum),literature,True,silver,18.9556710000,,,0,368944150357887360,dev
370593074201997056,16.0816465850,38.4697129189,,,,,,star,Gaia DR3 varisum (I/358/varisum),literature,True,silver,18.3721430000,,,0,370593074201997056,test
368684390735285120,9.2798823184,39.4150814492,,,,,,star,Gaia DR3 varisum (I/358/varisum),literature,True,silver,18.2017520000,,,0,368684390735285120,dev
369071869803364224,10.6856754905,40.2483126176,,,,,,star,Gaia DR3 varisum (I/358/varisum),literature,True,silver,16.9906790000,,,0,369071869803364224,dev
369103923141364096,10.1033637326,40.1552119197,,,,,,star,Gaia DR3 varisum (I/358/varisum),literature,True,silver,18.8453870000,,,0,369103923141364096,dev
369095230127617664,10.4948309176,40.1851363417,,,,,,star,Gaia DR3 varisum (I/358/varisum),literature,True,silver,18.3633020000,,,0,369095230127617664,dev
368911027570760320,12.4630785752,40.0260309509,,,,,,star,Gaia DR3 varisum (I/358/varisum),literature,True,silver,18.7165810000,,,0,368911027570760320,dev
371442756172065920,17.2009737285,40.7305878347,,,,,,star,Gaia DR3 varisum (I/358/varisum),literature,True,silver,18.8592010000,,,0,371442756172065920,dev
369029637386717952,10.7722888279,39.8997511409,,,,,,star,Gaia DR3 varisum (I/358/varisum),literature,True,silver,16.6122130000,,,0,369029637386717952,dev
373232383145335296,17.4716078910,43.2241136885,,,,,,star,Gaia DR3 varisum (I/358/varisum),literature,True,silver,18.3567520000,,,0,373232383145335296,dev
368320662840051584,10.7394219003,38.2572462389,,,,,,star,Gaia DR3 varisum (I/358/varisum),literature,True,silver,18.6527060000,,,0,368320662840051584,dev
369010189774944640,11.8765870203,40.8275434625,,,,,,star,Gaia DR3 varisum (I/358/varisum),literature,True,silver,17.0591490000,,,0,369010189774944640,test
368654772642060416,10.1753466455,39.5734033884,,,,,,star,Gaia DR3 varisum (I/358/varisum),literature,True,silver,17.2457260000,,,0,368654772642060416,test
368957520591571968,11.7457464313,40.2607620513,,,,,,star,Gaia DR3 varisum (I/358/varisum),literature,True,silver,16.0715800000,,,0,368957520591571968,dev
369012560596923008,11.9958302619,40.9538929373,,,,,,star,Gaia DR3 varisum (I/358/varisum),literature,True,silver,18.3657500000,,,0,369012560596923008,dev
368863404973259520,10.9929745470,39.9363122903,,,,,,star,Gaia DR3 varisum (I/358/varisum),literature,True,silver,18.8289810000,,,0,368863404973259520,dev
368701639324396032,9.7716703099,39.5938200264,,,,,,star,Gaia DR3 varisum (I/358/varisum),literature,True,silver,18.2059750000,,,0,368701639324396032,dev
371070438343003008,16.7493311061,39.5382005597,,,,,,star,Gaia DR3 varisum (I/358/varisum),literature,True,silver,18.5919950000,,,0,371070438343003008,dev
367982936676582784,11.4778970347,38.7490982789,,,,,,star,Gaia DR3 varisum (I/358/varisum),literature,True,silver,16.4488280000,,,0,367982936676582784,test
367981046890935040,11.3588389277,38.6829845959,,,,,,star,Gaia DR3 varisum (I/358/varisum),literature,True,silver,18.3411750000,,,0,367981046890935040,dev
368712703160364160,9.9924156826,39.8741751697,,,,,,star,Gaia DR3 varisum (I/358/varisum),literature,True,silver,20.5892680000,,,0,368712703160364160,dev
371146442083492096,17.5107791737,39.9052307657,,,,,,star,Gaia DR3 varisum (I/358/varisum),literature,True,silver,20.7073460000,,,0,371146442083492096,dev
373882297596715136,13.9757909913,39.5364385610,,,,,,star,Gaia DR3 varisum (I/358/varisum),literature,True,silver,19.4354820000,,,0,373882297596715136,dev
368086604303306496,12.7519014714,39.4487904707,,,,,,star,Gaia DR3 varisum (I/358/varisum),literature,True,silver,19.6121920000,,,0,368086604303306496,dev
368288291671843712,9.9150923548,38.2386395523,,,,,,star,Gaia DR3 varisum (I/358/varisum),literature,True,silver,20.6336840000,,,0,368288291671843712,dev
368052897400036608,12.5152498424,39.1090561525,,,,,,star,Gaia DR3 varisum (I/358/varisum),literature,True,silver,20.5631070000,,,0,368052897400036608,dev
367996066392893440,12.0395799412,38.8512473048,,,,,,star,Gaia DR3 varisum (I/358/varisum),literature,True,silver,21.2290530000,,,0,367996066392893440,dev
371305390233379328,16.4207355698,39.9880222003,,,,,,star,Gaia DR3 varisum (I/358/varisum),literature,True,silver,20.8093850000,,,0,371305390233379328,dev
368433530286397824,10.3467756580,38.9355747188,,,,,,star,Gaia DR3 varisum (I/358/varisum),literature,True,silver,19.2441480000,,,0,368433530286397824,dev
369184565446737664,11.3069922084,40.8479142182,,,,,,star,Gaia DR3 varisum (I/358/varisum),literature,True,silver,20.2067600000,,,0,369184565446737664,dev
368012142454285824,11.7361047054,38.9516700641,,,,,,star,Gaia DR3 varisum (I/358/varisum),literature,True,silver,20.9085220000,,,0,368012142454285824,dev
368118451484966784,12.1164884161,39.3932259442,,,,,,star,Gaia DR3 varisum (I/358/varisum),literature,True,silver,20.8687400000,,,0,368118451484966784,dev
368880997158145664,11.8780617658,39.7388566580,,,,,,star,Gaia DR3 varisum (I/358/varisum),literature,True,silver,20.7575040000,,,0,368880997158145664,dev
368659239414691072,10.1241935131,39.6772585187,,,,,,star,Gaia DR3 varisum (I/358/varisum),literature,True,silver,20.8991600000,,,0,368659239414691072,dev
368353373311144576,10.8469806194,38.6113295268,,,,,,star,Gaia DR3 varisum (I/358/varisum),literature,True,silver,19.8331360000,,,0,368353373311144576,dev
373809248794770560,14.2467282507,38.9968814942,,,,,,star,Gaia DR3 varisum (I/358/varisum),literature,True,silver,20.7192420000,,,0,373809248794770560,dev
369097605245244288,10.2471448649,40.1788374021,,,,,,star,Gaia DR3 varisum (I/358/varisum),literature,True,silver,20.6645280000,,,0,369097605245244288,test
368460227803357824,9.3749255195,38.1933939911,,,,,,star,Gaia DR3 varisum (I/358/varisum),literature,True,silver,21.0250420000,,,0,368460227803357824,test
370664336298984064,15.6727465552,38.8601476794,,,,,,star,Gaia DR3 varisum (I/358/varisum),literature,True,silver,19.1446290000,,,0,370664336298984064,dev
370715704108942080,15.0236540274,38.3837046907,,,,,,star,Gaia DR3 varisum (I/358/varisum),literature,True,silver,20.7935680000,,,0,370715704108942080,dev
368313305563939584,10.5840251567,38.0723106332,,,,,,star,Gaia DR3 varisum (I/358/varisum),literature,True,silver,19.4769150000,,,0,368313305563939584,dev
369009055903592960,12.0329555445,40.8736253812,,,,,,star,Gaia DR3 varisum (I/358/varisum),literature,True,silver,20.8098620000,,,0,369009055903592960,dev
368127556815786752,12.3891823874,39.5684683487,,,,,,star,Gaia DR3 varisum (I/358/varisum),literature,True,silver,21.4517420000,,,0,368127556815786752,dev
370494534768103168,15.2195319794,37.7395772689,,,,,,star,Gaia DR3 varisum (I/358/varisum),literature,True,silver,20.0070320000,,,0,370494534768103168,dev
368115221674755328,12.4986824964,39.5584435594,,,,,,star,Gaia DR3 varisum (I/358/varisum),literature,True,silver,19.8483100000,,,0,368115221674755328,dev
370975395011408640,15.5018307404,39.8817864267,,,,,,star,Gaia DR3 varisum (I/358/varisum),literature,True,silver,20.4644410000,,,0,370975395011408640,dev
368056260358304128,12.6340448064,39.1660866873,,,,,,star,Gaia DR3 varisum (I/358/varisum),literature,True,silver,20.2206130000,,,0,368056260358304128,dev
370472265362637440,16.0280643634,37.9994384300,,,,,,star,Gaia DR3 varisum (I/358/varisum),literature,True,silver,19.8509860000,,,0,370472265362637440,dev
369281081952953856,11.1238771223,41.4076930293,,,,,,star,Gaia DR3 varisum (I/358/varisum),literature,True,silver,20.3008540000,,,0,369281081952953856,dev
370501269276932608,15.3287829505,37.8584075664,,,,,,star,Gaia DR3 varisum (I/358/varisum),literature,True,silver,20.4672050000,,,0,370501269276932608,dev
370474704903965312,15.6785884208,37.8229809199,,,,,,star,Gaia DR3 varisum (I/358/varisum),literature,True,silver,20.6875950000,,,0,370474704903965312,dev
373808153576548224,14.2887117737,38.9508138042,,,,,,star,Gaia DR3 varisum (I/358/varisum),literature,True,silver,19.6938970000,,,0,373808153576548224,dev
369280261617490304,11.1468651992,41.3889446591,,,,,,star,Gaia DR3 varisum (I/358/varisum),literature,True,silver,21.1929260000,,,0,369280261617490304,dev
368580864843479680,8.9420223040,39.1160295175,,,,,,star,Gaia DR3 varisum (I/358/varisum),literature,True,silver,19.1029050000,,,0,368580864843479680,dev
368598113432310016,9.8552958455,38.8899611564,,,,,,star,Gaia DR3 varisum (I/358/varisum),literature,True,silver,21.1776280000,,,0,368598113432310016,dev
370689835520474368,15.9078146830,39.0418240534,,,,,,star,Gaia DR3 varisum (I/358/varisum),literature,True,silver,20.7560060000,,,0,370689835520474368,test
368537571574165760,9.0116257124,38.8215717548,,,,,,star,Gaia DR3 varisum (I/358/varisum),literature,True,silver,20.1169280000,,,0,368537571574165760,dev
370745498296234240,15.0630012468,38.5577206913,,,,,,star,Gaia DR3 varisum (I/358/varisum),literature,True,silver,19.4231990000,,,0,370745498296234240,dev
369160105608269696,11.1447923564,40.4258954973,,,,,,star,Gaia DR3 varisum (I/358/varisum),literature,True,silver,19.6846770000,,,0,369160105608269696,dev
369294035576728832,11.3025337174,41.7489884467,,,,,,star,Gaia DR3 varisum (I/358/varisum),literature,True,silver,19.0831180000,,,0,369294035576728832,test
370473815845211904,16.0032583379,38.0980490962,,,,,,star,Gaia DR3 varisum (I/358/varisum),literature,True,silver,20.8057500000,,,0,370473815845211904,test
368902579370176256,12.0729516530,40.0527775109,,,,,,star,Gaia DR3 varisum (I/358/varisum),literature,True,silver,20.3925500000,,,0,368902579370176256,dev
369214080463936256,11.4020803460,41.0505097512,,,,,,star,Gaia DR3 varisum (I/358/varisum),literature,True,silver,19.2063700000,,,0,369214080463936256,dev
370244597735674496,17.2179987674,38.9831977605,,,,,,star,Gaia DR3 varisum (I/358/varisum),literature,True,silver,20.2754440000,,,0,370244597735674496,dev
368676110038695936,9.6243373385,39.4829288305,,,,,,star,Gaia DR3 varisum (I/358/varisum),literature,True,silver,19.6074800000,,,0,368676110038695936,dev
373089725807302144,17.3208854562,42.4022091976,,,,,,star,Gaia DR3 varisum (I/358/varisum),literature,True,silver,20.1371330000,,,0,373089725807302144,dev
373200639041919744,17.8490861529,42.6192758298,,,,,,star,Gaia DR3 varisum (I/358/varisum),literature,True,silver,20.4379310000,,,0,373200639041919744,dev
368872686397739648,11.2278914367,40.1561517775,,,,,,star,Gaia DR3 varisum (I/358/varisum),literature,True,silver,21.2210240000,,,0,368872686397739648,dev
