Loaded 156,950 sources from data/benchmark/benchmark_master_v3.csv
Cards directory: cards/benchmark_v3
Workers: 8 | Timeout: 60s | Max retries: 3
Starting at 2026-03-02T09:16:25.223599+00:00
------------------------------------------------------------
Queued initial batch: 64 in-flight requests
[heartbeat] processed=0/156,950 in_flight=64 done=0 skipped=0 failed=0 cards=0.00GB elapsed=0h00m ETA=0:00:00
[heartbeat] processed=8/156,950 in_flight=64 done=8 skipped=0 failed=0 cards=0.00GB elapsed=0h01m ETA=14 days, 19:47:47
[heartbeat] processed=31/156,950 in_flight=64 done=15 skipped=16 failed=0 cards=0.00GB elapsed=0h01m ETA=5 days, 16:34:17
[heartbeat] processed=31/156,950 in_flight=64 done=15 skipped=16 failed=0 cards=0.00GB elapsed=0h02m ETA=7 days, 10:46:56
[heartbeat] processed=41/156,950 in_flight=64 done=21 skipped=20 failed=0 cards=0.00GB elapsed=0h02m ETA=6 days, 23:23:50
[heartbeat] processed=49/156,950 in_flight=64 done=29 skipped=20 failed=0 cards=0.00GB elapsed=0h03m ETA=7 days, 0:33:57
[heartbeat] processed=49/156,950 in_flight=64 done=29 skipped=20 failed=0 cards=0.00GB elapsed=0h03m ETA=8 days, 3:16:15
[heartbeat] processed=49/156,950 in_flight=64 done=29 skipped=20 failed=0 cards=0.00GB elapsed=0h04m ETA=9 days, 5:58:32
[heartbeat] processed=54/156,950 in_flight=64 done=34 skipped=20 failed=0 cards=0.00GB elapsed=0h04m ETA=9 days, 12:45:34
[heartbeat] processed=66/156,950 in_flight=64 done=38 skipped=28 failed=0 cards=0.00GB elapsed=0h05m ETA=8 days, 15:41:03
[heartbeat] processed=73/156,950 in_flight=64 done=45 skipped=28 failed=0 cards=0.00GB elapsed=0h05m ETA=8 days, 13:41:16
[heartbeat] processed=81/156,950 in_flight=64 done=53 skipped=28 failed=0 cards=0.00GB elapsed=0h06m ETA=8 days, 12:05:21
[heartbeat] processed=89/156,950 in_flight=64 done=61 skipped=28 failed=0 cards=0.00GB elapsed=0h06m ETA=8 days, 9:43:46
[heartbeat] processed=93/156,950 in_flight=64 done=63 skipped=30 failed=0 cards=0.00GB elapsed=0h07m ETA=8 days, 15:25:44
[heartbeat] processed=103/156,950 in_flight=64 done=71 skipped=32 failed=0 cards=0.00GB elapsed=0h07m ETA=8 days, 8:40:04
[heartbeat] processed=117/156,950 in_flight=64 done=79 skipped=38 failed=0 cards=0.00GB elapsed=0h08m ETA=7 days, 20:39:30
[heartbeat] processed=117/156,950 in_flight=64 done=79 skipped=38 failed=0 cards=0.00GB elapsed=0h08m ETA=8 days, 7:50:23
[heartbeat] processed=134/156,950 in_flight=64 done=92 skipped=42 failed=0 cards=0.00GB elapsed=0h09m ETA=7 days, 17:39:42
[heartbeat] processed=135/156,950 in_flight=64 done=93 skipped=42 failed=0 cards=0.00GB elapsed=0h10m ETA=8 days, 2:56:20
[heartbeat] processed=136/156,950 in_flight=64 done=94 skipped=42 failed=0 cards=0.00GB elapsed=0h10m ETA=8 days, 12:13:44
[heartbeat] processed=139/156,950 in_flight=64 done=97 skipped=42 failed=0 cards=0.00GB elapsed=0h11m ETA=8 days, 17:38:30
[heartbeat] processed=139/156,950 in_flight=64 done=97 skipped=42 failed=0 cards=0.00GB elapsed=0h11m ETA=9 days, 3:03:02
[heartbeat] processed=143/156,950 in_flight=64 done=101 skipped=42 failed=0 cards=0.00GB elapsed=0h12m ETA=9 days, 7:04:45
[heartbeat] processed=143/156,950 in_flight=64 done=101 skipped=42 failed=0 cards=0.00GB elapsed=0h12m ETA=9 days, 16:13:32
[heartbeat] processed=143/156,950 in_flight=64 done=101 skipped=42 failed=0 cards=0.00GB elapsed=0h13m ETA=10 days, 1:22:22
[heartbeat] processed=143/156,950 in_flight=64 done=101 skipped=42 failed=0 cards=0.00GB elapsed=0h13m ETA=10 days, 10:31:10
[heartbeat] processed=144/156,950 in_flight=64 done=101 skipped=42 failed=1 cards=0.00GB elapsed=0h14m ETA=10 days, 19:48:50
[heartbeat] processed=147/156,950 in_flight=64 done=101 skipped=42 failed=4 cards=0.00GB elapsed=0h14m ETA=11 days, 5:26:33
[heartbeat] processed=151/156,950 in_flight=64 done=105 skipped=42 failed=4 cards=0.00GB elapsed=0h15m ETA=11 days, 7:12:00
[heartbeat] processed=151/156,950 in_flight=64 done=105 skipped=42 failed=4 cards=0.00GB elapsed=0h15m ETA=11 days, 16:06:03
[heartbeat] processed=151/156,950 in_flight=64 done=105 skipped=42 failed=4 cards=0.00GB elapsed=0h16m ETA=12 days, 1:00:01
[heartbeat] processed=151/156,950 in_flight=64 done=105 skipped=42 failed=4 cards=0.00GB elapsed=0h16m ETA=12 days, 9:53:52
[heartbeat] processed=151/156,950 in_flight=64 done=105 skipped=42 failed=4 cards=0.00GB elapsed=0h17m ETA=12 days, 18:47:40
[heartbeat] processed=153/156,950 in_flight=64 done=107 skipped=42 failed=4 cards=0.00GB elapsed=0h17m ETA=13 days, 0:10:30
[heartbeat] processed=155/156,950 in_flight=64 done=107 skipped=42 failed=6 cards=0.00GB elapsed=0h18m ETA=13 days, 9:42:16
[heartbeat] processed=159/156,950 in_flight=64 done=107 skipped=42 failed=10 cards=0.00GB elapsed=0h18m ETA=13 days, 18:44:15
[heartbeat] processed=160/156,950 in_flight=64 done=108 skipped=42 failed=10 cards=0.00GB elapsed=0h19m ETA=14 days, 1:19:55
[heartbeat] processed=160/156,950 in_flight=64 done=108 skipped=42 failed=10 cards=0.00GB elapsed=0h19m ETA=14 days, 10:03:10
[heartbeat] processed=160/156,950 in_flight=64 done=108 skipped=42 failed=10 cards=0.00GB elapsed=0h20m ETA=14 days, 18:46:40
[heartbeat] processed=160/156,950 in_flight=64 done=108 skipped=42 failed=10 cards=0.00GB elapsed=0h20m ETA=15 days, 3:30:12
[heartbeat] processed=161/156,950 in_flight=64 done=108 skipped=42 failed=11 cards=0.00GB elapsed=0h21m ETA=15 days, 12:52:18
[heartbeat] processed=163/156,950 in_flight=64 done=108 skipped=42 failed=13 cards=0.00GB elapsed=0h21m ETA=15 days, 22:07:04
[heartbeat] processed=167/156,950 in_flight=64 done=108 skipped=42 failed=17 cards=0.00GB elapsed=0h22m ETA=16 days, 7:03:03
[heartbeat] processed=168/156,950 in_flight=64 done=108 skipped=42 failed=18 cards=0.00GB elapsed=0h22m ETA=16 days, 15:57:17
[heartbeat] processed=168/156,950 in_flight=64 done=108 skipped=42 failed=18 cards=0.00GB elapsed=0h23m ETA=17 days, 0:40:39
[heartbeat] processed=169/156,950 in_flight=64 done=109 skipped=42 failed=18 cards=0.00GB elapsed=0h24m ETA=17 days, 7:48:00
[heartbeat] processed=169/156,950 in_flight=64 done=109 skipped=42 failed=18 cards=0.00GB elapsed=0h24m ETA=17 days, 16:27:59
[heartbeat] processed=171/156,950 in_flight=64 done=110 skipped=42 failed=19 cards=0.00GB elapsed=0h25m ETA=17 days, 23:35:33
[heartbeat] processed=176/156,950 in_flight=64 done=114 skipped=42 failed=20 cards=0.00GB elapsed=0h25m ETA=17 days, 21:08:17
[heartbeat] processed=176/156,950 in_flight=64 done=114 skipped=42 failed=20 cards=0.00GB elapsed=0h26m ETA=18 days, 5:31:14
[heartbeat] processed=176/156,950 in_flight=64 done=114 skipped=42 failed=20 cards=0.00GB elapsed=0h26m ETA=18 days, 13:54:46
[heartbeat] processed=176/156,950 in_flight=64 done=114 skipped=42 failed=20 cards=0.00GB elapsed=0h27m ETA=18 days, 22:17:55
[heartbeat] processed=179/156,950 in_flight=64 done=116 skipped=42 failed=21 cards=0.00GB elapsed=0h27m ETA=19 days, 2:05:41
[heartbeat] processed=181/156,950 in_flight=64 done=118 skipped=42 failed=21 cards=0.00GB elapsed=0h28m ETA=19 days, 4:41:29
[heartbeat] processed=184/156,950 in_flight=64 done=121 skipped=42 failed=21 cards=0.00GB elapsed=0h28m ETA=19 days, 5:32:46
[heartbeat] processed=184/156,950 in_flight=64 done=121 skipped=42 failed=21 cards=0.00GB elapsed=0h29m ETA=19 days, 13:34:27
[heartbeat] processed=186/156,950 in_flight=64 done=123 skipped=42 failed=21 cards=0.00GB elapsed=0h29m ETA=19 days, 16:33:18
[heartbeat] processed=186/156,950 in_flight=64 done=123 skipped=42 failed=21 cards=0.00GB elapsed=0h30m ETA=20 days, 0:29:12
[heartbeat] processed=192/156,950 in_flight=64 done=127 skipped=42 failed=23 cards=0.00GB elapsed=0h30m ETA=19 days, 22:59:46
[heartbeat] processed=192/156,950 in_flight=64 done=127 skipped=42 failed=23 cards=0.00GB elapsed=0h31m ETA=20 days, 6:44:13
[heartbeat] processed=192/156,950 in_flight=64 done=127 skipped=42 failed=23 cards=0.00GB elapsed=0h31m ETA=20 days, 14:28:41
[heartbeat] processed=192/156,950 in_flight=64 done=127 skipped=42 failed=23 cards=0.00GB elapsed=0h32m ETA=20 days, 22:13:13
[heartbeat] processed=192/156,950 in_flight=64 done=127 skipped=42 failed=23 cards=0.00GB elapsed=0h32m ETA=21 days, 5:57:42
[heartbeat] processed=194/156,950 in_flight=64 done=127 skipped=42 failed=25 cards=0.00GB elapsed=0h33m ETA=21 days, 14:09:28
[heartbeat] processed=194/156,950 in_flight=64 done=127 skipped=42 failed=25 cards=0.00GB elapsed=0h34m ETA=21 days, 21:53:58
[heartbeat] processed=200/156,950 in_flight=64 done=127 skipped=42 failed=31 cards=0.00GB elapsed=0h34m ETA=22 days, 6:28:47
[heartbeat] processed=200/156,950 in_flight=64 done=127 skipped=42 failed=31 cards=0.00GB elapsed=0h35m ETA=22 days, 14:13:20
[heartbeat] processed=200/156,950 in_flight=64 done=127 skipped=42 failed=31 cards=0.00GB elapsed=0h35m ETA=22 days, 21:57:49
[heartbeat] processed=203/156,950 in_flight=64 done=130 skipped=42 failed=31 cards=0.00GB elapsed=0h36m ETA=22 days, 20:25:09
[heartbeat] processed=204/156,950 in_flight=64 done=131 skipped=42 failed=31 cards=0.00GB elapsed=0h36m ETA=23 days, 1:16:25
[heartbeat] processed=206/156,950 in_flight=64 done=131 skipped=42 failed=33 cards=0.00GB elapsed=0h37m ETA=23 days, 9:39:54
[heartbeat] processed=208/156,950 in_flight=64 done=133 skipped=42 failed=33 cards=0.00GB elapsed=0h37m ETA=23 days, 11:49:12
[heartbeat] processed=212/156,950 in_flight=64 done=137 skipped=42 failed=33 cards=0.00GB elapsed=0h38m ETA=23 days, 6:32:32
[heartbeat] processed=212/156,950 in_flight=64 done=137 skipped=42 failed=33 cards=0.00GB elapsed=0h38m ETA=23 days, 13:51:05
[heartbeat] processed=212/156,950 in_flight=64 done=137 skipped=42 failed=33 cards=0.00GB elapsed=0h39m ETA=23 days, 21:09:21
[heartbeat] processed=213/156,950 in_flight=64 done=138 skipped=42 failed=33 cards=0.00GB elapsed=0h39m ETA=24 days, 1:45:37
[heartbeat] processed=213/156,950 in_flight=64 done=138 skipped=42 failed=33 cards=0.00GB elapsed=0h40m ETA=24 days, 9:01:37
[heartbeat] processed=214/156,950 in_flight=64 done=138 skipped=42 failed=34 cards=0.00GB elapsed=0h40m ETA=24 days, 17:05:49
[heartbeat] processed=216/156,950 in_flight=64 done=138 skipped=42 failed=36 cards=0.00GB elapsed=0h41m ETA=25 days, 1:26:19
[heartbeat] processed=220/156,950 in_flight=64 done=138 skipped=42 failed=40 cards=0.00GB elapsed=0h41m ETA=25 days, 8:51:22
[heartbeat] processed=222/156,950 in_flight=64 done=140 skipped=42 failed=40 cards=0.00GB elapsed=0h42m ETA=25 days, 9:59:21
[heartbeat] processed=222/156,950 in_flight=64 done=140 skipped=42 failed=40 cards=0.00GB elapsed=0h42m ETA=25 days, 17:10:43
[heartbeat] processed=222/156,950 in_flight=64 done=140 skipped=42 failed=40 cards=0.00GB elapsed=0h43m ETA=26 days, 0:22:11
[heartbeat] processed=222/156,950 in_flight=64 done=140 skipped=42 failed=40 cards=0.00GB elapsed=0h43m ETA=26 days, 7:33:35
[heartbeat] processed=222/156,950 in_flight=64 done=140 skipped=42 failed=40 cards=0.00GB elapsed=0h44m ETA=26 days, 14:44:58
[heartbeat] processed=224/156,950 in_flight=64 done=140 skipped=42 failed=42 cards=0.00GB elapsed=0h45m ETA=26 days, 22:20:37
[heartbeat] processed=228/156,950 in_flight=64 done=140 skipped=42 failed=46 cards=0.00GB elapsed=0h45m ETA=27 days, 5:40:27
[heartbeat] processed=230/156,950 in_flight=64 done=140 skipped=42 failed=48 cards=0.00GB elapsed=0h46m ETA=27 days, 13:30:48
[heartbeat] processed=230/156,950 in_flight=64 done=140 skipped=42 failed=48 cards=0.00GB elapsed=0h46m ETA=27 days, 20:42:04
[heartbeat] processed=231/156,950 in_flight=64 done=141 skipped=42 failed=48 cards=0.00GB elapsed=0h47m ETA=28 days, 0:17:57
[heartbeat] processed=231/156,950 in_flight=64 done=141 skipped=42 failed=48 cards=0.00GB elapsed=0h47m ETA=28 days, 7:26:58
[heartbeat] processed=235/156,950 in_flight=64 done=145 skipped=42 failed=48 cards=0.00GB elapsed=0h48m ETA=28 days, 0:53:09
[heartbeat] processed=238/156,950 in_flight=64 done=145 skipped=42 failed=51 cards=0.00GB elapsed=0h48m ETA=28 days, 8:26:11
[heartbeat] processed=238/156,950 in_flight=64 done=145 skipped=42 failed=51 cards=0.00GB elapsed=0h49m ETA=28 days, 15:25:49
[heartbeat] processed=238/156,950 in_flight=64 done=145 skipped=42 failed=51 cards=0.00GB elapsed=0h49m ETA=28 days, 22:25:34
[heartbeat] processed=238/156,950 in_flight=64 done=145 skipped=42 failed=51 cards=0.00GB elapsed=0h50m ETA=29 days, 5:25:28
[heartbeat] processed=239/156,950 in_flight=64 done=145 skipped=42 failed=52 cards=0.00GB elapsed=0h50m ETA=29 days, 13:12:39
[heartbeat] processed=239/156,950 in_flight=64 done=145 skipped=42 failed=52 cards=0.00GB elapsed=0h51m ETA=29 days, 20:12:21
[heartbeat] processed=243/156,950 in_flight=64 done=145 skipped=42 failed=56 cards=0.00GB elapsed=0h51m ETA=30 days, 4:11:30
[heartbeat] processed=246/156,950 in_flight=64 done=145 skipped=42 failed=59 cards=0.00GB elapsed=0h52m ETA=30 days, 11:44:44
[heartbeat] processed=246/156,950 in_flight=64 done=145 skipped=42 failed=59 cards=0.00GB elapsed=0h52m ETA=30 days, 18:44:27
[heartbeat] processed=246/156,950 in_flight=64 done=145 skipped=42 failed=59 cards=0.00GB elapsed=0h53m ETA=31 days, 1:44:15
[heartbeat] processed=246/156,950 in_flight=64 done=145 skipped=42 failed=59 cards=0.00GB elapsed=0h53m ETA=31 days, 8:43:59
[heartbeat] processed=247/156,950 in_flight=64 done=145 skipped=42 failed=60 cards=0.00GB elapsed=0h54m ETA=31 days, 16:32:06
[heartbeat] processed=247/156,950 in_flight=64 done=145 skipped=42 failed=60 cards=0.00GB elapsed=0h54m ETA=31 days, 23:31:51
[heartbeat] processed=253/156,950 in_flight=64 done=145 skipped=42 failed=66 cards=0.00GB elapsed=0h55m ETA=32 days, 8:16:32
[heartbeat] processed=254/156,950 in_flight=64 done=145 skipped=42 failed=67 cards=0.00GB elapsed=0h56m ETA=32 days, 16:12:45
[heartbeat] processed=254/156,950 in_flight=64 done=145 skipped=42 failed=67 cards=0.00GB elapsed=0h56m ETA=32 days, 23:12:46
[heartbeat] processed=255/156,950 in_flight=64 done=146 skipped=42 failed=67 cards=0.00GB elapsed=0h57m ETA=33 days, 2:37:14
[heartbeat] processed=255/156,950 in_flight=64 done=146 skipped=42 failed=67 cards=0.00GB elapsed=0h57m ETA=33 days, 9:34:45
[heartbeat] processed=255/156,950 in_flight=64 done=146 skipped=42 failed=67 cards=0.00GB elapsed=0h58m ETA=33 days, 16:32:39
[heartbeat] processed=255/156,950 in_flight=64 done=146 skipped=42 failed=67 cards=0.00GB elapsed=0h58m ETA=33 days, 23:30:10
[heartbeat] processed=261/156,950 in_flight=64 done=146 skipped=42 failed=73 cards=0.00GB elapsed=0h59m ETA=34 days, 7:10:21
[heartbeat] processed=262/156,950 in_flight=64 done=146 skipped=42 failed=74 cards=0.00GB elapsed=0h59m ETA=34 days, 15:04:31
[heartbeat] processed=262/156,950 in_flight=64 done=146 skipped=42 failed=74 cards=0.00GB elapsed=1h00m ETA=34 days, 22:02:01
[heartbeat] processed=263/156,950 in_flight=64 done=146 skipped=42 failed=75 cards=0.00GB elapsed=1h00m ETA=35 days, 5:38:43
[heartbeat] processed=263/156,950 in_flight=64 done=146 skipped=42 failed=75 cards=0.00GB elapsed=1h01m ETA=35 days, 12:36:16
[heartbeat] processed=264/156,950 in_flight=64 done=147 skipped=42 failed=75 cards=0.00GB elapsed=1h01m ETA=35 days, 15:15:40
[heartbeat] processed=267/156,950 in_flight=64 done=147 skipped=42 failed=78 cards=0.00GB elapsed=1h02m ETA=35 days, 23:11:02
[heartbeat] processed=270/156,950 in_flight=64 done=148 skipped=42 failed=80 cards=0.00GB elapsed=1h02m ETA=36 days, 2:08:40
[heartbeat] processed=270/156,950 in_flight=64 done=148 skipped=42 failed=80 cards=0.00GB elapsed=1h03m ETA=36 days, 9:01:39
[heartbeat] processed=270/156,950 in_flight=64 done=148 skipped=42 failed=80 cards=0.00GB elapsed=1h03m ETA=36 days, 15:54:41
[heartbeat] processed=271/156,950 in_flight=64 done=148 skipped=42 failed=81 cards=0.00GB elapsed=1h04m ETA=36 days, 23:13:38
[heartbeat] processed=271/156,950 in_flight=64 done=148 skipped=42 failed=81 cards=0.00GB elapsed=1h05m ETA=37 days, 6:06:48
[heartbeat] processed=272/156,950 in_flight=64 done=148 skipped=42 failed=82 cards=0.00GB elapsed=1h05m ETA=37 days, 13:29:52
[heartbeat] processed=275/156,950 in_flight=64 done=148 skipped=42 failed=85 cards=0.00GB elapsed=1h06m ETA=37 days, 21:09:20
[heartbeat] processed=278/156,950 in_flight=64 done=148 skipped=42 failed=88 cards=0.00GB elapsed=1h06m ETA=38 days, 4:39:18
[heartbeat] processed=278/156,950 in_flight=64 done=148 skipped=42 failed=88 cards=0.00GB elapsed=1h07m ETA=38 days, 11:32:28
[heartbeat] processed=278/156,950 in_flight=64 done=148 skipped=42 failed=88 cards=0.00GB elapsed=1h07m ETA=38 days, 18:25:33
[heartbeat] processed=279/156,950 in_flight=64 done=148 skipped=42 failed=89 cards=0.00GB elapsed=1h08m ETA=39 days, 1:44:10
[heartbeat] processed=279/156,950 in_flight=64 done=148 skipped=42 failed=89 cards=0.00GB elapsed=1h08m ETA=39 days, 8:37:06
[heartbeat] processed=280/156,950 in_flight=64 done=148 skipped=42 failed=90 cards=0.00GB elapsed=1h09m ETA=39 days, 15:59:48
[heartbeat] processed=286/156,950 in_flight=64 done=148 skipped=42 failed=96 cards=0.00GB elapsed=1h09m ETA=40 days, 1:33:57
[heartbeat] processed=286/156,950 in_flight=64 done=148 skipped=42 failed=96 cards=0.00GB elapsed=1h10m ETA=40 days, 8:27:05
[heartbeat] processed=286/156,950 in_flight=64 done=148 skipped=42 failed=96 cards=0.00GB elapsed=1h10m ETA=40 days, 15:20:10
[heartbeat] processed=287/156,950 in_flight=64 done=148 skipped=42 failed=97 cards=0.00GB elapsed=1h11m ETA=40 days, 22:29:22
[heartbeat] processed=287/156,950 in_flight=64 done=148 skipped=42 failed=97 cards=0.00GB elapsed=1h11m ETA=41 days, 5:22:32
[heartbeat] processed=287/156,950 in_flight=64 done=148 skipped=42 failed=97 cards=0.00GB elapsed=1h12m ETA=41 days, 12:15:50
[heartbeat] processed=288/156,950 in_flight=64 done=148 skipped=42 failed=98 cards=0.00GB elapsed=1h12m ETA=41 days, 19:38:23
[heartbeat] processed=294/156,950 in_flight=64 done=148 skipped=42 failed=104 cards=0.00GB elapsed=1h13m ETA=42 days, 2:54:37
[heartbeat] processed=294/156,950 in_flight=64 done=148 skipped=42 failed=104 cards=0.00GB elapsed=1h14m ETA=42 days, 9:47:43
[heartbeat] processed=294/156,950 in_flight=64 done=148 skipped=42 failed=104 cards=0.00GB elapsed=1h14m ETA=42 days, 16:40:57
[heartbeat] processed=295/156,950 in_flight=64 done=148 skipped=42 failed=105 cards=0.00GB elapsed=1h15m ETA=42 days, 23:51:03
[heartbeat] processed=295/156,950 in_flight=64 done=148 skipped=42 failed=105 cards=0.00GB elapsed=1h15m ETA=43 days, 6:44:11
[heartbeat] processed=295/156,950 in_flight=64 done=148 skipped=42 failed=105 cards=0.00GB elapsed=1h16m ETA=43 days, 13:37:25
[heartbeat] processed=296/156,950 in_flight=64 done=148 skipped=42 failed=106 cards=0.00GB elapsed=1h16m ETA=43 days, 20:59:36
[heartbeat] processed=302/156,950 in_flight=64 done=148 skipped=42 failed=112 cards=0.00GB elapsed=1h17m ETA=44 days, 4:15:18
[heartbeat] processed=302/156,950 in_flight=64 done=148 skipped=42 failed=112 cards=0.00GB elapsed=1h17m ETA=44 days, 11:08:30
[heartbeat] processed=302/156,950 in_flight=64 done=148 skipped=42 failed=112 cards=0.00GB elapsed=1h18m ETA=44 days, 18:01:41
[heartbeat] processed=303/156,950 in_flight=64 done=148 skipped=42 failed=113 cards=0.00GB elapsed=1h18m ETA=45 days, 1:11:45
[heartbeat] processed=303/156,950 in_flight=64 done=148 skipped=42 failed=113 cards=0.00GB elapsed=1h19m ETA=45 days, 8:04:51
[heartbeat] processed=303/156,950 in_flight=64 done=148 skipped=42 failed=113 cards=0.00GB elapsed=1h19m ETA=45 days, 14:58:05
[heartbeat] processed=304/156,950 in_flight=64 done=148 skipped=42 failed=114 cards=0.00GB elapsed=1h20m ETA=45 days, 22:20:28
[heartbeat] processed=310/156,950 in_flight=64 done=148 skipped=42 failed=120 cards=0.00GB elapsed=1h20m ETA=46 days, 5:36:16
[heartbeat] processed=310/156,950 in_flight=64 done=148 skipped=42 failed=120 cards=0.00GB elapsed=1h21m ETA=46 days, 12:29:17
[heartbeat] processed=311/156,950 in_flight=64 done=149 skipped=42 failed=120 cards=0.00GB elapsed=1h21m ETA=46 days, 14:21:06
[heartbeat] processed=311/156,950 in_flight=64 done=149 skipped=42 failed=120 cards=0.00GB elapsed=1h22m ETA=46 days, 21:12:13
[heartbeat] processed=315/156,950 in_flight=64 done=153 skipped=42 failed=120 cards=0.00GB elapsed=1h22m ETA=46 days, 5:37:34
[heartbeat] processed=315/156,950 in_flight=64 done=153 skipped=42 failed=120 cards=0.00GB elapsed=1h23m ETA=46 days, 12:20:04
[heartbeat] processed=315/156,950 in_flight=64 done=153 skipped=42 failed=120 cards=0.00GB elapsed=1h23m ETA=46 days, 19:02:32
[heartbeat] processed=318/156,950 in_flight=64 done=153 skipped=42 failed=123 cards=0.00GB elapsed=1h24m ETA=47 days, 2:42:30
[heartbeat] processed=319/156,950 in_flight=64 done=153 skipped=42 failed=124 cards=0.00GB elapsed=1h24m ETA=47 days, 9:54:43
[heartbeat] processed=319/156,950 in_flight=64 done=153 skipped=42 failed=124 cards=0.00GB elapsed=1h25m ETA=47 days, 16:37:12
[heartbeat] processed=322/156,950 in_flight=64 done=156 skipped=42 failed=124 cards=0.00GB elapsed=1h25m ETA=47 days, 6:16:40
[heartbeat] processed=323/156,950 in_flight=64 done=156 skipped=42 failed=125 cards=0.00GB elapsed=1h26m ETA=47 days, 13:15:02
[heartbeat] processed=323/156,950 in_flight=64 done=156 skipped=42 failed=125 cards=0.00GB elapsed=1h26m ETA=47 days, 19:51:25
[heartbeat] processed=326/156,950 in_flight=64 done=156 skipped=42 failed=128 cards=0.00GB elapsed=1h27m ETA=48 days, 3:24:35
[heartbeat] processed=326/156,950 in_flight=64 done=156 skipped=42 failed=128 cards=0.00GB elapsed=1h28m ETA=48 days, 10:01:01
[heartbeat] processed=328/156,950 in_flight=64 done=157 skipped=42 failed=129 cards=0.00GB elapsed=1h28m ETA=48 days, 11:03:38
[heartbeat] processed=328/156,950 in_flight=64 done=157 skipped=42 failed=129 cards=0.00GB elapsed=1h29m ETA=48 days, 17:37:52
[heartbeat] processed=330/156,950 in_flight=64 done=157 skipped=42 failed=131 cards=0.00GB elapsed=1h29m ETA=49 days, 0:46:42
[heartbeat] processed=331/156,950 in_flight=64 done=157 skipped=42 failed=132 cards=0.00GB elapsed=1h30m ETA=49 days, 7:45:56
[heartbeat] processed=333/156,950 in_flight=64 done=159 skipped=42 failed=132 cards=0.00GB elapsed=1h30m ETA=49 days, 3:26:20
[heartbeat] processed=334/156,950 in_flight=64 done=159 skipped=42 failed=133 cards=0.00GB elapsed=1h31m ETA=49 days, 10:56:57
[heartbeat] processed=334/156,950 in_flight=64 done=159 skipped=42 failed=133 cards=0.00GB elapsed=1h31m ETA=49 days, 17:27:10
[heartbeat] processed=336/156,950 in_flight=64 done=159 skipped=42 failed=135 cards=0.00GB elapsed=1h32m ETA=50 days, 0:16:53
[heartbeat] processed=338/156,950 in_flight=64 done=159 skipped=42 failed=137 cards=0.00GB elapsed=1h32m ETA=50 days, 7:21:59
[heartbeat] processed=338/156,950 in_flight=64 done=159 skipped=42 failed=137 cards=0.00GB elapsed=1h33m ETA=50 days, 13:52:23
[heartbeat] processed=341/156,950 in_flight=64 done=159 skipped=42 failed=140 cards=0.00GB elapsed=1h34m ETA=50 days, 21:48:49
[heartbeat] processed=341/156,950 in_flight=64 done=159 skipped=42 failed=140 cards=0.00GB elapsed=1h34m ETA=51 days, 4:19:11
[heartbeat] processed=344/156,950 in_flight=64 done=161 skipped=42 failed=141 cards=0.00GB elapsed=1h35m ETA=51 days, 0:32:48
[heartbeat] processed=344/156,950 in_flight=64 done=161 skipped=42 failed=141 cards=0.00GB elapsed=1h35m ETA=51 days, 6:59:21
[heartbeat] processed=344/156,950 in_flight=64 done=161 skipped=42 failed=141 cards=0.00GB elapsed=1h36m ETA=51 days, 13:26:06
[heartbeat] processed=347/156,950 in_flight=64 done=162 skipped=42 failed=143 cards=0.00GB elapsed=1h36m ETA=51 days, 14:22:43
[heartbeat] processed=351/156,950 in_flight=64 done=166 skipped=42 failed=143 cards=0.00GB elapsed=1h37m ETA=50 days, 21:09:26
[heartbeat] processed=353/156,950 in_flight=64 done=168 skipped=42 failed=143 cards=0.00GB elapsed=1h37m ETA=50 days, 16:33:41
[heartbeat] processed=358/156,950 in_flight=64 done=173 skipped=42 failed=143 cards=0.00GB elapsed=1h38m ETA=49 days, 18:25:56
[heartbeat] processed=361/156,950 in_flight=64 done=176 skipped=42 failed=143 cards=0.00GB elapsed=1h38m ETA=49 days, 8:33:00
[heartbeat] processed=362/156,950 in_flight=64 done=177 skipped=42 failed=143 cards=0.00GB elapsed=1h39m ETA=49 days, 9:31:28
[heartbeat] processed=362/156,950 in_flight=64 done=177 skipped=42 failed=143 cards=0.00GB elapsed=1h39m ETA=49 days, 15:29:53
[heartbeat] processed=364/156,950 in_flight=64 done=179 skipped=42 failed=143 cards=0.00GB elapsed=1h40m ETA=49 days, 11:23:22
[heartbeat] processed=367/156,950 in_flight=64 done=182 skipped=42 failed=143 cards=0.00GB elapsed=1h41m ETA=49 days, 1:56:37
[heartbeat] processed=369/156,950 in_flight=64 done=184 skipped=42 failed=143 cards=0.00GB elapsed=1h41m ETA=48 days, 21:55:20
[heartbeat] processed=372/156,950 in_flight=64 done=187 skipped=42 failed=143 cards=0.00GB elapsed=1h42m ETA=48 days, 13:08:33
[heartbeat] processed=372/156,950 in_flight=64 done=187 skipped=42 failed=143 cards=0.00GB elapsed=1h42m ETA=48 days, 18:51:22
[heartbeat] processed=376/156,950 in_flight=64 done=191 skipped=42 failed=143 cards=0.00GB elapsed=1h43m ETA=48 days, 5:03:56
[heartbeat] processed=377/156,950 in_flight=64 done=192 skipped=42 failed=143 cards=0.00GB elapsed=1h43m ETA=48 days, 6:31:57
[heartbeat] processed=379/156,950 in_flight=64 done=194 skipped=42 failed=143 cards=0.00GB elapsed=1h44m ETA=48 days, 3:03:03
[heartbeat] processed=384/156,950 in_flight=64 done=199 skipped=42 failed=143 cards=0.00GB elapsed=1h44m ETA=47 days, 8:39:32
[heartbeat] processed=384/156,950 in_flight=64 done=199 skipped=42 failed=143 cards=0.00GB elapsed=1h45m ETA=47 days, 14:05:12
[heartbeat] processed=384/156,950 in_flight=64 done=199 skipped=42 failed=143 cards=0.00GB elapsed=1h45m ETA=47 days, 19:30:55
[heartbeat] processed=386/156,950 in_flight=64 done=201 skipped=42 failed=143 cards=0.00GB elapsed=1h46m ETA=47 days, 16:07:35
[heartbeat] processed=392/156,950 in_flight=64 done=207 skipped=42 failed=143 cards=0.00GB elapsed=1h47m ETA=46 days, 18:17:49
[heartbeat] processed=392/156,950 in_flight=64 done=207 skipped=42 failed=143 cards=0.00GB elapsed=1h47m ETA=46 days, 23:33:05
[heartbeat] processed=393/156,950 in_flight=64 done=208 skipped=42 failed=143 cards=0.00GB elapsed=1h48m ETA=47 days, 0:27:04
[heartbeat] processed=394/156,950 in_flight=64 done=209 skipped=42 failed=143 cards=0.00GB elapsed=1h48m ETA=47 days, 1:12:00
[heartbeat] processed=400/156,950 in_flight=64 done=215 skipped=42 failed=143 cards=0.00GB elapsed=1h49m ETA=46 days, 4:10:34
[heartbeat] processed=400/156,950 in_flight=64 done=215 skipped=42 failed=143 cards=0.00GB elapsed=1h49m ETA=46 days, 9:16:10
[heartbeat] processed=401/156,950 in_flight=64 done=216 skipped=42 failed=143 cards=0.00GB elapsed=1h50m ETA=46 days, 10:01:09
[heartbeat] processed=404/156,950 in_flight=64 done=219 skipped=42 failed=143 cards=0.00GB elapsed=1h50m ETA=46 days, 2:12:00
[heartbeat] processed=406/156,950 in_flight=64 done=221 skipped=42 failed=143 cards=0.00GB elapsed=1h51m ETA=45 days, 23:17:06
[heartbeat] processed=406/156,950 in_flight=64 done=221 skipped=42 failed=143 cards=0.00GB elapsed=1h51m ETA=46 days, 4:15:24
[heartbeat] processed=406/156,950 in_flight=64 done=221 skipped=42 failed=143 cards=0.00GB elapsed=1h52m ETA=46 days, 9:13:49
[heartbeat] processed=408/156,950 in_flight=64 done=221 skipped=42 failed=145 cards=0.00GB elapsed=1h52m ETA=46 days, 14:27:28
[heartbeat] processed=409/156,950 in_flight=64 done=222 skipped=42 failed=145 cards=0.00GB elapsed=1h53m ETA=46 days, 15:41:53
[heartbeat] processed=411/156,950 in_flight=64 done=223 skipped=42 failed=146 cards=0.00GB elapsed=1h53m ETA=46 days, 17:41:48
[heartbeat] processed=414/156,950 in_flight=64 done=223 skipped=42 failed=149 cards=0.00GB elapsed=1h54m ETA=46 days, 23:20:30
[heartbeat] processed=418/156,950 in_flight=64 done=227 skipped=42 failed=149 cards=0.00GB elapsed=1h54m ETA=46 days, 11:47:40
[heartbeat] processed=418/156,950 in_flight=64 done=227 skipped=42 failed=149 cards=0.00GB elapsed=1h55m ETA=46 days, 16:39:18
[heartbeat] processed=419/156,950 in_flight=64 done=228 skipped=42 failed=149 cards=0.00GB elapsed=1h55m ETA=46 days, 17:36:53
[heartbeat] processed=419/156,950 in_flight=64 done=228 skipped=42 failed=149 cards=0.00GB elapsed=1h56m ETA=46 days, 22:27:27
[heartbeat] processed=419/156,950 in_flight=64 done=228 skipped=42 failed=149 cards=0.00GB elapsed=1h56m ETA=47 days, 3:18:01
[heartbeat] processed=422/156,950 in_flight=64 done=231 skipped=42 failed=149 cards=0.00GB elapsed=1h57m ETA=46 days, 20:13:18
[heartbeat] processed=427/156,950 in_flight=64 done=236 skipped=42 failed=149 cards=0.00GB elapsed=1h58m ETA=46 days, 4:43:38
[heartbeat] processed=427/156,950 in_flight=64 done=236 skipped=42 failed=149 cards=0.00GB elapsed=1h58m ETA=46 days, 9:25:56
[heartbeat] processed=430/156,950 in_flight=64 done=239 skipped=42 failed=149 cards=0.00GB elapsed=1h59m ETA=46 days, 2:21:12
[heartbeat] processed=430/156,950 in_flight=64 done=239 skipped=42 failed=149 cards=0.00GB elapsed=1h59m ETA=46 days, 7:00:24
[heartbeat] processed=434/156,950 in_flight=64 done=243 skipped=42 failed=149 cards=0.00GB elapsed=2h00m ETA=45 days, 20:41:55
[heartbeat] processed=435/156,950 in_flight=64 done=244 skipped=42 failed=149 cards=0.00GB elapsed=2h00m ETA=45 days, 21:34:54
[heartbeat] processed=437/156,950 in_flight=64 done=246 skipped=42 failed=149 cards=0.00GB elapsed=2h01m ETA=45 days, 19:31:04
[heartbeat] processed=442/156,950 in_flight=64 done=251 skipped=42 failed=149 cards=0.00GB elapsed=2h01m ETA=45 days, 5:35:19
[heartbeat] processed=442/156,950 in_flight=64 done=251 skipped=42 failed=149 cards=0.00GB elapsed=2h02m ETA=45 days, 10:03:09
[heartbeat] processed=446/156,950 in_flight=64 done=255 skipped=42 failed=149 cards=0.00GB elapsed=2h02m ETA=45 days, 0:02:48
[heartbeat] processed=450/156,950 in_flight=64 done=259 skipped=42 failed=149 cards=0.00GB elapsed=2h03m ETA=44 days, 14:26:42
[heartbeat] processed=450/156,950 in_flight=64 done=259 skipped=42 failed=149 cards=0.00GB elapsed=2h03m ETA=44 days, 18:47:20
[heartbeat] processed=453/156,950 in_flight=64 done=262 skipped=42 failed=149 cards=0.00GB elapsed=2h04m ETA=44 days, 12:35:10
[heartbeat] processed=458/156,950 in_flight=64 done=267 skipped=42 failed=149 cards=0.00GB elapsed=2h05m ETA=44 days, 0:08:55
[heartbeat] processed=458/156,950 in_flight=64 done=267 skipped=42 failed=149 cards=0.00GB elapsed=2h05m ETA=44 days, 4:22:51
[heartbeat] processed=458/156,950 in_flight=64 done=267 skipped=42 failed=149 cards=0.00GB elapsed=2h06m ETA=44 days, 8:36:50
[heartbeat] processed=461/156,950 in_flight=64 done=270 skipped=42 failed=149 cards=0.00GB elapsed=2h06m ETA=44 days, 2:43:22
[heartbeat] processed=466/156,950 in_flight=64 done=275 skipped=42 failed=149 cards=0.00GB elapsed=2h07m ETA=43 days, 14:14:21
[heartbeat] processed=466/156,950 in_flight=64 done=275 skipped=42 failed=149 cards=0.00GB elapsed=2h07m ETA=43 days, 18:21:48
[heartbeat] processed=466/156,950 in_flight=64 done=275 skipped=42 failed=149 cards=0.00GB elapsed=2h08m ETA=43 days, 22:29:15
[heartbeat] processed=467/156,950 in_flight=64 done=276 skipped=42 failed=149 cards=0.00GB elapsed=2h08m ETA=43 days, 23:16:18
[heartbeat] processed=467/156,950 in_flight=64 done=276 skipped=42 failed=149 cards=0.00GB elapsed=2h09m ETA=44 days, 3:22:58
[heartbeat] processed=467/156,950 in_flight=64 done=276 skipped=42 failed=149 cards=0.00GB elapsed=2h09m ETA=44 days, 7:29:40
[heartbeat] processed=474/156,950 in_flight=64 done=281 skipped=42 failed=151 cards=0.00GB elapsed=2h10m ETA=43 days, 19:39:08
[heartbeat] processed=474/156,950 in_flight=64 done=281 skipped=42 failed=151 cards=0.00GB elapsed=2h10m ETA=43 days, 23:42:01
[heartbeat] processed=475/156,950 in_flight=64 done=282 skipped=42 failed=151 cards=0.00GB elapsed=2h11m ETA=44 days, 0:35:50
[heartbeat] processed=482/156,950 in_flight=64 done=289 skipped=42 failed=151 cards=0.00GB elapsed=2h11m ETA=43 days, 7:13:57
[heartbeat] processed=482/156,950 in_flight=64 done=289 skipped=42 failed=151 cards=0.00GB elapsed=2h12m ETA=43 days, 11:10:59
[heartbeat] processed=482/156,950 in_flight=64 done=289 skipped=42 failed=151 cards=0.00GB elapsed=2h12m ETA=43 days, 15:07:58
[heartbeat] processed=484/156,950 in_flight=64 done=291 skipped=42 failed=151 cards=0.00GB elapsed=2h13m ETA=43 days, 12:54:49
[heartbeat] processed=490/156,950 in_flight=64 done=297 skipped=42 failed=151 cards=0.00GB elapsed=2h13m ETA=42 days, 22:33:03
[heartbeat] processed=490/156,950 in_flight=64 done=297 skipped=42 failed=151 cards=0.00GB elapsed=2h14m ETA=43 days, 2:24:25
[heartbeat] processed=492/156,950 in_flight=64 done=299 skipped=42 failed=151 cards=0.00GB elapsed=2h14m ETA=43 days, 0:32:45
[heartbeat] processed=497/156,950 in_flight=64 done=304 skipped=42 failed=151 cards=0.00GB elapsed=2h15m ETA=42 days, 13:47:17
[heartbeat] processed=498/156,950 in_flight=64 done=305 skipped=42 failed=151 cards=0.00GB elapsed=2h15m ETA=42 days, 14:36:28
[heartbeat] processed=498/156,950 in_flight=64 done=305 skipped=42 failed=151 cards=0.00GB elapsed=2h16m ETA=42 days, 18:22:31
[500/156,950] done=307 skipped=42 failed=151 cards=0.00GB elapsed=2h16m ETA=42 days, 13:27:50
[heartbeat] processed=504/156,950 in_flight=64 done=311 skipped=42 failed=151 cards=0.00GB elapsed=2h16m ETA=42 days, 4:37:29
[heartbeat] processed=506/156,950 in_flight=64 done=313 skipped=42 failed=151 cards=0.00GB elapsed=2h17m ETA=42 days, 3:05:23
[heartbeat] processed=506/156,950 in_flight=64 done=313 skipped=42 failed=151 cards=0.00GB elapsed=2h18m ETA=42 days, 6:46:16
[heartbeat] processed=512/156,950 in_flight=64 done=319 skipped=42 failed=151 cards=0.00GB elapsed=2h18m ETA=41 days, 18:22:52
[heartbeat] processed=513/156,950 in_flight=64 done=320 skipped=42 failed=151 cards=0.00GB elapsed=2h19m ETA=41 days, 19:24:44
[heartbeat] processed=514/156,950 in_flight=64 done=321 skipped=42 failed=151 cards=0.00GB elapsed=2h19m ETA=41 days, 20:29:36
[heartbeat] processed=515/156,950 in_flight=64 done=322 skipped=42 failed=151 cards=0.00GB elapsed=2h20m ETA=41 days, 21:41:34
[heartbeat] processed=522/156,950 in_flight=64 done=329 skipped=42 failed=151 cards=0.00GB elapsed=2h20m ETA=41 days, 6:44:41
[heartbeat] processed=523/156,950 in_flight=64 done=330 skipped=42 failed=151 cards=0.00GB elapsed=2h21m ETA=41 days, 7:38:59
[heartbeat] processed=528/156,950 in_flight=64 done=335 skipped=42 failed=151 cards=0.00GB elapsed=2h21m ETA=40 days, 22:19:35
[heartbeat] processed=528/156,950 in_flight=64 done=335 skipped=42 failed=151 cards=0.00GB elapsed=2h22m ETA=41 days, 1:47:36
[heartbeat] processed=532/156,950 in_flight=64 done=339 skipped=42 failed=151 cards=0.00GB elapsed=2h23m ETA=40 days, 19:44:27
[heartbeat] processed=536/156,950 in_flight=64 done=343 skipped=42 failed=151 cards=0.00GB elapsed=2h23m ETA=40 days, 13:09:47
[heartbeat] processed=539/156,950 in_flight=64 done=346 skipped=42 failed=151 cards=0.00GB elapsed=2h24m ETA=40 days, 9:07:03
[heartbeat] processed=540/156,950 in_flight=64 done=347 skipped=42 failed=151 cards=0.00GB elapsed=2h24m ETA=40 days, 10:10:51
[heartbeat] processed=544/156,950 in_flight=64 done=351 skipped=42 failed=151 cards=0.00GB elapsed=2h25m ETA=40 days, 3:51:52
[heartbeat] processed=546/156,950 in_flight=64 done=353 skipped=42 failed=151 cards=0.00GB elapsed=2h25m ETA=40 days, 2:46:05
[heartbeat] processed=548/156,950 in_flight=64 done=355 skipped=42 failed=151 cards=0.00GB elapsed=2h26m ETA=40 days, 1:40:43
[heartbeat] processed=554/156,950 in_flight=64 done=361 skipped=42 failed=151 cards=0.00GB elapsed=2h26m ETA=39 days, 14:52:10
[heartbeat] processed=554/156,950 in_flight=64 done=361 skipped=42 failed=151 cards=0.00GB elapsed=2h27m ETA=39 days, 18:06:47
[heartbeat] processed=560/156,950 in_flight=64 done=367 skipped=42 failed=151 cards=0.00GB elapsed=2h27m ETA=39 days, 7:33:03
[heartbeat] processed=562/156,950 in_flight=64 done=369 skipped=42 failed=151 cards=0.00GB elapsed=2h28m ETA=39 days, 6:35:43
[heartbeat] processed=563/156,950 in_flight=64 done=370 skipped=42 failed=151 cards=0.00GB elapsed=2h29m ETA=39 days, 7:47:54
[heartbeat] processed=568/156,950 in_flight=64 done=375 skipped=42 failed=151 cards=0.00GB elapsed=2h29m ETA=38 days, 23:57:17
[heartbeat] processed=570/156,950 in_flight=64 done=377 skipped=42 failed=151 cards=0.00GB elapsed=2h30m ETA=38 days, 22:55:19
[heartbeat] processed=572/156,950 in_flight=64 done=379 skipped=42 failed=151 cards=0.00GB elapsed=2h30m ETA=38 days, 21:42:25
[heartbeat] processed=576/156,950 in_flight=64 done=383 skipped=42 failed=151 cards=0.00GB elapsed=2h31m ETA=38 days, 16:02:32
[heartbeat] processed=580/156,950 in_flight=64 done=387 skipped=42 failed=151 cards=0.00GB elapsed=2h31m ETA=38 days, 10:58:22
[heartbeat] processed=584/156,950 in_flight=64 done=391 skipped=42 failed=151 cards=0.00GB elapsed=2h32m ETA=38 days, 7:06:29
[heartbeat] processed=587/156,950 in_flight=64 done=394 skipped=42 failed=151 cards=0.00GB elapsed=2h33m ETA=38 days, 4:03:18
[heartbeat] processed=589/156,950 in_flight=64 done=396 skipped=42 failed=151 cards=0.00GB elapsed=2h33m ETA=38 days, 3:15:38
[heartbeat] processed=590/156,950 in_flight=64 done=397 skipped=42 failed=151 cards=0.00GB elapsed=2h34m ETA=38 days, 4:14:26
[heartbeat] processed=596/156,950 in_flight=64 done=403 skipped=42 failed=151 cards=0.00GB elapsed=2h34m ETA=37 days, 18:59:55
[heartbeat] processed=597/156,950 in_flight=64 done=404 skipped=42 failed=151 cards=0.00GB elapsed=2h35m ETA=37 days, 20:00:27
[heartbeat] processed=600/156,950 in_flight=64 done=407 skipped=42 failed=151 cards=0.00GB elapsed=2h35m ETA=37 days, 17:14:54
[heartbeat] processed=604/156,950 in_flight=64 done=411 skipped=42 failed=151 cards=0.00GB elapsed=2h36m ETA=37 days, 12:13:25
[heartbeat] processed=606/156,950 in_flight=64 done=413 skipped=42 failed=151 cards=0.00GB elapsed=2h36m ETA=37 days, 11:35:57
[heartbeat] processed=611/156,950 in_flight=64 done=418 skipped=42 failed=151 cards=0.00GB elapsed=2h37m ETA=37 days, 5:15:39
[heartbeat] processed=613/156,950 in_flight=64 done=420 skipped=42 failed=151 cards=0.00GB elapsed=2h38m ETA=37 days, 4:31:25
[heartbeat] processed=616/156,950 in_flight=64 done=423 skipped=42 failed=151 cards=0.00GB elapsed=2h38m ETA=37 days, 1:49:14
[heartbeat] processed=620/156,950 in_flight=64 done=427 skipped=42 failed=151 cards=0.00GB elapsed=2h39m ETA=36 days, 21:03:19
[heartbeat] processed=623/156,950 in_flight=64 done=430 skipped=42 failed=151 cards=0.00GB elapsed=2h39m ETA=36 days, 18:28:40
[heartbeat] processed=624/156,950 in_flight=64 done=431 skipped=42 failed=151 cards=0.00GB elapsed=2h40m ETA=36 days, 19:37:36
[heartbeat] processed=627/156,950 in_flight=64 done=434 skipped=42 failed=151 cards=0.00GB elapsed=2h40m ETA=36 days, 16:49:07
[heartbeat] processed=633/156,950 in_flight=64 done=440 skipped=42 failed=151 cards=0.00GB elapsed=2h41m ETA=36 days, 8:34:03
[heartbeat] processed=635/156,950 in_flight=64 done=442 skipped=42 failed=151 cards=0.00GB elapsed=2h41m ETA=36 days, 8:03:50
[heartbeat] processed=637/156,950 in_flight=64 done=444 skipped=42 failed=151 cards=0.00GB elapsed=2h42m ETA=36 days, 7:38:10
[heartbeat] processed=642/156,950 in_flight=64 done=449 skipped=42 failed=151 cards=0.00GB elapsed=2h42m ETA=36 days, 1:37:10
[heartbeat] processed=643/156,950 in_flight=64 done=450 skipped=42 failed=151 cards=0.00GB elapsed=2h43m ETA=36 days, 2:54:04
[heartbeat] processed=648/156,950 in_flight=64 done=455 skipped=42 failed=151 cards=0.00GB elapsed=2h44m ETA=35 days, 21:03:28
[heartbeat] processed=650/156,950 in_flight=64 done=457 skipped=42 failed=151 cards=0.00GB elapsed=2h44m ETA=35 days, 20:23:30
[heartbeat] processed=651/156,950 in_flight=64 done=458 skipped=42 failed=151 cards=0.00GB elapsed=2h45m ETA=35 days, 21:27:22
[heartbeat] processed=658/156,950 in_flight=64 done=465 skipped=42 failed=151 cards=0.00GB elapsed=2h45m ETA=35 days, 12:45:49
[heartbeat] processed=658/156,950 in_flight=64 done=465 skipped=42 failed=151 cards=0.00GB elapsed=2h46m ETA=35 days, 15:20:23
[heartbeat] processed=660/156,950 in_flight=64 done=467 skipped=42 failed=151 cards=0.00GB elapsed=2h46m ETA=35 days, 14:34:26
[heartbeat] processed=663/156,950 in_flight=64 done=470 skipped=42 failed=151 cards=0.00GB elapsed=2h47m ETA=35 days, 12:10:28
[heartbeat] processed=667/156,950 in_flight=64 done=474 skipped=42 failed=151 cards=0.00GB elapsed=2h47m ETA=35 days, 8:21:01
[heartbeat] processed=668/156,950 in_flight=64 done=475 skipped=42 failed=151 cards=0.00GB elapsed=2h48m ETA=35 days, 9:15:01
[heartbeat] processed=671/156,950 in_flight=64 done=478 skipped=42 failed=151 cards=0.00GB elapsed=2h48m ETA=35 days, 6:56:55
[heartbeat] processed=675/156,950 in_flight=64 done=482 skipped=42 failed=151 cards=0.00GB elapsed=2h49m ETA=35 days, 3:18:51
[heartbeat] processed=676/156,950 in_flight=64 done=483 skipped=42 failed=151 cards=0.00GB elapsed=2h49m ETA=35 days, 4:11:49
[heartbeat] processed=681/156,950 in_flight=64 done=488 skipped=42 failed=151 cards=0.00GB elapsed=2h50m ETA=34 days, 22:53:09
[heartbeat] processed=684/156,950 in_flight=64 done=491 skipped=42 failed=151 cards=0.00GB elapsed=2h51m ETA=34 days, 21:07:55
[heartbeat] processed=687/156,950 in_flight=64 done=494 skipped=42 failed=151 cards=0.00GB elapsed=2h51m ETA=34 days, 18:56:15
[heartbeat] processed=689/156,950 in_flight=64 done=496 skipped=42 failed=151 cards=0.00GB elapsed=2h52m ETA=34 days, 19:00:24
[heartbeat] processed=693/156,950 in_flight=64 done=500 skipped=42 failed=151 cards=0.00GB elapsed=2h52m ETA=34 days, 15:25:28
[heartbeat] processed=695/156,950 in_flight=64 done=502 skipped=42 failed=151 cards=0.00GB elapsed=2h53m ETA=34 days, 15:06:36
[heartbeat] processed=697/156,950 in_flight=64 done=504 skipped=42 failed=151 cards=0.00GB elapsed=2h53m ETA=34 days, 14:30:10
[heartbeat] processed=699/156,950 in_flight=64 done=506 skipped=42 failed=151 cards=0.00GB elapsed=2h54m ETA=34 days, 14:09:51
[heartbeat] processed=700/156,950 in_flight=64 done=507 skipped=42 failed=151 cards=0.00GB elapsed=2h55m ETA=34 days, 15:22:42
[heartbeat] processed=703/156,950 in_flight=64 done=510 skipped=42 failed=151 cards=0.00GB elapsed=2h55m ETA=34 days, 13:16:12
[heartbeat] processed=704/156,950 in_flight=64 done=511 skipped=42 failed=151 cards=0.00GB elapsed=2h56m ETA=34 days, 14:15:59
[heartbeat] processed=706/156,950 in_flight=64 done=513 skipped=42 failed=151 cards=0.00GB elapsed=2h56m ETA=34 days, 13:38:18
[heartbeat] processed=711/156,950 in_flight=64 done=518 skipped=42 failed=151 cards=0.00GB elapsed=2h57m ETA=34 days, 8:50:47
[heartbeat] processed=712/156,950 in_flight=64 done=519 skipped=42 failed=151 cards=0.00GB elapsed=2h57m ETA=34 days, 9:51:22
[heartbeat] processed=713/156,950 in_flight=64 done=520 skipped=42 failed=151 cards=0.00GB elapsed=2h58m ETA=34 days, 11:01:42
[heartbeat] processed=718/156,950 in_flight=64 done=525 skipped=42 failed=151 cards=0.00GB elapsed=2h58m ETA=34 days, 6:00:31
[heartbeat] processed=720/156,950 in_flight=64 done=527 skipped=42 failed=151 cards=0.00GB elapsed=2h59m ETA=34 days, 5:58:41
[heartbeat] processed=721/156,950 in_flight=64 done=528 skipped=42 failed=151 cards=0.00GB elapsed=3h00m ETA=34 days, 7:07:04
[heartbeat] processed=723/156,950 in_flight=64 done=530 skipped=42 failed=151 cards=0.00GB elapsed=3h00m ETA=34 days, 6:43:26
[heartbeat] processed=724/156,950 in_flight=64 done=531 skipped=42 failed=151 cards=0.00GB elapsed=3h01m ETA=34 days, 7:55:45
[heartbeat] processed=729/156,950 in_flight=64 done=536 skipped=42 failed=151 cards=0.00GB elapsed=3h01m ETA=34 days, 3:05:00
[heartbeat] processed=731/156,950 in_flight=64 done=538 skipped=42 failed=151 cards=0.00GB elapsed=3h02m ETA=34 days, 2:34:47
[heartbeat] processed=732/156,950 in_flight=64 done=539 skipped=42 failed=151 cards=0.00GB elapsed=3h02m ETA=34 days, 3:27:21
[heartbeat] processed=732/156,950 in_flight=64 done=539 skipped=42 failed=151 cards=0.00GB elapsed=3h03m ETA=34 days, 5:42:07
[heartbeat] processed=737/156,950 in_flight=64 done=544 skipped=42 failed=151 cards=0.00GB elapsed=3h03m ETA=34 days, 1:02:38
[heartbeat] processed=739/156,950 in_flight=64 done=546 skipped=42 failed=151 cards=0.00GB elapsed=3h04m ETA=34 days, 0:32:48
[heartbeat] processed=741/156,950 in_flight=64 done=548 skipped=42 failed=151 cards=0.00GB elapsed=3h04m ETA=34 days, 0:19:08
[heartbeat] processed=746/156,950 in_flight=64 done=553 skipped=42 failed=151 cards=0.00GB elapsed=3h05m ETA=33 days, 19:56:22
[heartbeat] processed=746/156,950 in_flight=64 done=553 skipped=42 failed=151 cards=0.00GB elapsed=3h05m ETA=33 days, 22:07:59
[heartbeat] processed=746/156,950 in_flight=64 done=553 skipped=42 failed=151 cards=0.00GB elapsed=3h06m ETA=34 days, 0:19:33
[heartbeat] processed=751/156,950 in_flight=64 done=558 skipped=42 failed=151 cards=0.00GB elapsed=3h06m ETA=33 days, 19:49:48
[heartbeat] processed=753/156,950 in_flight=64 done=560 skipped=42 failed=151 cards=0.00GB elapsed=3h07m ETA=33 days, 19:26:08
[heartbeat] processed=754/156,950 in_flight=64 done=561 skipped=42 failed=151 cards=0.00GB elapsed=3h07m ETA=33 days, 20:18:57
[heartbeat] processed=755/156,950 in_flight=64 done=562 skipped=42 failed=151 cards=0.00GB elapsed=3h08m ETA=33 days, 21:13:49
[heartbeat] processed=761/156,950 in_flight=64 done=568 skipped=42 failed=151 cards=0.00GB elapsed=3h09m ETA=33 days, 15:25:26
[heartbeat] processed=762/156,950 in_flight=64 done=569 skipped=42 failed=151 cards=0.00GB elapsed=3h09m ETA=33 days, 16:33:58
[heartbeat] processed=764/156,950 in_flight=64 done=571 skipped=42 failed=151 cards=0.00GB elapsed=3h10m ETA=33 days, 16:12:51
[heartbeat] processed=770/156,950 in_flight=64 done=577 skipped=42 failed=151 cards=0.00GB elapsed=3h10m ETA=33 days, 10:29:25
[heartbeat] processed=771/156,950 in_flight=64 done=578 skipped=42 failed=151 cards=0.00GB elapsed=3h11m ETA=33 days, 11:25:07
[heartbeat] processed=775/156,950 in_flight=64 done=582 skipped=42 failed=151 cards=0.00GB elapsed=3h11m ETA=33 days, 8:22:02
[heartbeat] processed=780/156,950 in_flight=64 done=587 skipped=42 failed=151 cards=0.00GB elapsed=3h12m ETA=33 days, 4:42:32
[heartbeat] processed=781/156,950 in_flight=64 done=588 skipped=42 failed=151 cards=0.00GB elapsed=3h12m ETA=33 days, 5:42:37
[heartbeat] processed=781/156,950 in_flight=64 done=588 skipped=42 failed=151 cards=0.00GB elapsed=3h13m ETA=33 days, 7:46:54
[heartbeat] processed=784/156,950 in_flight=64 done=591 skipped=42 failed=151 cards=0.00GB elapsed=3h13m ETA=33 days, 6:07:00
[heartbeat] processed=788/156,950 in_flight=64 done=595 skipped=42 failed=151 cards=0.00GB elapsed=3h14m ETA=33 days, 3:26:20
[heartbeat] processed=789/156,950 in_flight=64 done=596 skipped=42 failed=151 cards=0.00GB elapsed=3h15m ETA=33 days, 4:21:50
[heartbeat] processed=794/156,950 in_flight=64 done=601 skipped=42 failed=151 cards=0.00GB elapsed=3h15m ETA=33 days, 0:35:41
[heartbeat] processed=796/156,950 in_flight=64 done=603 skipped=42 failed=151 cards=0.00GB elapsed=3h16m ETA=33 days, 0:28:28
[heartbeat] processed=796/156,950 in_flight=64 done=603 skipped=42 failed=151 cards=0.00GB elapsed=3h16m ETA=33 days, 2:29:52
[heartbeat] processed=798/156,950 in_flight=64 done=605 skipped=42 failed=151 cards=0.00GB elapsed=3h17m ETA=33 days, 2:11:32
[heartbeat] processed=804/156,950 in_flight=64 done=611 skipped=42 failed=151 cards=0.00GB elapsed=3h17m ETA=32 days, 20:52:11
[heartbeat] processed=804/156,950 in_flight=64 done=611 skipped=42 failed=151 cards=0.00GB elapsed=3h18m ETA=32 days, 22:52:06
[heartbeat] processed=804/156,950 in_flight=64 done=611 skipped=42 failed=151 cards=0.00GB elapsed=3h18m ETA=33 days, 0:52:00
[heartbeat] processed=808/156,950 in_flight=64 done=615 skipped=42 failed=151 cards=0.00GB elapsed=3h19m ETA=32 days, 22:08:36
[heartbeat] processed=812/156,950 in_flight=64 done=619 skipped=42 failed=151 cards=0.00GB elapsed=3h19m ETA=32 days, 19:31:11
[heartbeat] processed=812/156,950 in_flight=64 done=619 skipped=42 failed=151 cards=0.00GB elapsed=3h20m ETA=32 days, 21:29:39
[heartbeat] processed=815/156,950 in_flight=64 done=622 skipped=42 failed=151 cards=0.00GB elapsed=3h20m ETA=32 days, 19:53:18
[heartbeat] processed=819/156,950 in_flight=64 done=626 skipped=42 failed=151 cards=0.00GB elapsed=3h21m ETA=32 days, 17:21:44
[heartbeat] processed=821/156,950 in_flight=64 done=628 skipped=42 failed=151 cards=0.00GB elapsed=3h21m ETA=32 days, 16:57:24
[heartbeat] processed=823/156,950 in_flight=64 done=630 skipped=42 failed=151 cards=0.00GB elapsed=3h22m ETA=32 days, 16:47:39
[heartbeat] processed=829/156,950 in_flight=64 done=636 skipped=42 failed=151 cards=0.00GB elapsed=3h22m ETA=32 days, 11:48:40
[heartbeat] processed=829/156,950 in_flight=64 done=636 skipped=42 failed=151 cards=0.00GB elapsed=3h23m ETA=32 days, 13:44:07
[heartbeat] processed=832/156,950 in_flight=64 done=639 skipped=42 failed=151 cards=0.01GB elapsed=3h24m ETA=32 days, 12:28:48
[heartbeat] processed=832/156,950 in_flight=64 done=639 skipped=42 failed=151 cards=0.01GB elapsed=3h24m ETA=32 days, 14:23:45
[heartbeat] processed=835/156,950 in_flight=64 done=642 skipped=42 failed=151 cards=0.01GB elapsed=3h25m ETA=32 days, 13:10:13
[heartbeat] processed=838/156,950 in_flight=64 done=645 skipped=42 failed=151 cards=0.01GB elapsed=3h25m ETA=32 days, 11:52:41
[heartbeat] processed=838/156,950 in_flight=64 done=645 skipped=42 failed=151 cards=0.01GB elapsed=3h26m ETA=32 days, 13:46:37
[heartbeat] processed=843/156,950 in_flight=64 done=650 skipped=42 failed=151 cards=0.01GB elapsed=3h26m ETA=32 days, 10:15:33
[heartbeat] processed=846/156,950 in_flight=64 done=653 skipped=42 failed=151 cards=0.01GB elapsed=3h27m ETA=32 days, 9:14:45
[heartbeat] processed=846/156,950 in_flight=64 done=653 skipped=42 failed=151 cards=0.01GB elapsed=3h27m ETA=32 days, 11:07:24
[heartbeat] processed=851/156,950 in_flight=64 done=658 skipped=42 failed=151 cards=0.01GB elapsed=3h28m ETA=32 days, 7:36:31
[heartbeat] processed=853/156,950 in_flight=64 done=660 skipped=42 failed=151 cards=0.01GB elapsed=3h29m ETA=32 days, 7:28:27
[heartbeat] processed=854/156,950 in_flight=64 done=661 skipped=42 failed=151 cards=0.01GB elapsed=3h29m ETA=32 days, 8:18:33
[heartbeat] processed=860/156,950 in_flight=64 done=667 skipped=42 failed=151 cards=0.01GB elapsed=3h30m ETA=32 days, 3:49:16
[heartbeat] processed=861/156,950 in_flight=64 done=668 skipped=42 failed=151 cards=0.01GB elapsed=3h30m ETA=32 days, 4:38:50
[heartbeat] processed=861/156,950 in_flight=64 done=668 skipped=42 failed=151 cards=0.01GB elapsed=3h31m ETA=32 days, 6:29:07
[heartbeat] processed=868/156,950 in_flight=64 done=675 skipped=42 failed=151 cards=0.01GB elapsed=3h31m ETA=32 days, 0:59:52
[heartbeat] processed=869/156,950 in_flight=64 done=676 skipped=42 failed=151 cards=0.01GB elapsed=3h32m ETA=32 days, 1:58:18
[heartbeat] processed=870/156,950 in_flight=64 done=677 skipped=42 failed=151 cards=0.01GB elapsed=3h32m ETA=32 days, 2:55:59
[heartbeat] processed=875/156,950 in_flight=64 done=682 skipped=42 failed=151 cards=0.01GB elapsed=3h33m ETA=31 days, 23:29:38
[heartbeat] processed=877/156,950 in_flight=64 done=684 skipped=42 failed=151 cards=0.01GB elapsed=3h33m ETA=31 days, 23:11:37
[heartbeat] processed=878/156,950 in_flight=64 done=685 skipped=42 failed=151 cards=0.01GB elapsed=3h34m ETA=32 days, 0:03:57
[heartbeat] processed=883/156,950 in_flight=64 done=690 skipped=42 failed=151 cards=0.01GB elapsed=3h35m ETA=31 days, 20:52:43
[heartbeat] processed=886/156,950 in_flight=64 done=693 skipped=42 failed=151 cards=0.01GB elapsed=3h35m ETA=31 days, 19:37:04
[heartbeat] processed=886/156,950 in_flight=64 done=693 skipped=42 failed=151 cards=0.01GB elapsed=3h36m ETA=31 days, 21:23:32
[heartbeat] processed=889/156,950 in_flight=64 done=696 skipped=42 failed=151 cards=0.01GB elapsed=3h36m ETA=31 days, 20:15:55
[heartbeat] processed=892/156,950 in_flight=64 done=699 skipped=42 failed=151 cards=0.01GB elapsed=3h37m ETA=31 days, 19:06:55
[heartbeat] processed=895/156,950 in_flight=64 done=702 skipped=42 failed=151 cards=0.01GB elapsed=3h37m ETA=31 days, 18:09:59
[heartbeat] processed=895/156,950 in_flight=64 done=702 skipped=42 failed=151 cards=0.01GB elapsed=3h38m ETA=31 days, 19:55:06
[heartbeat] processed=897/156,950 in_flight=64 done=704 skipped=42 failed=151 cards=0.01GB elapsed=3h38m ETA=31 days, 19:38:35
[heartbeat] processed=904/156,950 in_flight=64 done=711 skipped=42 failed=151 cards=0.01GB elapsed=3h39m ETA=31 days, 14:27:37
[heartbeat] processed=905/156,950 in_flight=64 done=712 skipped=42 failed=151 cards=0.01GB elapsed=3h39m ETA=31 days, 15:14:13
[heartbeat] processed=905/156,950 in_flight=64 done=712 skipped=42 failed=151 cards=0.01GB elapsed=3h40m ETA=31 days, 16:57:58
[heartbeat] processed=910/156,950 in_flight=64 done=717 skipped=42 failed=151 cards=0.01GB elapsed=3h40m ETA=31 days, 13:39:04
[heartbeat] processed=913/156,950 in_flight=64 done=720 skipped=42 failed=151 cards=0.01GB elapsed=3h41m ETA=31 days, 12:28:27
[heartbeat] processed=914/156,950 in_flight=64 done=721 skipped=42 failed=151 cards=0.01GB elapsed=3h42m ETA=31 days, 13:27:55
[heartbeat] processed=919/156,950 in_flight=64 done=726 skipped=42 failed=151 cards=0.01GB elapsed=3h42m ETA=31 days, 10:12:37
[heartbeat] processed=923/156,950 in_flight=64 done=730 skipped=42 failed=151 cards=0.01GB elapsed=3h43m ETA=31 days, 8:11:15
[heartbeat] processed=925/156,950 in_flight=64 done=732 skipped=42 failed=151 cards=0.01GB elapsed=3h43m ETA=31 days, 8:11:12
[heartbeat] processed=927/156,950 in_flight=64 done=734 skipped=42 failed=151 cards=0.01GB elapsed=3h44m ETA=31 days, 8:01:35
[heartbeat] processed=931/156,950 in_flight=64 done=738 skipped=42 failed=151 cards=0.01GB elapsed=3h44m ETA=31 days, 6:01:44
[heartbeat] processed=931/156,950 in_flight=64 done=738 skipped=42 failed=151 cards=0.01GB elapsed=3h45m ETA=31 days, 7:41:57
[heartbeat] processed=931/156,950 in_flight=64 done=738 skipped=42 failed=151 cards=0.01GB elapsed=3h45m ETA=31 days, 9:22:15
[heartbeat] processed=931/156,950 in_flight=64 done=738 skipped=42 failed=151 cards=0.01GB elapsed=3h46m ETA=31 days, 11:02:31
[heartbeat] processed=935/156,950 in_flight=64 done=742 skipped=42 failed=151 cards=0.01GB elapsed=3h46m ETA=31 days, 8:52:45
[heartbeat] processed=939/156,950 in_flight=64 done=746 skipped=42 failed=151 cards=0.01GB elapsed=3h47m ETA=31 days, 7:03:41
[heartbeat] processed=939/156,950 in_flight=64 done=746 skipped=42 failed=151 cards=0.01GB elapsed=3h47m ETA=31 days, 8:42:57
[heartbeat] processed=939/156,950 in_flight=64 done=746 skipped=42 failed=151 cards=0.01GB elapsed=3h48m ETA=31 days, 10:22:11
[heartbeat] processed=940/156,950 in_flight=64 done=747 skipped=42 failed=151 cards=0.01GB elapsed=3h48m ETA=31 days, 11:09:41
[heartbeat] processed=943/156,950 in_flight=64 done=750 skipped=42 failed=151 cards=0.01GB elapsed=3h49m ETA=31 days, 9:57:29
[heartbeat] processed=943/156,950 in_flight=64 done=750 skipped=42 failed=151 cards=0.01GB elapsed=3h49m ETA=31 days, 11:36:10
[heartbeat] processed=944/156,950 in_flight=64 done=750 skipped=42 failed=152 cards=0.01GB elapsed=3h50m ETA=31 days, 13:30:41
[heartbeat] processed=950/156,950 in_flight=64 done=753 skipped=42 failed=155 cards=0.01GB elapsed=3h51m ETA=31 days, 12:35:13
[heartbeat] processed=951/156,950 in_flight=64 done=754 skipped=42 failed=155 cards=0.01GB elapsed=3h51m ETA=31 days, 13:27:19
[heartbeat] processed=951/156,950 in_flight=64 done=754 skipped=42 failed=155 cards=0.01GB elapsed=3h52m ETA=31 days, 15:05:36
[heartbeat] processed=951/156,950 in_flight=64 done=754 skipped=42 failed=155 cards=0.01GB elapsed=3h52m ETA=31 days, 16:43:55
[heartbeat] processed=958/156,950 in_flight=64 done=761 skipped=42 failed=155 cards=0.01GB elapsed=3h53m ETA=31 days, 11:42:20
[heartbeat] processed=959/156,950 in_flight=64 done=762 skipped=42 failed=155 cards=0.01GB elapsed=3h53m ETA=31 days, 12:35:06
[heartbeat] processed=959/156,950 in_flight=64 done=762 skipped=42 failed=155 cards=0.01GB elapsed=3h54m ETA=31 days, 14:12:25
[heartbeat] processed=959/156,950 in_flight=64 done=762 skipped=42 failed=155 cards=0.01GB elapsed=3h54m ETA=31 days, 15:49:43
[heartbeat] processed=965/156,950 in_flight=64 done=768 skipped=42 failed=155 cards=0.01GB elapsed=3h55m ETA=31 days, 12:00:53
[heartbeat] processed=965/156,950 in_flight=64 done=768 skipped=42 failed=155 cards=0.01GB elapsed=3h55m ETA=31 days, 13:37:27
[heartbeat] processed=966/156,950 in_flight=64 done=769 skipped=42 failed=155 cards=0.01GB elapsed=3h56m ETA=31 days, 14:26:09
[heartbeat] processed=970/156,950 in_flight=64 done=773 skipped=42 failed=155 cards=0.01GB elapsed=3h56m ETA=31 days, 12:25:23
[heartbeat] processed=971/156,950 in_flight=64 done=773 skipped=42 failed=156 cards=0.01GB elapsed=3h57m ETA=31 days, 14:02:48
[heartbeat] processed=971/156,950 in_flight=64 done=773 skipped=42 failed=156 cards=0.01GB elapsed=3h57m ETA=31 days, 15:38:47
[heartbeat] processed=973/156,950 in_flight=64 done=773 skipped=42 failed=158 cards=0.01GB elapsed=3h58m ETA=31 days, 17:29:25
[heartbeat] processed=975/156,950 in_flight=64 done=775 skipped=42 failed=158 cards=0.01GB elapsed=3h59m ETA=31 days, 17:22:47
[heartbeat] processed=978/156,950 in_flight=64 done=778 skipped=42 failed=158 cards=0.01GB elapsed=3h59m ETA=31 days, 16:18:45
[heartbeat] processed=978/156,950 in_flight=64 done=778 skipped=42 failed=158 cards=0.01GB elapsed=4h00m ETA=31 days, 17:54:09
[heartbeat] processed=981/156,950 in_flight=64 done=780 skipped=42 failed=159 cards=0.01GB elapsed=4h00m ETA=31 days, 17:48:23
[heartbeat] processed=983/156,950 in_flight=64 done=782 skipped=42 failed=159 cards=0.01GB elapsed=4h01m ETA=31 days, 17:41:57
[heartbeat] processed=983/156,950 in_flight=64 done=782 skipped=42 failed=159 cards=0.01GB elapsed=4h01m ETA=31 days, 19:16:51
[heartbeat] processed=983/156,950 in_flight=64 done=782 skipped=42 failed=159 cards=0.01GB elapsed=4h02m ETA=31 days, 20:51:44
[heartbeat] processed=986/156,950 in_flight=64 done=785 skipped=42 failed=159 cards=0.01GB elapsed=4h02m ETA=31 days, 20:01:42
[heartbeat] processed=990/156,950 in_flight=64 done=786 skipped=42 failed=162 cards=0.01GB elapsed=4h03m ETA=31 days, 20:54:03
[heartbeat] processed=991/156,950 in_flight=64 done=786 skipped=42 failed=163 cards=0.01GB elapsed=4h03m ETA=31 days, 22:35:57
[heartbeat] processed=993/156,950 in_flight=64 done=788 skipped=42 failed=163 cards=0.01GB elapsed=4h04m ETA=31 days, 22:31:21
[heartbeat] processed=998/156,950 in_flight=64 done=793 skipped=42 failed=163 cards=0.02GB elapsed=4h05m ETA=31 days, 19:31:56
[heartbeat] processed=998/156,950 in_flight=64 done=793 skipped=42 failed=163 cards=0.02GB elapsed=4h05m ETA=31 days, 21:05:35
[1,000/156,950] done=795 skipped=42 failed=163 cards=0.02GB elapsed=4h05m ETA=31 days, 20:39:57
[heartbeat] processed=1,000/156,950 in_flight=64 done=795 skipped=42 failed=163 cards=0.02GB elapsed=4h06m ETA=31 days, 20:55:34
[heartbeat] processed=1,003/156,950 in_flight=64 done=798 skipped=42 failed=163 cards=0.02GB elapsed=4h06m ETA=31 days, 19:48:05
[heartbeat] processed=1,006/156,950 in_flight=64 done=801 skipped=42 failed=163 cards=0.02GB elapsed=4h07m ETA=31 days, 18:37:00
[heartbeat] processed=1,008/156,950 in_flight=64 done=803 skipped=42 failed=163 cards=0.02GB elapsed=4h07m ETA=31 days, 18:24:27
[heartbeat] processed=1,010/156,950 in_flight=64 done=805 skipped=42 failed=163 cards=0.02GB elapsed=4h08m ETA=31 days, 18:11:45
[heartbeat] processed=1,010/156,950 in_flight=64 done=805 skipped=42 failed=163 cards=0.02GB elapsed=4h08m ETA=31 days, 19:44:03
[heartbeat] processed=1,012/156,950 in_flight=64 done=807 skipped=42 failed=163 cards=0.02GB elapsed=4h09m ETA=31 days, 19:36:49
[heartbeat] processed=1,016/156,950 in_flight=64 done=811 skipped=42 failed=163 cards=0.02GB elapsed=4h09m ETA=31 days, 17:43:25
[heartbeat] processed=1,018/156,950 in_flight=64 done=813 skipped=42 failed=163 cards=0.02GB elapsed=4h10m ETA=31 days, 17:32:44
[heartbeat] processed=1,019/156,950 in_flight=64 done=814 skipped=42 failed=163 cards=0.02GB elapsed=4h10m ETA=31 days, 18:17:00
[heartbeat] processed=1,021/156,950 in_flight=64 done=816 skipped=42 failed=163 cards=0.02GB elapsed=4h11m ETA=31 days, 18:07:20
[heartbeat] processed=1,021/156,950 in_flight=64 done=816 skipped=42 failed=163 cards=0.02GB elapsed=4h11m ETA=31 days, 19:38:28
[heartbeat] processed=1,021/156,950 in_flight=64 done=816 skipped=42 failed=163 cards=0.02GB elapsed=4h12m ETA=31 days, 21:09:38
[heartbeat] processed=1,024/156,950 in_flight=64 done=819 skipped=42 failed=163 cards=0.02GB elapsed=4h12m ETA=31 days, 20:08:59
[heartbeat] processed=1,025/156,950 in_flight=64 done=819 skipped=42 failed=164 cards=0.02GB elapsed=4h13m ETA=31 days, 21:42:07
[heartbeat] processed=1,027/156,950 in_flight=64 done=819 skipped=42 failed=166 cards=0.02GB elapsed=4h13m ETA=31 days, 23:18:10
[heartbeat] processed=1,030/156,950 in_flight=64 done=822 skipped=42 failed=166 cards=0.02GB elapsed=4h14m ETA=31 days, 22:13:06
[heartbeat] processed=1,030/156,950 in_flight=64 done=822 skipped=42 failed=166 cards=0.02GB elapsed=4h14m ETA=31 days, 23:43:35
[heartbeat] processed=1,030/156,950 in_flight=64 done=822 skipped=42 failed=166 cards=0.02GB elapsed=4h15m ETA=32 days, 1:14:05
[heartbeat] processed=1,035/156,950 in_flight=64 done=826 skipped=42 failed=167 cards=0.02GB elapsed=4h16m ETA=31 days, 23:41:51
[heartbeat] processed=1,038/156,950 in_flight=64 done=829 skipped=42 failed=167 cards=0.02GB elapsed=4h16m ETA=31 days, 22:37:39
[heartbeat] processed=1,040/156,950 in_flight=64 done=831 skipped=42 failed=167 cards=0.02GB elapsed=4h17m ETA=31 days, 22:35:04
[heartbeat] processed=1,040/156,950 in_flight=64 done=831 skipped=42 failed=167 cards=0.02GB elapsed=4h17m ETA=32 days, 0:04:38
[heartbeat] processed=1,040/156,950 in_flight=64 done=831 skipped=42 failed=167 cards=0.02GB elapsed=4h18m ETA=32 days, 1:34:13
[heartbeat] processed=1,040/156,950 in_flight=64 done=831 skipped=42 failed=167 cards=0.02GB elapsed=4h18m ETA=32 days, 3:03:47
[heartbeat] processed=1,045/156,950 in_flight=64 done=836 skipped=42 failed=167 cards=0.02GB elapsed=4h19m ETA=32 days, 0:17:05
[heartbeat] processed=1,047/156,950 in_flight=64 done=838 skipped=42 failed=167 cards=0.02GB elapsed=4h19m ETA=32 days, 0:07:29
[heartbeat] processed=1,048/156,950 in_flight=64 done=839 skipped=42 failed=167 cards=0.02GB elapsed=4h20m ETA=32 days, 0:49:26
[heartbeat] processed=1,048/156,950 in_flight=64 done=839 skipped=42 failed=167 cards=0.02GB elapsed=4h20m ETA=32 days, 2:18:11
[heartbeat] processed=1,051/156,950 in_flight=64 done=842 skipped=42 failed=167 cards=0.02GB elapsed=4h21m ETA=32 days, 1:19:03
[heartbeat] processed=1,051/156,950 in_flight=64 done=842 skipped=42 failed=167 cards=0.02GB elapsed=4h21m ETA=32 days, 2:47:28
[heartbeat] processed=1,051/156,950 in_flight=64 done=842 skipped=42 failed=167 cards=0.02GB elapsed=4h22m ETA=32 days, 4:15:56
[heartbeat] processed=1,055/156,950 in_flight=64 done=844 skipped=42 failed=169 cards=0.02GB elapsed=4h22m ETA=32 days, 4:03:12
[heartbeat] processed=1,059/156,950 in_flight=64 done=846 skipped=42 failed=171 cards=0.02GB elapsed=4h23m ETA=32 days, 3:56:36
[heartbeat] processed=1,059/156,950 in_flight=64 done=846 skipped=42 failed=171 cards=0.02GB elapsed=4h24m ETA=32 days, 5:24:38
[heartbeat] processed=1,060/156,950 in_flight=64 done=847 skipped=42 failed=171 cards=0.02GB elapsed=4h24m ETA=32 days, 6:14:05
[heartbeat] processed=1,060/156,950 in_flight=64 done=847 skipped=42 failed=171 cards=0.02GB elapsed=4h25m ETA=32 days, 7:42:03
[heartbeat] processed=1,060/156,950 in_flight=64 done=847 skipped=42 failed=171 cards=0.02GB elapsed=4h25m ETA=32 days, 9:09:59
[heartbeat] processed=1,063/156,950 in_flight=64 done=850 skipped=42 failed=171 cards=0.02GB elapsed=4h26m ETA=32 days, 8:03:20
[heartbeat] processed=1,067/156,950 in_flight=64 done=853 skipped=42 failed=172 cards=0.02GB elapsed=4h26m ETA=32 days, 6:54:54
[heartbeat] processed=1,067/156,950 in_flight=64 done=853 skipped=42 failed=172 cards=0.02GB elapsed=4h27m ETA=32 days, 8:22:15
[heartbeat] processed=1,075/156,950 in_flight=64 done=861 skipped=42 failed=172 cards=0.02GB elapsed=4h27m ETA=32 days, 3:47:56
[heartbeat] processed=1,076/156,950 in_flight=64 done=862 skipped=42 failed=172 cards=0.02GB elapsed=4h28m ETA=32 days, 4:24:34
[heartbeat] processed=1,078/156,950 in_flight=64 done=864 skipped=42 failed=172 cards=0.02GB elapsed=4h29m ETA=32 days, 4:12:10
[heartbeat] processed=1,081/156,950 in_flight=64 done=867 skipped=42 failed=172 cards=0.02GB elapsed=4h29m ETA=32 days, 3:05:12
[heartbeat] processed=1,081/156,950 in_flight=64 done=867 skipped=42 failed=172 cards=0.02GB elapsed=4h30m ETA=32 days, 4:31:12
[heartbeat] processed=1,085/156,950 in_flight=64 done=871 skipped=42 failed=172 cards=0.02GB elapsed=4h30m ETA=32 days, 2:44:17
[heartbeat] processed=1,085/156,950 in_flight=64 done=871 skipped=42 failed=172 cards=0.02GB elapsed=4h31m ETA=32 days, 4:09:53
[heartbeat] processed=1,089/156,950 in_flight=64 done=875 skipped=42 failed=172 cards=0.02GB elapsed=4h31m ETA=32 days, 2:18:15
[heartbeat] processed=1,089/156,950 in_flight=64 done=875 skipped=42 failed=172 cards=0.02GB elapsed=4h32m ETA=32 days, 3:43:27
[heartbeat] processed=1,089/156,950 in_flight=64 done=875 skipped=42 failed=172 cards=0.02GB elapsed=4h32m ETA=32 days, 5:08:42
[heartbeat] processed=1,089/156,950 in_flight=64 done=875 skipped=42 failed=172 cards=0.02GB elapsed=4h33m ETA=32 days, 6:33:55
[heartbeat] processed=1,091/156,950 in_flight=64 done=877 skipped=42 failed=172 cards=0.02GB elapsed=4h33m ETA=32 days, 6:19:05
[heartbeat] processed=1,093/156,950 in_flight=64 done=879 skipped=42 failed=172 cards=0.02GB elapsed=4h34m ETA=32 days, 6:12:45
[heartbeat] processed=1,097/156,950 in_flight=64 done=883 skipped=42 failed=172 cards=0.02GB elapsed=4h34m ETA=32 days, 4:26:15
[heartbeat] processed=1,097/156,950 in_flight=64 done=883 skipped=42 failed=172 cards=0.02GB elapsed=4h35m ETA=32 days, 5:50:46
[heartbeat] processed=1,099/156,950 in_flight=64 done=885 skipped=42 failed=172 cards=0.02GB elapsed=4h35m ETA=32 days, 5:37:09
[heartbeat] processed=1,099/156,950 in_flight=64 done=885 skipped=42 failed=172 cards=0.02GB elapsed=4h36m ETA=32 days, 7:01:31
[heartbeat] processed=1,100/156,950 in_flight=64 done=886 skipped=42 failed=172 cards=0.02GB elapsed=4h36m ETA=32 days, 7:37:44
[heartbeat] processed=1,102/156,950 in_flight=64 done=886 skipped=42 failed=174 cards=0.02GB elapsed=4h37m ETA=32 days, 9:13:20
[heartbeat] processed=1,102/156,950 in_flight=64 done=886 skipped=42 failed=174 cards=0.02GB elapsed=4h37m ETA=32 days, 10:37:32
[heartbeat] processed=1,105/156,950 in_flight=64 done=886 skipped=42 failed=177 cards=0.02GB elapsed=4h38m ETA=32 days, 12:02:30
[heartbeat] processed=1,106/156,950 in_flight=64 done=887 skipped=42 failed=177 cards=0.02GB elapsed=4h38m ETA=32 days, 12:38:05
[heartbeat] processed=1,108/156,950 in_flight=64 done=889 skipped=42 failed=177 cards=0.02GB elapsed=4h39m ETA=32 days, 12:30:25
[heartbeat] processed=1,111/156,950 in_flight=64 done=892 skipped=42 failed=177 cards=0.02GB elapsed=4h39m ETA=32 days, 11:28:36
[heartbeat] processed=1,113/156,950 in_flight=64 done=894 skipped=42 failed=177 cards=0.02GB elapsed=4h40m ETA=32 days, 11:20:52
[heartbeat] processed=1,115/156,950 in_flight=64 done=895 skipped=42 failed=178 cards=0.02GB elapsed=4h41m ETA=32 days, 12:03:59
[heartbeat] processed=1,116/156,950 in_flight=64 done=896 skipped=42 failed=178 cards=0.02GB elapsed=4h41m ETA=32 days, 12:39:53
[heartbeat] processed=1,116/156,950 in_flight=64 done=896 skipped=42 failed=178 cards=0.02GB elapsed=4h42m ETA=32 days, 14:03:11
[heartbeat] processed=1,116/156,950 in_flight=64 done=896 skipped=42 failed=178 cards=0.02GB elapsed=4h42m ETA=32 days, 15:26:28
[heartbeat] processed=1,120/156,950 in_flight=64 done=899 skipped=42 failed=179 cards=0.02GB elapsed=4h43m ETA=32 days, 14:32:20
[heartbeat] processed=1,124/156,950 in_flight=64 done=903 skipped=42 failed=179 cards=0.02GB elapsed=4h43m ETA=32 days, 12:37:16
[heartbeat] processed=1,124/156,950 in_flight=64 done=903 skipped=42 failed=179 cards=0.02GB elapsed=4h44m ETA=32 days, 13:59:55
[heartbeat] processed=1,124/156,950 in_flight=64 done=903 skipped=42 failed=179 cards=0.02GB elapsed=4h44m ETA=32 days, 15:22:37
[heartbeat] processed=1,128/156,950 in_flight=64 done=907 skipped=42 failed=179 cards=0.02GB elapsed=4h45m ETA=32 days, 13:34:54
[heartbeat] processed=1,132/156,950 in_flight=64 done=911 skipped=42 failed=179 cards=0.02GB elapsed=4h45m ETA=32 days, 11:43:15
[heartbeat] processed=1,132/156,950 in_flight=64 done=911 skipped=42 failed=179 cards=0.02GB elapsed=4h46m ETA=32 days, 13:05:15
[heartbeat] processed=1,137/156,950 in_flight=64 done=916 skipped=42 failed=179 cards=0.02GB elapsed=4h46m ETA=32 days, 10:36:23
[heartbeat] processed=1,140/156,950 in_flight=64 done=919 skipped=42 failed=179 cards=0.02GB elapsed=4h47m ETA=32 days, 9:39:55
[heartbeat] processed=1,140/156,950 in_flight=64 done=919 skipped=42 failed=179 cards=0.02GB elapsed=4h47m ETA=32 days, 11:01:13
[heartbeat] processed=1,144/156,950 in_flight=64 done=923 skipped=42 failed=179 cards=0.02GB elapsed=4h48m ETA=32 days, 9:17:34
[heartbeat] processed=1,144/156,950 in_flight=64 done=923 skipped=42 failed=179 cards=0.02GB elapsed=4h49m ETA=32 days, 10:38:32
[heartbeat] processed=1,146/156,950 in_flight=64 done=925 skipped=42 failed=179 cards=0.02GB elapsed=4h49m ETA=32 days, 10:25:52
[heartbeat] processed=1,147/156,950 in_flight=64 done=926 skipped=42 failed=179 cards=0.02GB elapsed=4h50m ETA=32 days, 10:58:32
[heartbeat] processed=1,147/156,950 in_flight=64 done=926 skipped=42 failed=179 cards=0.02GB elapsed=4h50m ETA=32 days, 12:19:15
[heartbeat] processed=1,151/156,950 in_flight=64 done=930 skipped=42 failed=179 cards=0.02GB elapsed=4h51m ETA=32 days, 10:35:54
[heartbeat] processed=1,155/156,950 in_flight=64 done=934 skipped=42 failed=179 cards=0.02GB elapsed=4h51m ETA=32 days, 8:49:16
[heartbeat] processed=1,155/156,950 in_flight=64 done=934 skipped=42 failed=179 cards=0.02GB elapsed=4h52m ETA=32 days, 10:09:17
[heartbeat] processed=1,156/156,950 in_flight=64 done=935 skipped=42 failed=179 cards=0.02GB elapsed=4h52m ETA=32 days, 10:52:38
[heartbeat] processed=1,157/156,950 in_flight=64 done=936 skipped=42 failed=179 cards=0.02GB elapsed=4h53m ETA=32 days, 11:34:43
[heartbeat] processed=1,157/156,950 in_flight=64 done=936 skipped=42 failed=179 cards=0.02GB elapsed=4h53m ETA=32 days, 12:54:37
[heartbeat] processed=1,160/156,950 in_flight=64 done=936 skipped=42 failed=182 cards=0.02GB elapsed=4h54m ETA=32 days, 14:26:44
[heartbeat] processed=1,164/156,950 in_flight=64 done=940 skipped=42 failed=182 cards=0.02GB elapsed=4h54m ETA=32 days, 12:43:36
[heartbeat] processed=1,164/156,950 in_flight=64 done=940 skipped=42 failed=182 cards=0.02GB elapsed=4h55m ETA=32 days, 14:03:11
[heartbeat] processed=1,165/156,950 in_flight=64 done=941 skipped=42 failed=182 cards=0.02GB elapsed=4h55m ETA=32 days, 14:35:17
[heartbeat] processed=1,171/156,950 in_flight=64 done=947 skipped=42 failed=182 cards=0.02GB elapsed=4h56m ETA=32 days, 11:13:07
[heartbeat] processed=1,172/156,950 in_flight=64 done=948 skipped=42 failed=182 cards=0.02GB elapsed=4h56m ETA=32 days, 11:44:48
[heartbeat] processed=1,172/156,950 in_flight=64 done=948 skipped=42 failed=182 cards=0.02GB elapsed=4h57m ETA=32 days, 13:03:42
[heartbeat] processed=1,175/156,950 in_flight=64 done=951 skipped=42 failed=182 cards=0.02GB elapsed=4h58m ETA=32 days, 12:06:29
[heartbeat] processed=1,178/156,950 in_flight=64 done=954 skipped=42 failed=182 cards=0.02GB elapsed=4h58m ETA=32 days, 11:15:21
[heartbeat] processed=1,178/156,950 in_flight=64 done=954 skipped=42 failed=182 cards=0.02GB elapsed=4h59m ETA=32 days, 12:33:47
[heartbeat] processed=1,180/156,950 in_flight=64 done=956 skipped=42 failed=182 cards=0.02GB elapsed=4h59m ETA=32 days, 12:27:28
[heartbeat] processed=1,183/156,950 in_flight=64 done=959 skipped=42 failed=182 cards=0.02GB elapsed=5h00m ETA=32 days, 11:25:59
[heartbeat] processed=1,183/156,950 in_flight=64 done=959 skipped=42 failed=182 cards=0.02GB elapsed=5h00m ETA=32 days, 12:44:02
[heartbeat] processed=1,183/156,950 in_flight=64 done=959 skipped=42 failed=182 cards=0.02GB elapsed=5h01m ETA=32 days, 14:02:07
[heartbeat] processed=1,183/156,950 in_flight=64 done=959 skipped=42 failed=182 cards=0.02GB elapsed=5h01m ETA=32 days, 15:20:09
[heartbeat] processed=1,186/156,950 in_flight=64 done=959 skipped=42 failed=185 cards=0.02GB elapsed=5h02m ETA=32 days, 16:40:25
[heartbeat] processed=1,186/156,950 in_flight=64 done=959 skipped=42 failed=185 cards=0.02GB elapsed=5h02m ETA=32 days, 17:58:25
[heartbeat] processed=1,188/156,950 in_flight=64 done=959 skipped=42 failed=187 cards=0.02GB elapsed=5h03m ETA=32 days, 19:25:12
[heartbeat] processed=1,191/156,950 in_flight=64 done=959 skipped=42 failed=190 cards=0.02GB elapsed=5h03m ETA=32 days, 20:45:00
[heartbeat] processed=1,191/156,950 in_flight=64 done=959 skipped=42 failed=190 cards=0.02GB elapsed=5h04m ETA=32 days, 22:03:04
[heartbeat] processed=1,191/156,950 in_flight=64 done=959 skipped=42 failed=190 cards=0.02GB elapsed=5h04m ETA=32 days, 23:21:06
[heartbeat] processed=1,192/156,950 in_flight=64 done=960 skipped=42 failed=190 cards=0.02GB elapsed=5h05m ETA=32 days, 23:58:17
[heartbeat] processed=1,195/156,950 in_flight=64 done=960 skipped=42 failed=193 cards=0.02GB elapsed=5h05m ETA=33 days, 1:24:35
[heartbeat] processed=1,195/156,950 in_flight=64 done=960 skipped=42 failed=193 cards=0.02GB elapsed=5h06m ETA=33 days, 2:42:33
[heartbeat] processed=1,199/156,950 in_flight=64 done=963 skipped=42 failed=194 cards=0.02GB elapsed=5h06m ETA=33 days, 1:43:38
[heartbeat] processed=1,199/156,950 in_flight=64 done=963 skipped=42 failed=194 cards=0.02GB elapsed=5h07m ETA=33 days, 3:01:22
[heartbeat] processed=1,199/156,950 in_flight=64 done=963 skipped=42 failed=194 cards=0.02GB elapsed=5h07m ETA=33 days, 4:19:05
[heartbeat] processed=1,207/156,950 in_flight=64 done=971 skipped=42 failed=194 cards=0.02GB elapsed=5h08m ETA=32 days, 23:23:35
[heartbeat] processed=1,207/156,950 in_flight=64 done=971 skipped=42 failed=194 cards=0.02GB elapsed=5h08m ETA=33 days, 0:40:42
[heartbeat] processed=1,209/156,950 in_flight=64 done=973 skipped=42 failed=194 cards=0.02GB elapsed=5h09m ETA=33 days, 0:25:13
[heartbeat] processed=1,210/156,950 in_flight=64 done=974 skipped=42 failed=194 cards=0.02GB elapsed=5h09m ETA=33 days, 0:55:53
[heartbeat] processed=1,216/156,950 in_flight=64 done=980 skipped=42 failed=194 cards=0.02GB elapsed=5h10m ETA=32 days, 21:41:56
[heartbeat] processed=1,217/156,950 in_flight=64 done=981 skipped=42 failed=194 cards=0.02GB elapsed=5h11m ETA=32 days, 22:22:29
[heartbeat] processed=1,218/156,950 in_flight=64 done=982 skipped=42 failed=194 cards=0.02GB elapsed=5h11m ETA=32 days, 22:52:19
[heartbeat] processed=1,224/156,950 in_flight=64 done=988 skipped=42 failed=194 cards=0.02GB elapsed=5h12m ETA=32 days, 19:37:24
[heartbeat] processed=1,226/156,950 in_flight=64 done=990 skipped=42 failed=194 cards=0.02GB elapsed=5h12m ETA=32 days, 19:23:31
[heartbeat] processed=1,226/156,950 in_flight=64 done=990 skipped=42 failed=194 cards=0.02GB elapsed=5h13m ETA=32 days, 20:39:11
[heartbeat] processed=1,233/156,950 in_flight=64 done=997 skipped=42 failed=194 cards=0.02GB elapsed=5h13m ETA=32 days, 16:40:36
[heartbeat] processed=1,233/156,950 in_flight=64 done=997 skipped=42 failed=194 cards=0.02GB elapsed=5h14m ETA=32 days, 17:55:46
[heartbeat] processed=1,233/156,950 in_flight=64 done=997 skipped=42 failed=194 cards=0.02GB elapsed=5h14m ETA=32 days, 19:10:56
[heartbeat] processed=1,241/156,950 in_flight=64 done=1,005 skipped=42 failed=194 cards=0.02GB elapsed=5h15m ETA=32 days, 14:30:23
[heartbeat] processed=1,241/156,950 in_flight=64 done=1,005 skipped=42 failed=194 cards=0.02GB elapsed=5h15m ETA=32 days, 15:44:57
[heartbeat] processed=1,242/156,950 in_flight=64 done=1,006 skipped=42 failed=194 cards=0.02GB elapsed=5h16m ETA=32 days, 16:19:03
[heartbeat] processed=1,246/156,950 in_flight=64 done=1,010 skipped=42 failed=194 cards=0.02GB elapsed=5h16m ETA=32 days, 14:38:32
[heartbeat] processed=1,249/156,950 in_flight=64 done=1,013 skipped=42 failed=194 cards=0.02GB elapsed=5h17m ETA=32 days, 13:39:45
[heartbeat] processed=1,249/156,950 in_flight=64 done=1,013 skipped=42 failed=194 cards=0.02GB elapsed=5h17m ETA=32 days, 14:53:44
[heartbeat] processed=1,249/156,950 in_flight=64 done=1,013 skipped=42 failed=194 cards=0.02GB elapsed=5h18m ETA=32 days, 16:07:43
[heartbeat] processed=1,249/156,950 in_flight=64 done=1,013 skipped=42 failed=194 cards=0.02GB elapsed=5h18m ETA=32 days, 17:21:44
[heartbeat] processed=1,249/156,950 in_flight=64 done=1,013 skipped=42 failed=194 cards=0.02GB elapsed=5h19m ETA=32 days, 18:35:45
[heartbeat] processed=1,257/156,950 in_flight=64 done=1,020 skipped=42 failed=195 cards=0.02GB elapsed=5h19m ETA=32 days, 14:45:43
[heartbeat] processed=1,257/156,950 in_flight=64 done=1,020 skipped=42 failed=195 cards=0.02GB elapsed=5h20m ETA=32 days, 15:59:13
[heartbeat] processed=1,258/156,950 in_flight=64 done=1,021 skipped=42 failed=195 cards=0.02GB elapsed=5h20m ETA=32 days, 16:33:47
[heartbeat] processed=1,258/156,950 in_flight=64 done=1,021 skipped=42 failed=195 cards=0.02GB elapsed=5h21m ETA=32 days, 17:47:16
[heartbeat] processed=1,264/156,950 in_flight=64 done=1,027 skipped=42 failed=195 cards=0.02GB elapsed=5h22m ETA=32 days, 14:40:19
[heartbeat] processed=1,266/156,950 in_flight=64 done=1,029 skipped=42 failed=195 cards=0.02GB elapsed=5h22m ETA=32 days, 14:28:48
[heartbeat] processed=1,266/156,950 in_flight=64 done=1,029 skipped=42 failed=195 cards=0.02GB elapsed=5h23m ETA=32 days, 15:41:44
[heartbeat] processed=1,273/156,950 in_flight=64 done=1,036 skipped=42 failed=195 cards=0.02GB elapsed=5h23m ETA=32 days, 11:52:47
[heartbeat] processed=1,274/156,950 in_flight=64 done=1,037 skipped=42 failed=195 cards=0.02GB elapsed=5h24m ETA=32 days, 12:25:09
[heartbeat] processed=1,274/156,950 in_flight=64 done=1,037 skipped=42 failed=195 cards=0.02GB elapsed=5h24m ETA=32 days, 13:37:31
[heartbeat] processed=1,274/156,950 in_flight=64 done=1,037 skipped=42 failed=195 cards=0.02GB elapsed=5h25m ETA=32 days, 14:49:52
[heartbeat] processed=1,282/156,950 in_flight=64 done=1,045 skipped=42 failed=195 cards=0.02GB elapsed=5h25m ETA=32 days, 10:17:40
[heartbeat] processed=1,282/156,950 in_flight=64 done=1,045 skipped=42 failed=195 cards=0.02GB elapsed=5h26m ETA=32 days, 11:29:30
[heartbeat] processed=1,282/156,950 in_flight=64 done=1,045 skipped=42 failed=195 cards=0.02GB elapsed=5h26m ETA=32 days, 12:41:21
[heartbeat] processed=1,289/156,950 in_flight=64 done=1,052 skipped=42 failed=195 cards=0.02GB elapsed=5h27m ETA=32 days, 9:01:00
[heartbeat] processed=1,290/156,950 in_flight=64 done=1,053 skipped=42 failed=195 cards=0.02GB elapsed=5h27m ETA=32 days, 9:40:41
[heartbeat] processed=1,290/156,950 in_flight=64 done=1,053 skipped=42 failed=195 cards=0.02GB elapsed=5h28m ETA=32 days, 10:52:02
[heartbeat] processed=1,297/156,950 in_flight=64 done=1,060 skipped=42 failed=195 cards=0.02GB elapsed=5h28m ETA=32 days, 7:12:04
[heartbeat] processed=1,298/156,950 in_flight=64 done=1,061 skipped=42 failed=195 cards=0.02GB elapsed=5h29m ETA=32 days, 7:40:59
[heartbeat] processed=1,299/156,950 in_flight=64 done=1,062 skipped=42 failed=195 cards=0.02GB elapsed=5h29m ETA=32 days, 8:16:10
[heartbeat] processed=1,299/156,950 in_flight=64 done=1,062 skipped=42 failed=195 cards=0.02GB elapsed=5h30m ETA=32 days, 9:26:54
[heartbeat] processed=1,299/156,950 in_flight=64 done=1,062 skipped=42 failed=195 cards=0.02GB elapsed=5h30m ETA=32 days, 10:37:37
[heartbeat] processed=1,299/156,950 in_flight=64 done=1,062 skipped=42 failed=195 cards=0.02GB elapsed=5h31m ETA=32 days, 11:48:21
[heartbeat] processed=1,299/156,950 in_flight=64 done=1,062 skipped=42 failed=195 cards=0.02GB elapsed=5h31m ETA=32 days, 12:59:03
[heartbeat] processed=1,307/156,950 in_flight=64 done=1,064 skipped=42 failed=201 cards=0.02GB elapsed=5h32m ETA=32 days, 12:50:07
[heartbeat] processed=1,307/156,950 in_flight=64 done=1,064 skipped=42 failed=201 cards=0.02GB elapsed=5h32m ETA=32 days, 14:00:44
[heartbeat] processed=1,307/156,950 in_flight=64 done=1,064 skipped=42 failed=201 cards=0.02GB elapsed=5h33m ETA=32 days, 15:11:20
[heartbeat] processed=1,310/156,950 in_flight=64 done=1,067 skipped=42 failed=201 cards=0.02GB elapsed=5h33m ETA=32 days, 14:14:43
[heartbeat] processed=1,315/156,950 in_flight=64 done=1,072 skipped=42 failed=201 cards=0.02GB elapsed=5h34m ETA=32 days, 11:54:25
[heartbeat] processed=1,316/156,950 in_flight=64 done=1,073 skipped=42 failed=201 cards=0.02GB elapsed=5h35m ETA=32 days, 12:31:25
[heartbeat] processed=1,316/156,950 in_flight=64 done=1,073 skipped=42 failed=201 cards=0.02GB elapsed=5h35m ETA=32 days, 13:41:26
[heartbeat] processed=1,316/156,950 in_flight=64 done=1,073 skipped=42 failed=201 cards=0.02GB elapsed=5h36m ETA=32 days, 14:51:29
[heartbeat] processed=1,317/156,950 in_flight=64 done=1,074 skipped=42 failed=201 cards=0.02GB elapsed=5h36m ETA=32 days, 15:25:13
[heartbeat] processed=1,323/156,950 in_flight=64 done=1,080 skipped=42 failed=201 cards=0.02GB elapsed=5h37m ETA=32 days, 12:32:14
[heartbeat] processed=1,323/156,950 in_flight=64 done=1,080 skipped=42 failed=201 cards=0.02GB elapsed=5h37m ETA=32 days, 13:41:50
[heartbeat] processed=1,326/156,950 in_flight=64 done=1,083 skipped=42 failed=201 cards=0.02GB elapsed=5h38m ETA=32 days, 12:52:17
[heartbeat] processed=1,326/156,950 in_flight=64 done=1,083 skipped=42 failed=201 cards=0.02GB elapsed=5h38m ETA=32 days, 14:01:42
[heartbeat] processed=1,326/156,950 in_flight=64 done=1,083 skipped=42 failed=201 cards=0.02GB elapsed=5h39m ETA=32 days, 15:11:07
[heartbeat] processed=1,326/156,950 in_flight=64 done=1,083 skipped=42 failed=201 cards=0.02GB elapsed=5h39m ETA=32 days, 16:20:31
[heartbeat] processed=1,326/156,950 in_flight=64 done=1,083 skipped=42 failed=201 cards=0.02GB elapsed=5h40m ETA=32 days, 17:29:56
[heartbeat] processed=1,331/156,950 in_flight=64 done=1,083 skipped=42 failed=206 cards=0.02GB elapsed=5h40m ETA=32 days, 18:46:35
[heartbeat] processed=1,334/156,950 in_flight=64 done=1,086 skipped=42 failed=206 cards=0.02GB elapsed=5h41m ETA=32 days, 17:59:02
[heartbeat] processed=1,334/156,950 in_flight=64 done=1,086 skipped=42 failed=206 cards=0.02GB elapsed=5h41m ETA=32 days, 19:08:11
[heartbeat] processed=1,337/156,950 in_flight=64 done=1,089 skipped=42 failed=206 cards=0.02GB elapsed=5h42m ETA=32 days, 18:11:39
[heartbeat] processed=1,339/156,950 in_flight=64 done=1,091 skipped=42 failed=206 cards=0.02GB elapsed=5h42m ETA=32 days, 17:57:23
[heartbeat] processed=1,339/156,950 in_flight=64 done=1,091 skipped=42 failed=206 cards=0.02GB elapsed=5h43m ETA=32 days, 19:06:15
[heartbeat] processed=1,339/156,950 in_flight=64 done=1,091 skipped=42 failed=206 cards=0.02GB elapsed=5h43m ETA=32 days, 20:15:10
[heartbeat] processed=1,342/156,950 in_flight=64 done=1,094 skipped=42 failed=206 cards=0.02GB elapsed=5h44m ETA=32 days, 19:27:12
[heartbeat] processed=1,342/156,950 in_flight=64 done=1,094 skipped=42 failed=206 cards=0.02GB elapsed=5h44m ETA=32 days, 20:35:56
[heartbeat] processed=1,342/156,950 in_flight=64 done=1,094 skipped=42 failed=206 cards=0.02GB elapsed=5h45m ETA=32 days, 21:44:38
[heartbeat] processed=1,347/156,950 in_flight=64 done=1,096 skipped=42 failed=209 cards=0.03GB elapsed=5h45m ETA=32 days, 21:30:43
[heartbeat] processed=1,347/156,950 in_flight=64 done=1,096 skipped=42 failed=209 cards=0.03GB elapsed=5h46m ETA=32 days, 22:39:19
[heartbeat] processed=1,347/156,950 in_flight=64 done=1,096 skipped=42 failed=209 cards=0.03GB elapsed=5h46m ETA=32 days, 23:47:56
[heartbeat] processed=1,352/156,950 in_flight=64 done=1,101 skipped=42 failed=209 cards=0.03GB elapsed=5h47m ETA=32 days, 21:31:35
[heartbeat] processed=1,355/156,950 in_flight=64 done=1,104 skipped=42 failed=209 cards=0.03GB elapsed=5h48m ETA=32 days, 20:34:41
[heartbeat] processed=1,355/156,950 in_flight=64 done=1,104 skipped=42 failed=209 cards=0.03GB elapsed=5h48m ETA=32 days, 21:42:48
[heartbeat] processed=1,358/156,950 in_flight=64 done=1,107 skipped=42 failed=209 cards=0.03GB elapsed=5h49m ETA=32 days, 20:54:15
[heartbeat] processed=1,358/156,950 in_flight=64 done=1,107 skipped=42 failed=209 cards=0.03GB elapsed=5h49m ETA=32 days, 22:02:11
[heartbeat] processed=1,358/156,950 in_flight=64 done=1,107 skipped=42 failed=209 cards=0.03GB elapsed=5h50m ETA=32 days, 23:10:05
[heartbeat] processed=1,358/156,950 in_flight=64 done=1,107 skipped=42 failed=209 cards=0.03GB elapsed=5h50m ETA=33 days, 0:18:00
[heartbeat] processed=1,360/156,950 in_flight=64 done=1,107 skipped=42 failed=211 cards=0.03GB elapsed=5h51m ETA=33 days, 1:31:18
[heartbeat] processed=1,363/156,950 in_flight=64 done=1,107 skipped=42 failed=214 cards=0.03GB elapsed=5h51m ETA=33 days, 2:41:31
[heartbeat] processed=1,366/156,950 in_flight=64 done=1,110 skipped=42 failed=214 cards=0.03GB elapsed=5h52m ETA=33 days, 1:47:20
[heartbeat] processed=1,366/156,950 in_flight=64 done=1,110 skipped=42 failed=214 cards=0.03GB elapsed=5h52m ETA=33 days, 2:55:04
[heartbeat] processed=1,368/156,950 in_flight=64 done=1,112 skipped=42 failed=214 cards=0.03GB elapsed=5h53m ETA=33 days, 2:41:03
[heartbeat] processed=1,371/156,950 in_flight=64 done=1,115 skipped=42 failed=214 cards=0.03GB elapsed=5h53m ETA=33 days, 1:50:37
[heartbeat] processed=1,374/156,950 in_flight=64 done=1,118 skipped=42 failed=214 cards=0.03GB elapsed=5h54m ETA=33 days, 0:57:24
[heartbeat] processed=1,374/156,950 in_flight=64 done=1,118 skipped=42 failed=214 cards=0.03GB elapsed=5h54m ETA=33 days, 2:04:41
[heartbeat] processed=1,376/156,950 in_flight=64 done=1,120 skipped=42 failed=214 cards=0.03GB elapsed=5h55m ETA=33 days, 1:57:27
[heartbeat] processed=1,379/156,950 in_flight=64 done=1,123 skipped=42 failed=214 cards=0.03GB elapsed=5h55m ETA=33 days, 1:09:24
[heartbeat] processed=1,382/156,950 in_flight=64 done=1,126 skipped=42 failed=214 cards=0.03GB elapsed=5h56m ETA=33 days, 0:18:30
[heartbeat] processed=1,384/156,950 in_flight=64 done=1,128 skipped=42 failed=214 cards=0.03GB elapsed=5h57m ETA=33 days, 0:14:15
[heartbeat] processed=1,387/156,950 in_flight=64 done=1,131 skipped=42 failed=214 cards=0.03GB elapsed=5h57m ETA=32 days, 23:18:56
[heartbeat] processed=1,390/156,950 in_flight=64 done=1,134 skipped=42 failed=214 cards=0.03GB elapsed=5h58m ETA=32 days, 22:33:55
[heartbeat] processed=1,392/156,950 in_flight=64 done=1,136 skipped=42 failed=214 cards=0.03GB elapsed=5h58m ETA=32 days, 22:22:19
[heartbeat] processed=1,392/156,950 in_flight=64 done=1,136 skipped=42 failed=214 cards=0.03GB elapsed=5h59m ETA=32 days, 23:28:33
[heartbeat] processed=1,392/156,950 in_flight=64 done=1,136 skipped=42 failed=214 cards=0.03GB elapsed=5h59m ETA=33 days, 0:34:49
[heartbeat] processed=1,392/156,950 in_flight=64 done=1,136 skipped=42 failed=214 cards=0.03GB elapsed=6h00m ETA=33 days, 1:41:04
[heartbeat] processed=1,399/156,950 in_flight=64 done=1,143 skipped=42 failed=214 cards=0.03GB elapsed=6h00m ETA=32 days, 22:13:57
[heartbeat] processed=1,400/156,950 in_flight=64 done=1,144 skipped=42 failed=214 cards=0.03GB elapsed=6h01m ETA=32 days, 22:46:51
[heartbeat] processed=1,401/156,950 in_flight=64 done=1,145 skipped=42 failed=214 cards=0.03GB elapsed=6h01m ETA=32 days, 23:18:49
[heartbeat] processed=1,401/156,950 in_flight=64 done=1,145 skipped=42 failed=214 cards=0.03GB elapsed=6h02m ETA=33 days, 0:24:31
[heartbeat] processed=1,401/156,950 in_flight=64 done=1,145 skipped=42 failed=214 cards=0.03GB elapsed=6h02m ETA=33 days, 1:30:15
[heartbeat] processed=1,401/156,950 in_flight=64 done=1,145 skipped=42 failed=214 cards=0.03GB elapsed=6h03m ETA=33 days, 2:36:00
[heartbeat] processed=1,401/156,950 in_flight=64 done=1,145 skipped=42 failed=214 cards=0.03GB elapsed=6h03m ETA=33 days, 3:41:45
[heartbeat] processed=1,408/156,950 in_flight=64 done=1,146 skipped=42 failed=220 cards=0.03GB elapsed=6h04m ETA=33 days, 4:14:57
[heartbeat] processed=1,409/156,950 in_flight=64 done=1,147 skipped=42 failed=220 cards=0.03GB elapsed=6h04m ETA=33 days, 4:47:00
[heartbeat] processed=1,409/156,950 in_flight=64 done=1,147 skipped=42 failed=220 cards=0.03GB elapsed=6h05m ETA=33 days, 5:52:38
[heartbeat] processed=1,410/156,950 in_flight=64 done=1,148 skipped=42 failed=220 cards=0.03GB elapsed=6h05m ETA=33 days, 6:22:34
[heartbeat] processed=1,410/156,950 in_flight=64 done=1,148 skipped=42 failed=220 cards=0.03GB elapsed=6h06m ETA=33 days, 7:28:09
[heartbeat] processed=1,416/156,950 in_flight=64 done=1,154 skipped=42 failed=220 cards=0.03GB elapsed=6h07m ETA=33 days, 4:38:56
[heartbeat] processed=1,416/156,950 in_flight=64 done=1,154 skipped=42 failed=220 cards=0.03GB elapsed=6h07m ETA=33 days, 5:44:13
[heartbeat] processed=1,418/156,950 in_flight=64 done=1,156 skipped=42 failed=220 cards=0.03GB elapsed=6h08m ETA=33 days, 5:36:53
[heartbeat] processed=1,418/156,950 in_flight=64 done=1,156 skipped=42 failed=220 cards=0.03GB elapsed=6h08m ETA=33 days, 6:41:59
[heartbeat] processed=1,418/156,950 in_flight=64 done=1,156 skipped=42 failed=220 cards=0.03GB elapsed=6h09m ETA=33 days, 7:47:07
[heartbeat] processed=1,418/156,950 in_flight=64 done=1,156 skipped=42 failed=220 cards=0.03GB elapsed=6h09m ETA=33 days, 8:52:15
[heartbeat] processed=1,424/156,950 in_flight=64 done=1,162 skipped=42 failed=220 cards=0.03GB elapsed=6h10m ETA=33 days, 5:56:46
[heartbeat] processed=1,424/156,950 in_flight=64 done=1,162 skipped=42 failed=220 cards=0.03GB elapsed=6h10m ETA=33 days, 7:01:34
[heartbeat] processed=1,426/156,950 in_flight=64 done=1,164 skipped=42 failed=220 cards=0.03GB elapsed=6h11m ETA=33 days, 6:52:11
[heartbeat] processed=1,426/156,950 in_flight=64 done=1,164 skipped=42 failed=220 cards=0.03GB elapsed=6h11m ETA=33 days, 7:56:54
[heartbeat] processed=1,432/156,950 in_flight=64 done=1,170 skipped=42 failed=220 cards=0.03GB elapsed=6h12m ETA=33 days, 5:08:40
[heartbeat] processed=1,435/156,950 in_flight=64 done=1,173 skipped=42 failed=220 cards=0.03GB elapsed=6h12m ETA=33 days, 4:19:02
[heartbeat] processed=1,435/156,950 in_flight=64 done=1,173 skipped=42 failed=220 cards=0.03GB elapsed=6h13m ETA=33 days, 5:23:14
[heartbeat] processed=1,435/156,950 in_flight=64 done=1,173 skipped=42 failed=220 cards=0.03GB elapsed=6h13m ETA=33 days, 6:27:28
[heartbeat] processed=1,435/156,950 in_flight=64 done=1,173 skipped=42 failed=220 cards=0.03GB elapsed=6h14m ETA=33 days, 7:31:39
[heartbeat] processed=1,439/156,950 in_flight=64 done=1,177 skipped=42 failed=220 cards=0.03GB elapsed=6h14m ETA=33 days, 5:59:38
[heartbeat] processed=1,439/156,950 in_flight=64 done=1,177 skipped=42 failed=220 cards=0.03GB elapsed=6h15m ETA=33 days, 7:03:40
[heartbeat] processed=1,442/156,950 in_flight=64 done=1,177 skipped=42 failed=223 cards=0.03GB elapsed=6h15m ETA=33 days, 8:12:35
[heartbeat] processed=1,443/156,950 in_flight=64 done=1,177 skipped=42 failed=224 cards=0.03GB elapsed=6h16m ETA=33 days, 9:24:43
[heartbeat] processed=1,444/156,950 in_flight=64 done=1,178 skipped=42 failed=224 cards=0.03GB elapsed=6h16m ETA=33 days, 9:56:26
[heartbeat] processed=1,446/156,950 in_flight=64 done=1,180 skipped=42 failed=224 cards=0.03GB elapsed=6h17m ETA=33 days, 9:44:57
[heartbeat] processed=1,450/156,950 in_flight=64 done=1,184 skipped=42 failed=224 cards=0.03GB elapsed=6h18m ETA=33 days, 8:20:09
[heartbeat] processed=1,450/156,950 in_flight=64 done=1,184 skipped=42 failed=224 cards=0.03GB elapsed=6h18m ETA=33 days, 9:23:47
[heartbeat] processed=1,452/156,950 in_flight=64 done=1,186 skipped=42 failed=224 cards=0.03GB elapsed=6h19m ETA=33 days, 9:08:25
[heartbeat] processed=1,458/156,950 in_flight=64 done=1,192 skipped=42 failed=224 cards=0.03GB elapsed=6h19m ETA=33 days, 6:27:00
[heartbeat] processed=1,459/156,950 in_flight=64 done=1,193 skipped=42 failed=224 cards=0.03GB elapsed=6h20m ETA=33 days, 7:01:04
[heartbeat] processed=1,464/156,950 in_flight=64 done=1,198 skipped=42 failed=224 cards=0.03GB elapsed=6h20m ETA=33 days, 4:56:31
[heartbeat] processed=1,466/156,950 in_flight=64 done=1,200 skipped=42 failed=224 cards=0.03GB elapsed=6h21m ETA=33 days, 4:49:42
[heartbeat] processed=1,468/156,950 in_flight=64 done=1,202 skipped=42 failed=224 cards=0.03GB elapsed=6h21m ETA=33 days, 4:44:20
[heartbeat] processed=1,472/156,950 in_flight=64 done=1,206 skipped=42 failed=224 cards=0.03GB elapsed=6h22m ETA=33 days, 3:21:53
[heartbeat] processed=1,476/156,950 in_flight=64 done=1,210 skipped=42 failed=224 cards=0.03GB elapsed=6h23m ETA=33 days, 1:54:10
[heartbeat] processed=1,478/156,950 in_flight=64 done=1,212 skipped=42 failed=224 cards=0.03GB elapsed=6h23m ETA=33 days, 1:40:33
[heartbeat] processed=1,480/156,950 in_flight=64 done=1,214 skipped=42 failed=224 cards=0.03GB elapsed=6h24m ETA=33 days, 1:30:45
[heartbeat] processed=1,485/156,950 in_flight=64 done=1,219 skipped=42 failed=224 cards=0.03GB elapsed=6h24m ETA=32 days, 23:29:40
[heartbeat] processed=1,487/156,950 in_flight=64 done=1,221 skipped=42 failed=224 cards=0.03GB elapsed=6h25m ETA=32 days, 23:28:46
[heartbeat] processed=1,490/156,950 in_flight=64 done=1,224 skipped=42 failed=224 cards=0.03GB elapsed=6h25m ETA=32 days, 22:37:13
[heartbeat] processed=1,494/156,950 in_flight=64 done=1,228 skipped=42 failed=224 cards=0.03GB elapsed=6h26m ETA=32 days, 21:21:04
[heartbeat] processed=1,495/156,950 in_flight=64 done=1,229 skipped=42 failed=224 cards=0.03GB elapsed=6h26m ETA=32 days, 21:54:29
[1,500/156,950] done=1,234 skipped=42 failed=224 cards=0.03GB elapsed=6h27m ETA=32 days, 20:02:03
[heartbeat] processed=1,500/156,950 in_flight=64 done=1,234 skipped=42 failed=224 cards=0.03GB elapsed=6h27m ETA=32 days, 20:12:20
[heartbeat] processed=1,502/156,950 in_flight=64 done=1,236 skipped=42 failed=224 cards=0.03GB elapsed=6h28m ETA=32 days, 20:07:38
[heartbeat] processed=1,506/156,950 in_flight=64 done=1,240 skipped=42 failed=224 cards=0.03GB elapsed=6h28m ETA=32 days, 18:41:00
[heartbeat] processed=1,508/156,950 in_flight=64 done=1,242 skipped=42 failed=224 cards=0.03GB elapsed=6h29m ETA=32 days, 18:29:25
[heartbeat] processed=1,511/156,950 in_flight=64 done=1,245 skipped=42 failed=224 cards=0.03GB elapsed=6h29m ETA=32 days, 17:48:21
[heartbeat] processed=1,514/156,950 in_flight=64 done=1,248 skipped=42 failed=224 cards=0.03GB elapsed=6h30m ETA=32 days, 16:58:23
[heartbeat] processed=1,518/156,950 in_flight=64 done=1,252 skipped=42 failed=224 cards=0.03GB elapsed=6h30m ETA=32 days, 15:42:59
[heartbeat] processed=1,522/156,950 in_flight=64 done=1,256 skipped=42 failed=224 cards=0.03GB elapsed=6h31m ETA=32 days, 14:23:26
[heartbeat] processed=1,523/156,950 in_flight=64 done=1,257 skipped=42 failed=224 cards=0.03GB elapsed=6h32m ETA=32 days, 14:56:37
[heartbeat] processed=1,530/156,950 in_flight=64 done=1,264 skipped=42 failed=224 cards=0.03GB elapsed=6h32m ETA=32 days, 11:52:40
[heartbeat] processed=1,530/156,950 in_flight=64 done=1,264 skipped=42 failed=224 cards=0.03GB elapsed=6h33m ETA=32 days, 12:52:23
[heartbeat] processed=1,535/156,950 in_flight=64 done=1,269 skipped=42 failed=224 cards=0.03GB elapsed=6h33m ETA=32 days, 10:54:28
[heartbeat] processed=1,538/156,950 in_flight=64 done=1,272 skipped=42 failed=224 cards=0.03GB elapsed=6h34m ETA=32 days, 10:14:52
[heartbeat] processed=1,540/156,950 in_flight=64 done=1,274 skipped=42 failed=224 cards=0.03GB elapsed=6h34m ETA=32 days, 10:03:51
[heartbeat] processed=1,541/156,950 in_flight=64 done=1,275 skipped=42 failed=224 cards=0.03GB elapsed=6h35m ETA=32 days, 10:34:33
[heartbeat] processed=1,548/156,950 in_flight=64 done=1,282 skipped=42 failed=224 cards=0.03GB elapsed=6h35m ETA=32 days, 7:26:42
[heartbeat] processed=1,548/156,950 in_flight=64 done=1,282 skipped=42 failed=224 cards=0.03GB elapsed=6h36m ETA=32 days, 8:25:35
[heartbeat] processed=1,550/156,950 in_flight=64 done=1,284 skipped=42 failed=224 cards=0.03GB elapsed=6h36m ETA=32 days, 8:16:07
[heartbeat] processed=1,556/156,950 in_flight=64 done=1,290 skipped=42 failed=224 cards=0.03GB elapsed=6h37m ETA=32 days, 5:52:37
[heartbeat] processed=1,556/156,950 in_flight=64 done=1,290 skipped=42 failed=224 cards=0.03GB elapsed=6h37m ETA=32 days, 6:51:09
[heartbeat] processed=1,561/156,950 in_flight=64 done=1,295 skipped=42 failed=224 cards=0.03GB elapsed=6h38m ETA=32 days, 5:03:19
[heartbeat] processed=1,564/156,950 in_flight=64 done=1,298 skipped=42 failed=224 cards=0.03GB elapsed=6h39m ETA=32 days, 4:25:05
[heartbeat] processed=1,570/156,950 in_flight=64 done=1,304 skipped=42 failed=224 cards=0.03GB elapsed=6h39m ETA=32 days, 2:03:52
[heartbeat] processed=1,572/156,950 in_flight=64 done=1,306 skipped=42 failed=224 cards=0.03GB elapsed=6h40m ETA=32 days, 1:53:17
[heartbeat] processed=1,572/156,950 in_flight=64 done=1,306 skipped=42 failed=224 cards=0.03GB elapsed=6h55m ETA=33 days, 6:57:23
[heartbeat] processed=1,572/156,950 in_flight=64 done=1,306 skipped=42 failed=224 cards=0.03GB elapsed=7h05m ETA=34 days, 2:07:21
[heartbeat] processed=1,572/156,950 in_flight=64 done=1,306 skipped=42 failed=224 cards=0.03GB elapsed=7h06m ETA=34 days, 4:29:23
[heartbeat] processed=1,572/156,950 in_flight=64 done=1,306 skipped=42 failed=224 cards=0.03GB elapsed=7h07m ETA=34 days, 5:29:28
[heartbeat] processed=1,572/156,950 in_flight=64 done=1,306 skipped=42 failed=224 cards=0.03GB elapsed=7h10m ETA=34 days, 12:51:06
[heartbeat] processed=1,572/156,950 in_flight=64 done=1,306 skipped=42 failed=224 cards=0.03GB elapsed=7h12m ETA=34 days, 16:12:45
[heartbeat] processed=1,574/156,950 in_flight=64 done=1,306 skipped=42 failed=226 cards=0.03GB elapsed=7h13m ETA=34 days, 17:13:18
[heartbeat] processed=1,580/156,950 in_flight=64 done=1,310 skipped=42 failed=228 cards=0.03GB elapsed=7h13m ETA=34 days, 15:51:35
[heartbeat] processed=1,580/156,950 in_flight=64 done=1,310 skipped=42 failed=228 cards=0.03GB elapsed=7h14m ETA=34 days, 17:07:27
[heartbeat] processed=1,580/156,950 in_flight=64 done=1,310 skipped=42 failed=228 cards=0.03GB elapsed=7h31m ETA=36 days, 1:41:31
[heartbeat] processed=1,580/156,950 in_flight=64 done=1,310 skipped=42 failed=228 cards=0.03GB elapsed=7h39m ETA=36 days, 17:14:35
[heartbeat] processed=1,580/156,950 in_flight=64 done=1,310 skipped=42 failed=228 cards=0.03GB elapsed=7h40m ETA=36 days, 19:00:30
[heartbeat] processed=1,580/156,950 in_flight=64 done=1,310 skipped=42 failed=228 cards=0.03GB elapsed=7h41m ETA=36 days, 21:16:18
[heartbeat] processed=1,586/156,950 in_flight=64 done=1,316 skipped=42 failed=228 cards=0.03GB elapsed=7h46m ETA=37 days, 2:50:36
[heartbeat] processed=1,586/156,950 in_flight=64 done=1,316 skipped=42 failed=228 cards=0.03GB elapsed=7h50m ETA=37 days, 9:48:19
[heartbeat] processed=1,586/156,950 in_flight=64 done=1,316 skipped=42 failed=228 cards=0.03GB elapsed=8h00m ETA=38 days, 4:46:06
[heartbeat] processed=1,588/156,950 in_flight=64 done=1,316 skipped=42 failed=230 cards=0.03GB elapsed=8h00m ETA=38 days, 5:51:14
[heartbeat] processed=1,588/156,950 in_flight=64 done=1,316 skipped=42 failed=230 cards=0.03GB elapsed=8h02m ETA=38 days, 8:30:14
[heartbeat] processed=1,588/156,950 in_flight=64 done=1,316 skipped=42 failed=230 cards=0.03GB elapsed=8h02m ETA=38 days, 10:17:32
[heartbeat] processed=1,588/156,950 in_flight=64 done=1,316 skipped=42 failed=230 cards=0.03GB elapsed=8h03m ETA=38 days, 12:01:16
[heartbeat] processed=1,588/156,950 in_flight=64 done=1,316 skipped=42 failed=230 cards=0.03GB elapsed=8h04m ETA=38 days, 13:08:48
[heartbeat] processed=1,588/156,950 in_flight=64 done=1,316 skipped=42 failed=230 cards=0.03GB elapsed=8h04m ETA=38 days, 14:06:11
[heartbeat] processed=1,588/156,950 in_flight=64 done=1,316 skipped=42 failed=230 cards=0.03GB elapsed=8h06m ETA=38 days, 17:04:55
[heartbeat] processed=1,589/156,950 in_flight=64 done=1,317 skipped=42 failed=230 cards=0.03GB elapsed=8h07m ETA=38 days, 17:23:28
[heartbeat] processed=1,590/156,950 in_flight=64 done=1,317 skipped=42 failed=231 cards=0.03GB elapsed=8h07m ETA=38 days, 18:28:03
[heartbeat] processed=1,597/156,950 in_flight=64 done=1,318 skipped=42 failed=237 cards=0.03GB elapsed=8h08m ETA=38 days, 18:46:04
[heartbeat] processed=1,598/156,950 in_flight=64 done=1,319 skipped=42 failed=237 cards=0.03GB elapsed=8h08m ETA=38 days, 19:09:03
[heartbeat] processed=1,604/156,950 in_flight=64 done=1,325 skipped=42 failed=237 cards=0.03GB elapsed=8h09m ETA=38 days, 15:59:55
[heartbeat] processed=1,607/156,950 in_flight=64 done=1,328 skipped=42 failed=237 cards=0.03GB elapsed=8h25m ETA=39 days, 21:35:58
[heartbeat] processed=1,607/156,950 in_flight=64 done=1,328 skipped=42 failed=237 cards=0.03GB elapsed=8h26m ETA=39 days, 22:36:50
[heartbeat] processed=1,609/156,950 in_flight=64 done=1,330 skipped=42 failed=237 cards=0.03GB elapsed=8h33m ETA=40 days, 10:55:02
[heartbeat] processed=1,623/156,950 in_flight=64 done=1,337 skipped=49 failed=237 cards=0.03GB elapsed=8h34m ETA=40 days, 2:05:19
[heartbeat] processed=1,625/156,950 in_flight=64 done=1,339 skipped=49 failed=237 cards=0.03GB elapsed=8h34m ETA=40 days, 1:45:54
[heartbeat] processed=1,629/156,950 in_flight=64 done=1,343 skipped=49 failed=237 cards=0.03GB elapsed=8h35m ETA=39 days, 23:56:21
[heartbeat] processed=1,631/156,950 in_flight=64 done=1,345 skipped=49 failed=237 cards=0.03GB elapsed=8h39m ETA=40 days, 6:27:21
[heartbeat] processed=1,631/156,950 in_flight=64 done=1,345 skipped=49 failed=237 cards=0.03GB elapsed=8h44m ETA=40 days, 16:23:21
[heartbeat] processed=1,633/156,950 in_flight=64 done=1,347 skipped=49 failed=237 cards=0.03GB elapsed=8h45m ETA=40 days, 16:00:14
[heartbeat] processed=1,633/156,950 in_flight=64 done=1,347 skipped=49 failed=237 cards=0.03GB elapsed=8h46m ETA=40 days, 16:56:02
[heartbeat] processed=1,641/156,950 in_flight=64 done=1,355 skipped=49 failed=237 cards=0.03GB elapsed=8h46m ETA=40 days, 12:20:49
[heartbeat] processed=1,641/156,950 in_flight=64 done=1,355 skipped=49 failed=237 cards=0.03GB elapsed=8h47m ETA=40 days, 13:16:19
[heartbeat] processed=1,647/156,950 in_flight=64 done=1,361 skipped=49 failed=237 cards=0.03GB elapsed=8h49m ETA=40 days, 13:41:25
[heartbeat] processed=1,653/156,950 in_flight=64 done=1,367 skipped=49 failed=237 cards=0.03GB elapsed=8h59m ETA=41 days, 3:51:55
[heartbeat] processed=1,653/156,950 in_flight=64 done=1,367 skipped=49 failed=237 cards=0.03GB elapsed=9h00m ETA=41 days, 4:59:48
[heartbeat] processed=1,653/156,950 in_flight=64 done=1,367 skipped=49 failed=237 cards=0.03GB elapsed=9h00m ETA=41 days, 5:57:44
[heartbeat] processed=1,655/156,950 in_flight=64 done=1,369 skipped=49 failed=237 cards=0.03GB elapsed=9h03m ETA=41 days, 8:39:18
[heartbeat] processed=1,655/156,950 in_flight=64 done=1,369 skipped=49 failed=237 cards=0.03GB elapsed=9h03m ETA=41 days, 9:57:19
[heartbeat] processed=1,657/156,950 in_flight=64 done=1,369 skipped=49 failed=239 cards=0.03GB elapsed=9h08m ETA=41 days, 18:55:18
[heartbeat] processed=1,657/156,950 in_flight=64 done=1,369 skipped=49 failed=239 cards=0.03GB elapsed=9h09m ETA=41 days, 21:21:07
[heartbeat] processed=1,659/156,950 in_flight=64 done=1,371 skipped=49 failed=239 cards=0.03GB elapsed=9h10m ETA=41 days, 20:54:08
[heartbeat] processed=1,666/156,950 in_flight=64 done=1,374 skipped=49 failed=243 cards=0.03GB elapsed=9h11m ETA=41 days, 19:54:40
[heartbeat] processed=1,667/156,950 in_flight=64 done=1,375 skipped=49 failed=243 cards=0.03GB elapsed=9h11m ETA=41 days, 20:07:09
[heartbeat] processed=1,668/156,950 in_flight=64 done=1,376 skipped=49 failed=243 cards=0.03GB elapsed=9h12m ETA=41 days, 20:21:36
[heartbeat] processed=1,674/156,950 in_flight=64 done=1,382 skipped=49 failed=243 cards=0.03GB elapsed=9h12m ETA=41 days, 17:02:24
[heartbeat] processed=1,675/156,950 in_flight=64 done=1,383 skipped=49 failed=243 cards=0.03GB elapsed=9h13m ETA=41 days, 17:18:03
[heartbeat] processed=1,678/156,950 in_flight=64 done=1,386 skipped=49 failed=243 cards=0.03GB elapsed=9h13m ETA=41 days, 16:09:33
[heartbeat] processed=1,683/156,950 in_flight=64 done=1,391 skipped=49 failed=243 cards=0.03GB elapsed=9h14m ETA=41 days, 13:34:42
[heartbeat] processed=1,684/156,950 in_flight=64 done=1,392 skipped=49 failed=243 cards=0.03GB elapsed=9h14m ETA=41 days, 13:46:49
[heartbeat] processed=1,687/156,950 in_flight=64 done=1,395 skipped=49 failed=243 cards=0.03GB elapsed=9h15m ETA=41 days, 12:41:29
[heartbeat] processed=1,691/156,950 in_flight=64 done=1,399 skipped=49 failed=243 cards=0.03GB elapsed=9h15m ETA=41 days, 10:53:48
[heartbeat] processed=1,694/156,950 in_flight=64 done=1,402 skipped=49 failed=243 cards=0.03GB elapsed=9h16m ETA=41 days, 9:46:35
[heartbeat] processed=1,699/156,950 in_flight=64 done=1,407 skipped=49 failed=243 cards=0.03GB elapsed=9h16m ETA=41 days, 7:21:34
[heartbeat] processed=1,702/156,950 in_flight=64 done=1,410 skipped=49 failed=243 cards=0.03GB elapsed=9h17m ETA=41 days, 6:19:21
[heartbeat] processed=1,704/156,950 in_flight=64 done=1,412 skipped=49 failed=243 cards=0.03GB elapsed=9h18m ETA=41 days, 5:58:25
[heartbeat] processed=1,708/156,950 in_flight=64 done=1,416 skipped=49 failed=243 cards=0.03GB elapsed=9h18m ETA=41 days, 4:08:48
[heartbeat] processed=1,709/156,950 in_flight=64 done=1,417 skipped=49 failed=243 cards=0.03GB elapsed=9h19m ETA=41 days, 4:26:33
[heartbeat] processed=1,716/156,950 in_flight=64 done=1,424 skipped=49 failed=243 cards=0.03GB elapsed=9h19m ETA=41 days, 0:35:17
[heartbeat] processed=1,717/156,950 in_flight=64 done=1,425 skipped=49 failed=243 cards=0.03GB elapsed=9h20m ETA=41 days, 0:48:34
[heartbeat] processed=1,719/156,950 in_flight=64 done=1,427 skipped=49 failed=243 cards=0.03GB elapsed=9h20m ETA=41 days, 0:20:32
[heartbeat] processed=1,724/156,950 in_flight=64 done=1,432 skipped=49 failed=243 cards=0.03GB elapsed=9h21m ETA=40 days, 21:58:39
[heartbeat] processed=1,725/156,950 in_flight=64 done=1,433 skipped=49 failed=243 cards=0.03GB elapsed=9h21m ETA=40 days, 22:13:41
[heartbeat] processed=1,730/156,950 in_flight=64 done=1,438 skipped=49 failed=243 cards=0.03GB elapsed=9h22m ETA=40 days, 19:49:20
[heartbeat] processed=1,733/156,950 in_flight=64 done=1,441 skipped=49 failed=243 cards=0.03GB elapsed=9h22m ETA=40 days, 18:50:06
[heartbeat] processed=1,737/156,950 in_flight=64 done=1,445 skipped=49 failed=243 cards=0.03GB elapsed=9h23m ETA=40 days, 17:16:13
[heartbeat] processed=1,740/156,950 in_flight=64 done=1,448 skipped=49 failed=243 cards=0.03GB elapsed=9h24m ETA=40 days, 16:19:14
[heartbeat] processed=1,742/156,950 in_flight=64 done=1,450 skipped=49 failed=243 cards=0.03GB elapsed=9h24m ETA=40 days, 16:00:56
[heartbeat] processed=1,747/156,950 in_flight=64 done=1,455 skipped=49 failed=243 cards=0.03GB elapsed=9h25m ETA=40 days, 13:42:52
[heartbeat] processed=1,749/156,950 in_flight=64 done=1,457 skipped=49 failed=243 cards=0.03GB elapsed=9h25m ETA=40 days, 13:24:28
[heartbeat] processed=1,754/156,950 in_flight=64 done=1,462 skipped=49 failed=243 cards=0.03GB elapsed=9h26m ETA=40 days, 11:03:10
[heartbeat] processed=1,756/156,950 in_flight=64 done=1,464 skipped=49 failed=243 cards=0.03GB elapsed=9h26m ETA=40 days, 10:37:19
[heartbeat] processed=1,760/156,950 in_flight=64 done=1,468 skipped=49 failed=243 cards=0.03GB elapsed=9h27m ETA=40 days, 8:59:36
[heartbeat] processed=1,764/156,950 in_flight=64 done=1,472 skipped=49 failed=243 cards=0.03GB elapsed=9h27m ETA=40 days, 7:19:15
[heartbeat] processed=1,768/156,950 in_flight=64 done=1,476 skipped=49 failed=243 cards=0.03GB elapsed=9h28m ETA=40 days, 5:42:38
[heartbeat] processed=1,770/156,950 in_flight=64 done=1,478 skipped=49 failed=243 cards=0.03GB elapsed=9h29m ETA=40 days, 5:23:59
[heartbeat] processed=1,774/156,950 in_flight=64 done=1,482 skipped=49 failed=243 cards=0.03GB elapsed=9h29m ETA=40 days, 3:48:02
[heartbeat] processed=1,778/156,950 in_flight=64 done=1,486 skipped=49 failed=243 cards=0.03GB elapsed=9h30m ETA=40 days, 2:16:16
[heartbeat] processed=1,781/156,950 in_flight=64 done=1,489 skipped=49 failed=243 cards=0.03GB elapsed=9h30m ETA=40 days, 1:19:19
[heartbeat] processed=1,782/156,950 in_flight=64 done=1,490 skipped=49 failed=243 cards=0.03GB elapsed=9h31m ETA=40 days, 1:32:46
[heartbeat] processed=1,788/156,950 in_flight=64 done=1,496 skipped=49 failed=243 cards=0.03GB elapsed=9h31m ETA=39 days, 22:37:10
[heartbeat] processed=1,790/156,950 in_flight=64 done=1,498 skipped=49 failed=243 cards=0.03GB elapsed=9h32m ETA=39 days, 22:16:57
[heartbeat] processed=1,794/156,950 in_flight=64 done=1,502 skipped=49 failed=243 cards=0.03GB elapsed=9h32m ETA=39 days, 20:39:12
[heartbeat] processed=1,797/156,950 in_flight=64 done=1,505 skipped=49 failed=243 cards=0.03GB elapsed=9h33m ETA=39 days, 19:41:19
[heartbeat] processed=1,798/156,950 in_flight=64 done=1,506 skipped=49 failed=243 cards=0.03GB elapsed=9h33m ETA=39 days, 19:58:38
[heartbeat] processed=1,803/156,950 in_flight=64 done=1,511 skipped=49 failed=243 cards=0.03GB elapsed=9h34m ETA=39 days, 17:44:38
[heartbeat] processed=1,806/156,950 in_flight=64 done=1,514 skipped=49 failed=243 cards=0.03GB elapsed=9h35m ETA=39 days, 16:46:12
[heartbeat] processed=1,810/156,950 in_flight=64 done=1,518 skipped=49 failed=243 cards=0.03GB elapsed=9h35m ETA=39 days, 15:09:03
[heartbeat] processed=1,813/156,950 in_flight=64 done=1,521 skipped=49 failed=243 cards=0.03GB elapsed=9h36m ETA=39 days, 14:10:26
[heartbeat] processed=1,814/156,950 in_flight=64 done=1,522 skipped=49 failed=243 cards=0.03GB elapsed=9h36m ETA=39 days, 14:25:21
[heartbeat] processed=1,818/156,950 in_flight=64 done=1,526 skipped=49 failed=243 cards=0.03GB elapsed=9h37m ETA=39 days, 12:54:57
[heartbeat] processed=1,821/156,950 in_flight=64 done=1,529 skipped=49 failed=243 cards=0.03GB elapsed=9h37m ETA=39 days, 11:56:13
[heartbeat] processed=1,823/156,950 in_flight=64 done=1,531 skipped=49 failed=243 cards=0.03GB elapsed=9h38m ETA=39 days, 11:40:07
[heartbeat] processed=1,826/156,950 in_flight=64 done=1,534 skipped=49 failed=243 cards=0.03GB elapsed=9h38m ETA=39 days, 10:41:28
[heartbeat] processed=1,830/156,950 in_flight=64 done=1,538 skipped=49 failed=243 cards=0.03GB elapsed=9h39m ETA=39 days, 9:07:49
[heartbeat] processed=1,833/156,950 in_flight=64 done=1,541 skipped=49 failed=243 cards=0.03GB elapsed=9h39m ETA=39 days, 8:15:41
[heartbeat] processed=1,838/156,950 in_flight=64 done=1,546 skipped=49 failed=243 cards=0.03GB elapsed=9h40m ETA=39 days, 6:18:29
[heartbeat] processed=1,840/156,950 in_flight=64 done=1,548 skipped=49 failed=243 cards=0.03GB elapsed=9h40m ETA=39 days, 5:58:02
[heartbeat] processed=1,844/156,950 in_flight=64 done=1,552 skipped=49 failed=243 cards=0.03GB elapsed=9h41m ETA=39 days, 4:28:26
[heartbeat] processed=1,847/156,950 in_flight=64 done=1,555 skipped=49 failed=243 cards=0.03GB elapsed=9h42m ETA=39 days, 3:32:25
[heartbeat] processed=1,852/156,950 in_flight=64 done=1,560 skipped=49 failed=243 cards=0.03GB elapsed=9h42m ETA=39 days, 1:36:40
[heartbeat] processed=1,854/156,950 in_flight=64 done=1,562 skipped=49 failed=243 cards=0.03GB elapsed=9h43m ETA=39 days, 1:19:08
[heartbeat] processed=1,857/156,950 in_flight=64 done=1,565 skipped=49 failed=243 cards=0.03GB elapsed=9h43m ETA=39 days, 0:25:37
[heartbeat] processed=1,861/156,950 in_flight=64 done=1,569 skipped=49 failed=243 cards=0.03GB elapsed=9h44m ETA=38 days, 22:55:53
[heartbeat] processed=1,864/156,950 in_flight=64 done=1,572 skipped=49 failed=243 cards=0.03GB elapsed=9h44m ETA=38 days, 22:06:37
[heartbeat] processed=1,869/156,950 in_flight=64 done=1,577 skipped=49 failed=243 cards=0.03GB elapsed=9h45m ETA=38 days, 20:01:34
[heartbeat] processed=1,870/156,950 in_flight=64 done=1,578 skipped=49 failed=243 cards=0.03GB elapsed=9h45m ETA=38 days, 20:17:59
[heartbeat] processed=1,874/156,950 in_flight=64 done=1,582 skipped=49 failed=243 cards=0.03GB elapsed=9h46m ETA=38 days, 18:48:16
[heartbeat] processed=1,877/156,950 in_flight=64 done=1,585 skipped=49 failed=243 cards=0.03GB elapsed=9h46m ETA=38 days, 17:54:45
[heartbeat] processed=1,882/156,950 in_flight=64 done=1,590 skipped=49 failed=243 cards=0.03GB elapsed=9h47m ETA=38 days, 16:02:21
[heartbeat] processed=1,885/156,950 in_flight=64 done=1,593 skipped=49 failed=243 cards=0.03GB elapsed=9h48m ETA=38 days, 15:10:53
[heartbeat] processed=1,885/156,950 in_flight=64 done=1,593 skipped=49 failed=243 cards=0.03GB elapsed=9h48m ETA=38 days, 15:58:15
[heartbeat] processed=1,890/156,950 in_flight=64 done=1,598 skipped=49 failed=243 cards=0.03GB elapsed=9h49m ETA=38 days, 13:59:47
[heartbeat] processed=1,893/156,950 in_flight=64 done=1,601 skipped=49 failed=243 cards=0.03GB elapsed=9h49m ETA=38 days, 13:05:50
[heartbeat] processed=1,893/156,950 in_flight=64 done=1,601 skipped=49 failed=243 cards=0.03GB elapsed=9h50m ETA=38 days, 13:52:59
[heartbeat] processed=1,901/156,950 in_flight=64 done=1,609 skipped=49 failed=243 cards=0.03GB elapsed=9h50m ETA=38 days, 10:17:54
[heartbeat] processed=1,901/156,950 in_flight=64 done=1,609 skipped=49 failed=243 cards=0.03GB elapsed=9h51m ETA=38 days, 11:04:50
[heartbeat] processed=1,902/156,950 in_flight=64 done=1,610 skipped=49 failed=243 cards=0.03GB elapsed=9h51m ETA=38 days, 11:23:58
[heartbeat] processed=1,909/156,950 in_flight=64 done=1,617 skipped=49 failed=243 cards=0.03GB elapsed=9h52m ETA=38 days, 8:21:22
[heartbeat] processed=1,909/156,950 in_flight=64 done=1,617 skipped=49 failed=243 cards=0.03GB elapsed=9h52m ETA=38 days, 9:08:05
[heartbeat] processed=1,916/156,950 in_flight=64 done=1,624 skipped=49 failed=243 cards=0.03GB elapsed=9h53m ETA=38 days, 6:07:46
[heartbeat] processed=1,918/156,950 in_flight=64 done=1,626 skipped=49 failed=243 cards=0.03GB elapsed=9h54m ETA=38 days, 5:50:07
[heartbeat] processed=1,924/156,950 in_flight=64 done=1,632 skipped=49 failed=243 cards=0.03GB elapsed=9h54m ETA=38 days, 3:21:38
[heartbeat] processed=1,924/156,950 in_flight=64 done=1,632 skipped=49 failed=243 cards=0.03GB elapsed=9h56m ETA=38 days, 6:32:13
[heartbeat] processed=1,924/156,950 in_flight=64 done=1,632 skipped=49 failed=243 cards=0.03GB elapsed=9h57m ETA=38 days, 7:39:04
[heartbeat] processed=1,924/156,950 in_flight=64 done=1,632 skipped=49 failed=243 cards=0.03GB elapsed=9h57m ETA=38 days, 8:28:21
[heartbeat] processed=1,924/156,950 in_flight=64 done=1,632 skipped=49 failed=243 cards=0.03GB elapsed=9h58m ETA=38 days, 9:16:59
[heartbeat] processed=1,925/156,950 in_flight=64 done=1,633 skipped=49 failed=243 cards=0.03GB elapsed=10h13m ETA=39 days, 8:24:30
[heartbeat] processed=1,925/156,950 in_flight=64 done=1,633 skipped=49 failed=243 cards=0.03GB elapsed=10h31m ETA=40 days, 11:14:53
[heartbeat] processed=1,925/156,950 in_flight=64 done=1,633 skipped=49 failed=243 cards=0.03GB elapsed=10h46m ETA=41 days, 11:06:52
[heartbeat] processed=1,925/156,950 in_flight=64 done=1,633 skipped=49 failed=243 cards=0.03GB elapsed=10h47m ETA=41 days, 11:57:01
[heartbeat] processed=1,926/156,950 in_flight=64 done=1,634 skipped=49 failed=243 cards=0.03GB elapsed=10h47m ETA=41 days, 12:10:47
[heartbeat] processed=1,926/156,950 in_flight=64 done=1,634 skipped=49 failed=243 cards=0.03GB elapsed=10h51m ETA=41 days, 17:13:32
[heartbeat] processed=1,926/156,950 in_flight=64 done=1,634 skipped=49 failed=243 cards=0.03GB elapsed=10h51m ETA=41 days, 18:07:57
[heartbeat] processed=1,929/156,950 in_flight=64 done=1,637 skipped=49 failed=243 cards=0.03GB elapsed=10h52m ETA=41 days, 17:55:28
[heartbeat] processed=1,933/156,950 in_flight=64 done=1,641 skipped=49 failed=243 cards=0.03GB elapsed=10h53m ETA=41 days, 16:23:31
[heartbeat] processed=1,935/156,950 in_flight=64 done=1,643 skipped=49 failed=243 cards=0.03GB elapsed=10h53m ETA=41 days, 15:58:54
[heartbeat] processed=1,937/156,950 in_flight=64 done=1,645 skipped=49 failed=243 cards=0.03GB elapsed=10h54m ETA=41 days, 15:39:03
[heartbeat] processed=1,942/156,950 in_flight=64 done=1,650 skipped=49 failed=243 cards=0.03GB elapsed=10h54m ETA=41 days, 13:27:32
[heartbeat] processed=1,943/156,950 in_flight=64 done=1,651 skipped=49 failed=243 cards=0.03GB elapsed=10h55m ETA=41 days, 13:41:21
[heartbeat] processed=1,945/156,950 in_flight=64 done=1,653 skipped=49 failed=243 cards=0.03GB elapsed=10h56m ETA=41 days, 13:19:39
[heartbeat] processed=1,949/156,950 in_flight=64 done=1,657 skipped=49 failed=243 cards=0.03GB elapsed=10h56m ETA=41 days, 11:50:20
[heartbeat] processed=1,951/156,950 in_flight=64 done=1,659 skipped=49 failed=243 cards=0.03GB elapsed=10h57m ETA=41 days, 11:26:33
[heartbeat] processed=1,955/156,950 in_flight=64 done=1,663 skipped=49 failed=243 cards=0.03GB elapsed=10h57m ETA=41 days, 9:57:08
[heartbeat] processed=1,956/156,950 in_flight=64 done=1,664 skipped=49 failed=243 cards=0.03GB elapsed=10h58m ETA=41 days, 10:12:10
[heartbeat] processed=1,961/156,950 in_flight=64 done=1,669 skipped=49 failed=243 cards=0.03GB elapsed=10h58m ETA=41 days, 8:05:48
[heartbeat] processed=1,964/156,950 in_flight=64 done=1,672 skipped=49 failed=243 cards=0.03GB elapsed=10h59m ETA=41 days, 7:07:15
[heartbeat] processed=1,964/156,950 in_flight=64 done=1,672 skipped=49 failed=243 cards=0.03GB elapsed=10h59m ETA=41 days, 7:52:25
[heartbeat] processed=1,969/156,950 in_flight=64 done=1,677 skipped=49 failed=243 cards=0.03GB elapsed=11h00m ETA=41 days, 5:49:37
[heartbeat] processed=1,972/156,950 in_flight=64 done=1,680 skipped=49 failed=243 cards=0.03GB elapsed=11h00m ETA=41 days, 4:51:23
[heartbeat] processed=1,974/156,950 in_flight=64 done=1,682 skipped=49 failed=243 cards=0.03GB elapsed=11h01m ETA=41 days, 4:32:06
[heartbeat] processed=1,975/156,950 in_flight=64 done=1,683 skipped=49 failed=243 cards=0.03GB elapsed=11h01m ETA=41 days, 4:43:21
[heartbeat] processed=1,980/156,950 in_flight=64 done=1,689 skipped=49 failed=243 cards=0.03GB elapsed=11h02m ETA=41 days, 2:41:47
[heartbeat] processed=1,983/156,950 in_flight=64 done=1,691 skipped=49 failed=243 cards=0.03GB elapsed=11h03m ETA=41 days, 1:52:39
[heartbeat] processed=1,985/156,950 in_flight=64 done=1,693 skipped=49 failed=243 cards=0.03GB elapsed=11h03m ETA=41 days, 1:30:24
[heartbeat] processed=1,989/156,950 in_flight=64 done=1,697 skipped=49 failed=243 cards=0.03GB elapsed=11h04m ETA=41 days, 0:03:51
[heartbeat] processed=1,991/156,950 in_flight=64 done=1,699 skipped=49 failed=243 cards=0.03GB elapsed=11h04m ETA=40 days, 23:39:58
[heartbeat] processed=1,993/156,950 in_flight=64 done=1,701 skipped=49 failed=243 cards=0.03GB elapsed=11h05m ETA=40 days, 23:19:59
[heartbeat] processed=1,996/156,950 in_flight=64 done=1,704 skipped=49 failed=243 cards=0.03GB elapsed=11h05m ETA=40 days, 22:26:52
[heartbeat] processed=1,999/156,950 in_flight=64 done=1,707 skipped=49 failed=243 cards=0.03GB elapsed=11h06m ETA=40 days, 21:35:35
[2,000/156,950] done=1,708 skipped=49 failed=243 cards=0.03GB elapsed=11h06m ETA=40 days, 21:06:31
[heartbeat] processed=2,002/156,950 in_flight=64 done=1,710 skipped=49 failed=243 cards=0.03GB elapsed=11h06m ETA=40 days, 20:45:25
[heartbeat] processed=2,005/156,950 in_flight=64 done=1,713 skipped=49 failed=243 cards=0.03GB elapsed=11h07m ETA=40 days, 19:54:25
[heartbeat] processed=2,007/156,950 in_flight=64 done=1,715 skipped=49 failed=243 cards=0.03GB elapsed=11h08m ETA=40 days, 19:37:03
[heartbeat] processed=2,010/156,950 in_flight=64 done=1,718 skipped=49 failed=243 cards=0.03GB elapsed=11h08m ETA=40 days, 18:42:11
[heartbeat] processed=2,013/156,950 in_flight=64 done=1,721 skipped=49 failed=243 cards=0.03GB elapsed=11h09m ETA=40 days, 17:49:59
[heartbeat] processed=2,016/156,950 in_flight=64 done=1,724 skipped=49 failed=243 cards=0.03GB elapsed=11h09m ETA=40 days, 16:54:42
[heartbeat] processed=2,016/156,950 in_flight=64 done=1,724 skipped=49 failed=243 cards=0.03GB elapsed=11h11m ETA=40 days, 19:16:35
[heartbeat] processed=2,020/156,950 in_flight=64 done=1,728 skipped=49 failed=243 cards=0.03GB elapsed=11h28m ETA=41 days, 18:18:05
[heartbeat] processed=2,021/156,950 in_flight=64 done=1,728 skipped=49 failed=244 cards=0.03GB elapsed=11h29m ETA=41 days, 19:36:58
[heartbeat] processed=2,024/156,950 in_flight=64 done=1,731 skipped=49 failed=244 cards=0.03GB elapsed=11h46m ETA=42 days, 19:02:46
[heartbeat] processed=2,024/156,950 in_flight=64 done=1,731 skipped=49 failed=244 cards=0.03GB elapsed=12h02m ETA=43 days, 18:08:25
[heartbeat] processed=2,024/156,950 in_flight=64 done=1,731 skipped=49 failed=244 cards=0.03GB elapsed=12h07m ETA=44 days, 1:29:18
[heartbeat] processed=2,024/156,950 in_flight=64 done=1,731 skipped=49 failed=244 cards=0.03GB elapsed=12h08m ETA=44 days, 2:12:58
[heartbeat] processed=2,032/156,950 in_flight=64 done=1,738 skipped=49 failed=245 cards=0.03GB elapsed=12h09m ETA=43 days, 23:01:43
[heartbeat] processed=2,032/156,950 in_flight=64 done=1,738 skipped=49 failed=245 cards=0.03GB elapsed=12h09m ETA=43 days, 23:45:12
[heartbeat] processed=2,034/156,950 in_flight=64 done=1,740 skipped=49 failed=245 cards=0.03GB elapsed=12h10m ETA=43 days, 23:18:16
[heartbeat] processed=2,040/156,950 in_flight=64 done=1,746 skipped=49 failed=245 cards=0.03GB elapsed=12h10m ETA=43 days, 20:34:43
[heartbeat] processed=2,040/156,950 in_flight=64 done=1,746 skipped=49 failed=245 cards=0.03GB elapsed=12h11m ETA=43 days, 21:18:01
[heartbeat] processed=2,043/156,950 in_flight=64 done=1,749 skipped=49 failed=245 cards=0.03GB elapsed=12h11m ETA=43 days, 20:16:51
[heartbeat] processed=2,046/156,950 in_flight=64 done=1,752 skipped=49 failed=245 cards=0.03GB elapsed=12h12m ETA=43 days, 19:20:29
[heartbeat] processed=2,049/156,950 in_flight=64 done=1,755 skipped=49 failed=245 cards=0.03GB elapsed=12h12m ETA=43 days, 18:18:13
[heartbeat] processed=2,050/156,950 in_flight=64 done=1,756 skipped=49 failed=245 cards=0.03GB elapsed=12h13m ETA=43 days, 18:29:56
[heartbeat] processed=2,057/156,950 in_flight=64 done=1,763 skipped=49 failed=245 cards=0.03GB elapsed=12h13m ETA=43 days, 15:13:05
[heartbeat] processed=2,059/156,950 in_flight=64 done=1,765 skipped=49 failed=245 cards=0.03GB elapsed=12h14m ETA=43 days, 14:54:08
[heartbeat] processed=2,059/156,950 in_flight=64 done=1,765 skipped=49 failed=245 cards=0.03GB elapsed=12h14m ETA=43 days, 15:36:57
[heartbeat] processed=2,062/156,950 in_flight=64 done=1,768 skipped=49 failed=245 cards=0.03GB elapsed=12h15m ETA=43 days, 14:39:40
[heartbeat] processed=2,065/156,950 in_flight=64 done=1,771 skipped=49 failed=245 cards=0.03GB elapsed=12h16m ETA=43 days, 13:37:56
[heartbeat] processed=2,067/156,950 in_flight=64 done=1,773 skipped=49 failed=245 cards=0.03GB elapsed=12h16m ETA=43 days, 13:17:39
[heartbeat] processed=2,070/156,950 in_flight=64 done=1,776 skipped=49 failed=245 cards=0.03GB elapsed=12h17m ETA=43 days, 12:19:53
[heartbeat] processed=2,074/156,950 in_flight=64 done=1,780 skipped=49 failed=245 cards=0.03GB elapsed=12h17m ETA=43 days, 10:52:25
[heartbeat] processed=2,075/156,950 in_flight=64 done=1,781 skipped=49 failed=245 cards=0.03GB elapsed=12h18m ETA=43 days, 11:07:06
[heartbeat] processed=2,077/156,950 in_flight=64 done=1,783 skipped=49 failed=245 cards=0.03GB elapsed=12h20m ETA=43 days, 12:52:35
[heartbeat] processed=2,078/156,950 in_flight=64 done=1,784 skipped=49 failed=245 cards=0.03GB elapsed=12h20m ETA=43 days, 13:04:01
[heartbeat] processed=2,079/156,950 in_flight=64 done=1,785 skipped=49 failed=245 cards=0.03GB elapsed=12h22m ETA=43 days, 14:29:27
[heartbeat] processed=2,079/156,950 in_flight=64 done=1,785 skipped=49 failed=245 cards=0.03GB elapsed=12h24m ETA=43 days, 17:09:27
[heartbeat] processed=2,079/156,950 in_flight=64 done=1,785 skipped=49 failed=245 cards=0.03GB elapsed=12h40m ETA=44 days, 16:26:37
[heartbeat] processed=2,079/156,950 in_flight=64 done=1,785 skipped=49 failed=245 cards=0.03GB elapsed=12h42m ETA=44 days, 19:16:15
[heartbeat] processed=2,079/156,950 in_flight=64 done=1,785 skipped=49 failed=245 cards=0.03GB elapsed=12h43m ETA=44 days, 20:00:42
[heartbeat] processed=2,079/156,950 in_flight=64 done=1,785 skipped=49 failed=245 cards=0.03GB elapsed=12h46m ETA=44 days, 23:56:58
[heartbeat] processed=2,081/156,950 in_flight=64 done=1,785 skipped=49 failed=247 cards=0.03GB elapsed=13h00m ETA=45 days, 19:44:17
[heartbeat] processed=2,084/156,950 in_flight=64 done=1,786 skipped=49 failed=249 cards=0.03GB elapsed=13h00m ETA=45 days, 19:55:47
[heartbeat] processed=2,085/156,950 in_flight=64 done=1,787 skipped=49 failed=249 cards=0.03GB elapsed=13h01m ETA=45 days, 20:03:32
[heartbeat] processed=2,089/156,950 in_flight=64 done=1,790 skipped=49 failed=250 cards=0.03GB elapsed=13h01m ETA=45 days, 18:59:57
[heartbeat] processed=2,092/156,950 in_flight=64 done=1,793 skipped=49 failed=250 cards=0.03GB elapsed=13h02m ETA=45 days, 17:56:26
[heartbeat] processed=2,095/156,950 in_flight=64 done=1,796 skipped=49 failed=250 cards=0.03GB elapsed=13h02m ETA=45 days, 16:50:43
[heartbeat] processed=2,097/156,950 in_flight=64 done=1,798 skipped=49 failed=250 cards=0.03GB elapsed=13h03m ETA=45 days, 16:22:36
[heartbeat] processed=2,100/156,950 in_flight=64 done=1,801 skipped=49 failed=250 cards=0.03GB elapsed=13h03m ETA=45 days, 15:18:43
[heartbeat] processed=2,103/156,950 in_flight=64 done=1,804 skipped=49 failed=250 cards=0.03GB elapsed=13h04m ETA=45 days, 14:18:43
[heartbeat] processed=2,107/156,950 in_flight=64 done=1,808 skipped=49 failed=250 cards=0.03GB elapsed=13h04m ETA=45 days, 12:38:02
[heartbeat] processed=2,109/156,950 in_flight=64 done=1,810 skipped=49 failed=250 cards=0.03GB elapsed=13h05m ETA=45 days, 12:19:45
[heartbeat] processed=2,113/156,950 in_flight=64 done=1,814 skipped=49 failed=250 cards=0.03GB elapsed=13h06m ETA=45 days, 10:40:10
[heartbeat] processed=2,116/156,950 in_flight=64 done=1,817 skipped=49 failed=250 cards=0.03GB elapsed=13h06m ETA=45 days, 9:40:08
[heartbeat] processed=2,117/156,950 in_flight=64 done=1,818 skipped=49 failed=250 cards=0.03GB elapsed=13h07m ETA=45 days, 9:52:44
[heartbeat] processed=2,120/156,950 in_flight=64 done=1,821 skipped=49 failed=250 cards=0.03GB elapsed=13h07m ETA=45 days, 8:49:43
[heartbeat] processed=2,124/156,950 in_flight=64 done=1,825 skipped=49 failed=250 cards=0.03GB elapsed=13h08m ETA=45 days, 7:14:30
[heartbeat] processed=2,125/156,950 in_flight=64 done=1,826 skipped=49 failed=250 cards=0.03GB elapsed=13h15m ETA=45 days, 16:12:40
[heartbeat] processed=2,126/156,950 in_flight=64 done=1,827 skipped=49 failed=250 cards=0.03GB elapsed=13h15m ETA=45 days, 16:24:38
[heartbeat] processed=2,126/156,950 in_flight=64 done=1,827 skipped=49 failed=250 cards=0.03GB elapsed=13h16m ETA=45 days, 17:08:06
[heartbeat] processed=2,127/156,950 in_flight=64 done=1,828 skipped=49 failed=250 cards=0.03GB elapsed=13h16m ETA=45 days, 17:17:46
[heartbeat] processed=2,129/156,950 in_flight=64 done=1,830 skipped=49 failed=250 cards=0.03GB elapsed=13h17m ETA=45 days, 17:13:49
[heartbeat] processed=2,131/156,950 in_flight=64 done=1,830 skipped=49 failed=252 cards=0.03GB elapsed=13h18m ETA=45 days, 18:00:34
[heartbeat] processed=2,131/156,950 in_flight=64 done=1,830 skipped=49 failed=252 cards=0.03GB elapsed=13h19m ETA=45 days, 19:24:28
[heartbeat] processed=2,132/156,950 in_flight=64 done=1,830 skipped=49 failed=253 cards=0.03GB elapsed=13h19m ETA=45 days, 20:14:50
[heartbeat] processed=2,139/156,950 in_flight=64 done=1,833 skipped=49 failed=257 cards=0.03GB elapsed=13h20m ETA=45 days, 19:17:21
[heartbeat] processed=2,139/156,950 in_flight=64 done=1,833 skipped=49 failed=257 cards=0.03GB elapsed=13h20m ETA=45 days, 19:58:37
[heartbeat] processed=2,140/156,950 in_flight=64 done=1,834 skipped=49 failed=257 cards=0.03GB elapsed=13h21m ETA=45 days, 20:05:40
[heartbeat] processed=2,147/156,950 in_flight=64 done=1,841 skipped=49 failed=257 cards=0.03GB elapsed=13h22m ETA=45 days, 16:41:36
[heartbeat] processed=2,148/156,950 in_flight=64 done=1,842 skipped=49 failed=257 cards=0.03GB elapsed=13h22m ETA=45 days, 16:50:29
[heartbeat] processed=2,148/156,950 in_flight=64 done=1,842 skipped=49 failed=257 cards=0.03GB elapsed=13h23m ETA=45 days, 17:31:33
[heartbeat] processed=2,155/156,950 in_flight=64 done=1,849 skipped=49 failed=257 cards=0.03GB elapsed=13h23m ETA=45 days, 14:19:06
[heartbeat] processed=2,156/156,950 in_flight=64 done=1,850 skipped=49 failed=257 cards=0.03GB elapsed=13h24m ETA=45 days, 14:28:19
[heartbeat] processed=2,159/156,950 in_flight=64 done=1,853 skipped=49 failed=257 cards=0.03GB elapsed=13h24m ETA=45 days, 13:30:48
[heartbeat] processed=2,164/156,950 in_flight=64 done=1,858 skipped=49 failed=257 cards=0.03GB elapsed=13h25m ETA=45 days, 11:21:47
[heartbeat] processed=2,164/156,950 in_flight=64 done=1,858 skipped=49 failed=257 cards=0.03GB elapsed=13h25m ETA=45 days, 12:02:31
[heartbeat] processed=2,167/156,950 in_flight=64 done=1,861 skipped=49 failed=257 cards=0.03GB elapsed=13h26m ETA=45 days, 10:59:41
[heartbeat] processed=2,172/156,950 in_flight=64 done=1,866 skipped=49 failed=257 cards=0.03GB elapsed=13h27m ETA=45 days, 8:56:50
[heartbeat] processed=2,174/156,950 in_flight=64 done=1,868 skipped=49 failed=257 cards=0.03GB elapsed=13h27m ETA=45 days, 8:33:51
[heartbeat] processed=2,176/156,950 in_flight=64 done=1,870 skipped=49 failed=257 cards=0.03GB elapsed=13h28m ETA=45 days, 8:09:51
[heartbeat] processed=2,180/156,950 in_flight=64 done=1,874 skipped=49 failed=257 cards=0.03GB elapsed=13h28m ETA=45 days, 6:34:18
[heartbeat] processed=2,183/156,950 in_flight=64 done=1,877 skipped=49 failed=257 cards=0.03GB elapsed=13h29m ETA=45 days, 5:33:15
[heartbeat] processed=2,186/156,950 in_flight=64 done=1,880 skipped=49 failed=257 cards=0.03GB elapsed=13h29m ETA=45 days, 4:35:13
[heartbeat] processed=2,187/156,950 in_flight=64 done=1,881 skipped=49 failed=257 cards=0.03GB elapsed=13h30m ETA=45 days, 4:42:38
[heartbeat] processed=2,193/156,950 in_flight=64 done=1,887 skipped=49 failed=257 cards=0.03GB elapsed=13h30m ETA=45 days, 2:09:58
[heartbeat] processed=2,195/156,950 in_flight=64 done=1,889 skipped=49 failed=257 cards=0.03GB elapsed=13h31m ETA=45 days, 1:44:58
[heartbeat] processed=2,196/156,950 in_flight=64 done=1,890 skipped=49 failed=257 cards=0.03GB elapsed=13h31m ETA=45 days, 1:51:09
[heartbeat] processed=2,201/156,950 in_flight=64 done=1,895 skipped=49 failed=257 cards=0.03GB elapsed=13h32m ETA=44 days, 23:48:11
[heartbeat] processed=2,203/156,950 in_flight=64 done=1,897 skipped=49 failed=257 cards=0.03GB elapsed=13h33m ETA=44 days, 23:22:25
[heartbeat] processed=2,206/156,950 in_flight=64 done=1,900 skipped=49 failed=257 cards=0.03GB elapsed=13h33m ETA=44 days, 22:23:45
[heartbeat] processed=2,211/156,950 in_flight=64 done=1,905 skipped=49 failed=257 cards=0.03GB elapsed=13h34m ETA=44 days, 20:22:28
[heartbeat] processed=2,212/156,950 in_flight=64 done=1,906 skipped=49 failed=257 cards=0.03GB elapsed=13h34m ETA=44 days, 20:29:10
[heartbeat] processed=2,215/156,950 in_flight=64 done=1,909 skipped=49 failed=257 cards=0.03GB elapsed=13h35m ETA=44 days, 19:28:46
[heartbeat] processed=2,219/156,950 in_flight=64 done=1,913 skipped=49 failed=257 cards=0.03GB elapsed=13h35m ETA=44 days, 18:02:40
[heartbeat] processed=2,222/156,950 in_flight=64 done=1,916 skipped=49 failed=257 cards=0.03GB elapsed=13h36m ETA=44 days, 17:13:46
[heartbeat] processed=2,224/156,950 in_flight=64 done=1,918 skipped=49 failed=257 cards=0.03GB elapsed=13h36m ETA=44 days, 16:49:15
[heartbeat] processed=2,227/156,950 in_flight=64 done=1,921 skipped=49 failed=257 cards=0.03GB elapsed=13h37m ETA=44 days, 15:52:42
[heartbeat] processed=2,231/156,950 in_flight=64 done=1,925 skipped=49 failed=257 cards=0.03GB elapsed=13h38m ETA=44 days, 14:21:15
[heartbeat] processed=2,233/156,950 in_flight=64 done=1,927 skipped=49 failed=257 cards=0.03GB elapsed=13h38m ETA=44 days, 13:56:59
[heartbeat] processed=2,235/156,950 in_flight=64 done=1,929 skipped=49 failed=257 cards=0.03GB elapsed=13h39m ETA=44 days, 13:33:45
[heartbeat] processed=2,240/156,950 in_flight=64 done=1,934 skipped=49 failed=257 cards=0.03GB elapsed=13h39m ETA=44 days, 11:34:42
[heartbeat] processed=2,241/156,950 in_flight=64 done=1,935 skipped=49 failed=257 cards=0.03GB elapsed=13h40m ETA=44 days, 11:46:06
[heartbeat] processed=2,247/156,950 in_flight=64 done=1,941 skipped=49 failed=257 cards=0.03GB elapsed=13h40m ETA=44 days, 9:20:04
[heartbeat] processed=2,249/156,950 in_flight=64 done=1,943 skipped=49 failed=257 cards=0.03GB elapsed=13h41m ETA=44 days, 8:58:13
[heartbeat] processed=2,249/156,950 in_flight=64 done=1,943 skipped=49 failed=257 cards=0.03GB elapsed=13h41m ETA=44 days, 9:37:10
[heartbeat] processed=2,255/156,950 in_flight=64 done=1,949 skipped=49 failed=257 cards=0.03GB elapsed=13h42m ETA=44 days, 7:01:37
[heartbeat] processed=2,258/156,950 in_flight=64 done=1,952 skipped=49 failed=257 cards=0.03GB elapsed=13h42m ETA=44 days, 6:04:01
[heartbeat] processed=2,260/156,950 in_flight=64 done=1,954 skipped=49 failed=257 cards=0.03GB elapsed=13h43m ETA=44 days, 5:41:53
[heartbeat] processed=2,263/156,950 in_flight=64 done=1,957 skipped=49 failed=257 cards=0.03GB elapsed=13h44m ETA=44 days, 4:48:16
[heartbeat] processed=2,267/156,950 in_flight=64 done=1,961 skipped=49 failed=257 cards=0.03GB elapsed=13h44m ETA=44 days, 3:18:31
[heartbeat] processed=2,269/156,950 in_flight=64 done=1,963 skipped=49 failed=257 cards=0.03GB elapsed=13h45m ETA=44 days, 2:53:43
[heartbeat] processed=2,272/156,950 in_flight=64 done=1,966 skipped=49 failed=257 cards=0.03GB elapsed=13h45m ETA=44 days, 2:01:22
[heartbeat] processed=2,277/156,950 in_flight=64 done=1,971 skipped=49 failed=257 cards=0.03GB elapsed=13h46m ETA=44 days, 0:01:03
[heartbeat] processed=2,277/156,950 in_flight=64 done=1,971 skipped=49 failed=257 cards=0.03GB elapsed=13h46m ETA=44 days, 0:39:28
[heartbeat] processed=2,281/156,950 in_flight=64 done=1,975 skipped=49 failed=257 cards=0.03GB elapsed=13h47m ETA=43 days, 23:13:22
[heartbeat] processed=2,285/156,950 in_flight=64 done=1,979 skipped=49 failed=257 cards=0.03GB elapsed=13h47m ETA=43 days, 21:46:04
[heartbeat] processed=2,287/156,950 in_flight=64 done=1,981 skipped=49 failed=257 cards=0.03GB elapsed=13h48m ETA=43 days, 21:28:56
[heartbeat] processed=2,291/156,950 in_flight=64 done=1,985 skipped=49 failed=257 cards=0.03GB elapsed=13h48m ETA=43 days, 20:10:14
[heartbeat] processed=2,293/156,950 in_flight=64 done=1,987 skipped=49 failed=257 cards=0.03GB elapsed=13h49m ETA=43 days, 19:46:24
[heartbeat] processed=2,295/156,950 in_flight=64 done=1,989 skipped=49 failed=257 cards=0.03GB elapsed=13h49m ETA=43 days, 19:27:43
[heartbeat] processed=2,300/156,950 in_flight=64 done=1,994 skipped=49 failed=257 cards=0.03GB elapsed=13h50m ETA=43 days, 17:34:00
[heartbeat] processed=2,302/156,950 in_flight=64 done=1,996 skipped=49 failed=257 cards=0.03GB elapsed=13h51m ETA=43 days, 17:13:53
[heartbeat] processed=2,302/156,950 in_flight=64 done=1,996 skipped=49 failed=257 cards=0.03GB elapsed=13h51m ETA=43 days, 17:51:49
[heartbeat] processed=2,309/156,950 in_flight=64 done=2,003 skipped=49 failed=257 cards=0.03GB elapsed=13h52m ETA=43 days, 14:56:39
[heartbeat] processed=2,311/156,950 in_flight=64 done=2,005 skipped=49 failed=257 cards=0.03GB elapsed=13h52m ETA=43 days, 14:38:00
[heartbeat] processed=2,313/156,950 in_flight=64 done=2,007 skipped=49 failed=257 cards=0.03GB elapsed=13h53m ETA=43 days, 14:21:34
[heartbeat] processed=2,318/156,950 in_flight=64 done=2,012 skipped=49 failed=257 cards=0.03GB elapsed=13h53m ETA=43 days, 12:27:37
[heartbeat] processed=2,318/156,950 in_flight=64 done=2,012 skipped=49 failed=257 cards=0.03GB elapsed=13h54m ETA=43 days, 13:05:15
[heartbeat] processed=2,321/156,950 in_flight=64 done=2,015 skipped=49 failed=257 cards=0.03GB elapsed=13h54m ETA=43 days, 12:13:28
[heartbeat] processed=2,326/156,950 in_flight=64 done=2,020 skipped=49 failed=257 cards=0.03GB elapsed=13h55m ETA=43 days, 10:19:40
[heartbeat] processed=2,327/156,950 in_flight=64 done=2,021 skipped=49 failed=257 cards=0.03GB elapsed=13h56m ETA=43 days, 10:31:41
[heartbeat] processed=2,330/156,950 in_flight=64 done=2,024 skipped=49 failed=257 cards=0.03GB elapsed=13h56m ETA=43 days, 9:41:16
[heartbeat] processed=2,334/156,950 in_flight=64 done=2,028 skipped=49 failed=257 cards=0.03GB elapsed=13h57m ETA=43 days, 8:17:56
[heartbeat] processed=2,336/156,950 in_flight=64 done=2,030 skipped=49 failed=257 cards=0.03GB elapsed=13h57m ETA=43 days, 8:06:18
[heartbeat] processed=2,339/156,950 in_flight=64 done=2,033 skipped=49 failed=257 cards=0.03GB elapsed=13h58m ETA=43 days, 7:14:31
[heartbeat] processed=2,342/156,950 in_flight=64 done=2,036 skipped=49 failed=257 cards=0.03GB elapsed=13h58m ETA=43 days, 6:26:24
[heartbeat] processed=2,344/156,950 in_flight=64 done=2,038 skipped=49 failed=257 cards=0.03GB elapsed=13h59m ETA=43 days, 6:07:47
[heartbeat] processed=2,348/156,950 in_flight=64 done=2,042 skipped=49 failed=257 cards=0.03GB elapsed=14h00m ETA=43 days, 4:55:34
[heartbeat] processed=2,351/156,950 in_flight=64 done=2,045 skipped=49 failed=257 cards=0.03GB elapsed=14h00m ETA=43 days, 4:03:25
[heartbeat] processed=2,353/156,950 in_flight=64 done=2,047 skipped=49 failed=257 cards=0.03GB elapsed=14h01m ETA=43 days, 3:44:44
[heartbeat] processed=2,356/156,950 in_flight=64 done=2,050 skipped=49 failed=257 cards=0.03GB elapsed=14h01m ETA=43 days, 2:54:18
[heartbeat] processed=2,359/156,950 in_flight=64 done=2,053 skipped=49 failed=257 cards=0.03GB elapsed=14h02m ETA=43 days, 2:01:21
[heartbeat] processed=2,362/156,950 in_flight=64 done=2,056 skipped=49 failed=257 cards=0.03GB elapsed=14h02m ETA=43 days, 1:14:04
[heartbeat] processed=2,364/156,950 in_flight=64 done=2,058 skipped=49 failed=257 cards=0.03GB elapsed=14h03m ETA=43 days, 0:56:28
[heartbeat] processed=2,367/156,950 in_flight=64 done=2,061 skipped=49 failed=257 cards=0.03GB elapsed=14h03m ETA=43 days, 0:04:12
[heartbeat] processed=2,370/156,950 in_flight=64 done=2,064 skipped=49 failed=257 cards=0.03GB elapsed=14h04m ETA=42 days, 23:13:34
[heartbeat] processed=2,373/156,950 in_flight=64 done=2,067 skipped=49 failed=257 cards=0.03GB elapsed=14h04m ETA=42 days, 22:22:14
[heartbeat] processed=2,375/156,950 in_flight=64 done=2,069 skipped=49 failed=257 cards=0.03GB elapsed=14h05m ETA=42 days, 22:05:00
[heartbeat] processed=2,376/156,950 in_flight=64 done=2,070 skipped=49 failed=257 cards=0.03GB elapsed=14h07m ETA=42 days, 23:50:18
[heartbeat] processed=2,380/156,950 in_flight=64 done=2,074 skipped=49 failed=257 cards=0.03GB elapsed=14h07m ETA=42 days, 22:30:35
[heartbeat] processed=2,380/156,950 in_flight=64 done=2,074 skipped=49 failed=257 cards=0.03GB elapsed=14h08m ETA=42 days, 23:23:42
[heartbeat] processed=2,386/156,950 in_flight=64 done=2,079 skipped=49 failed=258 cards=0.03GB elapsed=14h09m ETA=42 days, 22:06:45
[heartbeat] processed=2,386/156,950 in_flight=64 done=2,079 skipped=49 failed=258 cards=0.03GB elapsed=14h10m ETA=42 days, 22:44:48
[heartbeat] processed=2,393/156,950 in_flight=64 done=2,086 skipped=49 failed=258 cards=0.03GB elapsed=14h10m ETA=42 days, 20:01:16
[heartbeat] processed=2,393/156,950 in_flight=64 done=2,086 skipped=49 failed=258 cards=0.03GB elapsed=14h11m ETA=42 days, 20:40:37
[heartbeat] processed=2,395/156,950 in_flight=64 done=2,088 skipped=49 failed=258 cards=0.03GB elapsed=14h11m ETA=42 days, 20:19:01
[heartbeat] processed=2,396/156,950 in_flight=64 done=2,089 skipped=49 failed=258 cards=0.03GB elapsed=14h12m ETA=42 days, 20:32:28
[heartbeat] processed=2,398/156,950 in_flight=64 done=2,091 skipped=49 failed=258 cards=0.03GB elapsed=14h13m ETA=42 days, 21:24:27
[heartbeat] processed=2,401/156,950 in_flight=64 done=2,093 skipped=49 failed=259 cards=0.03GB elapsed=14h14m ETA=42 days, 21:02:19
[heartbeat] processed=2,402/156,950 in_flight=64 done=2,094 skipped=49 failed=259 cards=0.03GB elapsed=14h16m ETA=42 days, 22:53:02
[heartbeat] processed=2,406/156,950 in_flight=64 done=2,097 skipped=49 failed=260 cards=0.03GB elapsed=14h17m ETA=42 days, 22:43:28
[heartbeat] processed=2,408/156,950 in_flight=64 done=2,097 skipped=49 failed=262 cards=0.03GB elapsed=14h22m ETA=43 days, 5:28:13
[heartbeat] processed=2,408/156,950 in_flight=64 done=2,097 skipped=49 failed=262 cards=0.03GB elapsed=14h23m ETA=43 days, 6:30:26
[heartbeat] processed=2,409/156,950 in_flight=64 done=2,097 skipped=49 failed=263 cards=0.03GB elapsed=14h24m ETA=43 days, 7:46:00
[heartbeat] processed=2,409/156,950 in_flight=64 done=2,097 skipped=49 failed=263 cards=0.03GB elapsed=14h25m ETA=43 days, 8:52:37
[heartbeat] processed=2,411/156,950 in_flight=64 done=2,097 skipped=49 failed=265 cards=0.03GB elapsed=14h26m ETA=43 days, 10:06:30
[heartbeat] processed=2,411/156,950 in_flight=64 done=2,097 skipped=49 failed=265 cards=0.03GB elapsed=14h27m ETA=43 days, 11:00:34
[heartbeat] processed=2,419/156,950 in_flight=64 done=2,097 skipped=49 failed=273 cards=0.03GB elapsed=14h28m ETA=43 days, 11:42:39
[heartbeat] processed=2,419/156,950 in_flight=64 done=2,097 skipped=49 failed=273 cards=0.03GB elapsed=14h28m ETA=43 days, 12:18:46
[heartbeat] processed=2,419/156,950 in_flight=64 done=2,097 skipped=49 failed=273 cards=0.03GB elapsed=14h29m ETA=43 days, 12:54:54
[heartbeat] processed=2,426/156,950 in_flight=64 done=2,104 skipped=49 failed=273 cards=0.03GB elapsed=14h29m ETA=43 days, 10:05:37
[heartbeat] processed=2,427/156,950 in_flight=64 done=2,105 skipped=49 failed=273 cards=0.03GB elapsed=14h30m ETA=43 days, 10:13:08
[heartbeat] processed=2,428/156,950 in_flight=64 done=2,106 skipped=49 failed=273 cards=0.03GB elapsed=14h30m ETA=43 days, 10:21:25
[heartbeat] processed=2,435/156,950 in_flight=64 done=2,113 skipped=49 failed=273 cards=0.03GB elapsed=14h31m ETA=43 days, 7:37:56
[heartbeat] processed=2,436/156,950 in_flight=64 done=2,114 skipped=49 failed=273 cards=0.03GB elapsed=14h31m ETA=43 days, 7:47:31
[heartbeat] processed=2,436/156,950 in_flight=64 done=2,114 skipped=49 failed=273 cards=0.03GB elapsed=14h32m ETA=43 days, 8:23:21
[heartbeat] processed=2,443/156,950 in_flight=64 done=2,121 skipped=49 failed=273 cards=0.03GB elapsed=14h32m ETA=43 days, 5:35:01
[heartbeat] processed=2,444/156,950 in_flight=64 done=2,122 skipped=49 failed=273 cards=0.03GB elapsed=14h33m ETA=43 days, 5:46:10
[heartbeat] processed=2,444/156,950 in_flight=64 done=2,122 skipped=49 failed=273 cards=0.03GB elapsed=14h33m ETA=43 days, 6:21:53
[heartbeat] processed=2,451/156,950 in_flight=64 done=2,129 skipped=49 failed=273 cards=0.03GB elapsed=14h34m ETA=43 days, 3:37:18
[heartbeat] processed=2,451/156,950 in_flight=64 done=2,129 skipped=49 failed=273 cards=0.03GB elapsed=14h34m ETA=43 days, 4:12:56
[heartbeat] processed=2,452/156,950 in_flight=64 done=2,130 skipped=49 failed=273 cards=0.03GB elapsed=14h35m ETA=43 days, 4:20:30
[heartbeat] processed=2,459/156,950 in_flight=64 done=2,137 skipped=49 failed=273 cards=0.03GB elapsed=14h36m ETA=43 days, 1:39:46
[heartbeat] processed=2,460/156,950 in_flight=64 done=2,138 skipped=49 failed=273 cards=0.03GB elapsed=14h36m ETA=43 days, 1:51:13
[heartbeat] processed=2,464/156,950 in_flight=64 done=2,142 skipped=49 failed=273 cards=0.03GB elapsed=14h37m ETA=43 days, 0:37:23
[heartbeat] processed=2,467/156,950 in_flight=64 done=2,145 skipped=49 failed=273 cards=0.03GB elapsed=14h37m ETA=42 days, 23:47:22
[heartbeat] processed=2,468/156,950 in_flight=64 done=2,146 skipped=49 failed=273 cards=0.03GB elapsed=14h38m ETA=42 days, 23:54:29
[heartbeat] processed=2,472/156,950 in_flight=64 done=2,150 skipped=49 failed=273 cards=0.03GB elapsed=14h38m ETA=42 days, 22:50:31
[heartbeat] processed=2,475/156,950 in_flight=64 done=2,153 skipped=49 failed=273 cards=0.03GB elapsed=14h39m ETA=42 days, 22:00:27
[heartbeat] processed=2,478/156,950 in_flight=64 done=2,156 skipped=49 failed=273 cards=0.03GB elapsed=14h40m ETA=42 days, 21:18:12
[heartbeat] processed=2,481/156,950 in_flight=64 done=2,159 skipped=49 failed=273 cards=0.03GB elapsed=14h40m ETA=42 days, 20:28:43
[heartbeat] processed=2,484/156,950 in_flight=64 done=2,162 skipped=49 failed=273 cards=0.03GB elapsed=14h41m ETA=42 days, 19:41:05
[heartbeat] processed=2,490/156,950 in_flight=64 done=2,168 skipped=49 failed=273 cards=0.03GB elapsed=14h41m ETA=42 days, 17:46:31
[heartbeat] processed=2,492/156,950 in_flight=64 done=2,170 skipped=49 failed=273 cards=0.03GB elapsed=14h42m ETA=42 days, 17:26:45
[heartbeat] processed=2,494/156,950 in_flight=64 done=2,172 skipped=49 failed=273 cards=0.03GB elapsed=14h42m ETA=42 days, 17:05:30
[heartbeat] processed=2,497/156,950 in_flight=64 done=2,175 skipped=49 failed=273 cards=0.03GB elapsed=14h43m ETA=42 days, 16:18:39
[2,500/156,950] done=2,178 skipped=49 failed=273 cards=0.03GB elapsed=14h43m ETA=42 days, 15:17:55
[heartbeat] processed=2,500/156,950 in_flight=64 done=2,178 skipped=49 failed=273 cards=0.03GB elapsed=14h43m ETA=42 days, 15:29:33
[heartbeat] processed=2,502/156,950 in_flight=64 done=2,180 skipped=49 failed=273 cards=0.03GB elapsed=14h44m ETA=42 days, 15:12:15
[heartbeat] processed=2,506/156,950 in_flight=64 done=2,184 skipped=49 failed=273 cards=0.03GB elapsed=14h44m ETA=42 days, 13:57:41
[heartbeat] processed=2,509/156,950 in_flight=64 done=2,187 skipped=49 failed=273 cards=0.03GB elapsed=14h45m ETA=42 days, 13:12:23
[heartbeat] processed=2,512/156,950 in_flight=64 done=2,190 skipped=49 failed=273 cards=0.03GB elapsed=14h46m ETA=42 days, 12:29:52
[heartbeat] processed=2,514/156,950 in_flight=64 done=2,192 skipped=49 failed=273 cards=0.03GB elapsed=14h46m ETA=42 days, 12:14:12
[heartbeat] processed=2,518/156,950 in_flight=64 done=2,196 skipped=49 failed=273 cards=0.03GB elapsed=14h47m ETA=42 days, 10:58:13
[heartbeat] processed=2,521/156,950 in_flight=64 done=2,199 skipped=49 failed=273 cards=0.03GB elapsed=14h47m ETA=42 days, 10:10:54
[heartbeat] processed=2,523/156,950 in_flight=64 done=2,201 skipped=49 failed=273 cards=0.03GB elapsed=14h48m ETA=42 days, 9:55:55
[heartbeat] processed=2,527/156,950 in_flight=64 done=2,205 skipped=49 failed=273 cards=0.03GB elapsed=14h48m ETA=42 days, 8:43:07
[heartbeat] processed=2,529/156,950 in_flight=64 done=2,207 skipped=49 failed=273 cards=0.03GB elapsed=14h49m ETA=42 days, 8:25:52
[heartbeat] processed=2,533/156,950 in_flight=64 done=2,211 skipped=49 failed=273 cards=0.03GB elapsed=14h49m ETA=42 days, 7:11:27
[heartbeat] processed=2,535/156,950 in_flight=64 done=2,213 skipped=49 failed=273 cards=0.03GB elapsed=14h50m ETA=42 days, 6:58:15
[heartbeat] processed=2,538/156,950 in_flight=64 done=2,216 skipped=49 failed=273 cards=0.03GB elapsed=14h51m ETA=42 days, 6:12:46
[heartbeat] processed=2,541/156,950 in_flight=64 done=2,219 skipped=49 failed=273 cards=0.03GB elapsed=14h51m ETA=42 days, 5:30:48
[heartbeat] processed=2,547/156,950 in_flight=64 done=2,225 skipped=49 failed=273 cards=0.03GB elapsed=14h52m ETA=42 days, 3:33:37
[heartbeat] processed=2,548/156,950 in_flight=64 done=2,226 skipped=49 failed=273 cards=0.03GB elapsed=14h52m ETA=42 days, 3:43:08
[heartbeat] processed=2,551/156,950 in_flight=64 done=2,229 skipped=49 failed=273 cards=0.03GB elapsed=14h53m ETA=42 days, 3:04:53
[heartbeat] processed=2,555/156,950 in_flight=64 done=2,233 skipped=49 failed=273 cards=0.03GB elapsed=14h54m ETA=42 days, 1:53:10
[heartbeat] processed=2,556/156,950 in_flight=64 done=2,234 skipped=49 failed=273 cards=0.03GB elapsed=14h54m ETA=42 days, 2:03:28
[heartbeat] processed=2,562/156,950 in_flight=64 done=2,240 skipped=49 failed=273 cards=0.03GB elapsed=14h55m ETA=42 days, 0:10:16
[heartbeat] processed=2,565/156,950 in_flight=64 done=2,243 skipped=49 failed=273 cards=0.03GB elapsed=14h55m ETA=41 days, 23:29:16
[heartbeat] processed=2,567/156,950 in_flight=64 done=2,245 skipped=49 failed=273 cards=0.03GB elapsed=14h56m ETA=41 days, 23:18:51
[heartbeat] processed=2,570/156,950 in_flight=64 done=2,248 skipped=49 failed=273 cards=0.03GB elapsed=14h56m ETA=41 days, 22:33:01
[heartbeat] processed=2,572/156,950 in_flight=64 done=2,250 skipped=49 failed=273 cards=0.03GB elapsed=14h57m ETA=41 days, 22:13:27
[heartbeat] processed=2,575/156,950 in_flight=64 done=2,253 skipped=49 failed=273 cards=0.03GB elapsed=14h58m ETA=41 days, 21:29:26
[heartbeat] processed=2,579/156,950 in_flight=64 done=2,257 skipped=49 failed=273 cards=0.03GB elapsed=14h58m ETA=41 days, 20:17:42
[heartbeat] processed=2,579/156,950 in_flight=64 done=2,257 skipped=49 failed=273 cards=0.03GB elapsed=14h59m ETA=41 days, 20:51:19
[heartbeat] processed=2,583/156,950 in_flight=64 done=2,261 skipped=49 failed=273 cards=0.03GB elapsed=14h59m ETA=41 days, 19:44:18
[heartbeat] processed=2,589/156,950 in_flight=64 done=2,267 skipped=49 failed=273 cards=0.03GB elapsed=15h00m ETA=41 days, 17:42:28
[heartbeat] processed=2,589/156,950 in_flight=64 done=2,267 skipped=49 failed=273 cards=0.03GB elapsed=15h00m ETA=41 days, 18:15:56
[heartbeat] processed=2,592/156,950 in_flight=64 done=2,270 skipped=49 failed=273 cards=0.03GB elapsed=15h01m ETA=41 days, 17:33:48
[heartbeat] processed=2,596/156,950 in_flight=64 done=2,274 skipped=49 failed=273 cards=0.03GB elapsed=15h01m ETA=41 days, 16:27:34
[heartbeat] processed=2,597/156,950 in_flight=64 done=2,275 skipped=49 failed=273 cards=0.03GB elapsed=15h02m ETA=41 days, 16:37:45
[heartbeat] processed=2,599/156,950 in_flight=64 done=2,277 skipped=49 failed=273 cards=0.03GB elapsed=15h02m ETA=41 days, 16:19:29
[heartbeat] processed=2,603/156,950 in_flight=64 done=2,281 skipped=49 failed=273 cards=0.03GB elapsed=15h03m ETA=41 days, 15:10:38
[heartbeat] processed=2,605/156,950 in_flight=64 done=2,283 skipped=49 failed=273 cards=0.03GB elapsed=15h03m ETA=41 days, 14:51:42
[heartbeat] processed=2,612/156,950 in_flight=64 done=2,290 skipped=49 failed=273 cards=0.03GB elapsed=15h04m ETA=41 days, 12:41:07
[heartbeat] processed=2,613/156,950 in_flight=64 done=2,291 skipped=49 failed=273 cards=0.03GB elapsed=15h05m ETA=41 days, 12:51:22
[heartbeat] processed=2,618/156,950 in_flight=64 done=2,296 skipped=49 failed=273 cards=0.03GB elapsed=15h05m ETA=41 days, 11:27:29
[heartbeat] processed=2,620/156,950 in_flight=64 done=2,298 skipped=49 failed=273 cards=0.03GB elapsed=15h06m ETA=41 days, 11:13:28
[heartbeat] processed=2,624/156,950 in_flight=64 done=2,302 skipped=49 failed=273 cards=0.03GB elapsed=15h07m ETA=41 days, 10:09:37
[heartbeat] processed=2,627/156,950 in_flight=64 done=2,305 skipped=49 failed=273 cards=0.03GB elapsed=15h07m ETA=41 days, 9:25:53
[heartbeat] processed=2,631/156,950 in_flight=64 done=2,309 skipped=49 failed=273 cards=0.03GB elapsed=15h08m ETA=41 days, 8:19:37
[heartbeat] processed=2,635/156,950 in_flight=64 done=2,313 skipped=49 failed=273 cards=0.03GB elapsed=15h08m ETA=41 days, 7:10:03
[heartbeat] processed=2,637/156,950 in_flight=64 done=2,315 skipped=49 failed=273 cards=0.03GB elapsed=15h09m ETA=41 days, 6:58:54
[heartbeat] processed=2,638/156,950 in_flight=64 done=2,316 skipped=49 failed=273 cards=0.03GB elapsed=15h09m ETA=41 days, 7:06:13
[heartbeat] processed=2,642/156,950 in_flight=64 done=2,320 skipped=49 failed=273 cards=0.03GB elapsed=15h10m ETA=41 days, 5:59:50
[heartbeat] processed=2,646/156,950 in_flight=64 done=2,324 skipped=49 failed=273 cards=0.03GB elapsed=15h10m ETA=41 days, 4:54:51
[heartbeat] processed=2,648/156,950 in_flight=64 done=2,326 skipped=49 failed=273 cards=0.03GB elapsed=15h11m ETA=41 days, 4:37:04
[heartbeat] processed=2,652/156,950 in_flight=64 done=2,330 skipped=49 failed=273 cards=0.03GB elapsed=15h11m ETA=41 days, 3:29:33
[heartbeat] processed=2,653/156,950 in_flight=64 done=2,331 skipped=49 failed=273 cards=0.03GB elapsed=15h12m ETA=41 days, 3:38:46
[heartbeat] processed=2,655/156,950 in_flight=64 done=2,333 skipped=49 failed=273 cards=0.03GB elapsed=15h12m ETA=41 days, 3:21:34
[heartbeat] processed=2,661/156,950 in_flight=64 done=2,339 skipped=49 failed=273 cards=0.03GB elapsed=15h13m ETA=41 days, 1:28:54
[heartbeat] processed=2,663/156,950 in_flight=64 done=2,341 skipped=49 failed=273 cards=0.03GB elapsed=15h14m ETA=41 days, 1:14:58
[heartbeat] processed=2,666/156,950 in_flight=64 done=2,344 skipped=49 failed=273 cards=0.03GB elapsed=15h14m ETA=41 days, 0:37:03
[heartbeat] processed=2,669/156,950 in_flight=64 done=2,347 skipped=49 failed=273 cards=0.03GB elapsed=15h15m ETA=40 days, 23:57:09
[heartbeat] processed=2,672/156,950 in_flight=64 done=2,350 skipped=49 failed=273 cards=0.03GB elapsed=15h15m ETA=40 days, 23:22:05
[heartbeat] processed=2,676/156,950 in_flight=64 done=2,354 skipped=49 failed=273 cards=0.03GB elapsed=15h16m ETA=40 days, 22:17:30
[heartbeat] processed=2,678/156,950 in_flight=64 done=2,356 skipped=49 failed=273 cards=0.03GB elapsed=15h16m ETA=40 days, 22:04:06
[heartbeat] processed=2,681/156,950 in_flight=64 done=2,359 skipped=49 failed=273 cards=0.03GB elapsed=15h17m ETA=40 days, 21:23:55
[heartbeat] processed=2,685/156,950 in_flight=64 done=2,363 skipped=49 failed=273 cards=0.03GB elapsed=15h18m ETA=40 days, 20:20:48
[heartbeat] processed=2,688/156,950 in_flight=64 done=2,366 skipped=49 failed=273 cards=0.03GB elapsed=15h18m ETA=40 days, 19:43:49
[heartbeat] processed=2,690/156,950 in_flight=64 done=2,368 skipped=49 failed=273 cards=0.03GB elapsed=15h19m ETA=40 days, 19:34:34
[heartbeat] processed=2,694/156,950 in_flight=64 done=2,372 skipped=49 failed=273 cards=0.03GB elapsed=15h19m ETA=40 days, 18:31:00
[heartbeat] processed=2,694/156,950 in_flight=64 done=2,372 skipped=49 failed=273 cards=0.03GB elapsed=15h20m ETA=40 days, 19:02:59
[heartbeat] processed=2,697/156,950 in_flight=64 done=2,375 skipped=49 failed=273 cards=0.03GB elapsed=15h20m ETA=40 days, 18:24:45
[heartbeat] processed=2,702/156,950 in_flight=64 done=2,380 skipped=49 failed=273 cards=0.03GB elapsed=15h21m ETA=40 days, 16:54:24
[heartbeat] processed=2,702/156,950 in_flight=64 done=2,380 skipped=49 failed=273 cards=0.03GB elapsed=15h21m ETA=40 days, 17:26:15
[heartbeat] processed=2,707/156,950 in_flight=64 done=2,385 skipped=49 failed=273 cards=0.03GB elapsed=15h22m ETA=40 days, 15:55:41
[heartbeat] processed=2,709/156,950 in_flight=64 done=2,387 skipped=49 failed=273 cards=0.03GB elapsed=15h22m ETA=40 days, 15:39:20
[heartbeat] processed=2,711/156,950 in_flight=64 done=2,389 skipped=49 failed=273 cards=0.03GB elapsed=15h23m ETA=40 days, 15:22:34
[heartbeat] processed=2,712/156,950 in_flight=64 done=2,390 skipped=49 failed=273 cards=0.03GB elapsed=15h23m ETA=40 days, 15:30:19
[heartbeat] processed=2,718/156,950 in_flight=64 done=2,396 skipped=49 failed=273 cards=0.03GB elapsed=15h24m ETA=40 days, 13:36:49
[heartbeat] processed=2,721/156,950 in_flight=64 done=2,399 skipped=49 failed=273 cards=0.03GB elapsed=15h25m ETA=40 days, 13:01:45
[heartbeat] processed=2,721/156,950 in_flight=64 done=2,399 skipped=49 failed=273 cards=0.03GB elapsed=15h25m ETA=40 days, 13:33:24
[heartbeat] processed=2,727/156,950 in_flight=64 done=2,405 skipped=49 failed=273 cards=0.03GB elapsed=15h26m ETA=40 days, 11:43:34
[heartbeat] processed=2,729/156,950 in_flight=64 done=2,407 skipped=49 failed=273 cards=0.03GB elapsed=15h26m ETA=40 days, 11:31:31
[heartbeat] processed=2,729/156,950 in_flight=64 done=2,407 skipped=49 failed=273 cards=0.03GB elapsed=15h27m ETA=40 days, 12:03:03
[heartbeat] processed=2,735/156,950 in_flight=64 done=2,413 skipped=49 failed=273 cards=0.03GB elapsed=15h27m ETA=40 days, 10:13:28
[heartbeat] processed=2,738/156,950 in_flight=64 done=2,416 skipped=49 failed=273 cards=0.03GB elapsed=15h28m ETA=40 days, 9:38:30
[heartbeat] processed=2,740/156,950 in_flight=64 done=2,418 skipped=49 failed=273 cards=0.03GB elapsed=15h28m ETA=40 days, 9:26:55
[heartbeat] processed=2,745/156,950 in_flight=64 done=2,423 skipped=49 failed=273 cards=0.03GB elapsed=15h29m ETA=40 days, 8:06:40
[heartbeat] processed=2,745/156,950 in_flight=64 done=2,423 skipped=49 failed=273 cards=0.03GB elapsed=15h30m ETA=40 days, 8:37:59
[heartbeat] processed=2,752/156,950 in_flight=64 done=2,430 skipped=49 failed=273 cards=0.03GB elapsed=15h30m ETA=40 days, 6:32:47
[heartbeat] processed=2,753/156,950 in_flight=64 done=2,431 skipped=49 failed=273 cards=0.03GB elapsed=15h31m ETA=40 days, 6:41:22
[heartbeat] processed=2,756/156,950 in_flight=64 done=2,434 skipped=49 failed=273 cards=0.03GB elapsed=15h31m ETA=40 days, 6:03:05
[heartbeat] processed=2,761/156,950 in_flight=64 done=2,439 skipped=49 failed=273 cards=0.03GB elapsed=15h32m ETA=40 days, 4:38:54
[heartbeat] processed=2,762/156,950 in_flight=64 done=2,440 skipped=49 failed=273 cards=0.03GB elapsed=15h32m ETA=40 days, 4:50:22
[heartbeat] processed=2,764/156,950 in_flight=64 done=2,442 skipped=49 failed=273 cards=0.03GB elapsed=15h33m ETA=40 days, 4:35:52
[heartbeat] processed=2,770/156,950 in_flight=64 done=2,448 skipped=49 failed=273 cards=0.03GB elapsed=15h33m ETA=40 days, 2:52:10
[heartbeat] processed=2,770/156,950 in_flight=64 done=2,448 skipped=49 failed=273 cards=0.03GB elapsed=15h34m ETA=40 days, 3:23:10
[heartbeat] processed=2,772/156,950 in_flight=64 done=2,450 skipped=49 failed=273 cards=0.03GB elapsed=15h35m ETA=40 days, 3:07:59
[heartbeat] processed=2,777/156,950 in_flight=64 done=2,455 skipped=49 failed=273 cards=0.03GB elapsed=15h35m ETA=40 days, 1:43:06
[heartbeat] processed=2,778/156,950 in_flight=64 done=2,456 skipped=49 failed=273 cards=0.03GB elapsed=15h36m ETA=40 days, 1:53:35
[heartbeat] processed=2,781/156,950 in_flight=64 done=2,459 skipped=49 failed=273 cards=0.03GB elapsed=15h36m ETA=40 days, 1:17:41
[heartbeat] processed=2,786/156,950 in_flight=64 done=2,464 skipped=49 failed=273 cards=0.03GB elapsed=15h37m ETA=39 days, 23:56:07
[heartbeat] processed=2,788/156,950 in_flight=64 done=2,466 skipped=49 failed=273 cards=0.03GB elapsed=15h37m ETA=39 days, 23:43:17
[heartbeat] processed=2,791/156,950 in_flight=64 done=2,469 skipped=49 failed=273 cards=0.03GB elapsed=15h38m ETA=39 days, 23:10:10
[heartbeat] processed=2,795/156,950 in_flight=64 done=2,473 skipped=49 failed=273 cards=0.03GB elapsed=15h38m ETA=39 days, 22:10:56
[heartbeat] processed=2,797/156,950 in_flight=64 done=2,475 skipped=49 failed=273 cards=0.03GB elapsed=15h39m ETA=39 days, 21:59:28
[heartbeat] processed=2,800/156,950 in_flight=64 done=2,478 skipped=49 failed=273 cards=0.03GB elapsed=15h40m ETA=39 days, 21:25:45
[heartbeat] processed=2,805/156,950 in_flight=64 done=2,483 skipped=49 failed=273 cards=0.03GB elapsed=15h40m ETA=39 days, 20:05:11
[heartbeat] processed=2,805/156,950 in_flight=64 done=2,483 skipped=49 failed=273 cards=0.03GB elapsed=15h41m ETA=39 days, 20:35:45
[heartbeat] processed=2,811/156,950 in_flight=64 done=2,489 skipped=49 failed=273 cards=0.03GB elapsed=15h41m ETA=39 days, 18:53:53
[heartbeat] processed=2,813/156,950 in_flight=64 done=2,491 skipped=49 failed=273 cards=0.03GB elapsed=15h42m ETA=39 days, 18:41:20
[heartbeat] processed=2,813/156,950 in_flight=64 done=2,491 skipped=49 failed=273 cards=0.03GB elapsed=15h42m ETA=39 days, 19:11:47
[heartbeat] processed=2,819/156,950 in_flight=64 done=2,497 skipped=49 failed=273 cards=0.03GB elapsed=15h43m ETA=39 days, 17:27:44
[heartbeat] processed=2,820/156,950 in_flight=64 done=2,498 skipped=49 failed=273 cards=0.03GB elapsed=15h43m ETA=39 days, 17:35:14
[heartbeat] processed=2,823/156,950 in_flight=64 done=2,501 skipped=49 failed=273 cards=0.03GB elapsed=15h44m ETA=39 days, 17:06:19
[heartbeat] processed=2,828/156,950 in_flight=64 done=2,506 skipped=49 failed=273 cards=0.03GB elapsed=15h45m ETA=39 days, 15:46:36
[heartbeat] processed=2,829/156,950 in_flight=64 done=2,507 skipped=49 failed=273 cards=0.03GB elapsed=15h45m ETA=39 days, 15:57:50
[heartbeat] processed=2,834/156,950 in_flight=64 done=2,512 skipped=49 failed=273 cards=0.03GB elapsed=15h46m ETA=39 days, 14:38:53
[heartbeat] processed=2,837/156,950 in_flight=64 done=2,515 skipped=49 failed=273 cards=0.03GB elapsed=15h46m ETA=39 days, 14:05:53
[heartbeat] processed=2,837/156,950 in_flight=64 done=2,515 skipped=49 failed=273 cards=0.03GB elapsed=15h47m ETA=39 days, 14:36:04
[heartbeat] processed=2,842/156,950 in_flight=64 done=2,520 skipped=49 failed=273 cards=0.03GB elapsed=15h47m ETA=39 days, 13:14:23
[heartbeat] processed=2,844/156,950 in_flight=64 done=2,522 skipped=49 failed=273 cards=0.03GB elapsed=15h48m ETA=39 days, 13:00:39
[heartbeat] processed=2,845/156,950 in_flight=64 done=2,523 skipped=49 failed=273 cards=0.03GB elapsed=15h48m ETA=39 days, 13:08:25
[heartbeat] processed=2,848/156,950 in_flight=64 done=2,526 skipped=49 failed=273 cards=0.03GB elapsed=15h49m ETA=39 days, 12:31:42
[heartbeat] processed=2,852/156,950 in_flight=64 done=2,530 skipped=49 failed=273 cards=0.03GB elapsed=15h49m ETA=39 days, 11:33:29
[heartbeat] processed=2,854/156,950 in_flight=64 done=2,532 skipped=49 failed=273 cards=0.03GB elapsed=15h50m ETA=39 days, 11:22:51
[heartbeat] processed=2,856/156,950 in_flight=64 done=2,534 skipped=49 failed=273 cards=0.03GB elapsed=15h50m ETA=39 days, 11:12:23
[heartbeat] processed=2,860/156,950 in_flight=64 done=2,538 skipped=49 failed=273 cards=0.03GB elapsed=15h51m ETA=39 days, 10:14:16
[heartbeat] processed=2,863/156,950 in_flight=64 done=2,541 skipped=49 failed=273 cards=0.03GB elapsed=15h52m ETA=39 days, 9:39:32
[heartbeat] processed=2,866/156,950 in_flight=64 done=2,544 skipped=49 failed=273 cards=0.03GB elapsed=15h52m ETA=39 days, 9:05:14
[heartbeat] processed=2,870/156,950 in_flight=64 done=2,548 skipped=49 failed=273 cards=0.03GB elapsed=15h53m ETA=39 days, 8:10:43
[heartbeat] processed=2,872/156,950 in_flight=64 done=2,550 skipped=49 failed=273 cards=0.03GB elapsed=15h53m ETA=39 days, 7:57:00
[heartbeat] processed=2,876/156,950 in_flight=64 done=2,554 skipped=49 failed=273 cards=0.03GB elapsed=15h54m ETA=39 days, 7:06:11
[heartbeat] processed=2,878/156,950 in_flight=64 done=2,556 skipped=49 failed=273 cards=0.03GB elapsed=15h54m ETA=39 days, 6:52:11
[heartbeat] processed=2,882/156,950 in_flight=64 done=2,560 skipped=49 failed=273 cards=0.03GB elapsed=15h55m ETA=39 days, 5:58:53
[heartbeat] processed=2,884/156,950 in_flight=64 done=2,562 skipped=49 failed=273 cards=0.03GB elapsed=15h55m ETA=39 days, 5:48:29
[heartbeat] processed=2,889/156,950 in_flight=64 done=2,567 skipped=49 failed=273 cards=0.03GB elapsed=15h56m ETA=39 days, 4:34:05
[heartbeat] processed=2,891/156,950 in_flight=64 done=2,569 skipped=49 failed=273 cards=0.03GB elapsed=15h57m ETA=39 days, 4:22:33
[heartbeat] processed=2,894/156,950 in_flight=64 done=2,572 skipped=49 failed=273 cards=0.03GB elapsed=15h57m ETA=39 days, 3:47:34
[heartbeat] processed=2,898/156,950 in_flight=64 done=2,576 skipped=49 failed=273 cards=0.03GB elapsed=15h58m ETA=39 days, 2:50:16
[heartbeat] processed=2,899/156,950 in_flight=64 done=2,577 skipped=49 failed=273 cards=0.03GB elapsed=15h58m ETA=39 days, 3:02:40
[heartbeat] processed=2,903/156,950 in_flight=64 done=2,581 skipped=49 failed=273 cards=0.03GB elapsed=15h59m ETA=39 days, 2:07:17
[heartbeat] processed=2,906/156,950 in_flight=64 done=2,584 skipped=49 failed=273 cards=0.03GB elapsed=15h59m ETA=39 days, 1:35:55
[heartbeat] processed=2,908/156,950 in_flight=64 done=2,586 skipped=49 failed=273 cards=0.03GB elapsed=16h00m ETA=39 days, 1:26:20
[heartbeat] processed=2,913/156,950 in_flight=64 done=2,591 skipped=49 failed=273 cards=0.03GB elapsed=16h01m ETA=39 days, 0:15:26
[heartbeat] processed=2,915/156,950 in_flight=64 done=2,593 skipped=49 failed=273 cards=0.03GB elapsed=16h01m ETA=39 days, 0:03:14
[heartbeat] processed=2,916/156,950 in_flight=64 done=2,594 skipped=49 failed=273 cards=0.03GB elapsed=16h02m ETA=39 days, 0:12:31
[heartbeat] processed=2,921/156,950 in_flight=64 done=2,599 skipped=49 failed=273 cards=0.03GB elapsed=16h02m ETA=38 days, 22:55:11
[heartbeat] processed=2,923/156,950 in_flight=64 done=2,601 skipped=49 failed=273 cards=0.03GB elapsed=16h03m ETA=38 days, 22:43:39
[heartbeat] processed=2,925/156,950 in_flight=64 done=2,603 skipped=49 failed=273 cards=0.03GB elapsed=16h03m ETA=38 days, 22:32:15
[heartbeat] processed=2,929/156,950 in_flight=64 done=2,607 skipped=49 failed=273 cards=0.03GB elapsed=16h04m ETA=38 days, 21:38:35
[heartbeat] processed=2,931/156,950 in_flight=64 done=2,609 skipped=49 failed=273 cards=0.03GB elapsed=16h04m ETA=38 days, 21:25:34
[heartbeat] processed=2,931/156,950 in_flight=64 done=2,609 skipped=49 failed=273 cards=0.03GB elapsed=16h05m ETA=38 days, 21:54:40
[heartbeat] processed=2,935/156,950 in_flight=64 done=2,613 skipped=49 failed=273 cards=0.03GB elapsed=16h05m ETA=38 days, 21:03:16
[heartbeat] processed=2,939/156,950 in_flight=64 done=2,617 skipped=49 failed=273 cards=0.03GB elapsed=16h06m ETA=38 days, 20:08:50
[heartbeat] processed=2,939/156,950 in_flight=64 done=2,617 skipped=49 failed=273 cards=0.03GB elapsed=16h07m ETA=38 days, 20:42:34
[heartbeat] processed=2,946/156,950 in_flight=64 done=2,624 skipped=49 failed=273 cards=0.03GB elapsed=16h07m ETA=38 days, 18:46:58
[heartbeat] processed=2,947/156,950 in_flight=64 done=2,625 skipped=49 failed=273 cards=0.03GB elapsed=16h08m ETA=38 days, 18:56:56
[heartbeat] processed=2,949/156,950 in_flight=64 done=2,627 skipped=49 failed=273 cards=0.03GB elapsed=16h08m ETA=38 days, 18:44:41
[heartbeat] processed=2,954/156,950 in_flight=64 done=2,632 skipped=49 failed=273 cards=0.03GB elapsed=16h09m ETA=38 days, 17:31:11
[heartbeat] processed=2,955/156,950 in_flight=64 done=2,633 skipped=49 failed=273 cards=0.03GB elapsed=16h09m ETA=38 days, 17:39:02
[heartbeat] processed=2,957/156,950 in_flight=64 done=2,635 skipped=49 failed=273 cards=0.03GB elapsed=16h10m ETA=38 days, 17:26:12
[heartbeat] processed=2,963/156,950 in_flight=64 done=2,641 skipped=49 failed=273 cards=0.03GB elapsed=16h10m ETA=38 days, 15:52:36
[heartbeat] processed=2,963/156,950 in_flight=64 done=2,641 skipped=49 failed=273 cards=0.03GB elapsed=16h11m ETA=38 days, 16:21:20
[heartbeat] processed=2,966/156,950 in_flight=64 done=2,644 skipped=49 failed=273 cards=0.03GB elapsed=16h11m ETA=38 days, 15:50:21
[heartbeat] processed=2,971/156,950 in_flight=64 done=2,649 skipped=49 failed=273 cards=0.03GB elapsed=16h12m ETA=38 days, 14:36:14
[heartbeat] processed=2,971/156,950 in_flight=64 done=2,649 skipped=49 failed=273 cards=0.03GB elapsed=16h12m ETA=38 days, 15:04:53
[heartbeat] processed=2,973/156,950 in_flight=64 done=2,651 skipped=49 failed=273 cards=0.03GB elapsed=16h13m ETA=38 days, 14:53:19
[heartbeat] processed=2,978/156,950 in_flight=64 done=2,656 skipped=49 failed=273 cards=0.03GB elapsed=16h13m ETA=38 days, 13:38:51
[heartbeat] processed=2,980/156,950 in_flight=64 done=2,658 skipped=49 failed=273 cards=0.03GB elapsed=16h14m ETA=38 days, 13:25:37
[heartbeat] processed=2,980/156,950 in_flight=64 done=2,658 skipped=49 failed=273 cards=0.03GB elapsed=16h14m ETA=38 days, 13:54:10
[heartbeat] processed=2,984/156,950 in_flight=64 done=2,662 skipped=49 failed=273 cards=0.03GB elapsed=16h15m ETA=38 days, 13:03:57
[heartbeat] processed=2,989/156,950 in_flight=64 done=2,667 skipped=49 failed=273 cards=0.03GB elapsed=16h16m ETA=38 days, 11:55:51
[heartbeat] processed=2,990/156,950 in_flight=64 done=2,668 skipped=49 failed=273 cards=0.03GB elapsed=16h16m ETA=38 days, 12:07:29
[heartbeat] processed=2,992/156,950 in_flight=64 done=2,670 skipped=49 failed=273 cards=0.03GB elapsed=16h17m ETA=38 days, 11:55:52
[heartbeat] processed=2,997/156,950 in_flight=64 done=2,675 skipped=49 failed=273 cards=0.03GB elapsed=16h17m ETA=38 days, 10:40:39
[heartbeat] processed=2,997/156,950 in_flight=64 done=2,675 skipped=49 failed=273 cards=0.03GB elapsed=16h18m ETA=38 days, 11:09:02
[3,000/156,950] done=2,678 skipped=49 failed=273 cards=0.03GB elapsed=16h18m ETA=38 days, 10:31:58
[heartbeat] processed=3,000/156,950 in_flight=64 done=2,678 skipped=49 failed=273 cards=0.03GB elapsed=16h18m ETA=38 days, 10:36:44
[heartbeat] processed=3,006/156,950 in_flight=64 done=2,684 skipped=49 failed=273 cards=0.03GB elapsed=16h19m ETA=38 days, 9:09:17
[heartbeat] processed=3,007/156,950 in_flight=64 done=2,685 skipped=49 failed=273 cards=0.04GB elapsed=16h20m ETA=38 days, 9:20:37
[heartbeat] processed=3,009/156,950 in_flight=64 done=2,687 skipped=49 failed=273 cards=0.04GB elapsed=16h20m ETA=38 days, 9:12:21
[heartbeat] processed=3,013/156,950 in_flight=64 done=2,691 skipped=49 failed=273 cards=0.04GB elapsed=16h21m ETA=38 days, 8:21:51
[heartbeat] processed=3,016/156,950 in_flight=64 done=2,694 skipped=49 failed=273 cards=0.04GB elapsed=16h21m ETA=38 days, 7:52:09
[heartbeat] processed=3,017/156,950 in_flight=64 done=2,695 skipped=49 failed=273 cards=0.04GB elapsed=16h22m ETA=38 days, 8:01:07
[heartbeat] processed=3,021/156,950 in_flight=64 done=2,699 skipped=49 failed=273 cards=0.04GB elapsed=16h22m ETA=38 days, 7:11:15
[heartbeat] processed=3,025/156,950 in_flight=64 done=2,703 skipped=49 failed=273 cards=0.04GB elapsed=16h23m ETA=38 days, 6:23:33
[heartbeat] processed=3,027/156,950 in_flight=64 done=2,705 skipped=49 failed=273 cards=0.04GB elapsed=16h23m ETA=38 days, 6:12:11
[heartbeat] processed=3,029/156,950 in_flight=64 done=2,707 skipped=49 failed=273 cards=0.04GB elapsed=16h24m ETA=38 days, 6:02:33
[heartbeat] processed=3,033/156,950 in_flight=64 done=2,711 skipped=49 failed=273 cards=0.04GB elapsed=16h25m ETA=38 days, 5:09:19
[heartbeat] processed=3,033/156,950 in_flight=64 done=2,711 skipped=49 failed=273 cards=0.04GB elapsed=16h25m ETA=38 days, 5:37:19
[heartbeat] processed=3,037/156,950 in_flight=64 done=2,715 skipped=49 failed=273 cards=0.04GB elapsed=16h26m ETA=38 days, 4:48:48
[heartbeat] processed=3,041/156,950 in_flight=64 done=2,719 skipped=49 failed=273 cards=0.04GB elapsed=16h26m ETA=38 days, 3:59:29
[heartbeat] processed=3,045/156,950 in_flight=64 done=2,723 skipped=49 failed=273 cards=0.04GB elapsed=16h27m ETA=38 days, 3:11:54
[heartbeat] processed=3,046/156,950 in_flight=64 done=2,724 skipped=49 failed=273 cards=0.04GB elapsed=16h27m ETA=38 days, 3:19:33
[heartbeat] processed=3,050/156,950 in_flight=64 done=2,728 skipped=49 failed=273 cards=0.04GB elapsed=16h28m ETA=38 days, 2:29:53
[heartbeat] processed=3,053/156,950 in_flight=64 done=2,731 skipped=49 failed=273 cards=0.04GB elapsed=16h28m ETA=38 days, 2:00:24
[heartbeat] processed=3,058/156,950 in_flight=64 done=2,736 skipped=49 failed=273 cards=0.04GB elapsed=16h29m ETA=38 days, 0:51:34
[heartbeat] processed=3,060/156,950 in_flight=64 done=2,738 skipped=49 failed=273 cards=0.04GB elapsed=16h30m ETA=38 days, 0:44:30
[heartbeat] processed=3,063/156,950 in_flight=64 done=2,741 skipped=49 failed=273 cards=0.04GB elapsed=16h30m ETA=38 days, 0:16:09
[heartbeat] processed=3,066/156,950 in_flight=64 done=2,744 skipped=49 failed=273 cards=0.04GB elapsed=16h31m ETA=37 days, 23:48:30
[heartbeat] processed=3,068/156,950 in_flight=64 done=2,746 skipped=49 failed=273 cards=0.04GB elapsed=16h31m ETA=37 days, 23:38:47
[heartbeat] processed=3,073/156,950 in_flight=64 done=2,751 skipped=49 failed=273 cards=0.04GB elapsed=16h32m ETA=37 days, 22:36:04
[heartbeat] processed=3,076/156,950 in_flight=64 done=2,754 skipped=49 failed=273 cards=0.04GB elapsed=16h32m ETA=37 days, 22:07:22
[heartbeat] processed=3,078/156,950 in_flight=64 done=2,756 skipped=49 failed=273 cards=0.04GB elapsed=16h33m ETA=37 days, 21:57:21
[heartbeat] processed=3,082/156,950 in_flight=64 done=2,760 skipped=49 failed=273 cards=0.04GB elapsed=16h34m ETA=37 days, 21:07:31
[heartbeat] processed=3,084/156,950 in_flight=64 done=2,762 skipped=49 failed=273 cards=0.04GB elapsed=16h34m ETA=37 days, 20:59:41
[heartbeat] processed=3,086/156,950 in_flight=64 done=2,764 skipped=49 failed=273 cards=0.04GB elapsed=16h35m ETA=37 days, 20:49:08
[heartbeat] processed=3,089/156,950 in_flight=64 done=2,767 skipped=49 failed=273 cards=0.04GB elapsed=16h35m ETA=37 days, 20:21:52
[heartbeat] processed=3,092/156,950 in_flight=64 done=2,770 skipped=49 failed=273 cards=0.04GB elapsed=16h36m ETA=37 days, 19:53:19
[heartbeat] processed=3,094/156,950 in_flight=64 done=2,772 skipped=49 failed=273 cards=0.04GB elapsed=16h36m ETA=37 days, 19:43:10
[heartbeat] processed=3,098/156,950 in_flight=64 done=2,776 skipped=49 failed=273 cards=0.04GB elapsed=16h37m ETA=37 days, 18:55:19
[heartbeat] processed=3,101/156,950 in_flight=64 done=2,779 skipped=49 failed=273 cards=0.04GB elapsed=16h37m ETA=37 days, 18:27:02
[heartbeat] processed=3,101/156,950 in_flight=64 done=2,779 skipped=49 failed=273 cards=0.04GB elapsed=16h38m ETA=37 days, 18:54:21
[heartbeat] processed=3,106/156,950 in_flight=64 done=2,784 skipped=49 failed=273 cards=0.04GB elapsed=16h39m ETA=37 days, 17:46:24
[heartbeat] processed=3,109/156,950 in_flight=64 done=2,787 skipped=49 failed=273 cards=0.04GB elapsed=16h39m ETA=37 days, 17:19:00
[heartbeat] processed=3,111/156,950 in_flight=64 done=2,789 skipped=49 failed=273 cards=0.04GB elapsed=16h40m ETA=37 days, 17:08:24
[heartbeat] processed=3,113/156,950 in_flight=64 done=2,791 skipped=49 failed=273 cards=0.04GB elapsed=16h40m ETA=37 days, 16:59:38
[heartbeat] processed=3,118/156,950 in_flight=64 done=2,796 skipped=49 failed=273 cards=0.04GB elapsed=16h41m ETA=37 days, 15:56:48
[heartbeat] processed=3,120/156,950 in_flight=64 done=2,798 skipped=49 failed=273 cards=0.04GB elapsed=16h41m ETA=37 days, 15:46:43
[heartbeat] processed=3,125/156,950 in_flight=64 done=2,803 skipped=49 failed=273 cards=0.04GB elapsed=16h42m ETA=37 days, 14:42:33
[heartbeat] processed=3,127/156,950 in_flight=64 done=2,805 skipped=49 failed=273 cards=0.04GB elapsed=16h43m ETA=37 days, 14:35:15
[heartbeat] processed=3,128/156,950 in_flight=64 done=2,806 skipped=49 failed=273 cards=0.04GB elapsed=16h43m ETA=37 days, 14:43:05
[heartbeat] processed=3,133/156,950 in_flight=64 done=2,811 skipped=49 failed=273 cards=0.04GB elapsed=16h44m ETA=37 days, 13:37:30
[heartbeat] processed=3,135/156,950 in_flight=64 done=2,813 skipped=49 failed=273 cards=0.04GB elapsed=16h44m ETA=37 days, 13:29:37
[heartbeat] processed=3,135/156,950 in_flight=64 done=2,813 skipped=49 failed=273 cards=0.04GB elapsed=16h45m ETA=37 days, 13:56:37
[heartbeat] processed=3,137/156,950 in_flight=64 done=2,815 skipped=49 failed=273 cards=0.04GB elapsed=16h45m ETA=37 days, 13:48:15
[heartbeat] processed=3,143/156,950 in_flight=64 done=2,821 skipped=49 failed=273 cards=0.04GB elapsed=16h46m ETA=37 days, 12:24:08