ra,dec,mjd,w1mpro_ep,w1sigmpro_ep,w2mpro_ep,w2sigmpro_ep,w1flux_ep,w1sigflux_ep,w2flux_ep,w2sigflux_ep,cc_flags,qi_fact,saa_sep,moon_masked,nb,source_table,w1mpro,w1sigmpro,w2mpro,w2sigmpro,w1snr,w2snr,w1flux,w1sigflux,w2flux,w2sigflux,ph_qual
271.7111632,69.8244763,55450.2923843,10.104,0.026,9.233,0.019,14405.136,344.409,12783.795,218.384,0000,1.0,116.0,0000,1,allwise,,,,,,,,,,,
271.7111632,69.8244763,55450.0277761,10.095,0.021,9.223,0.022,14521.13,285.134,12906.256,263.966,0000,1.0,90.0,0000,1,allwise,,,,,,,,,,,
271.7111632,69.8244763,55450.5568652,10.081,0.025,9.222,0.022,14706.346,341.481,12923.378,259.614,0000,1.0,90.0,0000,1,allwise,,,,,,,,,,,
271.7111632,69.8244763,55450.8214734,10.139,0.024,9.233,0.025,13950.823,314.293,12785.218,298.483,0000,1.0,76.0,0000,1,allwise,,,,,,,,,,,
271.7111632,69.8244763,55450.8874344,10.108,0.023,9.24,0.028,14354.068,307.623,12706.817,331.783,0000,1.0,76.0,0000,1,allwise,,,,,,,,,,,
271.7111632,69.8244763,55450.9537775,10.063,0.027,9.242,0.019,14957.23,366.977,12677.69,217.579,0000,1.0,82.0,0000,1,allwise,,,,,,,,,,,
271.7111632,69.8244763,55451.4828666,10.07,0.023,9.224,0.024,14857.196,320.684,12898.347,290.895,0000,1.0,99.0,0000,1,allwise,,,,,,,,,,,
271.7111632,69.8244763,55451.5488276,10.089,0.021,9.227,0.016,14605.265,289.094,12857.465,192.189,0000,1.0,91.0,0000,1,allwise,,,,,,,,,,,
271.7111632,69.8244763,55451.7473474,10.078,0.024,9.187,0.019,14748.675,325.013,13345.173,232.225,0000,1.0,75.0,0000,1,allwise,,,,,,,,,,,
271.7111632,69.8244763,55249.388211,10.036,0.022,9.216,0.015,15337.632,312.996,12987.782,177.62,0000,1.0,78.0,0000,1,allwise,,,,,,,,,,,
271.7111632,69.8244763,55254.0197426,10.11,0.02,9.264,0.017,14328.453,267.404,12432.475,189.498,0000,1.0,107.0,0000,1,allwise,,,,,,,,,,,
271.7111632,69.8244763,55254.2843507,10.108,0.034,9.274,0.021,14342.381,449.554,12312.317,235.179,0000,1.0,81.0,0000,1,allwise,,,,,,,,,,,
271.7111632,69.8244763,55254.2844781,10.143,0.024,9.236,0.027,13887.977,311.301,12749.846,317.546,0000,1.0,80.0,0000,1,allwise,,,,,,,,,,,
271.7111632,69.8244763,55254.5490862,10.118,0.023,9.295,0.022,14216.003,298.981,12083.663,243.686,0000,1.0,82.0,0000,1,allwise,,,,,,,,,,,
271.7111632,69.8244763,55254.8136943,10.114,0.023,9.246,0.015,14264.021,301.759,12629.982,173.217,0000,1.0,109.0,0000,1,allwise,,,,,,,,,,,
271.7111632,69.8244763,55255.343038,10.177,0.024,9.246,0.027,13466.072,293.005,12633.866,315.716,0000,1.0,78.0,0000,1,allwise,,,,,,,,,,,
271.7111632,69.8244763,55255.8723816,10.114,0.022,9.248,0.031,14271.804,292.518,12612.747,355.728,0000,1.0,114.0,0000,1,allwise,,,,,,,,,,,
271.7111632,69.8244763,55447.6468133,10.168,0.032,9.303,0.019,13575.538,401.244,11989.198,210.179,0000,1.0,80.0,0000,1,allwise,,,,,,,,,,,
271.7111632,69.8244763,55447.8449512,10.35,0.031,,,11486.769,326.701,,,0000,1.0,75.0,0000,1,allwise,,,,,,,,,,,
271.7111632,69.8244763,55448.1095595,10.149,0.025,9.313,0.025,13813.949,320.918,11874.545,268.157,0000,1.0,100.0,0000,1,allwise,,,,,,,,,,,
271.7111632,69.8244763,55448.3741678,10.15,0.025,9.257,0.02,13807.789,319.781,12513.64,234.036,0000,1.0,112.0,0000,1,allwise,,,,,,,,,,,
271.7111632,69.8244763,55448.5064699,10.114,0.023,9.294,0.02,14273.776,301.295,12091.431,225.858,0000,0.5,96.0,0000,1,allwise,,,,,,,,,,,
271.7111632,69.8244763,55448.5726856,10.132,0.022,9.265,0.025,14031.758,287.694,12416.791,288.426,0000,1.0,88.0,0000,1,allwise,,,,,,,,,,,
271.7111632,69.8244763,55448.6386466,10.122,0.027,9.254,0.02,14162.398,351.088,12541.241,235.791,0000,1.0,80.0,0000,1,allwise,,,,,,,,,,,
271.7111632,69.8244763,55448.7049897,10.116,0.024,9.254,0.023,14237.334,321.138,12539.077,267.41,0000,1.0,76.0,0000,1,allwise,,,,,,,,,,,
271.7111632,69.8244763,55448.9032549,10.131,0.022,9.272,0.021,14050.035,288.603,12338.593,238.722,0000,1.0,77.0,0000,1,allwise,,,,,,,,,,,
271.7111632,69.8244763,55448.969598,10.122,0.028,9.25,0.024,14166.542,368.321,12583.639,282.038,0000,1.0,83.0,0000,1,allwise,,,,,,,,,,,
271.7111632,69.8244763,55449.035559,10.11,0.022,9.251,0.021,14328.149,285.311,12578.231,241.435,0000,1.0,90.0,0000,1,allwise,,,,,,,,,,,
271.7111632,69.8244763,55449.1017747,10.065,0.031,9.261,0.023,14931.21,429.448,12465.341,260.98,0000,1.0,99.0,0000,1,allwise,,,,,,,,,,,
271.7111632,69.8244763,55449.1678631,10.116,0.031,9.269,0.021,14241.672,400.342,12372.924,237.296,0000,1.0,107.0,0000,1,allwise,,,,,,,,,,,
271.7111632,69.8244763,55449.432344,10.089,0.028,9.266,0.028,14604.041,380.909,12404.058,324.965,0000,1.0,106.0,0000,1,allwise,,,,,,,,,,,
271.7111632,69.8244763,55449.498687,10.089,0.02,9.271,0.023,14596.89,272.279,12349.752,262.057,0000,1.0,97.0,0000,1,allwise,,,,,,,,,,,
271.7111632,69.8244763,55449.564648,10.191,0.027,9.237,0.02,13287.11,328.187,12740.579,234.265,0000,1.0,89.0,0000,1,allwise,,,,,,,,,,,
271.7111632,69.8244763,55449.7632952,10.002,0.026,9.241,0.024,15826.972,372.416,12697.765,281.553,0000,1.0,75.0,0000,1,allwise,,,,,,,,,,,
271.7111632,69.8244763,55449.8292563,10.141,0.032,9.234,0.02,13922.64,406.84,12777.739,231.746,0000,1.0,75.0,0000,1,allwise,,,,,,,,,,,
271.7111632,69.8244763,55450.3583454,10.076,0.028,9.243,0.028,14778.005,383.535,12670.991,324.889,0000,1.0,114.0,0000,1,allwise,,,,,,,,,,,
271.7111632,69.8244763,55262.2241153,10.169,0.025,9.32,0.026,13565.521,312.104,11803.023,281.909,0000,1.0,84.0,0000,1,allwise,,,,,,,,,,,
271.7111632,69.8244763,55260.5037815,10.176,0.028,9.273,0.022,13477.642,343.069,12326.604,253.54,0000,1.0,79.0,0000,1,allwise,,,,,,,,,,,
271.7111632,69.8244763,55260.5039088,10.1,0.025,9.274,0.027,14450.977,337.735,12310.121,305.512,0000,1.0,78.0,0000,1,allwise,,,,,,,,,,,
271.7111632,69.8244763,55260.5701244,10.18,0.028,9.341,0.022,13427.521,341.925,11576.568,233.637,0000,1.0,83.0,0000,1,allwise,,,,,,,,,,,
271.7111632,69.8244763,55260.6362127,10.132,0.025,9.281,0.02,14036.267,323.714,12231.824,226.634,0000,1.0,89.0,0000,1,allwise,,,,,,,,,,,
271.7111632,69.8244763,55260.7025557,10.142,0.031,9.293,0.021,13901.532,402.806,12096.389,232.183,0000,1.0,98.0,0000,1,allwise,,,,,,,,,,,
271.7111632,69.8244763,55261.0331248,10.152,0.022,9.313,0.021,13778.616,278.24,11884.161,224.501,0000,1.0,106.0,0000,1,allwise,,,,,,,,,,,
271.7111632,69.8244763,55262.7533313,10.138,0.031,9.278,0.023,13951.112,402.293,12268.457,260.433,0000,1.0,103.0,0000,1,allwise,,,,,,,,,,,
271.7111632,69.8244763,55262.7534586,10.192,0.028,9.283,0.024,13283.365,346.518,12215.468,273.945,0000,1.0,104.0,0000,1,allwise,,,,,,,,,,,
271.7111632,69.8244763,55262.9519784,10.32,0.031,9.304,0.025,11808.291,338.071,11983.584,272.233,0000,1.0,114.0,0000,1,allwise,,,,,,,,,,,
271.7111632,69.8244763,55263.2167136,10.172,0.032,9.266,0.021,13528.254,397.385,12401.788,235.356,0000,0.5,84.0,0000,1,allwise,,,,,,,,,,,
271.7111632,69.8244763,55263.5472825,10.156,0.023,9.295,0.027,13721.967,287.201,12077.955,297.703,0000,1.0,81.0,0000,1,allwise,,,,,,,,,,,
271.7111632,69.8244763,55263.6136255,10.208,0.025,9.326,0.021,13090.964,302.988,11741.979,231.976,0000,0.5,87.0,0000,1,allwise,,,,,,,,,,,
271.7111632,69.8244763,55263.6795865,10.138,0.023,9.291,0.021,13957.106,295.506,12125.27,235.457,0000,1.0,94.0,0000,1,allwise,,,,,,,,,,,
271.7111632,69.8244763,55264.2089298,10.13,0.022,9.301,0.022,14064.579,290.174,12010.952,240.639,0000,1.0,86.0,0000,1,allwise,,,,,,,,,,,
271.7111632,69.8244763,55264.7382737,10.167,0.025,9.328,0.024,13593.871,314.588,11714.14,256.3,0000,1.0,102.0,0000,1,allwise,,,,,,,,,,,
271.7111632,69.8244763,55264.8046168,10.122,0.025,9.301,0.021,14169.254,322.739,12013.97,228.52,0000,0.5,110.0,0000,1,allwise,,,,,,,,,,,
271.7111632,69.8244763,55264.8705778,10.153,0.026,9.321,0.023,13771.139,327.9,11788.781,250.579,0000,1.0,115.0,0000,1,allwise,,,,,,,,,,,
271.7111632,69.8244763,55258.5853152,10.152,0.023,9.292,0.024,13778.476,293.348,12109.317,267.933,0000,1.0,84.0,0000,1,allwise,,,,,,,,,,,
271.7111632,69.8244763,55258.7835803,10.12,0.021,9.288,0.022,14186.125,273.827,12153.542,249.924,0000,1.0,106.0,0000,1,allwise,,,,,,,,,,,
271.7111632,69.8244763,55258.8499234,10.145,0.022,9.302,0.03,13863.138,282.854,12003.958,332.63,0000,1.0,113.0,0000,1,allwise,,,,,,,,,,,
271.7111632,69.8244763,55259.0481885,10.136,0.026,9.259,0.023,13988.756,331.108,12483.588,266.994,0000,1.0,105.0,0000,1,allwise,,,,,,,,,,,
271.7111632,69.8244763,55259.2469629,10.121,0.025,9.308,0.028,14178.283,330.864,11933.191,305.984,0000,1.0,81.0,0000,1,allwise,,,,,,,,,,,
271.7111632,69.8244763,55259.3129239,10.14,0.023,9.295,0.023,13929.69,300.762,12080.573,250.695,0000,1.0,78.0,0000,1,allwise,,,,,,,,,,,
271.7111632,69.8244763,55259.445228,10.131,0.02,9.284,0.027,14050.346,262.048,12201.071,298.597,0000,1.0,77.0,0000,1,allwise,,,,,,,,,,,
271.7111632,69.8244763,55259.6438691,10.142,0.023,9.25,0.02,13902.613,294.79,12586.512,231.584,0000,1.0,90.0,0000,1,allwise,,,,,,,,,,,
271.7111632,69.8244763,55259.7098301,10.141,0.023,9.268,0.02,13924.355,291.064,12380.728,222.482,0000,1.0,98.0,0000,1,allwise,,,,,,,,,,,
271.7111632,69.8244763,55259.7761731,10.156,0.026,9.262,0.019,13731.705,330.514,12454.326,216.252,0000,1.0,106.0,0000,1,allwise,,,,,,,,,,,
271.7111632,69.8244763,55259.8421341,10.209,0.028,9.302,0.023,13071.098,342.734,12000.493,251.577,0000,1.0,112.0,0000,1,allwise,,,,,,,,,,,
271.7111632,69.8244763,55259.9084772,10.176,0.027,9.239,0.022,13481.822,340.63,12720.125,262.418,0000,1.0,116.0,0000,1,allwise,,,,,,,,,,,
271.7111632,69.8244763,55260.0409085,10.146,0.032,9.273,0.02,13859.783,404.816,12327.683,222.52,0000,1.0,106.0,0000,1,allwise,,,,,,,,,,,
271.7111632,69.8244763,55260.4378205,10.149,0.029,9.244,0.028,13817.683,364.554,12664.694,331.635,0000,1.0,76.0,0000,1,allwise,,,,,,,,,,,
271.7111632,69.8244763,55256.0046857,10.153,0.029,9.248,0.029,13764.147,370.063,12612.934,338.84,0000,1.0,109.0,0000,1,allwise,,,,,,,,,,,
271.7111632,69.8244763,55256.2694211,9.649,0.017,9.261,0.025,21906.227,335.044,12457.066,281.532,0000,1.0,81.0,0000,1,allwise,,,,,,,,,,,
271.7111632,69.8244763,55256.4017252,10.132,0.022,9.273,0.03,14033.48,290.288,12326.805,340.92,0000,1.0,77.0,0000,1,allwise,,,,,,,,,,,
271.7111632,69.8244763,55256.9309415,10.147,0.027,9.26,0.023,13844.511,342.801,12477.935,262.172,0000,1.0,114.0,0000,1,allwise,,,,,,,,,,,
271.7111632,69.8244763,55256.9310688,10.136,0.026,9.28,0.026,13978.511,336.199,12250.03,288.603,0000,1.0,114.0,0000,1,allwise,,,,,,,,,,,
271.7111632,69.8244763,55257.327981,10.149,0.022,9.289,0.021,13815.346,277.572,12147.165,230.192,0000,1.0,78.0,0000,1,allwise,,,,,,,,,,,
271.7111632,69.8244763,55257.394324,10.187,0.022,9.328,0.017,13338.663,273.74,11718.527,185.25,0000,1.0,76.0,0000,1,allwise,,,,,,,,,,,
271.7111632,69.8244763,55257.6589321,10.208,0.024,9.296,0.02,13087.625,288.651,12062.81,223.471,0000,1.0,92.0,0000,1,allwise,,,,,,,,,,,
271.7111632,69.8244763,55257.8573246,10.163,0.025,9.302,0.023,13634.407,311.675,12004.458,257.396,0000,1.0,113.0,0000,1,allwise,,,,,,,,,,,
271.7111632,69.8244763,55257.9236676,10.132,0.028,9.284,0.026,14040.253,360.112,12205.167,297.791,0000,1.0,115.0,0000,1,allwise,,,,,,,,,,,
271.7111632,69.8244763,55258.1882757,10.169,0.021,9.379,0.018,13567.955,264.166,11179.953,188.44,0000,1.0,88.0,0000,1,allwise,,,,,,,,,,,
271.7111632,69.8244763,55258.3205797,10.133,0.023,9.33,0.016,14028.004,303.275,11692.687,176.856,0000,1.0,77.0,0000,1,allwise,,,,,,,,,,,
271.7111632,69.8244763,55258.3865408,10.147,0.026,9.289,0.022,13838.482,327.436,12148.642,246.134,0000,1.0,77.0,0000,1,allwise,,,,,,,,,,,
271.7111632,69.8244763,55258.3866681,10.152,0.027,9.303,0.021,13779.39,342.6,11992.031,237.377,0000,1.0,76.0,0000,1,allwise,,,,,,,,,,,
271.7111632,69.8244763,55454.9220099,10.091,0.029,9.206,0.027,14570.874,383.594,13112.264,320.899,0000,1.0,79.0,0000,1,allwise,,,,,,,,,,,
271.7111632,69.8244763,55454.9879709,10.118,0.023,9.248,0.019,14211.231,301.027,12609.389,219.902,0000,1.0,84.0,0000,1,allwise,,,,,,,,,,,
271.7111632,69.8244763,55455.054314,10.051,0.025,9.221,0.019,15119.85,344.811,12927.262,225.014,0000,1.0,93.0,0000,1,allwise,,,,,,,,,,,
271.7111632,69.8244763,55455.5834021,10.14,0.022,9.257,0.021,13926.081,277.162,12506.609,245.877,0000,1.0,86.0,0000,1,allwise,,,,,,,,,,,
271.7111632,69.8244763,55457.699758,10.121,0.039,9.228,0.018,14178.007,504.162,12845.887,216.754,0000,1.0,76.0,0000,1,allwise,,,,,,,,,,,
271.7111632,69.8244763,55457.8320621,10.087,0.023,9.242,0.017,14623.35,316.123,12680.908,193.291,0000,1.0,75.0,0000,1,allwise,,,,,,,,,,,
271.7111632,69.8244763,55451.8134358,10.054,0.022,9.215,0.028,15074.432,310.967,12999.472,334.28,0000,1.0,75.0,0000,1,allwise,,,,,,,,,,,
271.7111632,69.8244763,55451.9456126,10.084,0.022,9.205,0.019,14674.354,300.386,13126.943,227.558,0000,1.0,80.0,0000,1,allwise,,,,,,,,,,,
271.7111632,69.8244763,55452.0119556,10.046,0.02,9.221,0.024,15190.555,282.145,12926.568,287.83,0000,1.0,88.0,0000,1,allwise,,,,,,,,,,,
271.7111632,69.8244763,55452.1442597,10.028,0.022,9.224,0.021,15444.439,317.181,12889.073,249.041,0000,1.0,105.0,0000,1,allwise,,,,,,,,,,,
271.7111632,69.8244763,55452.2102208,10.086,0.023,9.215,0.021,14636.923,315.308,13002.478,248.175,0000,1.0,112.0,0000,1,allwise,,,,,,,,,,,
271.7111632,69.8244763,55452.4087406,10.133,0.032,9.198,0.019,14027.081,407.455,13208.396,231.052,0000,1.0,108.0,0000,1,allwise,,,,,,,,,,,
271.7111632,69.8244763,55452.5410447,10.069,0.024,9.223,0.02,14875.494,322.878,12910.451,241.488,0000,1.0,91.0,0000,1,allwise,,,,,,,,,,,
271.7111632,69.8244763,55452.6733488,10.065,0.025,9.286,0.025,14934.514,342.439,12173.649,277.056,0000,1.0,78.0,0000,1,allwise,,,,,,,,,,,
271.7111632,69.8244763,55452.8056529,9.999,0.023,9.19,0.021,15861.423,335.885,13303.097,253.565,0000,1.0,75.0,0000,1,allwise,,,,,,,,,,,
271.7111632,69.8244763,55452.9378297,10.035,0.033,9.182,0.021,15346.163,460.429,13405.749,263.178,0000,1.0,80.0,0000,1,allwise,,,,,,,,,,,
271.7111632,69.8244763,55452.9379571,9.951,0.023,9.141,0.024,16575.354,357.296,13924.537,313.174,0000,0.5,81.0,0000,1,allwise,,,,,,,,,,,
271.7111632,69.8244763,55453.0701339,10.023,0.021,9.199,0.026,15514.109,306.982,13196.581,311.151,0000,1.0,95.0,0000,1,allwise,,,,,,,,,,,
271.7111632,69.8244763,55453.5992229,10.134,0.027,9.223,0.022,14006.444,351.169,12900.67,257.163,0000,1.0,84.0,0000,1,allwise,,,,,,,,,,,
271.7111632,69.8244763,55453.731527,10.075,0.021,9.249,0.026,14795.155,282.203,12597.417,299.921,0000,1.0,75.0,0000,1,allwise,,,,,,,,,,,
271.7111632,69.8244763,55453.9961353,10.136,0.028,9.25,0.02,13980.121,359.494,12584.395,231.355,0000,1.0,86.0,0000,1,allwise,,,,,,,,,,,
271.7111632,69.8244763,55454.657529,10.061,0.024,9.23,0.021,14982.414,331.038,12824.91,243.998,0000,1.0,79.0,0000,1,allwise,,,,,,,,,,,
271.7111632,69.8244763,55454.72349,10.128,0.024,9.24,0.022,14087.628,305.205,12710.54,261.978,0000,1.0,74.0,0000,1,allwise,,,,,,,,,,,
271.7111632,69.8244763,55454.8557942,10.084,0.024,9.204,0.021,14668.219,327.47,13128.881,259.665,0000,1.0,75.0,0000,1,allwise,,,,,,,,,,,
271.7111632,69.8244763,55457.9643663,10.098,0.022,9.233,0.016,14481.983,292.806,12788.378,187.775,0000,1.0,82.0,0000,1,allwise,,,,,,,,,,,
271.7111632,69.8244763,55458.2289744,10.156,0.024,9.214,0.027,13722.827,308.796,13010.819,323.747,0000,1.0,114.0,0000,1,allwise,,,,,,,,,,,
271.7111632,69.8244763,55265.2674897,10.191,0.034,9.301,0.023,13288.72,419.76,12015.361,257.99,0000,1.0,81.0,0000,1,allwise,,,,,,,,,,,
271.7111632,69.8244763,55265.3338327,10.232,0.024,9.288,0.02,12794.034,282.323,12155.225,225.133,0000,0.5,76.0,0000,1,allwise,,,,,,,,,,,
271.7111632,69.8244763,55265.399921,10.155,0.028,9.311,0.024,13738.425,358.618,11900.629,258.617,0000,1.0,76.0,0000,1,allwise,,,,,,,,,,,
271.7111632,69.8244763,55265.796833,10.178,0.024,9.295,0.02,13452.762,300.146,12082.594,218.768,0000,1.0,108.0,0000,1,allwise,,,,,,,,,,,
271.7111632,69.8244763,55265.863176,10.191,0.022,9.323,0.026,13287.857,265.0,11769.96,276.747,0000,0.5,115.0,0000,1,allwise,,,,,,,,,,,
271.7111632,69.8244763,55261.2317717,10.213,0.022,9.319,0.027,13025.076,263.161,11815.271,290.195,0000,1.0,83.0,0000,1,allwise,,,,,,,,,,,
271.7111632,69.8244763,55261.2977327,10.182,0.025,9.289,0.019,13400.222,303.331,12144.756,213.421,0000,1.0,79.0,0000,1,allwise,,,,,,,,,,,
271.7111632,69.8244763,55261.694772,10.147,0.022,9.309,0.02,13844.184,284.869,11926.879,221.116,0000,1.0,96.0,0000,1,allwise,,,,,,,,,,,
271.7111632,69.8244763,55261.827076,10.172,0.026,9.286,0.022,13528.021,321.477,12178.372,247.887,0000,1.0,111.0,0000,1,allwise,,,,,,,,,,,
271.7111632,69.8244763,55261.9593801,10.18,0.027,9.313,0.024,13432.621,340.203,11878.97,257.416,0000,1.0,113.0,0000,1,allwise,,,,,,,,,,,
271.7111632,69.8244763,55266.0614411,10.186,0.035,9.31,0.023,13358.135,425.437,11915.37,254.79,0000,1.0,103.0,0000,1,allwise,,,,,,,,,,,
271.7111632,69.8244763,55447.5804702,10.071,0.028,9.319,0.023,14851.774,378.84,11816.111,253.676,0000,1.0,87.0,0000,1,allwise,,,,,,,,,,,
271.7111632,69.8244763,55268.1127261,10.218,0.022,9.296,0.023,12968.857,262.358,12064.264,253.968,0000,0.5,97.0,0000,1,allwise,,,,,,,,,,,
271.7111632,69.8244763,55440.5695005,10.179,0.025,9.308,0.021,13434.634,306.302,11936.318,226.431,0000,1.0,88.0,0000,1,allwise,,,,,,,,,,,
271.7111632,69.8244763,55440.7018047,10.15,0.019,9.314,0.021,13804.28,247.073,11869.234,229.061,0000,0.5,76.0,0000,1,allwise,,,,,,,,,,,
271.7111632,69.8244763,55441.09859,10.156,0.033,9.298,0.023,13723.454,421.327,12043.965,252.836,0000,1.0,99.0,0000,1,allwise,,,,,,,,,,,
271.7111632,69.8244763,55441.2308942,10.167,0.021,9.327,0.023,13591.377,268.156,11728.128,246.328,0000,1.0,114.0,0000,1,allwise,,,,,,,,,,,
271.7111632,69.8244763,55442.2891964,10.138,0.024,9.283,0.022,13963.383,311.611,12215.668,244.085,0000,1.0,117.0,0000,1,allwise,,,,,,,,,,,
271.7111632,69.8244763,55443.4796789,10.101,0.03,9.243,0.023,14444.255,403.003,12669.964,271.564,0000,1.0,100.0,0000,1,allwise,,,,,,,,,,,
271.7111632,69.8244763,55443.7442871,10.126,0.021,9.326,0.025,14111.647,273.45,11737.873,271.024,0000,1.0,75.0,0000,1,allwise,,,,,,,,,,,
271.7111632,69.8244763,55443.8765912,10.122,0.02,9.289,0.023,14170.962,264.806,12144.904,251.963,0000,1.0,76.0,0000,1,allwise,,,,,,,,,,,
271.7111632,69.8244763,55444.2733763,10.143,0.025,9.302,0.021,13895.508,324.349,11998.71,233.64,0000,1.0,117.0,0000,1,allwise,,,,,,,,,,,
271.7111632,69.8244763,55444.8025928,10.15,0.025,9.325,0.02,13803.555,313.429,11751.804,217.504,0000,1.0,75.0,0000,1,allwise,,,,,,,,,,,
271.7111632,69.8244763,55445.0670738,10.161,0.027,9.324,0.024,13665.904,341.832,11761.476,261.055,0000,1.0,94.0,0000,1,allwise,,,,,,,,,,,
271.7111632,69.8244763,55445.5962903,10.154,0.025,9.318,0.02,13759.312,315.717,11829.264,219.763,0000,1.0,85.0,0000,1,allwise,,,,,,,,,,,
271.7111632,69.8244763,55446.0594184,10.179,0.024,9.355,0.028,13438.401,296.492,11425.347,298.523,0000,1.0,94.0,0000,1,allwise,,,,,,,,,,,
271.7111632,69.8244763,55446.1253795,10.174,0.021,9.283,0.028,13506.548,262.105,12215.78,313.685,0000,1.0,102.0,0000,1,allwise,,,,,,,,,,,
271.7111632,69.8244763,55446.2576836,10.173,0.025,9.35,0.023,13509.601,311.718,11481.703,245.485,0000,1.0,116.0,0000,1,allwise,,,,,,,,,,,
271.7111632,69.8244763,55446.3899877,10.154,0.026,9.333,0.021,13748.077,326.056,11659.982,227.96,0000,1.0,110.0,0000,1,allwise,,,,,,,,,,,
271.7111632,69.8244763,55446.6544686,10.175,0.027,9.31,0.02,13493.986,329.94,11914.846,221.042,0000,1.0,79.0,0000,1,allwise,,,,,,,,,,,
271.7111632,69.8244763,55446.7867727,10.182,0.021,9.31,0.027,13402.416,265.111,11912.241,295.331,0000,1.0,74.0,0000,1,allwise,,,,,,,,,,,
271.7111632,69.8244763,55446.9852927,10.103,0.033,9.302,0.023,14420.25,434.234,11995.424,253.401,0000,1.0,85.0,0000,1,allwise,,,,,,,,,,,
271.7111632,69.8244763,55446.98542,10.152,0.023,9.319,0.027,13772.629,286.297,11817.432,291.697,0000,1.0,85.0,0000,1,allwise,,,,,,,,,,,
271.7111632,69.8244763,55447.1835579,10.136,0.026,9.306,0.023,13978.858,329.792,11953.234,254.856,0000,1.0,109.0,0000,1,allwise,,,,,,,,,,,
271.7111632,69.8244763,55447.3822051,10.109,0.024,9.3,0.023,14338.792,323.266,12026.974,252.012,0000,1.0,110.0,0000,1,allwise,,,,,,,,,,,
271.7111632,69.8244763,55447.4481662,10.123,0.024,9.307,0.022,14151.539,308.261,11946.696,237.687,0000,1.0,104.0,0000,1,allwise,,,,,,,,,,,
271.7111632,69.8244763,55447.5145092,10.146,0.025,9.299,0.023,13848.712,323.015,12032.384,260.399,0000,1.0,95.0,0000,1,allwise,,,,,,,,,,,
271.7111632,69.8244763,55266.2600881,10.119,0.023,8.835,0.013,14202.992,306.991,18445.545,217.835,0000,0.5,80.0,0000,1,allwise,,,,,,,,,,,
271.7110644,69.82446,56918.67433563,,,,,,,,,0000,1.0,78.7239990234375,00,2,neowise,10.195,0.032,9.252,0.013,33.5,82.7,16826.0,501.78,14318.0,173.07,AA
271.711074,69.8244558,56917.35893396,,,,,,,,,0000,1.0,115.31500244140625,00,1,neowise,10.204,0.015,9.321,0.015,72.6,71.5,16685.0,229.73,13443.0,187.97,AA
271.711103,69.8244698,56918.14817468,,,,,,,,,0000,1.0,102.42500305175781,00,1,neowise,10.142,0.017,9.279,0.013,62.1,83.1,17666.0,284.3,13973.0,168.19,AA
271.7110836,69.8244605,56918.41125481,,,,,,,,,0000,1.0,110.85399627685547,00,1,neowise,10.132,0.017,9.266,0.014,63.7,79.0,17831.0,279.82,14139.0,178.87,AA
271.7110887,69.8244638,56919.20049605,,,,,,,,,0000,1.0,108.97799682617188,00,1,neowise,10.176,0.016,9.292,0.014,67.0,78.8,17115.0,255.31,13804.0,175.1,AA
271.7111023,69.8244625,56919.59511637,,,,,,,,,0000,1.0,87.26000213623047,00,1,neowise,10.193,0.017,9.319,0.015,64.7,73.7,16854.0,260.64,13465.0,182.78,AA
271.7110874,69.8244602,56918.80587569,,,,,,,,,0000,1.0,74.0009994506836,00,1,neowise,10.127,0.016,9.282,0.014,68.1,79.8,17916.0,263.18,13926.0,174.58,AA
271.711102,69.8244602,56919.06895598,,,,,,,,,0000,1.0,91.73899841308594,00,1,neowise,10.146,0.016,9.277,0.013,68.0,81.8,17601.0,259.0,13991.0,171.05,AA
271.7110781,69.8244486,56918.2797147,,,,,,,,,0000,1.0,116.54399871826172,00,1,neowise,10.12,0.018,9.26,0.014,61.5,80.0,18021.0,293.2,14217.0,177.63,AA
271.7110957,69.8244514,56917.62201419,,,,,,,,,0000,1.0,84.0510025024414,00,1,neowise,10.177,0.016,9.339,0.014,66.5,79.1,17102.0,257.33,13215.0,167.15,AA
271.7110699,69.824456,56918.54279493,,,,,,,,,0000,1.0,94.13899993896484,00,1,neowise,10.13,0.015,9.273,0.014,72.0,79.6,17859.0,247.92,14044.0,176.41,AA
271.7110937,69.8244585,56917.49047412,,,,,,,,,0000,1.0,101.16200256347656,00,1,neowise,10.169,0.016,9.325,0.014,68.0,79.6,17233.0,253.25,13388.0,168.22,AA
271.7111193,69.8244587,56921.69975814,,,,,,,,,0000,0.5,76.8479995727539,00,1,neowise,10.179,0.017,9.332,0.016,64.7,68.9,17070.0,264.03,13308.0,193.07,AA
271.711178,69.8244534,56922.35745869,,,,,,,,,0000,1.0,115.41000366210938,00,1,neowise,10.149,0.019,9.334,0.015,56.9,72.8,17547.0,308.62,13276.0,182.24,AA
271.71117,69.8244333,56921.96283843,,,,,,,,,0000,1.0,79.78199768066406,00,1,neowise,10.164,0.017,9.346,0.015,63.0,71.5,17310.0,274.97,13135.0,183.71,AA
271.7111576,69.8244567,56917.29322757,,,,,,,,,0000,1.0,117.03199768066406,00,1,neowise,10.165,0.017,9.296,0.014,62.6,77.7,17299.0,276.26,13754.0,177.01,AA
271.7111436,69.8244542,56919.85819666,,,,,,,,,0000,1.0,74.8479995727539,00,1,neowise,10.193,0.017,9.337,0.014,64.5,75.2,16847.0,261.15,13247.0,176.13,AA
271.7111173,69.8244527,56918.93741587,,,,,,,,,0000,1.0,77.8489990234375,00,1,neowise,10.147,0.016,9.271,0.014,69.7,79.9,17577.0,252.3,14074.0,176.04,AA
271.7111407,69.8244619,56919.98973677,,,,,,,,,0000,1.0,82.2969970703125,00,1,neowise,10.176,0.016,9.316,0.015,66.3,74.0,17125.0,258.31,13503.0,182.58,AA
271.7112024,69.8244539,56922.0943785,,,,,,,,,0000,1.0,95.2300033569336,00,1,neowise,10.2,0.017,9.351,0.015,65.6,71.0,16738.0,255.01,13068.0,184.18,AA
271.7111689,69.8244707,56920.51589715,,,,,,,,,0000,1.0,97.76699829101562,00,1,neowise,10.175,0.017,9.331,0.014,65.1,78.3,17134.0,263.08,13321.0,170.1,AA
271.7111838,69.8244533,56921.04205764,,,,,,,,,0000,0.5,88.25800323486328,00,1,neowise,10.139,0.018,9.302,0.017,60.5,65.6,17705.0,292.69,13678.0,208.59,AA
271.7111221,69.8244583,56919.46357625,,,,,,,,,0000,1.0,104.65699768066406,00,1,neowise,10.175,0.017,9.29,0.013,65.3,82.0,17134.0,262.34,13832.0,168.75,AA
271.7111431,69.8244387,56917.16168755,,,,,,,,,0000,1.0,104.20999908447266,00,1,neowise,10.169,0.016,9.301,0.014,67.4,77.9,17227.0,255.53,13688.0,175.72,AA
271.7111666,69.8244649,56920.91051756,,,,,,,,,0000,1.0,76.23500061035156,00,1,neowise,10.175,0.017,9.296,0.014,64.4,78.3,17136.0,265.97,13750.0,175.56,AA
271.711152,69.8244571,56921.8312983,,,,,,,,,0000,1.0,74.5009994506836,00,1,neowise,10.186,0.017,9.333,0.014,65.6,75.7,16963.0,258.68,13289.0,175.58,AA
271.711165,69.8244568,56920.7789774,,,,,,,,,0000,1.0,73.93299865722656,00,1,neowise,10.161,0.016,9.313,0.014,67.2,76.3,17361.0,258.16,13543.0,177.59,AA
271.7111874,69.8244607,56921.56821802,,,,,,,,,0000,1.0,90.68900299072266,00,1,neowise,10.188,0.016,9.324,0.014,66.0,75.2,16930.0,256.38,13405.0,178.35,AA
271.7112058,69.824444,56921.30513782,,,,,,,,,0000,1.0,117.81900024414062,00,1,neowise,10.147,0.017,9.314,0.015,63.5,72.9,17589.0,276.92,13521.0,185.54,AA
271.7111646,69.8244431,56917.4247677,,,,,,,,,0000,1.0,108.9729995727539,00,1,neowise,10.196,0.015,9.309,0.013,73.0,82.2,16807.0,230.3,13584.0,165.36,AA
271.7111257,69.8244537,56922.22591856,,,,,,,,,0000,1.0,111.77200317382812,00,1,neowise,10.178,0.018,9.326,0.015,61.2,74.0,17081.0,279.05,13379.0,180.89,AA
271.7111271,69.8244575,56920.64743728,,,,,,,,,0000,0.5,81.32099914550781,00,1,neowise,10.181,0.017,9.342,0.013,64.7,81.7,17045.0,263.35,13177.0,161.24,AA
271.7111522,69.8244445,56920.38435704,,,,,,,,,0000,1.0,113.35900115966797,00,1,neowise,10.182,0.018,9.287,0.017,61.5,64.2,17026.0,276.99,13870.0,216.07,AA
271.7111463,69.8244589,56919.72665653,,,,,,,,,0000,1.0,75.28099822998047,00,1,neowise,10.192,0.017,9.325,0.016,62.7,67.9,16869.0,269.04,13384.0,197.05,AA
271.7111617,69.8244555,56921.17359775,,,,,,,,,0000,1.0,105.70600128173828,00,1,neowise,10.171,0.017,9.301,0.015,62.6,72.8,17192.0,274.41,13694.0,188.22,AA
271.7111046,69.8244615,56917.75355432,,,,,,,,,0000,0.5,74.26899719238281,00,1,neowise,10.175,0.018,9.333,0.013,59.7,82.1,17139.0,286.95,13294.0,162.01,AA
271.7111319,69.8244627,56919.33203612,,,,,,,,,0000,1.0,116.8759994506836,00,1,neowise,10.154,0.016,9.28,0.013,65.9,83.7,17464.0,265.07,13959.0,166.72,AA
271.7112038,69.8244572,56920.25281697,,,,,,,,,0000,1.0,114.38200378417969,00,1,neowise,10.208,0.017,9.348,0.016,62.6,67.5,16621.0,265.42,13110.0,194.34,AA
271.7111849,69.8244658,56921.43667789,,,,,,,,,0000,1.0,107.91400146484375,00,1,neowise,10.149,0.019,9.367,0.015,57.1,71.5,17556.0,307.6,12885.0,180.22,AA
271.7110506,69.8244668,56917.22739388,,,,,,,,,0000,1.0,111.94000244140625,00,1,neowise,10.179,0.015,9.258,0.015,73.6,72.7,17076.0,232.14,14236.0,195.9,AA
271.7110299,69.8244741,56918.0166346,,,,,,,,,0000,1.0,85.17500305175781,00,1,neowise,10.192,0.017,9.298,0.014,63.8,76.5,16867.0,264.33,13723.0,179.32,AA
271.7110658,69.8244899,56917.88509443,,,,,,,,,0000,1.0,75.25700378417969,00,1,neowise,10.188,0.02,9.306,0.015,55.6,74.0,16927.0,304.18,13630.0,184.13,AA
271.7117245,69.8246584,57084.56115774,,,,,,,,,0000,0.0,80.03900146484375,00,1,neowise,10.006,0.019,9.241,0.015,58.1,71.6,20027.0,344.92,14512.0,202.78,AA
271.71155,69.8245642,57088.3702153,,,,,,,,,0000,0.0,75.85600280761719,00,1,neowise,10.25,0.016,9.414,0.013,68.3,85.1,15995.0,234.31,12373.0,145.37,AA
271.7111345,69.8244818,57088.04206525,,,,,,,,,0000,1.0,108.51599884033203,00,1,neowise,10.178,0.014,9.336,0.013,75.2,81.9,17104.0,227.4,13297.0,162.45,AA
271.7111385,69.8244849,57087.25397047,,,,,,,,,0000,1.0,82.59400177001953,00,1,neowise,10.18,0.014,9.323,0.015,76.2,73.4,17071.0,224.1,13452.0,183.29,AA
271.7111326,69.824482,57086.99127221,,,,,,,,,0000,0.5,113.15799713134766,00,1,neowise,10.176,0.014,9.311,0.014,76.4,75.1,17128.0,224.04,13598.0,181.1,AA
271.7111347,69.8244862,57087.51666874,,,,,,,,,0000,1.0,76.71099853515625,00,1,neowise,10.166,0.014,9.324,0.014,74.9,75.4,17293.0,230.85,13442.0,178.21,AA
271.7112066,69.8245041,57088.50162804,,,,,,,,,0000,0.5,76.69599914550781,00,1,neowise,10.209,0.016,9.344,0.014,68.2,79.4,16615.0,243.74,13195.0,166.16,AA
271.7111887,69.8244776,57088.43604903,,,,,,,,,0000,1.0,75.14199829101562,00,1,neowise,10.209,0.014,9.358,0.013,78.9,84.4,16616.0,210.59,13022.0,154.21,AA
271.7111433,69.8244893,57087.58224774,,,,,,,,,0000,0.5,81.09100341796875,00,1,neowise,10.167,0.017,9.304,0.013,64.2,81.6,17274.0,269.15,13687.0,167.82,AA
271.7111602,69.8244807,57086.85985937,,,,,,,,,0000,1.0,112.68699645996094,00,1,neowise,10.165,0.017,9.293,0.014,64.3,75.4,17307.0,269.15,13827.0,183.34,AA
271.711137,69.8244805,57087.05685127,,,,,,,,,0000,0.5,106.72000122070312,00,1,neowise,10.122,0.016,9.373,0.015,68.8,70.7,17999.0,261.47,12844.0,181.76,AA
271.7111323,69.8244862,57088.83003272,,,,,,,,,0000,1.0,110.08899688720703,00,1,neowise,10.205,0.016,9.35,0.014,68.1,79.5,16670.0,244.9,13127.0,165.22,AA
271.7111399,69.8244843,57086.5314547,,,,,,,,,0000,1.0,77.7239990234375,00,1,neowise,10.114,0.015,9.25,0.014,74.1,75.5,18130.0,244.74,14395.0,190.55,AA
271.7111696,69.8244808,57086.79415296,,,,,,,,,0000,0.5,105.75,00,1,neowise,10.171,0.015,9.315,0.015,72.9,74.3,17210.0,236.15,13557.0,182.55,AA
271.7112544,69.8245096,57085.349253,,,,,,,,,0000,0.0,76.61900329589844,00,1,neowise,10.02,0.016,9.22,0.013,69.5,81.7,19776.0,284.55,14789.0,181.09,AA
271.711122,69.824482,57085.41508682,,,,,,,,,0000,1.0,74.96299743652344,00,1,neowise,10.072,0.014,9.23,0.014,76.9,79.2,18843.0,245.15,14652.0,184.97,AA
271.7112322,69.8244918,57084.8238562,,,,,,,,,0000,0.0,108.61399841308594,00,1,neowise,9.987,0.019,9.256,0.015,57.7,73.0,20380.0,353.2,14311.0,196.17,AA
271.7111797,69.8244812,57088.6987472,,,,,,,,,0000,1.0,93.99600219726562,00,1,neowise,10.208,0.014,9.325,0.014,77.0,76.9,16631.0,216.12,13430.0,174.55,AA
271.7111206,69.8244803,57084.88968998,,,,,,,,,0000,0.5,115.19999694824219,00,1,neowise,10.1,0.015,9.252,0.013,74.2,82.8,18368.0,247.57,14359.0,173.51,AA
271.7111435,69.824472,57085.02097553,,,,,,,,,0000,1.0,110.43399810791016,00,1,neowise,10.116,0.015,9.223,0.017,74.6,62.5,18103.0,242.71,14746.0,235.92,AA
271.7111705,69.8244728,57088.96144556,,,,,,,,,0000,1.0,115.4020004272461,00,1,neowise,10.205,0.015,9.342,0.013,71.8,82.4,16675.0,232.34,13220.0,160.38,AA
271.7111799,69.824475,57087.91065242,,,,,,,,,0000,1.0,116.51399993896484,00,1,neowise,10.2,0.014,9.317,0.014,77.7,77.6,16759.0,215.62,13528.0,174.41,AA
271.7112457,69.8244737,57085.87464988,,,,,,,,,0000,0.5,113.45500183105469,00,1,neowise,10.063,0.014,9.235,0.013,78.3,81.2,19012.0,242.91,14592.0,179.63,AA
271.7112349,69.8244665,57089.22414376,,,,,,,,,0000,1.0,85.56800079345703,00,1,neowise,10.194,0.015,9.336,0.014,70.6,79.9,16849.0,238.67,13294.0,166.47,AA
271.7111447,69.8244606,57085.2836739,,,,,,,,,0000,1.0,80.3479995727539,00,1,neowise,10.095,0.015,9.239,0.015,73.0,73.7,18461.0,253.02,14534.0,197.1,AA
271.7111997,69.824455,57087.18813674,,,,,,,,,0000,0.0,90.71600341796875,00,1,neowise,10.154,0.016,9.371,0.014,68.6,76.3,17482.0,254.83,12871.0,168.58,AA
271.711215,69.8244661,57089.35542919,,,,,,,,,0000,1.0,75.56400299072266,00,1,neowise,10.199,0.015,9.337,0.014,74.4,76.2,16774.0,225.53,13282.0,174.28,AA
271.7112102,69.824458,57088.30463619,,,,,,,,,0000,1.0,78.61599731445312,00,1,neowise,10.206,0.017,9.335,0.014,63.4,76.6,16666.0,262.97,13305.0,173.72,AA
271.7112005,69.8244716,57084.75827706,,,,,,,,,0000,1.0,101.43800354003906,00,1,neowise,10.127,0.018,9.225,0.016,61.0,69.8,17921.0,293.63,14726.0,210.93,AA
271.7111833,69.8244727,57088.30476356,,,,,,,,,0000,1.0,77.86000061035156,00,1,neowise,10.188,0.018,9.336,0.014,60.0,75.7,16945.0,282.21,13293.0,175.59,AA
271.7112074,69.8244688,57087.77936699,,,,,,,,,0000,0.5,104.38700103759766,00,1,neowise,10.177,0.015,9.3,0.014,72.7,79.8,17111.0,235.23,13737.0,172.22,AA
271.711183,69.8244761,57086.9255658,,,,,,,,,0000,1.0,116.54399871826172,00,1,neowise,10.144,0.02,9.298,0.014,54.8,79.6,17645.0,321.99,13772.0,173.04,AA
271.7111333,69.8244601,57088.56733441,,,,,,,,,0000,1.0,79.94300079345703,00,1,neowise,10.215,0.015,9.348,0.014,71.3,78.6,16528.0,231.9,13143.0,167.29,AA
271.7111832,69.824461,57087.64795416,,,,,,,,,0000,1.0,87.71299743652344,00,1,neowise,10.172,0.014,9.303,0.014,76.8,80.1,17199.0,223.99,13701.0,171.12,AA
271.7111865,69.8244666,57087.3852559,,,,,,,,,0000,1.0,75.02899932861328,00,1,neowise,10.154,0.015,9.324,0.014,74.7,79.2,17486.0,233.95,13445.0,169.72,AA
271.7111986,69.8244542,57084.49557874,,,,,,,,,0000,1.0,76.68399810791016,00,1,neowise,10.134,0.017,9.245,0.014,65.1,79.8,17806.0,273.66,14449.0,180.97,AA
271.7111178,69.8244778,57085.1523884,,,,,,,,,0000,1.0,94.77799987792969,00,1,neowise,10.105,0.015,9.263,0.014,70.3,78.7,18289.0,260.32,14220.0,180.62,AA
271.7111219,69.8244663,57086.40004667,,,,,,,,,0000,1.0,75.41500091552734,00,1,neowise,10.102,0.018,9.269,0.016,60.5,66.0,18337.0,302.86,14140.0,214.37,AA
271.7111186,69.8244772,57086.66286753,,,,,,,,,0000,1.0,89.47899627685547,00,1,neowise,10.158,0.018,9.302,0.014,59.7,78.6,17413.0,291.46,13720.0,174.48,AA
271.7111207,69.8244498,57085.61195146,,,,,,,,,0000,0.5,84.01899719238281,00,1,neowise,9.973,0.018,9.284,0.015,60.5,72.2,20646.0,341.34,13941.0,193.22,AA
271.7111682,69.824462,57088.17335073,,,,,,,,,0000,1.0,92.18000030517578,00,1,neowise,10.186,0.015,9.34,0.014,71.7,76.0,16979.0,236.92,13245.0,174.37,AA
271.7111771,69.8244674,57089.42100824,,,,,,,,,0000,0.5,75.41799926757812,00,1,neowise,10.201,0.015,9.311,0.014,73.6,75.1,16745.0,227.66,13604.0,181.13,AA
271.711375,69.8245208,57088.89561177,,,,,,,,,0000,0.0,115.08100128173828,00,1,neowise,10.16,0.016,9.375,0.013,66.3,83.6,17378.0,262.13,12823.0,153.41,AA
271.7113712,69.8245154,57085.08655463,,,,,,,,,0000,0.0,103.27999877929688,00,1,neowise,10.015,0.017,9.237,0.014,62.9,75.4,19864.0,315.63,14557.0,193.12,AA
271.711379,69.824545,57088.63291346,,,,,,,,,0000,0.0,86.11100006103516,00,1,neowise,10.246,0.016,9.337,0.014,67.4,77.5,16065.0,238.52,13285.0,171.41,AA
271.7110971,69.8244771,57085.54637233,,,,,,,,,0000,1.0,78.46299743652344,00,1,neowise,10.094,0.015,9.234,0.014,73.6,80.2,18464.0,250.89,14599.0,182.06,AA
271.7110989,69.824478,57088.10764431,,,,,,,,,0000,0.5,100.6449966430664,00,1,neowise,10.182,0.016,9.296,0.014,67.2,78.7,17040.0,253.59,13790.0,175.27,AA
271.7111294,69.8245028,57087.84494604,,,,,,,,,0000,0.5,111.43399810791016,00,1,neowise,10.168,0.016,9.313,0.013,67.8,81.0,17248.0,254.58,13573.0,167.66,AA
271.7111601,69.824499,57086.59728844,,,,,,,,,0000,1.0,82.11599731445312,00,1,neowise,10.154,0.017,9.286,0.014,62.5,75.9,17475.0,279.46,13921.0,183.33,AA
271.7111146,69.8245183,57085.21796749,,,,,,,,,0000,0.5,87.06800079345703,00,1,neowise,10.082,0.017,9.257,0.015,65.2,73.0,18676.0,286.59,14302.0,195.96,AA
271.7111227,69.8245191,57086.0060628,,,,,,,,,0000,0.5,111.8290023803711,00,1,neowise,10.042,0.02,9.219,0.016,54.6,67.2,19377.0,354.97,14811.0,220.35,AA
271.7111632,69.8245198,57086.13734835,,,,,,,,,0000,0.5,96.96900177001953,00,1,neowise,10.073,0.014,9.251,0.013,74.9,80.9,18828.0,251.32,14371.0,177.57,AA
271.711162,69.8245099,57084.6925706,,,,,,,,,0000,0.5,93.05799865722656,00,1,neowise,10.083,0.016,9.244,0.012,66.2,89.0,18661.0,281.79,14472.0,162.61,AA
271.7111476,69.8244914,57089.28972277,,,,,,,,,0000,1.0,79.55599975585938,00,1,neowise,10.174,0.017,9.336,0.014,65.1,79.7,17164.0,263.86,13293.0,166.7,AA
271.7111425,69.8245105,57084.42987228,,,,,,,,,0000,0.5,76.07499694824219,00,1,neowise,10.104,0.015,9.244,0.015,72.2,74.5,18303.0,253.41,14467.0,194.2,AA
271.711126,69.8244849,57084.62699152,,,,,,,,,0000,1.0,85.43099975585938,00,1,neowise,10.094,0.015,9.264,0.014,72.2,78.4,18468.0,255.84,14199.0,181.15,AA
271.7111156,69.8244911,57085.74336428,,,,,,,,,0000,0.5,99.59100341796875,00,1,neowise,10.051,0.016,9.251,0.014,69.5,76.8,19213.0,276.47,14378.0,187.3,AA
271.7111337,69.8244964,57087.31954948,,,,,,,,,0000,1.0,77.78099822998047,00,1,neowise,10.146,0.016,9.334,0.013,66.2,85.6,17606.0,266.0,13313.0,155.44,AA
271.7111075,69.8244804,57088.23892978,,,,,,,,,0000,0.5,84.68099975585938,00,1,neowise,10.16,0.017,9.271,0.015,65.2,74.5,17382.0,266.43,14119.0,189.61,AA
271.7111207,69.8244843,57085.94048366,,,,,,,,,0000,1.0,116.29100036621094,00,1,neowise,10.072,0.016,9.212,0.014,67.8,76.8,18847.0,277.92,14901.0,193.95,AA
271.7111555,69.8245256,57087.71353322,,,,,,,,,0000,0.0,95.6449966430664,00,1,neowise,10.13,0.017,9.244,0.016,63.1,68.7,17866.0,282.99,14468.0,210.52,AA
271.7111678,69.8244979,57088.7643263,,,,,,,,,0000,0.5,102.16300201416016,00,1,neowise,10.168,0.015,9.346,0.013,71.8,80.4,17248.0,240.06,13173.0,163.75,AA
271.7111355,69.8244888,57089.02702461,,,,,,,,,0000,0.5,109.9520034790039,00,1,neowise,10.175,0.017,9.312,0.012,64.5,88.8,17146.0,265.86,13588.0,153.08,AA
271.7111317,69.8244997,57084.95526912,,,,,,,,,0000,0.5,115.18000030517578,00,1,neowise,10.084,0.016,9.228,0.013,66.5,81.3,18646.0,280.42,14687.0,180.74,AA
271.7110914,69.8245219,57087.450835,,,,,,,,,0000,0.0,76.16899871826172,00,1,neowise,10.104,0.016,9.341,0.014,69.9,79.0,18306.0,262.03,13235.0,167.44,AA
271.7110841,69.824516,57088.37034262,,,,,,,,,0000,0.5,75.3550033569336,00,1,neowise,10.192,0.02,9.329,0.015,54.7,70.7,16872.0,308.72,13380.0,189.15,AA
271.7110518,69.8244815,57085.80907074,,,,,,,,,0000,1.0,107.68199920654297,00,1,neowise,10.093,0.015,9.211,0.014,72.8,76.7,18485.0,253.84,14911.0,194.41,AA
271.7110928,69.8244934,57086.26876112,,,,,,,,,0000,1.0,81.56999969482422,00,1,neowise,10.058,0.019,9.235,0.015,57.7,72.3,19101.0,330.96,14587.0,201.78,AA
271.7110727,69.8245169,57087.97623152,,,,,,,,,0000,0.5,114.03399658203125,00,1,neowise,10.176,0.015,9.344,0.014,70.6,77.8,17124.0,242.4,13198.0,169.62,AA
271.7110748,69.8244984,57086.20318203,,,,,,,,,0000,0.5,88.2030029296875,00,1,neowise,10.076,0.018,9.218,0.013,61.0,81.8,18780.0,307.65,14815.0,181.0,AA
271.7110745,69.824495,57086.33446758,,,,,,,,,0000,1.0,76.65899658203125,00,1,neowise,10.088,0.014,9.248,0.015,78.5,73.1,18571.0,236.71,14411.0,197.14,AA
271.7111011,69.824485,57086.59716112,,,,,,,,,0000,1.0,82.3010025024414,00,1,neowise,10.139,0.016,9.28,0.014,68.0,75.8,17728.0,260.58,14002.0,184.73,AA
271.7110615,69.8244903,57086.72857396,,,,,,,,,0000,1.0,97.93599700927734,00,1,neowise,10.148,0.014,9.298,0.014,77.0,75.3,17572.0,228.23,13772.0,182.88,AA
271.711079,69.8244876,57086.0717692,,,,,,,,,0000,1.0,105.03199768066406,00,1,neowise,10.091,0.014,9.236,0.013,75.8,81.0,18524.0,244.37,14579.0,179.97,AA
271.7110988,69.8244788,57086.20305471,,,,,,,,,0000,1.0,88.73500061035156,00,1,neowise,10.104,0.016,9.237,0.013,66.1,82.3,18306.0,276.8,14563.0,176.99,AA
271.7110862,69.8244859,57085.67778519,,,,,,,,,0000,0.5,91.31999969482422,00,1,neowise,10.09,0.016,9.23,0.014,67.2,75.4,18541.0,275.74,14662.0,194.48,AA
271.7112622,69.824593,57086.92543848,,,,,,,,,0000,0.0,115.90599822998047,00,1,neowise,10.069,0.017,9.332,0.014,64.6,75.8,18902.0,292.49,13340.0,175.95,AA
271.7103575,69.8242382,57641.27345968,,,,,,,,,0000,1.0,113.29100036621094,00,1,neowise,10.202,0.016,8.776,0.014,68.1,75.0,16747.0,245.74,22246.0,296.49,AA
271.711098,69.8244672,57639.43914609,,,,,,,,,0000,1.0,111.37100219726562,00,1,neowise,10.199,0.018,9.385,0.014,59.6,75.2,16799.0,282.02,12695.0,168.73,AA
271.7111008,69.8244594,57639.57017728,,,,,,,,,0000,1.0,94.81099700927734,00,1,neowise,10.193,0.015,9.382,0.014,73.2,76.5,16891.0,230.89,12725.0,166.43,AA
271.7110731,69.8244346,57641.60122887,,,,,,,,,0000,0.0,90.48500061035156,00,1,neowise,10.437,0.017,9.585,0.016,64.4,65.9,13487.0,209.34,10561.0,160.34,AA
271.711026,69.8244387,57642.97673853,,,,,,,,,0000,1.0,78.64199829101562,00,1,neowise,10.257,0.017,9.43,0.014,63.9,77.6,15919.0,249.02,12180.0,156.93,AA
271.7110993,69.8244633,57643.10776983,,,,,,,,,0000,1.0,92.78399658203125,00,1,neowise,10.226,0.016,9.412,0.019,68.1,57.6,16384.0,240.74,12385.0,215.08,AA
271.7110963,69.8244628,57643.36983288,,,,,,,,,0000,1.0,116.33799743652344,00,1,neowise,10.233,0.017,9.463,0.017,64.8,65.2,16273.0,251.08,11812.0,181.06,AA
271.7110596,69.8244645,57643.63176807,,,,,,,,,0000,1.0,86.7300033569336,00,1,neowise,10.247,0.021,9.416,0.014,52.7,78.3,16078.0,305.35,12335.0,157.61,AA
271.711095,69.82446,57643.8938306,,,,,,,,,0000,1.0,74.9489974975586,00,1,neowise,10.233,0.018,9.403,0.015,60.2,73.9,16276.0,270.25,12479.0,168.89,AA
271.7110845,69.8244611,57644.15589315,,,,,,,,,0000,1.0,99.10199737548828,00,1,neowise,10.19,0.017,9.395,0.014,65.3,74.9,16943.0,259.55,12574.0,167.93,AA
271.7110653,69.8244622,57644.41795565,,,,,,,,,0000,1.0,112.94200134277344,00,1,neowise,10.176,0.015,9.398,0.014,73.6,78.1,17152.0,232.97,12537.0,160.44,AA
271.7111343,69.8244794,57642.32170961,,,,,,,,,0000,1.0,116.71499633789062,00,1,neowise,10.192,0.018,9.457,0.016,58.8,68.1,16902.0,287.51,11873.0,174.44,AA
271.7111371,69.8244779,57643.50073682,,,,,,,,,0000,1.0,104.16300201416016,00,1,neowise,10.191,0.018,9.424,0.015,59.3,73.1,16928.0,285.7,12249.0,167.64,AA
271.7111075,69.8244683,57639.1772112,,,,,,,,,0000,1.0,102.03299713134766,00,1,neowise,10.178,0.016,9.364,0.013,68.7,82.0,17127.0,249.38,12935.0,157.72,AA
271.7111073,69.8244496,57639.30811494,,,,,,,,,0000,0.5,116.50800323486328,00,1,neowise,10.139,0.019,9.366,0.015,58.0,73.6,17760.0,306.33,12920.0,175.45,AA
271.7111153,69.8244463,57639.3082423,,,,,,,,,0000,1.0,116.04499816894531,00,1,neowise,10.151,0.018,9.37,0.014,60.8,75.9,17554.0,288.61,12870.0,169.49,AA
271.7111116,69.8244615,57639.70120833,,,,,,,,,0000,1.0,79.12300109863281,00,1,neowise,10.216,0.015,9.394,0.015,71.6,71.3,16538.0,230.84,12583.0,176.39,AA
271.7111399,69.8244538,57639.96327068,,,,,,,,,0000,1.0,77.42500305175781,00,1,neowise,10.209,0.016,9.412,0.013,69.1,81.4,16649.0,240.97,12378.0,152.01,AA
271.7111373,69.8244473,57640.09430183,,,,,,,,,0000,1.0,90.86599731445312,00,1,neowise,10.197,0.015,9.381,0.015,73.6,73.6,16822.0,228.46,12744.0,173.16,AA
271.7111415,69.8244552,57640.22533288,,,,,,,,,0000,1.0,108.10399627685547,00,1,neowise,10.212,0.015,9.399,0.015,71.5,71.8,16596.0,231.96,12527.0,174.58,AA
271.7111899,69.8244498,57640.35636403,,,,,,,,,0000,1.0,117.28099822998047,00,1,neowise,10.196,0.015,9.424,0.015,72.7,70.5,16843.0,231.61,12250.0,173.65,AA
271.7111995,69.824457,57640.48739515,,,,,,,,,0000,1.0,105.54499816894531,00,1,neowise,10.227,0.015,9.398,0.015,72.4,72.5,16368.0,226.18,12546.0,172.95,AA
271.7111588,69.8244498,57640.6184263,,,,,,,,,0000,1.0,88.3949966430664,00,1,neowise,10.231,0.016,9.401,0.016,66.3,67.0,16311.0,245.98,12503.0,186.69,AA
271.7111898,69.8244579,57640.7494574,,,,,,,,,0000,1.0,75.86399841308594,00,1,neowise,10.197,0.017,9.404,0.016,64.0,67.0,16823.0,262.88,12469.0,186.17,AA
271.7112285,69.8244325,57640.88036118,,,,,,,,,0000,1.0,74.55799865722656,00,1,neowise,10.218,0.018,9.421,0.015,61.7,72.1,16502.0,267.58,12283.0,170.27,AA
271.7111685,69.8244566,57640.88048854,,,,,,,,,0000,1.0,75.30000305175781,00,1,neowise,10.24,0.019,9.402,0.017,57.4,65.2,16171.0,281.78,12492.0,191.64,AA
271.7110851,69.8244693,56724.49328628,,,,,,,,,0000,1.0,76.19100189208984,00,1,neowise,10.159,0.015,9.295,0.016,70.5,69.5,17587.0,249.54,14107.0,203.07,AA
271.711085,69.8244671,56727.58810486,,,,,,,,,0000,0.5,82.80500030517578,00,1,neowise,10.132,0.015,9.285,0.015,70.9,72.4,18020.0,254.21,14237.0,196.7,AA
271.7110917,69.8244693,56726.73214001,,,,,,,,,0000,0.5,99.85800170898438,00,1,neowise,10.136,0.016,9.264,0.015,66.2,73.5,17962.0,271.38,14521.0,197.65,AA
271.7111016,69.8244757,56727.25893663,,,,,,,,,0000,1.0,81.04399871826172,00,1,neowise,10.119,0.016,9.262,0.014,66.2,76.3,18237.0,275.27,14542.0,190.71,AA
271.7111554,69.8244871,56724.62495361,,,,,,,,,0000,1.0,86.49099731445312,00,1,neowise,10.168,0.014,9.282,0.013,77.6,83.1,17428.0,224.69,14273.0,171.78,AA
271.7111844,69.8244765,56728.57586501,,,,,,,,,0000,1.0,81.58300018310547,00,1,neowise,10.128,0.014,9.263,0.014,78.9,79.5,18089.0,229.15,14530.0,182.65,AA
271.7113491,69.8244791,56727.1929756,,,,,,,,,0000,1.0,88.61699676513672,00,1,neowise,10.194,0.017,9.316,0.013,64.2,82.7,17019.0,265.12,13846.0,167.39,AA
271.7113462,69.8244841,56725.74438047,,,,,,,,,0000,0.5,101.48200225830078,00,1,neowise,10.155,0.019,9.304,0.013,58.0,81.9,17652.0,304.18,13994.0,170.82,AA
271.7112704,69.8244895,56726.40284437,,,,,,,,,0000,1.0,75.36499786376953,00,1,neowise,10.152,0.016,9.27,0.014,66.3,75.2,17698.0,266.8,14432.0,192.0,AA
271.7112422,69.8244824,56728.18073576,,,,,,,,,0000,0.5,89.91600036621094,00,1,neowise,10.093,0.014,9.243,0.014,75.2,75.7,18686.0,248.65,14796.0,195.48,AA
271.7112396,69.8244828,56728.24656938,,,,,,,,,0000,1.0,82.67400360107422,00,1,neowise,10.142,0.018,9.283,0.014,59.5,76.7,17858.0,300.26,14262.0,185.86,AA
271.7111544,69.8244794,56724.55911995,,,,,,,,,0000,0.5,80.00299835205078,00,1,neowise,10.181,0.015,9.344,0.012,72.8,87.6,17222.0,236.52,13484.0,153.88,AA
271.7112354,69.8244808,56725.61271315,,,,,,,,,0000,1.0,85.11299896240234,00,1,neowise,10.139,0.016,9.316,0.014,68.9,75.9,17905.0,259.75,13836.0,182.24,AA
271.7112403,69.8244749,56725.02008296,,,,,,,,,0000,1.0,109.50199890136719,00,1,neowise,10.175,0.014,9.304,0.015,75.6,74.4,17321.0,229.04,13995.0,188.09,AA
271.7111364,69.8244805,56726.1393825,,,,,,,,,0000,1.0,95.11299896240234,00,1,neowise,10.109,0.017,9.26,0.012,65.6,88.3,18408.0,280.74,14576.0,165.13,AA
271.7112393,69.8244871,56724.29565799,,,,,,,,,0000,1.0,78.18599700927734,00,1,neowise,10.126,0.017,9.328,0.016,65.4,69.9,18123.0,277.27,13686.0,195.82,AA
271.7111549,69.8244834,56727.91740053,,,,,,,,,0000,1.0,116.53199768066406,00,1,neowise,10.146,0.014,9.268,0.014,77.5,75.6,17795.0,229.53,14463.0,191.37,AA
271.7111566,69.8244879,56725.74450784,,,,,,,,,0000,0.5,101.76000213623047,00,1,neowise,10.141,0.02,9.286,0.015,55.6,71.7,17870.0,321.55,14223.0,198.38,AA
271.7111689,69.824483,56724.16399071,,,,,,,,,0000,1.0,91.6969985961914,00,1,neowise,10.18,0.015,9.325,0.013,72.2,83.0,17249.0,238.82,13728.0,165.46,AA
271.7112206,69.8244989,56728.51003134,,,,,,,,,0000,0.5,77.13300323486328,00,1,neowise,10.118,0.014,9.274,0.013,78.3,83.1,18249.0,232.95,14391.0,173.21,AA
271.7111799,69.8244922,56727.9832342,,,,,,,,,0000,0.5,112.76399993896484,00,1,neowise,10.127,0.015,9.298,0.014,72.3,77.2,18107.0,250.37,14069.0,182.14,AA
271.7111527,69.8244899,56726.20534348,,,,,,,,,0000,1.0,86.76200103759766,00,1,neowise,10.153,0.017,9.269,0.014,62.9,75.6,17670.0,280.74,14458.0,191.2,AA
271.711181,69.8244998,56725.28354493,,,,,,,,,0000,1.0,78.27400207519531,00,1,neowise,10.175,0.016,9.3,0.016,65.8,68.5,17326.0,263.31,14051.0,205.08,AA
271.7111222,69.8244806,56727.78573321,,,,,,,,,0000,1.0,106.61000061035156,00,1,neowise,10.145,0.015,9.274,0.014,70.4,78.9,17812.0,253.03,14387.0,182.45,AA
271.7111457,69.8244822,56725.87617516,,,,,,,,,0000,1.0,115.6259994506836,00,1,neowise,10.159,0.014,9.274,0.014,78.3,75.4,17572.0,224.51,14383.0,190.85,AA
271.7111333,69.8244696,56726.07354884,,,,,,,,,0000,1.0,103.33100128173828,00,1,neowise,10.148,0.014,9.277,0.015,75.4,72.1,17754.0,235.34,14342.0,198.79,AA
271.7111262,69.8244693,56728.64169867,,,,,,,,,0000,0.5,88.44400024414062,00,1,neowise,10.154,0.015,9.292,0.015,72.7,70.5,17656.0,242.79,14153.0,200.75,AA
271.7111722,69.8244644,56726.92964095,,,,,,,,,0000,0.5,115.9229965209961,00,1,neowise,10.141,0.016,9.301,0.017,68.9,65.0,17879.0,259.53,14029.0,215.9,AA
271.711162,69.8244761,56726.5345117,,,,,,,,,0000,1.0,78.73699951171875,00,1,neowise,10.108,0.017,9.282,0.015,64.8,72.0,18422.0,284.44,14283.0,198.28,AA
271.7111649,69.8244704,56726.00771517,,,,,,,,,0000,0.5,110.53800201416016,00,1,neowise,10.142,0.015,9.291,0.015,72.8,73.8,17858.0,245.41,14162.0,191.92,AA
271.7111443,69.8244708,56728.31253036,,,,,,,,,0000,1.0,76.81400299072266,00,1,neowise,10.131,0.014,9.249,0.015,77.4,74.7,18040.0,233.19,14726.0,197.1,AA
271.7111639,69.8244725,56727.06130833,,,,,,,,,0000,1.0,104.79000091552734,00,1,neowise,10.177,0.016,9.279,0.014,67.1,80.0,17293.0,257.65,14320.0,179.05,AA
271.7111302,69.8244762,56727.85156687,,,,,,,,,0000,1.0,113.36100006103516,00,1,neowise,10.139,0.015,9.267,0.014,72.0,77.9,17911.0,248.87,14473.0,185.83,AA
271.7112001,69.8244736,56727.3247703,,,,,,,,,0000,1.0,76.4260025024414,00,1,neowise,10.094,0.016,9.252,0.016,68.2,69.0,18666.0,273.5,14678.0,212.58,AA
271.7113037,69.8244721,56727.71977219,,,,,,,,,0000,0.5,98.04499816894531,00,1,neowise,10.164,0.016,9.299,0.014,66.0,79.9,17501.0,265.13,14058.0,175.99,AA
271.71115,69.8244565,56724.75662094,,,,,,,,,0000,1.0,102.97799682617188,00,1,neowise,10.157,0.014,9.268,0.014,80.2,79.3,17611.0,219.7,14468.0,182.48,AA
271.7112342,69.8244604,56724.88841559,,,,,,,,,0000,0.5,116.56300354003906,00,1,neowise,10.207,0.016,9.368,0.015,68.5,71.3,16822.0,245.51,13188.0,185.06,AA
271.7111861,69.8244687,56725.2175839,,,,,,,,,0000,1.0,85.26200103759766,00,1,neowise,10.178,0.016,9.28,0.014,67.1,77.0,17276.0,257.6,14309.0,185.76,AA
271.7112292,69.8244656,56728.04906791,,,,,,,,,0000,0.5,106.22000122070312,00,1,neowise,10.121,0.014,9.254,0.012,75.1,87.3,18198.0,242.17,14650.0,167.87,AA
271.7111846,69.8244678,56728.70753229,,,,,,,,,0000,1.0,96.59200286865234,00,1,neowise,10.129,0.014,9.269,0.014,76.7,78.0,18069.0,235.72,14452.0,185.17,AA
271.71117,69.8244731,56727.65393852,,,,,,,,,0000,0.5,89.89299774169922,00,1,neowise,10.122,0.014,9.256,0.013,76.5,84.7,18195.0,237.88,14624.0,172.62,AA
271.7111299,69.8244708,56725.41521226,,,,,,,,,0000,1.0,74.75900268554688,00,1,neowise,10.158,0.016,9.335,0.016,67.3,69.3,17600.0,261.33,13604.0,196.19,AA
271.7112111,69.8244714,56725.15175024,,,,,,,,,0000,0.5,93.23400115966797,00,1,neowise,10.132,0.015,9.314,0.013,71.6,81.6,18017.0,251.68,13859.0,169.76,AA
271.71121,69.8244691,56725.28341757,,,,,,,,,0000,1.0,79.01899719238281,00,1,neowise,10.154,0.017,9.304,0.013,64.9,82.8,17660.0,272.2,13999.0,169.02,AA
271.7111091,69.8244696,56727.52227119,,,,,,,,,0000,1.0,77.91699981689453,00,1,neowise,10.099,0.014,9.246,0.013,76.8,85.4,18585.0,242.13,14765.0,172.85,AA
271.7111262,69.8244702,56725.54687958,,,,,,,,,0000,1.0,79.02200317382812,00,1,neowise,10.163,0.015,9.308,0.016,74.2,67.3,17522.0,236.04,13937.0,207.04,AA
271.7112891,69.824463,56728.77336595,,,,,,,,,0000,0.5,104.81099700927734,00,1,neowise,10.15,0.017,9.3,0.014,62.5,79.9,17723.0,283.77,14040.0,175.76,AA
271.7111644,69.8244722,56726.60034532,,,,,,,,,0000,0.5,84.0469970703125,00,1,neowise,10.088,0.016,9.261,0.015,68.1,70.5,18771.0,275.52,14561.0,206.47,AA
271.7111064,69.8244749,56724.36149164,,,,,,,,,0000,0.5,75.3280029296875,00,1,neowise,10.153,0.015,9.309,0.014,72.2,78.5,17675.0,244.66,13923.0,177.26,AA
271.7113868,69.8244929,56725.67854682,,,,,,,,,0000,0.5,93.00199890136719,00,1,neowise,10.138,0.018,9.26,0.014,60.6,78.0,17927.0,295.67,14573.0,186.95,AA
271.7113845,69.8244706,56726.66617898,,,,,,,,,0000,1.0,91.34700012207031,00,1,neowise,10.126,0.018,9.29,0.014,60.9,76.1,18124.0,297.41,14177.0,186.2,AA
271.7110764,69.8244768,56724.22982432,,,,,,,,,0000,1.0,83.9739990234375,00,1,neowise,10.175,0.014,9.309,0.016,79.0,68.9,17318.0,219.11,13923.0,202.06,AA
271.7110558,69.8244774,56725.8103415,,,,,,,,,0000,1.0,109.71499633789062,00,1,neowise,10.137,0.016,9.284,0.015,68.6,70.4,17932.0,261.24,14258.0,202.43,AA
271.7111114,69.8244842,56726.27117705,,,,,,,,,0000,0.5,80.13500213623047,00,1,neowise,10.119,0.016,9.284,0.013,68.0,83.2,18241.0,268.36,14258.0,171.35,AA
271.7111149,69.8244917,56727.39060396,,,,,,,,,0000,1.0,75.06600189208984,00,1,neowise,10.119,0.014,9.268,0.014,75.4,79.2,18240.0,241.82,14464.0,182.6,AA
271.7111222,69.8244955,56728.24669669,,,,,,,,,0000,1.0,81.98999786376953,00,1,neowise,10.11,0.017,9.27,0.015,65.3,73.3,18389.0,281.53,14439.0,196.91,AA
271.7111579,69.8244994,56726.79797367,,,,,,,,,0000,1.0,107.86000061035156,00,1,neowise,10.135,0.015,9.269,0.013,70.5,82.6,17972.0,254.9,14450.0,174.92,AA
271.7111205,69.8244942,56727.45643763,,,,,,,,,0000,0.5,76.00700378417969,00,1,neowise,10.13,0.015,9.292,0.013,74.2,82.8,18055.0,243.3,14155.0,170.86,AA
271.7110753,69.8244802,56727.12714199,,,,,,,,,0000,1.0,96.6969985961914,00,1,neowise,10.113,0.014,9.267,0.013,75.9,82.6,18334.0,241.67,14476.0,175.2,AA
271.7110958,69.8244818,56728.37836402,,,,,,,,,0000,0.5,74.81500244140625,00,1,neowise,10.129,0.015,9.269,0.014,70.2,75.4,18064.0,257.37,14446.0,191.55,AA
271.7110725,69.8244897,56727.71989955,,,,,,,,,0000,0.5,98.36499786376953,00,1,neowise,10.119,0.018,9.258,0.014,60.1,76.2,18233.0,303.26,14599.0,191.52,AA
271.7111012,69.8244996,56724.95424925,,,,,,,,,0000,1.0,115.18399810791016,00,1,neowise,10.15,0.018,9.312,0.014,59.2,77.4,17724.0,299.39,13891.0,179.43,AA
271.7110938,69.8244861,56726.20521612,,,,,,,,,0000,1.0,87.14600372314453,00,1,neowise,10.151,0.016,9.269,0.013,68.1,81.8,17710.0,260.04,14448.0,176.64,AA
271.7110731,69.8244889,56725.94200883,,,,,,,,,0000,1.0,115.79499816894531,00,1,neowise,10.15,0.014,9.282,0.014,75.7,78.6,17719.0,234.18,14280.0,181.77,AA
271.7110874,69.8244852,56726.33701072,,,,,,,,,0000,1.0,76.08699798583984,00,1,neowise,10.119,0.014,9.258,0.014,76.3,77.4,18235.0,238.99,14600.0,188.68,AA
271.7110571,69.8244849,56726.46867804,,,,,,,,,0000,1.0,76.35600280761719,00,1,neowise,10.109,0.014,9.282,0.014,77.7,79.4,18405.0,237.01,14286.0,179.9,AA
271.7110969,69.8244824,56725.34937859,,,,,,,,,0000,1.0,74.79499816894531,00,1,neowise,10.143,0.016,9.318,0.014,66.6,79.8,17846.0,267.8,13809.0,172.96,AA
271.7110735,69.8244794,56726.86380729,,,,,,,,,0000,0.5,114.14099884033203,00,1,neowise,10.127,0.014,9.273,0.014,78.5,76.1,18105.0,230.77,14404.0,189.22,AA
271.711083,69.8244884,56726.66630634,,,,,,,,,0000,1.0,91.43499755859375,00,1,neowise,10.125,0.019,9.3,0.015,56.0,73.9,18138.0,323.73,14045.0,190.08,AA
271.7111065,69.824502,56726.99547462,,,,,,,,,0000,0.5,111.6259994506836,00,1,neowise,10.15,0.015,9.279,0.013,74.1,85.8,17724.0,239.14,14313.0,166.73,AA
271.7110822,69.8244836,56728.77349331,,,,,,,,,0000,1.0,105.15899658203125,00,1,neowise,10.164,0.017,9.277,0.015,62.8,72.8,17498.0,278.81,14342.0,196.87,AA
271.7110886,69.8244882,56724.09815704,,,,,,,,,0000,1.0,100.18099975585938,00,1,neowise,10.131,0.014,9.284,0.014,76.4,79.2,18036.0,235.95,14252.0,180.04,AA
271.7110169,69.8245107,56724.03232338,,,,,,,,,0000,0.5,108.16799926757812,00,1,neowise,10.169,0.018,9.302,0.017,59.4,64.1,17410.0,292.95,14022.0,218.88,AA
271.7110743,69.8244891,56727.19310297,,,,,,,,,0000,0.5,88.0790023803711,00,1,neowise,10.145,0.017,9.28,0.015,63.9,70.2,17805.0,278.74,14302.0,203.65,AA
271.7118198,69.8242934,57272.70702199,,,,,,,,,0000,0.0,77.8479995727539,00,2,neowise,11.226,0.019,10.12,0.016,55.8,66.2,6509.4,116.62,6458.6,97.526,AA
271.7118889,69.8242846,57273.23178241,,,,,,,,,0000,0.0,110.61100006103516,00,2,neowise,11.114,0.019,9.982,0.016,58.4,66.9,7219.5,123.55,7334.9,109.57,AA
271.7103017,69.825019,57273.75654282,,,,,,,,,0000,0.0,75.1729965209961,00,1,neowise,10.579,0.018,9.835,0.015,61.2,70.3,11813.0,193.0,8397.3,119.47,AA
271.7115475,69.8243774,57271.26389902,,,,,,,,,0000,0.0,113.75,00,1,neowise,10.428,0.015,9.55,0.013,71.1,83.6,13585.0,190.98,10914.0,130.49,AA
271.7115252,69.8243655,57274.28130324,,,,,,,,,0000,0.0,115.12899780273438,00,1,neowise,10.352,0.018,9.36,0.015,59.9,70.5,14560.0,242.88,12997.0,184.45,AA
271.7109974,69.8242896,57269.68961782,,,,,,,,,0000,0.0,79.21099853515625,00,1,neowise,11.429,0.02,10.415,0.018,54.9,58.8,5401.1,98.408,4922.6,83.757,AA
271.7112524,69.8243243,57272.18226159,,,,,,,,,0000,0.0,104.95099639892578,00,2,neowise,11.183,0.02,10.234,0.018,53.5,60.9,6773.6,126.59,5812.5,95.403,AA
271.7110845,69.8244546,57274.34675506,,,,,,,,,0000,1.0,116.93900299072266,00,1,neowise,10.05,0.014,9.221,0.015,75.8,73.5,19234.0,253.59,14781.0,201.19,AA
271.7110905,69.8244722,57269.9519344,,,,,,,,,0000,0.5,78.43399810791016,00,1,neowise,10.019,0.015,9.21,0.015,72.4,73.9,19801.0,273.36,14928.0,202.01,AA
271.7110989,69.8244449,57273.16607596,,,,,,,,,0000,1.0,102.8239974975586,00,1,neowise,10.044,0.019,9.221,0.015,56.2,72.0,19343.0,344.38,14774.0,205.12,AA
271.7110385,69.8244569,57273.82199464,,,,,,,,,0000,1.0,74.10199737548828,00,1,neowise,10.064,0.015,9.229,0.013,74.4,83.3,18990.0,255.4,14675.0,176.22,AA
271.7111025,69.8244613,57273.29723418,,,,,,,,,0000,1.0,116.7490005493164,00,1,neowise,10.048,0.015,9.206,0.014,73.9,75.5,19277.0,260.98,14991.0,198.55,AA
271.7110901,69.8244557,57269.68949051,,,,,,,,,0000,1.0,78.83300018310547,00,1,neowise,10.002,0.017,9.161,0.015,65.3,73.4,20103.0,307.83,15613.0,212.61,AA
271.711103,69.8244605,57273.1659486,,,,,,,,,0000,1.0,102.70999908447266,00,1,neowise,10.048,0.016,9.235,0.014,66.4,76.7,19277.0,290.26,14588.0,190.29,AA
271.7110448,69.8244476,57273.88770109,,,,,,,,,0000,0.0,75.54299926757812,00,1,neowise,10.131,0.016,9.254,0.016,66.7,67.2,17856.0,267.77,14331.0,213.19,AA
271.711071,69.8244414,57273.36294067,,,,,,,,,0000,0.0,115.36000061035156,00,1,neowise,10.117,0.016,9.275,0.014,68.0,76.8,18078.0,265.69,14064.0,183.18,AA
271.7111004,69.824441,57274.4124615,,,,,,,,,0000,0.5,111.64299774169922,00,1,neowise,10.075,0.016,9.217,0.016,68.4,69.8,18807.0,274.76,14837.0,212.68,AA
271.7110913,69.8244642,57269.55833163,,,,,,,,,0000,1.0,93.86499786376953,00,1,neowise,10.017,0.016,9.141,0.014,69.6,74.9,19823.0,284.91,15913.0,212.51,AA
271.7110952,69.8244628,57274.21559675,,,,,,,,,0000,1.0,108.98799896240234,00,1,neowise,10.007,0.017,9.224,0.013,63.3,86.8,20016.0,316.07,14734.0,169.82,AA
271.7110824,69.8244492,57273.69083633,,,,,,,,,0000,1.0,78.68900299072266,00,1,neowise,10.052,0.021,9.2,0.015,52.8,71.5,19195.0,363.78,15072.0,210.87,AA
271.7110735,69.8244665,57273.42839249,,,,,,,,,0000,0.5,110.75199890136719,00,1,neowise,10.066,0.014,9.196,0.014,75.2,77.6,18959.0,252.25,15120.0,194.93,AA
271.7110799,69.8244608,57270.08309271,,,,,,,,,0000,0.5,91.94200134277344,00,1,neowise,9.999,0.017,9.161,0.013,64.4,86.0,20162.0,313.24,15619.0,181.53,AA
271.7112854,69.8244207,57272.83818025,,,,,,,,,0000,0.0,75.02899932861328,00,1,neowise,10.294,0.015,9.385,0.013,70.9,85.9,15367.0,216.6,12706.0,147.84,AA
271.7112337,69.8244036,57271.78865943,,,,,,,,,0000,0.0,74.56099700927734,00,1,neowise,10.371,0.016,9.499,0.014,68.2,79.4,14314.0,209.83,11437.0,143.97,AA
271.7112196,69.8244168,57272.31341985,,,,,,,,,0000,0.0,117.13200378417969,00,1,neowise,10.295,0.017,9.432,0.016,62.1,66.1,15345.0,247.06,12169.0,184.23,AA
271.7111544,69.8244402,57269.88622791,,,,,,,,,0000,1.0,75.10099792480469,00,1,neowise,10.012,0.014,9.174,0.014,76.1,79.0,19925.0,261.66,15430.0,195.41,AA
271.7111346,69.8244575,57273.49409898,,,,,,,,,0000,1.0,102.31999969482422,00,1,neowise,10.042,0.015,9.219,0.014,73.2,78.6,19377.0,264.84,14807.0,188.33,AA
271.7111164,69.8244634,57272.44457816,,,,,,,,,0000,0.5,108.31800079345703,00,1,neowise,10.095,0.017,9.243,0.014,63.5,79.9,18462.0,290.73,14478.0,181.09,AA
271.7111549,69.8244682,57272.05097601,,,,,,,,,0000,0.5,87.82599639892578,00,1,neowise,10.078,0.017,9.231,0.016,62.3,69.8,18754.0,300.97,14641.0,209.7,AA
271.7112309,69.8244478,57274.15001771,,,,,,,,,0000,0.5,100.697998046875,00,1,neowise,10.017,0.017,9.218,0.015,64.3,73.5,19826.0,308.1,14813.0,201.6,AA
271.7112982,69.8244661,57269.82077609,,,,,,,,,0000,0.0,74.90499877929688,00,1,neowise,10.328,0.016,9.326,0.016,68.0,69.1,14889.0,218.94,13417.0,194.17,AA
271.7111764,69.8244632,57270.01738622,,,,,,,,,0000,0.5,83.62100219726562,00,1,neowise,10.028,0.015,9.18,0.014,70.3,78.8,19634.0,279.12,15347.0,194.82,AA
271.7111377,69.8244624,57271.52621559,,,,,,,,,0000,0.5,98.197998046875,00,1,neowise,10.102,0.016,9.257,0.013,68.3,83.6,18335.0,268.27,14294.0,170.99,AA
271.711158,69.8244502,57272.77247376,,,,,,,,,0000,1.0,74.06300354003906,00,1,neowise,10.068,0.017,9.239,0.014,65.0,79.4,18916.0,290.83,14539.0,183.03,AA
271.7111952,69.8244564,57273.62525725,,,,,,,,,0000,0.5,85.44599914550781,00,1,neowise,10.046,0.017,9.184,0.017,62.5,64.4,19309.0,309.03,15289.0,237.42,AA
271.7111146,69.8244508,57273.5595508,,,,,,,,,0000,0.5,93.94999694824219,00,1,neowise,10.06,0.014,9.216,0.014,78.8,76.5,19053.0,241.71,14844.0,194.02,AA
271.7111563,69.8244511,57270.14854448,,,,,,,,,0000,0.5,100.4280014038086,00,1,neowise,10.036,0.015,9.189,0.014,74.2,75.8,19480.0,262.56,15221.0,200.84,AA
271.7111581,69.8244615,57273.10049688,,,,,,,,,0000,1.0,94.1449966430664,00,1,neowise,10.065,0.018,9.227,0.013,61.7,83.3,18969.0,307.56,14702.0,176.5,AA
271.7111834,69.8244485,57272.64118814,,,,,,,,,0000,1.0,83.44400024414062,00,1,neowise,10.06,0.014,9.231,0.015,75.1,71.5,19059.0,253.8,14638.0,204.59,AA
271.7111428,69.8244563,57272.90363207,,,,,,,,,0000,0.5,75.1240005493164,00,1,neowise,10.046,0.014,9.23,0.014,75.8,75.7,19303.0,254.77,14658.0,193.56,AA
271.7112251,69.8244342,57270.34553655,,,,,,,,,0000,0.0,116.18099975585938,00,1,neowise,10.262,0.015,9.434,0.015,71.9,70.7,15829.0,220.09,12143.0,171.78,AA
271.7111105,69.8244505,57269.75506959,,,,,,,,,0000,1.0,74.87000274658203,00,1,neowise,10.043,0.018,9.153,0.014,59.1,80.1,19361.0,327.79,15736.0,196.39,AA
271.7111605,69.8244576,57272.18213427,,,,,,,,,0000,1.0,104.91400146484375,00,1,neowise,10.057,0.021,9.219,0.015,52.7,74.5,19114.0,362.6,14806.0,198.64,AA
271.711199,69.8244573,57272.57573641,,,,,,,,,0000,0.5,91.61900329589844,00,1,neowise,10.044,0.017,9.241,0.015,65.5,70.8,19347.0,295.39,14512.0,205.09,AA
271.7111453,69.8244461,57272.96933856,,,,,,,,,0000,0.5,79.60199737548828,00,1,neowise,10.067,0.016,9.217,0.013,65.9,86.4,18941.0,287.6,14834.0,171.75,AA
271.7111098,69.8244643,57273.69070902,,,,,,,,,0000,0.5,78.30999755859375,00,1,neowise,10.054,0.018,9.218,0.014,60.1,79.3,19165.0,318.7,14817.0,186.91,AA
271.7111156,69.824457,57274.08431122,,,,,,,,,0000,1.0,91.60600280761719,00,1,neowise,10.072,0.015,9.238,0.015,73.5,74.5,18848.0,256.33,14553.0,195.33,AA
271.7111332,69.8244439,57273.03479038,,,,,,,,,0000,0.5,85.28500366210938,00,1,neowise,10.059,0.014,9.243,0.014,79.3,78.4,19080.0,240.75,14487.0,184.75,AA
271.7111067,69.8244673,57271.00145522,,,,,,,,,0000,0.5,82.33399963378906,00,1,neowise,10.11,0.015,9.249,0.015,71.4,74.2,18195.0,254.67,14403.0,194.06,AA
271.7111165,69.8244635,57271.65737385,,,,,,,,,0000,1.0,81.82499694824219,00,1,neowise,10.057,0.018,9.249,0.016,60.5,68.7,19108.0,316.0,14404.0,209.71,AA
271.7111468,69.8244702,57274.0188594,,,,,,,,,0000,1.0,84.12799835205078,00,1,neowise,10.064,0.014,9.224,0.014,77.8,80.4,18991.0,244.21,14740.0,183.31,AA
271.7104628,69.8245575,57271.65750117,,,,,,,,,0000,0.0,82.06300354003906,00,2,neowise,11.411,0.02,10.272,0.019,53.8,58.7,5490.4,102.01,5615.3,95.686,AA
271.7110564,69.8244702,57273.95315291,,,,,,,,,0000,1.0,77.68299865722656,00,1,neowise,10.043,0.014,9.214,0.013,76.3,83.6,19368.0,253.79,14874.0,177.87,AA
271.7110445,69.8244657,57270.87029691,,,,,,,,,0000,0.0,75.30799865722656,00,1,neowise,10.112,0.014,9.27,0.014,76.0,75.8,18164.0,238.87,14128.0,186.44,AA
271.7110678,69.8244683,57271.91981774,,,,,,,,,0000,0.5,76.51699829101562,00,1,neowise,10.105,0.015,9.243,0.014,71.5,76.7,18280.0,255.63,14488.0,188.95,AA
271.7110509,69.824468,57271.39505733,,,,,,,,,0000,0.5,113.21299743652344,00,1,neowise,10.112,0.016,9.256,0.014,69.0,78.6,18167.0,263.28,14306.0,181.89,AA
271.7111524,69.8245097,57270.60785307,,,,,,,,,0000,1.0,87.51899719238281,00,1,neowise,9.97,0.024,9.161,0.016,45.3,68.0,20701.0,456.78,15621.0,229.7,AA
271.7110716,69.8245696,57270.7391386,,,,,,,,,0000,0.0,75.86699676513672,00,1,neowise,10.961,0.017,9.807,0.015,65.6,74.6,8312.7,126.75,8616.2,115.5,AA
271.7092643,69.8250184,57270.21437829,,,,,,,,,0000,0.0,108.72899627685547,00,1,neowise,10.916,0.019,9.992,0.019,58.5,56.0,8663.7,148.16,7264.3,129.69,AA
271.7110855,69.8244509,57985.54004251,,,,,,,,,0000,1.0,100.552001953125,00,1,neowise,10.113,0.015,9.267,0.014,71.7,79.0,18165.0,253.29,14143.0,179.0,AA
271.7110905,69.8244735,57985.93287951,,,,,,,,,0000,0.5,75.9260025024414,00,1,neowise,10.117,0.015,9.296,0.015,74.0,73.9,18090.0,244.34,13775.0,186.38,AA
271.7111013,69.8244684,57988.28977469,,,,,,,,,0000,0.5,113.21299743652344,00,1,neowise,10.085,0.016,9.198,0.017,68.3,64.1,18638.0,272.98,15078.0,235.37,AA
271.7110788,69.8244697,57988.81351494,,,,,,,,,0000,1.0,74.447998046875,00,1,neowise,10.1,0.018,9.267,0.016,58.8,69.6,18376.0,312.62,14147.0,203.17,AA
271.7109929,69.8244398,57989.206352,,,,,,,,,0000,0.5,103.84500122070312,00,1,neowise,10.141,0.019,9.239,0.014,58.3,77.2,17704.0,303.76,14521.0,188.11,AA
271.7111575,69.8244932,57986.32571705,,,,,,,,,0000,0.0,116.0009994506836,00,1,neowise,10.219,0.015,9.44,0.013,73.1,80.4,16477.0,225.42,12066.0,150.03,AA
271.7111654,69.8244891,57987.24229422,,,,,,,,,0000,0.0,108.197998046875,00,1,neowise,10.296,0.015,9.476,0.015,71.8,70.2,15339.0,213.61,11672.0,166.16,AA
271.7112318,69.8245077,57988.94454556,,,,,,,,,0000,0.0,76.61699676513672,00,1,neowise,11.799,0.021,10.801,0.022,50.7,50.0,3842.5,75.762,3442.6,68.915,AA
271.7111092,69.8244568,57986.06378333,,,,,,,,,0000,0.5,85.6709976196289,00,1,neowise,10.102,0.019,9.269,0.015,58.6,73.1,18352.0,312.94,14120.0,193.15,AA
271.7111561,69.824457,57986.4566203,,,,,,,,,0000,1.0,110.47200012207031,00,1,neowise,10.098,0.015,9.272,0.013,70.7,81.3,18414.0,260.55,14081.0,173.21,AA
271.7111928,69.8244352,57986.98036051,,,,,,,,,0000,0.5,78.0469970703125,00,1,neowise,10.059,0.017,9.224,0.013,65.0,81.1,19090.0,293.87,14714.0,181.46,AA
271.7111706,69.824456,57987.37319747,,,,,,,,,0000,1.0,116.6510009765625,00,1,neowise,10.074,0.016,9.214,0.016,68.5,66.5,18831.0,274.81,14848.0,223.37,AA
271.7110777,69.8244524,56733.6462027,,,,,,,,,0000,1.0,88.94400024414062,00,1,neowise,10.182,0.014,9.326,0.014,77.9,79.3,17205.0,220.89,13714.0,172.96,AA
271.7110911,69.8244661,56733.77786998,,,,,,,,,0000,1.0,105.69100189208984,00,1,neowise,10.214,0.013,9.334,0.014,81.6,80.2,16718.0,204.83,13613.0,169.81,AA
271.7111285,69.8244584,56733.38286804,,,,,,,,,0000,1.0,74.39800262451172,00,1,neowise,10.156,0.016,9.285,0.014,69.4,79.4,17628.0,254.05,14244.0,179.36,AA
271.7111733,69.8244505,56733.11940606,,,,,,,,,0000,0.5,97.5009994506836,00,1,neowise,10.135,0.014,9.264,0.013,78.9,82.0,17967.0,227.74,14514.0,177.1,AA
271.7111322,69.8244757,56733.51453537,,,,,,,,,0000,1.0,76.98799896240234,00,1,neowise,10.179,0.014,9.328,0.013,76.5,83.2,17260.0,225.65,13689.0,164.45,AA
271.7111914,69.8244598,56733.25107335,,,,,,,,,0000,0.5,81.89700317382812,00,1,neowise,10.124,0.016,9.274,0.014,66.6,79.9,18160.0,272.69,14385.0,179.97,AA
271.7111201,69.8244521,56733.25120072,,,,,,,,,0000,0.5,81.2040023803711,00,1,neowise,10.219,0.019,9.324,0.014,58.2,75.5,16628.0,285.83,13743.0,182.07,AA
271.7110736,69.8244546,56914.4649242,,,,,,,,,0000,1.0,104.58399963378906,00,1,neowise,10.214,0.018,9.342,0.015,60.9,74.4,16526.0,271.37,13180.0,177.07,AA
271.7110791,69.824464,56914.07030389,,,,,,,,,0000,1.0,92.03099822998047,00,1,neowise,10.2,0.015,9.311,0.014,71.0,78.8,16745.0,235.9,13568.0,172.15,AA
271.7110698,69.824454,56915.91199278,,,,,,,,,0000,1.0,76.58799743652344,00,1,neowise,10.107,0.015,9.249,0.013,71.9,84.2,18238.0,253.51,14356.0,170.39,AA
271.7110876,69.8244715,56914.59646432,,,,,,,,,0000,1.0,87.06099700927734,00,1,neowise,10.191,0.019,9.332,0.015,57.3,74.2,16884.0,294.4,13302.0,179.15,AA
271.7110957,69.8244694,56914.85954456,,,,,,,,,0000,1.0,74.61199951171875,00,1,neowise,10.18,0.019,9.308,0.014,58.1,77.5,17062.0,293.85,13604.0,175.58,AA
271.7110883,69.8244382,56915.71461888,,,,,,,,,0000,0.5,75.84600067138672,00,1,neowise,10.09,0.019,9.256,0.016,58.1,69.9,18526.0,318.97,14264.0,204.07,AA
271.711091,69.8244716,56914.20184396,,,,,,,,,0000,1.0,109.1760025024414,00,1,neowise,10.192,0.016,9.31,0.014,69.3,79.8,16862.0,243.34,13581.0,170.29,AA
271.711098,69.8244724,56912.82060906,,,,,,,,,0000,1.0,74.27100372314453,00,1,neowise,10.155,0.018,9.276,0.014,59.6,79.4,17451.0,292.63,14007.0,176.36,AA
271.7111016,69.8244576,56912.55752878,,,,,,,,,0000,1.0,92.0530014038086,00,1,neowise,10.139,0.017,9.278,0.014,65.8,79.7,17720.0,269.45,13985.0,175.39,AA
271.7110721,69.8244667,56913.74151722,,,,,,,,,0000,1.0,74.98799896240234,00,1,neowise,10.144,0.016,9.314,0.014,65.9,76.7,17636.0,267.47,13524.0,176.36,AA
271.7110998,69.8244488,56915.25429219,,,,,,,,,0000,1.0,114.31900024414062,00,1,neowise,10.116,0.016,9.276,0.013,66.0,84.6,18091.0,274.24,14009.0,165.66,AA
271.7110918,69.8244664,56915.51737237,,,,,,,,,0000,1.0,97.40399932861328,00,1,neowise,10.139,0.016,9.296,0.014,68.4,77.4,17714.0,259.16,13751.0,177.66,AA
271.7110823,69.8244662,56913.08381667,,,,,,,,,0000,1.0,94.01599884033203,00,1,neowise,10.14,0.016,9.293,0.014,65.8,80.4,17695.0,268.9,13791.0,171.55,AA
271.7111007,69.8244666,56916.7012334,,,,,,,,,0000,1.0,76.80599975585938,00,1,neowise,10.155,0.016,9.276,0.016,68.7,69.7,17456.0,254.11,14012.0,201.01,AA
271.7110971,69.8244648,56914.33338407,,,,,,,,,0000,1.0,116.95800018310547,00,1,neowise,10.189,0.016,9.338,0.014,67.4,78.9,16921.0,251.2,13224.0,167.66,AA
271.711127,69.8244791,56912.75490264,,,,,,,,,0000,1.0,74.53800201416016,00,1,neowise,10.157,0.017,9.291,0.014,63.3,75.2,17422.0,275.19,13819.0,183.74,AA
271.7111824,69.8245003,56914.99108468,,,,,,,,,0000,1.0,82.19499969482422,00,1,neowise,10.197,0.018,9.298,0.014,61.7,78.4,16796.0,272.33,13728.0,175.17,AA
271.7111344,69.8244858,56914.66229801,,,,,,,,,0000,1.0,79.93099975585938,00,1,neowise,10.217,0.016,9.286,0.015,68.1,73.3,16492.0,242.06,13879.0,189.34,AA
271.7111803,69.824448,56912.88644281,,,,,,,,,0000,1.0,75.6240005493164,00,1,neowise,10.167,0.015,9.269,0.014,73.5,77.5,17264.0,234.73,14101.0,181.94,AA
271.7111645,69.8244347,56916.63552703,,,,,,,,,0000,1.0,82.63300323486328,00,1,neowise,10.155,0.017,9.294,0.017,63.1,65.5,17454.0,276.76,13771.0,210.23,AA
271.7111136,69.8244665,56912.68906895,,,,,,,,,0000,1.0,77.56800079345703,00,1,neowise,10.136,0.016,9.27,0.014,67.4,79.4,17768.0,263.51,14088.0,177.48,AA
271.7111507,69.8244578,56913.14952309,,,,,,,,,0000,1.0,102.66200256347656,00,1,neowise,10.148,0.015,9.269,0.014,71.7,75.1,17563.0,244.96,14096.0,187.76,AA
271.7111325,69.8244603,56914.85967192,,,,,,,,,0000,1.0,75.35099792480469,00,1,neowise,10.192,0.017,9.311,0.015,62.8,72.1,16866.0,268.41,13557.0,188.01,AA
271.7111424,69.8244504,56916.04353295,,,,,,,,,0000,1.0,88.63200378417969,00,1,neowise,10.145,0.015,9.281,0.015,72.0,74.2,17615.0,244.71,13947.0,187.84,AA
271.7111699,69.8244675,56913.60997711,,,,,,,,,0000,1.0,85.49800109863281,00,1,neowise,10.042,0.021,9.297,0.014,51.1,80.0,19367.0,379.35,13737.0,171.75,AA
271.7111189,69.8244732,56912.95214919,,,,,,,,,0000,1.0,78.79100036621094,00,1,neowise,10.164,0.019,9.279,0.014,57.6,77.7,17308.0,300.74,13963.0,179.62,AA
271.7111526,69.8244551,56912.49182241,,,,,,,,,0000,1.0,100.75199890136719,00,1,neowise,10.149,0.018,9.279,0.014,61.0,75.4,17556.0,288.02,13963.0,185.31,AA
271.7111275,69.8244378,56912.82073639,,,,,,,,,0000,0.5,75.00900268554688,00,1,neowise,10.102,0.019,9.306,0.016,56.2,69.5,18326.0,326.09,13628.0,196.16,AA
271.711155,69.8244534,56916.30661309,,,,,,,,,0000,1.0,117.59300231933594,00,1,neowise,10.139,0.015,9.292,0.014,73.9,75.6,17718.0,239.68,13803.0,182.49,AA
271.7111757,69.8244424,56915.97782657,,,,,,,,,0000,1.0,81.71600341796875,00,1,neowise,10.102,0.018,9.274,0.015,59.9,70.7,18329.0,305.86,14029.0,198.56,AA
271.7112054,69.8244522,56913.28106317,,,,,,,,,0000,1.0,116.4800033569336,00,1,neowise,10.145,0.015,9.279,0.014,74.3,77.8,17607.0,236.98,13963.0,179.55,AA
271.7111509,69.8244376,56917.03014743,,,,,,,,,0000,1.0,87.15799713134766,00,1,neowise,10.141,0.018,9.317,0.013,61.9,83.2,17683.0,285.85,13484.0,162.13,AA
271.7112062,69.8244537,56912.49169509,,,,,,,,,0000,1.0,101.02899932861328,00,1,neowise,10.143,0.017,9.261,0.013,65.1,81.6,17649.0,271.04,14209.0,174.11,AA
271.7111764,69.8244502,56912.62336252,,,,,,,,,0000,1.0,83.96199798583984,00,1,neowise,10.128,0.016,9.267,0.015,69.5,72.0,17900.0,257.41,14120.0,196.0,AA
271.7111229,69.8244481,56915.64891249,,,,,,,,,0000,1.0,81.2750015258789,00,1,neowise,10.113,0.016,9.287,0.012,66.2,88.2,18146.0,274.25,13860.0,157.11,AA
271.7111167,69.8244555,56914.53075794,,,,,,,,,0000,1.0,95.65699768066406,00,1,neowise,10.205,0.017,9.347,0.013,63.8,82.2,16668.0,261.17,13123.0,159.73,AA
271.7111792,69.8244561,56915.05691841,,,,,,,,,0000,0.5,90.21399688720703,00,1,neowise,10.124,0.018,9.271,0.014,61.3,76.2,17960.0,293.01,14067.0,184.67,AA
271.7111989,69.824449,56913.41260324,,,,,,,,,0000,1.0,110.49500274658203,00,1,neowise,10.146,0.015,9.286,0.014,72.0,78.8,17595.0,244.32,13883.0,176.21,AA
271.7111695,69.8244382,56916.24090671,,,,,,,,,0000,1.0,113.05599975585938,00,1,neowise,10.149,0.019,9.286,0.015,56.7,71.0,17550.0,309.58,13878.0,195.41,AA
271.7111622,69.8244345,56914.92537834,,,,,,,,,0000,1.0,77.1500015258789,00,1,neowise,10.14,0.016,9.305,0.013,66.9,80.9,17703.0,264.53,13635.0,168.54,AA
271.7112229,69.8244408,56915.31999856,,,,,,,,,0000,0.5,117.3740005493164,00,1,neowise,10.098,0.017,9.268,0.015,65.3,70.4,18388.0,281.64,14114.0,200.41,AA
271.7111419,69.8244566,56914.99121208,,,,,,,,,0000,1.0,82.875,00,1,neowise,10.168,0.017,9.303,0.016,64.6,68.8,17248.0,267.03,13662.0,198.45,AA
271.7111264,69.8244602,56915.8462864,,,,,,,,,0000,1.0,75.3280029296875,00,1,neowise,10.094,0.019,9.257,0.016,58.5,68.1,18467.0,315.77,14254.0,209.28,AA
271.7111181,69.824451,56916.83277352,,,,,,,,,0000,1.0,74.61199951171875,00,1,neowise,10.169,0.016,9.294,0.017,67.8,65.7,17227.0,254.25,13777.0,209.81,AA
271.711183,69.8244595,56916.17507302,,,,,,,,,0000,1.0,105.90799713134766,00,1,neowise,10.147,0.015,9.292,0.014,72.5,77.0,17584.0,242.69,13800.0,179.34,AA
271.7112024,69.8244571,56915.84615904,,,,,,,,,0000,1.0,74.58999633789062,00,1,neowise,10.124,0.019,9.263,0.015,56.2,71.6,17956.0,319.42,14181.0,198.19,AA
271.7111383,69.8244492,56913.87305734,,,,,,,,,0000,1.0,75.41400146484375,00,1,neowise,10.181,0.016,9.338,0.013,69.1,84.7,17045.0,246.62,13227.0,156.18,AA
271.7111448,69.8244342,56916.37244683,,,,,,,,,0000,1.0,113.7959976196289,00,1,neowise,10.115,0.017,9.27,0.017,63.5,64.5,18107.0,285.04,14079.0,218.33,AA
271.7111211,69.8244631,56916.56969333,,,,,,,,,0000,1.0,90.49199676513672,00,1,neowise,10.168,0.015,9.284,0.014,73.5,76.3,17249.0,234.77,13899.0,182.18,AA
271.7112043,69.8244252,56915.71474624,,,,,,,,,0000,1.0,76.3759994506836,00,1,neowise,10.079,0.02,9.24,0.018,55.4,60.6,18711.0,337.96,14486.0,238.87,AA
271.71111,69.8244566,56912.95227655,,,,,,,,,0000,0.5,79.53500366210938,00,1,neowise,10.156,0.022,9.286,0.015,49.4,71.9,17439.0,352.83,13877.0,192.93,AA
271.7111781,69.8244429,56915.18845848,,,,,,,,,0000,1.0,107.56400299072266,00,1,neowise,10.111,0.016,9.266,0.015,66.1,73.8,18177.0,275.17,14134.0,191.4,AA
271.7111422,69.8244483,56913.54414336,,,,,,,,,0000,1.0,93.88300323486328,00,1,neowise,10.134,0.015,9.262,0.016,72.9,68.1,17800.0,244.03,14192.0,208.39,AA
271.7112198,69.8244401,56913.67568348,,,,,,,,,0000,1.0,78.69000244140625,00,1,neowise,10.101,0.016,9.239,0.016,69.9,69.8,18344.0,262.39,14488.0,207.52,AA
271.7111519,69.8244555,56914.2676777,,,,,,,,,0000,0.5,115.46700286865234,00,1,neowise,10.202,0.016,9.354,0.015,69.4,71.7,16710.0,240.91,13041.0,181.95,AA
271.7111315,69.8244451,56916.96431369,,,,,,,,,0000,1.0,79.98500061035156,00,1,neowise,10.161,0.015,9.307,0.015,70.7,71.3,17358.0,245.41,13619.0,190.91,AA
271.7111172,69.8244754,56914.39921782,,,,,,,,,0000,1.0,111.7490005493164,00,1,neowise,10.198,0.016,9.327,0.013,66.8,82.0,16771.0,251.08,13360.0,162.86,AA
271.7111379,69.8244626,56913.8072236,,,,,,,,,0000,1.0,74.1780014038086,00,1,neowise,10.157,0.015,9.297,0.014,73.4,80.2,17428.0,237.39,13734.0,171.24,AA
271.7111312,69.8244478,56914.00459747,,,,,,,,,0000,1.0,84.16999816894531,00,1,neowise,10.195,0.015,9.314,0.016,71.3,69.0,16823.0,235.97,13521.0,195.84,AA
271.7111651,69.82446,56916.43815321,,,,,,,,,0000,1.0,107.63500213623047,00,1,neowise,10.148,0.015,9.286,0.014,70.4,79.2,17574.0,249.69,13884.0,175.35,AA
271.7111221,69.8244682,56914.72800443,,,,,,,,,0000,1.0,75.02999877929688,00,1,neowise,10.189,0.017,9.306,0.014,63.2,76.4,16912.0,267.76,13628.0,178.27,AA
271.7111801,69.82446,56913.01798293,,,,,,,,,0000,1.0,85.58899688720703,00,1,neowise,10.14,0.014,9.294,0.014,75.0,76.8,17690.0,235.76,13783.0,179.47,AA
271.7111757,69.8244631,56914.79383818,,,,,,,,,0000,1.0,74.1240005493164,00,1,neowise,10.172,0.017,9.343,0.015,65.2,71.6,17180.0,263.67,13166.0,183.79,AA
271.7111317,69.8244636,56915.3858323,,,,,,,,,0000,1.0,112.85399627685547,00,1,neowise,10.149,0.016,9.307,0.015,67.8,74.1,17550.0,258.75,13612.0,183.59,AA
271.7111391,69.8244319,56916.10936664,,,,,,,,,0000,1.0,97.37999725341797,00,1,neowise,10.096,0.02,9.301,0.016,55.6,67.6,18430.0,331.47,13687.0,202.33,AA
271.7111269,69.824454,56913.93876372,,,,,,,,,0000,1.0,77.88600158691406,00,1,neowise,10.199,0.015,9.337,0.015,73.3,71.5,16760.0,228.52,13246.0,185.25,AA
271.7111051,69.8244524,56915.58307875,,,,,,,,,0000,1.0,88.75199890136719,00,1,neowise,10.094,0.02,9.251,0.016,54.8,69.5,18458.0,336.83,14338.0,206.33,AA
271.7111648,69.8244468,56916.76706714,,,,,,,,,0000,1.0,74.47599792480469,00,1,neowise,10.155,0.017,9.294,0.016,63.9,67.7,17452.0,273.28,13780.0,203.48,AA
271.7111051,69.8244455,56913.34689686,,,,,,,,,0000,1.0,115.58200073242188,00,1,neowise,10.111,0.017,9.28,0.013,63.0,82.2,18181.0,288.38,13962.0,169.8,AA
271.7111476,69.8244466,56916.89860727,,,,,,,,,0000,1.0,76.21600341796875,00,1,neowise,10.159,0.017,9.324,0.014,64.2,78.1,17387.0,270.69,13405.0,171.62,AA
271.7111372,69.8244402,56915.78045262,,,,,,,,,0000,1.0,74.21099853515625,00,1,neowise,10.127,0.016,9.276,0.014,68.1,75.9,17909.0,262.99,14005.0,184.45,AA
271.7110734,69.8244702,56915.58320606,,,,,,,,,0000,1.0,88.73200225830078,00,1,neowise,10.12,0.019,9.292,0.021,56.6,52.2,18024.0,318.64,13796.0,264.49,AA
271.7110088,69.8244623,56913.21535679,,,,,,,,,0000,1.0,110.53600311279297,00,1,neowise,10.125,0.016,9.297,0.014,66.3,78.4,17945.0,270.8,13745.0,175.3,AA
271.7110817,69.8244792,56914.13613758,,,,,,,,,0000,1.0,100.9219970703125,00,1,neowise,10.117,0.018,9.328,0.016,59.9,70.0,18080.0,301.87,13348.0,190.81,AA
271.7113264,69.8244539,57093.88649733,,,,,,,,,0000,0.0,114.58999633789062,00,1,neowise,10.209,0.018,9.383,0.015,59.1,72.4,16615.0,281.04,12735.0,176.01,AA
271.7112937,69.8245094,57090.3403885,,,,,,,,,0000,0.0,76.66799926757812,00,1,neowise,10.164,0.016,9.289,0.014,69.0,78.3,17311.0,250.74,13876.0,177.32,AA
271.7111431,69.8244837,57093.36122817,,,,,,,,,0000,0.5,75.26100158691406,00,1,neowise,10.172,0.014,9.328,0.014,77.6,75.1,17193.0,221.55,13395.0,178.41,AA
271.7113517,69.8245272,57090.07769028,,,,,,,,,0000,0.0,104.34600067138672,00,1,neowise,10.23,0.018,9.319,0.014,59.4,77.0,16296.0,274.11,13502.0,175.43,AA
271.7113417,69.8245356,57089.55229372,,,,,,,,,0000,0.0,79.07599639892578,00,1,neowise,10.215,0.017,9.509,0.016,65.0,69.3,16519.0,254.21,11339.0,163.54,AA
271.7111785,69.8244771,57089.6181274,,,,,,,,,0000,1.0,84.31700134277344,00,1,neowise,10.213,0.015,9.317,0.015,71.1,70.6,16561.0,232.84,13525.0,191.58,AA
271.711179,69.8244942,57093.09852991,,,,,,,,,0000,0.5,101.81199645996094,00,1,neowise,10.192,0.014,9.357,0.015,78.9,70.1,16871.0,213.7,13045.0,186.2,AA
271.7112474,69.8245014,57093.75521185,,,,,,,,,0000,0.0,101.18499755859375,00,1,neowise,10.187,0.014,9.329,0.014,78.0,79.0,16950.0,217.16,13383.0,169.34,AA
271.711234,69.8245055,57089.68370646,,,,,,,,,0000,0.5,91.99700164794922,00,1,neowise,10.187,0.015,9.326,0.014,71.4,76.9,16959.0,237.62,13413.0,174.35,AA
271.7112996,69.8244889,57093.49251365,,,,,,,,,0000,0.0,76.39199829101562,00,1,neowise,10.22,0.014,9.307,0.015,78.1,72.7,16454.0,210.63,13650.0,187.65,AA
271.711244,69.8244825,57094.41189389,,,,,,,,,0000,0.5,75.06999969482422,00,1,neowise,10.178,0.014,9.344,0.014,77.7,75.1,17092.0,219.88,13196.0,175.76,AA
271.7112416,69.8244982,57094.14919564,,,,,,,,,0000,0.0,95.35299682617188,00,1,neowise,10.19,0.015,9.34,0.013,74.5,80.9,16909.0,226.96,13245.0,163.79,AA
271.711178,69.8244799,57089.88082571,,,,,,,,,0000,1.0,115.0459976196289,00,1,neowise,10.189,0.014,9.334,0.013,75.1,81.1,16927.0,225.52,13317.0,164.25,AA
271.7112742,69.8244767,57093.22981538,,,,,,,,,0000,0.0,85.65299987792969,00,1,neowise,10.213,0.014,9.346,0.013,76.4,81.1,16554.0,216.57,13171.0,162.49,AA
271.7112437,69.8244834,57089.94640476,,,,,,,,,0000,0.5,115.78900146484375,00,1,neowise,10.176,0.015,9.346,0.015,73.4,72.9,17128.0,233.26,13176.0,180.8,AA
271.7111517,69.8244635,57094.01791016,,,,,,,,,0000,0.5,110.91500091552734,00,1,neowise,10.179,0.015,9.323,0.015,74.2,71.9,17087.0,230.18,13453.0,187.05,AA
271.7111311,69.82447,57093.62392638,,,,,,,,,0000,1.0,84.93900299072266,00,1,neowise,10.192,0.015,9.334,0.014,70.2,78.6,16880.0,240.48,13324.0,169.45,AA
271.7112616,69.8244472,57091.65375304,,,,,,,,,0000,0.0,88.38899993896484,00,1,neowise,10.28,0.015,9.305,0.013,70.5,85.7,15557.0,220.65,13673.0,159.59,AA
271.7111292,69.8244579,57091.39118209,,,,,,,,,0000,0.5,74.6760025024414,00,1,neowise,10.151,0.016,9.258,0.015,69.9,72.0,17524.0,250.76,14285.0,198.48,AA
271.7111485,69.8244602,57094.28060841,,,,,,,,,0000,0.5,80.13700103759766,00,1,neowise,10.181,0.015,9.31,0.015,70.3,72.8,17042.0,242.39,13611.0,186.87,AA
271.7111492,69.8244574,57090.20910302,,,,,,,,,0000,0.5,87.71700286865234,00,1,neowise,10.16,0.015,9.345,0.015,71.2,73.8,17385.0,244.26,13179.0,178.68,AA
271.7111164,69.8244714,57090.27480943,,,,,,,,,0000,1.0,80.60099792480469,00,1,neowise,10.182,0.014,9.333,0.014,78.8,77.6,17036.0,216.31,13336.0,171.81,AA
271.7111248,69.8244752,57092.83583166,,,,,,,,,0000,0.0,110.47699737548828,00,1,neowise,10.201,0.014,9.348,0.014,78.1,79.4,16740.0,214.31,13143.0,165.54,AA
271.7111468,69.8244439,57089.74941287,,,,,,,,,0000,1.0,100.4010009765625,00,1,neowise,10.166,0.016,9.345,0.014,67.5,79.2,17280.0,255.98,13179.0,166.36,AA
271.7111246,69.8244752,57093.88662469,,,,,,,,,0000,0.5,115.34700012207031,00,1,neowise,10.199,0.017,9.325,0.014,65.2,79.7,16770.0,257.23,13423.0,168.39,AA
271.7111424,69.8244735,57090.01211118,,,,,,,,,0000,1.0,111.47699737548828,00,1,neowise,10.192,0.014,9.338,0.014,79.4,78.6,16871.0,212.6,13271.0,168.81,AA
271.7111087,69.8244726,57092.17914961,,,,,,,,,0000,0.5,91.51599884033203,00,1,neowise,10.169,0.014,9.316,0.013,75.2,83.9,17238.0,229.21,13545.0,161.54,AA
271.7114453,69.824545,57089.81499192,,,,,,,,,0000,0.0,108.04100036621094,00,1,neowise,10.167,0.017,9.328,0.014,64.9,76.3,17274.0,266.23,13387.0,175.39,AA
271.7110459,69.8244798,57092.70454613,,,,,,,,,0000,0.5,94.66500091552734,00,1,neowise,10.19,0.015,9.323,0.014,72.8,79.4,16906.0,232.27,13456.0,169.46,AA
271.7110564,69.8244731,57091.12848389,,,,,,,,,0000,0.5,97.97000122070312,00,1,neowise,10.147,0.016,9.321,0.014,69.7,78.7,17596.0,252.45,13478.0,171.18,AA
271.7110514,69.8244764,57090.86578501,,,,,,,,,0000,0.5,113.38899993896484,00,1,neowise,10.208,0.015,9.271,0.014,71.6,74.9,16633.0,232.27,14114.0,188.35,AA
271.7112278,69.8245303,57090.99707049,,,,,,,,,0000,0.0,112.5770034790039,00,1,neowise,10.15,0.016,9.315,0.014,69.0,74.9,17541.0,254.06,13557.0,180.93,AA
271.7112142,69.8245584,57091.91645131,,,,,,,,,0000,0.0,116.39399719238281,00,1,neowise,10.172,0.014,9.303,0.015,78.2,73.4,17189.0,219.85,13697.0,186.63,AA
271.7113078,69.8245466,57090.73437218,,,,,,,,,0000,0.0,98.27300262451172,00,1,neowise,10.285,0.018,9.299,0.014,59.6,76.5,15490.0,259.84,13761.0,179.81,AA
271.7111133,69.8244852,57090.73449949,,,,,,,,,0000,0.5,98.60099792480469,00,1,neowise,10.168,0.017,9.312,0.014,63.3,75.7,17262.0,272.57,13595.0,179.48,AA
271.711158,69.8244993,57090.60308675,,,,,,,,,0000,0.0,82.94000244140625,00,1,neowise,10.185,0.015,9.321,0.014,73.3,75.6,16983.0,231.72,13480.0,178.32,AA
271.7111801,69.8245135,57091.25976927,,,,,,,,,0000,0.0,82.43399810791016,00,1,neowise,10.188,0.015,9.22,0.016,71.8,67.9,16943.0,235.85,14792.0,217.84,AA
271.7111081,69.8245126,57091.65388041,,,,,,,,,0000,0.5,88.36499786376953,00,1,neowise,10.139,0.018,9.277,0.014,60.0,76.9,17728.0,295.54,14041.0,182.58,AA
271.7112049,69.8245552,57092.57313334,,,,,,,,,0000,0.0,80.38500213623047,00,1,neowise,10.201,0.015,9.345,0.013,74.8,81.0,16745.0,223.99,13182.0,162.69,AA
271.71111,69.824481,57092.96724439,,,,,,,,,0000,0.5,114.93299865722656,00,1,neowise,10.185,0.015,9.339,0.014,71.1,76.1,16992.0,238.85,13252.0,174.16,AA
271.7111225,69.8245089,57092.44184787,,,,,,,,,0000,0.5,75.48500061035156,00,1,neowise,10.192,0.014,9.316,0.016,79.8,69.9,16881.0,211.57,13547.0,193.72,AA
271.7110819,69.8245079,57090.47180133,,,,,,,,,0000,0.5,75.76200103759766,00,1,neowise,10.13,0.016,9.272,0.016,66.1,68.8,17865.0,270.25,14095.0,204.86,AA
271.7110757,69.8244815,57089.55242103,,,,,,,,,0000,1.0,78.76699829101562,00,1,neowise,10.177,0.017,9.344,0.016,63.7,68.6,17108.0,268.66,13193.0,192.18,AA
271.7110347,69.8244896,57092.04786414,,,,,,,,,0000,0.5,107.82099914550781,00,1,neowise,10.166,0.014,9.296,0.014,76.2,78.9,17285.0,226.76,13788.0,174.66,AA
271.7110348,69.8244878,57091.78516583,,,,,,,,,0000,0.5,104.97599792480469,00,1,neowise,10.173,0.016,9.319,0.013,66.9,81.3,17179.0,256.66,13508.0,166.18,AA
271.7110905,69.8244845,57092.31056244,,,,,,,,,0000,1.0,77.78199768066406,00,1,neowise,10.195,0.017,9.334,0.016,64.2,69.9,16833.0,262.03,13322.0,190.49,AA
271.711081,69.8245045,57091.52246757,,,,,,,,,0000,0.5,77.25299835205078,00,1,neowise,10.141,0.014,9.307,0.014,75.9,77.6,17696.0,233.05,13652.0,175.91,AA
271.7109208,69.8244025,57634.52604928,,,,,,,,,0000,0.0,100.23100280761719,00,1,neowise,10.303,0.018,9.458,0.014,59.9,77.8,15268.0,254.9,11868.0,152.57,AA
271.7110922,69.8244642,57637.86689998,,,,,,,,,0000,0.5,74.2229995727539,00,1,neowise,10.17,0.015,9.347,0.014,73.8,78.9,17246.0,233.65,13140.0,166.5,AA
271.7110732,69.824466,57637.99793117,,,,,,,,,0000,1.0,79.76599884033203,00,1,neowise,10.154,0.015,9.36,0.015,73.9,72.1,17508.0,236.96,12992.0,180.28,AA
271.7110959,69.8244669,57638.52205557,,,,,,,,,0000,1.0,101.29399871826172,00,1,neowise,10.161,0.015,9.365,0.014,72.2,79.1,17399.0,240.88,12926.0,163.5,AA
271.7110923,69.8244532,57638.65308667,,,,,,,,,0000,1.0,84.19999694824219,00,1,neowise,10.142,0.015,9.353,0.015,71.7,72.3,17700.0,246.93,13071.0,180.69,AA
271.7110913,69.8244588,57639.04618015,,,,,,,,,0000,1.0,85.03800201416016,00,1,neowise,10.14,0.015,9.348,0.015,72.3,71.1,17732.0,245.27,13131.0,184.66,AA
271.7111043,69.8244679,57634.65708016,,,,,,,,,0000,0.0,83.89299774169922,00,1,neowise,10.433,0.018,9.329,0.014,61.2,75.6,13535.0,221.21,13367.0,176.92,AA
271.7111521,69.8244192,57636.81877208,,,,,,,,,0000,1.0,73.68800354003906,00,1,neowise,10.104,0.015,9.284,0.014,72.7,77.1,18338.0,252.25,13934.0,180.67,AA
271.711146,69.8244486,57636.94980306,,,,,,,,,0000,1.0,76.63800048828125,00,1,neowise,10.084,0.016,9.298,0.014,67.4,75.8,18677.0,277.25,13751.0,181.52,AA
271.7111679,69.8244339,57637.34290231,,,,,,,,,0000,1.0,117.49700164794922,00,1,neowise,10.174,0.022,9.279,0.018,49.5,61.6,17185.0,346.82,13989.0,227.16,AA
271.7111297,69.824457,57637.60483772,,,,,,,,,0000,1.0,90.16999816894531,00,1,neowise,10.105,0.016,9.323,0.015,70.0,72.0,18314.0,261.78,13441.0,186.66,AA
271.7111223,69.8244506,57637.73586882,,,,,,,,,0000,1.0,76.33499908447266,00,1,neowise,10.164,0.016,9.336,0.014,69.4,75.2,17355.0,250.19,13275.0,176.49,AA
271.7111079,69.8244639,57638.39102442,,,,,,,,,0000,0.5,115.45999908447266,00,1,neowise,10.19,0.015,9.354,0.014,72.7,79.6,16935.0,233.05,13057.0,164.05,AA
271.7111119,69.8244593,57638.78411781,,,,,,,,,0000,1.0,74.39099884033203,00,1,neowise,10.139,0.016,9.355,0.014,68.4,77.6,17751.0,259.41,13045.0,168.13,AA
271.7111046,69.8244652,57638.915149,,,,,,,,,0000,1.0,75.35600280761719,00,1,neowise,10.158,0.017,9.35,0.014,64.9,75.1,17452.0,268.74,13113.0,174.54,AA
271.7110806,69.8244846,57637.21187122,,,,,,,,,0000,1.0,106.47200012207031,00,1,neowise,10.136,0.017,9.304,0.014,64.4,75.7,17793.0,276.18,13671.0,180.69,AA
271.7112129,69.824622,57638.25999328,,,,,,,,,0000,1.0,112.03500366210938,00,1,neowise,9.884,0.014,9.37,0.016,80.0,67.3,22445.0,280.52,12867.0,191.08,AA
271.7110883,69.8244547,56723.17610381,,,,,,,,,0000,1.0,90.47599792480469,00,1,neowise,10.189,0.016,9.337,0.014,67.9,76.4,17101.0,252.0,13578.0,177.76,AA
271.7110672,69.824452,56723.7030277,,,,,,,,,0000,1.0,96.12699890136719,00,1,neowise,10.181,0.015,9.286,0.014,72.1,77.6,17234.0,238.92,14231.0,183.43,AA
271.7110955,69.8244647,56723.96636235,,,,,,,,,0000,1.0,113.88999938964844,00,1,neowise,10.168,0.014,9.302,0.014,78.1,79.0,17435.0,223.1,14019.0,177.42,AA
271.7111387,69.8244776,56719.3564777,,,,,,,,,0000,1.0,76.65399932861328,00,1,neowise,10.03,0.017,9.156,0.014,63.7,79.8,19792.0,310.74,16020.0,200.76,AA
271.7111219,69.824483,56723.37373216,,,,,,,,,0000,0.5,74.92500305175781,00,1,neowise,10.195,0.016,9.391,0.016,68.3,69.0,17004.0,248.9,12917.0,187.13,AA
271.7112868,69.8245028,56723.90052869,,,,,,,,,0000,1.0,116.41799926757812,00,1,neowise,10.139,0.018,9.308,0.013,61.8,83.3,17914.0,289.89,13946.0,167.36,AA
271.7111917,69.8244818,56719.75160699,,,,,,,,,0000,1.0,101.56500244140625,00,1,neowise,10.035,0.017,9.193,0.014,64.6,75.6,19710.0,305.26,15478.0,204.73,AA
271.711189,69.824477,56721.20045742,,,,,,,,,0000,1.0,87.99800109863281,00,1,neowise,10.144,0.017,9.268,0.016,64.0,66.6,17823.0,278.32,14443.0,216.86,AA
271.7111792,69.8244831,56722.38584522,,,,,,,,,0000,1.0,75.88999938964844,00,1,neowise,10.182,0.017,9.324,0.013,62.4,80.7,17213.0,275.68,13716.0,169.92,AA
271.7111772,69.8244795,56722.25417788,,,,,,,,,0000,1.0,82.24600219726562,00,1,neowise,10.165,0.015,9.315,0.013,74.8,81.3,17480.0,233.56,13831.0,170.11,AA
271.7112248,69.8244773,56720.67366071,,,,,,,,,0000,1.0,92.20999908447266,00,1,neowise,10.113,0.014,9.234,0.014,75.8,78.5,18338.0,242.06,14903.0,189.91,AA
271.711223,69.8245128,56721.92488226,,,,,,,,,0000,0.5,115.5199966430664,00,1,neowise,10.103,0.018,9.262,0.015,60.6,74.7,18509.0,305.65,14526.0,194.46,AA
271.7112384,69.8244977,56722.18834422,,,,,,,,,0000,0.5,89.19100189208984,00,1,neowise,10.158,0.015,9.314,0.013,73.4,84.6,17588.0,239.69,13848.0,163.74,AA
271.7112181,69.8244818,56722.58347352,,,,,,,,,0000,1.0,82.47799682617188,00,1,neowise,10.174,0.015,9.348,0.013,73.9,80.4,17342.0,234.6,13440.0,167.1,AA
271.7111517,69.8244819,56722.64930719,,,,,,,,,0000,1.0,89.36199951171875,00,1,neowise,10.198,0.015,9.312,0.016,73.0,67.6,16962.0,232.44,13896.0,205.54,AA
271.7111626,69.8244778,56721.59558662,,,,,,,,,0000,1.0,83.71199798583984,00,1,neowise,10.163,0.016,9.271,0.015,67.1,71.2,17507.0,261.0,14408.0,202.47,AA
271.7111896,69.8244868,56723.76886137,,,,,,,,,0000,0.5,104.47200012207031,00,1,neowise,10.138,0.016,9.308,0.016,66.8,69.8,17929.0,268.41,13943.0,199.68,AA
271.7111695,69.8244878,56720.80532808,,,,,,,,,0000,1.0,107.92500305175781,00,1,neowise,10.11,0.015,9.254,0.014,70.5,76.9,18388.0,260.67,14633.0,190.29,AA
271.7111484,69.8244858,56723.50539939,,,,,,,,,0000,0.5,77.04499816894531,00,1,neowise,10.136,0.016,9.334,0.014,67.3,80.4,17951.0,266.87,13607.0,169.33,AA
271.711215,69.8244902,56722.97860281,,,,,,,,,0000,0.0,113.14099884033203,00,1,neowise,10.175,0.016,9.377,0.016,67.9,66.9,17319.0,255.16,13088.0,195.72,AA
271.7111395,69.8244845,56719.48827238,,,,,,,,,0000,1.0,77.13800048828125,00,1,neowise,10.029,0.016,9.178,0.014,66.5,80.1,19822.0,298.25,15701.0,195.97,AA
271.7112024,69.8244961,56720.54199347,,,,,,,,,0000,1.0,79.45500183105469,00,1,neowise,10.099,0.016,9.191,0.015,68.7,73.5,18570.0,270.39,15515.0,211.11,AA
271.7111571,69.824477,56720.41019883,,,,,,,,,0000,0.5,76.4280014038086,00,1,neowise,10.088,0.017,9.227,0.013,63.7,81.2,18769.0,294.83,15001.0,184.82,AA
271.7111312,69.8244643,56719.88340226,,,,,,,,,0000,1.0,114.54499816894531,00,1,neowise,10.082,0.016,9.213,0.013,69.4,83.0,18878.0,271.85,15198.0,183.02,AA
271.7111978,69.8244682,56722.12251056,,,,,,,,,0000,1.0,97.27799987792969,00,1,neowise,10.147,0.015,9.288,0.014,73.3,76.5,17773.0,242.56,14183.0,185.4,AA
271.7111823,69.8244661,56721.99071596,,,,,,,,,0000,1.0,111.68099975585938,00,1,neowise,10.167,0.016,9.284,0.014,67.3,77.5,17444.0,259.15,14237.0,183.8,AA
271.711131,69.8244729,56721.72738126,,,,,,,,,0000,1.0,98.97799682617188,00,1,neowise,10.116,0.015,9.269,0.014,70.4,77.6,18298.0,259.74,14430.0,186.05,AA
271.7112555,69.8244655,56720.2785315,,,,,,,,,0000,1.0,80.49299621582031,00,1,neowise,10.083,0.016,9.246,0.014,66.2,75.7,18863.0,285.0,14736.0,194.53,AA
271.7111916,69.8244545,56720.93712272,,,,,,,,,0000,1.0,115.40299987792969,00,1,neowise,10.096,0.015,9.269,0.016,72.3,66.7,18634.0,257.59,14429.0,216.26,AA
271.7112115,69.8244669,56721.33225206,,,,,,,,,0000,1.0,76.51699829101562,00,1,neowise,10.144,0.015,9.272,0.017,74.5,64.7,17817.0,239.03,14390.0,222.47,AA
271.711115,69.8244722,56723.57123306,,,,,,,,,0000,1.0,81.26200103759766,00,1,neowise,10.155,0.016,9.312,0.014,66.4,75.0,17642.0,265.84,13894.0,185.3,AA
271.711112,69.8244722,56722.51763986,,,,,,,,,0000,1.0,77.83399963378906,00,1,neowise,10.154,0.015,9.324,0.015,72.4,73.4,17656.0,243.95,13732.0,187.02,AA
271.7111461,69.8244683,56723.04443648,,,,,,,,,0000,1.0,106.7300033569336,00,1,neowise,10.189,0.014,9.326,0.015,75.9,74.1,17103.0,225.48,13710.0,185.11,AA
271.7111311,69.824468,56720.01506963,,,,,,,,,0000,1.0,109.53700256347656,00,1,neowise,10.075,0.015,9.192,0.014,70.1,77.2,18990.0,270.87,15493.0,200.81,AA
271.7111667,69.8244765,56719.61993966,,,,,,,,,0000,1.0,86.18399810791016,00,1,neowise,10.062,0.016,9.199,0.015,68.4,74.8,19230.0,281.19,15393.0,205.83,AA
271.7111858,69.8244682,56721.85904859,,,,,,,,,0000,1.0,113.10700225830078,00,1,neowise,10.133,0.017,9.278,0.014,64.6,76.6,18013.0,278.64,14316.0,186.88,AA
271.7112328,69.82446,56721.06879009,,,,,,,,,0000,0.5,103.89399719238281,00,1,neowise,10.146,0.016,9.241,0.015,69.0,73.1,17787.0,257.63,14805.0,202.54,AA
271.7114431,69.8245028,56722.32001155,,,,,,,,,0000,0.5,77.53600311279297,00,1,neowise,10.114,0.018,9.281,0.015,61.7,74.3,18321.0,296.82,14275.0,192.16,AA
271.7110575,69.8244762,56723.83469502,,,,,,,,,0000,1.0,111.66600036621094,00,1,neowise,10.16,0.015,9.305,0.015,72.5,71.7,17570.0,242.29,13984.0,194.9,AA
271.7110961,69.8244784,56722.78097447,,,,,,,,,0000,1.0,105.60199737548828,00,1,neowise,10.174,0.015,9.32,0.013,72.1,83.5,17340.0,240.37,13786.0,165.17,AA
271.7111895,69.8245368,56721.6615476,,,,,,,,,0000,0.0,90.81800079345703,00,1,neowise,10.09,0.018,9.258,0.016,59.6,68.2,18736.0,314.38,14587.0,213.96,AA
271.7111201,69.8245028,56722.71514084,,,,,,,,,0000,0.5,97.5250015258789,00,1,neowise,10.137,0.019,9.315,0.015,58.3,74.2,17944.0,307.91,13853.0,186.74,AA
271.7111528,69.8244955,56723.24206478,,,,,,,,,0000,0.5,82.47899627685547,00,1,neowise,10.201,0.018,9.354,0.016,59.9,69.3,16913.0,282.34,13358.0,192.72,AA
271.711121,69.8245007,56723.63719403,,,,,,,,,0000,1.0,87.90799713134766,00,1,neowise,10.184,0.018,9.325,0.016,59.5,69.4,17174.0,288.8,13721.0,197.76,AA
271.711071,69.824526,56723.11027014,,,,,,,,,0000,0.5,98.74299621582031,00,1,neowise,10.189,0.017,9.418,0.014,65.8,76.0,17095.0,259.99,12601.0,165.89,AA
271.7110978,69.824512,56722.05667694,,,,,,,,,0000,0.0,105.30999755859375,00,1,neowise,10.151,0.018,9.315,0.016,60.5,67.0,17701.0,292.53,13833.0,206.38,AA
271.7110915,69.8244795,56723.3078985,,,,,,,,,0000,1.0,77.14299774169922,00,1,neowise,10.181,0.014,9.341,0.013,75.6,82.0,17228.0,227.98,13522.0,164.99,AA
271.7110819,69.8244924,56722.84693549,,,,,,,,,0000,1.0,113.0479965209961,00,1,neowise,10.17,0.019,9.346,0.016,57.4,68.2,17407.0,303.46,13457.0,197.33,AA
271.7110909,69.8244852,56722.91276916,,,,,,,,,0000,1.0,116.70899963378906,00,1,neowise,10.158,0.015,9.324,0.013,70.4,83.5,17597.0,250.09,13738.0,164.52,AA
271.7114965,69.8246018,56721.79321493,,,,,,,,,0000,0.0,106.82599639892578,00,1,neowise,10.091,0.013,9.236,0.012,82.3,91.0,18709.0,227.25,14876.0,163.55,AA
271.7111422,69.824566,56722.45180624,,,,,,,,,0000,0.0,76.09500122070312,00,1,neowise,10.098,0.018,9.26,0.016,60.3,66.5,18594.0,308.34,14578.0,219.35,AA
271.7113772,69.8243366,57268.77125478,,,,,,,,,0000,0.0,74.9280014038086,00,2,neowise,11.299,0.022,10.181,0.018,49.5,59.1,6090.7,122.98,6104.3,103.31,AA
271.7114661,69.8243494,57267.721734,,,,,,,,,0000,0.0,76.78099822998047,00,1,neowise,10.574,0.015,9.649,0.014,73.8,78.1,11866.0,160.85,9966.0,127.53,AA
271.7110876,69.8244442,57266.01617209,,,,,,,,,0000,0.5,84.16600036621094,00,1,neowise,10.088,0.014,9.239,0.013,76.0,83.6,18570.0,244.24,14537.0,173.94,AA
271.7110925,69.8244581,57266.14733051,,,,,,,,,0000,1.0,100.46299743652344,00,1,neowise,10.065,0.014,9.22,0.015,78.2,73.3,18976.0,242.52,14793.0,201.89,AA
271.7110628,69.8244541,57265.62256964,,,,,,,,,0000,1.0,85.76899719238281,00,1,neowise,10.073,0.014,9.233,0.014,79.8,78.2,18835.0,236.04,14619.0,186.95,AA
271.7110942,69.8244445,57264.83536486,,,,,,,,,0000,0.5,74.81900024414062,00,1,neowise,10.055,0.015,9.236,0.016,70.9,69.4,19153.0,270.05,14576.0,210.03,AA
271.7110945,69.8244575,57265.22896727,,,,,,,,,0000,1.0,110.41999816894531,00,1,neowise,10.06,0.014,9.208,0.014,78.0,80.1,19058.0,244.26,14956.0,186.64,AA
271.7113209,69.8244552,57269.2960151,,,,,,,,,0000,0.0,116.0739974975586,00,1,neowise,10.472,0.016,9.564,0.017,66.7,64.2,13037.0,195.5,10778.0,167.77,AA
271.7111507,69.8244592,57267.98405053,,,,,,,,,0000,1.0,80.68199920654297,00,1,neowise,10.001,0.015,9.145,0.015,70.2,71.8,20124.0,286.58,15847.0,220.61,AA
271.7111501,69.8244504,57267.06568801,,,,,,,,,0000,1.0,89.78099822998047,00,1,neowise,10.016,0.014,9.16,0.014,77.6,75.0,19857.0,256.04,15635.0,208.43,AA
271.711168,69.824467,57268.50881089,,,,,,,,,0000,0.5,100.51899719238281,00,1,neowise,9.978,0.015,9.159,0.015,70.6,71.4,20562.0,291.33,15651.0,219.07,AA
271.711192,69.8244361,57268.37765264,,,,,,,,,0000,0.5,114.61199951171875,00,1,neowise,9.988,0.015,9.143,0.014,74.2,76.7,20367.0,274.4,15883.0,207.19,AA
271.7112202,69.824443,57267.19684627,,,,,,,,,0000,1.0,106.78199768066406,00,1,neowise,10.008,0.016,9.147,0.015,65.9,72.7,19997.0,303.29,15826.0,217.64,AA
271.7111407,69.8244442,57266.93453532,,,,,,,,,0000,0.5,77.43599700927734,00,1,neowise,10.04,0.014,9.187,0.015,78.4,74.6,19413.0,247.66,15254.0,204.49,AA
271.711134,69.8244542,57265.75372804,,,,,,,,,0000,0.5,75.1510009765625,00,1,neowise,10.076,0.015,9.205,0.013,70.8,80.9,18776.0,265.33,14995.0,185.41,AA
271.7112011,69.8244346,57267.59044838,,,,,,,,,0000,1.0,89.677001953125,00,1,neowise,10.007,0.015,9.151,0.013,73.4,86.5,20010.0,272.64,15764.0,182.32,AA
271.7111494,69.824475,57269.03357135,,,,,,,,,0000,0.5,85.90899658203125,00,1,neowise,10.013,0.015,9.118,0.015,73.9,73.8,19910.0,269.47,16255.0,220.14,AA
271.7111237,69.8244692,57266.54093292,,,,,,,,,0000,1.0,96.10199737548828,00,1,neowise,10.071,0.015,9.21,0.013,74.8,80.7,18872.0,252.21,14935.0,184.95,AA
271.7111503,69.8244603,57266.67209124,,,,,,,,,0000,0.5,80.44300079345703,00,1,neowise,10.034,0.015,9.198,0.013,73.9,85.3,19514.0,264.14,15095.0,176.97,AA
271.7111359,69.8244502,57268.1152088,,,,,,,,,0000,1.0,96.1520004272461,00,1,neowise,9.983,0.016,9.15,0.014,66.6,78.9,20464.0,307.11,15785.0,199.96,AA
271.7111996,69.8244507,57268.63996916,,,,,,,,,0000,1.0,83.67400360107422,00,1,neowise,9.979,0.015,9.154,0.015,73.7,72.9,20527.0,278.64,15725.0,215.7,AA
271.7105919,69.8245954,57264.96665064,,,,,,,,,0000,0.0,79.96099853515625,00,1,neowise,10.257,0.016,9.372,0.014,67.7,79.6,15897.0,234.67,12857.0,161.43,AA
271.710667,69.8245689,57265.88501377,,,,,,,,,0000,0.0,75.85700225830078,00,1,neowise,10.31,0.015,9.495,0.014,71.6,77.4,15137.0,211.36,11483.0,148.42,AA
271.7110961,69.8244781,57267.85289227,,,,,,,,,0000,0.0,75.05999755859375,00,1,neowise,10.025,0.014,9.217,0.014,77.1,76.8,19690.0,255.44,14829.0,193.21,AA
271.711122,69.8244955,57268.24649438,,,,,,,,,0000,0.0,112.18399810791016,00,1,neowise,10.183,0.014,9.394,0.015,76.7,70.1,17011.0,221.76,12598.0,179.59,AA
271.7110631,69.8244799,57264.7042065,,,,,,,,,0000,0.5,77.92500305175781,00,1,neowise,10.067,0.014,9.204,0.013,75.6,81.4,18932.0,250.58,15015.0,184.45,AA
271.7110473,69.824487,57269.42717337,,,,,,,,,0000,0.5,110.06300354003906,00,1,neowise,10.057,0.014,9.178,0.015,75.1,71.3,19108.0,254.47,15370.0,215.53,AA
271.710922,69.824497,57266.80337696,,,,,,,,,0000,0.0,74.76200103759766,00,1,neowise,10.431,0.015,9.619,0.015,72.9,72.4,13544.0,185.81,10242.0,141.43,AA
271.7110512,69.8245257,57265.49141127,,,,,,,,,0000,0.0,102.48600006103516,00,1,neowise,10.086,0.014,9.246,0.015,76.7,72.3,18614.0,242.61,14446.0,199.72,AA
271.7110838,69.8244875,57268.90241304,,,,,,,,,0000,0.0,76.0469970703125,00,1,neowise,10.048,0.014,9.227,0.014,77.4,77.5,19265.0,248.75,14701.0,189.79,AA
271.7110399,69.8244942,57267.32813194,,,,,,,,,0000,0.0,116.80899810791016,00,1,neowise,10.082,0.014,9.338,0.014,77.7,75.2,18670.0,240.2,13274.0,176.49,AA
271.710946,69.8244974,57264.57304809,,,,,,,,,0000,0.0,91.82099914550781,00,1,neowise,10.098,0.015,9.299,0.015,74.6,74.4,18408.0,246.79,13759.0,184.87,AA
271.711068,69.8245101,57266.40977459,,,,,,,,,0000,0.0,111.61000061035156,00,1,neowise,10.116,0.014,9.317,0.016,75.3,69.4,18105.0,240.5,13524.0,195.0,AA
271.7079657,69.8256742,57266.27861619,,,,,,,,,0000,0.0,114.79000091552734,00,1,neowise,10.593,0.016,9.919,0.014,69.1,75.3,11671.0,168.79,7767.5,103.11,AA
271.7086176,69.825584,57265.36025295,,,,,,,,,0000,0.0,115.25399780273438,00,1,neowise,10.764,0.015,9.92,0.015,72.3,71.4,9970.4,137.83,7766.1,108.7,AA
271.7106548,69.8247206,57623.78215396,,,,,,,,,0000,0.0,75.44499969482422,00,1,neowise,10.409,0.015,9.678,0.015,70.2,72.2,13842.0,197.1,9694.4,134.32,AA
271.7110607,69.824403,57624.30627669,,,,,,,,,0000,0.0,115.3499984741211,00,1,neowise,11.074,0.018,10.199,0.016,61.3,65.9,7503.9,122.35,5999.4,90.985,AA
271.7111449,69.8244599,57622.4718467,,,,,,,,,0000,1.0,106.86799621582031,00,1,neowise,10.116,0.015,9.296,0.018,71.1,61.2,18126.0,254.81,13780.0,225.27,AA
271.7112034,69.824447,57622.60287734,,,,,,,,,0000,1.0,90.2239990234375,00,1,neowise,10.112,0.016,9.301,0.015,67.6,70.9,18195.0,269.11,13715.0,193.46,AA
271.7111331,69.8244416,57622.73390803,,,,,,,,,0000,1.0,77.09500122070312,00,1,neowise,10.09,0.014,9.293,0.014,76.3,80.3,18565.0,243.19,13813.0,172.0,AA
271.7111302,69.8244546,57622.86493868,,,,,,,,,0000,1.0,75.43800354003906,00,1,neowise,10.108,0.014,9.287,0.014,76.0,78.5,18258.0,240.22,13888.0,176.88,AA
271.7111187,69.8244696,57622.99596942,,,,,,,,,0000,1.0,80.83699798583984,00,1,neowise,10.104,0.015,9.274,0.014,74.6,77.2,18340.0,245.83,14064.0,182.14,AA
271.7108307,69.8245217,57624.17524604,,,,,,,,,0000,0.0,101.98899841308594,00,2,neowise,11.008,0.018,10.168,0.017,61.6,64.3,7975.0,129.46,6173.3,95.953,AA
271.7107031,69.8246675,57624.04421539,,,,,,,,,0000,0.0,85.7249984741211,00,2,neowise,11.147,0.02,10.435,0.019,55.2,57.7,7017.1,127.05,4825.9,83.664,AA
271.7107483,69.8246392,57623.65112274,,,,,,,,,0000,0.0,84.5250015258789,00,1,neowise,10.345,0.015,9.568,0.015,74.2,73.9,14689.0,197.95,10726.0,145.19,AA
271.710785,69.8245508,57623.91318465,,,,,,,,,0000,0.0,76.35900115966797,00,1,neowise,10.593,0.016,9.749,0.016,66.0,69.4,11687.0,177.12,9079.7,130.79,AA
271.7110595,69.8245092,57623.25803071,,,,,,,,,0000,0.5,111.5780029296875,00,1,neowise,10.126,0.015,9.308,0.016,72.5,69.9,17957.0,247.84,13626.0,195.06,AA
271.7110549,69.8245463,57623.3890614,,,,,,,,,0000,0.0,114.36799621582031,00,1,neowise,10.137,0.015,9.381,0.015,71.9,74.7,17786.0,247.33,12744.0,170.55,AA
271.7109922,69.8245874,57623.52009205,,,,,,,,,0000,0.0,100.8239974975586,00,1,neowise,10.14,0.015,9.413,0.015,72.3,74.3,17736.0,245.15,12367.0,166.44,AA
271.7110999,69.8244758,57805.35189131,,,,,,,,,0000,1.0,76.80400085449219,00,1,neowise,10.158,0.017,9.338,0.015,62.6,73.4,17438.0,278.7,13260.0,180.63,AA
271.7111393,69.824485,57802.99422047,,,,,,,,,0000,1.0,115.23500061035156,00,1,neowise,10.158,0.016,9.364,0.015,68.7,74.1,17441.0,253.71,12938.0,174.7,AA
271.7111327,69.8244855,57804.43492735,,,,,,,,,0000,1.0,75.1729965209961,00,1,neowise,10.139,0.02,9.329,0.018,54.1,60.3,17746.0,328.3,13367.0,221.61,AA
271.7111989,69.82448,57804.95892495,,,,,,,,,0000,1.0,117.01300048828125,00,1,neowise,10.189,0.016,9.323,0.015,65.9,71.6,16956.0,257.33,13440.0,187.71,AA
271.7111518,69.8244791,57805.08982892,,,,,,,,,0000,1.0,106.73300170898438,00,1,neowise,10.152,0.017,9.362,0.014,64.3,75.8,17548.0,273.1,12968.0,171.11,AA
271.7111146,69.824481,57802.20828765,,,,,,,,,0000,1.0,92.01799774169922,00,1,neowise,10.131,0.019,9.322,0.016,58.5,69.5,17891.0,305.91,13453.0,193.48,AA
271.7111697,69.8244723,57803.25615554,,,,,,,,,0000,1.0,86.06600189208984,00,1,neowise,10.159,0.016,9.349,0.015,66.4,73.0,17435.0,262.44,13117.0,179.6,AA
271.7111225,69.824473,57803.38718678,,,,,,,,,0000,1.0,75.43800354003906,00,1,neowise,10.169,0.016,9.348,0.015,66.0,72.8,17266.0,261.74,13129.0,180.28,AA
271.7111435,69.824468,57803.78002578,,,,,,,,,0000,1.0,100.16500091552734,00,1,neowise,10.177,0.021,9.358,0.016,52.0,68.6,17141.0,329.77,13015.0,189.61,AA
271.7111116,69.8244712,57803.91105706,,,,,,,,,0000,1.0,114.5989990234375,00,1,neowise,10.196,0.018,9.354,0.015,60.9,70.8,16850.0,276.47,13057.0,184.46,AA
271.7111536,69.8244753,57804.30402343,,,,,,,,,0000,1.0,80.83000183105469,00,1,neowise,10.193,0.017,9.346,0.015,65.6,70.3,16883.0,257.29,13152.0,187.14,AA
271.7111114,69.8244714,57804.69698978,,,,,,,,,0000,1.0,89.64800262451172,00,1,neowise,10.165,0.018,9.349,0.015,61.9,72.0,17338.0,280.23,13119.0,182.1,AA
271.711162,69.8244736,57805.22086007,,,,,,,,,0000,1.0,90.08899688720703,00,1,neowise,10.195,0.017,9.361,0.015,63.2,71.0,16864.0,266.87,12981.0,182.75,AA
271.711105,69.82447,57802.07738377,,,,,,,,,0000,1.0,108.12300109863281,00,1,neowise,10.184,0.018,9.358,0.016,59.4,68.8,17025.0,286.56,13018.0,189.32,AA
271.7111707,69.824473,57802.47035019,,,,,,,,,0000,1.0,75.00199890136719,00,1,neowise,10.148,0.019,9.316,0.015,58.2,72.6,17599.0,302.62,13523.0,186.26,AA
271.7111429,69.8244616,57802.60125402,,,,,,,,,0000,1.0,79.96700286865234,00,1,neowise,10.172,0.015,9.331,0.013,70.4,85.2,17219.0,244.52,13344.0,156.56,AA
271.7111882,69.8244624,57802.73228525,,,,,,,,,0000,0.5,94.08599853515625,00,1,neowise,10.158,0.017,9.333,0.016,62.0,67.0,17446.0,281.17,13312.0,198.77,AA
271.7111349,69.8244772,57802.86318918,,,,,,,,,0000,1.0,109.98999786376953,00,1,neowise,10.15,0.021,9.344,0.015,52.4,72.4,17574.0,335.62,13182.0,182.2,AA
271.7110646,69.8244796,57804.17299219,,,,,,,,,0000,1.0,96.38899993896484,00,1,neowise,10.201,0.018,9.336,0.015,58.9,73.9,16768.0,284.54,13278.0,179.78,AA
271.7111315,69.8244928,57803.51809071,,,,,,,,,0000,1.0,76.09300231933594,00,1,neowise,10.184,0.018,9.322,0.016,59.9,69.2,17033.0,284.28,13446.0,194.19,AA
271.7111217,69.8244894,57803.64912185,,,,,,,,,0000,1.0,84.1969985961914,00,1,neowise,10.2,0.016,9.344,0.017,66.8,65.1,16774.0,250.97,13177.0,202.49,AA
271.7111124,69.824486,57803.78015309,,,,,,,,,0000,1.0,100.41899871826172,00,1,neowise,10.182,0.02,9.337,0.016,54.5,67.7,17058.0,312.79,13266.0,195.83,AA
271.7111374,69.8244886,57804.04208831,,,,,,,,,0000,0.5,111.7959976196289,00,1,neowise,10.166,0.019,9.36,0.016,57.5,68.3,17311.0,301.11,12992.0,190.14,AA
271.7111155,69.8244855,57804.56595859,,,,,,,,,0000,1.0,77.46299743652344,00,1,neowise,10.192,0.017,9.342,0.016,63.0,68.8,16910.0,268.22,13204.0,192.06,AA
271.7111108,69.8244879,57802.3393189,,,,,,,,,0000,1.0,78.25299835205078,00,1,neowise,10.167,0.016,9.372,0.014,69.3,77.8,17307.0,249.84,12840.0,164.96,AA
271.7110846,69.8244861,57803.12525167,,,,,,,,,0000,1.0,102.48200225830078,00,1,neowise,10.149,0.019,9.349,0.017,57.8,65.6,17590.0,304.58,13119.0,200.04,AA
271.7110267,69.824486,57804.8278937,,,,,,,,,0000,1.0,106.29299926757812,00,1,neowise,10.167,0.018,9.375,0.016,59.1,67.7,17305.0,292.66,12805.0,189.25,AA
271.7110877,69.8244848,57805.48279523,,,,,,,,,0000,1.0,75.51699829101562,00,1,neowise,10.158,0.017,9.343,0.014,64.3,77.9,17438.0,271.0,13198.0,169.49,AA
271.7111385,69.8244677,58158.88294558,,,,,,,,,0000,1.0,112.52200317382812,00,1,neowise,9.919,0.019,9.019,0.016,58.5,67.1,21717.0,371.47,17773.0,264.71,AA
271.7111732,69.8244715,58159.01385307,,,,,,,,,0000,1.0,116.0979995727539,00,1,neowise,9.909,0.019,9.017,0.015,57.1,71.3,21916.0,383.65,17811.0,249.65,AA
271.7111208,69.8244754,58159.14437536,,,,,,,,,0000,1.0,101.8219985961914,00,1,neowise,9.94,0.019,9.018,0.015,57.3,72.9,21298.0,371.86,17787.0,243.99,AA
271.7111457,69.8244663,58159.40656582,,,,,,,,,0000,1.0,73.4260025024414,00,1,neowise,9.916,0.018,9.027,0.015,58.7,70.7,21773.0,370.83,17637.0,249.55,AA
271.7111364,69.8244961,58159.27566154,,,,,,,,,0000,1.0,83.90299987792969,00,1,neowise,9.911,0.019,9.012,0.014,58.3,75.2,21885.0,375.6,17895.0,237.97,AA
271.7110916,69.8244444,58537.76633414,,,,,,,,,0000,1.0,95.65799713134766,00,1,neowise,9.337,0.018,8.396,0.013,58.8,83.3,37122.0,631.52,31560.0,378.72,AA
271.7110726,69.8244644,58537.89711053,,,,,,,,,0000,1.0,111.85900115966797,00,1,neowise,9.345,0.014,8.444,0.013,79.7,83.8,36842.0,462.53,30180.0,360.28,AA
271.7111592,69.8244783,58536.19612694,,,,,,,,,0000,1.0,96.12899780273438,00,1,neowise,9.201,0.017,8.304,0.012,62.9,90.9,42063.0,668.26,34352.0,378.02,AA
271.7111758,69.8244641,58535.54173596,,,,,,,,,0000,1.0,75.75399780273438,00,1,neowise,9.203,0.017,8.297,0.013,64.5,85.3,41979.0,650.99,34553.0,404.84,AA
271.7111947,69.8244739,58535.54186328,,,,,,,,,0000,1.0,75.0739974975586,00,1,neowise,9.205,0.018,8.282,0.012,59.2,93.9,41923.0,707.68,35052.0,373.33,AA
271.711173,69.8244622,58535.67263953,,,,,,,,,0000,1.0,83.99199676513672,00,1,neowise,9.208,0.014,8.302,0.013,78.5,84.4,41786.0,532.23,34405.0,407.69,AA
271.71116,69.8244569,58535.80354323,,,,,,,,,0000,1.0,100.69599914550781,00,1,neowise,9.201,0.015,8.294,0.012,73.6,92.7,42088.0,571.76,34672.0,374.01,AA
271.7111437,69.8244646,58535.93431957,,,,,,,,,0000,1.0,114.9530029296875,00,1,neowise,9.211,0.014,8.298,0.013,77.0,83.4,41678.0,541.24,34519.0,413.88,AA
271.711144,69.824475,58536.06522323,,,,,,,,,0000,0.5,112.12999725341797,00,1,neowise,9.222,0.014,8.296,0.013,76.3,82.6,41246.0,540.84,34580.0,418.56,AA
271.7111762,69.8244313,58536.19599958,,,,,,,,,0000,0.5,96.322998046875,00,1,neowise,9.192,0.018,8.316,0.013,60.2,83.6,42400.0,703.77,33965.0,406.44,AA
271.7111114,69.8244706,58536.32690319,,,,,,,,,0000,1.0,80.50900268554688,00,1,neowise,9.232,0.014,8.312,0.013,79.9,82.5,40890.0,511.71,34086.0,413.35,AA
271.7111586,69.8244543,58536.4578069,,,,,,,,,0000,1.0,73.86299896240234,00,1,neowise,9.216,0.015,8.301,0.012,73.6,93.7,41498.0,563.86,34446.0,367.49,AA
271.711161,69.824443,57284.57952063,,,,,,,,,0000,1.0,91.18800354003906,00,1,neowise,10.004,0.015,9.164,0.013,71.7,83.1,20095.0,280.28,15521.0,186.81,AA
271.7111148,69.8244335,57284.84183715,,,,,,,,,0000,0.5,74.45800018310547,00,1,neowise,9.995,0.018,9.143,0.015,59.2,73.4,20273.0,342.65,15819.0,215.39,AA
271.7111918,69.8244269,57284.97312282,,,,,,,,,0000,1.0,79.76899719238281,00,1,neowise,10.004,0.018,9.129,0.016,59.4,66.6,20103.0,338.7,16029.0,240.59,AA
271.7111533,69.8244339,57284.44836231,,,,,,,,,0000,0.5,107.9209976196289,00,1,neowise,9.983,0.017,9.131,0.015,62.6,72.0,20500.0,327.33,16005.0,222.3,AA
271.7111369,69.8244649,57284.71067889,,,,,,,,,0000,1.0,77.2300033569336,00,1,neowise,9.98,0.015,9.131,0.012,73.0,89.4,20549.0,281.62,15996.0,178.84,AA
271.7110849,69.8244577,57644.68001809,,,,,,,,,0000,1.0,81.4010009765625,00,1,neowise,10.2,0.016,9.415,0.015,66.1,74.4,16785.0,253.98,12342.0,165.83,AA
271.7110877,69.8244343,57644.94208064,,,,,,,,,0000,1.0,76.81099700927734,00,1,neowise,10.174,0.021,9.373,0.017,51.8,62.3,17194.0,331.68,12832.0,205.97,AA
271.7110576,69.8244631,57645.07311189,,,,,,,,,0000,1.0,88.55500030517578,00,1,neowise,10.175,0.02,9.362,0.016,53.0,67.0,17174.0,324.06,12969.0,193.62,AA
271.7110907,69.8244533,57645.59710956,,,,,,,,,0000,1.0,91.14199829101562,00,1,neowise,10.169,0.016,9.392,0.014,66.6,79.5,17269.0,259.15,12616.0,158.62,AA
271.7110949,69.8244589,57645.72814081,,,,,,,,,0000,1.0,77.30000305175781,00,1,neowise,10.211,0.017,9.415,0.015,64.0,73.0,16607.0,259.62,12346.0,169.07,AA
271.7110867,69.824443,57646.51432417,,,,,,,,,0000,1.0,101.93299865722656,00,1,neowise,10.164,0.019,9.361,0.014,56.0,75.6,17351.0,310.04,12980.0,171.74,AA
271.7111028,69.8244532,57646.90729035,,,,,,,,,0000,1.0,75.2040023803711,00,1,neowise,10.133,0.019,9.354,0.016,57.7,69.9,17852.0,309.27,13066.0,186.97,AA
271.7111326,69.8244784,57645.33504706,,,,,,,,,0000,1.0,117.76300048828125,00,1,neowise,10.188,0.018,9.407,0.016,61.2,69.6,16962.0,276.99,12434.0,178.68,AA
271.7111047,69.8244337,57644.54898684,,,,,,,,,0000,1.0,97.5260009765625,00,1,neowise,10.204,0.016,9.409,0.015,69.8,71.3,16714.0,239.6,12415.0,174.25,AA
271.7111108,69.8244596,57644.81104939,,,,,,,,,0000,1.0,74.4489974975586,00,1,neowise,10.198,0.017,9.445,0.017,64.5,63.5,16809.0,260.48,12009.0,189.22,AA
271.7111345,69.8244523,57645.07298456,,,,,,,,,0000,1.0,88.00599670410156,00,1,neowise,10.155,0.019,9.347,0.015,58.2,71.1,17495.0,300.74,13141.0,184.93,AA
271.7111447,69.824466,57645.20401581,,,,,,,,,0000,1.0,105.43800354003906,00,1,neowise,10.154,0.019,9.351,0.014,57.7,77.0,17512.0,303.5,13093.0,170.04,AA
271.7111245,69.8244478,57645.85917206,,,,,,,,,0000,1.0,74.75700378417969,00,1,neowise,10.18,0.016,9.422,0.017,67.3,65.7,17093.0,254.13,12267.0,186.79,AA
271.7111521,69.8244715,57645.99020334,,,,,,,,,0000,1.0,79.72200012207031,00,1,neowise,10.21,0.017,9.37,0.013,62.8,81.0,16624.0,264.85,12870.0,158.88,AA
271.7111627,69.8244545,57646.2522658,,,,,,,,,0000,1.0,110.96099853515625,00,1,neowise,10.175,0.018,9.406,0.016,60.3,68.1,17173.0,284.82,12448.0,182.91,AA
271.7111518,69.8244418,57646.383297,,,,,,,,,0000,1.0,115.26100158691406,00,1,neowise,10.171,0.019,9.374,0.015,58.2,70.2,17237.0,296.1,12821.0,182.51,AA
271.7112013,69.8244531,57646.51419685,,,,,,,,,0000,1.0,102.23699951171875,00,1,neowise,10.131,0.019,9.362,0.015,56.5,70.4,17891.0,316.43,12963.0,184.09,AA
271.7111045,69.8244449,57646.64522803,,,,,,,,,0000,1.0,85.15699768066406,00,1,neowise,10.145,0.018,9.395,0.016,61.5,65.8,17654.0,287.01,12580.0,191.18,AA
271.7111979,69.824429,57646.77625921,,,,,,,,,0000,0.5,74.63999938964844,00,1,neowise,10.122,0.018,9.341,0.017,59.4,65.7,18037.0,303.84,13221.0,201.14,AA
271.7111648,69.824463,57647.03832153,,,,,,,,,0000,1.0,84.36900329589844,00,1,neowise,10.15,0.015,9.363,0.014,72.0,75.9,17566.0,243.86,12958.0,170.83,AA
271.71116,69.8244603,57647.16935271,,,,,,,,,0000,1.0,100.96099853515625,00,1,neowise,10.172,0.017,9.326,0.017,63.1,62.4,17226.0,273.06,13406.0,214.73,AA
271.7111382,69.8244498,57647.30038384,,,,,,,,,0000,1.0,115.40399932861328,00,1,neowise,10.139,0.018,9.345,0.016,61.3,65.9,17757.0,289.51,13167.0,199.75,AA
271.7111405,69.8244476,57647.43141498,,,,,,,,,0000,1.0,111.40699768066406,00,1,neowise,10.151,0.017,9.368,0.015,63.2,72.2,17556.0,277.61,12892.0,178.5,AA
271.7111148,69.8244675,57647.56244617,,,,,,,,,0000,1.0,95.63500213623047,00,1,neowise,10.156,0.017,9.377,0.016,63.2,67.3,17473.0,276.32,12787.0,189.93,AA
271.7111498,69.8244386,57647.6934773,,,,,,,,,0000,1.0,80.26699829101562,00,1,neowise,10.167,0.016,9.35,0.015,66.4,71.5,17305.0,260.45,13109.0,183.42,AA
271.711128,69.824447,57647.82450844,,,,,,,,,0000,1.0,74.59600067138672,00,1,neowise,10.159,0.019,9.346,0.015,57.6,71.3,17434.0,302.46,13156.0,184.64,AA
271.7111719,69.8244623,57647.95541226,,,,,,,,,0000,1.0,77.09500122070312,00,1,neowise,10.144,0.018,9.358,0.016,59.1,69.2,17677.0,298.96,13010.0,187.97,AA
271.7111339,69.8244269,57647.95553957,,,,,,,,,0000,1.0,77.86399841308594,00,1,neowise,10.131,0.019,9.365,0.016,56.7,66.3,17886.0,315.4,12930.0,194.95,AA
271.7111272,69.8244272,57648.08644344,,,,,,,,,0000,1.0,89.92400360107422,00,1,neowise,10.157,0.018,9.351,0.015,59.7,72.2,17459.0,292.47,13093.0,181.27,AA
271.7111503,69.8244545,57648.21747457,,,,,,,,,0000,1.0,107.08499908447266,00,1,neowise,10.12,0.02,9.35,0.016,54.0,69.5,18062.0,334.29,13104.0,188.65,AA
271.7111208,69.8244182,57648.34850571,,,,,,,,,0000,1.0,117.09700012207031,00,1,neowise,10.138,0.016,9.322,0.015,66.4,71.7,17774.0,267.66,13447.0,187.65,AA
271.7111471,69.8244138,57648.47953689,,,,,,,,,0000,0.5,106.36900329589844,00,1,neowise,10.156,0.015,9.353,0.013,71.4,83.2,17480.0,244.7,13069.0,157.09,AA
271.7111498,69.8244654,57648.61056797,,,,,,,,,0000,1.0,89.42900085449219,00,1,neowise,10.137,0.016,9.368,0.014,67.5,77.4,17789.0,263.64,12897.0,166.7,AA
271.7111592,69.8244325,57648.74159916,,,,,,,,,0000,1.0,76.6989974975586,00,1,neowise,10.16,0.017,9.361,0.013,63.5,80.9,17410.0,274.28,12974.0,160.38,AA
271.7111442,69.8244428,57648.87263029,,,,,,,,,0000,0.5,75.31900024414062,00,1,neowise,10.156,0.017,9.376,0.015,62.2,74.8,17468.0,280.8,12797.0,171.11,AA
271.7110769,69.8244694,58003.41292788,,,,,,,,,0000,0.5,114.99500274658203,00,1,neowise,10.107,0.015,9.297,0.015,72.0,71.7,18268.0,253.86,13754.0,191.79,AA
271.7110642,69.8244618,58001.84170587,,,,,,,,,0000,1.0,74.04100036621094,00,1,neowise,10.163,0.015,9.329,0.014,72.2,77.0,17339.0,240.12,13357.0,173.45,AA
271.7110347,69.8244559,58002.10351247,,,,,,,,,0000,1.0,89.84600067138672,00,1,neowise,10.154,0.017,9.305,0.014,62.4,77.7,17490.0,280.35,13657.0,175.86,AA
271.7110933,69.8244523,58002.62725293,,,,,,,,,0000,1.0,89.28600311279297,00,1,neowise,10.144,0.019,9.32,0.016,57.6,69.6,17646.0,306.2,13473.0,193.67,AA
271.7110943,69.8244619,58002.7582841,,,,,,,,,0000,1.0,76.25499725341797,00,1,neowise,10.147,0.014,9.291,0.014,75.2,77.0,17603.0,234.14,13831.0,179.65,AA
271.7110648,69.8244502,58002.88918742,,,,,,,,,0000,0.5,74.50499725341797,00,1,neowise,10.146,0.014,9.295,0.014,75.8,76.9,17611.0,232.33,13781.0,179.31,AA
271.7111495,69.8244569,58003.15112138,,,,,,,,,0000,0.5,96.44400024414062,00,1,neowise,10.15,0.016,9.303,0.013,69.9,81.8,17547.0,251.13,13688.0,167.42,AA
271.7111037,69.8244507,58003.28202465,,,,,,,,,0000,1.0,112.53900146484375,00,1,neowise,10.141,0.015,9.304,0.015,72.9,72.2,17695.0,242.59,13671.0,189.38,AA
271.7111273,69.8244526,58003.67486179,,,,,,,,,0000,1.0,83.60900115966797,00,1,neowise,10.104,0.016,9.26,0.015,66.3,71.7,18316.0,276.38,14241.0,198.55,AA
271.7111594,69.8244583,58003.80576512,,,,,,,,,0000,1.0,74.48699951171875,00,1,neowise,10.11,0.015,9.271,0.016,73.6,69.6,18208.0,247.33,14097.0,202.57,AA
271.7111069,69.824456,58003.93666844,,,,,,,,,0000,1.0,75.48300170898438,00,1,neowise,10.095,0.015,9.272,0.014,73.0,77.7,18468.0,252.94,14081.0,181.19,AA
271.7111141,69.8244536,58004.06757171,,,,,,,,,0000,1.0,85.62300109863281,00,1,neowise,10.109,0.015,9.283,0.013,71.4,81.5,18230.0,255.33,13934.0,170.88,AA
271.7111959,69.8244669,58004.19860235,,,,,,,,,0000,1.0,102.77200317382812,00,1,neowise,10.091,0.017,9.273,0.015,65.8,73.0,18529.0,281.75,14066.0,192.64,AA
271.7111997,69.8244525,58004.32950558,,,,,,,,,0000,1.0,116.5,00,1,neowise,10.079,0.015,9.257,0.017,71.8,64.2,18742.0,260.91,14276.0,222.48,AA
271.7111589,69.8244537,58004.4604089,,,,,,,,,0000,0.5,110.53099822998047,00,1,neowise,10.096,0.015,9.246,0.014,73.9,77.2,18445.0,249.5,14418.0,186.69,AA
271.7111435,69.8244157,58004.59131218,,,,,,,,,0000,1.0,94.08899688720703,00,1,neowise,10.053,0.02,9.239,0.013,54.2,81.4,19190.0,353.97,14512.0,178.34,AA
271.7111698,69.8244683,58004.72234286,,,,,,,,,0000,1.0,79.06400299072266,00,1,neowise,10.111,0.015,9.25,0.015,72.1,74.7,18198.0,252.44,14366.0,192.24,AA
271.7111963,69.824449,58004.85324613,,,,,,,,,0000,1.0,74.38800048828125,00,1,neowise,10.093,0.014,9.243,0.017,75.1,62.9,18502.0,246.21,14457.0,229.74,AA
271.7111549,69.8244675,58004.9841495,,,,,,,,,0000,0.5,77.98300170898438,00,1,neowise,10.095,0.015,9.238,0.016,71.5,67.8,18463.0,258.22,14531.0,214.19,AA
271.711234,69.8244592,58005.24608337,,,,,,,,,0000,1.0,108.61699676513672,00,1,neowise,10.083,0.015,9.281,0.017,71.7,63.9,18679.0,260.6,13958.0,218.59,AA
271.7111961,69.8244562,58005.37698669,,,,,,,,,0000,1.0,116.69999694824219,00,1,neowise,10.09,0.015,9.256,0.014,72.7,77.1,18545.0,254.94,14287.0,185.28,AA
271.7111344,69.8244569,58000.92512826,,,,,,,,,0000,0.5,75.06099700927734,00,1,neowise,10.149,0.015,9.331,0.014,73.4,76.9,17562.0,239.41,13335.0,173.42,AA
271.7111173,69.824449,58001.05603159,,,,,,,,,0000,1.0,83.99199676513672,00,1,neowise,10.147,0.015,9.329,0.014,74.3,76.4,17595.0,236.91,13360.0,174.84,AA
271.7111236,69.8244709,58001.57977196,,,,,,,,,0000,0.5,95.69599914550781,00,1,neowise,10.172,0.016,9.316,0.014,69.6,74.9,17202.0,247.28,13517.0,180.38,AA
271.7111355,69.8244665,58001.71080255,,,,,,,,,0000,1.0,79.8550033569336,00,1,neowise,10.179,0.017,9.333,0.015,63.9,72.0,17086.0,267.22,13307.0,184.84,AA
271.7111374,69.8244587,58002.10363984,,,,,,,,,0000,1.0,90.34500122070312,00,1,neowise,10.133,0.019,9.346,0.016,57.8,67.2,17830.0,308.52,13158.0,195.73,AA
271.7111111,69.8244627,58002.23454306,,,,,,,,,0000,1.0,107.2959976196289,00,1,neowise,10.137,0.015,9.32,0.014,70.5,77.7,17763.0,251.9,13466.0,173.42,AA
271.7111177,69.8244561,58002.62738024,,,,,,,,,0000,1.0,89.25499725341797,00,1,neowise,10.138,0.019,9.305,0.013,56.3,81.4,17747.0,315.25,13658.0,167.88,AA
271.7109912,69.8244467,58003.02009079,,,,,,,,,0000,1.0,80.48400115966797,00,1,neowise,10.137,0.016,9.356,0.016,67.9,67.6,17760.0,261.59,13030.0,192.69,AA
271.7110181,69.824459,58003.5438312,,,,,,,,,0000,0.5,100.50499725341797,00,1,neowise,10.114,0.015,9.28,0.015,73.9,72.4,18151.0,245.68,13977.0,193.14,AA
271.7110366,69.8244584,58002.36544633,,,,,,,,,0000,0.5,117.38700103759766,00,1,neowise,10.155,0.015,9.311,0.014,71.0,76.7,17466.0,246.16,13577.0,176.93,AA
271.7110536,69.8244638,58002.49634961,,,,,,,,,0000,0.5,106.51499938964844,00,1,neowise,10.131,0.015,9.297,0.014,72.9,75.9,17862.0,245.13,13755.0,181.23,AA
271.7110986,69.824479,58001.31796541,,,,,,,,,0000,0.5,115.7959976196289,00,1,neowise,10.155,0.015,9.377,0.015,72.9,71.1,17480.0,239.69,12779.0,179.75,AA
271.711081,69.8244835,58001.97260914,,,,,,,,,0000,1.0,76.79499816894531,00,1,neowise,10.15,0.015,9.332,0.014,74.5,79.3,17560.0,235.6,13323.0,168.05,AA
271.7089112,69.8233167,58378.43679326,,,,,,,,,0000,0.0,110.27799987792969,00,1,neowise,9.717,0.015,9.054,0.013,74.1,84.3,26149.0,352.81,17215.0,204.16,AA
271.7108839,69.8242779,58379.22208596,,,,,,,,,0000,0.0,104.33100128173828,00,1,neowise,9.539,0.014,8.624,0.012,78.6,91.3,30810.0,392.09,25574.0,280.13,AA
271.7100964,69.8242133,58377.38982075,,,,,,,,,0000,0.0,113.21900177001953,00,1,neowise,9.723,0.014,8.819,0.012,76.5,92.5,26016.0,340.11,21360.0,230.9,AA
271.7106887,69.8244028,58377.52072411,,,,,,,,,0000,0.0,102.30400085449219,00,1,neowise,9.63,0.014,8.805,0.013,78.1,82.3,28348.0,362.92,21647.0,262.96,AA
271.7107238,69.8242984,58376.73543147,,,,,,,,,0000,0.0,80.58699798583984,00,1,neowise,9.662,0.016,8.825,0.014,68.8,80.2,27522.0,400.07,21251.0,264.82,AA
271.7105611,69.8242185,58378.56769663,,,,,,,,,0000,0.0,97.177001953125,00,1,neowise,9.596,0.014,8.673,0.012,76.2,90.4,29251.0,383.75,24446.0,270.51,AA
271.7105504,69.8241912,58379.0911827,,,,,,,,,0000,0.0,89.9739990234375,00,1,neowise,9.741,0.018,8.676,0.014,61.6,78.8,25573.0,415.37,24383.0,309.62,AA
271.711505,69.8245774,58376.86633478,,,,,,,,,0000,0.0,77.87799835205078,00,1,neowise,9.762,0.017,8.689,0.015,63.9,74.6,25089.0,392.75,24093.0,323.13,AA
271.7110643,69.8244467,58375.42678022,,,,,,,,,0000,0.0,111.03399658203125,00,1,neowise,9.618,0.016,8.735,0.013,69.9,83.2,28646.0,410.0,23088.0,277.61,AA
271.7110967,69.8244444,58375.55768358,,,,,,,,,0000,0.5,98.19400024414062,00,1,neowise,9.607,0.02,8.721,0.015,55.2,73.0,28957.0,524.72,23385.0,320.31,AA
271.7110532,69.8244428,58375.81936288,,,,,,,,,0000,0.5,77.47200012207031,00,1,neowise,9.599,0.015,8.705,0.013,73.5,82.7,29155.0,396.84,23743.0,287.16,AA
271.7110656,69.8244522,58375.95026624,,,,,,,,,0000,1.0,79.50399780273438,00,1,neowise,9.593,0.016,8.712,0.013,67.5,84.8,29333.0,434.25,23580.0,277.94,AA
271.7109965,69.8244097,58377.65162737,,,,,,,,,0000,0.0,87.94400024414062,00,1,neowise,9.602,0.016,8.747,0.02,67.4,54.9,29068.0,431.23,22838.0,416.25,AA
271.7110796,69.824421,58377.91330677,,,,,,,,,0000,0.0,78.3949966430664,00,1,neowise,9.569,0.019,8.789,0.014,57.3,77.5,29978.0,523.62,21975.0,283.49,AA
271.7109515,69.8243986,58378.17511402,,,,,,,,,0000,0.0,99.18800354003906,00,1,neowise,9.621,0.016,8.737,0.017,69.2,64.0,28583.0,413.21,23044.0,360.13,AA
271.7110657,69.8244204,58378.30601728,,,,,,,,,0000,0.5,111.6709976196289,00,1,neowise,9.615,0.016,8.707,0.013,68.7,84.4,28726.0,417.98,23685.0,280.48,AA
271.7110659,69.8244207,58378.43692059,,,,,,,,,0000,0.0,109.78199768066406,00,1,neowise,9.602,0.019,8.707,0.017,56.0,63.3,29064.0,519.02,23682.0,374.23,AA
271.7110752,69.8244029,58378.8295033,,,,,,,,,0000,0.0,77.9280014038086,00,1,neowise,9.595,0.016,8.684,0.014,67.0,77.0,29277.0,436.7,24190.0,314.3,AA
271.7110612,69.8244066,58379.61479594,,,,,,,,,0000,0.5,91.7040023803711,00,1,neowise,9.552,0.018,8.687,0.015,59.2,74.2,30443.0,514.47,24122.0,325.08,AA
271.7110641,69.8244229,58379.87596594,,,,,,,,,0000,1.0,75.91400146484375,00,1,neowise,9.566,0.015,8.702,0.014,70.9,80.0,30066.0,424.18,23807.0,297.64,AA
271.7110671,69.8244151,58380.00686919,,,,,,,,,0000,0.5,80.1760025024414,00,1,neowise,9.58,0.015,8.698,0.011,72.8,94.8,29671.0,407.34,23886.0,251.9,AA
271.7112298,69.8244319,58376.21194554,,,,,,,,,0000,0.0,103.21199798583984,00,1,neowise,9.597,0.019,8.856,0.013,56.0,80.8,29200.0,521.25,20657.0,255.76,AA
271.7112111,69.8244235,58377.25904476,,,,,,,,,0000,0.0,107.95899963378906,00,1,neowise,9.625,0.017,8.747,0.016,62.6,68.2,28470.0,454.9,22826.0,334.52,AA
271.7113295,69.8244142,58378.04421071,,,,,,,,,0000,0.0,85.35299682617188,00,1,neowise,9.641,0.017,8.741,0.014,65.6,75.7,28047.0,427.76,22954.0,303.22,AA
271.7111233,69.8243975,58379.7451899,,,,,,,,,0000,1.0,79.16400146484375,00,1,neowise,9.594,0.019,8.688,0.016,56.5,67.1,29305.0,518.46,24121.0,359.49,AA
271.7111336,69.8244324,58376.60465547,,,,,,,,,0000,0.5,92.90899658203125,00,1,neowise,9.602,0.017,8.748,0.013,65.6,82.3,29077.0,443.32,22822.0,277.31,AA
271.7111458,69.8244537,58376.73555878,,,,,,,,,0000,0.5,80.9749984741211,00,1,neowise,9.62,0.019,8.766,0.015,57.2,70.1,28601.0,499.86,22433.0,319.98,AA
271.7111563,69.8244284,58376.99723818,,,,,,,,,0000,0.5,81.66300201416016,00,1,neowise,9.61,0.015,8.687,0.014,70.8,79.8,28854.0,407.67,24138.0,302.42,AA
271.7111458,69.8244239,58377.12814149,,,,,,,,,0000,0.5,93.98899841308594,00,1,neowise,9.606,0.019,8.718,0.013,56.8,85.7,28958.0,510.19,23445.0,273.49,AA
271.7111842,69.8244363,58377.78253078,,,,,,,,,0000,1.0,78.80699920654297,00,1,neowise,9.615,0.016,8.719,0.015,69.5,73.0,28738.0,413.51,23427.0,320.77,AA
271.7111362,69.8244431,58377.91343409,,,,,,,,,0000,1.0,79.12799835205078,00,1,neowise,9.632,0.019,8.749,0.015,57.1,70.7,28293.0,495.58,22802.0,322.64,AA
271.7111607,69.8244291,58378.69859994,,,,,,,,,0000,0.5,83.63600158691406,00,1,neowise,9.583,0.014,8.732,0.013,76.3,85.9,29590.0,387.94,23149.0,269.35,AA
271.7111608,69.8244304,58378.96040665,,,,,,,,,0000,0.5,80.43699645996094,00,1,neowise,9.586,0.018,8.691,0.014,60.1,75.5,29496.0,490.39,24039.0,318.47,AA
271.7111587,69.8244163,58379.35298927,,,,,,,,,0000,0.0,113.677001953125,00,1,neowise,9.584,0.015,8.689,0.013,73.1,83.9,29561.0,404.6,24085.0,287.23,AA
271.7111978,69.8244608,58379.74506257,,,,,,,,,0000,0.5,78.74199676513672,00,1,neowise,9.613,0.018,8.721,0.015,61.3,72.9,28789.0,469.6,23380.0,320.89,AA
271.7114197,69.8244619,58379.61466858,,,,,,,,,0000,0.0,91.86100006103516,00,1,neowise,9.878,0.018,9.127,0.016,59.8,67.4,22550.0,377.3,16088.0,238.8,AA
271.7109084,69.824471,58375.68845953,,,,,,,,,0000,0.0,84.34300231933594,00,1,neowise,9.59,0.016,8.771,0.013,66.2,83.4,29398.0,443.91,22338.0,267.75,AA
271.7109253,69.8244717,58376.34284885,,,,,,,,,0000,0.0,114.01899719238281,00,1,neowise,9.491,0.02,8.69,0.017,54.8,65.5,32214.0,588.32,24073.0,367.79,AA
271.7110852,69.8244704,58525.85906556,,,,,,,,,0000,1.0,108.95600128173828,00,1,neowise,9.288,0.021,8.401,0.014,50.9,76.6,38837.0,762.33,31394.0,409.88,AA
271.7111509,69.8244824,58525.72828921,,,,,,,,,0000,1.0,90.70099639892578,00,1,neowise,9.297,0.016,8.374,0.013,69.3,86.7,38506.0,555.38,32183.0,370.99,AA
271.7111308,69.824481,58525.98996927,,,,,,,,,0000,1.0,118.6969985961914,00,1,neowise,9.317,0.017,8.424,0.012,64.4,90.5,37807.0,586.75,30733.0,339.59,AA
271.71116,69.8244854,58526.12087297,,,,,,,,,0000,1.0,104.38200378417969,00,1,neowise,9.321,0.017,8.436,0.015,64.9,72.6,37677.0,580.2,30406.0,418.86,AA
271.7111512,69.8244871,58526.38255288,,,,,,,,,0000,1.0,74.00700378417969,00,1,neowise,9.343,0.017,8.436,0.015,65.7,72.7,36908.0,561.86,30410.0,418.56,AA
271.711178,69.8244819,58528.08366441,,,,,,,,,0000,1.0,109.19599914550781,00,1,neowise,9.384,0.017,8.462,0.014,63.8,78.2,35534.0,556.76,29682.0,379.76,AA
271.7111383,69.8244818,58528.99909859,,,,,,,,,0000,1.0,116.36699676513672,00,1,neowise,9.352,0.017,8.462,0.012,64.9,89.9,36623.0,564.32,29677.0,330.06,AA
271.7111553,69.8244907,58529.39168216,,,,,,,,,0000,0.5,76.2229995727539,00,1,neowise,9.341,0.02,8.471,0.014,54.2,76.2,36984.0,682.06,29451.0,386.43,AA
271.7111221,69.824481,58530.04594583,,,,,,,,,0000,1.0,113.46600341796875,00,1,neowise,9.342,0.016,8.431,0.013,67.3,84.6,36958.0,549.16,30563.0,361.07,AA
271.7111249,69.8244793,58530.30762574,,,,,,,,,0000,1.0,82.80699920654297,00,1,neowise,9.317,0.018,8.417,0.014,61.1,78.5,37806.0,618.69,30934.0,394.04,AA
271.7111938,69.8244705,58525.85919288,,,,,,,,,0000,1.0,109.52999877929688,00,1,neowise,9.287,0.018,8.369,0.014,60.0,80.2,38866.0,647.93,32334.0,403.04,AA
271.7111334,69.8244682,58526.25164922,,,,,,,,,0000,1.0,87.63700103759766,00,1,neowise,9.3,0.016,8.434,0.013,67.7,84.1,38393.0,566.88,30471.0,362.11,AA
271.7111435,69.8244742,58526.51294719,,,,,,,,,0000,1.0,75.13300323486328,00,1,neowise,9.343,0.016,8.438,0.012,66.5,87.3,36909.0,554.79,30345.0,347.46,AA
271.7111658,69.8244703,58526.77513646,,,,,,,,,0000,1.0,97.21299743652344,00,1,neowise,9.375,0.017,8.469,0.013,63.6,82.3,35827.0,562.97,29486.0,358.24,AA
271.7111629,69.8244547,58526.90604016,,,,,,,,,0000,1.0,114.96099853515625,00,1,neowise,9.347,0.019,8.455,0.012,57.3,89.5,36761.0,641.17,29885.0,333.8,AA
271.711137,69.8244635,58527.03681656,,,,,,,,,0000,1.0,115.68599700927734,00,1,neowise,9.402,0.017,8.473,0.013,64.3,85.8,34972.0,543.7,29396.0,342.69,AA
271.7111071,69.8244253,58527.29849704,,,,,,,,,0000,1.0,81.58399963378906,00,1,neowise,9.355,0.016,8.347,0.014,69.2,78.8,36495.0,527.05,33016.0,418.89,AA
271.7111762,69.8244726,58527.42940074,,,,,,,,,0000,1.0,72.125,00,1,neowise,9.386,0.015,8.483,0.014,70.7,77.5,35464.0,501.35,29115.0,375.79,AA
271.7111987,69.8244699,58527.56030435,,,,,,,,,0000,1.0,73.5260009765625,00,1,neowise,9.363,0.02,8.478,0.014,54.2,76.8,36248.0,668.65,29243.0,380.82,AA
271.7111541,69.8244608,58527.69108066,,,,,,,,,0000,1.0,85.6969985961914,00,1,neowise,9.349,0.016,8.466,0.013,66.6,82.8,36700.0,551.37,29583.0,357.07,AA
271.7111626,69.8244578,58527.82198432,,,,,,,,,0000,1.0,104.08200073242188,00,1,neowise,9.383,0.016,8.482,0.012,68.3,92.7,35585.0,521.31,29141.0,314.45,AA
271.7111411,69.8244463,58527.95276071,,,,,,,,,0000,1.0,118.64800262451172,00,1,neowise,9.368,0.015,8.435,0.016,70.7,68.5,36082.0,510.65,30451.0,444.57,AA
271.7111411,69.8244771,58528.21405867,,,,,,,,,0000,0.5,93.86599731445312,00,1,neowise,9.373,0.016,8.466,0.013,69.1,86.4,35919.0,519.65,29592.0,342.54,AA
271.7111681,69.8244649,58528.34534433,,,,,,,,,0000,1.0,76.8239974975586,00,1,neowise,9.381,0.016,8.471,0.013,69.0,83.6,35635.0,516.8,29441.0,352.25,AA
271.7112186,69.8244648,58528.47624799,,,,,,,,,0000,1.0,72.15699768066406,00,1,neowise,9.377,0.015,8.457,0.014,72.5,76.8,35775.0,493.35,29835.0,388.46,AA
271.7111118,69.8244736,58529.65336212,,,,,,,,,0000,1.0,82.19300079345703,00,1,neowise,9.362,0.021,8.445,0.014,51.5,77.7,36271.0,704.96,30162.0,388.21,AA
271.7111531,69.8244638,58529.65348948,,,,,,,,,0000,1.0,82.00499725341797,00,1,neowise,9.372,0.018,8.483,0.014,60.6,80.2,35938.0,592.89,29120.0,362.96,AA
271.7111349,69.8244749,58529.78426582,,,,,,,,,0000,0.5,97.85199737548828,00,1,neowise,9.386,0.015,8.437,0.013,71.7,81.7,35466.0,494.53,30384.0,371.85,AA
271.7111154,69.824477,58529.91516943,,,,,,,,,0000,1.0,113.66000366210938,00,1,neowise,9.349,0.017,8.485,0.014,65.2,76.0,36710.0,562.67,29066.0,382.22,AA
271.711168,69.8244726,58530.3077531,,,,,,,,,0000,1.0,82.36299896240234,00,1,neowise,9.346,0.02,8.418,0.016,55.3,66.0,36800.0,665.14,30914.0,468.56,AA
271.7111229,69.8244595,58530.4385294,,,,,,,,,0000,1.0,74.5790023803711,00,1,neowise,9.315,0.015,8.374,0.014,71.7,77.6,37861.0,528.0,32209.0,415.0,AA
271.711084,69.8244774,58525.59738556,,,,,,,,,0000,1.0,76.13600158691406,00,1,neowise,9.269,0.016,8.376,0.013,66.5,86.5,39520.0,594.46,32145.0,371.84,AA
271.7111173,69.8244863,58526.64423285,,,,,,,,,0000,1.0,80.28199768066406,00,1,neowise,9.332,0.017,8.428,0.015,63.8,72.2,37274.0,584.48,30646.0,424.49,AA
271.7111708,69.824446,57641.01139719,,,,,,,,,0000,1.0,81.15299987792969,00,1,neowise,10.212,0.017,9.427,0.014,64.3,78.5,16591.0,257.99,12214.0,155.68,AA
271.7111087,69.8244667,57641.0115245,,,,,,,,,0000,1.0,81.86000061035156,00,1,neowise,10.216,0.018,9.429,0.017,60.8,63.2,16543.0,272.18,12188.0,192.88,AA
271.7111551,69.8244485,57641.40449097,,,,,,,,,0000,1.0,114.28199768066406,00,1,neowise,10.23,0.015,9.462,0.018,70.5,60.6,16325.0,231.61,11829.0,195.33,AA
271.7111697,69.8244605,57641.53552227,,,,,,,,,0000,1.0,99.41300201416016,00,1,neowise,10.244,0.015,9.435,0.017,70.3,63.6,16119.0,229.32,12117.0,190.42,AA
271.7111673,69.824453,57641.66655341,,,,,,,,,0000,1.0,82.77899932861328,00,1,neowise,10.247,0.016,9.434,0.015,69.3,74.4,16074.0,231.93,12129.0,163.01,AA
271.7111592,69.8244509,57641.79758466,,,,,,,,,0000,1.0,74.31999969482422,00,1,neowise,10.238,0.015,9.45,0.016,72.3,68.1,16208.0,224.04,11952.0,175.46,AA
271.71113,69.8244618,57641.92861591,,,,,,,,,0000,1.0,75.99500274658203,00,1,neowise,10.278,0.016,9.448,0.015,69.9,74.6,15617.0,223.29,11974.0,160.5,AA
271.7111985,69.8244588,57642.05964716,,,,,,,,,0000,1.0,86.76699829101562,00,1,neowise,10.277,0.016,9.46,0.016,67.3,70.0,15629.0,232.12,11844.0,169.26,AA
271.7111406,69.8244636,57642.19067836,,,,,,,,,0000,1.0,103.78299713134766,00,1,neowise,10.235,0.017,9.449,0.014,65.4,77.5,16249.0,248.31,11964.0,154.37,AA
271.7111327,69.8244668,57642.58377211,,,,,,,,,0000,1.0,92.83100128173828,00,1,neowise,10.259,0.018,9.461,0.017,59.0,65.5,15892.0,269.41,11831.0,180.65,AA
271.7111161,69.8244718,57642.58364473,,,,,,,,,0000,1.0,92.94599914550781,00,1,neowise,10.243,0.018,9.443,0.014,59.3,76.0,16125.0,272.15,12036.0,158.41,AA
271.7111036,69.8244523,57642.71467603,,,,,,,,,0000,1.0,78.12999725341797,00,1,neowise,10.238,0.018,9.441,0.015,62.0,70.6,16209.0,261.53,12052.0,170.75,AA
271.7111378,69.824453,57643.23880106,,,,,,,,,0000,1.0,109.5979995727539,00,1,neowise,10.219,0.017,9.445,0.017,64.7,65.6,16487.0,254.95,12016.0,183.25,AA
271.7111333,69.8244559,57643.50086413,,,,,,,,,0000,1.0,103.65899658203125,00,1,neowise,10.244,0.018,9.421,0.016,62.0,70.0,16109.0,259.92,12281.0,175.34,AA
271.7111323,69.8244529,57643.76279932,,,,,,,,,0000,0.5,74.91100311279297,00,1,neowise,10.219,0.017,9.396,0.016,63.3,69.2,16488.0,260.43,12562.0,181.43,AA
271.7111156,69.8244488,57644.02486185,,,,,,,,,0000,1.0,82.68000030517578,00,1,neowise,10.168,0.016,9.394,0.015,66.3,72.5,17277.0,260.61,12592.0,173.8,AA
271.7110951,69.8244782,57639.83223953,,,,,,,,,0000,1.0,73.81099700927734,00,1,neowise,10.186,0.015,9.4,0.014,71.5,76.5,17003.0,237.71,12524.0,163.8,AA
271.7110774,69.8244736,57642.84570733,,,,,,,,,0000,1.0,74.28299713134766,00,1,neowise,10.229,0.018,9.449,0.015,59.2,72.6,16343.0,276.28,11970.0,164.95,AA
271.7111192,69.8244961,57642.4527409,,,,,,,,,0000,1.0,109.29399871826172,00,1,neowise,10.236,0.017,9.517,0.017,65.3,65.6,16231.0,248.61,11241.0,171.42,AA
271.7110835,69.8244842,57644.28692435,,,,,,,,,0000,1.0,114.38400268554688,00,1,neowise,10.198,0.018,9.429,0.016,58.8,67.1,16810.0,285.85,12189.0,181.74,AA
271.7101899,69.8247058,58007.21014285,,,,,,,,,0000,1.0,104.2490005493164,00,1,neowise,10.195,0.015,8.962,0.015,73.9,71.4,16847.0,227.87,18738.0,262.48,AA
271.7114242,69.8243619,58006.94820884,,,,,,,,,0000,0.5,76.15799713134766,00,1,neowise,10.067,0.017,9.092,0.014,65.3,80.3,18956.0,290.09,16624.0,207.15,AA
271.7105844,69.8242921,58009.17458369,,,,,,,,,0000,0.0,100.3239974975586,00,1,neowise,10.248,0.015,9.351,0.014,74.4,78.9,16036.0,215.6,13094.0,166.05,AA
271.7110676,69.8244664,58007.86478663,,,,,,,,,0000,1.0,74.8270034790039,00,1,neowise,10.121,0.017,9.273,0.014,64.5,79.1,18021.0,279.41,14070.0,177.97,AA
271.7110821,69.8244526,58008.51943046,,,,,,,,,0000,1.0,103.2750015258789,00,1,neowise,10.126,0.017,9.257,0.014,63.2,77.2,17947.0,284.07,14279.0,184.84,AA
271.7110883,69.8244465,58008.65033373,,,,,,,,,0000,0.5,86.44300079345703,00,1,neowise,10.119,0.017,9.29,0.015,63.4,71.8,18062.0,284.87,13853.0,192.97,AA
271.7110411,69.8244497,58008.78123706,,,,,,,,,0000,0.5,75.18599700927734,00,1,neowise,10.076,0.02,9.279,0.014,53.9,77.6,18795.0,348.67,13996.0,180.28,AA
271.7110922,69.8244604,58008.91226774,,,,,,,,,0000,1.0,75.6780014038086,00,1,neowise,10.11,0.016,9.276,0.013,66.9,85.2,18210.0,272.13,14025.0,164.63,AA
271.7110949,69.8244329,58009.56691144,,,,,,,,,0000,0.5,97.1449966430664,00,1,neowise,10.133,0.016,9.29,0.014,67.4,79.7,17835.0,264.67,13848.0,173.79,AA
271.7110545,69.8244396,58010.22155588,,,,,,,,,0000,0.5,105.64900207519531,00,1,neowise,10.059,0.018,9.283,0.014,61.5,79.7,19096.0,310.56,13938.0,174.95,AA
271.7110909,69.824458,58006.42446829,,,,,,,,,0000,0.5,113.53399658203125,00,1,neowise,10.117,0.015,9.295,0.015,71.5,73.4,18103.0,253.28,13779.0,187.64,AA
271.7110526,69.8244595,58006.55537161,,,,,,,,,0000,1.0,98.81400299072266,00,1,neowise,10.11,0.018,9.275,0.015,59.9,71.2,18210.0,304.03,14040.0,197.1,AA
271.7110883,69.8244616,58006.81730557,,,,,,,,,0000,1.0,74.55999755859375,00,1,neowise,10.099,0.015,9.247,0.016,71.4,69.3,18396.0,257.51,14402.0,207.82,AA
271.7111932,69.824479,58007.21001544,,,,,,,,,0000,0.5,104.18800354003906,00,1,neowise,10.112,0.018,9.283,0.014,60.5,76.0,18183.0,300.41,13939.0,183.32,AA
271.7111102,69.8244266,58008.78136437,,,,,,,,,0000,0.5,75.58300018310547,00,1,neowise,10.118,0.021,9.287,0.016,51.7,68.8,18084.0,349.96,13889.0,201.76,AA
271.7111542,69.8244563,58009.04317102,,,,,,,,,0000,1.0,83.29900360107422,00,1,neowise,10.098,0.015,9.26,0.018,71.1,59.9,18419.0,259.16,14239.0,237.54,AA
271.7112692,69.8244579,58009.43600816,,,,,,,,,0000,0.5,112.22100067138672,00,1,neowise,10.117,0.015,9.252,0.016,73.3,69.9,18090.0,246.82,14336.0,205.06,AA
271.7111219,69.8244585,58009.82871869,,,,,,,,,0000,0.5,74.1500015258789,00,1,neowise,10.141,0.018,9.279,0.014,61.2,76.0,17707.0,289.28,13987.0,184.12,AA
271.7111493,69.8244585,58009.82884601,,,,,,,,,0000,1.0,74.86599731445312,00,1,neowise,10.11,0.017,9.292,0.016,62.5,69.4,18213.0,291.52,13821.0,199.02,AA
271.7111098,69.8244402,58009.95974933,,,,,,,,,0000,0.5,77.30899810791016,00,1,neowise,10.113,0.016,9.25,0.015,68.0,71.9,18162.0,267.2,14375.0,199.85,AA
271.7111056,69.8244392,58010.09065265,,,,,,,,,0000,0.5,88.84300231933594,00,1,neowise,10.11,0.017,9.238,0.014,65.2,75.7,18207.0,279.3,14523.0,191.82,AA
271.7111358,69.8244512,58010.35258652,,,,,,,,,0000,0.5,116.73699951171875,00,1,neowise,10.128,0.017,9.295,0.016,62.8,68.0,17917.0,285.16,13779.0,202.7,AA
271.711143,69.8244633,58010.3524592,,,,,,,,,0000,0.5,117.49199676513672,00,1,neowise,10.198,0.018,9.363,0.014,61.8,75.6,16798.0,271.9,12950.0,171.29,AA
271.711144,69.8244405,58005.50788997,,,,,,,,,0000,0.5,105.08699798583984,00,1,neowise,10.069,0.015,9.23,0.015,70.5,72.1,18921.0,268.31,14639.0,202.91,AA
271.7111764,69.8244488,58005.63892056,,,,,,,,,0000,1.0,87.83000183105469,00,1,neowise,10.113,0.018,9.261,0.014,60.2,76.2,18162.0,301.79,14222.0,186.69,AA
271.7111616,69.8244578,58005.76982388,,,,,,,,,0000,1.0,75.83200073242188,00,1,neowise,10.089,0.016,9.266,0.015,69.2,72.0,18562.0,268.42,14161.0,196.56,AA
271.711147,69.8244648,58005.9007272,,,,,,,,,0000,1.0,75.19100189208984,00,1,neowise,10.114,0.015,9.27,0.016,70.1,67.0,18138.0,258.64,14105.0,210.5,AA
271.7111063,69.8244705,58006.03163052,,,,,,,,,0000,1.0,81.84400177001953,00,1,neowise,10.07,0.018,9.271,0.015,60.3,71.0,18890.0,313.26,14093.0,198.48,AA
271.7111689,69.8244614,58006.29356497,,,,,,,,,0000,1.0,113.47599792480469,00,1,neowise,10.117,0.015,9.254,0.014,71.8,78.9,18099.0,252.22,14314.0,181.51,AA
271.7111679,69.8244424,58006.6864022,,,,,,,,,0000,0.5,82.46800231933594,00,1,neowise,10.079,0.019,9.289,0.017,56.4,64.4,18734.0,331.97,13856.0,215.28,AA
271.7111381,69.8244646,58007.07911221,,,,,,,,,0000,1.0,87.18699645996094,00,1,neowise,10.15,0.016,9.251,0.014,66.7,75.6,17556.0,263.31,14354.0,189.92,AA
271.7111464,69.824443,58007.34104608,,,,,,,,,0000,1.0,116.7959976196289,00,1,neowise,10.101,0.018,9.269,0.015,60.8,74.8,18368.0,302.19,14117.0,188.68,AA
271.7111964,69.8244268,58007.60285267,,,,,,,,,0000,0.5,92.43599700927734,00,1,neowise,10.085,0.017,9.33,0.016,63.3,69.7,18637.0,294.4,13344.0,191.52,AA
271.7111726,69.8244616,58007.73388331,,,,,,,,,0000,1.0,78.3219985961914,00,1,neowise,10.1,0.02,9.267,0.017,54.6,65.4,18389.0,337.01,14150.0,216.2,AA
271.7111384,69.8244647,58007.733756,,,,,,,,,0000,1.0,77.89800262451172,00,1,neowise,10.104,0.017,9.287,0.014,62.1,78.0,18314.0,295.15,13882.0,178.09,AA
271.7110478,69.824462,58007.99568995,,,,,,,,,0000,1.0,79.08699798583984,00,1,neowise,10.112,0.017,9.281,0.015,65.7,73.7,18176.0,276.54,13964.0,189.44,AA
271.7110472,69.8244765,58008.25749655,,,,,,,,,0000,0.5,109.94400024414062,00,1,neowise,10.107,0.018,9.279,0.014,61.0,77.9,18259.0,299.35,13985.0,179.51,AA
271.711063,69.824468,58008.25762387,,,,,,,,,0000,1.0,109.77999877929688,00,1,neowise,10.087,0.02,9.274,0.017,53.9,65.5,18603.0,345.42,14055.0,214.52,AA
271.7110617,69.8244719,58008.38852719,,,,,,,,,0000,0.5,115.8270034790039,00,1,neowise,10.103,0.018,9.283,0.015,60.8,71.7,18328.0,301.3,13944.0,194.52,AA
271.7109093,69.8244574,58009.30548688,,,,,,,,,0000,0.0,113.08699798583984,00,1,neowise,10.127,0.015,9.306,0.014,74.0,76.5,17934.0,242.25,13640.0,178.36,AA
271.7110702,69.8244684,58009.69781476,,,,,,,,,0000,0.5,81.28900146484375,00,1,neowise,10.11,0.016,9.284,0.014,66.2,77.4,18220.0,275.42,13926.0,179.82,AA
271.7103858,69.8242681,58370.32256742,,,,,,,,,0000,0.0,113.66699981689453,00,1,neowise,9.363,0.014,8.524,0.012,76.5,90.6,36233.0,473.36,28045.0,309.66,AA
271.7107577,69.8243589,58368.62120679,,,,,,,,,0000,0.0,91.31199645996094,00,1,neowise,9.451,0.015,8.569,0.014,74.3,79.4,33420.0,449.69,26907.0,338.96,AA
271.7105918,69.8243193,58367.96681796,,,,,,,,,0000,0.0,78.61399841308594,00,1,neowise,9.523,0.016,8.643,0.013,69.2,83.7,31261.0,451.96,25124.0,300.29,AA
271.7109239,69.8244152,58368.22862442,,,,,,,,,0000,0.0,105.03299713134766,00,1,neowise,9.481,0.014,8.617,0.013,78.2,82.3,32517.0,415.97,25728.0,312.6,AA
271.7110672,69.8244525,58368.35952765,,,,,,,,,0000,0.5,114.85900115966797,00,1,neowise,9.503,0.014,8.581,0.013,75.2,85.6,31858.0,423.68,26596.0,310.66,AA
271.710956,69.8244161,58368.88301388,,,,,,,,,0000,0.0,77.26699829101562,00,1,neowise,9.47,0.014,8.53,0.012,76.5,89.6,32829.0,429.41,27880.0,311.03,AA
271.7109618,69.8244336,58369.27559631,,,,,,,,,0000,0.0,109.83699798583984,00,1,neowise,9.455,0.014,8.614,0.013,79.7,85.4,33299.0,417.71,25810.0,302.15,AA
271.7109083,69.8244063,58369.40649949,,,,,,,,,0000,0.0,113.26300048828125,00,1,neowise,9.433,0.014,8.538,0.013,78.8,83.1,33963.0,430.87,27689.0,333.35,AA
271.7110978,69.8244722,58369.66830595,,,,,,,,,0000,0.5,86.16200256347656,00,1,neowise,9.467,0.018,8.551,0.012,59.6,88.9,32927.0,552.79,27359.0,307.82,AA
271.7109771,69.8244029,58369.79908191,,,,,,,,,0000,0.0,76.99700164794922,00,1,neowise,9.405,0.015,8.519,0.013,74.5,81.2,34867.0,468.13,28170.0,346.74,AA
271.7110483,69.8244459,58369.92998514,,,,,,,,,0000,0.0,78.00800323486328,00,1,neowise,9.404,0.014,8.543,0.014,78.6,78.9,34902.0,444.14,27554.0,349.24,AA
271.7113182,69.8244578,58368.49043093,,,,,,,,,0000,0.0,106.12999725341797,00,1,neowise,9.49,0.016,8.577,0.014,67.4,80.1,32252.0,478.82,26717.0,333.49,AA
271.7112518,69.824459,58367.836042,,,,,,,,,0000,0.5,76.93900299072266,00,1,neowise,9.488,0.015,8.601,0.013,74.8,81.7,32301.0,431.94,26132.0,320.01,AA
271.7111368,69.8244741,58367.96694528,,,,,,,,,0000,0.5,79.38600158691406,00,1,neowise,9.459,0.022,8.597,0.013,49.2,80.5,33186.0,674.48,26214.0,325.49,AA
271.7111624,69.8244554,58369.0139172,,,,,,,,,0000,0.5,82.21700286865234,00,1,neowise,9.439,0.015,8.567,0.013,72.8,82.9,33775.0,464.11,26964.0,325.26,AA
271.7112494,69.8244739,58370.06088843,,,,,,,,,0000,0.0,86.11199951171875,00,1,neowise,9.44,0.015,8.515,0.013,73.1,83.9,33765.0,461.85,28265.0,336.69,AA
271.7112132,69.8244753,58370.19179161,,,,,,,,,0000,0.5,100.92900085449219,00,1,neowise,9.411,0.014,8.538,0.014,76.9,79.4,34662.0,450.58,27685.0,348.67,AA
271.7108754,69.8244096,58368.75211065,,,,,,,,,0000,0.0,79.21700286865234,00,1,neowise,9.494,0.015,8.563,0.012,74.6,88.0,32106.0,430.45,27047.0,307.39,AA
271.7113376,69.8243129,58742.58626104,,,,,,,,,0000,0.0,96.87300109863281,00,1,neowise,10.149,0.017,9.223,0.015,63.1,71.0,17570.0,278.27,14730.0,207.54,AA
271.7108373,69.8243694,58743.76375322,,,,,,,,,0000,0.0,78.34300231933594,00,1,neowise,10.109,0.018,9.303,0.015,59.1,71.8,18227.0,308.39,13681.0,190.62,AA
271.7110851,69.8244418,58744.15633556,,,,,,,,,0000,0.5,95.46600341796875,00,1,neowise,10.141,0.018,9.195,0.016,58.7,69.7,17707.0,301.71,15115.0,216.96,AA
271.711073,69.8244471,58742.06302962,,,,,,,,,0000,1.0,84.5780029296875,00,1,neowise,10.211,0.016,9.355,0.017,67.2,65.3,16597.0,247.14,13039.0,199.71,AA
271.7110924,69.8244442,58742.71716418,,,,,,,,,0000,0.5,81.9990005493164,00,1,neowise,10.228,0.017,9.335,0.016,65.4,67.1,16341.0,249.85,13292.0,198.09,AA
271.7110863,69.8244291,58742.97884333,,,,,,,,,0000,0.5,78.51799774169922,00,1,neowise,10.217,0.018,9.315,0.015,61.9,73.5,16497.0,266.53,13531.0,184.16,AA
271.7110527,69.82442,58743.3712983,,,,,,,,,0000,0.5,115.82599639892578,00,1,neowise,10.216,0.016,9.302,0.014,69.2,79.7,16521.0,238.81,13694.0,171.75,AA
271.7111683,69.8244098,58743.8946565,,,,,,,,,0000,1.0,76.83399963378906,00,1,neowise,10.159,0.018,9.254,0.017,61.2,64.0,17403.0,284.5,14310.0,223.72,AA
271.7113163,69.8244415,58741.67044728,,,,,,,,,0000,0.0,86.60600280761719,00,1,neowise,10.256,0.018,9.373,0.015,60.9,71.9,15925.0,261.38,12825.0,178.28,AA
271.7111178,69.824451,58744.28711147,,,,,,,,,0000,0.5,110.30500030517578,00,1,neowise,10.168,0.016,9.263,0.015,69.1,70.9,17263.0,249.78,14193.0,200.19,AA
271.7112183,69.8244375,58741.53967141,,,,,,,,,0000,0.5,102.51100158691406,00,1,neowise,10.192,0.018,9.28,0.017,59.0,64.3,16880.0,286.15,13974.0,217.49,AA
271.7111226,69.8244364,58741.80135046,,,,,,,,,0000,0.5,76.50599670410156,00,1,neowise,10.207,0.017,9.296,0.015,65.2,73.9,16650.0,255.22,13769.0,186.23,AA
271.711148,69.8244619,58741.93212639,,,,,,,,,0000,1.0,76.6050033569336,00,1,neowise,10.171,0.019,9.291,0.015,57.5,72.2,17218.0,299.6,13839.0,191.69,AA
271.7111674,69.8244693,58742.19380549,,,,,,,,,0000,0.5,99.7979965209961,00,1,neowise,10.243,0.015,9.323,0.014,70.9,77.2,16115.0,227.39,13437.0,173.97,AA
271.7111363,69.8244093,58742.32470872,,,,,,,,,0000,0.5,113.45600128173828,00,1,neowise,10.183,0.02,9.324,0.017,54.8,65.7,17029.0,310.77,13420.0,204.38,AA
271.7111211,69.8244483,58742.45548515,,,,,,,,,0000,0.5,111.37899780273438,00,1,neowise,10.221,0.016,9.314,0.017,66.4,65.1,16444.0,247.74,13551.0,208.05,AA
271.7111416,69.8244453,58742.84794009,,,,,,,,,0000,0.5,75.7509994506836,00,1,neowise,10.267,0.016,9.326,0.015,69.8,72.5,15765.0,225.72,13398.0,184.7,AA
271.711106,69.8244429,58743.24052238,,,,,,,,,0000,0.5,105.4520034790039,00,1,neowise,10.209,0.02,9.319,0.015,55.6,71.8,16622.0,298.69,13480.0,187.79,AA
271.7111352,69.8244316,58743.63297735,,,,,,,,,0000,1.0,90.96499633789062,00,1,neowise,10.171,0.017,9.273,0.013,64.2,82.2,17225.0,268.32,14062.0,171.17,AA
271.7110735,69.8244427,59100.60068453,,,,,,,,,0000,0.0,95.68399810791016,00,1,neowise,9.964,0.016,9.111,0.015,67.2,71.0,20839.0,310.07,16330.0,229.87,AA
271.711061,69.824439,59100.73146031,,,,,,,,,0000,0.5,80.3949966430664,00,1,neowise,9.972,0.017,9.094,0.014,62.9,80.4,20675.0,328.86,16581.0,206.3,AA
271.7110934,69.8244589,59101.647019,,,,,,,,,0000,0.5,89.68299865722656,00,1,neowise,9.986,0.015,9.073,0.015,70.1,74.5,20418.0,291.12,16905.0,226.95,AA
271.7110216,69.8244326,59101.77779487,,,,,,,,,0000,0.5,76.9800033569336,00,1,neowise,9.987,0.015,9.071,0.014,72.0,77.1,20402.0,283.51,16943.0,219.8,AA
271.7110327,69.8244388,59101.90857071,,,,,,,,,0000,0.5,75.46700286865234,00,1,neowise,9.994,0.017,9.062,0.013,64.6,82.1,20271.0,313.67,17078.0,207.91,AA
271.7110419,69.8244361,59097.85426436,,,,,,,,,0000,0.5,74.81600189208984,00,1,neowise,9.929,0.02,9.09,0.013,55.3,84.8,21513.0,389.28,16657.0,196.35,AA
271.7109595,69.8244172,59097.854137,,,,,,,,,0000,0.0,74.09300231933594,00,1,neowise,9.924,0.017,9.04,0.014,64.4,76.6,21619.0,335.68,17430.0,227.47,AA
271.7110184,69.8244389,59098.90047147,,,,,,,,,0000,0.0,74.99299621582031,00,1,neowise,9.955,0.014,9.064,0.015,75.1,73.6,21001.0,279.76,17057.0,231.88,AA
271.7109988,69.8244398,59099.29279887,,,,,,,,,0000,0.0,111.21399688720703,00,1,neowise,9.956,0.016,9.075,0.015,66.2,73.0,20982.0,316.82,16886.0,231.43,AA
271.7112678,69.8244429,59101.38546743,,,,,,,,,0000,0.0,116.48799896240234,00,1,neowise,9.976,0.015,9.099,0.013,71.1,82.8,20600.0,289.69,16508.0,199.4,AA
271.7112583,69.8244325,59100.07758126,,,,,,,,,0000,0.0,84.88200378417969,00,1,neowise,9.979,0.014,9.065,0.015,75.3,71.4,20553.0,272.85,17045.0,238.72,AA
271.7111497,69.8244864,59102.17012236,,,,,,,,,0000,0.5,96.14199829101562,00,1,neowise,9.973,0.019,9.028,0.014,57.7,78.5,20663.0,358.24,17631.0,224.72,AA
271.7111598,69.8244799,59098.63891981,,,,,,,,,0000,0.5,90.72200012207031,00,1,neowise,9.953,0.014,9.033,0.013,75.8,83.5,21046.0,277.61,17540.0,209.96,AA
271.7111123,69.8244451,59100.20835713,,,,,,,,,0000,0.5,101.0989990234375,00,1,neowise,9.962,0.015,9.091,0.013,74.2,85.3,20872.0,281.48,16630.0,194.98,AA
271.7111756,69.824456,59100.73158763,,,,,,,,,0000,0.5,80.61000061035156,00,1,neowise,9.971,0.018,9.073,0.014,60.3,80.3,20703.0,343.55,16909.0,210.69,AA
271.711164,69.8244681,59100.86236351,,,,,,,,,0000,0.5,75.2020034790039,00,1,neowise,9.949,0.017,9.069,0.016,62.3,68.9,21117.0,339.21,16969.0,246.38,AA
271.7111737,69.8244589,59100.99313938,,,,,,,,,0000,0.5,78.18800354003906,00,1,neowise,9.932,0.016,9.065,0.015,66.1,71.8,21447.0,324.71,17036.0,237.11,AA
271.7112058,69.8244431,59101.12391525,,,,,,,,,0000,0.5,90.50599670410156,00,1,neowise,9.96,0.016,9.092,0.014,69.6,77.4,20918.0,300.35,16620.0,214.83,AA
271.7112106,69.8244511,59101.25469104,,,,,,,,,0000,0.5,106.82099914550781,00,1,neowise,9.968,0.015,9.074,0.015,71.2,73.5,20762.0,291.45,16890.0,229.72,AA
271.7112336,69.8244341,59102.17024968,,,,,,,,,0000,0.5,96.36299896240234,00,1,neowise,9.963,0.018,9.068,0.015,58.8,71.7,20850.0,354.84,16996.0,236.89,AA
271.7111482,69.8244626,59097.98504015,,,,,,,,,0000,0.5,77.40499877929688,00,1,neowise,9.944,0.015,9.077,0.013,73.3,85.9,21218.0,289.43,16844.0,196.16,AA
271.7112491,69.8244667,59098.11581602,,,,,,,,,0000,0.5,89.29199981689453,00,1,neowise,9.921,0.016,9.065,0.013,69.8,82.1,21666.0,310.4,17032.0,207.48,AA
271.7111259,69.8244489,59098.24659185,,,,,,,,,0000,0.5,105.8759994506836,00,1,neowise,9.942,0.015,9.057,0.013,71.1,82.8,21255.0,298.77,17160.0,207.22,AA
271.7111698,69.8244477,59098.37736764,,,,,,,,,0000,0.5,117.06900024414062,00,1,neowise,9.937,0.015,9.062,0.014,74.0,77.0,21362.0,288.69,17086.0,221.8,AA
271.7111257,69.8244322,59099.29292623,,,,,,,,,0000,1.0,110.98699951171875,00,1,neowise,10.011,0.017,9.085,0.015,62.5,73.7,19945.0,319.38,16724.0,226.98,AA
271.7112538,69.8244493,59099.42370211,,,,,,,,,0000,0.0,114.66799926757812,00,1,neowise,10.021,0.017,9.058,0.015,62.1,70.9,19764.0,318.47,17147.0,241.89,AA
271.7111749,69.8244458,59099.55447794,,,,,,,,,0000,1.0,101.4800033569336,00,1,neowise,9.974,0.016,9.134,0.016,68.9,67.8,20642.0,299.58,15993.0,235.96,AA
271.7111364,69.8244662,59099.68525372,,,,,,,,,0000,0.5,85.15499877929688,00,1,neowise,9.961,0.015,9.074,0.013,72.6,80.7,20889.0,287.73,16899.0,209.47,AA
271.7111711,69.8244334,59099.81602955,,,,,,,,,0000,0.5,75.27999877929688,00,1,neowise,9.977,0.014,9.103,0.016,75.2,69.7,20577.0,273.74,16449.0,236.1,AA
271.7111582,69.8244287,59099.94680543,,,,,,,,,0000,0.5,76.01300048828125,00,1,neowise,9.987,0.014,9.088,0.016,74.9,68.7,20395.0,272.15,16680.0,242.9,AA
271.7110207,69.8244555,59100.33913292,,,,,,,,,0000,0.0,115.20500183105469,00,1,neowise,9.975,0.014,9.099,0.015,76.5,71.0,20631.0,269.73,16506.0,232.34,AA
271.7109636,69.8244471,59097.59258539,,,,,,,,,0000,0.5,96.86399841308594,00,1,neowise,9.963,0.015,9.037,0.014,70.3,77.7,20850.0,296.6,17490.0,225.2,AA
271.7110392,69.8244604,59097.72336112,,,,,,,,,0000,0.5,81.01100158691406,00,1,neowise,9.903,0.015,9.052,0.014,72.5,75.9,22035.0,303.89,17235.0,227.0,AA
271.710991,69.8244541,59098.76969565,,,,,,,,,0000,0.0,77.24700164794922,00,1,neowise,9.953,0.014,9.099,0.015,75.8,74.6,21044.0,277.65,16512.0,221.32,AA
271.7109909,69.824461,59099.03124735,,,,,,,,,0000,0.0,80.10900115966797,00,1,neowise,9.973,0.016,9.077,0.017,68.4,64.1,20663.0,301.96,16843.0,262.58,AA
271.7111085,69.8244961,59102.03934659,,,,,,,,,0000,0.5,81.15299987792969,00,1,neowise,10.013,0.019,9.085,0.014,57.4,75.6,19919.0,347.21,16729.0,221.3,AA
271.7110898,69.8244217,59474.79436375,,,,,,,,,0000,0.5,77.01499938964844,00,1,neowise,10.035,0.018,9.149,0.013,61.9,84.2,19512.0,315.2,15763.0,187.15,AA
271.7110858,69.8244351,59475.31721256,,,,,,,,,0000,0.5,112.72699737548828,00,1,neowise,9.991,0.019,9.08,0.015,56.9,73.1,20325.0,357.44,16797.0,229.8,AA
271.7110287,69.8244347,59475.57863694,,,,,,,,,0000,0.5,97.43800354003906,00,1,neowise,9.952,0.019,9.074,0.016,56.7,67.3,21057.0,371.12,16901.0,250.96,AA
271.7110823,69.8244251,59475.70928543,,,,,,,,,0000,0.5,82.86499786376953,00,1,neowise,9.979,0.015,9.061,0.013,71.2,84.5,20556.0,288.62,17106.0,202.36,AA
271.7110298,69.8244199,59473.35659279,,,,,,,,,0000,0.5,115.66600036621094,00,1,neowise,9.98,0.016,9.018,0.013,66.1,83.3,20522.0,310.59,17792.0,213.57,AA
271.7110791,69.8244501,59473.61801769,,,,,,,,,0000,0.5,92.86799621582031,00,1,neowise,9.958,0.016,9.053,0.014,67.8,75.8,20950.0,309.1,17224.0,227.14,AA
271.7110867,69.8244477,59474.0100906,,,,,,,,,0000,0.5,80.04000091552734,00,1,neowise,9.97,0.017,9.151,0.013,65.2,81.2,20728.0,318.06,15734.0,193.71,AA
271.7110941,69.8244366,59474.27151499,,,,,,,,,0000,0.5,108.75299835205078,00,1,neowise,10.075,0.017,9.175,0.016,65.8,66.4,18812.0,286.09,15393.0,231.97,AA
271.7112109,69.8244138,59474.40229088,,,,,,,,,0000,0.5,114.48699951171875,00,1,neowise,10.033,0.019,9.131,0.015,57.4,72.0,19549.0,340.3,16037.0,222.75,AA
271.711223,69.8243965,59474.92501228,,,,,,,,,0000,0.5,76.7030029296875,00,1,neowise,10.041,0.016,9.16,0.015,67.8,73.0,19407.0,286.14,15606.0,213.79,AA
271.7113564,69.8244616,59473.22581694,,,,,,,,,0000,0.0,103.64099884033203,00,1,neowise,9.939,0.019,9.067,0.015,58.4,71.9,21311.0,365.22,17001.0,236.5,AA
271.7111709,69.824438,56902.42817671,,,,,,,,,0000,1.0,108.18900299072266,00,1,neowise,10.125,0.015,9.249,0.014,73.4,78.3,17936.0,244.52,14359.0,183.36,AA
271.7100954,69.825033,57275.72442669,,,,,,,,,0000,0.0,76.77100372314453,00,1,neowise,10.868,0.017,9.769,0.013,63.6,80.8,9055.8,142.46,8924.4,110.45,AA
271.7114378,69.8243889,57274.8060636,,,,,,,,,0000,0.0,74.63999938964844,00,1,neowise,10.45,0.018,9.543,0.016,60.2,67.8,13304.0,221.18,10986.0,161.97,AA
271.711043,69.8244408,57274.93722191,,,,,,,,,0000,0.5,77.44000244140625,00,1,neowise,10.048,0.016,9.234,0.015,65.9,74.4,19268.0,292.39,14604.0,196.25,AA
271.7110916,69.8244587,57274.87151542,,,,,,,,,0000,1.0,74.8290023803711,00,1,neowise,10.042,0.014,9.212,0.015,76.3,73.6,19377.0,254.03,14901.0,202.46,AA
271.7110943,69.8244569,57275.26511757,,,,,,,,,0000,1.0,114.06999969482422,00,1,neowise,10.074,0.014,9.216,0.014,75.9,78.6,18814.0,247.89,14843.0,188.91,AA
271.7111003,69.824441,57275.39627588,,,,,,,,,0000,1.0,113.56700134277344,00,1,neowise,10.055,0.014,9.228,0.017,76.3,64.4,19140.0,250.77,14684.0,228.06,AA
271.711065,69.824458,57275.65872024,,,,,,,,,0000,1.0,81.7249984741211,00,1,neowise,10.058,0.019,9.28,0.016,58.6,68.9,19096.0,325.84,14001.0,203.26,AA
271.7110703,69.8244418,57275.855585,,,,,,,,,0000,0.0,75.29399871826172,00,1,neowise,10.146,0.016,9.255,0.014,67.5,79.4,17602.0,260.67,14324.0,180.37,AA
271.711082,69.8244543,57274.74035711,,,,,,,,,0000,1.0,75.427001953125,00,1,neowise,10.042,0.014,9.205,0.013,76.1,82.6,19380.0,254.81,14992.0,181.48,AA
271.7110903,69.8244658,57279.20075747,,,,,,,,,0000,1.0,107.2249984741211,00,1,neowise,10.009,0.015,9.181,0.014,73.4,78.0,19975.0,271.99,15333.0,196.57,AA
271.7110641,69.8244661,57278.80728263,,,,,,,,,0000,1.0,74.24800109863281,00,1,neowise,10.003,0.015,9.148,0.014,72.5,77.5,20090.0,277.26,15813.0,204.08,AA
271.7110957,69.8244626,57274.47791331,,,,,,,,,0000,1.0,104.83899688720703,00,1,neowise,10.061,0.013,9.241,0.014,80.8,78.4,19035.0,235.59,14513.0,185.19,AA
271.711048,69.8244564,57278.93844089,,,,,,,,,0000,1.0,77.09500122070312,00,1,neowise,10.006,0.016,9.153,0.013,69.9,82.5,20039.0,286.71,15736.0,190.7,AA
271.7110798,69.8244546,57275.13383194,,,,,,,,,0000,1.0,98.37100219726562,00,1,neowise,10.03,0.015,9.221,0.014,72.2,79.8,19588.0,271.27,14780.0,185.13,AA
271.7110805,69.8244694,57279.33191573,,,,,,,,,0000,1.0,117.88700103759766,00,1,neowise,9.991,0.017,9.164,0.015,65.7,74.7,20307.0,309.23,15582.0,208.7,AA
271.7112152,69.824409,57275.33082406,,,,,,,,,0000,0.0,116.79199981689453,00,1,neowise,10.277,0.017,9.406,0.015,62.9,72.3,15613.0,248.29,12458.0,172.24,AA
271.711212,69.8244246,57275.19966575,,,,,,,,,0000,0.0,107.0250015258789,00,1,neowise,11.362,0.021,10.16,0.019,52.0,56.8,5744.6,110.39,6224.5,109.49,AA
271.7112035,69.8244446,57276.31463892,,,,,,,,,0000,1.0,117.72899627685547,00,1,neowise,10.075,0.014,9.213,0.015,75.5,72.4,18803.0,248.93,14887.0,205.57,AA
271.7111768,69.8244609,57278.54483878,,,,,,,,,0000,1.0,95.80000305175781,00,1,neowise,9.997,0.016,9.168,0.014,68.9,76.5,20204.0,293.05,15517.0,202.86,AA
271.7111806,69.8244626,57277.23300144,,,,,,,,,0000,1.0,110.91100311279297,00,1,neowise,10.047,0.016,9.207,0.015,67.2,71.7,19285.0,287.03,14967.0,208.82,AA
271.7111734,69.8244532,57277.75776185,,,,,,,,,0000,1.0,74.91999816894531,00,1,neowise,10.031,0.016,9.204,0.016,66.2,69.7,19581.0,295.95,15017.0,215.47,AA
271.7111232,69.8244532,57275.65859288,,,,,,,,,0000,1.0,81.56400299072266,00,1,neowise,10.067,0.016,9.233,0.014,68.3,75.6,18941.0,277.12,14610.0,193.25,AA
271.7111413,69.8244335,57275.06838013,,,,,,,,,0000,1.0,90.00399780273438,00,1,neowise,10.035,0.016,9.224,0.015,69.6,74.4,19512.0,280.2,14745.0,198.31,AA
271.7111515,69.824449,57275.59314111,,,,,,,,,0000,1.0,89.38500213623047,00,1,neowise,10.041,0.018,9.215,0.016,60.8,68.9,19390.0,318.66,14867.0,215.64,AA
271.711152,69.8244514,57276.44579718,,,,,,,,,0000,1.0,108.59500122070312,00,1,neowise,10.064,0.015,9.198,0.015,71.1,74.4,18996.0,267.29,15090.0,202.78,AA
271.7111118,69.8244679,57278.675997,,,,,,,,,0000,1.0,79.9520034790039,00,1,neowise,9.957,0.019,9.17,0.013,57.3,81.7,20954.0,365.73,15488.0,189.58,AA
271.7111152,69.8244692,57275.78987851,,,,,,,,,0000,0.5,73.84300231933594,00,1,neowise,10.06,0.014,9.214,0.014,77.8,76.7,19056.0,245.09,14879.0,194.09,AA
271.7111977,69.8244584,57276.83939928,,,,,,,,,0000,1.0,74.35800170898438,00,1,neowise,10.093,0.015,9.224,0.015,74.8,74.2,18497.0,247.26,14739.0,198.67,AA
271.7111525,69.8244575,57277.88892016,,,,,,,,,0000,1.0,75.31400299072266,00,1,neowise,10.039,0.014,9.174,0.013,75.8,81.6,19431.0,256.46,15426.0,189.0,AA
271.7111712,69.8244658,57276.57695539,,,,,,,,,0000,1.0,91.58699798583984,00,1,neowise,10.047,0.015,9.215,0.014,74.8,76.1,19290.0,257.83,14864.0,195.31,AA
271.7111437,69.8244544,57276.97055755,,,,,,,,,0000,0.5,79.01300048828125,00,1,neowise,10.086,0.015,9.23,0.015,73.6,72.8,18610.0,252.9,14659.0,201.42,AA
271.7111523,69.8244545,57278.41368058,,,,,,,,,0000,1.0,111.7249984741211,00,1,neowise,10.01,0.015,9.184,0.018,72.3,61.2,19955.0,276.08,15294.0,250.04,AA
271.7111636,69.8244551,57277.62647623,,,,,,,,,0000,1.0,85.22200012207031,00,1,neowise,10.033,0.015,9.206,0.014,71.4,76.3,19541.0,273.7,14978.0,196.23,AA
271.7111104,69.8244764,57274.54361981,,,,,,,,,0000,0.5,95.88099670410156,00,1,neowise,10.027,0.017,9.218,0.014,65.1,77.8,19640.0,301.61,14824.0,190.62,AA
271.711193,69.8244599,57277.49531796,,,,,,,,,0000,0.5,102.57599639892578,00,1,neowise,10.031,0.015,9.203,0.015,72.1,70.7,19574.0,271.61,15029.0,212.65,AA
271.7111411,69.8244499,57275.92103682,,,,,,,,,0000,1.0,75.7959976196289,00,1,neowise,10.065,0.014,9.228,0.015,78.6,73.5,18964.0,241.14,14679.0,199.8,AA
271.711132,69.8244648,57278.28252231,,,,,,,,,0000,1.0,115.4739990234375,00,1,neowise,10.018,0.015,9.165,0.015,70.1,73.4,19806.0,282.63,15560.0,211.91,AA
271.7111168,69.8244703,57278.02007838,,,,,,,,,0000,1.0,84.04299926757812,00,1,neowise,10.031,0.015,9.189,0.015,73.9,74.3,19568.0,264.64,15216.0,204.69,AA
271.7111596,69.8244496,57276.70824102,,,,,,,,,0000,1.0,77.34500122070312,00,1,neowise,10.049,0.015,9.22,0.015,70.7,72.4,19252.0,272.32,14796.0,204.24,AA
271.7112157,69.8244361,57275.19953844,,,,,,,,,0000,1.0,107.06900024414062,00,1,neowise,10.05,0.02,9.181,0.015,54.8,70.3,19229.0,350.67,15333.0,218.14,AA
271.7111042,69.8244619,57276.05219508,,,,,,,,,0000,1.0,87.41100311279297,00,1,neowise,10.068,0.015,9.216,0.013,73.5,81.9,18918.0,257.21,14842.0,181.15,AA
271.7111073,69.8244518,57274.60907153,,,,,,,,,0000,0.5,87.35700225830078,00,1,neowise,10.056,0.015,9.212,0.014,73.1,77.8,19136.0,261.89,14896.0,191.49,AA
271.7111244,69.8244593,57276.18348066,,,,,,,,,0000,1.0,105.06199645996094,00,1,neowise,10.014,0.017,9.239,0.015,65.6,72.3,19881.0,303.1,14532.0,201.0,AA
271.7112148,69.8244468,57277.3641597,,,,,,,,,0000,1.0,115.96900177001953,00,1,neowise,10.05,0.015,9.198,0.014,74.0,78.7,19244.0,260.21,15094.0,191.85,AA
271.7111426,69.8244536,57274.67477797,,,,,,,,,0000,0.5,80.12899780273438,00,1,neowise,10.025,0.018,9.192,0.015,60.4,71.2,19682.0,325.95,15175.0,213.03,AA
271.7110539,69.8244683,57279.0695992,,,,,,,,,0000,0.5,89.88300323486328,00,1,neowise,10.005,0.016,9.141,0.016,69.5,66.6,20054.0,288.58,15911.0,239.02,AA
271.7110488,69.824463,57275.00267373,,,,,,,,,0000,0.5,81.9990005493164,00,1,neowise,10.057,0.014,9.224,0.014,79.5,77.5,19107.0,240.21,14738.0,190.12,AA
271.7110821,69.8244643,57445.16460166,,,,,,,,,0000,1.0,95.52400207519531,00,1,neowise,10.078,0.018,9.249,0.013,59.1,80.6,18784.0,318.05,14353.0,178.15,AA
271.7110915,69.8244737,57445.68898049,,,,,,,,,0000,0.5,90.66100311279297,00,1,neowise,10.091,0.015,9.245,0.014,71.7,79.0,18549.0,258.84,14406.0,182.43,AA
271.7111033,69.8244664,57446.47554877,,,,,,,,,0000,1.0,75.61199951171875,00,1,neowise,10.069,0.014,9.136,0.016,76.8,68.0,18942.0,246.64,15929.0,234.28,AA
271.7110926,69.8244551,57447.52430662,,,,,,,,,0000,0.5,76.31900024414062,00,1,neowise,10.008,0.017,9.246,0.014,65.5,75.8,20022.0,305.68,14397.0,189.83,AA
271.7110992,69.8244623,57448.96628479,,,,,,,,,0000,1.0,116.06600189208984,00,1,neowise,9.939,0.015,9.141,0.014,73.2,77.6,21333.0,291.55,15851.0,204.27,AA
271.7110932,69.8244738,57449.09744325,,,,,,,,,0000,1.0,103.91899871826172,00,1,neowise,9.973,0.02,9.165,0.013,55.3,81.5,20688.0,374.4,15506.0,190.21,AA
271.7111723,69.8244828,57446.60670719,,,,,,,,,0000,1.0,81.52799987792969,00,1,neowise,10.073,0.016,9.217,0.015,67.8,72.2,18862.0,278.26,14780.0,204.7,AA
271.7111833,69.8244821,57446.99992774,,,,,,,,,0000,1.0,113.8030014038086,00,1,neowise,10.046,0.014,9.157,0.014,76.0,77.0,19340.0,254.37,15619.0,202.92,AA
271.7112022,69.8244769,57447.39327553,,,,,,,,,0000,1.0,74.42900085449219,00,1,neowise,10.043,0.017,9.189,0.013,63.2,83.3,19398.0,307.07,15165.0,182.1,AA
271.7112246,69.8244785,57447.65546494,,,,,,,,,0000,1.0,86.59600067138672,00,1,neowise,10.047,0.018,9.202,0.013,61.0,80.5,19316.0,316.56,14985.0,186.13,AA
271.7111495,69.8244824,57447.78649598,,,,,,,,,0000,0.5,103.27100372314453,00,1,neowise,10.03,0.014,9.177,0.013,75.4,81.1,19632.0,260.23,15338.0,189.17,AA
271.7111196,69.8244592,57444.37816064,,,,,,,,,0000,1.0,75.22000122070312,00,1,neowise,10.046,0.017,9.174,0.015,64.2,74.6,19342.0,301.13,15382.0,206.27,AA
271.7111189,69.8244669,57444.50919174,,,,,,,,,0000,0.5,76.10600280761719,00,1,neowise,10.092,0.015,9.227,0.015,72.0,72.8,18534.0,257.36,14641.0,201.04,AA
271.7111288,69.8244679,57445.9511699,,,,,,,,,0000,1.0,116.29100036621094,00,1,neowise,10.074,0.015,9.225,0.013,73.7,83.5,18855.0,255.85,14676.0,175.78,AA
271.7111367,69.8244694,57446.21335936,,,,,,,,,0000,1.0,89.14600372314453,00,1,neowise,10.064,0.015,9.202,0.015,72.5,71.8,19022.0,262.44,14983.0,208.72,AA
271.7111404,69.8244671,57446.34451778,,,,,,,,,0000,0.5,76.38600158691406,00,1,neowise,10.073,0.015,9.211,0.015,73.5,74.8,18856.0,256.67,14857.0,198.62,AA
271.7111973,69.824469,57446.73773824,,,,,,,,,0000,0.5,96.88099670410156,00,1,neowise,10.048,0.015,9.185,0.014,74.5,78.4,19310.0,259.13,15223.0,194.15,AA
271.7112476,69.8244703,57446.86889666,,,,,,,,,0000,0.5,112.7040023803711,00,1,neowise,10.041,0.017,9.137,0.013,65.0,83.4,19431.0,298.88,15904.0,190.7,AA
271.7112069,69.8244644,57447.26211716,,,,,,,,,0000,1.0,83.36900329589844,00,1,neowise,10.051,0.014,9.184,0.014,77.0,77.8,19244.0,249.9,15239.0,195.98,AA
271.7111943,69.8244657,57447.39314822,,,,,,,,,0000,1.0,75.17400360107422,00,1,neowise,10.042,0.018,9.184,0.013,60.0,80.5,19419.0,323.69,15237.0,189.37,AA
271.711185,69.8244605,57447.65533757,,,,,,,,,0000,1.0,86.68699645996094,00,1,neowise,10.047,0.018,9.167,0.015,61.7,74.1,19316.0,313.01,15476.0,208.75,AA
271.7111469,69.8244637,57447.91752704,,,,,,,,,0000,1.0,116.18599700927734,00,1,neowise,10.008,0.015,9.171,0.014,70.4,80.3,20033.0,284.64,15423.0,192.07,AA
271.7111483,69.8244754,57448.0486855,,,,,,,,,0000,1.0,109.59200286865234,00,1,neowise,10.018,0.015,9.17,0.014,72.6,77.0,19853.0,273.57,15434.0,200.36,AA
271.7112313,69.8244704,57448.1797165,,,,,,,,,0000,1.0,93.37000274658203,00,1,neowise,10.003,0.016,9.15,0.015,66.2,72.5,20115.0,303.82,15721.0,216.74,AA
271.7111905,69.8244724,57448.31087486,,,,,,,,,0000,1.0,78.59700012207031,00,1,neowise,10.055,0.015,9.184,0.016,74.3,69.9,19176.0,258.11,15238.0,217.92,AA
271.711172,69.8244661,57448.44190591,,,,,,,,,0000,1.0,75.07599639892578,00,1,neowise,10.023,0.014,9.176,0.014,76.6,80.4,19747.0,257.9,15349.0,190.86,AA
271.7111812,69.8244523,57448.57306428,,,,,,,,,0000,1.0,78.71399688720703,00,1,neowise,10.046,0.016,9.185,0.014,68.2,77.7,19332.0,283.52,15216.0,195.9,AA
271.7111503,69.8244582,57448.70409528,,,,,,,,,0000,1.0,92.55599975585938,00,1,neowise,10.008,0.014,9.154,0.013,76.3,80.9,20036.0,262.73,15661.0,193.63,AA
271.7111901,69.8244578,57448.83525369,,,,,,,,,0000,1.0,109.25499725341797,00,1,neowise,10.002,0.016,9.139,0.014,66.2,76.6,20138.0,304.02,15883.0,207.46,AA
271.7111699,69.8244763,57449.22847481,,,,,,,,,0000,1.0,87.15299987792969,00,1,neowise,10.017,0.015,9.138,0.013,73.1,80.4,19862.0,271.55,15896.0,197.63,AA
271.7112176,69.8244376,57449.35950582,,,,,,,,,0000,1.0,76.1449966430664,00,1,neowise,10.022,0.017,9.153,0.014,63.7,77.1,19764.0,310.47,15685.0,203.52,AA
271.7111076,69.8244847,57444.90241215,,,,,,,,,0000,1.0,114.7229995727539,00,1,neowise,10.07,0.016,9.224,0.014,65.9,79.4,18910.0,286.76,14686.0,184.92,AA
271.7111158,69.8244839,57445.0335706,,,,,,,,,0000,0.5,110.93699645996094,00,1,neowise,10.083,0.015,9.255,0.015,72.7,74.7,18686.0,257.17,14277.0,191.15,AA
271.7110994,69.824487,57444.64022269,,,,,,,,,0000,1.0,85.1050033569336,00,1,neowise,10.073,0.017,9.237,0.013,65.0,85.4,18866.0,290.42,14510.0,169.85,AA
271.7110374,69.8244944,57444.64035,,,,,,,,,0000,0.5,84.94599914550781,00,1,neowise,10.065,0.018,9.205,0.014,61.5,76.5,19010.0,309.2,14950.0,195.33,AA
271.7110917,69.8245011,57444.7713811,,,,,,,,,0000,1.0,101.23699951171875,00,1,neowise,10.107,0.015,9.245,0.014,72.9,75.3,18286.0,251.01,14402.0,191.14,AA
271.7110804,69.8244908,57444.90253951,,,,,,,,,0000,1.0,115.48100280761719,00,1,neowise,10.077,0.018,9.233,0.014,61.1,78.6,18787.0,307.25,14560.0,185.14,AA
271.7110996,69.8244935,57445.29575998,,,,,,,,,0000,1.0,80.34600067138672,00,1,neowise,10.081,0.017,9.221,0.014,63.6,77.8,18725.0,294.34,14719.0,189.25,AA
271.7110602,69.8244838,57445.42679102,,,,,,,,,0000,1.0,75.11799621582031,00,1,neowise,10.058,0.015,9.209,0.013,71.9,82.2,19135.0,266.11,14888.0,181.05,AA
271.7110824,69.8244984,57445.55794943,,,,,,,,,0000,0.5,77.91799926757812,00,1,neowise,10.064,0.015,9.231,0.015,73.8,74.1,19029.0,257.68,14593.0,196.95,AA
271.7111043,69.8244926,57445.82013881,,,,,,,,,0000,1.0,107.35600280761719,00,1,neowise,10.082,0.015,9.214,0.014,72.7,75.0,18706.0,257.43,14822.0,197.74,AA
271.7110963,69.8244865,57446.08232831,,,,,,,,,0000,1.0,105.73999786376953,00,1,neowise,10.062,0.015,9.221,0.016,73.9,68.6,19054.0,257.83,14723.0,214.59,AA
271.7110694,69.8244795,57449.35963318,,,,,,,,,0000,1.0,75.3740005493164,00,1,neowise,9.947,0.022,9.181,0.015,49.5,72.0,21189.0,428.19,15283.0,212.33,AA
271.7116843,69.8242098,57997.58645737,,,,,,,,,0000,0.0,94.40399932861328,00,1,neowise,11.688,0.025,10.75,0.023,43.6,46.6,4258.0,97.57,3609.9,77.499,AA
271.7114334,69.8243351,57996.14613949,,,,,,,,,0000,0.0,96.16000366210938,00,1,neowise,11.566,0.02,10.729,0.024,55.6,46.0,4766.0,85.699,3678.7,79.992,AA
271.7110721,69.8244349,57996.407946,,,,,,,,,0000,0.5,114.5479965209961,00,1,neowise,10.095,0.017,9.262,0.015,62.2,74.0,18470.0,297.14,14211.0,192.11,AA
271.7110892,69.8244315,57996.53884922,,,,,,,,,0000,0.5,100.85600280761719,00,1,neowise,10.099,0.017,9.272,0.016,64.0,69.7,18392.0,287.24,14075.0,201.94,AA
271.7110729,69.8243962,57996.80078309,,,,,,,,,0000,0.0,74.96900177001953,00,1,neowise,10.426,0.018,9.461,0.016,60.6,66.7,13619.0,224.85,11829.0,177.32,AA
271.7110933,69.8244433,57996.93168637,,,,,,,,,0000,0.5,75.7750015258789,00,1,neowise,10.102,0.015,9.293,0.015,70.7,73.2,18347.0,259.4,13809.0,188.69,AA
271.7113604,69.8244942,57997.19362028,,,,,,,,,0000,0.0,102.22100067138672,00,1,neowise,11.144,0.019,10.148,0.021,57.0,52.9,7025.9,123.34,6286.0,118.77,AA
271.7111038,69.8244377,57996.27704272,,,,,,,,,0000,0.0,111.87200164794922,00,1,neowise,10.558,0.018,9.569,0.016,59.2,69.8,12055.0,203.81,10707.0,153.5,AA
271.7111693,69.8244767,57996.66987981,,,,,,,,,0000,0.0,84.22899627685547,00,1,neowise,11.512,0.019,10.391,0.02,58.5,54.4,5006.0,85.534,5025.4,92.325,AA
271.7111934,69.8244443,57997.06258969,,,,,,,,,0000,1.0,85.41200256347656,00,1,neowise,10.115,0.02,9.26,0.017,53.5,64.8,18121.0,338.78,14231.0,219.74,AA
271.7111622,69.8244284,57997.97916725,,,,,,,,,0000,0.5,77.94400024414062,00,1,neowise,10.145,0.019,9.314,0.016,57.9,68.3,17627.0,304.68,13543.0,198.34,AA
271.7110729,69.8244693,57996.01510885,,,,,,,,,0000,1.0,80.58599853515625,00,1,neowise,10.075,0.017,9.262,0.013,62.2,81.3,18809.0,302.47,14205.0,174.82,AA
271.7109706,69.8244461,57997.84826397,,,,,,,,,0000,0.5,74.8499984741211,00,1,neowise,10.147,0.015,9.302,0.013,70.0,86.0,17609.0,251.4,13695.0,159.28,AA
271.711098,69.8245049,57995.88420506,,,,,,,,,0000,0.0,75.24600219726562,00,1,neowise,10.209,0.016,9.384,0.016,69.7,67.2,16619.0,238.42,12701.0,188.88,AA
271.7109579,69.8244901,57997.32452355,,,,,,,,,0000,0.0,115.7770004272461,00,1,neowise,10.25,0.015,9.426,0.013,70.6,85.3,16013.0,226.69,12219.0,143.17,AA
271.7112661,69.8246083,57997.71736065,,,,,,,,,0000,0.0,79.60900115966797,00,1,neowise,10.792,0.018,9.826,0.015,61.2,71.7,9716.8,158.78,8454.8,117.9,AA
271.7112186,69.8246799,57995.75330174,,,,,,,,,0000,0.0,76.93399810791016,00,1,neowise,11.028,0.017,10.265,0.017,62.6,63.4,7818.2,124.79,5640.6,88.94,AA
271.7106049,69.8247052,57982.92134141,,,,,,,,,0000,0.0,76.15499877929688,00,1,neowise,11.305,0.018,10.667,0.021,60.9,52.0,6061.1,99.484,3896.8,74.894,AA
271.7105239,69.8247105,57983.83791859,,,,,,,,,0000,0.0,74.95899963378906,00,1,neowise,11.381,0.018,10.672,0.019,59.4,57.2,5648.5,95.082,3878.6,67.806,AA
271.7110917,69.824458,57983.70688802,,,,,,,,,0000,1.0,80.36499786376953,00,1,neowise,10.091,0.017,9.25,0.014,62.8,77.5,18536.0,295.18,14364.0,185.4,AA
271.7110872,69.8244572,57984.62346529,,,,,,,,,0000,1.0,89.64099884033203,00,1,neowise,10.108,0.016,9.263,0.014,67.7,78.6,18245.0,269.62,14203.0,180.68,AA
271.71118,69.8244758,57982.79031029,,,,,,,,,0000,1.0,75.12000274658203,00,1,neowise,10.1,0.018,9.269,0.015,61.6,74.0,18387.0,298.31,14114.0,190.81,AA
271.7111131,69.8244569,57983.18314786,,,,,,,,,0000,1.0,100.91100311279297,00,1,neowise,10.064,0.015,9.229,0.014,70.9,76.4,19000.0,267.94,14646.0,191.61,AA
271.7111077,69.8244734,57984.09972508,,,,,,,,,0000,1.0,90.05699920654297,00,1,neowise,10.115,0.015,9.278,0.014,72.5,79.9,18125.0,249.95,14008.0,175.36,AA
271.7111116,69.8247516,57983.44508157,,,,,,,,,0000,0.0,111.14800262451172,00,1,neowise,10.732,0.016,9.95,0.015,67.2,72.1,10267.0,152.72,7539.5,104.61,AA
271.7105413,69.8246213,57984.7544959,,,,,,,,,0000,0.0,77.00700378417969,00,1,neowise,11.519,0.018,10.708,0.019,59.7,56.7,4975.6,83.39,3751.5,66.144,AA
271.7109152,69.8246766,57985.27823611,,,,,,,,,0000,0.0,111.95899963378906,00,1,neowise,11.106,0.016,10.352,0.019,66.6,56.6,7280.2,109.28,5206.4,92.01,AA
271.7110655,69.824471,57985.0163024,,,,,,,,,0000,1.0,80.94200134277344,00,1,neowise,10.09,0.015,9.248,0.014,71.6,77.4,18548.0,259.07,14401.0,186.04,AA
271.7111104,69.8245382,57983.05224466,,,,,,,,,0000,0.0,84.61000061035156,00,1,neowise,10.227,0.015,9.485,0.015,72.4,72.6,16358.0,225.98,11571.0,159.45,AA
271.7111129,69.8245554,57983.96882184,,,,,,,,,0000,0.0,77.83799743652344,00,1,neowise,10.317,0.015,9.549,0.015,72.4,71.8,15054.0,208.03,10907.0,151.82,AA
271.7110855,69.8244861,57983.57598483,,,,,,,,,0000,0.5,95.76799774169922,00,1,neowise,10.099,0.015,9.283,0.016,71.1,68.1,18395.0,258.76,13940.0,204.84,AA
271.7110802,69.8245492,57984.49256209,,,,,,,,,0000,0.0,106.40299987792969,00,1,neowise,10.131,0.014,9.333,0.015,74.9,73.5,17862.0,238.43,13308.0,181.1,AA
271.7110905,69.8245565,57984.8853991,,,,,,,,,0000,0.0,75.5,00,1,neowise,10.404,0.015,9.647,0.015,72.4,74.5,13896.0,192.0,9964.9,133.81,AA
271.7110982,69.8245354,57985.40913931,,,,,,,,,0000,0.0,114.50599670410156,00,1,neowise,10.183,0.014,9.385,0.015,75.4,72.6,17024.0,225.81,12688.0,174.86,AA
271.711015,69.8245991,57984.36165884,,,,,,,,,0000,0.0,116.58999633789062,00,2,neowise,11.044,0.017,10.351,0.02,64.4,53.7,7703.2,119.65,5210.9,97.11,AA
271.7112407,69.824449,58347.22298898,,,,,,,,,0000,0.5,104.38500213623047,00,1,neowise,9.394,0.016,8.492,0.014,68.1,77.5,35219.0,517.08,28882.0,372.49,AA
271.7111463,69.824468,58349.57873863,,,,,,,,,0000,1.0,97.11900329589844,00,1,neowise,9.382,0.018,8.47,0.014,61.5,78.8,35597.0,578.57,29471.0,373.87,AA
271.7112051,69.8245545,58348.13918492,,,,,,,,,0000,0.0,93.55400085449219,00,2,neowise,10.239,0.015,9.428,0.015,72.3,73.0,16168.0,223.7,12191.0,166.94,AA
271.7111593,69.824563,58350.36403083,,,,,,,,,0000,0.0,117.11100006103516,00,1,neowise,9.549,0.014,8.77,0.013,78.0,82.0,30529.0,391.3,22364.0,272.69,AA
271.7110924,69.8246207,58350.49493405,,,,,,,,,0000,0.0,107.30899810791016,00,1,neowise,10.496,0.015,9.677,0.015,72.3,71.2,12767.0,176.67,9698.6,136.27,AA
271.7135494,69.8234442,58717.79411154,,,,,,,,,0000,0.0,76.06900024414062,00,1,neowise,10.962,0.017,9.855,0.019,62.9,55.9,8310.9,132.04,8230.8,147.33,AA
271.7111409,69.8245014,59086.54132322,,,,,,,,,0000,0.0,103.09400177001953,00,2,neowise,10.774,0.016,9.661,0.014,65.9,78.6,9878.5,149.86,9838.9,125.18,AA
271.7103233,69.8240055,59467.34446774,,,,,,,,,0000,0.0,113.91799926757812,00,1,neowise,10.051,0.013,9.156,0.012,85.1,89.8,19234.0,225.97,15668.0,174.46,AA
271.7109374,69.8243529,59469.82793613,,,,,,,,,0000,0.0,77.47100067138672,00,1,neowise,10.077,0.015,9.161,0.014,70.2,80.2,18768.0,267.16,15596.0,194.45,AA
271.7108769,69.8243684,59470.08936052,,,,,,,,,0000,0.0,88.7040023803711,00,1,neowise,10.106,0.016,9.082,0.014,66.2,75.7,18274.0,276.2,16766.0,221.48,AA
271.7108394,69.8243411,59471.78855581,,,,,,,,,0000,0.0,78.76200103759766,00,1,neowise,10.052,0.017,9.232,0.013,65.2,84.5,19212.0,294.83,14608.0,172.94,AA
271.7108691,69.8243246,59469.04366304,,,,,,,,,0000,0.0,84.12999725341797,00,1,neowise,10.132,0.019,9.175,0.014,58.3,78.3,17840.0,306.24,15391.0,196.63,AA
271.7110986,69.8243864,59467.21381921,,,,,,,,,0000,0.0,102.44400024414062,00,1,neowise,9.881,0.015,9.02,0.014,74.3,76.6,22493.0,302.77,17763.0,231.95,AA
271.7111668,69.8243571,59468.65159013,,,,,,,,,0000,0.0,88.84600067138672,00,1,neowise,9.949,0.015,9.043,0.016,70.1,70.0,21128.0,301.61,17379.0,248.14,AA
271.7109633,69.8243428,59467.60589208,,,,,,,,,0000,0.0,93.9800033569336,00,1,neowise,10.089,0.015,9.139,0.013,71.4,81.1,18563.0,260.02,15919.0,196.3,AA
271.7109216,69.8243318,59468.78223866,,,,,,,,,0000,0.0,78.39299774169922,00,1,neowise,10.143,0.017,9.249,0.014,65.2,78.8,17664.0,270.86,14375.0,182.44,AA
271.7110633,69.8243811,59468.9130145,,,,,,,,,0000,0.0,78.40499877929688,00,1,neowise,9.948,0.015,9.047,0.014,74.6,78.9,21134.0,283.29,17325.0,219.5,AA
271.7108246,69.8243353,59469.30508747,,,,,,,,,0000,0.0,111.27799987792969,00,1,neowise,10.095,0.018,9.136,0.014,60.5,75.8,18460.0,305.11,15955.0,210.58,AA
271.7104283,69.8242465,59467.08304337,,,,,,,,,0000,0.0,87.6780014038086,00,1,neowise,10.132,0.015,9.172,0.014,71.1,78.5,17853.0,250.99,15441.0,196.59,AA
271.7110989,69.8244753,56730.35388309,,,,,,,,,0000,1.0,75.00800323486328,00,1,neowise,10.173,0.016,9.336,0.015,67.5,73.2,17348.0,256.88,13592.0,185.61,AA
271.7110487,69.8244572,56732.19760751,,,,,,,,,0000,1.0,87.45899963378906,00,1,neowise,10.121,0.014,9.333,0.013,77.8,82.8,18205.0,234.0,13625.0,164.46,AA
271.7111413,69.8244846,56729.69529182,,,,,,,,,0000,1.0,95.04900360107422,00,1,neowise,10.159,0.016,9.286,0.014,68.5,79.4,17572.0,256.49,14224.0,179.19,AA
271.71122,69.8244784,56728.83932698,,,,,,,,,0000,0.5,112.30000305175781,00,1,neowise,10.134,0.014,9.274,0.013,77.9,80.9,17981.0,230.71,14388.0,177.89,AA
271.7111574,69.8244807,56730.55138403,,,,,,,,,0000,1.0,79.5009994506836,00,1,neowise,10.156,0.014,9.326,0.014,76.7,77.4,17634.0,230.0,13716.0,177.25,AA
271.7111432,69.8244745,56729.30016252,,,,,,,,,0000,1.0,78.01100158691406,00,1,neowise,10.128,0.016,9.291,0.014,66.1,74.9,18091.0,273.78,14161.0,189.04,AA
271.7111936,69.824463,56730.15625483,,,,,,,,,0000,1.0,92.87200164794922,00,1,neowise,10.142,0.014,9.283,0.013,79.6,82.3,17865.0,224.52,14262.0,173.22,AA
271.7111434,69.8244617,56730.81471863,,,,,,,,,0000,1.0,109.5780029296875,00,1,neowise,10.151,0.015,9.308,0.014,72.3,78.0,17714.0,244.97,13945.0,178.86,AA
271.7111592,69.824462,56730.74888498,,,,,,,,,0000,0.5,101.90899658203125,00,1,neowise,10.163,0.014,9.3,0.013,79.1,81.2,17519.0,221.52,14041.0,172.89,AA
271.7112103,69.8244674,56729.89292017,,,,,,,,,0000,1.0,116.36399841308594,00,1,neowise,10.145,0.014,9.291,0.013,76.1,81.2,17807.0,233.95,14160.0,174.42,AA
271.7111859,69.8244587,56731.2756816,,,,,,,,,0000,1.0,79.61799621582031,00,1,neowise,10.172,0.014,9.312,0.014,80.4,79.6,17372.0,216.03,13894.0,174.56,AA
271.7111897,69.8244597,56729.23432887,,,,,,,,,0000,1.0,83.63200378417969,00,1,neowise,10.119,0.014,9.241,0.013,78.9,82.5,18236.0,231.09,14831.0,179.77,AA
271.7111196,69.8244723,56732.32927479,,,,,,,,,0000,1.0,76.0510025024414,00,1,neowise,10.13,0.014,9.258,0.014,77.1,79.3,18062.0,234.15,14594.0,184.04,AA
271.7112097,69.8244546,56732.72427677,,,,,,,,,0000,1.0,98.70800018310547,00,1,neowise,10.105,0.017,9.23,0.014,63.6,77.5,18478.0,290.37,14982.0,193.31,AA
271.7112143,69.8244603,56731.40734897,,,,,,,,,0000,1.0,75.25700378417969,00,1,neowise,10.16,0.014,9.285,0.015,76.0,71.4,17559.0,231.11,14244.0,199.53,AA
271.7111568,69.8244718,56730.2220885,,,,,,,,,0000,0.5,85.0719985961914,00,1,neowise,10.168,0.014,9.311,0.013,76.1,84.0,17433.0,229.12,13909.0,165.53,AA
271.7111431,69.8244659,56730.28792206,,,,,,,,,0000,1.0,79.02799987792969,00,1,neowise,10.188,0.018,9.288,0.013,60.4,81.7,17116.0,283.3,14203.0,173.8,AA
271.7111528,69.8244719,56728.97099426,,,,,,,,,0000,1.0,113.73500061035156,00,1,neowise,10.136,0.014,9.287,0.014,76.3,77.4,17950.0,235.24,14216.0,183.75,AA
271.7111545,69.8244647,56731.14401427,,,,,,,,,0000,0.5,94.26100158691406,00,1,neowise,10.159,0.015,9.305,0.013,73.8,82.3,17572.0,238.16,13980.0,169.86,AA
271.7111093,69.8244575,56731.01234694,,,,,,,,,0000,0.5,110.3010025024414,00,1,neowise,10.185,0.014,9.322,0.014,77.2,77.1,17167.0,222.51,13761.0,178.39,AA
271.7111944,69.8244649,56730.0245875,,,,,,,,,0000,1.0,108.93699645996094,00,1,neowise,10.145,0.014,9.289,0.014,76.1,79.7,17802.0,233.94,14193.0,178.04,AA
271.7111679,69.8244711,56729.49779088,,,,,,,,,0000,1.0,76.58899688720703,00,1,neowise,10.155,0.015,9.293,0.014,74.3,76.1,17637.0,237.39,14141.0,185.72,AA
271.7111546,69.8244722,56729.03682792,,,,,,,,,0000,0.5,107.60299682617188,00,1,neowise,10.137,0.014,9.284,0.014,77.4,77.3,17941.0,231.9,14257.0,184.45,AA
271.7111767,69.8244723,56731.53914361,,,,,,,,,0000,1.0,78.39900207519531,00,1,neowise,10.168,0.014,9.302,0.013,77.3,81.5,17431.0,225.53,14014.0,171.97,AA
271.7111535,69.8244694,56732.85607141,,,,,,,,,0000,1.0,114.01599884033203,00,1,neowise,10.095,0.017,9.233,0.014,63.4,76.2,18640.0,294.16,14937.0,196.05,AA
271.7112098,69.824462,56731.93414554,,,,,,,,,0000,0.5,115.98799896240234,00,1,neowise,10.139,0.014,9.28,0.013,78.3,80.8,17913.0,228.79,14301.0,176.94,AA
271.7112158,69.8244562,56732.59260944,,,,,,,,,0000,1.0,83.13400268554688,00,1,neowise,10.097,0.013,9.243,0.015,81.2,72.7,18620.0,229.25,14805.0,203.72,AA
271.7111779,69.8244516,56729.7612528,,,,,,,,,0000,1.0,103.7040023803711,00,1,neowise,10.156,0.016,9.284,0.014,68.5,79.0,17634.0,257.25,14256.0,180.43,AA
271.7112252,69.8244542,56729.62945816,,,,,,,,,0000,1.0,87.0199966430664,00,1,neowise,10.136,0.015,9.265,0.014,72.7,79.3,17960.0,247.04,14511.0,183.0,AA
271.7111417,69.8244737,56730.68305131,,,,,,,,,0000,1.0,93.51100158691406,00,1,neowise,10.186,0.014,9.316,0.014,75.7,79.9,17140.0,226.54,13844.0,173.3,AA
271.7111833,69.8244646,56730.28804942,,,,,,,,,0000,1.0,78.27799987792969,00,1,neowise,10.179,0.018,9.316,0.015,59.0,74.8,17255.0,292.55,13835.0,184.87,AA
271.7111795,69.8244723,56731.80247817,,,,,,,,,0000,1.0,108.58100128173828,00,1,neowise,10.155,0.014,9.289,0.014,79.8,79.5,17639.0,220.95,14186.0,178.43,AA
271.7111718,69.8244529,56732.06581287,,,,,,,,,0000,1.0,104.27400207519531,00,1,neowise,10.141,0.017,9.28,0.014,65.4,76.9,17876.0,273.29,14303.0,185.89,AA
271.7112368,69.8244493,56732.98773878,,,,,,,,,0000,0.5,112.56500244140625,00,1,neowise,10.142,0.014,9.273,0.014,77.2,78.5,17853.0,231.28,14401.0,183.46,AA
271.7112129,69.824469,56730.8805523,,,,,,,,,0000,1.0,115.21700286865234,00,1,neowise,10.174,0.016,9.283,0.014,65.8,75.1,17330.0,263.28,14268.0,189.9,AA
271.7111382,69.8244632,56729.10266159,,,,,,,,,0000,1.0,99.71900177001953,00,1,neowise,10.121,0.014,9.267,0.014,75.7,77.7,18210.0,240.59,14474.0,186.4,AA
271.7111791,69.8244681,56729.36612355,,,,,,,,,0000,1.0,74.86000061035156,00,1,neowise,10.145,0.018,9.279,0.013,61.4,83.8,17815.0,289.92,14322.0,170.87,AA
271.7111995,69.824439,56729.36599619,,,,,,,,,0000,0.5,75.35199737548828,00,1,neowise,10.139,0.017,9.261,0.014,64.5,76.4,17898.0,277.52,14561.0,190.67,AA
271.711168,69.8244669,56732.46094212,,,,,,,,,0000,1.0,75.88400268554688,00,1,neowise,10.124,0.014,9.253,0.013,78.7,82.0,18160.0,230.72,14665.0,178.92,AA
271.7111888,69.8244572,56731.67081084,,,,,,,,,0000,1.0,92.01699829101562,00,1,neowise,10.156,0.015,9.303,0.013,73.6,83.6,17630.0,239.46,14010.0,167.53,AA
271.71116,69.8244769,56729.56362454,,,,,,,,,0000,1.0,80.5009994506836,00,1,neowise,10.155,0.015,9.296,0.016,72.4,69.0,17638.0,243.51,14094.0,204.32,AA
271.7111343,69.824464,56729.16849524,,,,,,,,,0000,1.0,91.38899993896484,00,1,neowise,10.133,0.015,9.302,0.016,73.2,69.8,18003.0,245.99,14023.0,200.78,AA
271.7111135,69.8244857,56730.6172177,,,,,,,,,0000,1.0,85.64199829101562,00,1,neowise,10.164,0.014,9.309,0.016,79.9,69.0,17500.0,219.1,13924.0,201.71,AA
271.7111501,69.8244955,56730.88067966,,,,,,,,,0000,1.0,115.97799682617188,00,1,neowise,10.158,0.017,9.304,0.015,63.7,73.7,17598.0,276.33,13996.0,189.91,AA
271.7111112,69.8244836,56730.09042117,,,,,,,,,0000,0.5,101.24600219726562,00,1,neowise,10.163,0.014,9.322,0.013,76.2,82.4,17512.0,229.69,13762.0,167.07,AA
271.7110521,69.8244841,56729.95875384,,,,,,,,,0000,1.0,114.62999725341797,00,1,neowise,10.154,0.014,9.314,0.016,78.2,69.8,17665.0,225.82,13868.0,198.61,AA
271.711073,69.8244809,56729.82708646,,,,,,,,,0000,0.5,111.1989974975586,00,1,neowise,10.174,0.015,9.328,0.014,70.7,75.9,17332.0,245.26,13693.0,180.36,AA
271.7110464,69.8244917,56729.43195721,,,,,,,,,0000,0.5,75.3550033569336,00,1,neowise,10.163,0.018,9.301,0.014,60.9,77.8,17521.0,287.77,14030.0,180.31,AA
271.711052,69.8244878,56728.90516059,,,,,,,,,0000,1.0,116.87100219726562,00,1,neowise,10.143,0.014,9.303,0.013,75.9,82.6,17838.0,235.07,14010.0,169.69,AA
271.7110994,69.8244568,57264.17944573,,,,,,,,,0000,0.5,104.64700317382812,00,1,neowise,10.057,0.014,9.203,0.014,77.1,79.6,19104.0,247.62,15019.0,188.8,AA
271.7111615,69.8244609,57263.91700111,,,,,,,,,0000,0.5,76.375,00,1,neowise,10.061,0.015,9.209,0.014,74.4,77.2,19035.0,255.94,14947.0,193.72,AA
271.7111819,69.8244524,57263.78584274,,,,,,,,,0000,0.5,74.56099700927734,00,1,neowise,10.056,0.014,9.195,0.014,75.8,80.4,19124.0,252.42,15134.0,188.34,AA
271.7111222,69.8244643,57264.44176245,,,,,,,,,0000,1.0,108.68800354003906,00,1,neowise,10.043,0.017,9.212,0.013,64.2,80.8,19357.0,301.73,14900.0,184.35,AA
271.7105225,69.8245703,57264.04828741,,,,,,,,,0000,0.0,88.05799865722656,00,1,neowise,10.253,0.016,9.361,0.014,66.8,78.2,15954.0,238.77,12997.0,166.19,AA
271.7110426,69.8244708,57264.31060409,,,,,,,,,0000,0.5,117.08300018310547,00,1,neowise,10.029,0.014,9.183,0.013,79.1,80.9,19607.0,247.98,15298.0,189.1,AA
271.7082292,69.8250436,57264.44188977,,,,,,,,,0000,0.0,108.05400085449219,00,1,neowise,10.447,0.019,9.827,0.016,56.5,67.8,13347.0,236.25,8455.6,124.66,AA
271.7119122,69.8243487,57994.7058209,,,,,,,,,0000,0.0,80.67400360107422,00,1,neowise,11.772,0.023,10.546,0.022,47.2,49.7,3941.5,83.561,4354.7,87.603,AA
271.7110511,69.8248259,57993.3964062,,,,,,,,,0000,0.0,115.31099700927734,00,1,neowise,10.591,0.016,9.627,0.015,67.2,72.6,11691.0,174.07,10149.0,139.74,AA
271.7110535,69.8244499,57994.96762745,,,,,,,,,0000,0.5,77.41500091552734,00,1,neowise,10.089,0.016,9.286,0.012,67.6,87.0,18573.0,274.71,13901.0,159.8,AA
271.7110961,69.8244684,57990.7775763,,,,,,,,,0000,1.0,75.47699737548828,00,1,neowise,10.074,0.018,9.233,0.014,61.6,79.7,18818.0,305.32,14596.0,183.1,AA
271.7110954,69.8244708,57992.08699104,,,,,,,,,0000,0.0,88.41799926757812,00,1,neowise,10.169,0.017,9.256,0.016,65.5,68.7,17249.0,263.44,14286.0,208.09,AA
271.7111007,69.8244388,57992.61073203,,,,,,,,,0000,0.5,91.30500030517578,00,1,neowise,10.013,0.017,9.187,0.015,64.1,71.7,19922.0,310.95,15226.0,212.46,AA
271.7113024,69.8245017,57994.31298372,,,,,,,,,0000,0.0,115.00800323486328,00,1,neowise,11.127,0.019,10.049,0.016,56.5,69.6,7139.7,126.35,6885.1,98.874,AA
271.7112992,69.8245098,57994.83672418,,,,,,,,,0000,0.0,74.61499786376953,00,1,neowise,10.7,0.018,9.783,0.014,60.3,75.3,10572.0,175.33,8791.7,116.81,AA
271.711167,69.824497,57991.43234735,,,,,,,,,0000,0.0,112.4209976196289,00,1,neowise,11.236,0.019,10.222,0.018,56.7,60.3,6454.5,113.81,5867.3,97.345,AA
271.7111458,69.824477,57993.65821271,,,,,,,,,0000,1.0,85.43599700927734,00,1,neowise,10.099,0.017,9.236,0.015,62.1,71.1,18395.0,296.15,14549.0,204.52,AA
271.711119,69.8244666,57994.0510499,,,,,,,,,0000,1.0,84.322998046875,00,1,neowise,10.102,0.016,9.283,0.015,66.2,70.8,18348.0,277.08,13943.0,196.87,AA
271.7111698,69.8244468,57994.18195317,,,,,,,,,0000,1.0,100.61399841308594,00,1,neowise,10.099,0.019,9.265,0.016,55.8,68.6,18401.0,329.54,14177.0,206.62,AA
271.7111314,69.8244442,57994.57479027,,,,,,,,,0000,1.0,96.09700012207031,00,1,neowise,10.123,0.019,9.265,0.015,56.4,71.4,17989.0,318.79,14173.0,198.5,AA
271.7111358,69.824441,57995.09853078,,,,,,,,,0000,1.0,89.64600372314453,00,1,neowise,10.082,0.018,9.259,0.016,60.0,69.8,18687.0,311.64,14248.0,204.27,AA
271.7111366,69.8244401,57990.90860693,,,,,,,,,0000,0.0,75.81600189208984,00,1,neowise,11.734,0.02,10.633,0.023,55.0,47.8,4081.0,74.167,4019.6,84.137,AA
271.7111057,69.8244562,57991.17041348,,,,,,,,,0000,0.5,99.16899871826172,00,1,neowise,10.058,0.017,9.216,0.015,62.4,71.2,19098.0,306.01,14829.0,208.16,AA
271.7111619,69.8244659,57991.30131671,,,,,,,,,0000,1.0,114.35600280761719,00,1,neowise,9.948,0.02,9.201,0.016,53.9,69.7,21137.0,392.31,15038.0,215.86,AA
271.7111507,69.8244531,57991.69415384,,,,,,,,,0000,1.0,81.5770034790039,00,1,neowise,10.044,0.017,9.175,0.017,64.1,65.4,19349.0,301.62,15396.0,235.45,AA
271.7111267,69.8244483,57992.7416352,,,,,,,,,0000,1.0,77.36499786376953,00,1,neowise,10.05,0.02,9.214,0.016,54.8,69.1,19255.0,351.25,14855.0,215.14,AA
271.7112557,69.8244726,57992.87266584,,,,,,,,,0000,0.0,75.3270034790039,00,1,neowise,11.412,0.021,10.25,0.02,51.4,55.3,5487.4,106.72,5717.6,103.35,AA
271.7114058,69.8244259,57993.7892433,,,,,,,,,0000,0.0,75.44999694824219,00,1,neowise,11.356,0.02,10.357,0.018,54.3,61.5,5780.4,106.38,5182.2,84.281,AA
271.7113937,69.8244131,57992.21789436,,,,,,,,,0000,1.0,105.28600311279297,00,1,neowise,9.801,0.016,9.217,0.014,69.2,75.7,24211.0,350.02,14806.0,195.66,AA
271.7113663,69.8244395,57992.348925,,,,,,,,,0000,0.0,116.96099853515625,00,1,neowise,11.513,0.02,10.448,0.025,54.3,43.5,5000.8,92.103,4764.7,109.52,AA
271.7110557,69.8244673,57993.52730943,,,,,,,,,0000,0.5,102.1989974975586,00,1,neowise,10.062,0.016,9.257,0.016,68.2,68.5,19032.0,279.17,14271.0,208.39,AA
271.711,69.82447,57993.92014662,,,,,,,,,0000,0.0,75.72799682617188,00,1,neowise,10.316,0.016,9.418,0.014,69.8,79.9,15063.0,215.7,12312.0,154.1,AA
271.7110141,69.8244546,57994.44388699,,,,,,,,,0000,0.0,111.62200164794922,00,1,neowise,10.208,0.015,9.371,0.015,70.4,74.4,16642.0,236.49,12854.0,172.84,AA
271.7110097,69.8244701,57991.56325063,,,,,,,,,0000,0.0,97.52200317382812,00,1,neowise,10.29,0.018,9.375,0.016,59.3,69.3,15434.0,260.05,12807.0,184.92,AA
271.7111754,69.8245229,57991.03951021,,,,,,,,,0000,0.0,83.13200378417969,00,1,neowise,10.617,0.018,9.618,0.018,61.1,60.8,11413.0,186.68,10240.0,168.32,AA
271.7112611,69.824539,57991.95608777,,,,,,,,,0000,0.0,76.84500122070312,00,2,neowise,10.941,0.018,10.022,0.02,60.1,53.0,8474.3,140.93,7057.8,133.04,AA
271.7110149,69.8245243,57990.51576975,,,,,,,,,0000,0.0,103.46700286865234,00,1,neowise,11.052,0.017,10.174,0.019,65.7,56.8,7649.0,116.43,6136.8,108.04,AA
271.7110486,69.8244953,57990.64667307,,,,,,,,,0000,0.0,86.81700134277344,00,1,neowise,10.169,0.016,9.292,0.015,68.6,74.0,17243.0,251.18,13822.0,186.7,AA
271.7110664,69.8244906,57993.00356911,,,,,,,,,0000,0.0,79.85600280761719,00,1,neowise,10.168,0.018,9.329,0.017,61.7,64.2,17272.0,280.12,13357.0,208.09,AA
271.7097215,69.8239753,58373.3327059,,,,,,,,,0000,0.0,113.99400329589844,00,1,neowise,9.641,0.013,8.638,0.012,85.7,87.9,28039.0,327.18,25249.0,287.28,AA
271.7095515,69.8239468,58373.85619155,,,,,,,,,0000,0.0,77.25,00,1,neowise,9.558,0.016,8.671,0.01,67.0,104.8,30270.0,451.83,24490.0,233.62,AA
271.711087,69.8243874,58372.28573463,,,,,,,,,0000,0.0,110.57599639892578,00,1,neowise,9.488,0.015,8.532,0.014,70.7,77.6,32310.0,456.81,27841.0,358.74,AA
271.7105895,69.8243481,58370.84605303,,,,,,,,,0000,0.0,76.6449966430664,00,1,neowise,9.445,0.015,8.499,0.013,70.3,80.8,33590.0,477.85,28702.0,355.37,AA
271.7107168,69.8243879,58371.63134522,,,,,,,,,0000,0.0,90.11599731445312,00,1,neowise,9.472,0.013,8.549,0.013,81.2,86.7,32781.0,403.68,27391.0,315.99,AA
271.7105777,69.8243079,58372.80922024,,,,,,,,,0000,0.0,77.1729965209961,00,1,neowise,9.541,0.013,8.563,0.014,81.3,77.3,30753.0,378.22,27044.0,349.78,AA
271.7110237,69.8244269,58373.46360913,,,,,,,,,0000,0.0,108.47200012207031,00,1,neowise,9.55,0.016,8.645,0.012,68.8,89.0,30497.0,443.22,25088.0,281.74,AA
271.7110972,69.8244451,58373.59451236,,,,,,,,,0000,0.0,94.25399780273438,00,1,neowise,9.538,0.016,8.653,0.014,68.9,76.0,30848.0,447.61,24899.0,327.63,AA
271.7110471,69.8244462,58374.24890125,,,,,,,,,0000,0.0,107.08499908447266,00,1,neowise,9.601,0.018,8.636,0.014,61.8,75.5,29103.0,471.05,25299.0,335.07,AA
271.7109936,69.8244264,58374.51058355,,,,,,,,,0000,0.0,103.74199676513672,00,1,neowise,9.73,0.018,8.784,0.014,60.6,78.6,25856.0,426.39,22071.0,280.73,AA
271.7110623,69.8244422,58374.77239027,,,,,,,,,0000,0.5,78.78299713134766,00,1,neowise,9.591,0.014,8.676,0.013,75.5,83.7,29385.0,389.06,24380.0,291.41,AA
271.7110302,69.8244261,58375.29587686,,,,,,,,,0000,0.0,111.19499969482422,00,1,neowise,9.66,0.017,8.734,0.015,64.3,70.9,27554.0,428.25,23107.0,325.7,AA
271.71107,69.8244248,58370.58437389,,,,,,,,,0000,0.0,95.59400177001953,00,1,neowise,9.429,0.014,8.526,0.014,77.8,76.3,34091.0,438.0,28000.0,366.76,AA
271.7109419,69.8244152,58370.97695635,,,,,,,,,0000,0.0,79.49099731445312,00,1,neowise,9.438,0.014,8.536,0.013,79.2,82.3,33818.0,427.02,27746.0,337.12,AA
271.7110609,69.8244367,58371.23876282,,,,,,,,,0000,0.0,106.10700225830078,00,1,neowise,9.451,0.014,8.488,0.015,76.7,71.6,33418.0,435.57,28987.0,404.8,AA
271.7108982,69.8244082,58372.67831697,,,,,,,,,0000,0.0,85.1719970703125,00,1,neowise,9.51,0.017,8.682,0.013,65.6,85.2,31661.0,482.29,24250.0,284.75,AA
271.7111228,69.8244827,58374.64148691,,,,,,,,,0000,0.0,88.98600006103516,00,1,neowise,9.632,0.015,8.713,0.013,70.1,86.7,28273.0,403.23,23565.0,271.73,AA
271.7111282,69.824449,58373.07102679,,,,,,,,,0000,0.5,87.50800323486328,00,1,neowise,9.515,0.015,8.63,0.016,71.9,67.2,31518.0,438.44,25438.0,378.39,AA
271.7111684,69.8244674,58373.72541559,,,,,,,,,0000,0.5,81.39399719238281,00,1,neowise,9.552,0.017,8.642,0.013,62.5,83.3,30435.0,487.25,25148.0,301.95,AA
271.7111818,69.8244505,58373.85631887,,,,,,,,,0000,0.5,77.73999786376953,00,1,neowise,9.562,0.017,8.663,0.014,65.1,77.6,30177.0,463.68,24681.0,318.21,AA
271.7111403,69.8244577,58374.37980453,,,,,,,,,0000,0.5,113.3759994506836,00,1,neowise,9.571,0.016,8.698,0.017,66.6,64.4,29933.0,449.51,23884.0,370.81,AA
271.7111733,69.8244495,58374.90329419,,,,,,,,,0000,0.5,78.46700286865234,00,1,neowise,9.583,0.017,8.717,0.015,65.6,72.9,29580.0,450.9,23466.0,321.74,AA
271.7112064,69.8244531,58375.03419756,,,,,,,,,0000,0.5,84.70700073242188,00,1,neowise,9.594,0.02,8.691,0.014,55.1,75.2,29292.0,531.33,24042.0,319.75,AA
271.7111113,69.8244695,58370.71527716,,,,,,,,,0000,0.5,81.93099975585938,00,1,neowise,9.41,0.014,8.535,0.013,76.4,83.8,34707.0,454.51,27762.0,331.35,AA
271.7111941,69.8244502,58370.84618039,,,,,,,,,0000,0.5,77.12999725341797,00,1,neowise,9.442,0.017,8.576,0.015,65.8,72.2,33681.0,512.0,26727.0,370.33,AA
271.7111253,69.8244279,58371.36966605,,,,,,,,,0000,0.0,114.21900177001953,00,1,neowise,9.43,0.015,8.565,0.013,71.0,82.5,34080.0,479.91,27002.0,327.21,AA
271.7111732,69.8244585,58371.76224845,,,,,,,,,0000,0.0,78.91200256347656,00,1,neowise,9.444,0.014,8.57,0.014,76.1,76.8,33632.0,441.87,26879.0,349.99,AA
271.7112103,69.8244439,58371.89315226,,,,,,,,,0000,0.5,77.85800170898438,00,1,neowise,9.476,0.015,8.563,0.013,74.1,86.7,32646.0,440.56,27051.0,312.13,AA
271.7111353,69.8244622,58372.02405558,,,,,,,,,0000,0.5,83.43699645996094,00,1,neowise,9.477,0.016,8.603,0.013,69.7,80.5,32632.0,467.88,26081.0,324.16,AA
271.7111421,69.8244232,58372.41663786,,,,,,,,,0000,0.0,112.18399810791016,00,1,neowise,9.489,0.015,8.563,0.013,74.0,81.8,32274.0,436.11,27055.0,330.62,AA
271.7111223,69.824455,58372.54754115,,,,,,,,,0000,0.0,99.58899688720703,00,1,neowise,9.441,0.014,8.561,0.012,75.0,88.5,33732.0,449.66,27095.0,306.2,AA
271.7111481,69.8244579,58372.67844433,,,,,,,,,0000,0.5,85.26200103759766,00,1,neowise,9.457,0.018,8.581,0.014,60.7,76.7,33217.0,547.5,26615.0,346.83,AA
271.7111181,69.8244422,58372.94012352,,,,,,,,,0000,0.0,78.70700073242188,00,1,neowise,9.481,0.014,8.579,0.014,75.5,76.3,32515.0,430.67,26645.0,349.1,AA
271.7109433,69.8244304,58373.98709479,,,,,,,,,0000,0.0,80.54399871826172,00,1,neowise,9.553,0.018,8.536,0.014,60.2,79.2,30419.0,504.88,27720.0,350.15,AA
271.7108943,69.8244353,58375.03407019,,,,,,,,,0000,0.0,83.99099731445312,00,1,neowise,9.648,0.017,8.828,0.014,62.6,79.9,27880.0,445.41,21198.0,265.29,AA
271.7109437,69.8244791,58375.16497355,,,,,,,,,0000,0.0,97.84600067138672,00,1,neowise,9.563,0.016,8.751,0.015,65.8,74.5,30133.0,457.77,22757.0,305.66,AA
271.7109825,69.8244751,58371.10785964,,,,,,,,,0000,0.0,91.12200164794922,00,1,neowise,9.43,0.014,8.522,0.013,78.6,85.0,34071.0,433.65,28083.0,330.4,AA
271.7111155,69.8245002,58374.11799807,,,,,,,,,0000,0.5,92.56800079345703,00,1,neowise,9.648,0.016,8.687,0.014,68.3,75.2,27875.0,408.01,24122.0,320.65,AA
271.71082,69.824733,58344.21297771,,,,,,,,,0000,0.0,103.1760025024414,00,1,neowise,10.579,0.017,9.87,0.016,65.3,69.5,11821.0,180.96,8116.2,116.85,AA
271.7110086,69.8247242,58343.55858882,,,,,,,,,0000,0.0,99.41500091552734,00,1,neowise,10.28,0.015,9.605,0.015,70.9,73.5,15577.0,219.7,10360.0,141.03,AA
271.711051,69.8244638,58345.52162867,,,,,,,,,0000,1.0,104.47599792480469,00,1,neowise,9.357,0.017,8.468,0.014,62.2,80.1,36424.0,585.94,29525.0,368.59,AA
271.7110337,69.824455,59081.17900507,,,,,,,,,0000,0.0,97.24400329589844,00,1,neowise,9.873,0.017,8.989,0.014,63.0,78.8,22656.0,359.62,18272.0,231.9,AA
271.7111658,69.8244541,59078.56323417,,,,,,,,,0000,1.0,100.68099975585938,00,1,neowise,9.891,0.017,9.047,0.014,62.4,79.5,22287.0,357.43,17325.0,217.95,AA
271.7109739,69.8244635,59082.48689102,,,,,,,,,0000,0.0,109.60700225830078,00,1,neowise,9.963,0.018,9.015,0.013,61.3,85.5,20851.0,340.4,17843.0,208.76,AA
271.710374,69.8246895,59443.62055475,,,,,,,,,0000,0.0,92.78500366210938,00,2,neowise,10.926,0.017,9.901,0.016,63.8,68.5,8587.4,134.68,7889.0,115.23,AA
271.7109005,69.8250454,59442.57485756,,,,,,,,,0000,0.0,98.7020034790039,00,1,neowise,10.594,0.015,9.713,0.014,74.8,75.1,11662.0,155.85,9382.9,124.9,AA
271.7112691,69.8243301,59444.92767684,,,,,,,,,0000,0.0,75.9540023803711,00,1,neowise,10.903,0.017,10.052,0.017,63.3,62.3,8773.8,138.66,6866.9,110.19,AA
271.7110974,69.8244681,59444.01262814,,,,,,,,,0000,0.5,78.9729995727539,00,1,neowise,9.995,0.017,9.112,0.014,62.8,78.3,20244.0,322.46,16310.0,208.41,AA
271.7110466,69.824445,59444.53547671,,,,,,,,,0000,0.5,103.93399810791016,00,1,neowise,9.99,0.015,9.092,0.015,70.7,73.0,20344.0,287.95,16613.0,227.66,AA
271.711094,69.8244582,59444.79690095,,,,,,,,,0000,0.0,75.75299835205078,00,1,neowise,10.029,0.015,9.086,0.014,71.5,77.2,19631.0,274.69,16710.0,216.58,AA
271.7111283,69.8244004,59444.66625251,,,,,,,,,0000,0.0,87.1500015258789,00,1,neowise,10.769,0.016,9.881,0.016,67.6,66.8,9923.0,146.87,8038.2,120.26,AA
271.7111187,69.8244794,59445.05832534,,,,,,,,,0000,0.5,82.9530029296875,00,1,neowise,10.022,0.015,9.117,0.013,71.7,82.1,19742.0,275.4,16239.0,197.7,AA
271.7111313,69.8244818,59445.58117395,,,,,,,,,0000,0.0,98.02999877929688,00,1,neowise,10.054,0.014,9.243,0.014,75.3,78.2,19168.0,254.7,14465.0,184.96,AA
271.7111082,69.8244784,59445.31974962,,,,,,,,,0000,0.5,113.74099731445312,00,1,neowise,10.024,0.015,9.136,0.013,74.0,83.3,19707.0,266.39,15952.0,191.53,AA
271.7111556,69.8244629,59445.84259833,,,,,,,,,0000,0.0,74.6709976196289,00,1,neowise,10.106,0.014,9.342,0.015,76.7,73.6,18287.0,238.46,13197.0,179.36,AA
271.7111072,69.8244695,59443.48977895,,,,,,,,,0000,1.0,109.2229995727539,00,1,neowise,10.029,0.018,9.122,0.014,61.4,79.2,19631.0,319.54,16164.0,204.19,AA
271.7111415,69.8247874,59441.52916031,,,,,,,,,0000,0.0,104.4729995727539,00,1,neowise,10.622,0.015,9.764,0.018,71.1,61.4,11364.0,159.84,8949.9,145.7,AA
271.7110982,69.8244664,56716.59057267,,,,,,,,,0000,1.0,83.27100372314453,00,1,neowise,10.081,0.018,9.213,0.016,61.2,68.1,18893.0,308.82,15203.0,223.22,AA
271.7111471,69.824482,56717.6444206,,,,,,,,,0000,1.0,88.80000305175781,00,1,neowise,10.045,0.016,9.203,0.016,70.0,68.2,19530.0,278.94,15342.0,225.07,AA
271.7111992,69.8244791,56717.51275328,,,,,,,,,0000,1.0,77.30500030517578,00,1,neowise,10.04,0.018,9.157,0.017,60.6,64.6,19609.0,323.77,15999.0,247.73,AA
271.7111317,69.8244836,56717.90788262,,,,,,,,,0000,1.0,116.71499633789062,00,1,neowise,10.045,0.016,9.172,0.014,66.0,77.0,19520.0,295.6,15781.0,204.84,AA
271.711183,69.8244875,56718.69814111,,,,,,,,,0000,1.0,95.45899963378906,00,1,neowise,9.961,0.016,9.117,0.013,69.6,84.8,21102.0,303.13,16609.0,195.96,AA
271.711172,69.8244952,56716.19544343,,,,,,,,,0000,1.0,88.3219985961914,00,1,neowise,10.059,0.015,9.211,0.012,73.0,92.8,19277.0,264.01,15231.0,164.13,AA
271.7111509,69.824485,56717.38095863,,,,,,,,,0000,1.0,75.23200225830078,00,1,neowise,10.08,0.015,9.217,0.013,70.2,83.7,18899.0,269.36,15141.0,180.83,AA
271.7111933,69.8245001,56717.24929135,,,,,,,,,0000,0.5,82.01599884033203,00,1,neowise,10.102,0.019,9.218,0.016,57.3,69.8,18522.0,323.18,15121.0,216.55,AA
271.7111707,69.8244919,56716.06377615,,,,,,,,,0000,1.0,104.46399688720703,00,1,neowise,10.087,0.018,9.217,0.015,60.9,72.9,18780.0,308.51,15140.0,207.7,AA
271.7111562,69.8244847,56716.32723807,,,,,,,,,0000,1.0,76.69599914550781,00,1,neowise,10.068,0.018,9.212,0.015,61.2,74.2,19121.0,312.27,15217.0,204.97,AA
271.7111572,69.8244891,56716.85403464,,,,,,,,,0000,1.0,112.83399963378906,00,1,neowise,10.059,0.018,9.207,0.015,60.8,74.3,19268.0,317.03,15279.0,205.57,AA
271.7111487,69.8244737,56716.59069999,,,,,,,,,0000,1.0,83.02100372314453,00,1,neowise,10.055,0.019,9.243,0.016,57.5,70.0,19354.0,336.63,14786.0,211.34,AA
271.7111229,69.8244778,56716.72236731,,,,,,,,,0000,0.5,98.43499755859375,00,1,neowise,10.098,0.015,9.241,0.013,74.3,81.3,18600.0,250.38,14806.0,182.15,AA
271.7112479,69.8244718,56718.43480655,,,,,,,,,0000,1.0,75.19599914550781,00,1,neowise,9.99,0.018,9.21,0.016,59.7,67.7,20548.0,344.11,15239.0,225.05,AA
271.7112071,69.8244673,56718.56647383,,,,,,,,,0000,1.0,80.7030029296875,00,1,neowise,10.0,0.014,9.15,0.014,76.3,75.0,20348.0,266.76,16103.0,214.66,AA
271.7111159,69.8244673,56717.11749667,,,,,,,,,0000,1.0,97.87999725341797,00,1,neowise,10.107,0.015,9.228,0.014,74.7,77.4,18447.0,246.82,14988.0,193.74,AA
271.7112186,69.8244629,56719.22481042,,,,,,,,,0000,1.0,85.46299743652344,00,1,neowise,10.033,0.015,9.15,0.014,73.6,77.2,19735.0,268.04,16109.0,208.76,AA
271.7111242,69.8244742,56718.03954994,,,,,,,,,0000,1.0,107.23500061035156,00,1,neowise,10.022,0.017,9.167,0.013,63.7,81.3,19950.0,313.33,15854.0,195.12,AA
271.7111132,69.8244882,56718.30301186,,,,,,,,,0000,1.0,77.72899627685547,00,1,neowise,9.993,0.014,9.145,0.013,79.2,84.5,20483.0,258.74,16176.0,191.49,AA
271.7111271,69.8244933,56718.17134458,,,,,,,,,h000,1.0,90.73600006103516,00,1,neowise,10.015,0.015,9.177,0.015,71.4,72.9,20076.0,281.08,15704.0,215.56,AA
271.7111241,69.8244994,56718.82993575,,,,,,,,,0000,1.0,111.66500091552734,00,1,neowise,9.99,0.015,9.131,0.014,74.7,79.9,20541.0,275.12,16392.0,205.25,AA
271.7111729,69.8244993,56716.98582934,,,,,,,,,0000,1.0,112.45800018310547,00,1,neowise,10.073,0.016,9.121,0.013,66.9,83.8,19036.0,284.36,16545.0,197.34,AA
271.7111585,69.8245159,56717.77608793,,,,,,,,,0000,1.0,104.99199676513672,00,1,neowise,10.02,0.016,9.164,0.015,66.9,74.3,19986.0,298.61,15906.0,214.12,AA
271.7110969,69.8244841,56718.96160313,,,,,,,,,0000,1.0,114.46700286865234,00,1,neowise,9.977,0.017,9.146,0.014,62.6,76.5,20791.0,331.99,16163.0,211.35,AA
271.7110906,69.8244799,56717.51262596,,,,,,,,,0000,1.0,77.677001953125,00,1,neowise,10.018,0.019,9.171,0.015,56.0,74.0,20014.0,357.22,15803.0,213.55,AA
271.7110965,69.824473,57076.8771987,,,,,,,,,0000,1.0,113.19000244140625,00,1,neowise,10.218,0.016,9.348,0.015,66.8,72.0,16479.0,246.64,13150.0,182.68,AA
271.7110886,69.8244683,57078.58480322,,,,,,,,,0000,1.0,81.70500183105469,00,1,neowise,10.138,0.017,9.308,0.014,62.5,78.7,17739.0,283.89,13644.0,173.39,AA
271.7110867,69.8244654,57078.32210476,,,,,,,,,0000,1.0,78.30999755859375,00,1,neowise,10.166,0.017,9.292,0.013,65.8,84.2,17281.0,262.65,13844.0,164.35,AA
271.7110906,69.8244728,57076.08910315,,,,,,,,,0000,1.0,102.94200134277344,00,1,neowise,10.186,0.019,9.367,0.014,56.4,74.9,16976.0,300.75,12925.0,172.5,AA
271.7111044,69.8244728,57078.05940633,,,,,,,,,0000,1.0,106.32599639892578,00,1,neowise,10.164,0.015,9.301,0.016,72.9,68.1,17311.0,237.54,13724.0,201.47,AA
271.7113191,69.8244205,57078.84750169,,,,,,,,,0000,1.0,110.88600158691406,00,1,neowise,9.974,0.017,9.276,0.015,65.0,70.8,20637.0,317.32,14045.0,198.24,AA
271.7111212,69.8244829,57077.66529426,,,,,,,,,0000,1.0,89.79299926757812,00,1,neowise,10.172,0.016,9.302,0.015,66.4,72.7,17190.0,259.03,13716.0,188.55,AA
271.7111529,69.8244853,57077.00848433,,,,,,,,,0000,1.0,111.02200317382812,00,1,neowise,10.18,0.02,9.334,0.015,53.0,70.5,17061.0,321.96,13314.0,188.94,AA
271.7111822,69.824479,57075.56357876,,,,,,,,,0000,1.0,80.49400329589844,00,1,neowise,10.198,0.015,9.361,0.014,74.1,76.9,16780.0,226.52,12995.0,168.97,AA
271.7111761,69.8244731,57078.4535177,,,,,,,,,0000,1.0,76.20999908447266,00,1,neowise,10.144,0.017,9.343,0.016,65.6,68.3,17639.0,268.71,13207.0,193.26,AA
271.711159,69.8244541,57076.22038873,,,,,,,,,0000,1.0,87.47899627685547,00,1,neowise,10.21,0.015,9.358,0.012,74.3,88.6,16601.0,223.55,13031.0,147.08,AA
271.711157,69.8244764,57075.82627722,,,,,,,,,0000,1.0,108.45700073242188,00,1,neowise,10.184,0.018,9.355,0.014,60.4,75.0,17007.0,281.38,13059.0,174.14,AA
271.7111581,69.82447,57078.19069186,,,,,,,,,0000,1.0,90.76899719238281,00,1,neowise,10.166,0.018,9.301,0.014,61.1,75.1,17288.0,282.83,13732.0,182.85,AA
271.7111258,69.8244738,57077.40259583,,,,,,,,,0000,1.0,76.10399627685547,00,1,neowise,10.18,0.017,9.331,0.014,63.9,76.7,17062.0,267.12,13355.0,174.01,AA
271.7111436,69.8244704,57077.27131021,,,,,,,,,0000,1.0,81.92400360107422,00,1,neowise,10.192,0.018,9.33,0.017,59.0,63.2,16873.0,286.12,13368.0,211.39,AA
271.7111172,69.8244664,57077.92799282,,,,,,,,,0000,1.0,115.58999633789062,00,1,neowise,10.133,0.02,9.29,0.016,54.4,69.6,17820.0,327.65,13873.0,199.39,AA
271.7112004,69.8244753,57075.95769021,,,,,,,,,0000,1.0,114.44100189208984,00,1,neowise,10.211,0.017,9.329,0.014,64.6,80.3,16581.0,256.64,13384.0,166.58,AA
271.7111436,69.8244708,57076.74578576,,,,,,,,,0000,1.0,99.3759994506836,00,1,neowise,10.161,0.018,9.331,0.016,61.1,70.0,17369.0,284.41,13360.0,190.98,AA
271.7111307,69.824467,57077.7967072,,,,,,,,,0000,1.0,105.73600006103516,00,1,neowise,10.183,0.017,9.319,0.014,65.1,74.9,17013.0,261.21,13498.0,180.23,AA
271.7111926,69.8244584,57077.00861164,,,,,,,,,0000,1.0,111.33499908447266,00,1,neowise,10.165,0.019,9.307,0.016,56.9,67.5,17307.0,304.25,13658.0,202.19,AA
271.7111117,69.8244861,57078.71621611,,,,,,,,,0000,1.0,95.99700164794922,00,1,neowise,10.136,0.017,9.288,0.014,64.8,80.0,17777.0,274.28,13893.0,173.72,AA
271.7111437,69.8244928,57075.69499166,,,,,,,,,0000,1.0,93.30000305175781,00,1,neowise,10.204,0.017,9.362,0.015,64.4,72.7,16688.0,258.96,12982.0,178.58,AA
271.7111557,69.8244947,57078.97891468,,,,,,,,,0000,1.0,113.70500183105469,00,1,neowise,10.101,0.017,9.256,0.013,63.5,80.8,18359.0,289.26,14307.0,177.02,AA
271.7111297,69.8244926,57076.35180162,,,,,,,,,0000,1.0,76.77400207519531,00,1,neowise,10.183,0.017,9.369,0.015,64.4,72.5,17015.0,264.1,12899.0,177.94,AA
271.7111016,69.8244795,57078.19081918,,,,,,,,,0000,1.0,90.27799987792969,00,1,neowise,10.159,0.018,9.288,0.014,59.8,79.1,17399.0,291.0,13900.0,175.66,AA
271.7110946,69.8244865,57076.61450019,,,,,,,,,0000,1.0,84.41400146484375,00,1,neowise,10.196,0.016,9.322,0.015,68.2,71.3,16820.0,246.54,13467.0,188.99,AA
271.7110783,69.8244686,57440.05197583,,,,,,,,,0000,1.0,108.91000366210938,00,1,neowise,10.043,0.018,9.176,0.013,59.5,81.6,19397.0,325.91,15355.0,188.26,AA
271.7110912,69.8244687,57441.10072853,,,,,,,,,0000,1.0,103.50800323486328,00,1,neowise,10.095,0.018,9.219,0.016,60.0,67.4,18484.0,307.94,14755.0,218.92,AA
271.7112539,69.8244355,57442.93605506,,,,,,,,,0000,1.0,116.7760009765625,00,1,neowise,10.111,0.016,9.241,0.015,68.1,70.4,18214.0,267.41,14454.0,205.4,AA
271.7111865,69.8244848,57442.14948685,,,,,,,,,0000,1.0,97.40599822998047,00,1,neowise,10.1,0.017,9.224,0.016,64.7,66.3,18409.0,284.47,14691.0,221.6,AA
271.7111546,69.8244908,57442.28051781,,,,,,,,,0000,1.0,82.34700012207031,00,1,neowise,10.095,0.018,9.248,0.013,61.0,82.6,18478.0,302.97,14370.0,173.95,AA
271.711191,69.8244823,57442.41167618,,,,,,,,,0000,1.0,75.2030029296875,00,1,neowise,10.094,0.016,9.249,0.014,66.3,78.0,18500.0,279.15,14354.0,184.08,AA
271.7112051,69.8244909,57442.54270727,,,,,,,,,0000,1.0,77.7979965209961,00,1,neowise,10.046,0.018,9.223,0.013,60.5,82.5,19343.0,319.79,14696.0,178.18,AA
271.7112307,69.8244757,57442.54283459,,,,,,,,,0000,1.0,77.23899841308594,00,1,neowise,10.085,0.02,9.203,0.017,54.0,65.7,18654.0,345.57,14977.0,227.78,AA
271.7112676,69.8244823,57442.80489669,,,,,,,,,0000,1.0,105.0979995727539,00,1,neowise,10.119,0.018,9.145,0.017,60.6,64.6,18074.0,298.22,15799.0,244.72,AA
271.7111567,69.8244935,57443.19824451,,,,,,,,,0000,0.5,91.10299682617188,00,1,neowise,10.085,0.016,9.236,0.016,67.1,69.2,18652.0,278.07,14530.0,209.99,AA
271.7111528,69.824483,57443.32927552,,,,,,,,,0000,1.0,78.21199798583984,00,1,neowise,10.104,0.016,9.193,0.016,66.4,68.7,18335.0,276.3,15117.0,219.96,AA
271.7112186,69.8244825,57443.46043388,,,,,,,,,0000,1.0,75.53399658203125,00,1,neowise,10.088,0.017,9.261,0.015,65.5,73.9,18611.0,284.06,14199.0,192.17,AA
271.7111652,69.8244839,57444.24700227,,,,,,,,,0000,1.0,85.3740005493164,00,1,neowise,10.071,0.017,9.225,0.014,65.4,78.9,18903.0,289.06,14665.0,185.77,AA
271.7111322,69.8244841,57439.5277237,,,,,,,,,0000,1.0,76.697998046875,00,1,neowise,10.009,0.018,9.151,0.015,59.9,72.5,20012.0,333.9,15704.0,216.46,AA
271.7111493,69.8244818,57439.65875486,,,,,,,,,0000,1.0,87.15399932861328,00,1,neowise,10.045,0.017,9.155,0.016,64.4,68.8,19355.0,300.51,15655.0,227.61,AA
271.7111704,69.8244768,57440.44532417,,,,,,,,,0000,1.0,75.49700164794922,00,1,neowise,10.047,0.017,9.176,0.016,64.7,68.9,19314.0,298.59,15347.0,222.8,AA
271.7111788,69.8244902,57441.23188685,,,,,,,,,0000,1.0,87.02200317382812,00,1,neowise,10.049,0.016,9.179,0.014,65.9,75.9,19284.0,292.55,15304.0,201.69,AA
271.7111433,69.8244811,57441.75626573,,,,,,,,,0000,1.0,99.22699737548828,00,1,neowise,10.103,0.016,9.231,0.016,66.5,69.9,18345.0,275.86,14592.0,208.76,AA
271.7112373,69.8244803,57442.0184552,,,,,,,,,0000,1.0,112.3270034790039,00,1,neowise,10.057,0.016,9.218,0.014,69.8,79.6,19153.0,274.57,14773.0,185.66,AA
271.7112178,69.8244656,57442.28064513,,,,,,,,,0000,0.5,81.6510009765625,00,1,neowise,10.094,0.02,9.193,0.016,54.0,68.4,18496.0,342.27,15108.0,220.97,AA
271.7111919,69.8244748,57442.67386564,,,,,,,,,0000,1.0,88.85900115966797,00,1,neowise,10.09,0.016,9.198,0.016,66.9,67.5,18579.0,277.86,15039.0,222.95,AA
271.7111962,69.8244667,57443.06708615,,,,,,,,,0000,1.0,107.375,00,1,neowise,10.115,0.017,9.244,0.014,62.4,75.5,18151.0,290.83,14415.0,190.87,AA
271.7111311,69.8244747,57443.59159225,,,,,,,,,0000,1.0,80.27999877929688,00,1,neowise,10.107,0.018,9.26,0.015,61.1,73.6,18290.0,299.39,14205.0,193.05,AA
271.7111432,69.824477,57443.7226233,,,,,,,,,0000,1.0,94.9020004272461,00,1,neowise,10.103,0.017,9.234,0.014,65.4,75.8,18356.0,280.88,14546.0,191.88,AA
271.7111469,69.8244773,57443.9848128,,,,,,,,,0000,1.0,114.69400024414062,00,1,neowise,10.099,0.016,9.244,0.013,66.1,82.4,18420.0,278.59,14411.0,174.9,AA
271.7111664,69.8244688,57439.92094468,,,,,,,,,0000,1.0,115.79199981689453,00,1,neowise,10.026,0.017,9.196,0.017,64.7,65.7,19705.0,304.58,15067.0,229.18,AA
271.7111288,69.8244711,57440.70751383,,,,,,,,,0000,1.0,92.96399688720703,00,1,neowise,10.059,0.016,9.176,0.014,66.2,77.9,19112.0,288.71,15355.0,197.05,AA
271.7111811,69.8244739,57440.83854503,,,,,,,,,0000,1.0,108.91899871826172,00,1,neowise,10.079,0.018,9.219,0.014,59.8,75.5,18757.0,313.5,14754.0,195.32,AA
271.711118,69.8244722,57440.9697036,,,,,,,,,0000,1.0,115.57599639892578,00,1,neowise,10.075,0.018,9.253,0.015,61.7,70.2,18833.0,305.31,14299.0,203.72,AA
271.7111777,69.8244702,57441.62510736,,,,,,,,,0000,1.0,83.63999938964844,00,1,neowise,10.061,0.016,9.213,0.014,67.9,76.1,19073.0,280.8,14831.0,194.98,AA
271.7111575,69.8244741,57441.88729678,,,,,,,,,0000,1.0,113.66899871826172,00,1,neowise,10.048,0.015,9.233,0.016,71.2,70.0,19295.0,270.89,14560.0,208.02,AA
271.7111164,69.8244942,57440.1831344,,,,,,,,,0000,1.0,93.07599639892578,00,1,neowise,10.024,0.017,9.194,0.013,65.1,83.1,19726.0,302.94,15096.0,181.55,AA
271.7111091,69.8245177,57440.3141656,,,,,,,,,0000,1.0,79.43800354003906,00,1,neowise,9.954,0.017,9.233,0.015,63.6,70.2,21057.0,330.85,14567.0,207.58,AA
271.7111434,69.8245107,57440.57635527,,,,,,,,,0000,1.0,79.6709976196289,00,1,neowise,10.066,0.016,9.162,0.015,67.2,70.5,18990.0,282.47,15543.0,220.51,AA
271.7111289,69.8244899,57441.36291791,,,,,,,,,0000,1.0,76.43499755859375,00,1,neowise,10.138,0.016,9.237,0.014,67.0,77.4,17769.0,265.28,14514.0,187.55,AA
271.7110388,69.8244915,57443.85378176,,,,,,,,,0000,1.0,111.07599639892578,00,1,neowise,10.096,0.017,9.232,0.016,63.2,68.8,18477.0,292.3,14573.0,211.69,AA
271.7110892,69.8244818,57444.11597122,,,,,,,,,0000,0.5,101.58300018310547,00,1,neowise,10.06,0.017,9.227,0.015,62.5,72.4,19095.0,305.7,14648.0,202.43,AA
271.7110958,69.8244842,57439.52759639,,,,,,,,,0000,1.0,77.30400085449219,00,1,neowise,10.069,0.022,9.185,0.015,48.9,71.4,18936.0,387.22,15221.0,213.22,AA
271.711101,69.8244889,57439.78978611,,,,,,,,,0000,1.0,103.05999755859375,00,1,neowise,9.998,0.02,9.183,0.015,53.8,74.2,20220.0,376.14,15245.0,205.41,AA
271.711075,69.8244857,57439.78991343,,,,,,,,,0000,1.0,103.54199981689453,00,1,neowise,10.01,0.019,9.183,0.015,57.6,72.7,19998.0,347.26,15245.0,209.63,AA
271.7096671,69.8249827,58356.90778913,,,,,,,,,0000,0.0,75.64399719238281,00,1,neowise,11.054,0.016,9.925,0.015,67.5,71.7,7632.4,113.12,7713.0,107.51,AA
271.7118084,69.8244637,58355.72991382,,,,,,,,,0000,0.0,79.62200164794922,00,1,neowise,10.728,0.018,9.594,0.019,59.5,57.4,10304.0,173.04,10471.0,182.47,AA
271.7115618,69.8243931,58358.08565986,,,,,,,,,0000,0.0,87.06400299072266,00,1,neowise,11.14,0.021,9.869,0.018,52.9,60.0,7054.8,133.33,8127.1,135.47,AA
271.7113424,69.8245164,58357.43127479,,,,,,,,,0000,0.0,113.38600158691406,00,1,neowise,10.554,0.017,9.412,0.02,62.2,53.1,12095.0,194.54,12374.0,233.21,AA
271.7112028,69.824457,58355.86068978,,,,,,,,,0000,1.0,74.50199890136719,00,1,neowise,9.305,0.019,8.377,0.014,57.2,76.9,38217.0,668.06,32117.0,417.7,AA
271.7111434,69.8244321,58355.99159306,,,,,,,,,0000,1.0,77.93499755859375,00,1,neowise,9.268,0.017,8.377,0.013,65.5,83.9,39557.0,603.7,32116.0,382.89,AA
271.7111185,69.8244602,58356.51507878,,,,,,,,,0000,1.0,105.29499816894531,00,1,neowise,9.246,0.017,8.344,0.015,64.0,72.0,40342.0,630.05,33089.0,459.53,AA
271.7111378,69.8244517,58357.03856509,,,,,,,,,0000,0.5,81.6760025024414,00,1,neowise,9.274,0.02,8.327,0.014,53.1,77.6,39331.0,740.68,33618.0,433.17,AA
271.7111271,69.8244409,58357.69295403,,,,,,,,,0000,0.5,83.03299713134766,00,1,neowise,9.272,0.018,8.393,0.014,59.6,77.4,39421.0,661.0,31649.0,408.98,AA
271.7111251,69.8244648,58358.21643578,,,,,,,,,0000,0.5,103.50299835205078,00,1,neowise,9.314,0.017,8.415,0.014,62.9,76.6,37901.0,602.94,31004.0,404.72,AA
271.710939,69.8246453,58355.59901054,,,,,,,,,0000,0.0,94.38500213623047,00,1,neowise,9.662,0.014,8.752,0.013,75.1,82.5,27522.0,366.47,22730.0,275.38,AA
271.7109726,69.8244526,58356.12249633,,,,,,,,,0000,0.0,91.37000274658203,00,1,neowise,9.469,0.014,8.493,0.012,75.5,91.7,32855.0,434.96,28859.0,314.84,AA
271.7109092,69.8244404,58357.8238573,,,,,,,,,0000,0.0,74.66699981689453,00,1,neowise,9.456,0.015,8.523,0.012,74.6,92.8,33273.0,445.87,28062.0,302.55,AA
271.7109838,69.824457,58358.34733891,,,,,,,,,0000,0.5,116.41500091552734,00,1,neowise,9.333,0.015,8.462,0.013,73.9,83.9,37261.0,504.16,29686.0,353.84,AA
271.7111539,69.8245241,58356.77688586,,,,,,,,,0000,0.0,76.4219970703125,00,2,neowise,10.106,0.017,9.007,0.015,65.3,72.6,18283.0,279.85,17975.0,247.44,AA
271.7111324,69.824542,58357.95476063,,,,,,,,,0000,0.0,76.58200073242188,00,1,neowise,10.305,0.017,9.183,0.013,62.8,84.5,15216.0,242.13,15276.0,180.83,AA
271.7109917,69.8244832,58356.64598201,,,,,,,,,0000,0.0,88.44499969482422,00,1,neowise,9.3,0.014,8.388,0.012,76.6,87.2,38408.0,501.21,31787.0,364.41,AA
271.7110456,69.824578,58356.25339959,,,,,,,,,0000,0.0,108.00599670410156,00,1,neowise,10.276,0.016,9.207,0.015,69.7,71.1,15624.0,224.15,14945.0,210.24,AA
271.7110007,69.8245835,58357.30037149,,,,,,,,,0000,0.0,112.88800048828125,00,1,neowise,9.614,0.015,8.636,0.013,70.2,86.7,28754.0,409.53,25289.0,291.62,AA
271.7110912,69.8244673,58897.80906167,,,,,,,,,0000,1.0,101.4229965209961,00,1,neowise,9.86,0.015,8.939,0.016,71.9,67.9,22924.0,318.74,19127.0,281.62,AA
271.7111373,69.824481,58896.63182138,,,,,,,,,0000,1.0,78.21900177001953,00,1,neowise,9.809,0.015,8.939,0.014,71.0,75.7,24023.0,338.28,19135.0,252.73,AA
271.7111207,69.8244785,58897.02427725,,,,,,,,,0000,0.5,117.5270004272461,00,1,neowise,9.837,0.016,8.942,0.014,67.2,76.5,23408.0,348.38,19081.0,249.41,AA
271.7111526,69.8244854,58898.85552581,,,,,,,,,0000,1.0,108.16000366210938,00,1,neowise,9.919,0.015,9.034,0.015,74.8,74.4,21711.0,290.15,17538.0,235.84,AA
271.7111922,69.8244772,58898.98642938,,,,,,,,,0000,1.0,119.93399810791016,00,1,neowise,9.873,0.02,9.032,0.015,55.7,72.0,22661.0,407.02,17556.0,243.95,AA
271.7111525,69.8244846,58899.11669617,,,,,,,,,0000,1.0,107.11000061035156,00,1,neowise,9.912,0.014,9.014,0.015,76.0,73.1,21859.0,287.49,17849.0,244.11,AA
271.71118,69.824482,58899.37875788,,,,,,,,,0000,1.0,74.32099914550781,00,1,neowise,9.93,0.016,9.028,0.013,69.2,84.1,21491.0,310.55,17628.0,209.69,AA
271.7111687,69.8244787,58899.50915213,,,,,,,,,0000,1.0,74.56999969482422,00,1,neowise,9.92,0.015,9.03,0.013,70.6,83.5,21699.0,307.44,17596.0,210.74,AA
271.7111868,69.8244777,58899.64043755,,,,,,,,,0000,1.0,79.01799774169922,00,1,neowise,9.931,0.015,9.033,0.015,73.6,74.8,21467.0,291.59,17547.0,234.68,AA
271.7111677,69.8244666,58896.76259753,,,,,,,,,0000,1.0,94.71099853515625,00,1,neowise,9.829,0.015,8.916,0.016,71.0,66.8,23589.0,332.05,19539.0,292.59,AA
271.7111305,69.824473,58896.89337374,,,,,,,,,0000,1.0,112.91100311279297,00,1,neowise,9.819,0.016,8.928,0.014,67.3,75.8,23820.0,354.01,19321.0,254.96,AA
271.7111255,69.8244658,58898.33229378,,,,,,,,,0000,0.5,78.07499694824219,00,1,neowise,9.879,0.015,9.005,0.014,74.2,78.7,22533.0,303.68,18005.0,228.72,AA
271.711151,69.824473,58898.46319735,,,,,,,,,0000,1.0,71.447998046875,00,1,neowise,9.865,0.019,8.957,0.016,56.4,66.6,22819.0,404.68,18822.0,282.41,AA
271.7111659,69.8244719,58899.24798172,,,,,,,,,0000,1.0,88.55500030517578,00,1,neowise,9.912,0.015,9.008,0.012,73.8,88.3,21861.0,296.26,17952.0,203.26,AA
271.7111792,69.8244673,58899.77121375,,,,,,,,,0000,1.0,95.91999816894531,00,1,neowise,9.917,0.014,9.013,0.014,76.4,76.0,21757.0,284.84,17877.0,235.28,AA
271.71118,69.8244658,58899.90198999,,,,,,,,,0000,1.0,113.93099975585938,00,1,neowise,9.919,0.016,9.024,0.014,69.3,77.5,21706.0,313.34,17699.0,228.28,AA
271.7112649,69.8244591,58900.03289351,,,,,,,,,0000,1.0,116.87100219726562,00,1,neowise,9.914,0.015,9.013,0.014,70.5,80.0,21810.0,309.17,17872.0,223.29,AA
271.7111672,69.8244672,58900.29444644,,,,,,,,,0000,1.0,82.35800170898438,00,1,neowise,9.931,0.014,9.033,0.014,76.4,76.1,21471.0,281.16,17552.0,230.57,AA
271.7111762,69.8244622,58900.42522263,,,,,,,,,0000,1.0,72.15299987792969,00,1,neowise,9.924,0.018,9.038,0.015,60.1,70.6,21612.0,359.89,17473.0,247.5,AA
271.7111495,69.8244767,58900.6869023,,,,,,,,,0000,1.0,84.36799621582031,00,1,neowise,9.946,0.015,9.041,0.013,73.8,80.9,21181.0,287.19,17413.0,215.14,AA
271.7112059,69.8244606,58900.8176785,,,,,,,,,0000,1.0,102.7040023803711,00,1,neowise,9.938,0.014,9.037,0.013,75.9,82.8,21342.0,281.04,17479.0,211.17,AA
271.711159,69.8244653,58900.9484547,,,,,,,,,0000,1.0,118.31400299072266,00,1,neowise,9.953,0.017,9.051,0.013,65.2,82.6,21042.0,322.55,17265.0,208.92,AA
271.7111806,69.8244731,58900.94858201,,,,,,,,,0000,1.0,118.81999969482422,00,1,neowise,9.909,0.019,9.027,0.015,56.5,73.2,21912.0,388.11,17640.0,240.89,AA
271.7111812,69.8244666,58901.07935826,,,,,,,,,0000,1.0,110.12100219726562,00,1,neowise,9.935,0.015,9.061,0.014,71.2,77.5,21395.0,300.53,17106.0,220.75,AA
271.7111788,69.8244747,58901.34091057,,,,,,,,,0000,1.0,77.18399810791016,00,1,neowise,9.94,0.014,9.048,0.014,78.0,76.2,21296.0,272.85,17299.0,227.12,AA
271.7110367,69.8244743,58897.28582961,,,,,,,,,0000,0.5,83.48500061035156,00,1,neowise,9.876,0.015,8.955,0.015,71.3,71.8,22598.0,316.8,18849.0,262.37,AA
271.711067,69.8244789,58897.41660585,,,,,,,,,0000,1.0,72.46499633789062,00,1,neowise,9.839,0.016,8.946,0.014,69.9,77.8,23384.0,334.74,19018.0,244.31,AA
271.7110645,69.8244793,58897.67828547,,,,,,,,,0000,0.5,83.30799865722656,00,1,neowise,9.859,0.015,8.952,0.013,73.2,82.7,22939.0,313.4,18910.0,228.68,AA
271.7110268,69.8244783,58897.93983782,,,,,,,,,0000,0.5,117.3479995727539,00,1,neowise,9.827,0.018,8.961,0.015,61.8,73.9,23626.0,382.17,18749.0,253.66,AA
271.7111133,69.8244819,58898.46306994,,,,,,,,,0000,1.0,72.1520004272461,00,1,neowise,9.895,0.017,9.004,0.015,63.5,74.3,22210.0,349.61,18023.0,242.64,AA
271.7110849,69.824501,58897.93996519,,,,,,,,,0000,0.5,118.0979995727539,00,1,neowise,9.845,0.017,8.955,0.014,64.2,79.6,23250.0,362.26,18851.0,236.92,AA
271.7110851,69.8244831,58898.07074144,,,,,,,,,0000,0.5,111.35700225830078,00,1,neowise,9.857,0.015,8.962,0.014,73.6,80.0,22984.0,312.5,18740.0,234.39,AA
271.7110915,69.8244828,58898.20151759,,,,,,,,,0000,1.0,95.21299743652344,00,1,neowise,9.873,0.014,8.981,0.014,74.9,75.5,22665.0,302.52,18401.0,243.86,AA
271.7110425,69.824489,58898.59346414,,,,,,,,,0000,1.0,76.93299865722656,00,1,neowise,9.902,0.014,8.996,0.016,76.3,67.3,22051.0,288.86,18162.0,269.94,AA
271.711101,69.8244804,58898.72474965,,,,,,,,,0000,1.0,89.46800231933594,00,1,neowise,9.897,0.014,9.055,0.016,75.7,68.8,22150.0,292.67,17198.0,249.94,AA
271.7111024,69.8244562,57084.36429262,,,,,,,,,0000,1.0,75.61699676513672,00,1,neowise,10.081,0.016,9.229,0.015,66.0,71.3,18687.0,283.24,14672.0,205.71,AA
271.7110957,69.8244753,57081.86872163,,,,,,,,,0000,1.0,113.4530029296875,00,1,neowise,10.14,0.018,9.292,0.013,58.8,80.7,17707.0,301.12,13842.0,171.6,AA
271.7111741,69.8244786,57082.26270551,,,,,,,,,0000,1.0,82.46600341796875,00,1,neowise,10.134,0.015,9.285,0.013,72.9,80.9,17797.0,244.07,13939.0,172.34,AA
271.7112125,69.8244853,57083.44478464,,,,,,,,,0000,1.0,76.26499938964844,00,1,neowise,10.179,0.017,9.309,0.013,64.0,81.8,17080.0,266.9,13634.0,166.69,AA
271.7111539,69.8244804,57081.60589586,,,,,,,,,0000,1.0,83.53199768066406,00,1,neowise,10.132,0.018,9.281,0.015,59.2,72.9,17838.0,301.55,13988.0,192.0,AA
271.7111394,69.8244849,57081.60602317,,,,,,,,,0000,1.0,83.29299926757812,00,1,neowise,10.142,0.018,9.269,0.014,60.1,80.4,17673.0,294.19,14144.0,175.87,AA
271.7111595,69.8244937,57081.47461035,,,,,,,,,0000,1.0,76.29900360107422,00,1,neowise,10.175,0.017,9.297,0.017,63.9,62.2,17149.0,268.39,13774.0,221.39,AA
271.7111297,69.824484,57080.68651509,,,,,,,,,0000,1.0,92.36299896240234,00,1,neowise,10.123,0.015,9.228,0.013,71.0,83.3,17988.0,253.45,14680.0,176.26,AA
271.7112099,69.8244814,57082.65681675,,,,,,,,,0000,1.0,88.77999877929688,00,1,neowise,10.157,0.015,9.308,0.015,71.4,73.3,17435.0,244.23,13636.0,186.02,AA
271.711172,69.824482,57084.1015942,,,,,,,,,0000,1.0,101.43399810791016,00,1,neowise,10.114,0.016,9.272,0.015,70.0,72.2,18142.0,259.26,14095.0,195.14,AA
271.7112095,69.824487,57081.34319748,,,,,,,,,0000,1.0,77.0250015258789,00,1,neowise,10.152,0.018,9.293,0.015,59.2,74.6,17511.0,295.9,13835.0,185.47,AA
271.7111627,69.8244778,57079.76700716,,,,,,,,,0000,1.0,102.2040023803711,00,1,neowise,10.125,0.015,9.27,0.013,72.8,84.1,17960.0,246.66,14121.0,167.98,AA
271.7111798,69.824458,57083.70748296,,,,,,,,,0000,1.0,94.91300201416016,00,1,neowise,10.151,0.018,9.282,0.014,61.7,75.1,17536.0,284.02,13969.0,185.93,AA
271.7111682,69.8244689,57080.55510222,,,,,,,,,0000,1.0,79.52799987792969,00,1,neowise,10.098,0.017,9.252,0.017,62.9,64.4,18404.0,292.56,14362.0,222.88,AA
271.7111658,69.824472,57082.39411843,,,,,,,,,0000,1.0,75.08999633789062,00,1,neowise,10.153,0.016,9.302,0.014,69.7,79.1,17502.0,250.99,13714.0,173.41,AA
271.7111769,69.8244735,57082.13142005,,,,,,,,,0000,1.0,97.56600189208984,00,1,neowise,10.126,0.015,9.292,0.015,71.0,74.4,17943.0,252.57,13843.0,186.12,AA
271.7111564,69.824469,57080.94921351,,,,,,,,,0000,1.0,115.40399932861328,00,1,neowise,10.141,0.017,9.266,0.013,63.7,86.5,17683.0,277.66,14182.0,163.94,AA
271.7112317,69.8244597,57083.57619741,,,,,,,,,0000,1.0,80.71700286865234,00,1,neowise,10.169,0.015,9.285,0.014,70.8,79.1,17239.0,243.61,13929.0,176.15,AA
271.711192,69.824467,57084.23287976,,,,,,,,,0000,1.0,85.59600067138672,00,1,neowise,10.104,0.017,9.243,0.014,62.6,78.4,18295.0,292.4,14480.0,184.71,AA
271.7111481,69.8244731,57079.89842002,,,,,,,,,0000,1.0,115.39900207519531,00,1,neowise,10.058,0.019,9.271,0.017,58.6,64.7,19100.0,325.74,14114.0,218.05,AA
271.7111472,69.8244772,57080.42381677,,,,,,,,,0000,1.0,75.7770004272461,00,1,neowise,10.116,0.016,9.251,0.014,69.6,77.6,18110.0,260.36,14375.0,185.13,AA
271.7111649,69.8244765,57081.21191198,,,,,,,,,0000,1.0,87.84100341796875,00,1,neowise,10.154,0.016,9.26,0.014,69.9,75.2,17484.0,250.02,14259.0,189.56,AA
271.7111959,69.8244691,57083.05080072,,,,,,,,,0000,1.0,107.34700012207031,00,1,neowise,10.181,0.016,9.31,0.015,66.4,73.9,17056.0,256.76,13614.0,184.17,AA
271.7111962,69.8244751,57083.31349909,,,,,,,,,0000,1.0,78.07499694824219,00,1,neowise,10.179,0.016,9.313,0.017,68.3,63.1,17084.0,250.12,13574.0,215.16,AA
271.7112,69.824462,57083.97018138,,,,,,,,,0000,1.0,114.21600341796875,00,1,neowise,10.154,0.016,9.279,0.015,66.5,74.2,17480.0,262.89,14009.0,188.9,AA
271.7111927,69.8244685,57082.78810229,,,,,,,,,0000,1.0,104.9990005493164,00,1,neowise,10.164,0.015,9.289,0.015,71.9,73.2,17323.0,240.89,13886.0,189.72,AA
271.7112059,69.8244752,57081.73730872,,,,,,,,,0000,1.0,98.73100280761719,00,1,neowise,10.157,0.017,9.272,0.015,62.5,71.3,17437.0,279.01,14100.0,197.88,AA
271.7112256,69.8244668,57083.83889583,,,,,,,,,0000,1.0,110.61499786376953,00,1,neowise,10.149,0.016,9.262,0.015,69.7,72.7,17556.0,251.7,14229.0,195.76,AA
271.7111439,69.8244774,57081.34332479,,,,,,,,,0000,1.0,76.25700378417969,00,1,neowise,10.152,0.018,9.256,0.014,60.5,75.6,17515.0,289.34,14310.0,189.2,AA
271.7111339,69.824477,57080.81780069,,,,,,,,,0000,1.0,107.96199798583984,00,1,neowise,10.129,0.016,9.266,0.014,68.0,79.2,17892.0,263.24,14181.0,179.04,AA
271.7111562,69.8244588,57082.91951521,,,,,,,,,0000,1.0,116.80699920654297,00,1,neowise,10.122,0.019,9.292,0.016,58.3,66.1,18008.0,308.87,13843.0,209.28,AA
271.7118574,69.8247404,57084.03576043,,,,,,,,,0000,0.0,108.71600341796875,00,1,neowise,10.008,0.015,9.236,0.014,72.2,79.3,19993.0,276.95,14582.0,183.84,AA
271.7111271,69.824487,57081.08049911,,,,,,,,,0000,1.0,103.9749984741211,00,1,neowise,10.142,0.016,9.241,0.015,66.1,72.4,17681.0,267.54,14507.0,200.41,AA
271.7111342,69.8244887,57082.52540388,,,,,,,,,0000,1.0,77.58899688720703,00,1,neowise,10.17,0.015,9.293,0.013,70.9,80.5,17224.0,242.82,13829.0,171.89,AA
271.7112314,69.8245216,57084.29858617,,,,,,,,,0000,0.5,79.4000015258789,00,1,neowise,10.048,0.019,9.23,0.015,57.5,70.2,19275.0,335.19,14657.0,208.7,AA
271.7111536,69.8245317,57084.03588774,,,,,,,,,0000,0.5,108.9010009765625,00,1,neowise,10.022,0.019,9.235,0.016,58.3,67.7,19741.0,338.6,14587.0,215.59,AA
271.7111361,69.824493,57084.29845884,,,,,,,,,0000,0.0,79.89900207519531,00,1,neowise,10.073,0.018,9.23,0.015,59.7,74.4,18833.0,315.26,14658.0,197.09,AA
271.7111328,69.8244987,57080.2924039,,,,,,,,,0000,1.0,80.08599853515625,00,1,neowise,10.123,0.017,9.262,0.015,64.1,71.1,17992.0,280.88,14229.0,200.13,AA
271.7111378,69.8245553,57084.1671733,,,,,,,,,0000,0.0,93.37200164794922,00,1,neowise,10.07,0.015,9.246,0.013,72.3,84.1,18892.0,261.32,14439.0,171.69,AA
271.7111146,69.8244868,57082.00000714,,,,,,,,,0000,1.0,112.1780014038086,00,1,neowise,10.134,0.016,9.274,0.014,67.3,78.2,17811.0,264.72,14070.0,179.81,AA
271.7110809,69.8244844,57080.02970558,,,,,,,,,0000,1.0,109.44100189208984,00,1,neowise,10.128,0.017,9.256,0.014,65.4,78.4,17908.0,273.98,14308.0,182.51,AA
271.7110853,69.8245021,57079.63572161,,,,,,,,,0000,0.5,86.41000366210938,00,1,neowise,10.135,0.019,9.225,0.015,58.0,74.7,17785.0,306.44,14720.0,197.15,AA
271.7113558,69.8243251,57626.92676697,,,,,,,,,0000,0.0,76.67500305175781,00,1,neowise,11.671,0.023,10.679,0.021,48.1,52.7,4328.7,89.962,3854.0,73.09,AA
271.7117266,69.8243766,57629.15416316,,,,,,,,,0000,0.0,99.24700164794922,00,1,neowise,11.118,0.018,10.304,0.018,60.4,59.4,7206.1,119.39,5443.9,91.636,AA
271.7114821,69.8243921,57626.79573622,,,,,,,,,0000,0.0,75.00900268554688,00,1,neowise,11.182,0.018,10.387,0.018,60.3,60.8,6793.4,112.75,5042.5,82.95,AA
271.7110714,69.8244507,57627.45076263,,,,,,,,,0000,1.0,109.56500244140625,00,1,neowise,10.021,0.017,9.216,0.015,65.5,72.2,19789.0,302.05,14830.0,205.39,AA
271.7110948,69.8244581,57624.69924135,,,,,,,,,0000,1.0,79.66999816894531,00,1,neowise,10.095,0.019,9.3,0.014,58.4,77.0,18482.0,316.33,13732.0,178.41,AA
271.711082,69.8244594,57624.830272,,,,,,,,,0000,1.0,74.66899871826172,00,1,neowise,10.084,0.015,9.287,0.014,70.8,77.2,18667.0,263.73,13895.0,180.05,AA
271.7110755,69.8244613,57624.96130274,,,,,,,,,0000,1.0,77.96700286865234,00,1,neowise,10.109,0.017,9.278,0.015,63.5,72.5,18249.0,287.22,14014.0,193.26,AA
271.7110869,69.8244618,57625.22336409,,,,,,,,,0000,0.5,107.85099792480469,00,1,neowise,10.112,0.015,9.272,0.016,73.4,69.2,18202.0,248.09,14081.0,203.5,AA
271.7110954,69.824474,57625.35439483,,,,,,,,,0000,0.5,116.51100158691406,00,1,neowise,10.106,0.015,9.279,0.014,72.9,77.6,18294.0,250.81,14001.0,180.37,AA
271.7111463,69.82449,57625.74749027,,,,,,,,,0000,0.5,76.47200012207031,00,1,neowise,10.115,0.015,9.303,0.013,72.8,83.6,18150.0,249.31,13693.0,163.88,AA
271.7111934,69.8244979,57625.87852098,,,,,,,,,0000,0.0,75.47000122070312,00,1,neowise,10.145,0.015,9.339,0.015,74.8,71.5,17659.0,236.03,13244.0,185.17,AA
271.7112447,69.8245075,57626.27161324,,,,,,,,,0000,0.0,112.81800079345703,00,1,neowise,10.376,0.015,9.667,0.017,73.1,64.0,14276.0,195.26,9789.4,152.85,AA
271.711125,69.8244445,57627.18870112,,,,,,,,,0000,1.0,103.61199951171875,00,1,neowise,10.04,0.018,9.234,0.014,62.0,80.2,19453.0,313.71,14584.0,181.83,AA
271.7111603,69.8244557,57627.31973183,,,,,,,,,0000,1.0,116.7300033569336,00,1,neowise,10.034,0.016,9.23,0.015,68.4,74.3,19562.0,285.93,14642.0,197.06,AA
271.7111245,69.8244577,57627.58179333,,,,,,,,,0000,1.0,92.97899627685547,00,1,neowise,10.008,0.016,9.211,0.016,67.5,70.0,20035.0,296.85,14896.0,212.69,AA
271.7111426,69.8244423,57627.71282414,,,,,,,,,0000,1.0,78.51799774169922,00,1,neowise,10.018,0.016,9.205,0.015,69.2,70.7,19844.0,286.78,14979.0,211.87,AA
271.7111691,69.8244604,57627.84385546,,,,,,,,,0000,0.5,74.76599884033203,00,1,neowise,10.015,0.015,9.202,0.015,70.6,71.4,19900.0,281.71,15017.0,210.29,AA
271.7111049,69.8244688,57627.97488626,,,,,,,,,0000,0.5,79.03199768066406,00,1,neowise,9.997,0.015,9.193,0.015,71.9,74.5,20240.0,281.33,15151.0,203.26,AA
271.7111187,69.8244751,57629.28506655,,,,,,,,,0000,1.0,114.3219985961914,00,1,neowise,10.014,0.019,9.157,0.016,56.6,68.1,19912.0,351.97,15652.0,229.85,AA
271.711129,69.8244668,57629.41609735,,,,,,,,,0000,1.0,112.90699768066406,00,1,neowise,9.96,0.019,9.165,0.015,55.7,73.0,20937.0,375.99,15549.0,212.99,AA
271.7111278,69.8244491,57624.56821067,,,,,,,,,0000,1.0,94.79000091552734,00,1,neowise,10.094,0.018,9.278,0.014,60.5,77.5,18499.0,305.55,14006.0,180.8,AA
271.7111115,69.8244616,57625.61645951,,,,,,,,,0000,0.5,88.5459976196289,00,1,neowise,10.094,0.015,9.283,0.013,72.6,84.2,18498.0,254.77,13939.0,165.5,AA
271.7111803,69.8244328,57626.66470542,,,,,,,,,0000,0.0,83.11799621582031,00,2,neowise,11.103,0.017,10.362,0.018,62.9,60.1,7305.7,116.18,5160.4,85.8,AA
271.7110521,69.8244672,57625.09233344,,,,,,,,,0000,1.0,91.06800079345703,00,1,neowise,10.102,0.015,9.283,0.015,72.6,73.6,18360.0,252.77,13948.0,189.44,AA
271.7110929,69.8244771,57625.48542547,,,,,,,,,0000,0.5,105.31999969482422,00,1,neowise,10.089,0.016,9.277,0.014,69.1,79.4,18587.0,268.86,14017.0,176.56,AA
271.7111065,69.8244918,57628.23694778,,,,,,,,,0000,0.0,109.38200378417969,00,1,neowise,10.061,0.016,9.269,0.014,67.6,78.3,19077.0,282.13,14130.0,180.36,AA
271.7112067,69.8245111,57628.76107084,,,,,,,,,0000,0.0,75.7760009765625,00,2,neowise,10.962,0.02,10.061,0.019,55.6,57.7,8316.7,149.69,6811.2,117.98,AA
271.7112267,69.8245197,57626.14058249,,,,,,,,,0000,0.0,97.49199676513672,00,1,neowise,10.271,0.015,9.444,0.016,74.2,68.5,15717.0,211.81,12019.0,175.48,AA
271.711236,69.8245401,57626.402644,,,,,,,,,0000,0.0,113.55799865722656,00,1,neowise,10.491,0.016,9.724,0.017,68.2,64.0,12836.0,188.08,9289.4,145.06,AA
271.7109529,69.8245269,57628.8921016,,,,,,,,,0000,0.0,75.68800354003906,00,1,neowise,11.08,0.017,10.246,0.019,64.4,56.9,7461.3,115.79,5744.3,100.98,AA
271.7110714,69.8245017,57628.10591707,,,,,,,,,0000,0.0,92.87999725341797,00,1,neowise,10.033,0.016,9.23,0.016,68.7,67.8,19573.0,284.79,14641.0,215.97,AA
271.7110029,69.8244978,57628.36797853,,,,,,,,,0000,0.0,116.00399780273438,00,1,neowise,10.05,0.016,9.259,0.014,69.4,75.6,19269.0,277.48,14255.0,188.54,AA
271.7109842,69.8245105,57628.49900933,,,,,,,,,0000,0.0,103.56999969482422,00,1,neowise,10.288,0.016,9.435,0.015,70.0,72.1,15470.0,220.94,12122.0,168.03,AA
271.7110718,69.8245228,57626.00955178,,,,,,,,,0000,0.0,81.88899993896484,00,1,neowise,10.148,0.015,9.385,0.016,72.1,66.0,17599.0,244.05,12697.0,192.29,AA
271.7111625,69.8245738,57629.02313235,,,,,,,,,0000,0.0,83.4520034790039,00,1,neowise,11.249,0.018,10.261,0.021,59.0,52.6,6388.6,108.22,5666.7,107.67,AA
271.7100647,69.8252511,57628.63004003,,,,,,,,,0000,0.0,86.93399810791016,00,1,neowise,10.52,0.015,9.936,0.019,70.1,57.4,12501.0,178.37,7644.1,133.11,AA
271.7110979,69.8244452,58013.23310089,,,,,,,,,0000,0.5,106.97599792480469,00,1,neowise,10.17,0.017,9.324,0.013,65.4,81.4,17233.0,263.34,13416.0,164.79,AA
271.711081,69.8244375,58013.49490816,,,,,,,,,0000,0.5,106.05699920654297,00,1,neowise,10.151,0.017,9.317,0.015,65.5,72.5,17532.0,267.68,13504.0,186.18,AA
271.7110419,69.824451,58010.61439716,,,,,,,,,0000,1.0,90.9010009765625,00,1,neowise,10.15,0.016,9.253,0.015,66.7,72.6,17546.0,262.9,14329.0,197.25,AA
271.7110042,69.8244468,58010.87620391,,,,,,,,,0000,0.5,74.947998046875,00,1,neowise,10.093,0.018,9.277,0.013,59.8,81.2,18495.0,309.11,14015.0,172.54,AA
271.7110961,69.8244624,58011.00723465,,,,,,,,,0000,0.5,80.44400024414062,00,1,neowise,10.09,0.016,9.259,0.016,67.9,67.8,18552.0,273.4,14249.0,210.04,AA
271.711068,69.8244506,58011.13813797,,,,,,,,,0000,0.5,94.99299621582031,00,1,neowise,10.1,0.015,9.282,0.015,71.7,70.2,18381.0,256.22,13950.0,198.62,AA
271.7110404,69.824442,58011.26904131,,,,,,,,,0000,0.5,111.03700256347656,00,1,neowise,10.15,0.016,9.308,0.015,70.0,72.6,17551.0,250.62,13615.0,187.58,AA
271.7110912,69.824444,58011.53097532,,,,,,,,,0000,0.5,101.53700256347656,00,1,neowise,10.145,0.017,9.307,0.014,62.6,75.3,17628.0,281.56,13630.0,181.08,AA
271.7110793,69.8244544,58011.79278197,,,,,,,,,0000,1.0,75.20500183105469,00,1,neowise,10.152,0.016,9.304,0.015,67.5,72.7,17516.0,259.62,13666.0,188.07,AA
271.7109928,69.8244365,58011.92368539,,,,,,,,,0000,0.5,75.8740005493164,00,1,neowise,10.166,0.017,9.297,0.014,65.1,79.6,17289.0,265.6,13764.0,172.91,AA
271.7112739,69.8244348,58014.01864912,,,,,,,,,0000,0.5,81.49500274658203,00,1,neowise,10.101,0.018,9.321,0.014,60.8,79.4,18361.0,302.15,13456.0,169.46,AA
271.7112682,69.8244328,58015.19703411,,,,,,,,,0000,0.5,102.60199737548828,00,1,neowise,10.188,0.018,9.346,0.016,58.8,66.1,16945.0,288.32,13158.0,198.97,AA
271.7111531,69.8244797,58013.88774569,,,,,,,,,0000,0.5,75.68499755859375,00,1,neowise,10.126,0.017,9.244,0.016,64.6,67.2,17952.0,277.79,14444.0,215.03,AA
271.7111218,69.8244406,58012.70936013,,,,,,,,,0000,0.5,80.46099853515625,00,1,neowise,10.132,0.018,9.321,0.016,61.1,66.4,17839.0,292.2,13461.0,202.62,AA
271.7111287,69.8244775,58012.84026355,,,,,,,,,0000,1.0,75.0,00,1,neowise,10.147,0.018,9.301,0.013,62.0,82.2,17610.0,283.86,13713.0,166.92,AA
271.711233,69.8244438,58012.97116692,,,,,,,,,0000,0.5,77.72799682617188,00,1,neowise,10.147,0.016,9.352,0.014,66.1,76.6,17604.0,266.36,13080.0,170.72,AA
271.7111055,69.8244481,58013.36400427,,,,,,,,,0000,0.5,116.58000183105469,00,1,neowise,10.169,0.016,9.336,0.015,67.0,71.5,17252.0,257.42,13271.0,185.5,AA
271.7112248,69.8244699,58013.62581159,,,,,,,,,0000,0.5,89.4729995727539,00,1,neowise,10.136,0.019,9.279,0.016,57.2,69.9,17788.0,310.86,13994.0,200.22,AA
271.7111634,69.8244513,58013.6259389,,,,,,,,,0000,0.5,89.43699645996094,00,1,neowise,10.12,0.019,9.306,0.016,58.3,66.3,18041.0,309.56,13643.0,205.91,AA
271.7111279,69.8244404,58013.75684233,,,,,,,,,0000,1.0,77.19499969482422,00,1,neowise,10.118,0.016,9.299,0.014,66.2,76.4,18086.0,273.19,13737.0,179.87,AA
271.711159,69.8244678,58014.14955244,,,,,,,,,0000,0.5,96.39199829101562,00,1,neowise,10.12,0.019,9.294,0.016,56.4,67.1,18045.0,320.06,13802.0,205.72,AA
271.7112082,69.824431,58014.1496798,,,,,,,,,0000,1.0,96.71800231933594,00,1,neowise,10.096,0.02,9.306,0.017,53.5,63.9,18443.0,344.51,13648.0,213.64,AA
271.7111508,69.8244363,58014.28058314,,,,,,,,,0000,1.0,111.85399627685547,00,1,neowise,10.112,0.017,9.29,0.015,65.7,70.4,18179.0,276.69,13852.0,196.8,AA
271.711132,69.8244342,58014.41148655,,,,,,,,,0000,0.5,113.80000305175781,00,1,neowise,10.126,0.018,9.261,0.017,60.6,64.6,17942.0,295.93,14217.0,219.97,AA
271.7111698,69.8244405,58014.67342061,,,,,,,,,0000,1.0,84.12200164794922,00,1,neowise,10.131,0.019,9.292,0.015,56.9,71.1,17856.0,313.74,13825.0,194.31,AA
271.7111566,69.8244121,58014.80432399,,,,,,,,,0000,0.5,75.47699737548828,00,1,neowise,10.145,0.018,9.316,0.015,61.0,71.0,17638.0,289.33,13521.0,190.41,AA
271.7111138,69.8244475,58014.93522742,,,,,,,,,0000,1.0,76.79199981689453,00,1,neowise,10.136,0.016,9.304,0.013,68.3,80.8,17775.0,260.07,13668.0,169.2,AA
271.711112,69.8244474,58015.06613074,,,,,,,,,0000,0.5,86.3030014038086,00,1,neowise,10.153,0.016,9.315,0.014,69.3,75.0,17503.0,252.57,13539.0,180.59,AA
271.7111802,69.8244587,58011.66187865,,,,,,,,,0000,0.5,85.21800231933594,00,1,neowise,10.191,0.017,9.292,0.016,64.2,69.3,16899.0,263.36,13828.0,199.52,AA
271.7111471,69.8244374,58012.05471609,,,,,,,,,0d00,1.0,85.16899871826172,00,1,neowise,10.112,0.016,9.336,0.015,68.5,72.6,18181.0,265.48,13271.0,182.7,AA
271.7112103,69.8244386,58012.31652274,,,,,,,,,0000,0.5,115.0999984741211,00,1,neowise,10.162,0.016,9.292,0.015,66.3,73.7,17357.0,261.79,13817.0,187.49,AA
271.7111218,69.8244478,58012.57845681,,,,,,,,,0000,1.0,95.36799621582031,00,1,neowise,10.155,0.019,9.329,0.015,58.2,71.4,17479.0,300.15,13355.0,186.97,AA
271.7110543,69.8244645,58014.6732933,,,,,,,,,0000,1.0,83.95899963378906,00,1,neowise,10.102,0.019,9.275,0.015,56.2,71.8,18346.0,326.45,14037.0,195.53,AA
271.7110345,69.8244616,58010.48348988,,,,,,,,,0000,0.5,107.43699645996094,00,1,neowise,10.143,0.017,9.274,0.014,62.7,75.7,17672.0,281.96,14049.0,185.51,AA
271.7110244,69.8244588,58010.74530059,,,,,,,,,0000,0.5,77.32099914550781,00,1,neowise,10.134,0.016,9.293,0.016,69.0,69.0,17815.0,258.18,13815.0,200.1,AA
271.7110468,69.8244743,58011.39994458,,,,,,,,,0000,0.5,115.1760025024414,00,1,neowise,10.064,0.017,9.288,0.014,62.8,79.1,19004.0,302.4,13880.0,175.5,AA
271.7111593,69.8245009,58710.20590317,,,,,,,,,0000,0.0,101.18499755859375,00,1,neowise,10.242,0.015,9.364,0.015,73.0,71.7,16122.0,220.92,12939.0,180.44,AA
271.7112597,69.8243288,59451.72458282,,,,,,,,,0000,0.0,80.9729995727539,00,1,neowise,10.328,0.015,9.366,0.013,74.8,81.6,14901.0,199.27,12907.0,158.08,AA
271.711064,69.8244473,59452.50885645,,,,,,,,,0000,0.0,106.77400207519531,00,1,neowise,11.005,0.018,10.088,0.02,60.8,53.6,7990.2,131.5,6637.8,123.8,AA
271.7110826,69.8244477,59453.68520226,,,,,,,,,0000,0.0,84.94999694824219,00,1,neowise,10.018,0.017,9.159,0.014,64.1,75.6,19820.0,309.16,15631.0,206.73,AA
271.7111316,69.8244795,59452.11665631,,,,,,,,,0000,0.5,89.51799774169922,00,1,neowise,10.007,0.02,9.161,0.018,53.9,61.5,20021.0,371.61,15593.0,253.64,AA
271.7111619,69.8244578,59452.37808059,,,,,,,,,0000,0.5,116.84200286865234,00,1,neowise,10.094,0.02,9.174,0.015,54.0,74.2,18483.0,342.43,15416.0,207.69,AA
271.7111448,69.8244694,59452.63950493,,,,,,,,,0000,0.0,90.41300201416016,00,1,neowise,9.982,0.018,9.178,0.016,60.3,67.1,20495.0,339.95,15349.0,228.8,AA
271.7111141,69.8244675,59452.90092931,,,,,,,,,0000,0.0,75.34400177001953,00,1,neowise,10.013,0.018,9.121,0.014,60.2,76.0,19916.0,330.72,16182.0,212.88,AA
271.7113778,69.8244416,59452.77028073,,,,,,,,,0000,0.0,77.52100372314453,00,1,neowise,11.2,0.021,10.141,0.018,50.6,61.9,6674.8,132.02,6323.8,102.22,AA
271.7106178,69.8244522,59453.94662664,,,,,,,,,0000,0.0,76.14399719238281,00,1,neowise,10.2,0.016,9.259,0.014,67.2,75.8,16758.0,249.53,14250.0,188.01,AA
271.7109039,69.8244666,59453.16235369,,,,,,,,,0000,0.0,95.38999938964844,00,1,neowise,9.924,0.02,9.097,0.015,55.1,72.9,21614.0,391.96,16537.0,226.88,AA
271.710958,69.8244762,59453.42377797,,,,,,,,,0000,0.0,114.58300018310547,00,1,neowise,10.034,0.016,9.151,0.015,69.4,74.4,19531.0,281.58,15745.0,211.55,AA
271.7110123,69.8245179,59451.98600778,,,,,,,,,0000,0.0,77.74299621582031,00,2,neowise,11.021,0.02,10.159,0.021,55.0,51.7,7873.2,143.15,6218.7,120.36,AA
271.7109249,69.8244951,59452.24743211,,,,,,,,,0000,0.0,106.18699645996094,00,1,neowise,11.186,0.02,10.104,0.019,55.3,55.9,6760.2,122.23,6541.3,116.97,AA
271.7111444,69.8244788,59630.2326616,,,,,,,,,0000,1.0,91.46700286865234,00,1,neowise,10.138,0.015,9.235,0.013,73.0,83.8,17755.0,243.17,14574.0,173.93,AA
271.7111721,69.8244797,59630.62460839,,,,,,,,,0000,1.0,79.08300018310547,00,1,neowise,10.123,0.017,9.234,0.014,63.1,77.2,17998.0,285.24,14587.0,188.84,AA
271.7111381,69.8244795,59630.75513054,,,,,,,,,0000,1.0,94.02100372314453,00,1,neowise,10.142,0.015,9.214,0.015,70.2,73.2,17685.0,251.85,14859.0,203.11,AA
271.7112031,69.8244783,59631.01642848,,,,,,,,,0000,1.0,116.0009994506836,00,1,neowise,10.141,0.015,9.237,0.013,72.3,82.7,17705.0,244.92,14541.0,175.82,AA
271.711146,69.8244883,59632.71460983,,,,,,,,,0000,1.0,88.81600189208984,00,1,neowise,10.139,0.015,9.236,0.014,70.9,78.6,17731.0,249.95,14556.0,185.27,AA
271.7111573,69.8244777,59632.84525873,,,,,,,,,0000,1.0,106.15599822998047,00,1,neowise,10.133,0.015,9.253,0.014,73.1,77.9,17823.0,243.81,14327.0,183.96,AA
271.711171,69.8244623,59630.88577949,,,,,,,,,0000,1.0,110.66999816894531,00,1,neowise,10.136,0.015,9.227,0.016,74.0,67.3,17777.0,240.16,14673.0,217.87,AA
271.7111829,69.824465,59631.14707738,,,,,,,,,0000,1.0,102.73400115966797,00,1,neowise,10.134,0.015,9.227,0.014,73.3,76.8,17814.0,242.94,14679.0,191.05,AA
271.7111744,69.8244638,59631.27772628,,,,,,,,,0000,1.0,85.4489974975586,00,1,neowise,10.135,0.014,9.238,0.013,75.3,81.7,17795.0,236.16,14534.0,177.95,AA
271.7111928,69.8244728,59631.40837514,,,,,,,,,0000,1.0,74.39299774169922,00,1,neowise,10.141,0.016,9.267,0.015,68.2,74.4,17695.0,259.5,14144.0,190.02,AA
271.711242,69.8244654,59631.66954566,,,,,,,,,0000,0.5,83.58399963378906,00,1,neowise,10.136,0.018,9.243,0.015,61.0,74.7,17781.0,291.62,14467.0,193.55,AA
271.711183,69.8244704,59631.80019465,,,,,,,,,0000,1.0,100.13999938964844,00,1,neowise,10.142,0.015,9.235,0.014,71.5,76.8,17679.0,247.18,14572.0,189.64,AA
271.711138,69.824451,59631.93084355,,,,,,,,,0000,1.0,115.23999786376953,00,1,neowise,10.145,0.015,9.231,0.014,74.4,76.5,17629.0,236.83,14627.0,191.18,AA
271.7112688,69.8244634,59632.06149255,,,,,,,,,0000,1.0,112.66000366210938,00,1,neowise,10.115,0.015,9.219,0.015,72.2,73.7,18124.0,251.11,14785.0,200.68,AA
271.7111593,69.8244565,59632.32279044,,,,,,,,,0000,1.0,80.21499633789062,00,1,neowise,10.105,0.017,9.219,0.014,65.4,75.3,18291.0,279.75,14786.0,196.39,AA
271.7111695,69.8244707,59632.45331207,,,,,,,,,0000,1.0,73.82499694824219,00,1,neowise,10.123,0.015,9.222,0.015,72.1,74.4,17997.0,249.68,14738.0,198.17,AA
271.7111597,69.8244566,59632.58396093,,,,,,,,,0000,1.0,76.34400177001953,00,1,neowise,10.133,0.014,9.239,0.014,76.5,80.3,17827.0,232.89,14509.0,180.77,AA
271.711075,69.8244609,56910.9132166,,,,,,,,,0000,1.0,76.40599822998047,00,1,neowise,10.105,0.014,9.239,0.013,78.1,83.1,18279.0,234.14,14496.0,174.54,AA
271.7111007,69.8244603,56911.11059054,,,,,,,,,0000,1.0,97.55400085449219,00,1,neowise,10.089,0.015,9.243,0.014,72.5,76.6,18539.0,255.57,14434.0,188.44,AA
271.7110863,69.8244571,56911.24213063,,,,,,,,,0000,1.0,113.3239974975586,00,1,neowise,10.102,0.015,9.244,0.015,72.2,72.5,18323.0,253.71,14432.0,199.04,AA
271.7110814,69.8244657,56910.97905037,,,,,,,,,0000,1.0,81.60399627685547,00,1,neowise,10.092,0.015,9.224,0.014,74.2,76.1,18490.0,249.34,14694.0,193.04,AA
271.7110595,69.8244621,56909.33460725,,,,,,,,,0000,1.0,116.5250015258789,00,1,neowise,10.089,0.014,9.207,0.014,78.6,76.7,18552.0,235.95,14923.0,194.61,AA
271.711095,69.8244581,56907.55862409,,,,,,,,,0000,1.0,91.93299865722656,00,1,neowise,10.142,0.015,9.265,0.013,72.5,80.8,17656.0,243.56,14155.0,175.16,AA
271.711091,69.8244695,56910.12384826,,,,,,,,,0000,1.0,99.12000274658203,00,1,neowise,10.124,0.018,9.28,0.014,58.8,76.8,17962.0,305.58,13950.0,181.69,AA
271.7110985,69.8244364,56908.54536627,,,,,,,,,0000,1.0,93.56600189208984,00,1,neowise,10.087,0.023,9.274,0.016,46.6,69.8,18583.0,398.9,14028.0,200.92,AA
271.7111013,69.8244635,56910.65013615,,,,,,,,,0000,1.0,81.06800079345703,00,1,neowise,10.093,0.014,9.244,0.014,76.3,77.4,18482.0,242.35,14428.0,186.33,AA
271.7110715,69.8244628,56910.38705589,,,,,,,,,0000,1.0,112.8499984741211,00,1,neowise,10.133,0.015,9.245,0.014,71.6,80.0,17810.0,248.81,14418.0,180.26,AA
271.7110432,69.8244585,56910.78167638,,,,,,,,,0000,1.0,74.00499725341797,00,1,neowise,10.119,0.014,9.256,0.015,78.0,74.8,18034.0,231.35,14269.0,190.78,AA
271.7111012,69.8244587,56912.0313684,,,,,,,,,0000,1.0,87.31099700927734,00,1,neowise,10.139,0.016,9.269,0.013,69.0,82.1,17718.0,256.85,14094.0,171.57,AA
271.7110835,69.8244512,56911.63674742,,,,,,,,,0000,1.0,82.43099975585938,00,1,neowise,10.126,0.016,9.249,0.016,68.9,67.6,17927.0,260.27,14364.0,212.38,AA
271.711028,69.8244464,56910.12397562,,,,,,,,,0000,1.0,99.35199737548828,00,1,neowise,10.182,0.018,9.257,0.014,60.2,75.9,17031.0,283.0,14250.0,187.73,AA
271.7110449,69.8244577,56909.07152698,,,,,,,,,0000,1.0,92.30599975585938,00,1,neowise,10.077,0.014,9.208,0.013,75.3,80.9,18754.0,248.98,14915.0,184.43,AA
271.7110948,69.8244625,56909.86076795,,,,,,,,,0000,1.0,74.87000274658203,00,1,neowise,10.125,0.015,9.244,0.014,71.0,80.0,17947.0,252.85,14422.0,180.17,AA
271.7110868,69.8244516,56908.80844663,,,,,,,,,0000,1.0,74.41400146484375,00,1,neowise,10.113,0.015,9.207,0.014,73.6,79.3,18141.0,246.41,14928.0,188.36,AA
271.7110787,69.824462,56911.17629691,,,,,,,,,0000,1.0,106.08899688720703,00,1,neowise,10.079,0.015,9.242,0.015,72.2,73.8,18722.0,259.32,14451.0,195.75,AA
271.7110995,69.8244472,56909.72922773,,,,,,,,,0000,1.0,74.98300170898438,00,1,neowise,10.109,0.015,9.245,0.013,74.1,82.1,18210.0,245.61,14407.0,175.53,AA
271.7110722,69.8244662,56910.51859606,,,,,,,,,0000,1.0,97.1760025024414,00,1,neowise,10.11,0.015,9.229,0.013,71.3,82.5,18185.0,255.07,14629.0,177.29,AA
271.7110877,69.8244489,56912.4259887,,,,,,,,,0000,1.0,109.10399627685547,00,1,neowise,10.132,0.016,9.266,0.013,66.2,83.6,17825.0,269.07,14132.0,169.08,AA
271.711092,69.8244698,56909.46614742,,,,,,,,,0000,1.0,104.18399810791016,00,1,neowise,10.107,0.015,9.222,0.013,74.3,81.0,18246.0,245.6,14726.0,181.81,AA
271.7110043,69.8244459,56909.9924355,,,,,,,,,0000,1.0,83.20899963378906,00,1,neowise,10.135,0.017,9.246,0.014,64.7,79.3,17783.0,275.02,14401.0,181.56,AA
271.7110983,69.8244648,56911.04475677,,,,,,,,,0000,1.0,88.79000091552734,00,1,neowise,10.097,0.014,9.228,0.013,76.1,81.2,18417.0,242.0,14639.0,180.39,AA
271.711084,69.8244572,56909.20306716,,,,,,,,,0000,1.0,109.30999755859375,00,1,neowise,10.093,0.014,9.219,0.014,77.1,80.1,18481.0,239.81,14758.0,184.16,AA
271.7111586,69.8244535,56910.71596992,,,,,,,,,0000,1.0,76.15699768066406,00,1,neowise,10.079,0.017,9.237,0.014,65.5,78.5,18718.0,285.9,14523.0,184.93,AA
271.7111214,69.8244622,56911.76828755,,,,,,,,,0000,1.0,74.26399993896484,00,1,neowise,10.114,0.015,9.273,0.015,70.5,72.5,18120.0,257.13,14048.0,193.72,AA
271.7111934,69.8244563,56909.7950615,,,,,,,,,0000,1.0,74.14700317382812,00,1,neowise,10.117,0.015,9.24,0.017,72.2,65.0,18075.0,250.31,14482.0,222.74,AA
271.7111259,69.824465,56910.32122212,,,,,,,,,0000,1.0,117.43499755859375,00,1,neowise,10.114,0.016,9.242,0.013,67.7,83.0,18131.0,267.84,14447.0,174.12,AA
271.7111148,69.8244518,56908.21645229,,,,,,,,,0000,1.0,110.78199768066406,00,1,neowise,10.157,0.015,9.298,0.013,74.6,82.7,17427.0,233.58,13720.0,165.87,AA
271.7111498,69.8244521,56911.37367076,,,,,,,,,0000,1.0,114.03399658203125,00,1,neowise,10.099,0.015,9.231,0.013,71.4,82.4,18371.0,257.17,14606.0,177.31,AA
271.7111746,69.8244626,56911.83399397,,,,,,,,,0000,1.0,74.39800262451172,00,1,neowise,10.156,0.014,9.249,0.015,76.9,74.0,17444.0,226.79,14354.0,193.88,AA
271.7111114,69.8244742,56908.34799242,,,,,,,,,0000,1.0,115.69000244140625,00,1,neowise,10.168,0.015,9.293,0.015,74.5,72.4,17249.0,231.43,13791.0,190.39,AA
271.7111836,69.8244627,56912.29444854,,,,,,,,,0000,1.0,117.33799743652344,00,1,neowise,10.107,0.018,9.262,0.014,61.8,76.9,18244.0,295.06,14186.0,184.39,AA
271.7111529,69.8244646,56909.13736075,,,,,,,,,0000,1.0,101.13500213623047,00,1,neowise,10.077,0.014,9.188,0.014,76.4,76.4,18745.0,245.34,15190.0,198.86,AA
271.7111288,69.8244575,56908.61107269,,,,,,,,,0000,1.0,85.28099822998047,00,1,neowise,10.142,0.015,9.266,0.013,73.7,80.6,17670.0,239.78,14138.0,175.45,AA
271.7111045,69.8244671,56907.69016421,,,,,,,,,0000,1.0,77.44000244140625,00,1,neowise,10.135,0.018,9.272,0.014,62.0,76.0,17785.0,287.04,14058.0,184.9,AA
271.711206,69.8244559,56909.66352127,,,,,,,,,0000,1.0,79.82099914550781,00,1,neowise,10.107,0.015,9.214,0.014,74.4,78.4,18235.0,244.98,14833.0,189.21,AA
271.7111713,69.8244515,56912.22861485,,,,,,,,,0000,1.0,112.18800354003906,00,1,neowise,10.121,0.014,9.269,0.013,75.2,81.4,18013.0,239.62,14092.0,173.21,AA
271.7111214,69.8244722,56911.43937721,,,,,,,,,0000,1.0,107.5530014038086,00,1,neowise,10.126,0.014,9.268,0.013,75.5,83.5,17927.0,237.59,14111.0,168.98,AA
271.7111191,69.8244737,56912.36028228,,,,,,,,,0000,1.0,114.79199981689453,00,1,neowise,10.18,0.019,9.271,0.016,58.3,69.8,17061.0,292.53,14076.0,201.78,AA
271.7111716,69.8244509,56909.53198115,,,,,,,,,0000,1.0,95.36599731445312,00,1,neowise,10.109,0.014,9.227,0.013,75.2,81.9,18216.0,242.17,14653.0,178.93,AA
271.7112405,69.8244597,56909.40044102,,,,,,,,,0000,1.0,111.2959976196289,00,1,neowise,10.104,0.015,9.202,0.014,73.3,76.1,18299.0,249.52,14991.0,196.94,AA
271.711131,69.8244416,56907.82183176,,,,,,,,,0000,1.0,74.95099639892578,00,1,neowise,10.173,0.017,9.275,0.015,62.9,74.6,17172.0,272.85,14025.0,187.89,AA
271.7111455,69.8244474,56908.54523896,,,,,,,,,0000,1.0,93.76300048828125,00,1,neowise,10.175,0.016,9.266,0.014,66.5,79.8,17129.0,257.73,14131.0,177.04,AA
271.7111359,69.8244688,56908.87428039,,,,,,,,,0000,1.0,75.64299774169922,00,1,neowise,10.094,0.016,9.224,0.015,67.0,72.2,18462.0,275.44,14691.0,203.5,AA
271.7111739,69.8244478,56909.92660172,,,,,,,,,0000,1.0,77.46600341796875,00,1,neowise,10.109,0.015,9.225,0.017,72.2,64.9,18213.0,252.18,14681.0,226.36,AA
271.7111748,69.8244661,56909.00582062,,,,,,,,,0000,1.0,84.68599700927734,00,1,neowise,10.079,0.015,9.196,0.014,73.2,78.1,18722.0,255.67,15081.0,193.02,AA
271.7111882,69.824445,56912.36015497,,,,,,,,,0000,1.0,115.54900360107422,00,1,neowise,10.145,0.016,9.276,0.013,67.4,80.8,17618.0,261.56,14007.0,173.32,AA
271.7111052,69.8244626,56911.5052074,,,,,,,,,0000,1.0,99.10199737548828,00,1,neowise,10.114,0.015,9.262,0.014,71.7,79.7,18127.0,252.68,14190.0,177.98,AA
271.7111302,69.8244546,56910.0581419,,,,,,,,,0000,1.0,90.52300262451172,00,1,neowise,10.102,0.015,9.246,0.014,71.1,76.1,18329.0,257.71,14402.0,189.18,AA
271.7111589,69.824447,56912.09707483,,,,,,,,,0000,1.0,95.5270004272461,00,1,neowise,10.134,0.014,9.298,0.013,76.0,82.3,17788.0,234.07,13731.0,166.88,AA
271.7111258,69.8244622,56909.59768756,,,,,,,,,0000,1.0,86.89299774169922,00,1,neowise,10.106,0.014,9.245,0.014,76.4,79.9,18254.0,238.86,14419.0,180.47,AA
271.7111396,69.8244625,56911.7024538,,,,,,,,,0000,1.0,76.42900085449219,00,1,neowise,10.138,0.015,9.261,0.013,72.5,83.7,17723.0,244.56,14208.0,169.65,AA
271.7111287,69.8244597,56911.96553409,,,,,,,,,0000,1.0,80.0989990234375,00,1,neowise,10.167,0.014,9.281,0.014,75.0,74.9,17265.0,230.16,13939.0,186.12,AA
271.7111194,69.8244662,56911.30783704,,,,,,,,,0000,1.0,117.9000015258789,00,1,neowise,10.115,0.015,9.239,0.014,73.9,80.3,18109.0,245.04,14500.0,180.52,AA
271.7111892,69.8244549,56909.26890088,,,,,,,,,0000,1.0,115.49800109863281,00,1,neowise,10.092,0.015,9.234,0.014,74.3,78.3,18494.0,249.02,14563.0,186.05,AA
271.7111224,69.8244482,56908.74274022,,,,,,,,,0000,0.5,75.13800048828125,00,1,neowise,10.077,0.017,9.229,0.015,64.3,70.8,18748.0,291.45,14622.0,206.4,AA
271.7111678,69.8244585,56910.58442979,,,,,,,,,0000,1.0,88.55400085449219,00,1,neowise,10.089,0.017,9.253,0.015,62.4,71.6,18554.0,297.46,14311.0,199.98,AA
271.711117,69.8244609,56909.99230814,,,,,,,,,0000,1.0,82.53299713134766,00,1,neowise,10.117,0.018,9.234,0.015,60.3,74.1,18069.0,299.69,14557.0,196.38,AA
271.7111359,69.8244548,56908.41369883,,,,,,,,,0000,1.0,110.52999877929688,00,1,neowise,10.161,0.017,9.294,0.014,63.5,77.2,17361.0,273.44,13772.0,178.48,AA
271.7111285,69.8244682,56910.84751014,,,,,,,,,0000,1.0,75.11900329589844,00,1,neowise,10.12,0.015,9.239,0.014,71.7,77.9,18020.0,251.33,14488.0,185.9,AA
271.711135,69.8244585,56910.18968199,,,,,,,,,0000,1.0,107.73999786376953,00,1,neowise,10.105,0.017,9.279,0.016,63.6,69.8,18269.0,287.23,13965.0,200.2,AA
271.711161,69.824448,56908.74261286,,,,,,,,,0000,1.0,74.51699829101562,00,1,neowise,10.096,0.017,9.225,0.014,64.9,74.9,18432.0,284.04,14677.0,195.98,AA
271.7111455,69.824431,56911.57091373,,,,,,,,,0000,1.0,90.31900024414062,00,1,neowise,10.133,0.014,9.25,0.014,75.6,80.1,17815.0,235.78,14343.0,179.08,AA
271.7111069,69.8244562,56907.95337198,,,,,,,,,0000,1.0,79.53600311279297,00,1,neowise,10.15,0.016,9.266,0.014,69.9,76.7,17534.0,250.89,14134.0,184.25,AA
271.7111473,69.8244535,56908.08491212,,,,,,,,,0000,1.0,94.12200164794922,00,1,neowise,10.143,0.015,9.294,0.015,73.8,71.0,17646.0,238.97,13778.0,193.93,AA
271.7111325,69.824462,56908.93998685,,,,,,,,,0000,1.0,78.427001953125,00,1,neowise,10.076,0.015,9.235,0.014,71.5,78.1,18774.0,262.71,14548.0,186.25,AA
271.7111113,69.8244589,56910.25551571,,,,,,,,,0000,1.0,114.48400115966797,00,1,neowise,10.113,0.015,9.242,0.013,73.4,82.2,18149.0,247.28,14453.0,175.81,AA
271.7110179,69.8244557,56911.89982771,,,,,,,,,0000,0.5,76.01799774169922,00,1,neowise,10.135,0.015,9.283,0.013,72.7,81.3,17785.0,244.79,13918.0,171.25,AA
271.7109976,69.8244721,56907.69029157,,,,,,,,,0000,1.0,77.73300170898438,00,1,neowise,10.174,0.018,9.273,0.013,61.4,81.1,17152.0,279.19,14043.0,173.08,AA
271.7111015,69.8244786,56908.67690645,,,,,,,,,0000,1.0,78.70500183105469,00,1,neowise,10.104,0.02,9.249,0.014,55.5,78.1,18290.0,329.78,14363.0,183.85,AA
271.7110548,69.8244879,56912.16290847,,,,,,,,,0000,1.0,104.38800048828125,00,1,neowise,10.164,0.016,9.295,0.015,70.0,70.6,17314.0,247.5,13769.0,194.98,AA
271.711128,69.8244817,57818.44941374,,,,,,,,,0000,1.0,74.43499755859375,00,1,neowise,10.189,0.016,9.362,0.014,69.5,79.4,16947.0,243.81,12959.0,163.2,AA
271.7112154,69.8244601,57818.58044488,,,,,,,,,0000,1.0,77.6240005493164,00,1,neowise,10.179,0.017,9.323,0.014,64.1,75.2,17105.0,266.82,13443.0,178.77,AA
271.7110951,69.8244628,58892.83778299,,,,,,,,,0000,1.0,104.01599884033203,00,1,neowise,9.738,0.016,8.859,0.015,66.1,73.8,25655.0,388.13,20594.0,279.04,AA
271.7111037,69.8244773,58892.96868712,,,,,,,,,0000,0.5,117.26300048828125,00,1,neowise,9.711,0.019,8.913,0.014,55.7,79.6,26306.0,472.47,19589.0,246.17,AA
271.711148,69.8244819,58891.6605462,,,,,,,,,0000,1.0,82.29000091552734,00,1,neowise,9.785,0.016,8.878,0.015,67.0,72.2,24571.0,366.89,20238.0,280.39,AA
271.7112147,69.8244837,58893.88437506,,,,,,,,,0000,1.0,110.1729965209961,00,1,neowise,9.826,0.022,8.962,0.016,49.6,66.0,23652.0,477.27,18740.0,283.93,AA
271.7111721,69.8244793,58894.14592745,,,,,,,,,0000,1.0,103.51000213623047,00,1,neowise,9.831,0.017,8.956,0.017,64.2,62.6,23549.0,367.07,18838.0,300.92,AA
271.7111817,69.8244863,58894.40747976,,,,,,,,,0000,1.0,75.66100311279297,00,1,neowise,9.814,0.021,8.921,0.015,52.1,72.3,23926.0,459.57,19461.0,269.16,AA
271.7111799,69.824481,58895.06212475,,,,,,,,,0000,1.0,112.62000274658203,00,1,neowise,9.824,0.015,8.927,0.015,73.3,73.2,23699.0,323.31,19343.0,264.12,AA
271.7111518,69.8244852,58895.19239154,,,,,,,,,0000,1.0,97.4520034790039,00,1,neowise,9.851,0.016,8.948,0.014,67.9,78.9,23111.0,340.31,18974.0,240.33,AA
271.7111425,69.8244891,58895.45458057,,,,,,,,,0000,1.0,71.43800354003906,00,1,neowise,9.828,0.017,8.949,0.018,63.6,60.4,23606.0,370.94,18960.0,314.06,AA
271.711175,69.8244767,58895.58535672,,,,,,,,,0000,1.0,74.46700286865234,00,1,neowise,9.843,0.016,8.91,0.015,66.5,70.4,23288.0,350.07,19650.0,279.24,AA
271.7112316,69.824481,58895.71613293,,,,,,,,,0000,1.0,88.29199981689453,00,1,neowise,9.841,0.016,8.966,0.013,69.4,80.6,23326.0,335.88,18657.0,231.61,AA
271.7111568,69.8244843,58895.97781264,,,,,,,,,0000,0.5,120.16600036621094,00,1,neowise,9.844,0.017,8.973,0.015,62.3,74.8,23259.0,373.53,18539.0,248.0,AA
271.7112241,69.8244867,58896.37014119,,,,,,,,,0000,0.5,75.00900268554688,00,1,neowise,9.824,0.017,8.943,0.015,63.5,74.7,23694.0,373.02,19055.0,254.95,AA
271.7111222,69.8244655,58891.52977008,,,,,,,,,0000,1.0,75.1729965209961,00,1,neowise,9.786,0.02,8.89,0.017,55.3,65.6,24544.0,443.46,20023.0,305.33,AA
271.711135,69.8244741,58891.79132243,,,,,,,,,0000,1.0,98.11299896240234,00,1,neowise,9.765,0.014,8.88,0.015,74.9,71.8,25029.0,334.25,20211.0,281.43,AA
271.7111797,69.8244642,58891.9220986,,,,,,,,,0000,1.0,113.09400177001953,00,1,neowise,9.766,0.018,8.878,0.014,60.0,75.7,24993.0,416.53,20235.0,267.27,AA
271.711123,69.8244723,58892.31455453,,,,,,,,,0000,1.0,82.68699645996094,00,1,neowise,9.746,0.017,8.859,0.013,63.2,82.2,25460.0,403.15,20588.0,250.46,AA
271.7111145,69.8244743,58893.75347154,,,,,,,,,0000,1.0,93.13800048828125,00,1,neowise,9.791,0.016,8.928,0.013,67.7,85.2,24439.0,360.93,19336.0,227.04,AA
271.7112146,69.824468,58893.88424773,,,,,,,,,0000,1.0,109.53800201416016,00,1,neowise,9.818,0.019,8.901,0.014,56.8,75.6,23827.0,419.78,19813.0,262.02,AA
271.7111918,69.8244665,58894.01515125,,,,,,,,,0000,1.0,116.12799835205078,00,1,neowise,9.854,0.016,8.924,0.015,67.0,73.0,23057.0,344.18,19404.0,265.7,AA
271.7111555,69.8244717,58894.27670355,,,,,,,,,0000,1.0,86.71399688720703,00,1,neowise,9.805,0.017,8.937,0.014,63.5,78.9,24110.0,379.79,19166.0,242.9,AA
271.7111376,69.8244662,58894.40760707,,,,,,,,,0000,1.0,75.14700317382812,00,1,neowise,9.81,0.02,8.903,0.016,54.5,67.3,24001.0,440.42,19780.0,293.74,AA
271.7111964,69.82447,58894.66915942,,,,,,,,,0000,1.0,83.14299774169922,00,1,neowise,9.846,0.016,8.914,0.014,66.6,78.1,23231.0,348.58,19579.0,250.66,AA
271.7111949,69.8244748,58894.79993567,,,,,,,,,0000,1.0,99.25499725341797,00,1,neowise,9.814,0.017,8.938,0.014,62.5,80.1,23925.0,382.71,19149.0,239.09,AA
271.7112072,69.8244682,58894.93134855,,,,,,,,,0000,0.5,117.29199981689453,00,1,neowise,9.825,0.015,8.962,0.015,73.7,71.1,23686.0,321.58,18736.0,263.35,AA
271.7111583,69.8244708,58895.32367705,,,,,,,,,0000,1.0,79.26499938964844,00,1,neowise,9.833,0.017,8.928,0.014,62.4,75.5,23506.0,376.8,19326.0,256.02,AA
271.7111053,69.8244699,58895.45445325,,,,,,,,,0000,1.0,72.15799713134766,00,1,neowise,9.836,0.018,8.938,0.013,59.0,82.2,23443.0,397.12,19151.0,232.84,AA
271.7111739,69.8244566,58895.84690907,,,,,,,,,0000,1.0,106.88200378417969,00,1,neowise,9.857,0.017,8.942,0.013,65.3,81.8,22997.0,352.11,19087.0,233.25,AA
271.7111823,69.8244706,58896.10858884,,,,,,,,,0000,1.0,106.21800231933594,00,1,neowise,9.86,0.017,8.978,0.015,63.6,72.9,22937.0,360.47,18455.0,253.03,AA
271.7111527,69.8244764,58896.23885568,,,,,,,,,0000,1.0,91.43299865722656,00,1,neowise,9.808,0.016,8.916,0.013,67.6,82.8,24048.0,355.97,19547.0,235.96,AA
271.7111156,69.8244648,58896.50053539,,,,,,,,,0000,1.0,74.53399658203125,00,1,neowise,9.834,0.016,8.956,0.014,68.9,78.0,23490.0,340.85,18839.0,241.51,AA
271.7110642,69.8244687,58892.05300218,,,,,,,,,0000,1.0,113.55500030517578,00,1,neowise,9.764,0.018,8.911,0.015,60.5,71.5,25042.0,414.03,19634.0,274.52,AA
271.7110914,69.824478,58893.23023951,,,,,,,,,0000,1.0,92.56099700927734,00,1,neowise,9.763,0.016,8.91,0.014,66.9,79.3,25072.0,374.69,19654.0,247.92,AA
271.7111125,69.8244936,58892.44533069,,,,,,,,,0000,1.0,74.9000015258789,00,1,neowise,9.779,0.023,8.825,0.015,47.8,71.1,24709.0,516.41,21242.0,298.83,AA
271.7111145,69.8244861,58892.57623063,,,,,,,,,0000,0.5,76.2040023803711,00,1,neowise,9.72,0.016,8.855,0.013,66.1,80.8,26073.0,394.39,20670.0,255.84,AA
271.7111077,69.824482,58892.70700678,,,,,,,,,0000,1.0,87.37000274658203,00,1,neowise,9.735,0.017,8.853,0.015,64.4,70.1,25719.0,399.54,20704.0,295.33,AA
271.7111068,69.824484,58893.36101567,,,,,,,,,0000,1.0,78.46099853515625,00,1,neowise,9.77,0.017,8.884,0.013,64.8,83.6,24915.0,384.28,20127.0,240.79,AA
271.7111247,69.8244946,58895.97768528,,,,,,,,,0000,1.0,119.50399780273438,00,1,neowise,9.846,0.019,8.953,0.014,58.2,80.4,23231.0,399.0,18882.0,234.82,AA
271.711096,69.8244814,58892.44545801,,,,,,,,,0000,1.0,74.16300201416016,00,1,neowise,9.716,0.019,8.852,0.016,56.3,69.2,26184.0,465.4,20723.0,299.39,AA
271.711051,69.8244902,58893.09946331,,,,,,,,,0000,1.0,108.99500274658203,00,1,neowise,9.726,0.017,8.865,0.014,62.5,77.5,25949.0,414.87,20490.0,264.47,AA
271.7110676,69.8244813,58893.49191924,,,,,,,,,0000,0.5,74.68099975585938,00,1,neowise,9.795,0.017,8.933,0.015,65.2,71.0,24342.0,373.56,19248.0,270.98,AA
271.7111043,69.8244861,58893.62269538,,,,,,,,,0000,1.0,79.02899932861328,00,1,neowise,9.808,0.016,8.876,0.015,69.5,72.4,24044.0,345.81,20286.0,280.12,AA
271.7110769,69.824437,59621.61097787,,,,,,,,,0000,1.0,78.85800170898438,00,1,neowise,10.101,0.02,9.195,0.016,53.3,67.7,18360.0,344.33,15113.0,223.19,AA
271.7110766,69.8244683,59623.17863744,,,,,,,,,0000,1.0,98.68699645996094,00,1,neowise,10.087,0.015,9.202,0.014,71.4,75.7,18606.0,260.62,15023.0,198.36,AA
271.7111425,69.824479,59619.78265661,,,,,,,,,0000,1.0,98.11499786376953,00,1,neowise,10.056,0.017,9.154,0.014,64.7,75.1,19137.0,295.69,15692.0,208.83,AA
271.711129,69.8244785,59619.91330556,,,,,,,,,0000,1.0,115.0979995727539,00,1,neowise,10.04,0.017,9.146,0.015,63.5,74.8,19417.0,305.72,15815.0,211.37,AA
271.7111745,69.8244825,59621.87227567,,,,,,,,,0000,1.0,108.60099792480469,00,1,neowise,10.082,0.015,9.177,0.015,70.6,71.4,18685.0,264.5,15370.0,215.41,AA
271.7111323,69.8244796,59622.39487137,,,,,,,,,0000,1.0,75.83599853515625,00,1,neowise,10.153,0.018,9.217,0.014,59.7,79.9,17503.0,293.41,14807.0,185.29,AA
271.71114,69.8244867,59623.30928639,,,,,,,,,0000,1.0,82.38899993896484,00,1,neowise,10.123,0.017,9.223,0.018,64.0,60.5,17990.0,280.99,14735.0,243.47,AA
271.7111403,69.8244785,59623.57058424,,,,,,,,,0000,1.0,76.08100128173828,00,1,neowise,10.138,0.017,9.263,0.019,62.5,58.0,17747.0,284.1,14191.0,244.85,AA
271.7111702,69.824494,59623.83175523,,,,,,,,,0000,1.0,103.84300231933594,00,1,neowise,10.105,0.021,9.21,0.015,51.3,72.1,18297.0,356.84,14901.0,206.65,AA
271.7112138,69.824511,59624.61564873,,,,,,,,,0000,1.0,78.65899658203125,00,1,neowise,10.125,0.016,9.156,0.015,68.0,73.0,17964.0,264.25,15671.0,214.67,AA
271.7111212,69.8244775,59621.48045644,,,,,,,,,0000,1.0,74.58300018310547,00,1,neowise,10.08,0.019,9.185,0.016,57.5,68.9,18725.0,325.42,15251.0,221.47,AA
271.7111564,69.824469,59621.61110519,,,,,,,,,0000,1.0,78.39199829101562,00,1,neowise,10.08,0.019,9.201,0.016,56.3,66.7,18722.0,332.81,15038.0,225.36,AA
271.7111238,69.8244726,59621.74162677,,,,,,,,,0000,1.0,92.15699768066406,00,1,neowise,10.078,0.019,9.184,0.015,56.3,73.3,18752.0,333.29,15272.0,208.46,AA
271.7111451,69.8244757,59622.26422247,,,,,,,,,0000,0.5,87.68599700927734,00,1,neowise,10.112,0.016,9.211,0.013,68.6,84.1,18185.0,265.05,14889.0,177.11,AA
271.7111312,69.8244774,59622.65616911,,,,,,,,,0000,0.5,82.25800323486328,00,1,neowise,10.127,0.019,9.232,0.017,58.4,65.6,17926.0,307.14,14605.0,222.56,AA
271.7111562,69.8244588,59622.78669069,,,,,,,,,0000,1.0,98.03700256347656,00,1,neowise,10.094,0.019,9.179,0.016,55.7,68.6,18475.0,331.46,15334.0,223.47,AA
271.7111527,69.8244545,59622.78681801,,,,,,,,,0000,0.5,98.23799896240234,00,1,neowise,10.129,0.019,9.249,0.019,57.8,57.6,17890.0,309.68,14381.0,249.51,AA
271.7111238,69.8244702,59622.9173396,,,,,,,,,0000,1.0,113.3499984741211,00,1,neowise,10.07,0.018,9.199,0.015,59.5,71.4,18898.0,317.73,15064.0,211.02,AA
271.7111204,69.8244746,59624.09305308,,,,,,,,,0000,1.0,109.177001953125,00,1,neowise,10.137,0.019,9.219,0.015,57.2,72.4,17765.0,310.84,14786.0,204.24,AA
271.7111146,69.8244768,59624.09318045,,,,,,,,,0000,1.0,109.31700134277344,00,1,neowise,10.12,0.019,9.27,0.017,57.7,65.3,18043.0,312.77,14112.0,216.27,AA
271.7111749,69.8244653,59624.87694662,,,,,,,,,0000,1.0,109.84400177001953,00,1,neowise,10.133,0.018,9.241,0.014,61.0,77.5,17827.0,292.05,14483.0,186.79,AA
271.7110803,69.8244727,59622.13357352,,,,,,,,,0000,1.0,104.48200225830078,00,1,neowise,10.078,0.017,9.193,0.013,65.1,82.8,18755.0,288.18,15137.0,182.9,AA
271.7111009,69.8244781,59623.83188256,,,,,,,,,0000,1.0,104.3219985961914,00,1,neowise,10.15,0.02,9.231,0.017,55.4,62.3,17560.0,317.17,14616.0,234.61,AA
271.7110593,69.8244735,59623.96240418,,,,,,,,,0000,1.0,116.63600158691406,00,1,neowise,10.128,0.018,9.261,0.014,60.5,75.1,17908.0,296.14,14223.0,189.44,AA
271.7111101,69.8244933,59620.0439545,,,,,,,,,0000,1.0,115.0,00,1,neowise,10.058,0.016,9.145,0.013,66.8,81.0,19099.0,286.1,15822.0,195.23,AA
271.7111554,69.824499,59620.3052524,,,,,,,,,0000,0.5,80.94300079345703,00,1,neowise,10.057,0.017,9.161,0.016,65.1,65.9,19131.0,294.04,15596.0,236.49,AA
271.7111203,69.8244874,59622.00292462,,,,,,,,,0000,1.0,116.1760025024414,00,1,neowise,10.03,0.016,9.194,0.015,69.8,74.0,19607.0,281.09,15135.0,204.63,AA
271.7111382,69.8244932,59623.43993534,,,,,,,,,0000,1.0,74.28500366210938,00,1,neowise,10.135,0.018,9.207,0.016,60.6,69.5,17791.0,293.58,14952.0,215.21,AA
271.7111653,69.8244711,59632.97590772,,,,,,,,,0000,1.0,117.99800109863281,00,1,neowise,10.151,0.016,9.238,0.014,67.2,76.1,17542.0,261.13,14527.0,190.89,AA
271.7111123,69.8244659,59633.23707825,,,,,,,,,0000,1.0,90.83599853515625,00,1,neowise,10.138,0.014,9.228,0.014,75.3,79.8,17744.0,235.52,14663.0,183.84,AA
271.7111222,69.8244932,59630.36331054,,,,,,,,,0000,0.5,77.12999725341797,00,1,neowise,10.126,0.015,9.2,0.017,73.3,63.9,17946.0,244.69,15044.0,235.47,AA
271.7110318,69.8244885,59633.10655667,,,,,,,,,0000,0.5,107.5,00,1,neowise,10.065,0.019,9.213,0.015,56.8,70.2,18976.0,334.0,14860.0,211.8,AA
271.711464,69.824621,59633.10642935,,,,,,,,,0000,1.0,107.72100067138672,00,1,neowise,9.715,0.017,9.202,0.014,62.3,79.0,26205.0,420.44,15023.0,190.06,AA
271.7111542,69.8244502,60004.12113911,,,,,,,,,0000,1.0,104.96900177001953,00,1,neowise,10.006,0.015,9.175,0.013,70.5,83.4,20035.0,284.14,15396.0,184.53,AA
271.7110722,69.8244834,60004.25115145,,,,,,,,,0000,1.0,88.14199829101562,00,1,neowise,10.011,0.015,9.172,0.015,73.8,74.3,19944.0,270.11,15440.0,207.75,AA
271.7110807,69.8244624,59988.37575641,,,,,,,,,0000,1.0,77.86199951171875,00,1,neowise,9.926,0.018,9.109,0.014,61.2,79.8,21584.0,352.77,16366.0,205.08,AA
271.7111819,69.8244796,59985.77270769,,,,,,,,,0000,1.0,96.90399932861328,00,1,neowise,9.969,0.016,9.127,0.014,68.5,80.0,20728.0,302.82,16086.0,201.09,AA
271.7111275,69.8244849,59985.90284796,,,,,,,,,0000,1.0,112.47599792480469,00,1,neowise,9.999,0.018,9.141,0.015,60.7,73.3,20174.0,332.14,15889.0,216.76,AA
271.711161,69.8244897,59986.55367362,,,,,,,,,0000,1.0,76.26599884033203,00,1,neowise,10.066,0.016,9.198,0.014,68.5,76.3,18971.0,277.12,15066.0,197.55,AA
271.7111435,69.8244816,59986.6839406,,,,,,,,,0000,1.0,85.80799865722656,00,1,neowise,10.047,0.019,9.21,0.017,56.3,64.4,19300.0,342.9,14906.0,231.43,AA
271.7111218,69.8244803,59988.11547709,,,,,,,,,0000,1.0,105.89399719238281,00,1,neowise,9.99,0.016,9.114,0.014,68.6,75.4,20333.0,296.37,16284.0,215.99,AA
271.7111471,69.8244819,59989.28737141,,,,,,,,,0000,1.0,83.05799865722656,00,1,neowise,10.098,0.016,9.201,0.013,66.1,85.5,18417.0,278.75,15033.0,175.76,AA
271.7111608,69.8244814,59989.54765073,,,,,,,,,0000,1.0,74.66899871826172,00,1,neowise,10.038,0.017,9.181,0.016,63.5,70.0,19461.0,306.39,15308.0,218.77,AA
271.711119,69.8244814,59989.67779035,,,,,,,,,0000,1.0,84.89900207519531,00,1,neowise,9.998,0.016,9.143,0.014,67.4,75.4,20186.0,299.55,15861.0,210.4,AA
271.7111569,69.8244812,59989.93806976,,,,,,,,,0000,1.0,118.17400360107422,00,1,neowise,10.042,0.017,9.168,0.014,64.1,76.7,19393.0,302.76,15497.0,201.96,AA
271.7111696,69.8244764,59986.03311499,,,,,,,,,0000,1.0,114.30599975585938,00,1,neowise,9.997,0.019,9.174,0.016,56.4,69.1,20208.0,358.01,15413.0,223.04,AA
271.7111566,69.8244668,59986.42353406,,,,,,,,,0000,1.0,74.90599822998047,00,1,neowise,10.036,0.015,9.178,0.012,72.6,89.5,19501.0,268.75,15349.0,171.46,AA
271.7111603,69.8244706,59986.94421997,,,,,,,,,0000,1.0,116.0270004272461,00,1,neowise,10.058,0.016,9.203,0.014,66.2,76.8,19103.0,288.69,15000.0,195.31,AA
271.7111202,69.8244762,59987.07435968,,,,,,,,,0000,1.0,110.52100372314453,00,1,neowise,10.024,0.015,9.192,0.013,72.3,83.0,19715.0,272.53,15156.0,182.57,AA
271.711151,69.8244651,59987.33463904,,,,,,,,,0000,1.0,79.89399719238281,00,1,neowise,10.014,0.02,9.154,0.015,55.5,73.3,19898.0,358.62,15695.0,214.12,AA
271.711121,69.8244594,59988.63667241,,,,,,,,,0000,1.0,80.08999633789062,00,1,neowise,9.995,0.016,9.139,0.016,68.1,68.4,20255.0,297.51,15910.0,232.45,AA
271.7111627,69.8244713,59988.89695182,,,,,,,,,0000,1.0,113.71399688720703,00,1,neowise,10.032,0.017,9.172,0.016,64.9,68.4,19561.0,301.55,15435.0,225.64,AA
271.7111326,69.8244776,59989.02709209,,,,,,,,,0000,1.0,115.697998046875,00,1,neowise,10.033,0.017,9.181,0.014,63.6,76.5,19550.0,307.43,15317.0,200.1,AA
271.7112049,69.8244594,59989.8079301,,,,,,,,,0000,0.5,102.6989974975586,00,1,neowise,10.006,0.017,9.184,0.014,63.8,77.7,20050.0,314.06,15263.0,196.52,AA
271.711021,69.8244615,59986.03298762,,,,,,,,,0000,1.0,114.01200103759766,00,1,neowise,9.969,0.018,9.164,0.016,59.8,66.3,20728.0,346.52,15554.0,234.45,AA
271.7110574,69.8244677,59986.68381329,,,,,,,,,0000,0.5,85.94000244140625,00,1,neowise,10.078,0.018,9.214,0.016,58.9,68.6,18756.0,318.41,14850.0,216.41,AA
271.7110606,69.8244673,59986.81408025,,,,,,,,,0000,0.5,102.5199966430664,00,1,neowise,10.049,0.018,9.22,0.015,59.9,73.4,19269.0,321.75,14774.0,201.4,AA
271.7110869,69.8244781,59987.46490611,,,,,,,,,0000,1.0,74.33000183105469,00,1,neowise,9.998,0.019,9.139,0.018,58.5,60.0,20198.0,345.25,15920.0,265.38,AA
271.7110929,69.8244771,59987.72518538,,,,,,,,,0000,1.0,90.83100128173828,00,1,neowise,10.025,0.018,9.134,0.017,61.5,62.4,19695.0,320.16,15992.0,256.44,AA
271.7110772,69.8244719,59988.76681216,,,,,,,,,0000,1.0,96.6760025024414,00,1,neowise,9.995,0.016,9.139,0.015,66.2,70.9,20246.0,305.89,15913.0,224.43,AA
271.7111098,69.8244836,59987.20449938,,,,,,,,,0000,1.0,94.64700317382812,00,1,neowise,10.001,0.018,9.181,0.015,60.9,74.9,20131.0,330.41,15307.0,204.44,AA
271.7111332,69.8244907,59989.1567224,,,,,,,,,0000,1.0,101.01399993896484,00,1,neowise,10.034,0.017,9.166,0.015,63.5,72.8,19528.0,307.66,15518.0,213.28,AA
271.7111218,69.8244872,59989.41751108,,,,,,,,,0000,1.0,73.41200256347656,00,1,neowise,10.049,0.016,9.229,0.016,69.0,69.8,19257.0,279.01,14649.0,209.85,AA
271.7110837,69.8244889,59986.29339431,,,,,,,,,0000,1.0,83.68900299072266,00,1,neowise,10.034,0.017,9.185,0.015,64.3,71.5,19541.0,303.79,15257.0,213.4,AA
271.7110728,69.8244936,59987.59504572,,,,,,,,,0000,1.0,77.7490005493164,00,1,neowise,10.025,0.016,9.116,0.015,67.5,70.5,19702.0,292.03,16252.0,230.37,AA
271.711081,69.8244897,59987.85532503,,,,,,,,,0000,1.0,107.50900268554688,00,1,neowise,9.994,0.015,9.156,0.014,72.1,79.8,20264.0,280.96,15673.0,196.48,AA
271.711103,69.8244961,59987.98546475,,,,,,,,,0000,1.0,116.6989974975586,00,1,neowise,9.978,0.018,9.116,0.015,59.8,73.4,20568.0,344.03,16249.0,221.42,AA
271.7111004,69.8244849,59988.24561675,,,,,,,,,0000,1.0,89.98100280761719,00,1,neowise,9.991,0.018,9.111,0.017,61.1,65.0,20328.0,332.95,16327.0,251.31,AA
271.7110986,69.8244552,60364.32384539,,,,,,,,,0000,1.0,77.1240005493164,00,1,neowise,10.267,0.016,9.369,0.014,69.3,75.5,15758.0,227.28,12876.0,170.45,AA
271.7112016,69.8244768,60363.55064799,,,,,,,,,0000,1.0,74.05000305175781,00,1,neowise,10.214,0.018,9.353,0.015,59.5,72.5,16552.0,278.26,13067.0,180.27,AA
271.7111642,69.8244384,60362.90708123,,,,,,,,,0000,1.0,116.7760009765625,00,1,neowise,10.174,0.016,9.307,0.015,67.1,71.6,17177.0,255.94,13628.0,190.27,AA
271.71116,69.8244548,60362.77821503,,,,,,,,,0000,0.5,97.93000030517578,00,1,neowise,10.176,0.014,9.302,0.015,75.7,72.0,17140.0,226.4,13702.0,190.39,AA
271.7111612,69.8244702,60363.03582006,,,,,,,,,0000,0.5,115.00299835205078,00,1,neowise,10.199,0.014,9.315,0.014,75.2,75.0,16784.0,223.09,13535.0,180.41,AA
271.7111589,69.8244637,60363.42229124,,,,,,,,,0000,1.0,70.4800033569336,00,1,neowise,10.208,0.016,9.319,0.014,70.0,77.3,16644.0,237.71,13485.0,174.43,AA
271.711186,69.8244588,60363.55052067,,,,,,,,,0000,0.5,74.71700286865234,00,1,neowise,10.207,0.017,9.341,0.014,62.8,77.3,16652.0,265.23,13207.0,170.84,AA
271.7112053,69.8244678,60363.67989612,,,,,,,,,0000,0.5,83.89700317382812,00,1,neowise,10.223,0.015,9.337,0.015,70.5,71.1,16410.0,232.77,13265.0,186.51,AA
271.7111709,69.8244636,60363.80863497,,,,,,,,,0000,1.0,102.64800262451172,00,1,neowise,10.214,0.014,9.358,0.014,75.1,78.5,16554.0,220.31,13004.0,165.73,AA
271.7111497,69.8244601,60363.93750111,,,,,,,,,0000,1.0,119.63600158691406,00,1,neowise,10.24,0.015,9.355,0.015,71.4,73.2,16163.0,226.4,13047.0,178.29,AA
271.7111253,69.8244629,60364.06623999,,,,,,,,,0000,1.0,110.45899963378906,00,1,neowise,10.237,0.015,9.348,0.015,70.9,74.6,16202.0,228.44,13125.0,175.89,AA
271.7111194,69.8244757,60364.19459674,,,,,,,,,0000,1.0,95.81400299072266,00,1,neowise,10.244,0.015,9.342,0.014,71.8,78.1,16095.0,224.09,13201.0,168.96,AA
271.7110928,69.8244818,60364.4527116,,,,,,,,,0000,1.0,70.04100036621094,00,1,neowise,10.248,0.018,9.362,0.014,59.0,77.0,16040.0,271.89,12955.0,168.24,AA
271.711286,69.8246372,60363.29342509,,,,,,,,,0000,0.0,80.70600128173828,00,1,neowise,11.534,0.019,10.459,0.018,57.7,60.6,4905.4,85.045,4717.8,77.911,AA
271.7111729,69.8244508,59466.95239483,,,,,,,,,0000,0.0,78.96700286865234,00,1,neowise,9.925,0.014,9.084,0.015,77.5,71.6,21586.0,278.58,16741.0,233.91,AA
271.7111201,69.8244566,57987.89693773,,,,,,,,,0000,1.0,75.2040023803711,00,1,neowise,10.068,0.018,9.239,0.014,61.3,75.9,18937.0,309.12,14509.0,191.28,AA
271.711159,69.8244711,57988.15887154,,,,,,,,,0000,0.0,97.76000213623047,00,1,neowise,10.309,0.016,9.541,0.015,65.8,73.0,15158.0,230.3,10994.0,150.68,AA
271.7111266,69.8244482,57988.42067794,,,,,,,,,0000,1.0,113.84500122070312,00,1,neowise,10.078,0.018,9.235,0.014,59.4,75.2,18761.0,315.76,14564.0,193.76,AA
271.7111364,69.824449,57990.25383593,,,,,,,,,0000,1.0,109.54100036621094,00,1,neowise,10.07,0.016,9.26,0.015,65.8,73.4,18896.0,287.04,14240.0,194.11,AA
271.7113811,69.8245032,57987.63513124,,,,,,,,,0000,0.0,88.20600128173828,00,2,neowise,11.018,0.017,10.326,0.021,62.2,52.8,7891.2,126.79,5335.6,101.13,AA
271.7110416,69.8247612,57985.80197627,,,,,,,,,0000,0.0,75.03800201416016,00,1,neowise,10.593,0.015,9.877,0.016,73.7,67.9,11677.0,158.46,8063.1,118.82,AA
271.7112044,69.8247991,57986.71855406,,,,,,,,,0000,0.0,79.48300170898438,00,1,neowise,10.771,0.016,9.878,0.017,68.6,64.5,9906.4,144.36,8058.1,124.87,AA
271.7108306,69.8244984,57985.67107302,,,,,,,,,0000,0.0,84.08000183105469,00,1,neowise,11.766,0.02,10.945,0.023,54.8,47.2,3962.3,72.252,3016.1,63.838,AA
271.7110122,69.8246746,57986.19481385,,,,,,,,,0000,0.0,102.44200134277344,00,1,neowise,11.186,0.018,10.407,0.017,60.0,62.7,6762.0,112.61,4949.8,78.944,AA
271.7109865,69.8246701,57989.59919223,,,,,,,,,0000,0.0,92.74099731445312,00,1,neowise,10.492,0.017,9.631,0.016,62.3,69.1,12811.0,205.51,10119.0,146.39,AA
271.7110617,69.8244679,57989.73009551,,,,,,,,,0000,0.5,78.38400268554688,00,1,neowise,10.089,0.015,9.256,0.015,70.5,73.5,18570.0,263.34,14295.0,194.38,AA
271.7111446,69.8244906,57986.84945731,,,,,,,,,0000,0.5,74.63500213623047,00,1,neowise,10.11,0.015,9.263,0.014,70.2,75.9,18210.0,259.35,14191.0,186.98,AA
271.7111322,69.8245401,57987.76603443,,,,,,,,,0000,0.0,76.052001953125,00,1,neowise,10.132,0.015,9.336,0.015,70.4,70.1,17846.0,253.63,13275.0,189.4,AA
271.7111613,69.8245453,57988.5517085,,,,,,,,,0000,0.0,98.9000015258789,00,1,neowise,11.202,0.018,10.272,0.019,61.8,57.8,6661.3,107.86,5603.8,96.934,AA
271.7111442,69.8245069,57989.99202942,,,,,,,,,0000,0.0,79.25900268554688,00,1,neowise,11.387,0.02,10.581,0.023,53.3,46.9,5617.4,105.35,4216.0,89.816,AA
271.7109123,69.8245266,57988.02796829,,,,,,,,,0000,0.0,82.27400207519531,00,1,neowise,11.634,0.02,10.718,0.019,55.6,58.2,4474.1,80.458,3718.2,63.906,AA
271.7110718,69.8245004,57988.6826117,,,,,,,,,0000,0.0,82.75,00,1,neowise,10.203,0.015,9.365,0.014,70.6,75.9,16718.0,236.74,12920.0,170.11,AA
271.7110259,69.8244877,57989.33725573,,,,,,,,,0000,1.0,116.8290023803711,00,1,neowise,10.038,0.019,9.248,0.014,58.0,78.5,19466.0,335.48,14391.0,183.44,AA
271.7110998,69.8244792,57989.86099878,,,,,,,,,0000,1.0,74.70600128173828,00,1,neowise,10.075,0.018,9.239,0.014,60.0,76.4,18815.0,313.55,14517.0,189.98,AA
271.71112,69.8246224,57989.07544881,,,,,,,,,0000,0.0,87.23999786376953,00,1,neowise,10.483,0.017,9.633,0.016,65.1,68.5,12921.0,198.55,10095.0,147.39,AA
271.7110989,69.8244645,58170.27163398,,,,,,,,,0000,1.0,83.2699966430664,00,1,neowise,9.857,0.018,8.969,0.014,58.7,76.6,22998.0,391.57,18610.0,242.93,AA
271.7112187,69.8244796,58173.80541627,,,,,,,,,0000,1.0,101.98300170898438,00,1,neowise,9.706,0.015,8.8,0.013,71.3,81.1,26419.0,370.41,21739.0,267.97,AA
271.7112036,69.8244676,58169.48569817,,,,,,,,,0000,1.0,74.91000366210938,00,1,neowise,9.927,0.015,9.03,0.013,73.2,81.7,21555.0,294.52,17601.0,215.54,AA
271.7111698,69.8244647,58169.6171119,,,,,,,,,0000,0.5,78.20700073242188,00,1,neowise,9.917,0.015,9.022,0.014,71.8,77.8,21759.0,303.23,17733.0,227.86,AA
271.7111673,69.8244503,58169.74801632,,,,,,,,,0000,1.0,94.7750015258789,00,1,neowise,9.893,0.016,8.971,0.014,68.5,75.3,22237.0,324.84,18575.0,246.79,AA
271.711157,69.8244567,58169.87892073,,,,,,,,,0000,1.0,113.30400085449219,00,1,neowise,9.879,0.017,9.009,0.014,63.4,75.9,22533.0,355.55,17942.0,236.35,AA
271.7111828,69.8244593,58170.0098252,,,,,,,,,0000,1.0,117.40299987792969,00,1,neowise,9.849,0.021,9.022,0.015,51.7,71.3,23164.0,448.01,17719.0,248.48,AA
271.7111647,69.8244618,58170.14022025,,,,,,,,,0000,1.0,102.31900024414062,00,1,neowise,9.885,0.016,8.981,0.014,69.6,79.9,22396.0,321.76,18406.0,230.49,AA
271.7111639,69.8244432,58170.66421986,,,,,,,,,0000,1.0,83.58499908447266,00,1,neowise,9.91,0.017,8.998,0.015,64.1,70.8,21897.0,341.82,18123.0,255.97,AA
271.711193,69.8244726,58174.06722501,,,,,,,,,0000,1.0,110.86000061035156,00,1,neowise,9.724,0.014,8.817,0.012,74.9,87.7,25976.0,346.79,21403.0,244.16,AA
271.7111618,69.8244709,58174.19812942,,,,,,,,,0000,1.0,94.6510009765625,00,1,neowise,9.713,0.015,8.817,0.014,71.5,80.3,26255.0,367.27,21410.0,266.58,AA
271.7110839,69.8244756,58170.40253834,,,,,,,,,0000,0.5,72.02999877929688,00,1,neowise,9.903,0.021,8.982,0.015,52.9,72.2,22035.0,416.79,18389.0,254.66,AA
271.7110662,69.8245035,58170.66434718,,,,,,,,,0000,1.0,83.4000015258789,00,1,neowise,9.83,0.023,9.002,0.015,47.5,72.5,23579.0,496.18,18050.0,248.91,AA
271.711105,69.8244892,58173.93632064,,,,,,,,,0000,1.0,116.0459976196289,00,1,neowise,9.699,0.015,8.813,0.013,74.4,81.7,26597.0,357.59,21495.0,263.08,AA
271.7107228,69.8247045,58711.9067536,,,,,,,,,0000,0.0,75.56199645996094,00,1,neowise,11.323,0.018,10.595,0.021,61.8,50.9,5961.0,96.41,4164.3,81.814,AA
271.7105442,69.8247168,58710.99094017,,,,,,,,,0000,0.0,77.81199645996094,00,1,neowise,11.402,0.018,10.73,0.02,61.7,54.0,5538.8,89.825,3674.5,68.099,AA
271.7111862,69.8243149,58713.21502118,,,,,,,,,0000,0.0,102.31700134277344,00,1,neowise,10.164,0.015,9.655,0.016,70.8,67.8,17332.0,244.8,9897.3,145.9,AA
271.7110706,69.8244663,58712.42998422,,,,,,,,,0000,0.5,114.58000183105469,00,1,neowise,10.166,0.019,9.255,0.014,58.3,75.3,17292.0,296.83,14307.0,190.08,AA
271.7110978,69.8244631,58712.69166315,,,,,,,,,0000,0.5,84.0199966430664,00,1,neowise,10.149,0.016,9.239,0.015,67.0,74.9,17565.0,262.24,14511.0,193.84,AA
271.7110703,69.8244675,58716.09323602,,,,,,,,,0000,1.0,86.67400360107422,00,1,neowise,10.126,0.019,9.27,0.014,57.7,76.9,17940.0,310.99,14106.0,183.35,AA
271.711133,69.824482,58712.95334221,,,,,,,,,0000,0.0,75.95800018310547,00,1,neowise,10.231,0.015,9.383,0.014,71.7,77.3,16290.0,227.07,12709.0,164.5,AA
271.7111193,69.8244608,58710.86003696,,,,,,,,,0000,1.0,74.5469970703125,00,1,neowise,10.163,0.018,9.252,0.015,61.4,72.2,17352.0,282.71,14337.0,198.43,AA
271.7111156,69.8244467,58711.77585043,,,,,,,,,0000,0.5,76.60900115966797,00,1,neowise,10.142,0.016,9.256,0.014,69.4,79.7,17690.0,254.82,14294.0,179.27,AA
271.7111251,69.8244448,58713.34579703,,,,,,,,,0000,0.5,116.06900024414062,00,1,neowise,10.134,0.017,9.254,0.015,63.0,72.2,17816.0,282.8,14315.0,198.17,AA
271.711166,69.8244543,58713.60747595,,,,,,,,,0000,0.5,94.4489974975586,00,1,neowise,10.168,0.015,9.268,0.014,71.9,79.5,17262.0,240.22,14138.0,177.75,AA
271.7111879,69.8244471,58714.26161031,,,,,,,,,0000,1.0,108.06500244140625,00,1,neowise,10.17,0.017,9.267,0.014,65.1,79.8,17227.0,264.54,14150.0,177.37,AA
271.7111868,69.8244525,58714.52328933,,,,,,,,,0000,0.5,105.28500366210938,00,1,neowise,10.213,0.017,9.303,0.016,63.3,67.0,16560.0,261.53,13679.0,204.12,AA
271.711137,69.8244656,58714.78496834,,,,,,,,,0000,0.0,76.20700073242188,00,1,neowise,10.345,0.015,9.505,0.017,70.1,64.9,14668.0,209.17,11358.0,174.92,AA
271.7111753,69.8244573,58715.17742321,,,,,,,,,0000,1.0,97.31600189208984,00,1,neowise,10.187,0.017,9.273,0.015,64.3,73.8,16973.0,264.06,14073.0,190.77,AA
271.7111489,69.8244493,58715.43910213,,,,,,,,,0000,0.5,113.75,00,1,neowise,10.167,0.016,9.302,0.016,65.9,69.1,17276.0,262.06,13691.0,198.21,AA
271.7107632,69.8245948,58715.5700053,,,,,,,,,0000,0.0,99.16600036621094,00,1,neowise,11.627,0.022,10.763,0.021,49.2,51.9,4502.2,91.437,3565.2,68.706,AA
271.7107317,69.8246435,58712.82256635,,,,,,,,,0000,0.0,75.00199890136719,00,1,neowise,11.719,0.019,10.819,0.023,56.3,47.9,4138.6,73.547,3385.9,70.629,AA
271.7110064,69.8247265,58710.72926116,,,,,,,,,0000,0.0,80.33399963378906,00,1,neowise,10.88,0.017,10.172,0.017,65.3,62.1,8964.7,137.24,6143.7,98.87,AA
271.7110775,69.824645,58714.39251352,,,,,,,,,0000,0.0,116.40399932861328,00,1,neowise,11.173,0.017,10.356,0.02,65.2,55.5,6843.1,104.99,5190.1,93.47,AA
271.7109228,69.8246618,58712.56088734,,,,,,,,,0000,0.0,100.41600036621094,00,1,neowise,11.079,0.016,10.321,0.017,67.1,62.4,7462.2,111.29,5356.1,85.902,AA
271.7109397,69.8246713,58715.96246012,,,,,,,,,0000,0.0,76.38800048828125,00,1,neowise,10.778,0.017,10.016,0.017,65.3,63.6,9845.4,150.75,7095.2,111.5,AA
271.7110791,69.8244767,58711.12171603,,,,,,,,,0000,0.5,90.19400024414062,00,1,neowise,10.182,0.014,9.322,0.014,74.9,77.1,17050.0,227.65,13447.0,174.37,AA
271.7110427,69.8244667,58711.51417146,,,,,,,,,0000,0.5,106.48300170898438,00,1,neowise,10.142,0.018,9.262,0.015,61.2,73.0,17686.0,288.89,14210.0,194.73,AA
271.7111344,69.8244891,58713.73837912,,,,,,,,,0000,0.0,79.61699676513672,00,1,neowise,11.786,0.019,10.913,0.022,56.8,49.1,3890.6,68.461,3105.8,63.192,AA
271.7111225,69.8245035,58713.86915492,,,,,,,,,0000,0.0,74.80400085449219,00,1,neowise,10.302,0.015,9.437,0.015,72.2,70.3,15265.0,211.53,12093.0,172.06,AA
271.711161,69.8245293,58714.65419249,,,,,,,,,0000,0.0,88.41999816894531,00,1,neowise,11.943,0.02,10.996,0.02,54.1,53.1,3365.0,62.243,2878.7,54.187,AA
271.7110948,69.8245361,58711.38339557,,,,,,,,,0000,0.0,116.88200378417969,00,1,neowise,10.336,0.015,9.549,0.016,70.7,67.9,14787.0,209.18,10909.0,160.56,AA
271.7110702,69.824497,58712.0375294,,,,,,,,,0000,0.0,81.11499786376953,00,1,neowise,10.177,0.015,9.306,0.014,74.4,76.5,17129.0,230.26,13642.0,178.22,AA
271.7109749,69.8244913,58715.7007811,,,,,,,,,0000,0.0,83.08000183105469,00,1,neowise,10.401,0.017,9.456,0.016,62.3,68.5,13924.0,223.48,11887.0,173.45,AA
271.7111402,69.8245717,58714.13083455,,,,,,,,,0000,0.0,91.4229965209961,00,1,neowise,10.585,0.016,9.679,0.014,68.5,76.3,11763.0,171.85,9681.3,126.95,AA
271.7110744,69.8246262,58711.64507458,,,,,,,,,0000,0.0,89.52999877929688,00,2,neowise,11.031,0.016,10.305,0.017,67.8,64.9,7800.0,115.03,5437.5,83.807,AA
271.7111067,69.8245791,58712.29920837,,,,,,,,,0000,0.0,112.02999877929688,00,1,neowise,10.429,0.015,9.606,0.015,74.5,70.3,13571.0,182.23,10355.0,147.26,AA
271.7110961,69.8246416,58715.04664736,,,,,,,,,0000,0.0,82.08599853515625,00,1,neowise,10.755,0.016,9.961,0.016,68.5,69.8,10058.0,146.78,7464.2,106.86,AA
271.7110367,69.824599,58715.30832633,,,,,,,,,0000,0.0,112.81400299072266,00,1,neowise,11.232,0.018,10.388,0.018,60.0,61.2,6479.2,107.97,5037.7,82.378,AA
271.7111748,69.8245888,58710.46758214,,,,,,,,,0000,0.0,111.13200378417969,00,1,neowise,10.433,0.015,9.633,0.015,70.9,74.0,13530.0,190.95,10094.0,136.46,AA
271.7111008,69.8244684,58901.99491889,,,,,,,,,0000,1.0,118.98600006103516,00,1,neowise,9.983,0.017,9.065,0.014,63.1,76.5,20463.0,324.49,17032.0,222.66,AA
271.7111828,69.824456,58901.47130472,,,,,,,,,0h00,1.0,74.0739974975586,00,1,neowise,9.936,0.018,9.061,0.015,59.6,73.0,21385.0,358.85,17105.0,234.42,AA
271.711138,69.8244703,58901.60259024,,,,,,,,,0000,1.0,75.53299713134766,00,1,neowise,9.971,0.015,9.07,0.014,73.3,78.4,20697.0,282.43,16953.0,216.24,AA
271.7111746,69.8244763,58901.73336648,,,,,,,,,0000,1.0,90.6520004272461,00,1,neowise,9.969,0.015,9.1,0.014,72.9,78.1,20742.0,284.33,16501.0,211.37,AA
271.7111314,69.8244737,58901.86414269,,,,,,,,,0000,1.0,109.36799621582031,00,1,neowise,9.979,0.014,9.083,0.013,79.2,80.5,20556.0,259.67,16759.0,208.21,AA
271.711107,69.8244764,58901.99504625,,,,,,,,,0000,1.0,119.59500122070312,00,1,neowise,9.96,0.019,9.081,0.015,57.0,74.4,20910.0,366.99,16783.0,225.72,AA
271.7111752,69.8244777,59628.40383146,,,,,,,,,0000,1.0,75.38800048828125,00,1,neowise,10.116,0.016,9.233,0.013,66.1,82.0,18113.0,274.12,14594.0,178.08,AA
271.7111449,69.824478,59629.18759763,,,,,,,,,0000,1.0,97.50700378417969,00,1,neowise,10.1,0.018,9.229,0.014,61.1,75.9,18384.0,301.12,14653.0,193.06,AA
271.7111621,69.8244911,59629.18772494,,,,,,,,,0000,0.5,97.25800323486328,00,1,neowise,10.12,0.019,9.211,0.014,57.9,78.3,18051.0,311.74,14888.0,190.09,AA
271.7111265,69.8244814,59625.268766,,,,,,,,,0000,1.0,87.00700378417969,00,1,neowise,10.13,0.017,9.225,0.014,64.5,75.3,17885.0,277.25,14708.0,195.45,AA
271.7111383,69.8244812,59625.66071274,,,,,,,,,0000,1.0,82.63600158691406,00,1,neowise,10.138,0.017,9.22,0.018,62.8,59.5,17755.0,282.83,14777.0,248.35,AA
271.7112096,69.824493,59626.05253222,,,,,,,,,0000,1.0,113.05999755859375,00,1,neowise,10.105,0.018,9.214,0.014,60.5,79.2,18291.0,302.27,14856.0,187.56,AA
271.7112282,69.8244794,59626.44447906,,,,,,,,,0000,1.0,74.26499938964844,00,1,neowise,10.136,0.016,9.234,0.014,66.9,75.9,17783.0,265.72,14586.0,192.07,AA
271.7112097,69.8244816,59626.70577682,,,,,,,,,0000,1.0,87.71900177001953,00,1,neowise,10.119,0.016,9.215,0.018,69.5,62.0,18054.0,259.79,14844.0,239.41,AA
271.7111295,69.8244792,59626.96707465,,,,,,,,,0000,1.0,117.66200256347656,00,1,neowise,10.131,0.019,9.237,0.016,58.1,69.6,17864.0,307.25,14546.0,209.03,AA
271.7111449,69.824483,59627.3588947,,,,,,,,,0000,1.0,77.87999725341797,00,1,neowise,10.12,0.017,9.206,0.015,64.6,74.3,18047.0,279.54,14967.0,201.36,AA
271.7112155,69.8244772,59627.62006519,,,,,,,,,0000,0.5,79.41699981689453,00,1,neowise,10.111,0.019,9.239,0.015,56.9,72.9,18191.0,319.9,14511.0,199.16,AA
271.7111697,69.8244674,59627.75071413,,,,,,,,,0000,1.0,93.39099884033203,00,1,neowise,10.139,0.017,9.214,0.014,63.2,78.9,17734.0,280.79,14848.0,188.16,AA
271.711154,69.8244763,59627.88136303,,,,,,,,,0000,1.0,109.9749984741211,00,1,neowise,10.159,0.015,9.219,0.016,70.0,68.8,17407.0,248.5,14778.0,214.89,AA
271.71114,69.8244684,59628.14266093,,,,,,,,,0000,1.0,103.3290023803711,00,1,neowise,10.139,0.016,9.247,0.016,66.5,67.6,17734.0,266.66,14402.0,213.06,AA
271.7111179,69.8244751,59629.05707604,,,,,,,,,0000,1.0,113.01599884033203,00,1,neowise,10.124,0.017,9.22,0.015,63.1,74.7,17972.0,284.9,14775.0,197.84,AA
271.7111295,69.8244744,59630.10201274,,,,,,,,,0000,1.0,108.21700286865234,00,1,neowise,10.12,0.015,9.207,0.016,71.2,69.4,18040.0,253.36,14949.0,215.53,AA
271.7111248,69.8244638,59625.00759552,,,,,,,,,0000,1.0,116.63300323486328,00,1,neowise,10.103,0.017,9.236,0.016,64.7,69.5,18328.0,283.13,14553.0,209.47,AA
271.7111498,69.824476,59625.53006384,,,,,,,,,0000,1.0,75.13800048828125,00,1,neowise,10.14,0.017,9.218,0.015,65.2,72.8,17723.0,271.92,14802.0,203.39,AA
271.711241,69.8244677,59625.79136164,,,,,,,,,0000,1.0,98.83000183105469,00,1,neowise,10.15,0.016,9.246,0.015,68.2,72.0,17561.0,257.56,14416.0,200.21,AA
271.7111587,69.8244752,59625.92201064,,,,,,,,,0000,1.0,114.19599914550781,00,1,neowise,10.148,0.018,9.254,0.016,61.9,66.5,17589.0,284.03,14310.0,215.22,AA
271.711187,69.8244647,59626.05265958,,,,,,,,,0000,1.0,113.30899810791016,00,1,neowise,10.148,0.022,9.243,0.016,49.0,69.6,17593.0,358.9,14462.0,207.88,AA
271.711152,69.8244616,59626.31383012,,,,,,,,,0000,1.0,81.93800354003906,00,1,neowise,10.128,0.018,9.212,0.015,61.2,70.9,17915.0,292.83,14879.0,209.75,AA
271.711175,69.8244581,59626.57512796,,,,,,,,,0000,1.0,76.28099822998047,00,1,neowise,10.139,0.017,9.219,0.017,65.5,64.0,17730.0,270.7,14783.0,230.83,AA
271.7111789,69.8244709,59626.83642576,,,,,,,,,0000,1.0,104.91000366210938,00,1,neowise,10.094,0.017,9.213,0.018,62.8,61.1,18478.0,294.37,14871.0,243.21,AA
271.711199,69.8244696,59627.09759628,,,,,,,,,0000,1.0,108.68199920654297,00,1,neowise,10.126,0.018,9.214,0.015,60.2,70.7,17945.0,297.89,14848.0,209.99,AA
271.7111534,69.8244754,59627.22824575,,,,,,,,,0000,0.5,92.12799835205078,00,1,neowise,10.126,0.017,9.209,0.014,64.9,78.0,17952.0,276.8,14915.0,191.31,AA
271.7110722,69.8244707,59628.66512925,,,,,,,,,0000,0.5,83.14199829101562,00,1,neowise,10.132,0.015,9.224,0.015,70.7,74.3,17851.0,252.36,14715.0,198.03,AA
271.7110664,69.824477,59629.71019323,,,,,,,,,0000,0.5,88.26000213623047,00,1,neowise,10.138,0.015,9.228,0.014,70.8,76.2,17755.0,250.9,14666.0,192.5,AA
271.711091,69.8244766,59625.39941494,,,,,,,,,0000,1.0,75.43099975585938,00,1,neowise,10.089,0.02,9.209,0.013,55.3,81.5,18564.0,335.86,14922.0,183.12,AA
271.7111091,69.8245097,59628.01201203,,,,,,,,,0000,0.5,116.07099914550781,00,1,neowise,10.161,0.015,9.231,0.014,71.9,76.2,17373.0,241.5,14626.0,192.0,AA
271.7111125,69.8244867,59628.40395877,,,,,,,,,0000,1.0,74.61599731445312,00,1,neowise,10.15,0.019,9.224,0.014,58.6,77.1,17546.0,299.18,14717.0,190.89,AA
271.7111124,69.8244814,59629.97136375,,,,,,,,,0000,1.0,117.2229995727539,00,1,neowise,10.113,0.017,9.227,0.015,65.3,72.7,18157.0,277.94,14670.0,201.92,AA
271.7111221,69.8244892,59626.96694734,,,,,,,,,0000,1.0,116.88899993896484,00,1,neowise,10.124,0.018,9.222,0.014,60.0,77.9,17971.0,299.46,14742.0,189.3,AA
271.7110857,69.8244853,59628.27330983,,,,,,,,,0000,1.0,86.2040023803711,00,1,neowise,10.132,0.019,9.226,0.016,56.9,69.8,17850.0,313.96,14689.0,210.48,AA
271.7111042,69.8245033,59628.79577815,,,,,,,,,0000,0.5,99.50399780273438,00,1,neowise,10.139,0.015,9.201,0.017,71.4,64.4,17727.0,248.16,15036.0,233.41,AA
271.7110283,69.8244883,59628.92642709,,,,,,,,,0000,1.0,114.76799774169922,00,1,neowise,10.14,0.015,9.216,0.014,72.1,77.8,17715.0,245.63,14830.0,190.67,AA
271.7110952,69.824491,59629.31824648,,,,,,,,,0000,1.0,81.48500061035156,00,1,neowise,10.116,0.017,9.215,0.016,64.4,68.5,18118.0,281.45,14837.0,216.57,AA
271.7110685,69.8244825,59629.44889543,,,,,,,,,0000,1.0,74.22100067138672,00,1,neowise,10.138,0.015,9.231,0.014,72.8,75.9,17743.0,243.82,14621.0,192.75,AA
271.7110981,69.8244971,59629.57954428,,,,,,,,,0000,0.5,76.4469985961914,00,1,neowise,10.132,0.014,9.226,0.015,75.2,70.5,17852.0,237.27,14695.0,208.32,AA
271.7110216,69.8244876,59629.84084218,,,,,,,,,0000,0.5,105.53500366210938,00,1,neowise,10.136,0.02,9.225,0.016,55.0,70.0,17787.0,323.42,14696.0,209.82,AA
271.7110111,69.8247903,59446.88829609,,,,,,,,,0000,0.0,75.13899993896484,00,1,neowise,10.379,0.015,9.604,0.017,70.4,63.8,14215.0,201.9,10370.0,162.63,AA
271.7106483,69.824864,59451.46315854,,,,,,,,,0000,0.0,111.59500122070312,00,1,neowise,10.627,0.016,9.526,0.013,68.7,83.3,11310.0,164.71,11139.0,133.71,AA
271.7110403,69.8244374,59448.58749039,,,,,,,,,0000,0.5,97.16799926757812,00,1,neowise,10.015,0.02,9.151,0.014,53.1,77.6,19881.0,374.36,15738.0,202.74,AA
271.7110862,69.8244672,59448.84891472,,,,,,,,,0000,0.5,74.6989974975586,00,1,neowise,9.999,0.018,9.159,0.013,60.6,81.3,20178.0,333.2,15620.0,192.23,AA
271.7111411,69.824488,59448.32606611,,,,,,,,,0000,0.5,114.36499786376953,00,1,neowise,10.002,0.018,9.162,0.015,60.6,74.3,20125.0,332.37,15581.0,209.71,AA
271.7111478,69.8244608,59446.62687176,,,,,,,,,0000,0.0,92.03199768066406,00,1,neowise,10.255,0.015,9.378,0.015,70.4,70.9,15938.0,226.44,12767.0,180.17,AA
271.7111403,69.824465,59448.06464177,,,,,,,,,0000,1.0,83.41699981689453,00,1,neowise,10.042,0.019,9.153,0.014,57.1,78.2,19383.0,339.44,15717.0,200.96,AA
271.710848,69.8245218,59450.4174612,,,,,,,,,0000,0.0,115.20899963378906,00,1,neowise,10.232,0.018,9.306,0.018,60.6,60.2,16284.0,268.92,13640.0,226.63,AA
271.7104931,69.8245838,59448.97969058,,,,,,,,,0000,0.0,77.27100372314453,00,2,neowise,11.039,0.018,10.167,0.023,58.7,48.2,7737.4,131.78,6175.0,128.09,AA
271.7106544,69.8246194,59447.67256896,,,,,,,,,0000,0.0,86.38899993896484,00,1,neowise,11.066,0.017,10.197,0.019,64.6,57.9,7552.1,116.93,6006.7,103.7,AA
271.7106639,69.8246361,59448.71826619,,,,,,,,,0000,0.0,81.6050033569336,00,1,neowise,11.272,0.02,10.423,0.019,54.6,56.9,6245.0,114.42,4878.4,85.683,AA
271.7108237,69.8245718,59448.45684196,,,,,,,,,0000,0.0,112.0530014038086,00,1,neowise,11.091,0.018,10.275,0.019,61.8,57.6,7377.9,119.33,5589.2,97.04,AA
271.7110317,69.8244736,59449.11033968,,,,,,,,,0000,0.5,88.63600158691406,00,1,neowise,10.009,0.017,9.164,0.013,65.4,81.1,19992.0,305.48,15546.0,191.65,AA
271.7110055,69.8244594,59449.37176391,,,,,,,,,0000,0.0,117.15299987792969,00,1,neowise,10.059,0.018,9.198,0.014,61.8,79.1,19088.0,308.87,15076.0,190.71,AA
271.7109609,69.8244646,59449.63318821,,,,,,,,,0000,0.0,91.20700073242188,00,1,neowise,10.042,0.019,9.176,0.013,57.0,80.9,19385.0,339.85,15382.0,190.06,AA
271.7108669,69.8245018,59450.67888553,,,,,,,,,0000,0.0,85.66899871826172,00,1,neowise,10.392,0.019,9.437,0.018,58.5,61.9,14050.0,240.11,12091.0,195.41,AA
271.7109029,69.8244976,59448.19541766,,,,,,,,,0000,0.0,99.68099975585938,00,1,neowise,11.196,0.018,10.479,0.02,61.1,53.6,6699.2,109.62,4632.8,86.428,AA
271.71101,69.8244958,59449.89461253,,,,,,,,,0000,0.0,75.2979965209961,00,1,neowise,10.069,0.017,9.197,0.014,64.1,76.3,18907.0,294.94,15087.0,197.61,AA
271.7109029,69.8244916,59450.94030983,,,,,,,,,0000,0.0,76.0530014038086,00,1,neowise,10.203,0.017,9.313,0.017,65.4,65.2,16725.0,255.79,13560.0,207.81,AA
271.71096,69.8245746,59447.93399329,,,,,,,,,0000,0.0,75.84200286865234,00,2,neowise,10.946,0.017,10.139,0.019,62.9,56.2,8430.8,134.1,6337.3,112.77,AA
271.7098908,69.8257343,59447.41114476,,,,,,,,,0000,0.0,115.4020004272461,00,1,neowise,10.707,0.016,9.779,0.014,66.6,79.2,10508.0,157.84,8826.0,111.44,AA
271.711074,69.824466,59991.89016499,,,,,,,,,0000,1.0,114.41899871826172,00,1,neowise,10.029,0.017,9.141,0.02,63.0,54.9,19627.0,311.47,15883.0,289.48,AA
271.7110906,69.8244558,59992.54073668,,,,,,,,,0000,1.0,73.1500015258789,00,1,neowise,10.093,0.017,9.191,0.015,64.9,72.1,18508.0,285.12,15165.0,210.44,AA
271.7111036,69.8244641,59992.80101604,,,,,,,,,0000,1.0,101.74099731445312,00,1,neowise,10.053,0.017,9.21,0.015,63.4,71.5,19192.0,302.54,14904.0,208.37,AA
271.7110948,69.8244747,59993.97227331,,,,,,,,,0000,1.0,120.0999984741211,00,1,neowise,10.028,0.015,9.145,0.014,70.8,77.8,19645.0,277.64,15828.0,203.33,AA
271.7110936,69.8244726,59994.62284443,,,,,,,,,0000,1.0,78.33200073242188,00,1,neowise,9.978,0.015,9.13,0.014,72.0,76.6,20564.0,285.46,16053.0,209.57,AA
271.7111864,69.8244773,59990.45875581,,,,,,,,,0000,1.0,71.55799865722656,00,1,neowise,9.994,0.017,9.164,0.013,62.1,81.1,20263.0,326.45,15555.0,191.72,AA
271.7112033,69.8244759,59990.97931454,,,,,,,,,0000,1.0,119.62799835205078,00,1,neowise,10.027,0.015,9.165,0.014,71.3,75.5,19659.0,275.69,15537.0,205.83,AA
271.7111459,69.8244823,59991.10945425,,,,,,,,,0000,1.0,104.8740005493164,00,1,neowise,9.992,0.016,9.148,0.015,66.9,72.8,20296.0,303.27,15783.0,216.84,AA
271.7111675,69.824482,59991.36973372,,,,,,,,,0000,1.0,73.95700073242188,00,1,neowise,10.01,0.016,9.14,0.014,68.6,78.3,19966.0,291.22,15895.0,203.09,AA
271.7111996,69.8244975,59991.75989796,,,,,,,,,0000,1.0,95.7490005493164,00,1,neowise,10.036,0.021,9.167,0.015,51.4,74.5,19489.0,379.39,15507.0,208.05,AA
271.7111322,69.8244847,59992.15031708,,,,,,,,,0000,1.0,100.42400360107422,00,1,neowise,10.037,0.018,9.163,0.014,60.2,76.3,19484.0,323.88,15568.0,203.96,AA
271.7111197,69.8244816,59992.28045732,,,,,,,,,0000,1.0,82.89900207519531,00,1,neowise,10.043,0.017,9.196,0.013,63.4,81.8,19374.0,305.64,15096.0,184.45,AA
271.7111678,69.8244908,59992.28058463,,,,,,,,,0000,0.5,82.29000091552734,00,1,neowise,10.034,0.019,9.201,0.015,57.4,74.2,19539.0,340.59,15030.0,202.54,AA
271.7111135,69.824479,59994.23255267,,,,,,,,,0000,1.0,88.9489974975586,00,1,neowise,9.992,0.017,9.145,0.015,65.5,72.7,20311.0,309.87,15834.0,217.72,AA
271.7111819,69.8244879,59994.36256507,,,,,,,,,0000,0.5,74.7030029296875,00,1,neowise,10.015,0.017,9.123,0.015,64.3,74.2,19878.0,309.04,16152.0,217.69,AA
271.7111335,69.8244784,59995.01326351,,,,,,,,,0000,1.0,117.63800048828125,00,1,neowise,9.998,0.014,9.124,0.016,75.4,67.4,20200.0,267.87,16135.0,239.44,AA
271.7111164,69.8244727,59990.19834912,,,,,,,,,0000,1.0,94.36399841308594,00,1,neowise,9.988,0.019,9.153,0.014,55.8,76.6,20373.0,364.8,15713.0,205.21,AA
271.711162,69.824459,59990.32848878,,,,,,,,,0000,1.0,77.79399871826172,00,1,neowise,10.018,0.02,9.137,0.014,54.9,80.4,19816.0,360.75,15937.0,198.19,AA
271.7111622,69.8244631,59990.32861615,,,,,,,,,0000,1.0,77.072998046875,00,1,neowise,10.016,0.02,9.145,0.016,53.9,68.1,19853.0,368.38,15833.0,232.41,AA
271.71118,69.8244682,59990.58889546,,,,,,,,,0000,1.0,75.27300262451172,00,1,neowise,10.008,0.016,9.156,0.013,67.2,80.6,20015.0,298.04,15667.0,194.29,AA
271.7111807,69.8244732,59990.71903513,,,,,,,,,0000,1.0,90.05999755859375,00,1,neowise,10.062,0.016,9.176,0.013,67.3,83.2,19027.0,282.85,15387.0,184.91,AA
271.7111925,69.8244668,59990.84917484,,,,,,,,,0000,1.0,108.93499755859375,00,1,neowise,10.032,0.018,9.161,0.017,61.9,64.2,19562.0,316.16,15599.0,242.92,AA
271.7112014,69.8244735,59991.23959396,,,,,,,,,0000,1.0,88.18900299072266,00,1,neowise,9.995,0.018,9.158,0.016,62.0,67.5,20238.0,326.23,15644.0,231.7,AA
271.7111145,69.8244737,59991.499364,,,,,,,,,0000,1.0,74.93399810791016,00,1,neowise,10.019,0.016,9.166,0.015,69.9,72.4,19802.0,283.18,15517.0,214.28,AA
271.7111471,69.8244621,59991.62988566,,,,,,,,,0000,1.0,79.24299621582031,00,1,neowise,10.021,0.018,9.178,0.016,59.9,69.9,19761.0,329.81,15360.0,219.69,AA
271.7111568,69.8244608,59991.76002528,,,,,,,,,0000,1.0,95.78600311279297,00,1,neowise,10.03,0.018,9.19,0.015,61.6,72.9,19602.0,318.34,15182.0,208.17,AA
271.7112096,69.8244754,59991.89003767,,,,,,,,,0000,1.0,113.74400329589844,00,1,neowise,10.038,0.021,9.159,0.015,52.9,73.7,19462.0,368.18,15620.0,211.98,AA
271.7111239,69.8244653,59992.02017733,,,,,,,,,0000,1.0,116.87200164794922,00,1,neowise,10.039,0.019,9.174,0.014,58.0,76.2,19435.0,334.97,15412.0,202.28,AA
271.7111375,69.8244754,59992.67087639,,,,,,,,,0000,1.0,83.66300201416016,00,1,neowise,10.066,0.016,9.219,0.015,67.3,74.4,18960.0,281.87,14783.0,198.66,AA
271.7111185,69.8244734,59993.45171454,,,,,,,,,0000,0.5,71.5770034790039,00,1,neowise,10.077,0.015,9.202,0.014,72.7,77.6,18779.0,258.39,15013.0,193.4,AA
271.7111822,69.8244734,59994.36269238,,,,,,,,,0000,1.0,73.93699645996094,00,1,neowise,9.986,0.018,9.12,0.015,61.9,71.0,20411.0,329.68,16200.0,228.33,AA
271.7111403,69.824466,59994.7529841,,,,,,,,,0000,1.0,94.7760009765625,00,1,neowise,9.99,0.014,9.116,0.014,75.0,77.7,20331.0,271.22,16259.0,209.19,AA
271.7111753,69.8244611,59994.88312381,,,,,,,,,0000,1.0,113.20700073242188,00,1,neowise,9.983,0.015,9.073,0.014,73.4,77.9,20481.0,278.99,16906.0,216.98,AA
271.7111227,69.8244732,59995.14353058,,,,,,,,,0000,1.0,100.125,00,1,neowise,10.007,0.015,9.166,0.014,74.3,76.3,20017.0,269.29,15530.0,203.66,AA
271.7111296,69.8244723,59995.27367024,,,,,,,,,0000,1.0,82.83100128173828,00,1,neowise,9.987,0.015,9.13,0.013,73.1,81.9,20397.0,279.17,16041.0,195.89,AA
271.7110643,69.824478,59992.02030469,,,,,,,,,0000,1.0,117.06800079345703,00,1,neowise,10.033,0.018,9.179,0.015,59.6,72.6,19558.0,327.88,15342.0,211.2,AA
271.7110852,69.8244765,59992.1504444,,,,,,,,,0000,1.0,99.73699951171875,00,1,neowise,10.043,0.018,9.198,0.016,59.6,69.4,19377.0,325.25,15066.0,217.01,AA
271.7110802,69.8244717,59993.06129546,,,,,,,,,0000,1.0,111.34300231933594,00,1,neowise,10.072,0.015,9.214,0.015,71.4,73.9,18857.0,264.2,14849.0,200.92,AA
271.7110737,69.8244761,59993.84213361,,,,,,,,,0000,0.5,107.97699737548828,00,1,neowise,10.046,0.015,9.162,0.016,73.2,67.1,19325.0,263.89,15583.0,232.34,AA
271.7111129,69.8244811,59990.06820947,,,,,,,,,0000,1.0,110.61799621582031,00,1,neowise,10.012,0.017,9.134,0.016,65.4,67.9,19924.0,304.86,15983.0,235.32,AA
271.7110993,69.8244851,59992.41059701,,,,,,,,,0000,1.0,72.20899963378906,00,1,neowise,10.067,0.018,9.202,0.014,61.6,77.5,18946.0,307.79,15021.0,193.71,AA
271.7110119,69.8245049,59992.9311558,,,,,,,,,0000,0.0,117.92500305175781,00,1,neowise,10.108,0.015,9.221,0.015,70.8,74.4,18243.0,257.73,14763.0,198.41,AA
271.711081,69.8244818,59993.19092586,,,,,,,,,0000,1.0,96.26499938964844,00,1,neowise,10.041,0.017,9.197,0.015,63.7,70.9,19400.0,304.77,15081.0,212.85,AA
271.7110451,69.8244941,59993.32157483,,,,,,,,,0000,0.5,77.97000122070312,00,1,neowise,10.083,0.016,9.214,0.016,68.4,67.0,18670.0,273.04,14847.0,221.51,AA
271.7110771,69.8245004,59993.58185419,,,,,,,,,0000,0.5,74.81500244140625,00,1,neowise,10.063,0.015,9.174,0.016,73.8,68.4,19010.0,257.69,15405.0,225.16,AA
271.711098,69.8244794,59993.7119939,,,,,,,,,0000,1.0,89.08499908447266,00,1,neowise,10.032,0.015,9.195,0.018,74.3,60.3,19571.0,263.42,15119.0,250.73,AA
271.7111038,69.8244891,59994.10241302,,,,,,,,,0000,0.5,105.51100158691406,00,1,neowise,10.011,0.015,9.139,0.014,71.1,76.7,19958.0,280.87,15919.0,207.43,AA
271.7110984,69.8244294,57810.19801031,,,,,,,,,0000,0.5,92.90299987792969,00,1,neowise,10.143,0.015,9.389,0.017,70.7,65.3,17693.0,250.18,12647.0,193.61,AA
271.7111751,69.8244801,57806.00666552,,,,,,,,,0000,1.0,114.4209976196289,00,1,neowise,10.179,0.019,9.341,0.015,58.5,71.0,17106.0,292.64,13213.0,186.08,AA
271.7111546,69.8244778,57806.00679284,,,,,,,,,0000,1.0,114.88300323486328,00,1,neowise,10.198,0.021,9.35,0.017,51.6,64.1,16809.0,325.75,13111.0,204.52,AA
271.7112524,69.8244804,57806.66156694,,,,,,,,,0000,1.0,85.53099822998047,00,1,neowise,10.183,0.019,9.38,0.015,57.2,70.3,17049.0,298.26,12756.0,181.33,AA
271.7111699,69.8244837,57806.79259819,,,,,,,,,0000,1.0,101.9800033569336,00,1,neowise,10.185,0.017,9.385,0.015,62.4,71.3,17011.0,272.79,12689.0,177.97,AA
271.7112151,69.8244848,57807.05453336,,,,,,,,,0000,1.0,110.59300231933594,00,1,neowise,10.204,0.017,9.383,0.014,62.4,78.0,16717.0,267.99,12712.0,163.01,AA
271.7112026,69.8244816,57807.18556464,,,,,,,,,0000,1.0,94.58599853515625,00,1,neowise,10.202,0.016,9.356,0.015,66.4,71.9,16751.0,252.43,13032.0,181.32,AA
271.711205,69.8244802,57807.44749971,,,,,,,,,0000,1.0,74.65599822998047,00,1,neowise,10.198,0.017,9.377,0.015,65.6,71.3,16810.0,256.41,12791.0,179.41,AA
271.7111692,69.8244824,57807.57853096,,,,,,,,,0000,1.0,77.87899780273438,00,1,neowise,10.204,0.018,9.38,0.016,61.3,67.8,16725.0,272.71,12751.0,188.15,AA
271.7111778,69.8244841,57807.70943541,,,,,,,,,0000,1.0,91.18800354003906,00,1,neowise,10.206,0.015,9.368,0.015,70.5,71.7,16697.0,236.84,12892.0,179.79,AA
271.711152,69.824481,57807.84046664,,,,,,,,,0000,1.0,108.10900115966797,00,1,neowise,10.186,0.016,9.372,0.016,67.6,66.7,17006.0,251.63,12851.0,192.61,AA
271.7111843,69.824488,57808.10240185,,,,,,,,,0000,1.0,105.33499908447266,00,1,neowise,10.186,0.015,9.391,0.018,72.1,61.6,17005.0,235.99,12624.0,204.97,AA
271.7111408,69.8244869,57808.36433703,,,,,,,,,0000,1.0,76.11499786376953,00,1,neowise,10.191,0.016,9.348,0.016,68.8,69.0,16917.0,245.84,13136.0,190.37,AA
271.7111156,69.8244807,57808.62627209,,,,,,,,,0000,1.0,81.88700103759766,00,1,neowise,10.181,0.016,9.325,0.016,69.7,69.8,17075.0,244.88,13419.0,192.38,AA
271.711109,69.8244734,57805.61382647,,,,,,,,,0000,1.0,80.66400146484375,00,1,neowise,10.167,0.017,9.364,0.015,65.1,72.8,17300.0,265.77,12945.0,177.9,AA
271.7111253,69.8244594,57805.7447303,,,,,,,,,0000,1.0,95.64099884033203,00,1,neowise,10.139,0.02,9.335,0.015,53.5,71.5,17754.0,332.04,13293.0,185.9,AA
271.7111427,69.8244571,57806.26872795,,,,,,,,,0h00,1.0,84.1240005493164,00,1,neowise,10.189,0.017,9.455,0.015,64.3,72.4,16953.0,263.47,11899.0,164.34,AA
271.7111196,69.8244639,57806.53066307,,,,,,,,,0000,1.0,75.95800018310547,00,1,neowise,10.194,0.016,9.419,0.015,70.0,71.2,16882.0,241.15,12301.0,172.66,AA
271.7111609,69.8244728,57806.92362943,,,,,,,,,0000,1.0,115.92400360107422,00,1,neowise,10.175,0.017,9.394,0.015,65.2,71.3,17169.0,263.32,12592.0,176.65,AA
271.7111454,69.8244623,57807.31646847,,,,,,,,,0000,1.0,79.78299713134766,00,1,neowise,10.199,0.018,9.377,0.015,61.2,73.0,16792.0,274.59,12785.0,175.19,AA
271.7111769,69.8244761,57807.57840359,,,,,,,,,0000,1.0,78.20500183105469,00,1,neowise,10.229,0.019,9.357,0.015,57.3,71.5,16333.0,285.24,13027.0,182.21,AA
271.7111986,69.8244686,57807.97137057,,,,,,,,,0000,1.0,116.5739974975586,00,1,neowise,10.203,0.017,9.354,0.015,65.6,71.5,16730.0,255.16,13064.0,182.64,AA
271.7111434,69.8244701,57808.2334331,,,,,,,,,0000,1.0,88.22100067138672,00,1,neowise,10.157,0.019,9.365,0.015,57.0,70.4,17459.0,306.27,12929.0,183.75,AA
271.7111717,69.8244716,57808.23330573,,,,,,,,,0000,1.0,88.74400329589844,00,1,neowise,10.168,0.018,9.356,0.014,61.5,76.5,17281.0,281.06,13035.0,170.34,AA
271.7111236,69.8244662,57808.75730333,,,,,,,,,0000,1.0,97.51599884033203,00,1,neowise,10.159,0.016,9.382,0.014,69.0,76.4,17421.0,252.32,12733.0,166.64,AA
271.711167,69.8244691,57808.8882073,,,,,,,,,0000,1.0,112.84200286865234,00,1,neowise,10.17,0.017,9.36,0.016,65.7,69.6,17250.0,262.72,12988.0,186.59,AA
271.7111156,69.8244753,57809.8050439,,,,,,,,,0000,1.0,103.61699676513672,00,1,neowise,10.155,0.016,9.353,0.015,67.0,71.9,17495.0,261.14,13073.0,181.81,AA
271.7111238,69.8244747,57810.32904155,,,,,,,,,0000,1.0,78.14199829101562,00,1,neowise,10.146,0.015,9.336,0.015,72.6,72.0,17633.0,242.93,13276.0,184.39,AA
271.7110805,69.8244744,57809.54310874,,,,,,,,,0000,1.0,76.25499725341797,00,1,neowise,10.172,0.015,9.34,0.016,70.3,67.9,17213.0,244.75,13230.0,194.74,AA
271.7110339,69.8244789,57809.67413998,,,,,,,,,0000,1.0,86.84200286865234,00,1,neowise,10.201,0.015,9.347,0.014,70.3,75.0,16773.0,238.46,13150.0,175.29,AA
271.7111076,69.8244988,57806.39963183,,,,,,,,,0000,1.0,75.15299987792969,00,1,neowise,10.192,0.019,9.375,0.015,57.8,72.6,16899.0,292.43,12810.0,176.36,AA
271.7111176,69.8244882,57809.0192385,,,,,,,,,0000,0.5,114.0,00,1,neowise,10.166,0.015,9.34,0.014,72.9,77.8,17316.0,237.58,13227.0,169.97,AA
271.7110853,69.8244925,57805.87576155,,,,,,,,,0000,1.0,111.61000061035156,00,1,neowise,10.177,0.017,9.348,0.014,64.6,78.4,17135.0,265.31,13129.0,167.53,AA
271.7110836,69.824481,57808.49536822,,,,,,,,,0000,0.5,75.02100372314453,00,1,neowise,10.155,0.017,9.347,0.015,62.8,72.2,17486.0,278.62,13144.0,182.06,AA
271.7110557,69.8244816,57809.28117362,,,,,,,,,0000,1.0,82.92900085449219,00,1,neowise,10.186,0.015,9.334,0.016,70.4,69.0,16995.0,241.54,13299.0,192.72,AA
271.7110848,69.8244806,57809.41220486,,,,,,,,,0000,1.0,74.08499908447266,00,1,neowise,10.161,0.016,9.35,0.015,65.9,74.6,17394.0,264.07,13113.0,175.83,AA
271.711102,69.8244861,57809.93607518,,,,,,,,,0000,1.0,116.81400299072266,00,1,neowise,10.171,0.015,9.319,0.014,70.4,77.7,17244.0,244.79,13493.0,173.56,AA
271.7110315,69.8244811,57810.06710644,,,,,,,,,0000,1.0,109.49099731445312,00,1,neowise,10.141,0.017,9.314,0.015,62.3,72.0,17720.0,284.32,13545.0,188.2,AA
271.7110622,69.8244815,57810.45994552,,,,,,,,,0000,1.0,74.69599914550781,00,1,neowise,10.125,0.015,9.33,0.015,72.4,72.8,17984.0,248.43,13358.0,183.41,AA
271.7110939,69.8244649,58533.05558451,,,,,,,,,0000,0.5,112.89600372314453,00,1,neowise,9.298,0.015,8.368,0.013,73.6,81.4,38477.0,522.73,32372.0,397.61,AA
271.7110964,69.8244627,58533.44816813,,,,,,,,,0000,0.5,74.31700134277344,00,1,neowise,9.257,0.014,8.318,0.014,75.5,78.8,39966.0,529.1,33889.0,429.94,AA
271.7110961,69.8244747,58535.01837538,,,,,,,,,0000,1.0,115.677001953125,00,1,neowise,9.233,0.014,8.319,0.012,75.7,87.7,40856.0,540.02,33864.0,386.28,AA
271.7111566,69.8244825,58530.70020935,,,,,,,,,0000,1.0,87.15699768066406,00,1,neowise,9.289,0.017,8.397,0.013,63.6,85.4,38798.0,610.01,31530.0,369.36,AA
271.7111436,69.8244898,58530.83111302,,,,,,,,,0000,1.0,104.05799865722656,00,1,neowise,9.308,0.016,8.397,0.013,67.1,84.7,38129.0,567.85,31515.0,372.28,AA
271.7111948,69.8244776,58530.96188936,,,,,,,,,0000,1.0,116.56600189208984,00,1,neowise,9.27,0.018,8.358,0.012,59.8,88.6,39480.0,660.12,32685.0,369.1,AA
271.7111897,69.8244879,58531.09279363,,,,,,,,,0000,1.0,109.14900207519531,00,1,neowise,9.279,0.015,8.363,0.013,71.5,85.0,39148.0,547.44,32531.0,382.62,AA
271.7112158,69.8244813,58531.48537726,,,,,,,,,0000,1.0,74.67500305175781,00,1,neowise,9.277,0.015,8.394,0.016,71.0,68.2,39217.0,552.24,31622.0,463.79,AA
271.7112069,69.8244784,58531.87796083,,,,,,,,,0000,0.5,109.84600067138672,00,1,neowise,9.265,0.016,8.36,0.014,66.1,78.7,39663.0,599.89,32619.0,414.27,AA
271.7111975,69.8244766,58532.00873722,,,,,,,,,0000,1.0,116.05599975585938,00,1,neowise,9.293,0.017,8.365,0.015,65.4,72.5,38659.0,591.09,32466.0,447.71,AA
271.7111286,69.8244819,58532.27054449,,,,,,,,,0000,1.0,86.41100311279297,00,1,neowise,9.273,0.016,8.368,0.014,68.5,76.9,39375.0,574.51,32366.0,420.65,AA
271.711143,69.8244841,58532.40132083,,,,,,,,,0000,1.0,75.33599853515625,00,1,neowise,9.266,0.015,8.376,0.014,72.7,77.1,39607.0,544.62,32145.0,416.68,AA
271.711196,69.8244768,58532.6630008,,,,,,,,,0000,1.0,83.06400299072266,00,1,neowise,9.255,0.016,8.37,0.014,69.6,79.6,40044.0,575.15,32303.0,406.05,AA
271.7111782,69.824465,58530.56943301,,,,,,,,,0000,0.5,76.04299926757812,00,1,neowise,9.304,0.016,8.422,0.012,67.5,92.3,38250.0,566.31,30802.0,333.55,AA
271.7111453,69.8244712,58530.96201672,,,,,,,,,0000,1.0,117.33699798583984,00,1,neowise,9.29,0.02,8.383,0.014,53.8,75.7,38741.0,719.67,31939.0,421.78,AA
271.7111519,69.8244752,58531.22369726,,,,,,,,,0000,1.0,92.52200317382812,00,1,neowise,9.268,0.017,8.384,0.011,64.6,96.8,39557.0,612.11,31888.0,329.48,AA
271.7111932,69.8244611,58531.35447355,,,,,,,,,0000,1.0,78.35900115966797,00,1,neowise,9.27,0.017,8.364,0.014,65.5,79.0,39470.0,602.99,32486.0,411.1,AA
271.7112177,69.8244721,58531.61615351,,,,,,,,,0000,1.0,79.06800079345703,00,1,neowise,9.281,0.02,8.36,0.013,55.5,84.4,39085.0,704.43,32601.0,386.16,AA
271.7111835,69.8244675,58531.74705716,,,,,,,,,0000,1.0,92.96399688720703,00,1,neowise,9.284,0.015,8.371,0.013,74.8,83.6,38966.0,521.13,32298.0,386.26,AA
271.7111354,69.8244594,58532.13964088,,,,,,,,,0000,0.5,103.66400146484375,00,1,neowise,9.271,0.015,8.319,0.014,70.5,79.4,39458.0,559.94,33856.0,426.65,AA
271.7111272,69.8244542,58533.31726447,,,,,,,,,0000,0.5,81.66100311279297,00,1,neowise,9.244,0.016,8.347,0.015,68.6,74.3,40423.0,588.96,33020.0,444.33,AA
271.7111154,69.824474,58533.97152809,,,,,,,,,0000,0.5,117.26499938964844,00,1,neowise,9.221,0.016,8.333,0.014,69.1,79.7,41308.0,598.04,33422.0,419.42,AA
271.711129,69.8244692,58534.36411181,,,,,,,,,0000,0.5,77.4489974975586,00,1,neowise,9.231,0.014,8.314,0.012,77.3,91.8,40934.0,529.35,34012.0,370.33,AA
271.7111136,69.8244694,58534.62579171,,,,,,,,,0000,1.0,79.67400360107422,00,1,neowise,9.241,0.015,8.319,0.014,74.8,80.0,40549.0,542.17,33856.0,423.16,AA
271.7111428,69.8244644,58534.88759907,,,,,,,,,0000,1.0,111.07599639892578,00,1,neowise,9.227,0.019,8.329,0.013,58.3,80.8,41057.0,703.81,33553.0,415.23,AA
271.7111617,69.8244744,58535.28005595,,,,,,,,,0000,1.0,85.68699645996094,00,1,neowise,9.219,0.016,8.307,0.013,68.2,83.2,41378.0,606.98,34230.0,411.52,AA
271.7110873,69.8244766,58532.79390446,,,,,,,,,0000,0.5,99.19300079345703,00,1,neowise,9.279,0.015,8.373,0.014,74.1,78.1,39143.0,528.55,32226.0,412.54,AA
271.711019,69.8244671,58532.92480811,,,,,,,,,0000,0.5,114.68599700927734,00,1,neowise,9.275,0.016,8.372,0.013,66.7,81.2,39301.0,589.59,32270.0,397.24,AA
271.7110505,69.8244664,58533.18648817,,,,,,,,,0000,0.5,97.5,00,1,neowise,9.251,0.015,8.345,0.013,74.5,83.0,40160.0,539.29,33071.0,398.39,AA
271.7110681,69.8244739,58533.57907174,,,,,,,,,0000,1.0,76.302001953125,00,1,neowise,9.25,0.017,8.348,0.014,65.0,79.6,40204.0,618.7,32967.0,414.22,AA
271.7110581,69.8244708,58533.70984808,,,,,,,,,0000,1.0,88.28500366210938,00,1,neowise,9.238,0.015,8.309,0.014,73.2,78.4,40673.0,555.27,34195.0,436.04,AA
271.7111067,69.8244827,58531.61628082,,,,,,,,,0000,1.0,78.62999725341797,00,1,neowise,9.277,0.017,8.38,0.015,62.6,72.6,39229.0,626.26,32027.0,441.26,AA
271.7111123,69.8244894,58535.41095966,,,,,,,,,0000,1.0,74.74600219726562,00,1,neowise,9.256,0.014,8.304,0.013,76.2,82.3,39977.0,524.9,34329.0,417.29,AA
271.7110708,69.824498,58532.53222446,,,,,,,,,0000,0.5,75.13999938964844,00,1,neowise,9.274,0.015,8.371,0.014,73.8,78.3,39322.0,532.85,32282.0,412.53,AA
271.7110401,69.8244861,58533.84075179,,,,,,,,,0000,1.0,105.39600372314453,00,1,neowise,9.227,0.014,8.31,0.012,77.2,87.6,41082.0,532.38,34144.0,389.68,AA
271.7110528,69.8244896,58534.10243179,,,,,,,,,0000,0.5,108.18499755859375,00,1,neowise,9.239,0.014,8.321,0.014,77.6,78.5,40615.0,523.21,33799.0,430.29,AA
271.7110603,69.8244839,58534.23333545,,,,,,,,,0000,1.0,91.1510009765625,00,1,neowise,9.235,0.015,8.315,0.014,70.4,77.9,40774.0,579.33,33999.0,436.49,AA
271.7110973,69.824482,58534.49501551,,,,,,,,,0000,0.5,74.61900329589844,00,1,neowise,9.225,0.014,8.317,0.013,75.0,84.7,41142.0,548.39,33926.0,400.64,AA
271.711074,69.8244815,58534.75669537,,,,,,,,,0000,0.5,94.31099700927734,00,1,neowise,9.223,0.015,8.329,0.014,73.7,78.8,41206.0,559.29,33548.0,425.83,AA
271.7111319,69.8244221,59077.51702792,,,,,,,,,0000,0.0,106.08200073242188,00,1,neowise,10.814,0.016,10.025,0.017,66.4,63.7,9525.7,143.4,7036.8,110.41,AA
271.7110105,69.8246148,59076.20914221,,,,,,,,,0000,0.0,101.16999816894531,00,2,neowise,10.92,0.018,10.193,0.018,61.3,60.3,8637.1,140.89,6027.1,99.983,AA
271.7110822,69.8244657,59262.30433752,,,,,,,,,0000,0.5,81.24600219726562,00,1,neowise,9.975,0.015,9.086,0.014,72.4,78.2,20628.0,284.92,16708.0,213.68,AA
271.7111024,69.824468,59265.57272421,,,,,,,,,0000,1.0,75.93800354003906,00,1,neowise,10.014,0.015,9.105,0.014,72.8,75.7,19892.0,273.37,16428.0,217.07,AA
271.7110985,69.8244666,59265.96543472,,,,,,,,,0000,1.0,119.4489974975586,00,1,neowise,10.02,0.015,9.112,0.014,70.5,76.4,19779.0,280.74,16319.0,213.66,AA
271.7111721,69.824485,59264.78870368,,,,,,,,,0000,0.5,98.47100067138672,00,1,neowise,10.029,0.015,9.117,0.013,72.5,81.5,19619.0,270.64,16234.0,199.29,AA
271.7111133,69.8244777,59262.95809116,,,,,,,,,0000,1.0,118.9229965209961,00,1,neowise,10.019,0.017,9.103,0.014,65.0,76.7,19803.0,304.72,16452.0,214.45,AA
271.711173,69.8244684,59263.08886741,,,,,,,,,0000,1.0,108.98400115966797,00,1,neowise,10.018,0.015,9.117,0.014,73.4,76.3,19828.0,270.32,16244.0,212.78,AA
271.7111082,69.8244598,59263.21913478,,,,,,,,,0000,1.0,93.9489974975586,00,1,neowise,10.004,0.014,9.123,0.014,75.4,77.4,20081.0,266.49,16157.0,208.62,AA
271.711147,69.8244714,59263.61197264,,,,,,,,,0000,1.0,76.1500015258789,00,1,neowise,9.985,0.015,9.112,0.013,73.3,85.2,20434.0,278.85,16317.0,191.55,AA
271.7111655,69.8244632,59263.74262153,,,,,,,,,0000,1.0,91.95500183105469,00,1,neowise,10.004,0.017,9.09,0.014,62.8,78.6,20071.0,319.83,16650.0,211.81,AA
271.7111419,69.8244576,59263.87339769,,,,,,,,,0000,1.0,110.53800201416016,00,1,neowise,10.075,0.016,9.129,0.014,67.7,75.1,18807.0,277.71,16061.0,213.97,AA
271.7111806,69.8244642,59264.00417394,,,,,,,,,0000,1.0,118.73500061035156,00,1,neowise,10.007,0.014,9.106,0.014,76.4,79.4,20027.0,262.09,16404.0,206.52,AA
271.7111326,69.8244713,59264.26572628,,,,,,,,,0000,0.5,85.80599975585938,00,1,neowise,10.015,0.016,9.11,0.014,68.7,79.6,19869.0,289.12,16343.0,205.26,AA
271.7111418,69.8244691,59264.39650249,,,,,,,,,0000,1.0,72.78900146484375,00,1,neowise,10.016,0.016,9.109,0.013,68.9,83.9,19868.0,288.26,16365.0,195.13,AA
271.7111659,69.8244731,59264.52676933,,,,,,,,,0000,1.0,74.78399658203125,00,1,neowise,10.033,0.017,9.102,0.013,62.7,80.9,19559.0,312.16,16461.0,203.35,AA
271.7111724,69.8244584,59264.65792752,,,,,,,,,0000,0.5,80.96299743652344,00,1,neowise,10.021,0.014,9.114,0.015,76.9,74.2,19762.0,257.14,16281.0,219.37,AA
271.7111974,69.8244621,59264.91947993,,,,,,,,,0000,1.0,116.25499725341797,00,1,neowise,10.004,0.015,9.114,0.015,72.2,71.5,20079.0,278.2,16290.0,227.78,AA
271.711222,69.8244558,59265.05025609,,,,,,,,,0000,1.0,114.12899780273438,00,1,neowise,10.001,0.016,9.1,0.014,67.3,80.3,20139.0,299.18,16496.0,205.39,AA
271.7111323,69.8244738,59265.31168112,,,,,,,,,0000,1.0,80.35299682617188,00,1,neowise,10.024,0.015,9.124,0.013,74.0,82.9,19709.0,266.26,16134.0,194.59,AA
271.7111785,69.8244665,59265.44245737,,,,,,,,,0000,1.0,71.62899780273438,00,1,neowise,10.021,0.015,9.126,0.014,72.7,80.3,19764.0,272.03,16106.0,200.56,AA
271.7111773,69.8244622,59265.70400968,,,,,,,,,0000,1.0,86.5780029296875,00,1,neowise,10.014,0.016,9.092,0.014,69.6,78.0,19899.0,285.75,16621.0,213.08,AA
271.7111503,69.8244686,59265.83478588,,,,,,,,,0000,1.0,105.41200256347656,00,1,neowise,9.986,0.019,9.1,0.015,56.4,73.3,20416.0,361.88,16492.0,225.11,AA
271.7111286,69.8244668,59266.09621097,,,,,,,,,0000,1.0,107.9489974975586,00,1,neowise,10.011,0.014,9.113,0.013,76.8,80.9,19957.0,259.9,16305.0,201.61,AA
271.7110869,69.8244785,59261.51942578,,,,,,,,,0000,0.5,74.50499725341797,00,1,neowise,9.97,0.018,9.087,0.014,59.6,78.4,20713.0,347.35,16700.0,213.08,AA
271.7110903,69.8244777,59261.65058392,,,,,,,,,0000,1.0,80.0739974975586,00,1,neowise,9.96,0.015,9.068,0.015,71.8,73.6,20908.0,291.11,16996.0,231.06,AA
271.7110536,69.8244688,59262.17317936,,,,,,,,,0000,0.5,99.90699768066406,00,1,neowise,9.965,0.015,9.093,0.016,74.0,69.4,20814.0,281.1,16601.0,239.24,AA
271.7110697,69.8244697,59262.43511367,,,,,,,,,0000,1.0,72.01100158691406,00,1,neowise,9.984,0.015,9.084,0.014,73.4,79.8,20456.0,278.67,16745.0,209.92,AA
271.7110021,69.8244791,59264.13444073,,,,,,,,,0000,1.0,104.94000244140625,00,1,neowise,10.002,0.014,9.045,0.014,75.4,77.3,20108.0,266.72,17346.0,224.51,AA
271.7110742,69.8244817,59261.78136008,,,,,,,,,0000,1.0,97.36599731445312,00,1,neowise,9.971,0.015,9.059,0.015,71.1,74.1,20692.0,290.86,17137.0,231.14,AA
271.7110512,69.824499,59261.91213632,,,,,,,,,0000,0.5,115.23500061035156,00,1,neowise,9.971,0.015,9.067,0.014,72.2,79.4,20695.0,286.65,17004.0,214.05,AA
271.7110386,69.8244818,59262.04291252,,,,,,,,,0000,0.5,115.36399841308594,00,1,neowise,9.988,0.015,9.051,0.013,72.0,83.5,20378.0,283.1,17254.0,206.73,AA
271.7110325,69.8244855,59262.69666608,,,,,,,,,0000,1.0,85.62999725341797,00,1,neowise,9.994,0.015,9.094,0.016,72.6,69.7,20271.0,279.12,16581.0,237.97,AA
271.7111033,69.8244859,59262.82744233,,,,,,,,,0000,1.0,104.28700256347656,00,1,neowise,10.001,0.016,9.091,0.016,67.3,69.6,20127.0,298.87,16639.0,238.95,AA
271.7110996,69.8244853,59263.35042029,,,,,,,,,0000,1.0,76.22000122070312,00,1,neowise,10.014,0.015,9.121,0.015,74.0,73.3,19891.0,268.64,16173.0,220.76,AA
271.7111039,69.8244908,59263.48119649,,,,,,,,,0000,0.5,71.75599670410156,00,1,neowise,10.005,0.015,9.091,0.016,73.0,67.1,20064.0,274.7,16637.0,247.8,AA
271.7110979,69.8244737,59619.12903007,,,,,,,,,0000,0.5,105.03600311279297,00,1,neowise,10.054,0.017,9.191,0.013,62.5,81.7,19185.0,307.19,15168.0,185.74,AA
271.7111034,69.8244641,59619.26018824,,,,,,,,,0000,1.0,86.38899993896484,00,1,neowise,10.054,0.018,9.17,0.015,58.9,72.2,19177.0,325.49,15463.0,214.08,AA
271.7111534,69.8244797,59618.60694369,,,,,,,,,0000,0.5,76.78600311279297,00,1,neowise,10.069,0.015,9.174,0.013,70.1,85.3,18917.0,269.81,15411.0,180.76,AA
271.7111496,69.8244798,59618.73759259,,,,,,,,,0000,1.0,91.8740005493164,00,1,neowise,10.064,0.016,9.161,0.012,66.3,88.2,19001.0,286.48,15602.0,176.81,AA
271.7111381,69.8244738,59618.86824154,,,,,,,,,0000,1.0,110.24800109863281,00,1,neowise,10.069,0.017,9.188,0.013,63.6,81.2,18910.0,297.56,15209.0,187.25,AA
271.7111268,69.8244924,59618.99889049,,,,,,,,,0000,0.5,118.48300170898438,00,1,neowise,10.104,0.018,9.196,0.013,61.7,82.5,18321.0,297.01,15107.0,183.01,AA
271.7111125,69.8245051,59619.39083719,,,,,,,,,0000,0.5,73.36299896240234,00,1,neowise,10.065,0.02,9.151,0.015,55.0,74.7,18976.0,345.01,15738.0,210.63,AA
271.711093,69.8244818,59619.65200766,,,,,,,,,0000,1.0,81.0999984741211,00,1,neowise,10.005,0.02,9.184,0.015,53.0,71.3,20066.0,378.61,15262.0,213.93,AA
271.7111947,69.8244567,58536.58858324,,,,,,,,,0000,1.0,77.15799713134766,00,1,neowise,9.221,0.014,8.295,0.014,79.8,78.0,41309.0,517.9,34630.0,443.96,AA
271.7111746,69.8244631,58536.71948685,,,,,,,,,0000,1.0,89.46499633789062,00,1,neowise,9.247,0.014,8.325,0.013,75.3,81.4,40317.0,535.18,33695.0,413.73,AA
271.7111784,69.8244566,58536.85026325,,,,,,,,,0000,1.0,106.39199829101562,00,1,neowise,9.248,0.017,8.341,0.015,64.6,73.7,40289.0,623.92,33180.0,449.93,AA
271.7111963,69.8244424,58536.85039057,,,,,,,,,0000,1.0,106.75599670410156,00,1,neowise,9.222,0.019,8.328,0.013,57.9,80.6,41246.0,712.28,33581.0,416.89,AA
271.7111903,69.8244616,58536.98116696,,,,,,,,,0000,1.0,117.35399627685547,00,1,neowise,9.254,0.014,8.338,0.013,75.8,82.3,40064.0,528.34,33287.0,404.27,AA
271.7111635,69.8244499,58537.11207057,,,,,,,,,0000,1.0,107.04199981689453,00,1,neowise,9.278,0.015,8.318,0.013,70.8,81.4,39195.0,553.75,33897.0,416.26,AA
271.7111455,69.8244712,58537.24284691,,,,,,,,,0000,1.0,90.22200012207031,00,1,neowise,9.281,0.014,8.357,0.013,80.1,83.0,39081.0,487.69,32713.0,394.28,AA
271.7111071,69.8244714,58537.37375047,,,,,,,,,0000,0.5,76.55400085449219,00,1,neowise,9.265,0.014,8.365,0.013,76.7,85.3,39658.0,516.82,32475.0,380.67,AA
271.7111246,69.824461,58537.50452687,,,,,,,,,0000,0.5,74.97899627685547,00,1,neowise,9.294,0.017,8.386,0.013,64.9,84.9,38607.0,595.08,31847.0,375.03,AA
271.7111092,69.8244846,58537.63543049,,,,,,,,,0000,1.0,80.34100341796875,00,1,neowise,9.311,0.014,8.381,0.014,75.5,79.2,38029.0,503.87,31980.0,404.02,AA
271.7111339,69.8244843,58890.09084997,,,,,,,,,0000,1.0,109.91400146484375,00,1,neowise,9.8,0.019,8.923,0.014,57.4,77.0,24229.0,421.75,19417.0,252.31,AA
271.7111445,69.82449,58890.35240227,,,,,,,,,0000,1.0,79.13099670410156,00,1,neowise,9.801,0.015,8.909,0.011,73.7,97.4,24207.0,328.45,19664.0,201.84,AA
271.7112103,69.8244765,58890.48317848,,,,,,,,,0000,1.0,75.01499938964844,00,1,neowise,9.752,0.018,8.873,0.015,60.6,70.9,25319.0,417.94,20337.0,286.76,AA
271.7111255,69.8244823,58890.61408201,,,,,,,,,0000,1.0,78.41400146484375,00,1,neowise,9.791,0.019,8.907,0.017,56.5,63.0,24435.0,432.56,19710.0,312.96,AA
271.7111922,69.8244916,58891.3988665,,,,,,,,,0000,1.0,76.06300354003906,00,1,neowise,9.787,0.015,8.9,0.013,70.3,83.6,24519.0,349.02,19835.0,237.38,AA
271.7111282,69.8244609,58890.87563441,,,,,,,,,0000,1.0,108.5770034790039,00,1,neowise,9.761,0.016,8.908,0.015,69.8,74.1,25109.0,359.83,19688.0,265.81,AA
271.7111278,69.8244695,58891.00641058,,,,,,,,,0000,1.0,115.96900177001953,00,1,neowise,9.769,0.019,8.884,0.016,58.6,66.9,24925.0,425.29,20131.0,300.92,AA
271.7111988,69.8244566,58891.00653794,,,,,,,,,0000,1.0,116.5479965209961,00,1,neowise,9.792,0.019,8.897,0.016,57.1,69.1,24417.0,427.43,19896.0,287.9,AA
271.7111105,69.8244677,58891.13731416,,,,,,,,,0000,1.0,104.58200073242188,00,1,neowise,9.786,0.018,8.902,0.014,61.9,78.4,24544.0,396.36,19800.0,252.6,AA
271.7111069,69.8244676,58891.26809029,,,,,,,,,0000,1.0,87.75800323486328,00,1,neowise,9.799,0.016,8.92,0.014,68.5,80.3,24252.0,353.9,19463.0,242.3,AA
271.7111361,69.8244987,58890.22162615,,,,,,,,,0000,1.0,93.677001953125,00,1,neowise,9.819,0.017,8.946,0.012,65.2,88.9,23805.0,364.84,19010.0,213.75,AA
271.7111176,69.8244835,58890.74485814,,,,,,,,,0000,1.0,92.03299713134766,00,1,neowise,9.768,0.018,8.899,0.013,61.7,83.7,24946.0,404.03,19846.0,236.99,AA
271.711063,69.8244626,56907.29554377,,,,,,,,,0000,1.0,117.38899993896484,00,1,neowise,10.156,0.014,9.294,0.014,76.8,74.9,17434.0,226.99,13776.0,183.91,AA
271.7110975,69.8244706,56906.63784294,,,,,,,,,0000,1.0,82.38600158691406,00,1,neowise,10.184,0.015,9.297,0.013,72.1,82.1,16987.0,235.49,13739.0,167.3,AA
271.7110949,69.8244461,56907.42708391,,,,,,,,,0000,1.0,108.95899963378906,00,1,neowise,10.145,0.014,9.276,0.014,76.9,78.5,17609.0,229.13,14001.0,178.47,AA
271.7110859,69.8244517,56905.84847465,,,,,,,,,0000,1.0,74.97599792480469,00,1,neowise,10.169,0.013,9.306,0.014,81.4,79.7,17224.0,211.52,13624.0,170.84,AA
271.7110908,69.8244657,56906.76938311,,,,,,,,,0000,1.0,74.36699676513672,00,1,neowise,10.18,0.014,9.304,0.014,77.0,76.9,17054.0,221.55,13654.0,177.63,AA
271.7110801,69.824459,56906.2432225,,,,,,,,,0000,1.0,113.19400024414062,00,1,neowise,10.185,0.019,9.287,0.014,55.8,76.6,16980.0,304.3,13861.0,181.06,AA
271.7110662,69.8244532,56906.37476263,,,,,,,,,0000,1.0,113.39900207519531,00,1,neowise,10.18,0.015,9.295,0.015,70.8,74.4,17051.0,240.89,13769.0,185.01,AA
271.7111238,69.8244797,56902.55971698,,,,,,,,,0000,1.0,91.64800262451172,00,1,neowise,10.121,0.014,9.27,0.014,77.4,77.8,18006.0,232.66,14089.0,181.18,AA
271.7111739,69.8244765,56905.58539373,,,,,,,,,0000,1.0,88.41300201416016,00,1,neowise,10.175,0.014,9.296,0.014,75.4,79.4,17129.0,227.05,13749.0,173.15,AA
271.7111202,69.8244565,56905.98001483,,,,,,,,,0000,1.0,81.55500030517578,00,1,neowise,10.187,0.015,9.29,0.014,73.2,78.7,16943.0,231.6,13833.0,175.72,AA
271.7111044,69.8244584,56907.16400365,,,,,,,,,0000,1.0,104.53900146484375,00,1,neowise,10.155,0.015,9.296,0.014,72.8,76.2,17456.0,239.69,13747.0,180.39,AA
271.7111183,69.8244743,56902.69125711,,,,,,,,,0000,1.0,77.63800048828125,00,1,neowise,10.151,0.014,9.26,0.015,75.7,72.0,17511.0,231.35,14216.0,197.32,AA
271.7111372,69.8244742,56907.03246347,,,,,,,,,0000,1.0,87.33200073242188,00,1,neowise,10.173,0.015,9.311,0.014,74.4,77.2,17164.0,230.54,13566.0,175.81,AA
271.7111184,69.824448,56905.71693447,,,,,,,,,0000,1.0,75.98600006103516,00,1,neowise,10.176,0.014,9.302,0.014,79.0,78.0,17125.0,216.82,13677.0,175.42,AA
271.7111116,69.8244453,56906.90092329,,,,,,,,,0000,1.0,76.1729965209961,00,1,neowise,10.172,0.014,9.31,0.013,77.2,81.6,17189.0,222.66,13571.0,166.39,AA
271.7111835,69.8244368,56905.45385354,,,,,,,,,0000,1.0,105.49400329589844,00,1,neowise,10.168,0.015,9.313,0.014,74.8,78.3,17253.0,230.79,13537.0,172.92,AA
271.7110704,69.824478,56906.5063028,,,,,,,,,0000,1.0,98.68699645996094,00,1,neowise,10.181,0.015,9.29,0.015,73.1,74.6,17038.0,233.23,13825.0,185.33,AA
271.7115721,69.8243735,57633.08483684,,,,,,,,,0000,0.0,90.22899627685547,00,1,neowise,11.317,0.021,10.324,0.02,51.3,54.0,6001.2,117.01,5345.7,98.909,AA
271.711071,69.8244546,57632.42967859,,,,,,,,,0000,0.5,111.53500366210938,00,1,neowise,10.074,0.016,9.25,0.015,69.7,74.0,18853.0,270.56,14378.0,194.17,AA
271.7110922,69.8244421,57633.73986389,,,,,,,,,0000,1.0,76.58200073242188,00,1,neowise,10.056,0.017,9.182,0.015,64.1,71.2,19160.0,298.84,15299.0,214.99,AA
271.711086,69.8244246,57634.00192569,,,,,,,,,0000,0.5,81.08300018310547,00,1,neowise,10.034,0.015,9.201,0.012,71.4,89.5,19557.0,273.98,15040.0,168.1,AA
271.7110342,69.8244443,57634.26398749,,,,,,,,,0000,0.5,112.19100189208984,00,1,neowise,10.042,0.016,9.229,0.013,69.3,85.2,19418.0,280.2,14660.0,172.11,AA
271.7112792,69.8244435,57630.9884667,,,,,,,,,0000,0.0,80.16899871826172,00,1,neowise,11.145,0.02,10.178,0.019,54.4,58.7,7024.9,129.06,6114.4,104.21,AA
271.7111847,69.8244835,57632.82277503,,,,,,,,,0000,0.0,74.78199768066406,00,2,neowise,11.113,0.018,9.99,0.016,59.4,67.1,7239.6,121.78,7270.5,108.38,AA
271.7112632,69.8244779,57632.95380596,,,,,,,,,0000,0.0,77.7239990234375,00,1,neowise,11.262,0.018,10.175,0.017,60.9,62.2,6309.8,103.63,6134.1,98.602,AA
271.7111343,69.8244808,57629.80918962,,,,,,,,,0000,0.5,74.26000213623047,00,1,neowise,10.055,0.018,9.266,0.017,61.4,62.0,19177.0,312.57,14168.0,228.37,AA
271.7112431,69.8244652,57631.64349325,,,,,,,,,0000,0.5,85.302001953125,00,1,neowise,10.075,0.02,9.26,0.016,54.0,66.4,18837.0,349.11,14247.0,214.68,AA
271.711163,69.8244599,57631.77452406,,,,,,,,,0000,1.0,74.98899841308594,00,1,neowise,10.017,0.018,9.273,0.014,62.0,78.9,19857.0,320.46,14076.0,178.3,AA
271.7111979,69.8244528,57631.90555486,,,,,,,,,0000,1.0,75.52999877929688,00,1,neowise,10.049,0.019,9.279,0.013,57.4,82.0,19294.0,335.92,13990.0,170.61,AA
271.7112116,69.8244559,57632.03658571,,,,,,,,,0000,1.0,84.30999755859375,00,1,neowise,10.065,0.017,9.247,0.016,65.0,66.1,19006.0,292.55,14417.0,218.02,AA
271.7111609,69.8244502,57632.29864779,,,,,,,,,0000,0.5,115.18099975585938,00,1,neowise,10.061,0.017,9.275,0.018,64.0,60.2,19076.0,297.93,14043.0,233.21,AA
271.7111217,69.8244416,57632.56071324,,,,,,,,,0000,0.0,95.79299926757812,00,1,neowise,10.32,0.017,9.454,0.017,63.5,63.4,15021.0,236.46,11910.0,187.86,AA
271.7111378,69.8244558,57633.34677127,,,,,,,,,0000,0.5,117.302001953125,00,1,neowise,9.977,0.02,9.216,0.016,54.0,68.5,20602.0,381.68,14835.0,216.55,AA
271.7111371,69.824446,57633.60883297,,,,,,,,,0000,0.5,89.55500030517578,00,1,neowise,9.993,0.019,9.223,0.015,58.5,71.4,20308.0,347.07,14731.0,206.44,AA
271.711164,69.8244321,57633.87089481,,,,,,,,,0000,1.0,75.01899719238281,00,1,neowise,10.031,0.015,9.236,0.014,73.0,77.7,19610.0,268.73,14563.0,187.44,AA
271.711135,69.824464,57629.54712811,,,,,,,,,0000,1.0,97.63400268554688,00,1,neowise,10.001,0.019,9.192,0.013,56.0,84.2,20156.0,360.03,15160.0,179.97,AA
271.7111365,69.8244399,57629.94022047,,,,,,,,,0000,1.0,76.7750015258789,00,1,neowise,10.029,0.021,9.238,0.017,51.2,65.6,19644.0,383.47,14536.0,221.6,AA
271.7111369,69.8244627,57631.25052821,,,,,,,,,0000,0.0,110.78399658203125,00,1,neowise,11.217,0.02,10.413,0.019,55.6,55.8,6574.3,118.29,4924.1,88.186,AA
271.7114235,69.8245218,57630.85743584,,,,,,,,,0000,0.0,75.30799865722656,00,1,neowise,10.74,0.017,9.726,0.015,64.3,72.3,10205.0,158.59,9273.6,128.19,AA
271.7106824,69.8244402,57631.38155902,,,,,,,,,0000,0.0,114.87000274658203,00,1,neowise,11.354,0.02,10.579,0.019,54.7,55.9,5799.7,105.99,4226.5,75.576,AA
271.7109461,69.8244483,57634.39501836,,,,,,,,,0000,0.0,114.447998046875,00,1,neowise,10.144,0.016,9.302,0.014,69.2,80.1,17665.0,255.14,13700.0,170.98,AA
271.7110552,69.8244749,57629.67815882,,,,,,,,,0000,1.0,81.54499816894531,00,1,neowise,10.015,0.016,9.188,0.015,67.3,73.0,19899.0,295.54,15223.0,208.42,AA
271.7110447,69.8244641,57630.07125123,,,,,,,,,0000,0.5,88.40599822998047,00,1,neowise,10.054,0.018,9.23,0.014,60.1,79.8,19205.0,319.81,14635.0,183.51,AA
271.7110359,69.8244701,57630.20228203,,,,,,,,,0000,0.5,105.30799865722656,00,1,neowise,10.08,0.016,9.234,0.015,68.0,71.5,18735.0,275.33,14587.0,204.01,AA
271.7109964,69.824464,57630.59537429,,,,,,,,,0000,0.0,91.23100280761719,00,1,neowise,10.284,0.02,9.388,0.015,55.2,70.9,15525.0,281.2,12657.0,178.49,AA
271.7111651,69.8245365,57630.72640509,,,,,,,,,0000,0.0,77.59500122070312,00,1,neowise,10.374,0.019,9.458,0.014,57.0,75.1,14298.0,250.78,11872.0,158.01,AA
271.7110124,69.8244848,57630.33331278,,,,,,,,,0000,0.0,117.16200256347656,00,1,neowise,10.08,0.015,9.245,0.016,70.2,69.4,18743.0,267.02,14444.0,207.99,AA
271.7111627,69.8246338,57632.69174412,,,,,,,,,0000,0.0,80.427001953125,00,1,neowise,10.439,0.018,9.547,0.016,61.1,67.1,13466.0,220.42,10934.0,162.84,AA
271.7111113,69.8244797,57813.73432569,,,,,,,,,0000,1.0,94.36900329589844,00,1,neowise,10.239,0.015,9.417,0.014,74.3,77.5,16196.0,217.97,12329.0,159.04,AA
271.7111275,69.8244848,57810.72188054,,,,,,,,,0000,1.0,92.78500366210938,00,1,neowise,10.163,0.017,9.364,0.016,64.3,67.5,17371.0,270.19,12940.0,191.76,AA
271.7111878,69.8244919,57811.24587815,,,,,,,,,0000,1.0,86.5739974975586,00,1,neowise,10.151,0.021,9.322,0.014,51.2,77.3,17559.0,342.7,13445.0,174.02,AA
271.7111787,69.8244914,57812.16271493,,,,,,,,,0000,1.0,97.42900085449219,00,1,neowise,10.179,0.018,9.369,0.014,60.2,76.7,17111.0,284.35,12880.0,168.02,AA
271.7111889,69.8244614,57812.81748905,,,,,,,,,0000,1.0,105.25599670410156,00,1,neowise,10.188,0.015,9.382,0.015,70.3,72.8,16972.0,241.55,12724.0,174.69,AA
271.7112187,69.8244696,57812.94852034,,,,,,,,,0000,1.0,117.61000061035156,00,1,neowise,10.206,0.016,9.383,0.015,69.4,73.5,16682.0,240.5,12712.0,172.97,AA
271.7111471,69.8244514,57813.07942426,,,,,,,,,0000,1.0,108.0510025024414,00,1,neowise,10.207,0.017,9.376,0.014,62.2,75.3,16670.0,267.85,12801.0,169.99,AA
271.7111577,69.8244683,57813.21045541,,,,,,,,,0000,1.0,91.20999908447266,00,1,neowise,10.211,0.015,9.383,0.014,72.6,77.2,16617.0,228.89,12714.0,164.78,AA
271.7111165,69.8244601,57813.34148664,,,,,,,,,0000,1.0,77.06600189208984,00,1,neowise,10.246,0.02,9.369,0.016,54.1,69.3,16080.0,297.25,12878.0,185.96,AA
271.7111172,69.8244575,57813.47239061,,,,,,,,,0000,1.0,74.72100067138672,00,1,neowise,10.242,0.015,9.391,0.014,72.4,75.4,16150.0,223.03,12623.0,167.51,AA
271.7111454,69.8244597,57813.60342182,,,,,,,,,0000,1.0,79.50700378417969,00,1,neowise,10.236,0.016,9.412,0.015,66.6,72.7,16232.0,243.69,12377.0,170.16,AA
271.7111655,69.8244752,57810.72200791,,,,,,,,,0000,1.0,92.8740005493164,00,1,neowise,10.171,0.018,9.337,0.016,61.0,68.7,17229.0,282.67,13262.0,192.92,AA
271.7111187,69.8244733,57810.98394308,,,,,,,,,0000,1.0,116.51499938964844,00,1,neowise,10.197,0.017,9.34,0.015,63.6,70.2,16828.0,264.65,13229.0,188.36,AA
271.7111203,69.8244673,57811.24575083,,,,,,,,,0000,1.0,87.13700103759766,00,1,neowise,10.157,0.018,9.334,0.014,61.0,75.1,17462.0,286.08,13302.0,177.16,AA
271.7111974,69.8244646,57811.37678207,,,,,,,,,0000,1.0,75.59500122070312,00,1,neowise,10.151,0.014,9.355,0.014,75.2,75.8,17561.0,233.37,13049.0,172.12,AA
271.7111744,69.8244644,57811.50781336,,,,,,,,,0000,1.0,75.01799774169922,00,1,neowise,10.149,0.015,9.328,0.014,72.3,77.5,17590.0,243.43,13373.0,172.53,AA
271.7111944,69.824469,57811.76974847,,,,,,,,,0000,1.0,99.24700164794922,00,1,neowise,10.206,0.016,9.347,0.015,67.7,73.8,16696.0,246.73,13140.0,178.01,AA
271.7111766,69.824466,57811.90065241,,,,,,,,,0000,1.0,114.03500366210938,00,1,neowise,10.22,0.016,9.364,0.015,68.2,73.1,16468.0,241.49,12937.0,176.95,AA
271.711142,69.8244736,57812.03168365,,,,,,,,,0000,1.0,112.90599822998047,00,1,neowise,10.183,0.015,9.384,0.017,72.5,65.3,17049.0,235.01,12706.0,194.6,AA
271.7111541,69.8244474,57812.16258752,,,,,,,,,0000,1.0,97.68099975585938,00,1,neowise,10.186,0.019,9.352,0.015,58.7,73.5,16997.0,289.65,13089.0,178.1,AA
271.7111835,69.8244595,57812.29361876,,,,,,,,,0000,1.0,81.552001953125,00,1,neowise,10.197,0.015,9.383,0.014,71.6,76.0,16823.0,234.85,12721.0,167.36,AA
271.7111469,69.824451,57812.42465,,,,,,,,,0000,1.0,74.11100006103516,00,1,neowise,10.197,0.016,9.379,0.014,67.4,78.6,16824.0,249.65,12765.0,162.44,AA
271.7112154,69.8244597,57812.55555392,,,,,,,,,0000,1.0,76.65399932861328,00,1,neowise,10.226,0.014,9.373,0.014,76.6,79.7,16392.0,214.04,12840.0,161.06,AA
271.7111924,69.824464,57812.68658517,,,,,,,,,0000,1.0,88.31300354003906,00,1,neowise,10.21,0.015,9.363,0.015,71.0,74.6,16631.0,234.11,12953.0,173.72,AA
271.7111022,69.8244778,57810.85291178,,,,,,,,,0000,1.0,109.64600372314453,00,1,neowise,10.152,0.015,9.332,0.015,74.5,71.2,17548.0,235.67,13329.0,187.23,AA
271.7110615,69.8244944,57810.59097667,,,,,,,,,0000,1.0,78.63400268554688,00,1,neowise,10.17,0.016,9.329,0.015,69.2,73.3,17254.0,249.38,13361.0,182.3,AA
271.7110947,69.8244685,58163.33369998,,,,,,,,,0000,1.0,77.31800079345703,00,1,neowise,9.693,0.019,8.841,0.013,55.8,82.6,26744.0,479.34,20949.0,253.66,AA
271.7111223,69.8244787,58160.71560904,,,,,,,,,0000,1.0,90.31600189208984,00,1,neowise,9.851,0.02,8.969,0.015,54.4,71.4,23115.0,425.02,18604.0,260.62,AA
271.7111332,69.8244832,58161.10832193,,,,,,,,,0000,1.0,105.40799713134766,00,1,neowise,9.853,0.017,8.961,0.014,65.4,77.1,23076.0,352.84,18747.0,243.14,AA
271.7111611,69.8244872,58163.07189124,,,,,,,,,0000,1.0,109.8219985961914,00,1,neowise,9.764,0.017,8.862,0.015,62.6,74.5,25043.0,400.29,20549.0,275.76,AA
271.711156,69.8244832,58163.20279556,,,,,,,,,0000,1.0,93.28099822998047,00,1,neowise,9.732,0.016,8.835,0.013,67.2,85.4,25785.0,383.65,21052.0,246.45,AA
271.7111462,69.8244802,58163.46460439,,,,,,,,,0000,1.0,72.95800018310547,00,1,neowise,9.677,0.017,8.786,0.012,62.4,88.9,27139.0,434.85,22029.0,247.66,AA
271.711163,69.824478,58163.72641313,,,,,,,,,0000,1.0,91.81800079345703,00,1,neowise,9.694,0.017,8.768,0.013,63.6,81.2,26716.0,420.0,22398.0,275.77,AA
271.7111517,69.8244795,58163.988222,,,,,,,,,0000,1.0,118.22200012207031,00,1,neowise,9.714,0.016,8.851,0.013,67.4,81.6,26225.0,388.94,20756.0,254.21,AA
271.7111355,69.8244588,58159.5374701,,,,,,,,,0000,1.0,74.43599700927734,00,1,neowise,9.916,0.019,9.024,0.016,58.2,68.6,21782.0,374.32,17688.0,257.89,AA
271.7111828,69.8244671,58159.66837439,,,,,,,,,0000,1.0,84.3239974975586,00,1,neowise,9.898,0.019,9.015,0.016,56.3,69.6,22136.0,393.09,17846.0,256.55,AA
271.7112101,69.8244563,58159.79927867,,,,,,,,,0000,1.0,101.84700012207031,00,1,neowise,9.912,0.019,9.029,0.016,57.3,67.2,21846.0,381.41,17609.0,262.09,AA
271.7111653,69.8244573,58159.9301829,,,,,,,,,0000,1.0,116.9280014038086,00,1,neowise,9.875,0.018,8.976,0.016,59.5,67.8,22616.0,379.84,18486.0,272.61,AA
271.7111216,69.8244766,58160.06108723,,,,,,,,,0000,1.0,111.58499908447266,00,1,neowise,9.897,0.02,8.987,0.015,55.1,72.9,22149.0,401.92,18300.0,250.93,AA
271.7111214,69.824472,58160.58470476,,,,,,,,,0000,1.0,76.35900115966797,00,1,neowise,9.874,0.019,8.979,0.015,56.0,71.8,22639.0,404.01,18442.0,257.01,AA
271.7111296,69.8244747,58160.9774176,,,,,,,,,0000,1.0,118.28099822998047,00,1,neowise,9.859,0.02,8.988,0.015,54.8,72.3,22957.0,418.56,18293.0,252.88,AA
271.7111655,69.8244511,58160.97754497,,,,,,,,,d000,1.0,118.89800262451172,00,1,neowise,9.872,0.019,9.032,0.017,56.4,64.3,22670.0,402.21,17570.0,273.35,AA
271.7111245,69.8244707,58161.23922612,,,,,,,,,0000,1.0,88.38300323486328,00,1,neowise,9.858,0.017,8.96,0.015,64.9,70.8,22977.0,353.8,18768.0,265.09,AA
271.7111538,69.8244771,58161.50065264,,,,,,,,,0000,1.0,75.50900268554688,00,1,neowise,9.836,0.017,8.98,0.016,65.0,69.8,23430.0,360.66,18419.0,263.97,AA
271.7111139,69.8244773,58161.63193888,,,,,,,,,0000,1.0,80.26699829101562,00,1,neowise,9.815,0.017,8.949,0.013,65.3,80.6,23903.0,365.87,18954.0,235.1,AA
271.7111264,69.8244764,58161.76284316,,,,,,,,,0000,1.0,96.81400299072266,00,1,neowise,9.81,0.018,8.949,0.013,60.7,81.2,23998.0,395.64,18965.0,233.61,AA
271.7111241,69.8244735,58161.89374744,,,,,,,,,0000,1.0,113.86499786376953,00,1,neowise,9.823,0.016,8.935,0.013,66.6,81.9,23717.0,356.27,19213.0,234.73,AA
271.7111139,69.8244731,58162.679178,,,,,,,,,0000,1.0,85.56199645996094,00,1,neowise,9.786,0.017,8.923,0.014,63.8,79.8,24552.0,384.98,19419.0,243.4,AA
271.7111333,69.8244773,58162.94098683,,,,,,,,,0000,1.0,117.95500183105469,00,1,neowise,9.743,0.016,8.858,0.012,66.3,88.6,25544.0,385.06,20624.0,232.88,AA
271.7111609,69.824474,58163.59550881,,,,,,,,,0000,1.0,76.9280014038086,00,1,neowise,9.659,0.02,8.819,0.013,55.3,84.3,27588.0,499.2,21366.0,253.35,AA
271.7112287,69.8244745,58163.85731759,,,,,,,,,0000,1.0,109.9260025024414,00,1,neowise,9.697,0.018,8.84,0.013,61.7,85.5,26634.0,431.85,20963.0,245.07,AA
271.7112504,69.8244599,58164.25003083,,,,,,,,,0000,1.0,86.60099792480469,00,1,neowise,9.786,0.018,8.9,0.014,58.9,75.0,24555.0,416.7,19832.0,264.55,AA
271.7111318,69.8244688,58164.38093525,,,,,,,,,0000,1.0,73.9469985961914,00,1,neowise,9.799,0.018,8.929,0.015,59.8,73.9,24247.0,405.22,19309.0,261.31,AA
271.7110965,69.8244768,58160.32289571,,,,,,,,,0000,1.0,78.55599975585938,00,1,neowise,9.911,0.02,9.014,0.015,53.6,70.6,21869.0,407.65,17862.0,253.08,AA
271.7110081,69.824472,58161.37013036,,,,,,,,,0000,1.0,74.83699798583984,00,1,neowise,9.824,0.019,8.93,0.015,56.7,73.6,23706.0,418.43,19294.0,262.09,AA
271.7110936,69.8244778,58162.02465602,,,,,,,,,0000,1.0,115.58399963378906,00,1,neowise,9.82,0.018,8.964,0.014,61.2,77.7,23799.0,388.68,18697.0,240.75,AA
271.7109844,69.8244705,58162.41736926,,,,,,,,,0000,1.0,72.92400360107422,00,1,neowise,9.803,0.019,8.948,0.014,58.2,77.3,24156.0,414.96,18975.0,245.55,AA
271.7110721,69.8244776,58162.54789159,,,,,,,,,0000,1.0,76.2300033569336,00,1,neowise,9.757,0.019,8.912,0.016,57.1,69.2,25210.0,441.57,19608.0,283.19,AA
271.711092,69.824484,58160.45380057,,,,,,,,,0000,0.5,73.06600189208984,00,1,neowise,9.887,0.02,9.003,0.015,54.8,72.0,22370.0,408.19,18039.0,250.37,AA
271.7110002,69.8244926,58160.84651332,,,,,,,,,0000,1.0,108.3759994506836,00,1,neowise,9.892,0.02,9.03,0.015,53.4,70.6,22267.0,417.02,17594.0,249.27,AA
271.7111037,69.8244835,58160.84664064,,,,,,,,,0000,1.0,108.75399780273438,00,1,neowise,9.876,0.018,8.993,0.016,58.8,67.8,22596.0,384.46,18206.0,268.64,AA
271.7110991,69.8244878,58162.28646485,,,,,,,,,0000,1.0,82.23300170898438,00,1,neowise,9.786,0.017,8.918,0.013,64.9,82.4,24538.0,377.98,19507.0,236.81,AA
271.7110831,69.8244938,58162.81008241,,,,,,,,,0000,1.0,103.53099822998047,00,1,neowise,9.842,0.018,8.913,0.013,60.9,85.8,23317.0,382.82,19597.0,228.5,AA
271.7104613,69.8247576,58716.22413913,,,,,,,,,0000,0.0,103.48999786376953,00,1,neowise,11.374,0.017,10.652,0.021,62.6,50.8,5685.8,90.768,3950.5,77.827,AA
271.7110749,69.824469,58717.27075346,,,,,,,,,0000,0.5,109.072998046875,00,1,neowise,10.186,0.016,9.274,0.014,69.6,77.9,16988.0,244.11,14052.0,180.42,AA
271.7110793,69.824438,58717.66320832,,,,,,,,,0000,1.0,87.32099914550781,00,1,neowise,10.05,0.021,9.237,0.013,50.5,83.2,19256.0,381.22,14540.0,174.77,AA
271.7111381,69.8244455,58718.57902124,,,,,,,,,0000,1.0,98.15599822998047,00,1,neowise,10.142,0.018,9.277,0.014,61.2,77.1,17676.0,288.96,14010.0,181.64,AA
271.7105828,69.8246273,58721.19567884,,,,,,,,,0000,0.0,99.88800048828125,00,1,neowise,10.768,0.017,9.746,0.018,63.4,61.4,9936.2,156.72,9099.2,148.13,AA
271.7107604,69.8246185,58718.44824537,,,,,,,,,0000,0.0,112.8759994506836,00,1,neowise,10.35,0.017,9.551,0.016,62.6,68.8,14606.0,233.19,10893.0,158.35,AA
271.71102,69.8244686,58716.35491494,,,,,,,,,0000,0.5,116.54299926757812,00,1,neowise,10.196,0.018,9.288,0.015,60.9,70.8,16818.0,276.05,13871.0,195.95,AA
271.7110467,69.8244698,58717.00907402,,,,,,,,,0000,0.5,78.75499725341797,00,1,neowise,10.188,0.017,9.245,0.015,63.8,71.7,16954.0,265.68,14440.0,201.32,AA
271.7110119,69.8244618,58717.92488734,,,,,,,,,0000,0.5,75.61699676513672,00,1,neowise,10.171,0.018,9.262,0.014,60.7,77.1,17214.0,283.58,14209.0,184.28,AA
271.7110507,69.8244829,58720.54154524,,,,,,,,,0000,0.0,102.8239974975586,00,1,neowise,10.045,0.016,9.382,0.017,68.6,63.1,19334.0,281.99,12721.0,201.52,AA
271.7110873,69.8244538,59255.89744958,,,,,,,,,0000,0.5,113.56400299072266,00,1,neowise,9.934,0.019,8.972,0.017,56.1,65.2,21413.0,381.69,18561.0,284.68,AA
271.7111316,69.824479,59254.72059133,,,,,,,,,0000,1.0,88.91000366210938,00,1,neowise,9.943,0.015,9.05,0.013,72.3,85.2,21235.0,293.63,17268.0,202.66,AA
271.7111727,69.8244781,59255.37434492,,,,,,,,,0000,1.0,74.94000244140625,00,1,neowise,9.929,0.016,9.033,0.015,68.8,73.0,21514.0,312.5,17553.0,240.36,AA
271.7111123,69.8244791,59255.76667339,,,,,,,,,0000,1.0,95.27400207519531,00,1,neowise,9.926,0.016,9.023,0.014,68.7,76.5,21570.0,313.92,17715.0,231.55,AA
271.7111782,69.8244782,59256.02809847,,,,,,,,,0000,1.0,116.75499725341797,00,1,neowise,9.915,0.021,9.003,0.015,50.7,70.5,21787.0,429.65,18043.0,255.79,AA
271.7111684,69.8244763,59254.32839023,,,,,,,,,0000,1.0,78.79299926757812,00,1,neowise,9.973,0.019,9.073,0.017,58.6,65.4,20653.0,352.29,16920.0,258.67,AA
271.7111296,69.824477,59254.58981522,,,,,,,,,0000,1.0,75.427001953125,00,1,neowise,9.93,0.015,9.064,0.014,72.6,77.7,21494.0,295.96,17054.0,219.35,AA
271.7111222,69.8244622,59255.63589719,,,,,,,,,0000,0.5,78.80400085449219,00,1,neowise,9.929,0.016,9.039,0.015,67.6,74.2,21512.0,318.35,17449.0,235.17,AA
271.7110701,69.8244712,59255.11291993,,,,,,,,,0000,1.0,105.9280014038086,00,1,neowise,9.956,0.018,9.016,0.016,59.8,69.1,20986.0,351.23,17819.0,258.02,AA
271.711126,69.8244857,59254.85136753,,,,,,,,,0000,0.5,107.55699920654297,00,1,neowise,9.936,0.017,9.047,0.013,64.4,82.3,21380.0,332.21,17327.0,210.48,AA
271.7111103,69.8244971,59254.98214377,,,,,,,,,0000,1.0,119.47699737548828,00,1,neowise,9.946,0.017,9.038,0.015,62.2,72.2,21186.0,340.79,17462.0,241.68,AA
271.7111081,69.8244846,59256.28965131,,,,,,,,,0000,0.5,83.30400085449219,00,1,neowise,9.915,0.017,9.019,0.014,64.6,79.6,21805.0,337.33,17780.0,223.42,AA
271.7111148,69.8245005,59256.42042745,,,,,,,,,0000,1.0,72.4229965209961,00,1,neowise,9.939,0.016,9.006,0.016,66.0,69.1,21323.0,323.31,17981.0,260.4,AA
271.7110803,69.8244825,59254.45903906,,,,,,,,,0000,1.0,72.62999725341797,00,1,neowise,9.963,0.019,9.043,0.016,56.0,69.0,20860.0,372.78,17380.0,251.71,AA
271.711065,69.8245079,59255.24356877,,,,,,,,,0000,1.0,89.53600311279297,00,1,neowise,9.921,0.018,8.941,0.016,59.2,69.3,21673.0,366.05,19091.0,275.59,AA
271.7111818,69.8244929,57437.69226816,,,,,,,,,0000,1.0,91.04100036621094,00,1,neowise,9.973,0.019,9.15,0.015,56.3,74.8,20684.0,367.38,15722.0,210.3,AA
271.7111465,69.8244795,57437.95445797,,,,,,,,,0000,1.0,115.43499755859375,00,1,neowise,9.932,0.019,9.128,0.014,57.6,77.6,21480.0,372.89,16041.0,206.73,AA
271.7111439,69.8244801,57438.08561654,,,,,,,,,0000,1.0,105.25800323486328,00,1,neowise,9.99,0.017,9.155,0.012,64.8,87.4,20366.0,314.48,15653.0,179.17,AA
271.7111303,69.8244856,57438.34780622,,,,,,,,,0000,1.0,77.17500305175781,00,1,neowise,9.981,0.016,9.139,0.013,69.2,82.1,20528.0,296.73,15875.0,193.37,AA
271.7112023,69.8244869,57438.60999594,,,,,,,,,0000,1.0,82.27999877929688,00,1,neowise,9.964,0.015,9.085,0.013,71.1,83.1,20856.0,293.42,16685.0,200.87,AA
271.7111376,69.8244673,57437.82342672,,,,,,,,,0000,1.0,107.0989990234375,00,1,neowise,9.983,0.017,9.155,0.012,65.8,90.6,20496.0,311.54,15647.0,172.65,AA
271.7111925,69.8244717,57438.21664765,,,,,,,,,0000,1.0,89.33899688720703,00,1,neowise,9.98,0.019,9.137,0.015,57.2,72.2,20559.0,359.33,15916.0,220.39,AA
271.7111364,69.8244658,57438.47883742,,,,,,,,,0000,1.0,76.5530014038086,00,1,neowise,9.962,0.018,9.114,0.015,60.4,70.4,20894.0,346.11,16254.0,230.87,AA
271.7111862,69.8244721,57438.74102714,,,,,,,,,0000,1.0,97.00900268554688,00,1,neowise,9.943,0.018,9.096,0.015,60.2,71.2,21270.0,353.25,16519.0,232.16,AA
271.7111794,69.8244635,57438.87218566,,,,,,,,,0000,1.0,112.13200378417969,00,1,neowise,9.962,0.016,9.082,0.016,67.3,68.0,20894.0,310.61,16735.0,246.12,AA
271.711182,69.8244467,57439.00334422,,,,,,,,,0000,1.0,113.38700103759766,00,1,neowise,9.822,0.019,9.136,0.015,57.1,72.7,23768.0,416.02,15922.0,219.01,AA
271.7110384,69.8244659,57439.26553399,,,,,,,,,0000,0.5,83.20500183105469,00,1,neowise,9.919,0.02,9.107,0.016,53.0,67.5,21738.0,410.02,16361.0,242.27,AA
271.7111237,69.8244888,57437.56123706,,,,,,,,,0000,1.0,78.697998046875,00,1,neowise,9.991,0.017,9.151,0.012,64.3,90.5,20342.0,316.52,15708.0,173.53,AA
271.7111424,69.824496,57439.00321691,,,,,,,,,0000,1.0,112.9800033569336,00,1,neowise,9.939,0.021,9.127,0.015,52.8,73.2,21333.0,404.38,16053.0,219.3,AA
271.711134,69.8244878,57439.39656514,,,,,,,,,0000,1.0,75.39900207519531,00,1,neowise,10.0,0.017,9.14,0.016,64.4,66.3,20180.0,313.27,15870.0,239.41,AA
271.711075,69.8245129,57438.7411545,,,,,,,,,0000,0.5,97.29900360107422,00,1,neowise,9.926,0.019,9.093,0.015,58.6,74.7,21593.0,368.57,16565.0,221.73,AA
271.711094,69.8244985,57439.26540662,,,,,,,,,0000,1.0,83.86900329589844,00,1,neowise,9.952,0.019,9.106,0.015,56.1,71.1,21082.0,375.54,16371.0,230.09,AA
271.7110954,69.824452,58167.52213156,,,,,,,,,0000,1.0,75.68099975585938,00,1,neowise,9.959,0.014,9.056,0.015,76.4,72.2,20925.0,273.96,17184.0,237.88,AA
271.7112269,69.8244842,58164.51133025,,,,,,,,,0000,1.0,75.84300231933594,00,1,neowise,9.858,0.018,8.935,0.013,61.0,82.6,22970.0,376.42,19208.0,232.69,AA
271.7112193,69.8244759,58164.64274398,,,,,,,,,0000,1.0,81.24800109863281,00,1,neowise,9.843,0.019,8.974,0.014,58.2,80.4,23282.0,399.72,18530.0,230.42,AA
271.7112105,69.8244817,58164.90455286,,,,,,,,,0000,1.0,115.20500183105469,00,1,neowise,9.898,0.016,8.988,0.013,66.9,81.5,22131.0,330.58,18296.0,224.39,AA
271.7112249,69.8244919,58165.29726602,,,,,,,,,0000,1.0,80.75199890136719,00,1,neowise,9.961,0.016,9.032,0.013,66.6,82.1,20884.0,313.68,17556.0,213.94,AA
271.7111828,69.8244765,58165.55856549,,,,,,,,,0000,1.0,76.71900177001953,00,1,neowise,9.942,0.016,9.065,0.015,67.1,73.1,21264.0,317.1,17036.0,232.94,AA
271.7111827,69.8244837,58168.17716353,,,,,,,,,0000,1.0,96.6719970703125,00,1,neowise,9.907,0.014,9.007,0.014,74.9,77.0,21955.0,293.11,17978.0,233.5,AA
271.7111431,69.8244843,58168.83168556,,,,,,,,,0000,1.0,106.88899993896484,00,1,neowise,9.891,0.018,9.052,0.013,61.0,80.5,22274.0,365.4,17235.0,214.07,AA
271.7111369,69.8244785,58169.35530312,,,,,,,,,0000,1.0,74.65799713134766,00,1,neowise,9.94,0.016,9.016,0.013,70.0,83.5,21300.0,304.31,17828.0,213.44,AA
271.7111747,69.8244727,58164.7736484,,,,,,,,,0000,1.0,98.375,00,1,neowise,9.891,0.016,8.967,0.014,65.9,79.1,22285.0,338.2,18639.0,235.59,AA
271.7111662,69.8244598,58165.03545728,,,,,,,,,0000,1.0,114.69100189208984,00,1,neowise,9.934,0.017,9.007,0.013,65.8,82.9,21416.0,325.59,17964.0,216.74,AA
271.7111437,69.8244689,58165.42817043,,,,,,,,,0000,1.0,72.4749984741211,00,1,neowise,9.963,0.015,9.069,0.015,72.4,74.7,20845.0,287.81,16979.0,227.17,AA
271.7111166,69.8244623,58165.68997926,,,,,,,,,0000,1.0,86.8499984741211,00,1,neowise,9.972,0.016,9.073,0.016,68.3,68.4,20673.0,302.9,16914.0,247.4,AA
271.7111251,69.8244695,58165.82088362,,,,,,,,,0000,1.0,105.18399810791016,00,1,neowise,9.984,0.015,9.08,0.015,71.4,72.8,20447.0,286.21,16804.0,230.8,AA
271.7111085,69.8244662,58165.95178804,,,,,,,,,0000,1.0,119.19100189208984,00,1,neowise,9.996,0.015,9.074,0.015,73.5,72.7,20230.0,275.27,16901.0,232.39,AA
271.711124,69.8244486,58166.0826925,,,,,,,,,0000,0.5,108.19999694824219,00,1,neowise,9.993,0.015,9.054,0.016,72.0,69.4,20290.0,281.9,17208.0,248.08,AA
271.7111223,69.8244669,58167.12941837,,,,,,,,,0000,1.0,103.71199798583984,00,1,neowise,10.016,0.015,9.103,0.015,70.6,71.1,19854.0,281.36,16452.0,231.4,AA
271.7111064,69.8244742,58167.39173652,,,,,,,,,0000,1.0,72.8499984741211,00,1,neowise,9.973,0.014,9.1,0.016,77.6,68.7,20657.0,266.1,16497.0,240.13,AA
271.7111419,69.8244765,58168.04625854,,,,,,,,,0000,1.0,112.98999786376953,00,1,neowise,9.918,0.015,9.026,0.014,74.7,75.3,21734.0,290.94,17653.0,234.58,AA
271.7111709,69.8244748,58168.30806794,,,,,,,,,0000,1.0,79.27300262451172,00,1,neowise,9.927,0.015,9.021,0.014,73.9,75.9,21563.0,291.74,17740.0,233.75,AA
271.7111456,69.8244626,58168.4389723,,,,,,,,,0000,1.0,71.86199951171875,00,1,neowise,9.933,0.015,9.028,0.013,71.5,80.5,21444.0,299.89,17621.0,218.84,AA
271.7112082,69.8244694,58168.56936736,,,,,,,,,0000,1.0,76.86399841308594,00,1,neowise,9.937,0.014,9.026,0.013,75.2,82.6,21351.0,283.9,17654.0,213.66,AA
271.7111729,69.8244745,58168.70078109,,,,,,,,,0000,1.0,88.25399780273438,00,1,neowise,9.929,0.015,9.036,0.016,74.3,69.1,21515.0,289.57,17502.0,253.16,AA
271.7111617,69.8244727,58168.96258997,,,,,,,,,0000,1.0,119.79000091552734,00,1,neowise,9.961,0.016,9.055,0.014,68.0,78.9,20884.0,307.21,17189.0,217.91,AA
271.7111626,69.8244702,58169.09349434,,,,,,,,,0d00,1.0,106.552001953125,00,1,neowise,9.957,0.015,9.068,0.013,71.1,81.5,20977.0,294.9,16987.0,208.52,AA
271.7111782,69.8244678,58169.22439875,,,,,,,,,0000,1.0,89.75900268554688,00,1,neowise,9.934,0.015,9.043,0.013,70.3,82.3,21411.0,304.57,17387.0,211.2,AA
271.7110579,69.8244797,58166.21308751,,,,,,,,,0000,1.0,92.95800018310547,00,1,neowise,9.969,0.016,9.074,0.015,69.3,74.1,20731.0,299.03,16889.0,227.97,AA
271.7110811,69.8244736,58167.2608321,,,,,,,,,0000,1.0,84.96099853515625,00,1,neowise,9.985,0.014,9.089,0.017,75.0,64.4,20438.0,272.49,16668.0,258.76,AA
271.7111054,69.8244836,58166.34450124,,,,,,,,,0000,1.0,76.10399627685547,00,1,neowise,9.985,0.015,9.095,0.014,71.8,77.3,20429.0,284.42,16579.0,214.56,AA
271.7111324,69.824499,58167.78444966,,,,,,,,,0000,1.0,99.96800231933594,00,1,neowise,9.946,0.015,9.053,0.015,74.9,71.5,21175.0,282.89,17219.0,240.66,AA
271.7111146,69.8244915,58167.91535412,,,,,,,,,0000,1.0,116.77100372314453,00,1,neowise,9.933,0.014,9.043,0.016,77.1,69.4,21440.0,277.98,17394.0,250.81,AA
271.7110608,69.8244853,58164.51145757,,,,,,,,,0000,0.5,75.38899993896484,00,1,neowise,9.843,0.018,8.925,0.015,60.6,74.4,23290.0,384.57,19375.0,260.4,AA
271.7110935,69.8244804,58166.47540566,,,,,,,,,0000,1.0,72.57499694824219,00,1,neowise,9.999,0.015,9.092,0.015,72.0,73.5,20167.0,280.23,16619.0,226.04,AA
271.7110673,69.8244883,58166.60631007,,,,,,,,,0000,1.0,77.58699798583984,00,1,neowise,10.004,0.016,9.102,0.015,66.9,71.4,20084.0,300.38,16467.0,230.7,AA
271.7110906,69.8244855,58166.73721448,,,,,,,,,0000,0.5,93.302001953125,00,1,neowise,10.023,0.015,9.093,0.014,71.7,75.8,19738.0,275.37,16610.0,219.2,AA
271.7110749,69.8244855,58166.8681189,,,,,,,,,0000,1.0,111.48600006103516,00,1,neowise,10.01,0.015,9.079,0.016,74.1,66.4,19971.0,269.44,16826.0,253.46,AA
271.7110709,69.8244999,58166.99902337,,,,,,,,,0000,0.5,117.85399627685547,00,1,neowise,10.007,0.014,9.103,0.016,75.8,67.0,20016.0,264.14,16454.0,245.69,AA
271.711087,69.8244809,58167.65354524,,,,,,,,,0000,1.0,82.23799896240234,00,1,neowise,9.955,0.014,9.05,0.015,74.9,71.5,21004.0,280.3,17273.0,241.57,AA
271.7110953,69.8244657,58524.28885836,,,,,,,,,0000,1.0,83.00299835205078,00,1,neowise,9.245,0.015,8.368,0.012,71.2,93.4,40397.0,567.25,32363.0,346.42,AA
271.7111197,69.8244823,58523.50330907,,,,,,,,,0000,1.0,75.34100341796875,00,1,neowise,9.248,0.018,8.365,0.013,61.8,81.3,40302.0,651.99,32460.0,399.11,AA
271.7111748,69.8244804,58523.76549834,,,,,,,,,0000,1.0,95.85600280761719,00,1,neowise,9.217,0.019,8.403,0.016,58.5,68.6,41456.0,709.15,31334.0,456.56,AA
271.7111109,69.8244791,58525.3357056,,,,,,,,,0000,1.0,77.78700256347656,00,1,neowise,9.236,0.015,8.369,0.012,74.1,88.4,40750.0,549.78,32338.0,365.86,AA
271.7111501,69.8244748,58523.24150181,,,,,,,,,0000,1.0,90.8949966430664,00,1,neowise,9.228,0.02,8.369,0.014,54.4,79.1,41043.0,754.97,32356.0,409.04,AA
271.7111084,69.8244765,58523.63459469,,,,,,,,,0000,1.0,79.38400268554688,00,1,neowise,9.249,0.015,8.357,0.012,71.9,89.0,40261.0,560.25,32690.0,367.29,AA
271.7111311,69.8244695,58524.1575727,,,,,,,,,0000,1.0,101.3740005493164,00,1,neowise,9.242,0.017,8.374,0.016,64.0,67.7,40526.0,633.34,32184.0,475.11,AA
271.7111356,69.8244724,58524.41976206,,,,,,,,,0000,1.0,72.40599822998047,00,1,neowise,9.26,0.015,8.347,0.013,70.2,80.6,39830.0,567.41,33005.0,409.35,AA
271.7111401,69.8244619,58524.68144198,,,,,,,,,0000,1.0,84.51300048828125,00,1,neowise,9.261,0.016,8.359,0.016,68.1,67.8,39808.0,584.56,32652.0,481.75,AA
271.7111282,69.824475,58524.94312203,,,,,,,,,0000,1.0,117.63200378417969,00,1,neowise,9.226,0.017,8.372,0.015,64.9,74.7,41126.0,633.7,32265.0,432.06,AA
271.7111102,69.8244775,58525.07402574,,,,,,,,,0000,1.0,110.55400085449219,00,1,neowise,9.259,0.017,8.34,0.014,65.5,79.2,39867.0,608.66,33220.0,419.36,AA
271.711198,69.8244612,58525.20441999,,,,,,,,,0000,0.5,95.28299713134766,00,1,neowise,9.232,0.018,8.367,0.016,59.5,69.8,40869.0,687.19,32418.0,464.19,AA
271.71108,69.8244784,58523.37291478,,,,,,,,,0000,0.5,74.7249984741211,00,1,neowise,9.286,0.017,8.363,0.015,62.9,74.9,38905.0,618.76,32520.0,434.47,AA
271.7111254,69.8244987,58523.89627469,,,,,,,,,0000,1.0,113.41000366210938,00,1,neowise,9.251,0.015,8.349,0.014,72.4,76.6,40163.0,554.8,32941.0,430.31,AA
271.7111156,69.8244915,58524.0271784,,,,,,,,,0000,1.0,116.42400360107422,00,1,neowise,9.237,0.016,8.363,0.012,67.4,94.1,40704.0,603.97,32513.0,345.35,AA
271.7111147,69.8244866,58524.55015637,,,,,,,,,0000,1.0,75.8740005493164,00,1,neowise,9.251,0.019,8.371,0.016,57.7,67.2,40188.0,696.59,32299.0,480.35,AA
271.7111694,69.824501,58524.81234564,,,,,,,,,0000,1.0,102.64299774169922,00,1,neowise,9.215,0.018,8.327,0.014,59.4,77.1,41542.0,698.85,33612.0,435.95,AA
271.7110603,69.82448,58524.550029,,,,,,,,,0000,1.0,76.31400299072266,00,1,neowise,9.245,0.018,8.346,0.014,59.9,77.9,40406.0,674.03,33023.0,423.87,AA
271.7110464,69.8244902,58525.46660926,,,,,,,,,0000,1.0,72.11599731445312,00,1,neowise,9.249,0.016,8.366,0.013,66.6,81.0,40249.0,604.35,32430.0,400.61,AA
271.7107007,69.8241995,59814.53046806,,,,,,,,,0000,0.0,103.83599853515625,00,1,neowise,10.355,0.017,9.693,0.018,63.5,59.0,14539.0,229.08,9552.8,161.97,AA
271.710993,69.8244638,59812.57392381,,,,,,,,,0000,0.0,98.23500061035156,00,1,neowise,10.37,0.02,9.476,0.015,53.8,70.5,14335.0,266.24,11672.0,165.49,AA
271.7110981,69.824465,60351.44040874,,,,,,,,,0000,1.0,71.31700134277344,00,1,neowise,10.231,0.02,9.375,0.017,53.1,65.7,16290.0,306.5,12802.0,194.96,AA
271.711312,69.8243959,60350.28048532,,,,,,,,,0000,1.0,83.15299987792969,00,1,neowise,10.119,0.019,9.379,0.016,57.3,67.1,18057.0,315.34,12764.0,190.19,AA
271.71115,69.8244806,60349.76502073,,,,,,,,,0000,0.5,95.9990005493164,00,1,neowise,10.26,0.016,9.352,0.015,69.4,72.2,15869.0,228.69,13078.0,181.16,AA
271.7111599,69.8244889,60349.89388692,,,,,,,,,0000,0.5,114.38999938964844,00,1,neowise,10.263,0.015,9.396,0.013,71.6,83.8,15824.0,221.0,12559.0,149.96,AA
271.7111269,69.824485,60350.28061269,,,,,,,,,0000,1.0,82.55000305175781,00,1,neowise,10.271,0.019,9.426,0.016,56.3,66.0,15707.0,278.91,12215.0,185.16,AA
271.7111287,69.8244796,60352.47082862,,,,,,,,,0000,1.0,74.50299835205078,00,1,neowise,10.292,0.016,9.416,0.014,65.8,78.8,15402.0,234.04,12330.0,156.41,AA
271.7111207,69.8244747,60350.15123727,,,,,,,,,0000,1.0,101.86100006103516,00,1,neowise,10.289,0.019,9.406,0.017,56.5,64.5,15444.0,273.52,12448.0,192.89,AA
271.711119,69.8244715,60350.6672117,,,,,,,,,0000,1.0,82.53500366210938,00,1,neowise,10.281,0.017,9.391,0.014,62.4,79.5,15564.0,249.54,12618.0,158.8,AA
271.711147,69.8244726,60350.79607785,,,,,,,,,0000,1.0,100.61000061035156,00,1,neowise,10.27,0.017,9.419,0.014,63.7,76.9,15720.0,246.78,12292.0,159.94,AA
271.7111159,69.8244758,60351.05381024,,,,,,,,,0000,1.0,112.70600128173828,00,1,neowise,10.265,0.018,9.386,0.014,60.6,75.1,15784.0,260.55,12678.0,168.79,AA
271.7111634,69.8244573,60351.31154255,,,,,,,,,0000,1.0,79.27300262451172,00,1,neowise,10.295,0.02,9.38,0.016,53.0,68.2,15359.0,289.56,12748.0,186.83,AA
271.7111623,69.8244699,60351.44053605,,,,,,,,,0000,1.0,70.5719985961914,00,1,neowise,10.245,0.019,9.414,0.016,57.4,66.8,16077.0,280.2,12353.0,184.91,AA
271.7111105,69.8244745,60351.56889285,,,,,,,,,0000,1.0,75.52400207519531,00,1,neowise,10.248,0.016,9.383,0.014,66.1,77.2,16033.0,242.45,12708.0,164.53,AA
271.7111231,69.8244695,60352.21309632,,,,,,,,,0000,1.0,93.78700256347656,00,1,neowise,10.279,0.02,9.399,0.015,53.8,72.9,15591.0,289.95,12529.0,171.97,AA
271.7111156,69.8244863,60350.53783619,,,,,,,,,0000,1.0,74.83699798583984,00,1,neowise,10.283,0.016,9.422,0.014,67.8,76.9,15530.0,228.96,12262.0,159.49,AA
271.7111068,69.8244933,60351.95600065,,,,,,,,,0000,0.5,120.4000015258789,00,1,neowise,10.274,0.018,9.415,0.016,61.1,69.7,15659.0,256.33,12345.0,177.23,AA
271.7111142,69.8244871,60352.08473948,,,,,,,,,0000,1.0,108.62200164794922,00,1,neowise,10.314,0.015,9.409,0.014,70.3,77.1,15092.0,214.78,12410.0,161.02,AA
271.7111054,69.8245105,60350.02275311,,,,,,,,,0000,1.0,117.24400329589844,00,1,neowise,10.279,0.016,9.387,0.015,66.7,70.5,15582.0,233.67,12667.0,179.7,AA
271.7110828,69.8245047,60350.40947878,,,,,,,,,0000,1.0,71.31199645996094,00,1,neowise,10.268,0.019,9.39,0.016,57.0,66.7,15741.0,275.96,12635.0,189.33,AA
271.7110711,69.8244905,60350.924944,,,,,,,,,0000,0.5,117.67400360107422,00,1,neowise,10.278,0.015,9.485,0.015,73.6,71.7,15603.0,212.12,11576.0,161.46,AA
271.7110843,69.8244804,60351.69826831,,,,,,,,,0000,0.5,86.60099792480469,00,1,neowise,10.256,0.018,9.383,0.014,61.2,77.7,15928.0,260.47,12709.0,163.64,AA
271.7110897,69.8244802,60351.82713446,,,,,,,,,0000,1.0,105.41600036621094,00,1,neowise,10.282,0.017,9.374,0.015,64.8,74.7,15550.0,239.82,12818.0,171.61,AA
271.711098,69.8244921,60352.34247183,,,,,,,,,0000,1.0,76.47200012207031,00,1,neowise,10.228,0.019,9.396,0.017,57.0,63.5,16331.0,286.35,12557.0,197.75,AA
271.7111015,69.8244683,58351.54189664,,,,,,,,,0000,0.0,101.85399627685547,00,1,neowise,9.694,0.014,8.863,0.014,75.5,78.7,26707.0,353.9,20519.0,260.77,AA
271.7112292,69.8244221,58352.85067406,,,,,,,,,0000,0.0,74.91600036621094,00,1,neowise,10.874,0.018,9.96,0.019,61.6,58.7,9010.2,146.16,7469.3,127.34,AA
271.7113015,69.8244257,58354.29023267,,,,,,,,,0000,0.5,112.01499938964844,00,1,neowise,9.136,0.02,8.42,0.013,54.3,83.1,44671.0,822.59,30873.0,371.66,AA
271.7112103,69.8244968,58354.02855348,,,,,,,,,0000,0.0,81.29399871826172,00,1,neowise,10.918,0.017,9.93,0.014,62.8,77.0,8649.7,137.68,7678.2,99.734,AA
271.7111221,69.8244539,58350.7566042,,,,,,,,,0000,1.0,77.38600158691406,00,1,neowise,9.366,0.016,8.453,0.014,69.2,77.8,36154.0,522.33,29928.0,384.88,AA
271.7111351,69.8244488,58351.28009028,,,,,,,,,0000,1.0,111.0459976196289,00,1,neowise,9.361,0.016,8.476,0.013,66.4,85.9,36317.0,547.28,29305.0,341.26,AA
271.7111497,69.8244634,58354.81371836,,,,,,,,,0000,1.0,74.66600036621094,00,1,neowise,9.298,0.015,8.398,0.013,70.7,83.4,38468.0,544.21,31505.0,377.76,AA
271.7111512,69.8244494,58355.33720404,,,,,,,,,0000,1.0,115.93699645996094,00,1,neowise,9.273,0.018,8.377,0.016,59.8,68.2,39371.0,658.93,32114.0,470.6,AA
271.7109532,69.8247661,58351.14931441,,,,,,,,,0000,0.0,94.9000015258789,00,1,neowise,11.053,0.018,10.135,0.019,59.0,58.6,7641.6,129.45,6358.0,108.49,AA
271.7108387,69.8247141,58352.71977083,,,,,,,,,0000,0.0,80.40699768066406,00,1,neowise,9.747,0.015,8.947,0.013,71.1,81.0,25441.0,357.91,18996.0,234.63,AA
271.7109139,69.824602,58351.67279981,,,,,,,,,0000,0.0,85.25700378417969,00,1,neowise,10.768,0.016,9.851,0.019,66.1,58.5,9934.2,150.28,8262.2,141.19,AA
271.7109321,69.8245974,58354.55203917,,,,,,,,,0000,0.0,100.47899627685547,00,1,neowise,10.63,0.019,9.64,0.015,58.1,74.1,11284.0,194.29,10035.0,135.51,AA
271.7110635,69.8244671,58353.63584304,,,,,,,,,0000,1.0,89.70899963378906,00,1,neowise,9.31,0.017,8.419,0.013,63.9,83.0,38051.0,595.33,30885.0,372.3,AA
271.7110574,69.8244795,58355.46810731,,,,,,,,,0000,0.5,110.54100036621094,00,1,neowise,9.266,0.016,8.39,0.013,68.9,81.8,39642.0,575.04,31732.0,387.78,AA
271.7111212,69.8245296,58350.88750795,,,,,,,,,0000,0.0,75.0250015258789,00,1,neowise,9.522,0.015,8.615,0.015,73.6,72.4,31306.0,425.57,25782.0,356.11,AA
271.7111412,69.8245031,58351.41099346,,,,,,,,,0000,0.5,115.40499877929688,00,1,neowise,9.359,0.015,8.478,0.015,73.3,74.6,36383.0,496.23,29265.0,392.08,AA
271.7108828,69.8245496,58352.32718855,,,,,,,,,0000,0.0,115.052001953125,00,1,neowise,10.928,0.017,9.921,0.019,62.3,58.2,8577.4,137.72,7741.4,133.1,AA
271.7110639,69.8244908,58351.93447896,,,,,,,,,0000,1.0,75.64199829101562,00,1,neowise,9.417,0.018,8.507,0.014,59.9,79.1,34490.0,576.17,28480.0,360.26,AA
271.7110894,69.8244884,58352.06538219,,,,,,,,,0000,0.0,84.5009994506836,00,1,neowise,9.551,0.015,8.671,0.014,73.2,78.3,30476.0,416.53,24494.0,312.77,AA
271.7110594,69.824507,58352.58886765,,,,,,,,,0000,0.0,95.75800323486328,00,1,neowise,9.415,0.015,8.526,0.013,70.9,82.5,34537.0,486.89,27990.0,339.13,AA
271.7109682,69.8245177,58353.24325639,,,,,,,,,0000,0.0,106.8489990234375,00,1,neowise,9.472,0.016,8.637,0.014,69.4,77.5,32768.0,472.38,25266.0,326.06,AA
271.7109835,69.824508,58353.76674689,,,,,,,,,0000,0.0,76.84300231933594,00,1,neowise,9.447,0.016,8.521,0.014,66.3,75.9,33551.0,506.29,28130.0,370.47,AA
271.7110543,69.8245287,58353.89765016,,,,,,,,,0000,0.0,75.31199645996094,00,2,neowise,10.246,0.016,9.182,0.014,66.7,78.9,16075.0,241.07,15292.0,193.92,AA
271.7111009,69.8245418,58354.42113595,,,,,,,,,0000,0.0,114.32499694824219,00,1,neowise,9.552,0.016,8.639,0.013,69.8,83.3,30445.0,436.38,25229.0,302.99,AA
271.7110164,69.8244949,58354.94462163,,,,,,,,,0000,0.0,76.0530014038086,00,1,neowise,9.428,0.015,8.526,0.012,72.0,87.5,34143.0,474.32,27995.0,319.9,AA
271.7111567,69.824571,58355.07552491,,,,,,,,,0000,0.0,85.75700378417969,00,1,neowise,10.306,0.016,9.114,0.014,67.8,79.3,15207.0,224.15,16281.0,205.36,AA
271.7112836,69.8246612,58351.01841123,,,,,,,,,0000,0.0,80.29900360107422,00,1,neowise,10.238,0.015,9.344,0.014,72.8,79.5,16189.0,222.44,13178.0,165.81,AA
271.7110812,69.8245998,58352.19628537,,,,,,,,,0000,0.0,100.98999786376953,00,1,neowise,10.414,0.015,9.458,0.015,70.7,71.7,13770.0,194.65,11866.0,165.58,AA
271.7111038,69.8245923,58353.37415961,,,,,,,,,0000,0.0,116.73100280761719,00,1,neowise,10.437,0.016,9.407,0.017,68.6,63.1,13477.0,196.39,12438.0,197.23,AA
271.7103381,69.8243299,58733.55941295,,,,,,,,,0000,0.0,99.48200225830078,00,1,neowise,10.198,0.017,9.389,0.014,64.4,75.4,16801.0,261.02,12636.0,167.54,AA
271.7107845,69.8243755,58732.90527883,,,,,,,,,0h00,0.0,77.62200164794922,00,1,neowise,10.211,0.014,9.292,0.014,77.7,79.3,16601.0,213.61,13817.0,174.25,AA
271.7110433,69.8244265,58731.9894658,,,,,,,,,0000,0.0,79.73500061035156,00,1,neowise,10.209,0.014,9.294,0.014,75.2,77.2,16620.0,220.88,13801.0,178.67,AA
271.7110163,69.8244154,58732.25114485,,,,,,,,,0000,0.0,106.5780029296875,00,1,neowise,10.213,0.015,9.298,0.014,71.8,75.3,16566.0,230.66,13742.0,182.38,AA
271.7109661,69.8244225,58733.42863708,,,,,,,,,0000,0.0,111.77999877929688,00,1,neowise,10.182,0.014,9.265,0.014,77.1,77.4,17050.0,221.04,14177.0,183.06,AA
271.7110871,69.8244588,58734.34394137,,,,,,,,,0000,0.5,115.76899719238281,00,1,neowise,10.21,0.016,9.311,0.014,68.7,76.0,16614.0,241.86,13584.0,178.8,AA
271.711096,69.8244629,58735.91388838,,,,,,,,,0000,0.5,75.43199920654297,00,1,neowise,10.264,0.017,9.375,0.016,64.7,69.3,15804.0,244.21,12811.0,184.94,AA
271.7112536,69.824438,58735.6523366,,,,,,,,,0000,0.5,88.68900299072266,00,1,neowise,10.263,0.018,9.35,0.015,61.6,71.2,15823.0,256.88,13105.0,183.96,AA
271.711221,69.8244758,58734.99820266,,,,,,,,,0000,0.5,78.66400146484375,00,1,neowise,10.293,0.021,9.33,0.016,51.2,69.6,15393.0,300.75,13349.0,191.79,AA
271.7111659,69.8244365,58731.85868988,,,,,,,,,0000,0.5,77.2030029296875,00,1,neowise,10.207,0.015,9.312,0.014,70.2,76.1,16654.0,237.23,13577.0,178.39,AA
271.711117,69.8244503,58732.38204803,,,,,,,,,0000,0.5,114.13200378417969,00,1,neowise,10.165,0.017,9.291,0.015,64.9,73.4,17320.0,266.74,13835.0,188.58,AA
271.7111397,69.8244336,58732.77450292,,,,,,,,,0000,0.0,78.6780014038086,00,1,neowise,10.193,0.015,9.297,0.014,73.6,79.1,16877.0,229.18,13765.0,173.93,AA
271.7111831,69.8244472,58733.29786116,,,,,,,,,0000,0.5,110.77200317382812,00,1,neowise,10.159,0.017,9.281,0.013,62.2,84.4,17406.0,279.66,13965.0,165.55,AA
271.7112092,69.8244565,58733.55954027,,,,,,,,,0000,0.5,99.05999755859375,00,1,neowise,10.207,0.017,9.279,0.013,63.1,80.9,16652.0,264.1,13985.0,172.8,AA
271.7111238,69.8244669,58733.69031613,,,,,,,,,0000,0.0,84.85900115966797,00,1,neowise,10.199,0.015,9.278,0.014,73.1,77.2,16783.0,229.64,14000.0,181.42,AA
271.711116,69.8244511,58733.82070997,,,,,,,,,0000,0.5,75.22000122070312,00,1,neowise,10.199,0.016,9.284,0.014,68.5,80.0,16781.0,245.07,13923.0,173.97,AA
271.7111085,69.824457,58734.21316545,,,,,,,,,0000,0.5,102.07099914550781,00,1,neowise,10.212,0.015,9.307,0.015,72.7,73.4,16577.0,228.11,13634.0,185.87,AA
271.7111232,69.8244717,58734.73652352,,,,,,,,,0000,0.5,79.93299865722656,00,1,neowise,10.237,0.018,9.338,0.015,61.8,71.9,16195.0,261.88,13246.0,184.16,AA
271.7111588,69.8244454,58734.86729939,,,,,,,,,0000,0.5,75.052001953125,00,1,neowise,10.229,0.015,9.322,0.016,74.2,69.9,16327.0,220.18,13444.0,192.32,AA
271.7111194,69.8244378,58734.9980753,,,,,,,,,0000,0.5,77.89600372314453,00,1,neowise,10.235,0.017,9.326,0.016,65.4,68.9,16237.0,248.42,13399.0,194.38,AA
271.7111035,69.8244599,58735.25975435,,,,,,,,,0000,0.5,107.76799774169922,00,1,neowise,10.249,0.015,9.331,0.014,72.2,75.9,16022.0,221.95,13331.0,175.59,AA
271.7111211,69.8244751,58735.39065753,,,,,,,,,0000,0.5,116.15799713134766,00,1,neowise,10.276,0.016,9.352,0.015,67.3,72.8,15635.0,232.47,13085.0,179.72,AA
271.7111546,69.8244373,58735.52143345,,,,,,,,,0000,0.5,105.30699920654297,00,1,neowise,10.256,0.015,9.369,0.015,73.8,74.3,15926.0,215.82,12882.0,173.31,AA
271.7111764,69.8244679,58735.65220927,,,,,,,,,0000,0.5,88.7040023803711,00,1,neowise,10.279,0.016,9.311,0.016,65.9,68.0,15592.0,236.55,13586.0,199.8,AA
271.7111362,69.8244404,58735.78311251,,,,,,,,,0000,0.5,76.58399963378906,00,1,neowise,10.26,0.015,9.363,0.017,74.1,65.2,15863.0,214.05,12947.0,198.55,AA
271.7112003,69.8244578,58736.04479166,,,,,,,,,0000,0.5,82.0009994506836,00,1,neowise,10.247,0.015,9.355,0.015,71.7,72.8,16047.0,223.72,13049.0,179.17,AA
271.7112055,69.8244709,58736.30647066,,,,,,,,,0000,0.5,112.44499969482422,00,1,neowise,10.276,0.017,9.369,0.015,65.0,71.1,15624.0,240.3,12871.0,181.04,AA
271.7111757,69.8244452,58736.43724653,,,,,,,,,0000,0.5,113.50700378417969,00,1,neowise,10.283,0.015,9.331,0.016,70.1,66.9,15530.0,221.45,13339.0,199.26,AA
271.7106686,69.8244373,58732.64359972,,,,,,,,,0000,0.0,89.63500213623047,00,1,neowise,10.245,0.015,9.357,0.014,71.7,77.2,16088.0,224.28,13019.0,168.62,AA
271.7109607,69.8244402,58733.16695797,,,,,,,,,0000,0.0,97.03700256347656,00,1,neowise,10.19,0.014,9.284,0.014,75.5,76.9,16913.0,224.0,13928.0,181.16,AA
271.7110439,69.8244646,58733.9514864,,,,,,,,,0000,1.0,76.10700225830078,00,1,neowise,10.189,0.014,9.291,0.014,75.5,78.2,16930.0,224.26,13833.0,176.87,AA
271.711022,69.8244644,58734.08226231,,,,,,,,,0000,0.5,85.447998046875,00,1,neowise,10.194,0.018,9.273,0.014,61.4,75.3,16863.0,274.41,14072.0,187.01,AA
271.7110281,69.8244665,58734.60562037,,,,,,,,,0000,0.5,94.66600036621094,00,1,neowise,10.229,0.015,9.333,0.014,73.1,78.9,16315.0,223.21,13305.0,168.58,AA
271.7111218,69.8244839,58733.03618206,,,,,,,,,0000,0.5,83.70999908447266,00,1,neowise,10.186,0.016,9.276,0.014,69.6,75.3,16979.0,243.88,14025.0,186.35,AA
271.7110643,69.8244645,59096.54637884,,,,,,,,,0000,1.0,102.6729965209961,00,1,neowise,10.029,0.019,9.101,0.013,55.8,81.6,19622.0,351.91,16485.0,202.08,AA
271.7112217,69.8244627,59096.67715458,,,,,,,,,0000,0.5,86.06600189208984,00,1,neowise,9.989,0.016,9.12,0.014,68.4,78.6,20367.0,297.87,16201.0,206.16,AA
271.711135,69.8244399,59096.80793037,,,,,,,,,0000,0.5,75.2959976196289,00,1,neowise,9.987,0.016,9.1,0.015,68.6,73.5,20403.0,297.32,16499.0,224.34,AA
271.7111455,69.8244603,59096.93870624,,,,,,,,,0000,0.5,75.5790023803711,00,1,neowise,10.019,0.015,9.123,0.014,71.4,80.4,19801.0,277.34,16148.0,200.87,AA
271.7111483,69.8244481,59097.06948207,,,,,,,,,0000,0.0,83.76300048828125,00,1,neowise,9.98,0.017,9.104,0.014,65.1,77.1,20528.0,315.36,16440.0,213.24,AA
271.7111198,69.8244472,59097.20025795,,,,,,,,,0000,0.0,99.97899627685547,00,1,neowise,9.981,0.015,9.097,0.014,72.2,79.8,20517.0,284.03,16541.0,207.24,AA
271.7110433,69.824471,59097.33103373,,,,,,,,,0000,0.5,114.76000213623047,00,1,neowise,9.978,0.015,9.097,0.014,72.5,80.3,20568.0,283.54,16542.0,206.06,AA
271.7110929,69.8244659,59268.5800674,,,,,,,,,0000,1.0,76.11399841308594,00,1,neowise,9.978,0.02,9.075,0.015,55.0,73.2,20574.0,374.01,16875.0,230.54,AA
271.711206,69.8244901,59267.27256039,,,,,,,,,0000,1.0,86.72000122070312,00,1,neowise,9.995,0.017,9.094,0.013,65.3,81.0,20256.0,310.42,16582.0,204.65,AA
271.7111623,69.8244784,59267.66476154,,,,,,,,,0000,1.0,82.5739974975586,00,1,neowise,9.985,0.014,9.106,0.014,75.7,80.2,20428.0,269.75,16409.0,204.63,AA
271.7111261,69.8244837,59268.97226863,,,,,,,,,0000,0.5,117.45099639892578,00,1,neowise,9.972,0.014,9.1,0.015,75.0,74.9,20684.0,275.85,16497.0,220.37,AA
271.7111811,69.8244753,59266.74945564,,,,,,,,,0000,1.0,92.6520004272461,00,1,neowise,9.992,0.017,9.075,0.015,64.9,73.0,20297.0,312.79,16883.0,231.42,AA
271.7111139,69.8244742,59266.88023184,,,,,,,,,0000,1.0,109.50299835205078,00,1,neowise,9.986,0.015,9.103,0.015,71.8,73.3,20414.0,284.22,16459.0,224.55,AA
271.7111733,69.8244547,59267.27243303,,,,,,,,,0000,0.5,87.08899688720703,00,1,neowise,10.002,0.018,9.097,0.015,60.7,74.2,20114.0,331.42,16543.0,223.0,AA
271.7111555,69.8244667,59267.40320918,,,,,,,,,0000,1.0,75.60199737548828,00,1,neowise,9.997,0.016,9.109,0.014,69.4,78.5,20202.0,291.09,16356.0,208.36,AA
271.71115,69.8244501,59267.79553774,,,,,,,,,0000,0.5,98.9540023803711,00,1,neowise,9.987,0.015,9.089,0.014,70.8,78.3,20397.0,288.19,16669.0,212.8,AA
271.7112198,69.8244666,59267.92618657,,,,,,,,,0000,1.0,113.93800354003906,00,1,neowise,9.977,0.017,9.093,0.014,63.4,77.3,20589.0,324.91,16597.0,214.62,AA
271.711194,69.8244447,59267.92631394,,,,,,,,,0000,1.0,114.42400360107422,00,1,neowise,9.994,0.019,9.051,0.017,56.3,63.4,20274.0,360.41,17256.0,272.07,AA
271.711158,69.8244575,59268.05696282,,,,,,,,,0000,1.0,113.125,00,1,neowise,9.981,0.015,9.091,0.014,71.2,75.2,20502.0,287.77,16638.0,221.34,AA
271.7111968,69.8244603,59268.31851508,,,,,,,,,0000,1.0,81.66400146484375,00,1,neowise,9.978,0.015,9.101,0.014,73.5,76.8,20571.0,279.74,16475.0,214.59,AA
271.7111291,69.8244695,59268.44929128,,,,,,,,,0000,1.0,73.88600158691406,00,1,neowise,9.951,0.016,9.112,0.015,67.9,74.4,21084.0,310.74,16321.0,219.49,AA
271.7111629,69.8244677,59268.71071623,,,,,,,,,0000,1.0,87.8030014038086,00,1,neowise,9.984,0.015,9.107,0.015,72.1,72.8,20454.0,283.5,16389.0,225.09,AA
271.7111293,69.824473,59268.84149243,,,,,,,,,0000,1.0,104.76300048828125,00,1,neowise,9.986,0.014,9.084,0.013,74.9,81.6,20417.0,272.57,16734.0,205.05,AA
271.7111197,69.8244897,59266.61880627,,,,,,,,,0000,1.0,78.36299896240234,00,1,neowise,9.965,0.017,9.117,0.016,65.6,69.6,20816.0,317.11,16237.0,233.15,AA
271.7110698,69.8244832,59267.01100803,,,,,,,,,0000,1.0,116.57099914550781,00,1,neowise,9.994,0.014,9.104,0.015,75.8,74.3,20273.0,267.49,16436.0,221.07,AA
271.7111028,69.8244846,59269.10304484,,,,,,,,,0000,1.0,108.72200012207031,00,1,neowise,9.973,0.018,9.087,0.014,62.0,79.0,20663.0,333.51,16699.0,211.37,AA
271.7107284,69.8243448,59835.33377595,,,,,,,,,0000,1.0,114.90799713134766,00,1,neowise,10.243,0.021,8.931,0.014,51.3,75.5,16119.0,314.4,19278.0,255.4,AA
271.7110817,69.8244572,59831.42106692,,,,,,,,,0000,0.0,115.26200103759766,00,1,neowise,10.222,0.015,9.335,0.014,70.4,76.9,16426.0,233.26,13288.0,172.73,AA
271.711034,69.8244439,59831.94276988,,,,,,,,,0000,0.0,75.46299743652344,00,1,neowise,10.164,0.017,9.34,0.013,62.5,80.8,17323.0,277.03,13224.0,163.68,AA
271.7110872,69.8244525,59832.3340789,,,,,,,,,0000,0.0,115.54000091552734,00,1,neowise,10.213,0.015,9.318,0.016,71.3,66.3,16560.0,232.28,13500.0,203.7,AA
271.7110288,69.8244271,59833.24709088,,,,,,,,,0000,0.0,106.76300048828125,00,1,neowise,10.25,0.015,9.39,0.015,72.7,72.1,16011.0,220.21,12626.0,175.22,AA
271.7109783,69.8244108,59833.37748478,,,,,,,,,0000,0.0,116.27400207519531,00,1,neowise,10.271,0.016,9.388,0.013,67.2,82.2,15709.0,233.92,12655.0,153.99,AA
271.7110796,69.8244348,59833.6383999,,,,,,,,,0000,0.5,89.8270034790039,00,1,neowise,10.285,0.017,9.353,0.015,64.8,71.3,15495.0,239.22,13067.0,183.19,AA
271.7109566,69.8244008,59834.02945485,,,,,,,,,0000,0.0,80.52400207519531,00,1,neowise,10.281,0.017,9.355,0.015,63.8,70.4,15552.0,243.86,13048.0,185.29,AA
271.7110511,69.8244616,59834.29037002,,,,,,,,,0000,0.5,111.49400329589844,00,1,neowise,10.268,0.016,9.396,0.018,67.8,59.0,15750.0,232.19,12558.0,212.91,AA
271.7110846,69.824406,59834.55115787,,,,,,,,,0000,0.0,101.20099639892578,00,1,neowise,10.263,0.017,9.369,0.016,63.3,68.4,15825.0,249.93,12879.0,188.26,AA
271.7110484,69.8244385,59834.68155167,,,,,,,,,0000,0.0,84.70999908447266,00,1,neowise,10.249,0.02,9.425,0.015,55.1,74.2,16020.0,290.72,12230.0,164.74,AA
271.7110884,69.8244677,59834.81207294,,,,,,,,,0000,0.5,75.447998046875,00,1,neowise,10.26,0.017,9.388,0.014,63.0,78.7,15860.0,251.67,12655.0,160.73,AA
271.7110768,69.8244547,59835.85535155,,,,,,,,,0000,0.0,74.83599853515625,00,1,neowise,10.246,0.018,9.403,0.014,59.0,76.7,16063.0,272.42,12478.0,162.61,AA
271.7113376,69.8244646,59831.68198204,,,,,,,,,0000,0.0,84.65299987792969,00,1,neowise,10.205,0.015,9.423,0.017,73.0,63.8,16689.0,228.59,12249.0,191.89,AA
271.7112319,69.8244165,59831.94289726,,,,,,,,,0000,0.5,76.22200012207031,00,1,neowise,10.196,0.018,9.249,0.016,58.9,69.0,16829.0,285.84,14381.0,208.29,AA
271.7112337,69.8244441,59831.0298847,,,,,,,,,0000,0.5,80.88800048828125,00,1,neowise,10.222,0.016,9.3,0.015,66.3,70.4,16430.0,247.67,13715.0,194.77,AA
271.7111563,69.8244482,59831.16027865,,,,,,,,,0000,0.5,95.63800048828125,00,1,neowise,10.204,0.015,9.318,0.015,73.5,71.7,16703.0,227.21,13498.0,188.26,AA
271.711108,69.8244593,59831.29067245,,,,,,,,,0000,0.0,111.69100189208984,00,1,neowise,10.201,0.015,9.357,0.014,72.3,75.2,16740.0,231.61,13024.0,173.26,AA
271.7111928,69.8244475,59831.55158818,,,,,,,,,0000,0.5,101.17500305175781,00,1,neowise,10.223,0.016,9.307,0.014,68.0,75.2,16410.0,241.28,13638.0,181.42,AA
271.7111018,69.8244397,59831.81237598,,,,,,,,,0000,0.5,74.69499969482422,00,1,neowise,10.245,0.016,9.262,0.018,69.2,59.0,16086.0,232.38,14209.0,240.86,AA
271.7112541,69.8244613,59832.07329115,,,,,,,,,0000,0.5,85.06099700927734,00,1,neowise,10.208,0.015,9.322,0.015,70.4,73.3,16633.0,236.11,13451.0,183.56,AA
271.7112488,69.8244591,59832.20368505,,,,,,,,,0000,0.5,101.39199829101562,00,1,neowise,10.2,0.016,9.341,0.015,68.7,70.7,16761.0,243.91,13211.0,186.93,AA
271.7111522,69.8244643,59832.59499402,,,,,,,,,0000,0.5,95.44000244140625,00,1,neowise,10.197,0.015,9.327,0.016,73.0,67.6,16807.0,230.36,13386.0,197.94,AA
271.7111766,69.8244408,59832.72538792,,,,,,,,,0000,0.5,80.47000122070312,00,1,neowise,10.238,0.016,9.356,0.015,66.7,71.2,16191.0,242.75,13032.0,183.16,AA
271.7111372,69.8244551,59832.85578186,,,,,,,,,0000,0.0,75.07599639892578,00,1,neowise,10.217,0.015,9.366,0.015,70.2,70.8,16505.0,235.19,12917.0,182.47,AA
271.7111247,69.8244635,59832.98617576,,,,,,,,,0000,0.0,77.7760009765625,00,1,neowise,10.254,0.017,9.376,0.014,63.5,78.8,15945.0,251.15,12790.0,162.4,AA
271.7112055,69.8244459,59832.98630308,,,,,,,,,0000,0.5,78.54900360107422,00,1,neowise,10.208,0.017,9.348,0.016,62.6,66.7,16643.0,265.73,13123.0,196.83,AA
271.7111391,69.8244441,59833.76879385,,,,,,,,,0000,0.0,77.51699829101562,00,1,neowise,10.271,0.016,9.434,0.015,67.3,72.0,15697.0,233.13,12128.0,168.48,AA
271.7111524,69.8244669,59834.15997617,,,,,,,,,0000,0.5,95.79000091552734,00,1,neowise,10.259,0.017,9.361,0.015,64.1,71.7,15873.0,247.79,12971.0,180.93,AA
271.7111224,69.8244414,59835.59456375,,,,,,,,,0000,0.5,95.38800048828125,00,1,neowise,10.27,0.019,9.397,0.015,57.4,72.6,15712.0,273.76,12552.0,172.78,AA
271.7111424,69.8244507,59835.98587281,,,,,,,,,0000,0.5,78.3010025024414,00,1,neowise,10.244,0.019,9.389,0.018,58.0,61.8,16096.0,277.45,12645.0,204.54,AA
271.7110263,69.8244568,59830.89936348,,,,,,,,,0000,0.0,74.6760025024414,00,1,neowise,10.218,0.015,9.35,0.015,71.7,74.8,16485.0,229.91,13101.0,175.07,AA
271.710949,69.8244581,59833.89918775,,,,,,,,,0000,0.0,75.79199981689453,00,1,neowise,10.296,0.018,9.373,0.015,60.3,70.8,15344.0,254.31,12824.0,181.17,AA
271.7109907,69.8244497,59834.42076397,,,,,,,,,0000,0.5,114.51499938964844,00,1,neowise,10.268,0.017,9.373,0.014,65.4,79.3,15750.0,240.8,12829.0,161.84,AA
271.7109937,69.8244617,59834.94246689,,,,,,,,,0000,0.5,76.1050033569336,00,1,neowise,10.293,0.015,9.402,0.015,71.7,70.4,15380.0,214.55,12486.0,177.35,AA
271.7109753,69.8244577,59835.33364863,,,,,,,,,0000,0.0,115.36000061035156,00,1,neowise,10.32,0.019,9.439,0.014,56.9,77.7,15013.0,263.83,12076.0,155.45,AA
271.7109584,69.8244524,59835.72495765,,,,,,,,,0000,0.5,80.38600158691406,00,1,neowise,10.28,0.018,9.421,0.015,61.6,71.8,15580.0,252.8,12279.0,170.97,AA
271.7109455,69.824485,59835.07286083,,,,,,,,,0000,0.0,85.16899871826172,00,1,neowise,10.262,0.015,9.279,0.016,71.0,67.8,15827.0,222.89,13996.0,206.44,AA
271.7112469,69.8244303,59473.22594431,,,,,,,,,0000,0.5,103.69000244140625,00,1,neowise,9.944,0.019,8.983,0.018,55.9,61.8,21217.0,379.3,18376.0,297.22,AA
271.7111094,69.8244369,59475.05578817,,,,,,,,,0000,0.5,84.16500091552734,00,1,neowise,10.012,0.018,9.13,0.016,61.9,66.5,19934.0,322.17,16043.0,241.34,AA
271.7111334,69.8244375,59472.31089531,,,,,,,,,0000,0.5,112.6989974975586,00,1,neowise,9.981,0.016,9.063,0.016,65.9,68.4,20511.0,311.23,17068.0,249.72,AA
271.7111241,69.8244609,59472.57231959,,,,,,,,,0000,0.5,98.69400024414062,00,1,neowise,9.917,0.017,9.083,0.012,62.3,87.9,21748.0,348.94,16757.0,190.6,AA
271.7111694,69.8244464,59472.70309544,,,,,,,,,0000,0.5,83.35600280761719,00,1,neowise,9.918,0.017,9.046,0.015,64.3,73.9,21734.0,338.09,17341.0,234.6,AA
271.7111339,69.8244429,59472.83374398,,,,,,,,,0000,0.5,75.69999694824219,00,1,neowise,9.887,0.015,9.009,0.013,71.9,83.5,22360.0,311.19,17944.0,214.82,AA
271.7111794,69.8244297,59472.96451987,,,,,,,,,0000,0.5,77.94200134277344,00,1,neowise,9.886,0.017,8.994,0.015,63.6,72.4,22380.0,352.06,18190.0,251.25,AA
271.7111111,69.824426,59473.48724189,,,,,,,,,0000,0.5,108.68000030517578,00,1,neowise,9.936,0.017,9.07,0.015,64.1,74.4,21368.0,333.27,16954.0,227.96,AA
271.7111929,69.8244438,59473.74866618,,,,,,,,,0000,0.5,79.33000183105469,00,1,neowise,9.981,0.018,9.126,0.015,61.0,71.4,20516.0,336.53,16103.0,225.49,AA
271.7111335,69.8244478,59473.87944207,,,,,,,,,0000,0.5,76.41100311279297,00,1,neowise,10.02,0.019,9.146,0.016,58.3,66.0,19786.0,339.33,15809.0,239.51,AA
271.7111224,69.8244262,59474.1408665,,,,,,,,,0000,0.5,93.46900177001953,00,1,neowise,10.063,0.02,9.137,0.018,55.1,60.5,19011.0,344.96,15947.0,263.56,AA
271.7114681,69.8245167,59475.57850953,,,,,,,,,0000,0.5,97.78299713134766,00,1,neowise,9.982,0.018,,,59.0,,20498.0,347.67,,,AX
271.7114165,69.8244352,59474.66358785,,,,,,,,,0000,0.0,87.47200012207031,00,1,neowise,10.099,0.018,9.258,0.015,59.8,72.2,18394.0,307.59,14259.0,197.48,AA
271.7114039,69.8244677,59475.83993391,,,,,,,,,0000,0.0,75.94000244140625,00,1,neowise,10.05,0.019,9.091,0.015,56.1,72.0,19247.0,342.96,16636.0,230.96,AA
271.710772,69.8244127,59474.40216356,,,,,,,,,0000,0.0,115.00199890136719,00,1,neowise,10.02,0.021,9.185,0.015,52.7,72.7,19781.0,375.45,15256.0,209.88,AA
271.7110459,69.824476,59473.0951684,,,,,,,,,0000,0.5,87.86900329589844,00,1,neowise,9.901,0.015,9.0,0.014,70.2,75.6,22072.0,314.23,18086.0,239.29,AA
271.7110356,69.8244103,59828.29084838,,,,,,,,,0000,0.0,111.75800323486328,00,1,neowise,10.192,0.015,9.28,0.014,72.9,79.9,16894.0,231.83,13971.0,174.77,AA
271.7110226,69.8244313,59828.42124228,,,,,,,,,0000,0.0,115.16400146484375,00,1,neowise,10.153,0.015,9.313,0.015,73.8,71.8,17502.0,237.06,13555.0,188.73,AA
271.7110436,69.8244571,59828.55163618,,,,,,,,,0000,0.0,101.53900146484375,00,1,neowise,10.156,0.015,9.275,0.015,70.8,74.0,17450.0,246.35,14039.0,189.79,AA
271.7109596,69.8244223,59828.94294572,,,,,,,,,0000,0.0,75.36399841308594,00,1,neowise,10.194,0.014,9.298,0.014,76.7,75.7,16854.0,219.7,13753.0,181.76,AA
271.7110415,69.8244325,59829.07333962,,,,,,,,,0000,0.0,84.3489990234375,00,1,neowise,10.079,0.018,9.284,0.014,61.9,76.4,18734.0,302.45,13923.0,182.27,AA
271.7110614,69.8244575,59829.8559576,,,,,,,,,0000,0.5,74.30000305175781,00,1,neowise,10.197,0.014,9.325,0.015,75.0,70.3,16814.0,224.08,13409.0,190.72,AA
271.7109594,69.8244053,59829.9863515,,,,,,,,,0000,0.0,76.95099639892578,00,1,neowise,10.229,0.016,9.314,0.015,69.4,70.4,16323.0,235.17,13545.0,192.39,AA
271.7110481,69.8244531,59830.24726662,,,,,,,,,0000,0.0,106.8550033569336,00,1,neowise,10.207,0.014,9.334,0.014,75.1,76.4,16658.0,221.8,13296.0,174.1,AA
271.7111773,69.8244178,59827.89953932,,,,,,,,,0000,0.0,74.78299713134766,00,1,neowise,10.156,0.015,9.272,0.014,72.3,78.3,17460.0,241.35,14081.0,179.86,AA
271.7111042,69.8244633,59829.07346698,,,,,,,,,0000,0.5,84.98600006103516,00,1,neowise,10.193,0.019,9.291,0.015,57.0,73.3,16871.0,295.78,13840.0,188.91,AA
271.7112032,69.8244594,59829.20386088,,,,,,,,,0000,0.5,101.33799743652344,00,1,neowise,10.172,0.016,9.306,0.014,69.6,79.1,17203.0,247.12,13647.0,172.51,AA
271.7111336,69.824429,59829.33425469,,,,,,,,,0000,0.0,115.62699890136719,00,1,neowise,10.194,0.014,9.307,0.013,74.9,81.3,16861.0,225.15,13632.0,167.65,AA
271.7111526,69.8244456,59829.72556366,,,,,,,,,0000,0.0,80.10900115966797,00,1,neowise,10.186,0.016,9.305,0.014,69.3,77.5,16985.0,244.96,13664.0,176.36,AA
271.71115,69.8244701,59830.11687277,,,,,,,,,0000,0.5,90.00700378417969,00,1,neowise,10.224,0.017,9.32,0.014,64.1,75.1,16399.0,255.9,13468.0,179.28,AA
271.7111035,69.8243999,59830.63857564,,,,,,,,,0000,0.0,89.86399841308594,00,1,neowise,10.221,0.015,9.314,0.014,71.3,77.8,16439.0,230.69,13540.0,173.97,AA
271.7111302,69.8244524,59830.76896958,,,,,,,,,0000,0.5,76.75800323486328,00,1,neowise,10.223,0.016,9.333,0.016,69.4,66.0,16419.0,236.57,13316.0,201.66,AA
271.7113646,69.8244782,59828.68215735,,,,,,,,,0000,0.5,84.62000274658203,00,1,neowise,10.141,0.017,9.303,0.014,65.1,75.9,17695.0,271.75,13686.0,180.26,AA
271.7110583,69.8244645,59828.02993322,,,,,,,,,0000,0.5,80.26699829101562,00,1,neowise,10.16,0.014,9.285,0.013,75.5,81.5,17393.0,230.46,13912.0,170.77,AA
271.7110031,69.824451,59828.81255186,,,,,,,,,0000,0.5,74.61000061035156,00,1,neowise,10.167,0.015,9.306,0.014,72.6,78.9,17284.0,237.93,13644.0,173.0,AA
271.7108839,69.824426,59829.46464863,,,,,,,,,0000,0.0,111.83599853515625,00,1,neowise,10.2,0.015,9.322,0.014,71.8,77.2,16769.0,233.66,13441.0,174.11,AA
271.7109142,69.8244623,59829.59504249,,,,,,,,,0000,0.0,95.71700286865234,00,1,neowise,10.179,0.017,9.289,0.015,62.5,73.7,17087.0,273.25,13858.0,188.16,AA
271.7110919,69.8244773,59829.5951698,,,,,,,,,0000,0.5,95.46499633789062,00,1,neowise,10.157,0.018,9.298,0.013,59.2,81.3,17439.0,294.75,13743.0,169.14,AA
271.7110153,69.824456,59830.37766052,,,,,,,,,0000,0.5,117.44100189208984,00,1,neowise,10.187,0.015,9.297,0.013,72.6,82.0,16958.0,233.55,13754.0,167.79,AA
271.7109635,69.8244207,60203.68767485,,,,,,,,,0000,0.0,84.6449966430664,00,1,neowise,10.175,0.019,9.466,0.016,58.6,67.0,17151.0,292.64,11778.0,175.92,AA
271.7110936,69.8243946,60204.98295536,,,,,,,,,0000,0.0,80.69000244140625,00,1,neowise,10.249,0.019,9.522,0.017,58.0,64.9,16031.0,276.2,11185.0,172.29,AA
271.7112653,69.8244211,60200.70835159,,,,,,,,,0000,0.0,82.62799835205078,00,1,neowise,10.275,0.017,9.364,0.017,64.9,63.9,15646.0,240.94,12935.0,202.55,AA
271.7110768,69.8244998,60204.33531486,,,,,,,,,0000,0.0,113.60700225830078,00,1,neowise,10.366,0.018,9.596,0.016,60.4,67.4,14381.0,238.06,10452.0,155.12,AA
271.7110855,69.824515,60201.61512456,,,,,,,,,0000,0.0,92.16999816894531,00,1,neowise,10.238,0.017,9.508,0.018,63.7,60.7,16191.0,254.02,11331.0,186.82,AA
271.7110977,69.8244548,57281.03735528,,,,,,,,,0000,1.0,85.73100280761719,00,1,neowise,9.981,0.02,9.14,0.015,54.3,72.3,20504.0,377.52,15917.0,220.23,AA
271.7110982,69.8244649,57280.51272218,,,,,,,,,0000,1.0,99.99299621582031,00,1,neowise,10.0,0.021,9.148,0.015,51.8,72.8,20149.0,389.18,15809.0,217.27,AA
271.7110995,69.8244678,57281.430958,,,,,,,,,0000,1.0,110.25,00,1,neowise,9.962,0.016,9.122,0.014,69.7,77.5,20866.0,299.35,16183.0,208.87,AA
271.7110751,69.8244613,57279.59435957,,,,,,,,,0000,1.0,89.26899719238281,00,1,neowise,10.009,0.016,9.165,0.014,69.7,75.4,19976.0,286.66,15565.0,206.56,AA
271.7110416,69.8244449,57280.64388039,,,,,,,,,0000,1.0,83.34700012207031,00,1,neowise,9.984,0.018,9.164,0.013,60.4,85.9,20447.0,338.39,15577.0,181.36,AA
271.7110435,69.8244506,57283.79244359,,,,,,,,,0000,1.0,74.4489974975586,00,1,neowise,9.988,0.018,9.13,0.015,59.5,70.8,20406.0,343.09,16008.0,226.21,AA
271.7110879,69.8244517,57281.1686409,,,,,,,,,0000,1.0,103.14399719238281,00,1,neowise,9.96,0.016,9.12,0.015,67.6,70.5,20896.0,308.94,16223.0,230.1,AA
271.7111314,69.8244781,57279.9878344,,,,,,,,,0000,0.5,80.28299713134766,00,1,neowise,9.994,0.018,9.16,0.013,61.1,81.2,20262.0,331.66,15627.0,192.53,AA
271.7111841,69.8244921,57282.87408108,,,,,,,,,0000,0.0,75.0459976196289,00,2,neowise,10.478,0.017,9.869,0.018,63.7,59.9,12991.0,203.94,8106.9,135.36,AA
271.7111559,69.8244563,57284.31707674,,,,,,,,,0000,1.0,117.84200286865234,00,1,neowise,10.0,0.019,9.16,0.016,57.8,69.2,20173.0,349.19,15576.0,224.97,AA
271.7111063,69.8244689,57283.52999975,,,,,,,,,0000,0.5,97.83499908447266,00,1,neowise,9.99,0.018,9.153,0.018,61.8,60.3,20364.0,329.35,15674.0,260.13,AA
271.7111165,69.8244596,57279.72551784,,,,,,,,,0000,1.0,76.02899932861328,00,1,neowise,9.999,0.016,9.178,0.014,69.4,77.8,20160.0,290.28,15380.0,197.71,AA
271.7111448,69.8244507,57279.46320131,,,,,,,,,0000,1.0,106.39399719238281,00,1,neowise,10.011,0.016,9.165,0.015,69.4,72.2,19943.0,287.49,15564.0,215.51,AA
271.7112085,69.8244523,57282.08687677,,,,,,,,,0000,1.0,92.11199951171875,00,1,neowise,9.985,0.016,9.133,0.016,66.8,68.7,20457.0,306.3,15976.0,232.68,AA
271.7111696,69.824465,57281.8245602,,,,,,,,,0000,0.5,74.4520034790039,00,1,neowise,10.006,0.017,9.17,0.014,64.2,75.5,20071.0,312.78,15433.0,204.3,AA
271.711201,69.8244707,57281.56211626,,,,,,,,,0000,1.0,93.56999969482422,00,1,neowise,9.946,0.018,9.202,0.014,59.6,76.1,21205.0,355.82,14990.0,196.98,AA
271.7111256,69.8244629,57283.00523939,,,,,,,,,0000,1.0,82.40699768066406,00,1,neowise,9.982,0.015,9.135,0.014,72.4,78.7,20504.0,283.12,15941.0,202.68,AA
271.7111252,69.8244464,57284.18591847,,,,,,,,,0000,1.0,105.32499694824219,00,1,neowise,9.983,0.015,9.152,0.014,70.8,79.6,20493.0,289.28,15693.0,197.21,AA
271.7111231,69.82444,57283.66115796,,,,,,,,,0000,0.5,81.44400024414062,00,1,neowise,9.954,0.017,9.13,0.014,64.2,80.1,21047.0,328.09,16007.0,199.89,AA
271.7111537,69.8244408,57282.48047892,,,,,,,,,0000,0.5,104.43499755859375,00,1,neowise,9.949,0.016,9.098,0.016,68.1,69.1,21154.0,310.61,16495.0,238.67,AA
271.7111041,69.8244557,57279.85667615,,,,,,,,,0000,1.0,74.34400177001953,00,1,neowise,10.001,0.017,9.163,0.013,63.8,81.3,20130.0,315.31,15594.0,191.84,AA
271.7111071,69.8244671,57280.25027829,,,,,,,,,0000,1.0,112.75499725341797,00,1,neowise,10.004,0.016,9.169,0.015,67.4,74.6,20077.0,297.71,15510.0,207.89,AA
271.7111463,69.8244688,57280.90619697,,,,,,,,,0000,1.0,75.40399932861328,00,1,neowise,9.99,0.016,9.147,0.012,68.8,89.2,20323.0,295.54,15825.0,177.4,AA
271.7111126,69.8244556,57280.7750387,,,,,,,,,0000,1.0,74.18199920654297,00,1,neowise,9.992,0.016,9.151,0.015,67.8,74.8,20289.0,299.16,15768.0,210.78,AA
271.7111599,69.824449,57282.74292281,,,,,,,,,0000,1.0,75.45700073242188,00,1,neowise,9.971,0.019,9.12,0.016,56.6,67.5,20717.0,366.21,16161.0,239.47,AA
271.7111601,69.8244617,57283.79231627,,,,,,,,,0000,0.5,73.74099731445312,00,1,neowise,9.965,0.019,9.141,0.014,57.8,76.1,20840.0,360.42,15848.0,208.25,AA
271.7111507,69.82444,57283.39884144,,,,,,,,,0000,1.0,113.12300109863281,00,1,neowise,9.985,0.016,9.143,0.015,66.0,74.8,20454.0,309.76,15829.0,211.57,AA
271.7111284,69.8244532,57280.3814365,,,,,,,,,0000,1.0,114.99700164794922,00,1,neowise,10.031,0.017,9.174,0.013,65.6,81.0,19570.0,298.45,15426.0,190.34,AA
271.7111367,69.8244574,57280.51259481,,,,,,,,,0000,1.0,100.38899993896484,00,1,neowise,9.982,0.017,9.16,0.013,65.1,80.5,20472.0,314.3,15631.0,194.06,AA
271.7111285,69.8244381,57282.34932066,,,,,,,,,0000,1.0,116.66500091552734,00,1,neowise,9.973,0.017,9.135,0.014,64.2,79.9,20694.0,322.44,15936.0,199.34,AA
271.7111178,69.824443,57284.05476021,,,,,,,,,0000,1.0,88.18599700927734,00,1,neowise,10.028,0.015,9.166,0.014,70.6,78.1,19659.0,278.28,15494.0,198.28,AA
271.7112216,69.8244578,57282.61163719,,,,,,,,,0000,0.5,87.09500122070312,00,1,neowise,9.93,0.018,9.11,0.016,61.5,70.0,21516.0,349.77,16314.0,233.17,AA
271.7111416,69.8244573,57281.69340189,,,,,,,,,0000,1.0,78.53500366210938,00,1,neowise,9.962,0.017,9.153,0.015,64.8,73.3,20895.0,322.39,15676.0,213.9,AA
271.7111062,69.8244492,57281.29979973,,,,,,,,,0000,1.0,116.7040023803711,00,1,neowise,9.965,0.015,9.099,0.015,71.5,73.3,20808.0,291.11,16534.0,225.53,AA
271.7111352,69.8244488,57283.9236019,,,,,,,,,0000,1.0,76.58399963378906,00,1,neowise,10.006,0.018,9.163,0.016,61.4,67.1,20057.0,326.61,15541.0,231.61,AA
271.7111339,69.8244224,57283.26768323,,,,,,,,,0000,1.0,114.13600158691406,00,1,neowise,9.985,0.019,9.144,0.015,58.5,72.6,20453.0,349.32,15809.0,217.71,AA
271.7111146,69.8244255,57284.31720405,,,,,,,,,0000,1.0,117.22799682617188,00,1,neowise,9.968,0.019,9.146,0.016,56.0,66.9,20775.0,371.19,15783.0,235.83,AA
271.711149,69.8244321,57283.13639765,,,,,,,,,0000,1.0,98.73799896240234,00,1,neowise,9.97,0.018,9.102,0.017,59.3,62.5,20746.0,350.13,16430.0,262.97,AA
271.7111247,69.82445,57282.2181624,,,,,,,,,0000,1.0,109.21099853515625,00,1,neowise,9.951,0.017,9.16,0.014,63.4,79.4,21099.0,332.92,15580.0,196.15,AA
271.7111355,69.8244642,57281.95571846,,,,,,,,,0000,1.0,78.18599700927734,00,1,neowise,9.988,0.015,9.168,0.013,70.3,83.6,20406.0,290.09,15464.0,184.93,AA
271.711045,69.8244726,57280.11912003,,,,,,,,,0000,1.0,96.51599884033203,00,1,neowise,10.001,0.016,9.16,0.014,69.3,79.7,20125.0,290.24,15629.0,196.09,AA
271.711052,69.8244708,57279.98796172,,,,,,,,,0000,1.0,81.00199890136719,00,1,neowise,10.001,0.02,9.169,0.016,53.9,69.0,20126.0,373.4,15506.0,224.82,AA
271.7110413,69.8244447,57654.24439902,,,,,,,,,0000,0.5,109.9209976196289,00,1,neowise,10.2,0.017,9.365,0.015,62.2,73.4,16788.0,269.85,12932.0,176.3,AA
271.7111106,69.8244305,57654.3754302,,,,,,,,,0000,1.0,115.06600189208984,00,1,neowise,10.168,0.017,9.391,0.015,65.3,71.0,17290.0,264.79,12626.0,177.77,AA
271.7110907,69.8244581,58015.32806476,,,,,,,,,0000,0.5,115.43699645996094,00,1,neowise,10.149,0.019,9.287,0.017,58.1,65.1,17566.0,302.19,13886.0,213.18,AA
271.7111745,69.8244247,58015.58987146,,,,,,,,,0000,0.5,93.95600128173828,00,1,neowise,10.207,0.015,9.355,0.013,72.6,83.2,16663.0,229.66,13048.0,156.77,AA
271.7111538,69.824412,58015.72077478,,,,,,,,,0000,0.5,79.572998046875,00,1,neowise,10.195,0.02,9.321,0.015,53.3,70.8,16839.0,316.22,13455.0,190.01,AA
271.7111242,69.824446,58015.85180552,,,,,,,,,0000,0.5,75.78700256347656,00,1,neowise,10.165,0.019,9.326,0.015,57.5,72.5,17320.0,301.08,13396.0,184.86,AA
271.7110082,69.8244488,58736.82970203,,,,,,,,,0000,0.5,74.97899627685547,00,1,neowise,10.261,0.017,9.378,0.014,64.2,75.3,15844.0,246.91,12775.0,169.62,AA
271.7110673,69.8244342,58737.09138118,,,,,,,,,0000,0.5,86.80699920654297,00,1,neowise,10.227,0.017,9.321,0.015,65.8,73.2,16353.0,248.67,13464.0,183.89,AA
271.7110959,69.8244497,58737.7455151,,,,,,,,,0000,0.0,79.04499816894531,00,1,neowise,10.278,0.018,9.299,0.015,61.5,73.3,15595.0,253.48,13729.0,187.25,AA
271.7110786,69.8244249,58738.26887331,,,,,,,,,0000,0.5,108.71399688720703,00,1,neowise,10.266,0.016,9.338,0.014,68.8,76.5,15782.0,229.38,13244.0,173.01,AA
271.7110486,69.8244358,58738.66132818,,,,,,,,,0000,0.5,87.61599731445312,00,1,neowise,10.248,0.019,9.295,0.017,58.5,64.9,16037.0,274.17,13783.0,212.29,AA
271.7110683,69.8244465,58738.79223141,,,,,,,,,0000,1.0,76.48600006103516,00,1,neowise,10.22,0.015,9.284,0.018,72.3,58.9,16459.0,227.61,13921.0,236.49,AA
271.7110707,69.8244673,58739.05391052,,,,,,,,,0000,1.0,83.26899719238281,00,1,neowise,10.232,0.016,9.318,0.014,67.0,77.5,16273.0,242.83,13490.0,174.13,AA
271.7110871,69.8244458,58739.31558948,,,,,,,,,0000,0.5,113.00900268554688,00,1,neowise,10.258,0.018,9.315,0.014,60.8,78.1,15894.0,261.21,13535.0,173.3,AA
271.7110256,69.8244424,58739.44636539,,,,,,,,,0000,0.5,112.5999984741211,00,1,neowise,10.251,0.016,9.32,0.015,66.4,70.8,15998.0,240.76,13468.0,190.27,AA
271.7110629,69.82445,58739.57714178,,,,,,,,,0000,0.5,98.23400115966797,00,1,neowise,10.246,0.018,9.317,0.015,58.8,74.1,16072.0,273.31,13502.0,182.14,AA
271.7110987,69.8244607,58739.96972417,,,,,,,,,0000,0.5,77.61399841308594,00,1,neowise,10.176,0.016,9.272,0.015,66.1,72.9,17130.0,259.33,14080.0,193.06,AA
271.7110809,69.824456,58740.10050008,,,,,,,,,0000,0.5,88.1969985961914,00,1,neowise,10.169,0.017,9.235,0.014,63.6,75.6,17246.0,270.95,14571.0,192.69,AA
271.7110844,69.8244318,58741.01631325,,,,,,,,,0000,1.0,80.0479965209961,00,1,neowise,10.187,0.017,9.274,0.015,63.8,70.5,16961.0,265.97,14048.0,199.35,AA
271.7111251,69.8244823,58739.83882094,,,,,,,,,0000,0.5,75.30699920654297,00,1,neowise,10.214,0.017,9.296,0.014,62.5,75.7,16542.0,264.47,13776.0,181.93,AA
271.7111437,69.8244713,58736.56802241,,,,,,,,,0000,0.5,99.625,00,1,neowise,10.239,0.018,9.373,0.014,61.3,76.9,16165.0,263.54,12835.0,166.94,AA
271.7111379,69.8244521,58736.56814972,,,,,,,,,0000,1.0,99.23899841308594,00,1,neowise,10.263,0.018,9.34,0.016,60.8,67.7,15818.0,259.97,13224.0,195.44,AA
271.7111704,69.8244523,58736.69892616,,,,,,,,,0000,1.0,83.43499755859375,00,1,neowise,10.25,0.016,9.344,0.014,68.8,80.0,16006.0,232.56,13180.0,164.65,AA
271.7112144,69.8244637,58736.9606053,,,,,,,,,0000,0.5,76.8030014038086,00,1,neowise,10.257,0.015,9.341,0.015,70.3,71.2,15911.0,226.41,13214.0,185.48,AA
271.7111703,69.8244503,58737.22228441,,,,,,,,,0000,1.0,103.26499938964844,00,1,neowise,10.234,0.016,9.321,0.014,69.1,78.6,16243.0,234.92,13456.0,171.28,AA
271.7112234,69.8244662,58737.35306028,,,,,,,,,0000,0.0,116.05599975585938,00,1,neowise,10.258,0.016,9.352,0.015,68.3,74.4,15898.0,232.74,13083.0,175.9,AA
271.711125,69.8244261,58737.61473928,,,,,,,,,0000,0.5,93.38099670410156,00,1,neowise,10.17,0.016,9.289,0.013,66.2,80.8,17230.0,260.31,13856.0,171.56,AA
271.7111304,69.8244173,58737.87641838,,,,,,,,,0000,0.5,75.60700225830078,00,1,neowise,10.187,0.016,9.264,0.019,69.2,58.0,16960.0,245.26,14189.0,244.84,AA
271.7111083,69.8244343,58738.13809749,,,,,,,,,0000,0.5,92.72100067138672,00,1,neowise,10.232,0.016,9.318,0.015,66.2,72.6,16282.0,245.95,13491.0,185.72,AA
271.7112187,69.8244671,58738.39977654,,,,,,,,,0000,0.5,115.3219985961914,00,1,neowise,10.231,0.017,9.367,0.017,64.4,64.9,16297.0,253.25,12896.0,198.81,AA
271.7111482,69.8244759,58738.92300728,,,,,,,,,0000,0.5,76.00599670410156,00,1,neowise,10.213,0.017,9.384,0.016,62.5,68.3,16560.0,264.86,12697.0,185.81,AA
271.7111561,69.8244304,58739.70804501,,,,,,,,,0000,0.5,82.66699981689453,00,1,neowise,10.204,0.016,9.312,0.019,68.6,58.7,16706.0,243.51,13570.0,231.29,AA
271.7111175,69.82445,58740.23140326,,,,,,,,,0000,0.5,104.39600372314453,00,1,neowise,10.091,0.017,9.21,0.015,65.1,72.0,18528.0,284.76,14903.0,206.96,AA
271.7111112,69.8244362,58740.36217913,,,,,,,,,0000,0.5,116.20700073242188,00,1,neowise,10.129,0.016,9.167,0.017,69.7,65.2,17898.0,256.91,15504.0,237.81,AA
271.7111763,69.824438,58740.49295506,,,,,,,,,0000,0.0,108.20500183105469,00,1,neowise,10.113,0.019,9.193,0.015,56.0,74.5,18156.0,323.99,15139.0,203.1,AA
271.7111537,69.8244519,58740.49308242,,,,,,,,,0000,0.5,107.56400299072266,00,1,neowise,10.093,0.02,9.201,0.014,53.5,77.0,18494.0,345.46,15038.0,195.23,AA
271.7111032,69.8244399,58740.62385819,,,,,,,,,0000,0.5,92.14399719238281,00,1,neowise,10.113,0.017,9.177,0.016,63.0,68.7,18160.0,288.3,15370.0,223.82,AA
271.7111955,69.8244616,58740.75463411,,,,,,,,,0000,1.0,78.62999725341797,00,1,neowise,10.088,0.016,9.193,0.015,66.1,74.1,18588.0,281.05,15143.0,204.27,AA
271.711126,69.8244557,58740.88553729,,,,,,,,,0000,0.5,76.1989974975586,00,1,neowise,10.141,0.018,9.22,0.015,59.1,71.3,17700.0,299.45,14770.0,207.21,AA
271.7111218,69.8244357,58741.27799231,,,,,,,,,0000,0.5,109.56400299072266,00,1,neowise,10.213,0.017,9.288,0.014,65.2,76.0,16563.0,254.21,13869.0,182.48,AA
271.7111367,69.8244457,58741.40889559,,,,,,,,,0000,0.5,114.38500213623047,00,1,neowise,10.191,0.019,9.245,0.015,56.5,72.5,16904.0,299.0,14441.0,199.3,AA
271.7110601,69.8244699,58738.00719426,,,,,,,,,0000,0.5,78.93000030517578,00,1,neowise,10.23,0.018,9.325,0.014,60.7,78.1,16310.0,268.82,13413.0,171.82,AA
271.710992,69.824431,59089.68019748,,,,,,,,,0000,0.0,85.73999786376953,00,1,neowise,9.985,0.016,9.039,0.013,67.2,85.4,20433.0,304.23,17454.0,204.3,AA
271.7110287,69.8244509,59089.81097324,,,,,,,,,0000,0.5,75.51499938964844,00,1,neowise,9.894,0.015,9.076,0.014,71.1,76.6,22223.0,312.45,16871.0,220.23,AA
271.7110977,69.8244322,59089.94174906,,,,,,,,,0000,1.0,76.00800323486328,00,1,neowise,9.912,0.018,9.019,0.015,59.0,74.8,21859.0,370.44,17782.0,237.77,AA
271.7110777,69.8244283,59090.07252487,,,,,,,,,0000,1.0,84.41400146484375,00,1,neowise,9.873,0.021,9.012,0.015,51.7,74.8,22660.0,438.6,17898.0,239.38,AA
271.7111773,69.8244541,59088.63386382,,,,,,,,,0000,1.0,91.37799835205078,00,1,neowise,9.883,0.021,8.962,0.016,51.1,66.4,22449.0,439.66,18740.0,282.35,AA
271.7111349,69.8244333,59088.76463964,,,,,,,,,0000,0.5,77.69000244140625,00,1,neowise,9.902,0.02,9.015,0.015,54.7,71.9,22066.0,403.17,17843.0,248.08,AA
271.7107887,69.8244549,59089.54942176,,,,,,,,,0000,0.0,102.04399871826172,00,1,neowise,10.02,0.016,9.16,0.013,68.9,81.3,19781.0,287.1,15615.0,192.13,AA
271.710803,69.8245481,59089.28787017,,,,,,,,,0000,0.0,110.44000244140625,00,2,neowise,10.69,0.018,9.896,0.017,59.6,65.7,10671.0,179.08,7922.7,120.66,AA
271.7109344,69.8246416,59089.41864598,,,,,,,,,0000,0.0,114.8550033569336,00,1,neowise,10.768,0.016,9.767,0.015,69.3,72.3,9934.3,143.29,8924.4,123.36,AA
271.7110524,69.8244642,59088.5030881,,,,,,,,,0000,0.5,107.73600006103516,00,1,neowise,9.907,0.017,8.994,0.014,65.0,79.2,21962.0,337.98,18181.0,229.44,AA
271.7110955,69.824501,59088.37231228,,,,,,,,,0000,0.0,116.98600006103516,00,1,neowise,9.934,0.016,9.084,0.013,69.7,82.9,21413.0,307.11,16747.0,202.09,AA
271.7110997,69.8244963,59277.53613622,,,,,,,,,0000,0.5,76.23999786376953,00,1,neowise,9.903,0.016,9.036,0.016,67.8,66.9,22046.0,325.0,17503.0,261.79,AA
271.7108894,69.8243765,60193.58265573,,,,,,,,,0000,0.0,97.43599700927734,00,1,neowise,10.316,0.015,9.309,0.014,73.2,75.6,15065.0,205.78,13602.0,179.97,AA
271.7109546,69.824286,60192.41662331,,,,,,,,,0000,0.0,115.85199737548828,00,1,neowise,10.147,0.016,9.167,0.014,70.0,76.0,17598.0,251.25,15510.0,204.2,AA
271.7109429,69.8242832,60192.67575616,,,,,,,,,0000,0.0,84.9729995727539,00,1,neowise,10.127,0.015,9.145,0.014,72.2,78.5,17923.0,248.19,15832.0,201.73,AA
271.7112041,69.8243729,60192.54625316,,,,,,,,,0000,0.0,101.927001953125,00,1,neowise,9.844,0.018,8.923,0.015,60.7,73.5,23274.0,383.34,19425.0,264.14,AA
271.7109438,69.8243125,60191.63922617,,,,,,,,,0000,0.0,89.63400268554688,00,1,neowise,10.244,0.015,9.242,0.014,72.9,76.4,16104.0,220.99,14477.0,189.59,AA
271.7110006,69.8243617,60191.89835865,,,,,,,,,0000,0.0,74.34300231933594,00,1,neowise,10.332,0.015,9.25,0.014,70.4,80.4,14843.0,210.74,14370.0,178.81,AA
271.7110674,69.8243131,60192.93488859,,,,,,,,,0000,0.0,74.68699645996094,00,1,neowise,10.115,0.015,9.144,0.014,72.2,79.8,18131.0,251.01,15845.0,198.57,AA
271.7112853,69.8243123,60191.76885611,,,,,,,,,0000,0.0,76.31800079345703,00,1,neowise,10.193,0.02,9.108,0.014,53.3,77.4,16879.0,316.62,16372.0,211.54,AA
271.7107821,69.8242717,60193.19402096,,,,,,,,,0000,0.0,100.08200073242188,00,1,neowise,10.038,0.015,9.102,0.015,74.8,74.6,19459.0,260.18,16473.0,220.81,AA
271.7107779,69.824286,60193.45315325,,,,,,,,,0000,0.0,113.0979995727539,00,1,neowise,10.085,0.014,9.085,0.012,77.1,89.4,18644.0,241.94,16727.0,187.1,AA
271.7114799,69.8243923,60192.0279885,,,,,,,,,0000,0.0,80.21600341796875,00,1,neowise,9.999,0.019,9.052,0.014,55.8,75.3,20171.0,361.19,17246.0,229.09,AA
271.7113937,69.8243963,60192.28712082,,,,,,,,,0000,0.0,111.59100341796875,00,1,neowise,9.802,0.021,8.999,0.015,52.1,72.8,24182.0,463.88,18098.0,248.68,AA
271.7112277,69.8244441,60193.71228558,,,,,,,,,0000,0.0,80.9489974975586,00,1,neowise,9.877,0.015,9.05,0.015,73.7,73.4,22568.0,306.13,17275.0,235.43,AA
271.7113218,69.8245549,60193.32352336,,,,,,,,,0000,0.0,115.48699951171875,00,2,neowise,10.493,0.015,9.416,0.015,71.9,73.0,12795.0,178.06,12336.0,169.0,AA
271.7111159,69.8244877,58526.90591285,,,,,,,,,0000,1.0,114.49500274658203,00,1,neowise,9.34,0.02,8.397,0.014,55.4,76.3,37030.0,668.88,31528.0,413.05,AA
271.7111181,69.8244932,58528.86832225,,,,,,,,,0000,0.5,108.61599731445312,00,1,neowise,9.374,0.015,8.464,0.014,70.4,79.8,35889.0,509.75,29624.0,371.46,AA
271.7110856,69.8244837,58529.26090581,,,,,,,,,0000,1.0,87.71700286865234,00,1,neowise,9.377,0.017,8.478,0.013,62.8,81.8,35760.0,569.06,29249.0,357.75,AA
271.7110561,69.8245684,58527.56017699,,,,,,,,,0000,1.0,74.15299987792969,00,1,neowise,9.333,0.017,8.363,0.014,65.1,77.8,37267.0,572.64,32531.0,418.39,AA
271.7097832,69.8237131,59109.36393997,,,,,,,,,0000,0.0,113.47899627685547,00,1,neowise,9.894,0.013,9.167,0.012,85.3,88.2,22221.0,260.41,15509.0,175.84,AA
271.7101222,69.823779,59110.80260203,,,,,,,,,0000,0.0,78.89299774169922,00,1,neowise,10.04,0.015,9.041,0.012,71.3,87.2,19424.0,272.39,17420.0,199.77,AA
271.7096713,69.823851,59110.67182615,,,,,,,,,0000,0.0,87.0780029296875,00,1,neowise,10.073,0.012,9.151,0.013,90.4,85.7,18850.0,208.62,15746.0,183.64,AA
271.7109576,69.8243747,59107.66372677,,,,,,,,,0000,0.0,87.82599639892578,00,1,neowise,9.944,0.016,8.925,0.015,66.1,72.5,21213.0,320.82,19387.0,267.59,AA
271.7109537,69.8243926,59108.97161248,,,,,,,,,0000,0.0,80.74099731445312,00,1,neowise,9.883,0.015,9.006,0.012,70.5,87.6,22444.0,318.13,17995.0,205.53,AA
271.7110888,69.8243921,59109.10238831,,,,,,,,,0000,0.0,90.58300018310547,00,1,neowise,9.934,0.016,9.078,0.016,67.8,68.6,21423.0,315.82,16836.0,245.59,AA
271.7108788,69.8243824,59110.27949876,,,,,,,,,0000,0.0,108.61399841308594,00,1,neowise,9.928,0.016,8.972,0.016,67.9,69.7,21528.0,316.89,18554.0,266.03,AA
271.7113087,69.8243767,59108.18683019,,,,,,,,,0000,0.0,99.44100189208984,00,1,neowise,10.202,0.021,9.259,0.017,52.9,65.2,16735.0,316.13,14247.0,218.48,AA
271.7111328,69.8243842,59111.45660859,,,,,,,,,0000,0.0,108.08200073242188,00,1,neowise,9.891,0.017,9.025,0.012,63.9,87.5,22290.0,348.58,17674.0,202.08,AA
271.7110214,69.8243107,59107.92527848,,,,,,,,,0000,0.0,79.13800048828125,00,1,neowise,9.883,0.016,9.071,0.013,68.3,81.6,22449.0,328.53,16941.0,207.49,AA
271.7109108,69.8243122,59109.49471575,,,,,,,,,0000,0.0,105.53800201416016,00,1,neowise,9.886,0.02,9.141,0.015,55.6,70.6,22384.0,402.45,15889.0,225.04,AA
271.7108041,69.8243285,59110.41027463,,,,,,,,,0000,0.0,111.45899963378906,00,1,neowise,9.95,0.014,9.078,0.013,76.9,83.0,21101.0,274.48,16839.0,202.92,AA
271.7108119,69.8242963,59109.23316414,,,,,,,,,0000,0.0,104.38200378417969,00,1,neowise,9.928,0.015,9.083,0.014,73.5,79.5,21535.0,292.88,16763.0,210.75,AA
271.7106855,69.8243112,59107.79450265,,,,,,,,,0000,0.0,78.78700256347656,00,1,neowise,9.849,0.015,9.086,0.012,71.0,87.2,23155.0,326.04,16717.0,191.7,AA
271.7110705,69.8244629,59108.05605436,,,,,,,,,0000,0.0,85.8740005493164,00,1,neowise,10.125,0.016,9.199,0.013,69.2,84.3,17970.0,259.79,15061.0,178.59,AA
271.7109709,69.8244287,59108.57928494,,,,,,,,,0000,0.0,96.57599639892578,00,1,neowise,9.885,0.016,8.959,0.014,67.3,78.4,22405.0,333.14,18789.0,239.55,AA
271.7110779,69.8244157,59108.71006078,,,,,,,,,0000,0.5,83.77200317382812,00,1,neowise,9.916,0.017,8.899,0.013,64.6,82.5,21772.0,337.16,19856.0,240.71,AA
271.7110493,69.8244175,59108.84083661,,,,,,,,,0000,0.0,78.4469985961914,00,1,neowise,9.947,0.016,9.02,0.015,68.4,74.7,21168.0,309.66,17759.0,237.72,AA
271.7110274,69.824417,59110.14872293,,,,,,,,,0000,0.0,95.50599670410156,00,1,neowise,9.9,0.017,8.995,0.016,65.7,69.4,22100.0,336.63,18178.0,261.78,AA
271.7110874,69.8244331,59111.0642811,,,,,,,,,0000,0.5,87.41600036621094,00,1,neowise,9.936,0.019,9.028,0.014,57.9,76.6,21374.0,369.06,17628.0,230.14,AA
271.711183,69.8244174,59108.31773333,,,,,,,,,0000,0.0,111.40499877929688,00,1,neowise,9.887,0.017,8.969,0.017,64.3,63.6,22367.0,348.04,18611.0,292.49,AA
271.7111555,69.8244079,59109.88717122,,,,,,,,,0000,0.5,79.35600280761719,00,1,neowise,9.919,0.016,9.025,0.013,67.9,81.6,21714.0,319.99,17678.0,216.69,AA
271.7113042,69.824418,59111.19505687,,,,,,,,,0000,0.5,100.58399963378906,00,1,neowise,9.936,0.019,8.945,0.016,57.0,66.0,21372.0,375.04,19022.0,288.13,AA
271.7111732,69.8244036,59111.32583275,,,,,,,,,0000,0.5,111.66000366210938,00,1,neowise,9.93,0.018,9.039,0.015,59.0,73.8,21493.0,364.4,17451.0,236.47,AA
271.7111455,69.8244082,59108.1869575,,,,,,,,,0000,0.0,99.60900115966797,00,1,neowise,9.878,0.018,8.955,0.013,59.0,82.3,22554.0,382.48,18857.0,229.23,AA
271.7111251,69.8244453,59109.62561895,,,,,,,,,0000,0.5,91.62799835205078,00,1,neowise,9.943,0.018,9.047,0.016,58.7,66.1,21246.0,362.02,17315.0,261.85,AA
271.7112326,69.8244467,59109.75639535,,,,,,,,,0000,0.5,80.91000366210938,00,1,neowise,9.926,0.018,9.065,0.016,60.4,69.4,21573.0,357.21,17043.0,245.58,AA
271.7111143,69.8244067,59110.01794705,,,,,,,,,0000,0.5,83.66300201416016,00,1,neowise,9.914,0.016,9.052,0.017,68.6,65.4,21809.0,317.96,17250.0,263.9,AA
271.711147,69.8244251,59110.93350522,,,,,,,,,0000,0.5,80.4020004272461,00,1,neowise,9.926,0.021,9.021,0.015,50.8,70.7,21575.0,424.33,17736.0,251.0,AA
271.7115511,69.8245513,59110.93337786,,,,,,,,,0000,0.0,79.66500091552734,00,1,neowise,10.288,0.019,9.368,0.018,56.1,61.2,15456.0,275.35,12883.0,210.61,AA
271.7108372,69.8244083,59107.53295104,,,,,,,,,0000,0.0,101.75399780273438,00,1,neowise,9.979,0.017,8.974,0.015,64.6,73.7,20548.0,318.2,18519.0,251.43,AA
271.7110968,69.8244749,59257.8587108,,,,,,,,,0000,1.0,108.5459976196289,00,1,neowise,9.995,0.016,9.089,0.013,69.7,84.6,20249.0,290.48,16665.0,197.07,AA
271.7111041,69.8244776,59260.60462909,,,,,,,,,0000,1.0,75.65699768066406,00,1,neowise,10.0,0.017,9.064,0.016,63.4,69.1,20160.0,317.74,17047.0,246.54,AA
271.7111245,69.8244821,59256.81262865,,,,,,,,,0000,1.0,101.80599975585938,00,1,neowise,9.915,0.02,9.044,0.015,53.9,73.8,21803.0,404.43,17375.0,235.3,AA
271.7111127,69.8244784,59256.9434049,,,,,,,,,0000,1.0,117.6729965209961,00,1,neowise,9.958,0.018,9.041,0.013,61.5,82.4,20952.0,340.61,17424.0,211.35,AA
271.7111382,69.8244784,59257.46650956,,,,,,,,,0000,1.0,71.73799896240234,00,1,neowise,9.977,0.017,9.088,0.015,65.1,71.1,20593.0,316.39,16686.0,234.8,AA
271.7111346,69.8244868,59257.5971584,,,,,,,,,0000,0.5,75.68000030517578,00,1,neowise,9.953,0.019,9.052,0.016,57.7,66.7,21039.0,364.59,17239.0,258.59,AA
271.7112041,69.82449,59258.38168815,,,,,,,,,0000,1.0,74.54100036621094,00,1,neowise,9.991,0.018,9.078,0.014,60.0,78.0,20313.0,338.52,16830.0,215.83,AA
271.7111421,69.8244881,59258.64324046,,,,,,,,,0000,1.0,79.45099639892578,00,1,neowise,9.984,0.016,9.068,0.014,69.4,78.1,20451.0,294.77,16990.0,217.46,AA
271.7111817,69.8244883,59259.29699405,,,,,,,,,0000,1.0,82.25499725341797,00,1,neowise,9.965,0.017,9.079,0.015,65.6,74.5,20822.0,317.38,16820.0,225.63,AA
271.7111932,69.8244861,59259.42777021,,,,,,,,,0000,1.0,72.05000305175781,00,1,neowise,9.946,0.019,9.086,0.013,56.7,80.4,21187.0,373.6,16713.0,207.79,AA
271.711232,69.8244802,59259.55803767,,,,,,,,,0000,0.5,75.6500015258789,00,1,neowise,9.998,0.018,9.122,0.014,60.7,78.7,20184.0,332.36,16169.0,205.56,AA
271.7111634,69.8244865,59259.81997197,,,,,,,,,0000,1.0,102.87799835205078,00,1,neowise,9.988,0.018,9.084,0.013,60.4,81.3,20383.0,337.62,16736.0,205.81,AA
271.711202,69.82448,59260.08152437,,,,,,,,,0000,1.0,110.08999633789062,00,1,neowise,9.988,0.017,9.069,0.015,62.6,71.3,20380.0,325.81,16973.0,237.93,AA
271.7111645,69.8244863,59260.34307672,,,,,,,,,0000,1.0,77.03900146484375,00,1,neowise,9.979,0.016,9.074,0.013,69.9,82.3,20542.0,293.75,16896.0,205.34,AA
271.7111484,69.8244818,59260.47385297,,,,,,,,,0000,1.0,71.79299926757812,00,1,neowise,9.973,0.015,9.058,0.014,71.3,78.4,20664.0,289.92,17150.0,218.73,AA
271.7111832,69.82448,59260.73527797,,,,,,,,,0000,1.0,90.93699645996094,00,1,neowise,9.966,0.017,9.06,0.014,62.3,77.6,20800.0,333.77,17122.0,220.62,AA
271.7111731,69.8244788,59261.38915894,,,,,,,,,0000,0.5,72.99400329589844,00,1,neowise,9.982,0.016,9.08,0.014,67.2,75.8,20496.0,304.88,16797.0,221.49,AA
271.7111055,69.8244784,59256.55069429,,,,,,,,,0000,1.0,75.65599822998047,00,1,neowise,9.951,0.016,9.047,0.016,66.0,68.8,21078.0,319.21,17315.0,251.73,AA
271.7111407,69.8244596,59256.68197986,,,,,,,,,0000,1.0,83.75599670410156,00,1,neowise,9.876,0.025,9.046,0.015,44.2,72.0,22598.0,511.28,17346.0,240.76,AA
271.7111258,69.8244771,59257.07418105,,,,,,,,,0000,1.0,111.28600311279297,00,1,neowise,9.975,0.017,9.062,0.013,65.6,82.7,20632.0,314.64,17077.0,206.38,AA
271.711155,69.8244712,59257.59728572,,,,,,,,,0000,1.0,75.33000183105469,00,1,neowise,9.991,0.019,9.089,0.014,56.5,77.2,20323.0,359.97,16667.0,215.99,AA
271.7111182,69.8244675,59257.72793461,,,,,,,,,0000,1.0,89.91999816894531,00,1,neowise,9.961,0.018,9.095,0.014,61.9,77.4,20898.0,337.34,16580.0,214.14,AA
271.7111462,69.8244685,59258.11975384,,,,,,,,,0000,1.0,106.70999908447266,00,1,neowise,10.0,0.016,9.067,0.016,67.6,65.8,20151.0,297.97,17001.0,258.33,AA
271.7111878,69.82447,59258.25103932,,,,,,,,,0000,1.0,88.0999984741211,00,1,neowise,9.983,0.017,9.079,0.014,63.6,75.4,20467.0,321.6,16824.0,223.27,AA
271.711174,69.8244663,59258.51195494,,,,,,,,,0000,1.0,75.39099884033203,00,1,neowise,9.961,0.019,9.08,0.013,57.4,80.5,20886.0,364.03,16799.0,208.81,AA
271.7111762,69.8244647,59258.51208231,,,,,,,,,0000,1.0,74.70600128173828,00,1,neowise,9.986,0.021,9.087,0.016,51.1,68.4,20412.0,399.77,16701.0,244.31,AA
271.7111111,69.8244638,59258.77401661,,,,,,,,,0000,1.0,96.322998046875,00,1,neowise,10.006,0.017,9.078,0.015,64.0,73.0,20041.0,313.37,16829.0,230.44,AA
271.711182,69.8244635,59258.90479286,,,,,,,,,0000,1.0,114.53700256347656,00,1,neowise,9.99,0.016,9.101,0.015,67.2,74.9,20342.0,302.76,16485.0,220.2,AA
271.7111472,69.8244713,59259.03556906,,,,,,,,,0000,0.5,116.52300262451172,00,1,neowise,9.977,0.017,9.099,0.014,65.2,77.9,20577.0,315.48,16507.0,212.02,AA
271.7111586,69.824475,59259.1658359,,,,,,,,,0000,1.0,100.91400146484375,00,1,neowise,9.987,0.017,9.099,0.014,65.6,78.2,20396.0,311.06,16509.0,211.08,AA
271.7112035,69.8244623,59259.68932309,,,,,,,,,0000,1.0,84.6989974975586,00,1,neowise,9.959,0.017,9.099,0.016,63.8,69.4,20931.0,327.96,16508.0,237.78,AA
271.7111269,69.8244726,59259.82009934,,,,,,,,,0000,1.0,103.13200378417969,00,1,neowise,10.007,0.018,9.076,0.015,61.2,74.3,20022.0,327.15,16866.0,227.09,AA
271.7111915,69.8244697,59259.95074817,,,,,,,,,0000,1.0,118.26100158691406,00,1,neowise,9.987,0.019,9.071,0.015,57.0,73.2,20388.0,357.73,16950.0,231.72,AA
271.7111765,69.8244714,59260.21179122,,,,,,,,,0000,1.0,94.87300109863281,00,1,neowise,9.971,0.017,9.078,0.014,65.1,75.1,20703.0,318.11,16830.0,224.02,AA
271.7111988,69.8244631,59260.86605412,,,,,,,,,0000,0.5,109.73600006103516,00,1,neowise,9.964,0.016,9.067,0.015,67.9,73.6,20835.0,306.81,17002.0,231.16,AA
271.7111735,69.8244657,59260.99683037,,,,,,,,,0000,1.0,119.26499938964844,00,1,neowise,9.964,0.015,9.085,0.015,70.8,72.7,20841.0,294.25,16729.0,229.97,AA
271.7111175,69.8244703,59261.12760653,,,,,,,,,0000,0.5,103.93199920654297,00,1,neowise,9.942,0.019,9.07,0.015,57.9,73.5,21254.0,367.25,16958.0,230.61,AA
271.7110951,69.8244793,59256.81275602,,,,,,,,,0000,1.0,102.02899932861328,00,1,neowise,9.954,0.019,9.05,0.015,56.8,74.8,21036.0,370.05,17277.0,230.94,AA
271.7110878,69.8244902,59257.33573336,,,,,,,,,0000,1.0,77.79000091552734,00,1,neowise,9.982,0.017,9.103,0.014,63.7,79.3,20488.0,321.87,16447.0,207.47,AA
271.7111034,69.8244962,59257.989487,,,,,,,,,0000,1.0,119.33799743652344,00,1,neowise,9.997,0.016,9.111,0.015,66.9,74.2,20213.0,302.2,16328.0,220.02,AA
271.7110921,69.8244898,59260.73540529,,,,,,,,,0000,1.0,90.90299987792969,00,1,neowise,9.971,0.018,9.081,0.015,60.3,72.4,20708.0,343.18,16789.0,231.8,AA
271.711098,69.8244836,59261.25838273,,,,,,,,,0000,1.0,86.86799621582031,00,1,neowise,9.981,0.016,9.078,0.013,67.8,81.1,20501.0,302.54,16833.0,207.59,AA
271.7113628,69.8243715,60198.24703917,,,,,,,,,0000,0.0,106.76000213623047,00,1,neowise,10.255,0.016,9.275,0.016,66.8,67.5,15931.0,238.65,14038.0,208.1,AA
271.7114096,69.8243656,60199.41294447,,,,,,,,,0000,0.0,112.73500061035156,00,1,neowise,10.146,0.018,9.312,0.016,61.9,69.1,17623.0,284.89,13569.0,196.29,AA
271.7112071,69.824357,60199.80157928,,,,,,,,,0000,0.0,77.30799865722656,00,1,neowise,10.185,0.018,9.328,0.015,58.8,70.4,16998.0,288.87,13370.0,189.98,AA
271.7114881,69.824384,60195.26746228,,,,,,,,,0000,0.0,108.90699768066406,00,1,neowise,10.249,0.018,9.28,0.014,60.4,79.3,16019.0,265.07,13982.0,176.27,AA
271.7111935,69.8244661,60199.02430956,,,,,,,,,0000,0.0,82.5469970703125,00,1,neowise,10.28,0.018,9.361,0.015,62.0,70.8,15574.0,251.33,12967.0,183.12,AA
271.7113834,69.8244793,60197.21076453,,,,,,,,,0000,0.0,102.81999969482422,00,1,neowise,10.212,0.016,9.393,0.014,67.5,79.4,16573.0,245.49,12596.0,158.71,AA
271.7110573,69.8244368,56922.75207903,,,,,,,,,0000,1.0,74.39700317382812,00,1,neowise,10.172,0.022,9.334,0.015,50.1,73.1,17179.0,343.18,13284.0,181.73,AA
271.7112021,69.8244766,56922.62053891,,,,,,,,,0000,1.0,84.25299835205078,00,1,neowise,10.199,0.019,9.38,0.016,56.4,68.4,16766.0,297.46,12729.0,186.0,AA
271.7111285,69.8244529,56923.01515932,,,,,,,,,0000,1.0,85.10900115966797,00,1,neowise,10.216,0.018,9.336,0.017,61.2,65.6,16494.0,269.35,13252.0,202.14,AA
271.7111573,69.8244358,56923.40977963,,,,,,,,,0000,1.0,110.82099914550781,00,1,neowise,10.166,0.019,9.396,0.015,57.4,70.9,17278.0,300.95,12537.0,176.78,AA
271.7111308,69.8244469,56923.14669943,,,,,,,,,0000,0.5,102.23500061035156,00,1,neowise,10.22,0.018,9.36,0.015,59.4,72.7,16437.0,276.63,12965.0,178.27,AA
271.7111093,69.8244288,56923.27823951,,,,,,,,,0000,1.0,116.29900360107422,00,1,neowise,10.274,0.02,9.348,0.015,55.4,73.4,15639.0,282.53,13108.0,178.55,AA
271.7111276,69.8244637,56922.48899884,,,,,,,,,0000,1.0,101.35600280761719,00,1,neowise,10.21,0.018,9.344,0.016,60.3,69.5,16598.0,275.12,13153.0,189.37,AA
271.7111333,69.8244395,56922.8836192,,,,,,,,,0000,1.0,75.33999633789062,00,1,neowise,10.231,0.019,9.363,0.015,57.6,73.5,16268.0,282.64,12929.0,175.85,AA
271.7110313,69.8244533,58721.58813348,,,,,,,,,0000,0.5,96.88300323486328,00,1,neowise,10.167,0.015,9.269,0.015,71.0,70.4,17278.0,243.51,14124.0,200.65,AA
271.710968,69.8243097,59105.04795513,,,,,,,,,0000,0.0,84.8010025024414,00,1,neowise,9.937,0.016,8.989,0.015,67.5,74.3,21352.0,316.52,18271.0,246.06,AA
271.7109706,69.8243248,59105.44028252,,,,,,,,,0000,0.0,110.83699798583984,00,1,neowise,10.211,0.019,9.237,0.014,58.0,77.5,16589.0,286.03,14545.0,187.64,AA
271.7111813,69.8243335,59102.56308653,,,,,,,,,0000,0.0,98.72000122070312,00,1,neowise,10.156,0.015,9.148,0.015,72.2,74.8,17458.0,241.68,15790.0,211.07,AA
271.7106124,69.8243498,59105.30950664,,,,,,,,,0000,0.0,111.38999938964844,00,1,neowise,10.01,0.016,9.216,0.014,66.5,80.3,19972.0,300.48,14821.0,184.53,AA
271.710688,69.8242646,59103.87084483,,,,,,,,,0000,0.0,77.625,00,1,neowise,9.946,0.017,9.18,0.014,62.5,77.5,21177.0,339.08,15329.0,197.78,AA
271.7105877,69.8243058,59106.35584065,,,,,,,,,0000,0.0,113.89199829101562,00,1,neowise,9.93,0.015,8.985,0.013,70.8,81.1,21489.0,303.48,18346.0,226.24,AA
271.7110754,69.8244571,59105.309634,,,,,,,,,0000,0.5,111.06600189208984,00,1,neowise,9.906,0.018,9.023,0.015,61.1,74.0,21969.0,359.85,17710.0,239.17,AA
271.7110468,69.8244599,59105.83273728,,,,,,,,,0000,0.5,78.06700134277344,00,1,neowise,9.898,0.015,9.021,0.014,70.8,76.8,22138.0,312.68,17740.0,231.02,AA
271.71106,69.82443,59103.08618985,,,,,,,,,0000,0.0,88.33899688720703,00,1,neowise,9.953,0.014,9.108,0.016,75.6,66.8,21044.0,278.53,16382.0,245.1,AA
271.7110111,69.824425,59103.3477415,,,,,,,,,0000,0.0,113.77400207519531,00,1,neowise,9.946,0.014,9.084,0.015,75.7,70.9,21179.0,279.7,16749.0,236.33,AA
271.710922,69.8244062,59104.65562755,,,,,,,,,0000,0.0,88.62999725341797,00,1,neowise,9.893,0.015,8.959,0.015,70.4,72.7,22235.0,315.79,18781.0,258.34,AA
271.7112022,69.8244076,59103.87097214,,,,,,,,,0000,0.5,78.36100006103516,00,1,neowise,9.919,0.018,9.001,0.014,61.5,74.9,21710.0,353.27,18065.0,241.06,AA
271.7112225,69.8244889,59106.22506486,,,,,,,,,0000,0.0,103.51899719238281,00,1,neowise,9.868,0.018,9.042,0.013,60.2,85.6,22753.0,377.77,17406.0,203.25,AA
271.7111624,69.824425,59105.44040984,,,,,,,,,0000,0.5,110.08499908447266,00,1,neowise,9.877,0.021,9.002,0.015,52.9,71.0,22581.0,426.9,18055.0,254.38,AA
271.7111256,69.8244591,59105.57118566,,,,,,,,,0000,0.5,97.65399932861328,00,1,neowise,9.895,0.017,9.05,0.016,64.7,66.1,22206.0,343.13,17281.0,261.57,AA
271.7111583,69.8244377,59105.70196149,,,,,,,,,0000,0.5,84.302001953125,00,1,neowise,9.865,0.015,8.962,0.015,70.9,72.4,22823.0,321.78,18739.0,258.87,AA
271.7111031,69.8244387,59105.96351315,,,,,,,,,0000,0.0,79.99500274658203,00,1,neowise,9.877,0.016,9.009,0.016,67.1,69.2,22581.0,336.55,17935.0,259.19,AA
271.7111274,69.8244399,59106.09428898,,,,,,,,,0000,0.0,89.44300079345703,00,1,neowise,9.886,0.015,8.923,0.014,70.9,75.8,22390.0,315.96,19421.0,256.05,AA
271.7111605,69.8244483,59106.7482954,,,,,,,,,0000,0.5,81.12300109863281,00,1,neowise,9.846,0.02,8.922,0.015,54.4,70.3,23235.0,426.92,19432.0,276.56,AA
271.7111173,69.8244351,59106.87907184,,,,,,,,,0000,0.5,78.84200286865234,00,1,neowise,9.859,0.016,9.0,0.015,66.2,74.5,22941.0,346.74,18083.0,242.77,AA
271.7111373,69.824436,59107.00984767,,,,,,,,,0000,0.5,82.71900177001953,00,1,neowise,9.885,0.017,8.996,0.013,63.7,86.7,22408.0,351.51,18154.0,209.5,AA
271.7111278,69.8244753,59107.27139933,,,,,,,,,0000,0.0,108.02300262451172,00,1,neowise,9.909,0.015,9.056,0.015,72.0,73.8,21917.0,304.57,17171.0,232.67,AA
271.7111088,69.824404,59107.40217516,,,,,,,,,0000,0.0,112.2770004272461,00,1,neowise,9.887,0.017,9.012,0.015,63.7,71.3,22373.0,350.97,17892.0,251.0,AA
271.7113009,69.8244548,59102.69386231,,,,,,,,,0000,0.0,84.91500091552734,00,1,neowise,9.938,0.015,9.096,0.014,73.9,79.8,21330.0,288.56,16559.0,207.62,AA
271.711127,69.824459,59102.82463814,,,,,,,,,0000,0.5,77.802001953125,00,1,neowise,9.957,0.015,9.068,0.014,73.2,78.0,20959.0,286.28,16997.0,218.03,AA
271.7111839,69.8244638,59102.95541402,,,,,,,,,0000,0.5,79.35299682617188,00,1,neowise,9.95,0.015,9.069,0.015,70.2,72.3,21106.0,300.45,16980.0,234.84,AA
271.7111711,69.8244308,59103.21696567,,,,,,,,,0000,0.0,102.6050033569336,00,1,neowise,9.96,0.014,9.041,0.015,76.4,73.0,20916.0,273.71,17424.0,238.61,AA
271.7111044,69.8243957,59103.74006895,,,,,,,,,0000,0.0,81.05999755859375,00,1,neowise,9.935,0.018,9.087,0.015,61.5,72.5,21397.0,347.95,16703.0,230.27,AA
271.7111816,69.8244496,59104.00174796,,,,,,,,,0000,0.5,81.83799743652344,00,1,neowise,9.917,0.016,8.982,0.015,67.2,71.0,21762.0,324.05,18384.0,258.95,AA
271.711218,69.8244615,59104.26330015,,,,,,,,,0000,0.5,107.3550033569336,00,1,neowise,9.926,0.015,9.039,0.013,72.0,82.4,21577.0,299.53,17449.0,211.72,AA
271.7112222,69.824431,59104.39407593,,,,,,,,,0000,0.0,113.01499938964844,00,1,neowise,9.966,0.015,9.033,0.015,72.0,73.7,20796.0,288.85,17542.0,238.0,AA
271.711203,69.8244529,59104.52485181,,,,,,,,,0000,0.0,102.87100219726562,00,1,neowise,9.889,0.019,9.021,0.013,57.8,82.7,22321.0,386.34,17735.0,214.56,AA
271.7111086,69.8244355,59104.78640341,,,,,,,,,0h00,0.0,78.76100158691406,00,1,neowise,9.942,0.015,8.985,0.015,71.1,73.5,21265.0,299.03,18335.0,249.32,AA
271.711187,69.8244601,59104.91717925,,,,,,,,,0000,0.0,78.6240005493164,00,1,neowise,9.931,0.016,9.038,0.016,66.7,67.3,21477.0,321.83,17459.0,259.28,AA
271.7108442,69.8244056,59106.61739226,,,,,,,,,0000,0.0,92.69300079345703,00,1,neowise,9.971,0.015,9.149,0.013,70.4,84.2,20696.0,293.97,15775.0,187.34,AA
271.7110535,69.8244694,59106.74816803,,,,,,,,,0000,0.0,80.72200012207031,00,1,neowise,10.083,0.018,9.221,0.014,61.5,78.9,18670.0,303.52,14751.0,186.99,AA
271.7110919,69.8245206,59103.60929311,,,,,,,,,0000,0.0,93.69000244140625,00,1,neowise,10.062,0.016,9.183,0.018,69.9,61.4,19035.0,272.46,15283.0,249.03,AA
271.7109598,69.8243931,59466.16812178,,,,,,,,,0000,0.0,97.16300201416016,00,1,neowise,10.054,0.015,9.083,0.013,74.7,81.3,19170.0,256.71,16756.0,206.04,AA
271.7109968,69.8243942,59463.94607787,,,,,,,,,0000,0.0,78.49700164794922,00,1,neowise,9.959,0.015,9.077,0.014,74.9,75.7,20933.0,279.57,16845.0,222.61,AA
271.7105945,69.8243827,59464.33815074,,,,,,,,,0000,0.0,113.74600219726562,00,1,neowise,10.29,0.018,9.174,0.014,60.2,77.5,15431.0,256.51,15411.0,198.81,AA
271.7108331,69.8243984,59466.69097045,,,,,,,,,0000,0.0,84.88899993896484,00,1,neowise,9.963,0.015,9.06,0.012,74.9,88.1,20861.0,278.63,17117.0,194.34,AA
271.7101798,69.8242814,59466.29877027,,,,,,,,,0000,0.0,110.99099731445312,00,1,neowise,10.033,0.017,9.151,0.013,64.6,82.1,19553.0,302.57,15745.0,191.84,AA
271.7107865,69.8243222,59464.8609994,,,,,,,,,0000,0.0,77.0770034790039,00,1,neowise,10.027,0.015,9.104,0.016,71.7,67.9,19654.0,274.07,16434.0,242.02,AA
271.7106919,69.8242664,59465.38384878,,,,,,,,,0000,0.0,114.31999969482422,00,1,neowise,10.044,0.014,9.126,0.014,80.3,77.5,19360.0,241.1,16099.0,207.61,AA
271.7110928,69.824447,59464.33827806,,,,,,,,,0000,0.5,113.28800201416016,00,1,neowise,10.023,0.025,9.078,0.014,43.2,76.1,19739.0,456.72,16839.0,221.25,AA
271.7110263,69.8244159,59464.73035087,,,,,,,,,0000,0.0,81.5530014038086,00,1,neowise,9.936,0.015,9.027,0.013,73.6,83.5,21386.0,290.69,17641.0,211.23,AA
271.7109056,69.8244024,59464.99177525,,,,,,,,,0000,0.0,80.34100341796875,00,1,neowise,9.984,0.015,9.067,0.013,74.7,80.5,20460.0,274.07,17003.0,211.16,AA
271.711006,69.8244259,59465.12242378,,,,,,,,,0000,0.0,91.70800018310547,00,1,neowise,10.026,0.015,9.154,0.016,74.5,69.8,19676.0,264.26,15702.0,224.95,AA
271.7110226,69.8244034,59465.90669735,,,,,,,,,0000,0.0,78.0260009765625,00,1,neowise,9.999,0.014,9.075,0.014,77.3,80.3,20167.0,260.78,16877.0,210.23,AA
271.7109487,69.8244243,59466.42954617,,,,,,,,,0000,0.0,111.6969985961914,00,1,neowise,9.928,0.014,9.066,0.016,76.5,67.9,21535.0,281.5,17022.0,250.63,AA
271.7112433,69.8244247,59463.81542934,,,,,,,,,0000,0.0,77.61699676513672,00,1,neowise,9.961,0.019,9.046,0.014,56.1,77.0,20898.0,372.28,17333.0,225.03,AA
271.7112277,69.824478,59466.56032201,,,,,,,,,0000,0.5,98.94100189208984,00,1,neowise,9.853,0.016,8.988,0.014,66.1,77.4,23080.0,349.01,18291.0,236.37,AA
271.7111168,69.8244626,59465.2532002,,,,,,,,,0000,0.0,106.6500015258789,00,1,neowise,9.973,0.015,9.078,0.013,70.8,84.1,20663.0,291.9,16840.0,200.2,AA
271.7112498,69.8244617,59465.77604887,,,,,,,,,0000,0.5,78.98799896240234,00,1,neowise,9.981,0.015,9.063,0.014,73.4,78.4,20506.0,279.49,17064.0,217.66,AA
271.7112076,69.8244617,59466.03747325,,,,,,,,,0000,0.5,83.80500030517578,00,1,neowise,10.055,0.02,9.119,0.013,55.6,82.3,19161.0,344.87,16215.0,197.01,AA
271.7111872,69.8244345,59466.8217463,,,,,,,,,0000,0.5,77.78500366210938,00,1,neowise,9.914,0.019,9.044,0.015,57.4,74.7,21808.0,379.9,17366.0,232.37,AA
271.7112283,69.8244682,59464.07685376,,,,,,,,,0000,0.5,87.43299865722656,00,1,neowise,10.002,0.018,9.046,0.014,59.6,78.0,20113.0,337.47,17331.0,222.22,AA
271.7106981,69.8245176,59466.03734594,,,,,,,,,0000,0.0,83.3219985961914,00,1,neowise,10.336,0.018,9.345,0.014,58.8,76.7,14783.0,251.53,13163.0,171.67,AA
271.7104681,69.8244113,59464.59957507,,,,,,,,,0000,0.0,94.72100067138672,00,1,neowise,10.192,0.016,9.221,0.014,66.0,77.6,16888.0,255.84,14754.0,190.05,AA
271.7109562,69.8244395,59465.64527307,,,,,,,,,0000,0.0,89.53700256347656,00,1,neowise,10.026,0.015,9.055,0.014,73.6,76.6,19675.0,267.44,17203.0,224.73,AA
271.7108837,69.8244276,59464.20750225,,,,,,,,,0000,0.0,101.72799682617188,00,1,neowise,10.022,0.015,9.078,0.014,73.0,78.4,19750.0,270.57,16829.0,214.72,AA
271.7107689,69.8243059,59470.61220928,,,,,,,,,0000,0.0,93.06199645996094,00,1,neowise,10.112,0.015,9.218,0.013,72.0,83.1,18173.0,252.34,14800.0,178.21,AA
271.7107401,69.8243018,59468.12874141,,,,,,,,,0000,0.0,92.80599975585938,00,1,neowise,9.946,0.014,9.047,0.016,75.2,68.8,21180.0,281.63,17315.0,251.8,AA
271.7105093,69.824205,59471.00428272,,,,,,,,,0000,0.0,81.697998046875,00,1,neowise,10.117,0.018,9.285,0.014,61.4,79.7,18097.0,294.77,13918.0,174.6,AA
271.7110897,69.8244461,59469.95871204,,,,,,,,,0000,0.5,79.64800262451172,00,1,neowise,10.024,0.016,9.148,0.016,66.0,67.2,19720.0,298.82,15780.0,234.98,AA
271.7110949,69.8244286,59470.22013646,,,,,,,,,0000,0.0,103.2249984741211,00,1,neowise,10.051,0.016,9.088,0.016,66.7,66.9,19235.0,288.37,16680.0,249.21,AA
271.7110992,69.8244729,59470.48156084,,,,,,,,,0000,0.5,106.73899841308594,00,1,neowise,10.067,0.016,9.197,0.016,66.3,68.8,18954.0,285.76,15087.0,219.41,AA
271.7110698,69.8244262,59470.87363422,,,,,,,,,0000,0.0,78.08499908447266,00,1,neowise,10.069,0.017,9.112,0.015,64.5,73.3,18911.0,292.99,16309.0,222.63,AA
271.7109766,69.8244016,59471.13505861,,,,,,,,,0000,0.0,93.81099700927734,00,1,neowise,9.964,0.016,9.121,0.013,66.7,82.8,20835.0,312.22,16186.0,195.48,AA
271.7109534,69.824414,59471.26570709,,,,,,,,,0000,0.0,107.8239974975586,00,1,neowise,10.155,0.017,9.239,0.014,65.1,79.6,17481.0,268.66,14518.0,182.35,AA
271.7110027,69.8244459,59471.39648294,,,,,,,,,0000,0.0,112.69300079345703,00,1,neowise,10.042,0.016,9.186,0.013,67.5,85.8,19385.0,287.34,15243.0,177.69,AA
271.7110759,69.824428,59471.65790728,,,,,,,,,0000,0.0,88.20099639892578,00,1,neowise,10.037,0.017,9.129,0.013,62.8,85.3,19481.0,310.09,16061.0,188.21,AA
271.7110314,69.8244005,59472.04998024,,,,,,,,,0000,0.0,85.45099639892578,00,1,neowise,10.035,0.016,9.069,0.015,66.9,71.2,19516.0,291.53,16981.0,238.43,AA
271.7110695,69.8244551,59467.08317068,,,,,,,,,0000,0.5,88.09300231933594,00,1,neowise,9.936,0.016,9.038,0.015,66.5,74.3,21387.0,321.6,17464.0,235.11,AA
271.7110528,69.8244082,59467.86731641,,,,,,,,,0000,0.0,77.50900268554688,00,1,neowise,9.984,0.015,8.859,0.017,72.4,63.2,20454.0,282.6,20604.0,326.18,AA
271.7110784,69.8244185,59469.43586332,,,,,,,,,0000,0.0,110.72599792480469,00,1,neowise,9.952,0.016,9.097,0.016,69.1,68.6,21058.0,304.8,16536.0,241.21,AA
271.7110607,69.8244038,59469.56651181,,,,,,,,,0000,0.0,98.34500122070312,00,1,neowise,10.079,0.016,9.133,0.013,67.7,80.8,18746.0,276.81,16005.0,197.99,AA
271.7111374,69.8244112,59469.6972876,,,,,,,,,0000,0.0,84.43199920654297,00,1,neowise,9.956,0.015,9.055,0.014,70.6,76.3,20981.0,297.12,17200.0,225.46,AA
271.7111628,69.8244717,59470.74285833,,,,,,,,,0000,0.0,80.84400177001953,00,1,neowise,10.468,0.018,9.503,0.015,58.9,73.6,13101.0,222.51,11385.0,154.76,AA
271.7112074,69.8244727,59470.74298565,,,,,,,,,0000,0.5,81.10299682617188,00,1,neowise,10.033,0.021,9.194,0.016,51.5,69.0,19549.0,379.72,15132.0,219.26,AA
271.7111514,69.8244451,59471.9193317,,,,,,,,,0000,0.5,79.31099700927734,00,1,neowise,9.992,0.017,9.14,0.014,62.7,77.5,20305.0,324.04,15899.0,205.2,AA
271.7111255,69.8244332,59467.73666788,,,,,,,,,0000,0.5,81.26599884033203,00,1,neowise,9.909,0.015,8.997,0.016,71.1,67.4,21917.0,308.26,18142.0,269.18,AA
271.7112427,69.8244438,59467.99809288,,,,,,,,,0000,0.5,81.31700134277344,00,1,neowise,9.864,0.015,8.952,0.014,72.5,80.4,22834.0,314.85,18898.0,235.14,AA
271.7111969,69.8244456,59468.25951726,,,,,,,,,0000,0.0,107.1989974975586,00,1,neowise,9.869,0.017,9.009,0.014,62.1,76.2,22739.0,366.06,17943.0,235.58,AA
271.7111151,69.8244229,59468.39016579,,,,,,,,,0000,0.0,113.4739990234375,00,1,neowise,10.006,0.015,9.023,0.016,71.9,70.0,20038.0,278.72,17706.0,252.85,AA
271.7112109,69.8244341,59468.78236597,,,,,,,,,0000,0.5,78.93299865722656,00,1,neowise,9.921,0.019,9.005,0.014,58.4,79.1,21672.0,371.02,18012.0,227.62,AA
271.7107906,69.8244123,59470.35078494,,,,,,,,,0000,0.0,113.9020004272461,00,1,neowise,10.083,0.015,9.259,0.015,71.9,72.5,18676.0,259.63,14249.0,196.64,AA
271.7110359,69.8243048,59842.89827969,,,,,,,,,0000,0.0,79.29499816894531,00,1,neowise,10.275,0.017,9.543,0.014,64.3,80.2,15641.0,243.13,10968.0,136.79,AA
271.7109416,69.8242746,59843.02867359,,,,,,,,,0000,0.0,84.43499755859375,00,1,neowise,10.319,0.015,9.486,0.013,71.1,80.9,15023.0,211.43,11563.0,142.93,AA
271.7111163,69.8243412,59841.33329744,,,,,,,,,0000,0.0,113.27400207519531,00,1,neowise,10.647,0.018,9.734,0.016,60.0,66.7,11102.0,184.93,9200.5,137.88,AA
271.7111762,69.8243755,59841.85500102,,,,,,,,,0000,0.0,78.26899719238281,00,1,neowise,10.253,0.017,9.422,0.015,64.3,71.1,15960.0,248.04,12258.0,172.38,AA
271.7110487,69.8243692,59841.59421265,,,,,,,,,0000,0.0,94.33799743652344,00,1,neowise,10.179,0.019,9.434,0.017,57.2,64.4,17089.0,298.66,12131.0,188.23,AA
271.710877,69.8241655,59841.98539497,,,,,,,,,0000,0.0,81.37300109863281,00,1,neowise,10.321,0.014,9.537,0.013,75.4,81.9,15002.0,198.99,11032.0,134.7,AA
271.7109396,69.8241558,59842.76788568,,,,,,,,,0000,0.0,79.7979965209961,00,1,neowise,10.273,0.015,9.446,0.016,72.3,68.3,15673.0,216.86,11999.0,175.78,AA
271.711124,69.8242608,59842.24618272,,,,,,,,,0000,0.0,106.40599822998047,00,1,neowise,10.54,0.016,9.714,0.016,68.0,69.2,12253.0,180.19,9374.1,135.51,AA
271.7116896,69.8245496,59841.46369134,,,,,,,,,0000,0.0,108.2040023803711,00,2,neowise,10.829,0.025,10.025,0.019,43.2,57.8,9395.7,217.61,7036.6,121.82,AA
271.7117722,69.8245602,59842.37657662,,,,,,,,,0000,0.0,113.51899719238281,00,2,neowise,10.887,0.02,10.081,0.019,53.5,58.3,8902.4,166.25,6681.5,114.57,AA
271.7111295,69.824407,59841.72460655,,,,,,,,,0000,0.0,82.10800170898438,00,1,neowise,10.249,0.019,9.403,0.016,56.4,65.9,16022.0,283.9,12476.0,189.28,AA
271.7111721,69.8244257,59842.63749178,,,,,,,,,0000,0.0,89.72699737548828,00,1,neowise,10.271,0.019,9.367,0.018,58.0,61.0,15702.0,270.93,12897.0,211.43,AA
271.7106117,69.824516,59444.40482823,,,,,,,,,0000,0.0,115.76899719238281,00,2,neowise,10.851,0.016,9.899,0.016,67.3,68.3,9206.0,136.8,7905.0,115.8,AA
271.7110684,69.8244939,59444.27405242,,,,,,,,,0000,0.5,109.27400207519531,00,1,neowise,10.001,0.018,9.135,0.015,61.8,72.2,20128.0,325.83,15971.0,221.07,AA
271.7110985,69.8244806,59446.36544691,,,,,,,,,0000,0.0,116.78800201416016,00,1,neowise,10.175,0.015,9.31,0.017,71.6,62.9,17159.0,239.76,13601.0,216.34,AA
271.7111011,69.8246136,59443.88197961,,,,,,,,,0000,0.0,75.2760009765625,00,1,neowise,11.016,0.016,10.282,0.017,66.7,63.2,7906.9,118.53,5553.2,87.933,AA
271.7110898,69.8245685,59443.75120318,,,,,,,,,0000,0.5,78.52400207519531,00,1,neowise,10.161,0.019,9.1,0.016,58.1,68.8,17372.0,299.25,16495.0,239.93,AA
271.7103972,69.8240628,59840.94211574,,,,,,,,,0000,0.0,79.58300018310547,00,1,neowise,10.45,0.014,9.63,0.014,77.4,78.2,13314.0,172.06,10122.0,129.36,AA
271.7116293,69.8243618,59840.42041282,,,,,,,,,h000,0.0,111.45800018310547,00,1,neowise,11.354,0.024,9.928,0.018,45.5,61.4,5790.7,127.41,7698.2,125.44,AA
271.7110537,69.8243872,59839.37662485,,,,,,,,,0000,0.0,116.31700134277344,00,1,neowise,10.177,0.019,9.398,0.016,58.6,68.2,17121.0,292.18,12540.0,183.85,AA
271.710986,69.8243698,59840.68132789,,,,,,,,,0000,0.0,85.5199966430664,00,1,neowise,10.254,0.016,9.404,0.015,66.9,72.6,15948.0,238.49,12468.0,171.8,AA
271.7111091,69.8243846,59839.11583648,,,,,,,,,0000,0.5,90.5459976196289,00,1,neowise,10.26,0.016,9.377,0.013,69.2,81.7,15862.0,229.36,12778.0,156.48,AA
271.7111681,69.8243799,59837.15954589,,,,,,,,,0000,0.0,95.71199798583984,00,1,neowise,10.266,0.018,9.41,0.014,61.6,77.2,15772.0,255.91,12401.0,160.68,AA
271.7111294,69.8243814,59838.59413347,,,,,,,,,0000,0.0,95.43699645996094,00,1,neowise,10.24,0.017,9.428,0.015,62.7,74.0,16161.0,257.6,12201.0,164.89,AA
271.7108812,69.8243158,59840.81172175,,,,,,,,,0000,0.0,78.21099853515625,00,1,neowise,10.308,0.016,9.433,0.016,68.7,69.3,15177.0,221.02,12136.0,175.03,AA
271.7112647,69.8242821,59840.29001888,,,,,,,,,0000,0.0,110.36399841308594,00,1,neowise,10.63,0.018,9.823,0.015,59.6,72.9,11280.0,189.42,8475.2,116.25,AA
271.7105774,69.8243353,59838.07243051,,,,,,,,,0000,0.0,85.06800079345703,00,1,neowise,10.202,0.018,9.424,0.015,59.6,71.6,16732.0,280.67,12239.0,170.88,AA
271.710776,69.8240628,59841.07250964,,,,,,,,,0000,0.0,87.84100341796875,00,1,neowise,10.267,0.014,9.482,0.017,78.2,63.2,15757.0,201.6,11607.0,183.64,AA
271.7110182,69.8244426,59839.50701881,,,,,,,,,0000,0.0,106.15899658203125,00,1,neowise,10.29,0.018,9.493,0.017,59.5,62.8,15427.0,259.15,11492.0,182.92,AA
271.7110803,69.8244491,59839.50714612,,,,,,,,,0000,1.0,105.76799774169922,00,1,neowise,10.231,0.019,9.352,0.017,55.9,62.6,16292.0,291.38,13079.0,208.98,AA
271.7110754,69.8244352,59836.37705456,,,,,,,,,0000,0.5,116.71499633789062,00,1,neowise,10.256,0.016,9.409,0.015,66.9,72.1,15918.0,238.05,12407.0,172.09,AA
271.7110717,69.8244317,59836.76836414,,,,,,,,,0000,0.5,77.45700073242188,00,1,neowise,10.213,0.018,9.359,0.016,58.7,67.0,16566.0,282.18,13001.0,194.05,AA
271.7110898,69.8244402,59837.02915199,,,,,,,,,0000,0.0,81.13999938964844,00,1,neowise,10.23,0.017,9.365,0.014,63.4,75.4,16304.0,257.15,12925.0,171.49,AA
271.7110683,69.8244307,59837.55085495,,,,,,,,,0000,0.5,100.97100067138672,00,1,neowise,10.221,0.016,9.351,0.017,65.9,64.0,16444.0,249.35,13088.0,204.36,AA
271.7109403,69.8244174,59837.94203656,,,,,,,,,0000,0.0,76.26100158691406,00,1,neowise,10.162,0.017,9.399,0.015,65.0,72.9,17364.0,267.13,12531.0,171.99,AA
271.7110488,69.8244256,59838.33334572,,,,,,,,,0000,0.5,114.89299774169922,00,1,neowise,10.234,0.016,9.403,0.017,65.9,63.5,16254.0,246.81,12484.0,196.54,AA
271.711213,69.8244104,59839.2462309,,,,,,,,,0000,0.0,106.65899658203125,00,1,neowise,10.319,0.016,9.421,0.013,68.1,83.3,15027.0,220.81,12279.0,147.41,AA
271.7112174,69.8244213,59838.07255787,,,,,,,,,0000,0.5,85.70700073242188,00,1,neowise,10.2,0.019,9.394,0.018,56.5,60.4,16758.0,296.73,12589.0,208.51,AA
271.7112093,69.8244217,59838.72452737,,,,,,,,,0000,0.0,80.55400085449219,00,1,neowise,10.146,0.018,9.432,0.017,61.0,64.7,17615.0,288.67,12156.0,188.02,AA
271.7111119,69.8244273,59838.85504863,,,,,,,,,0000,1.0,75.63600158691406,00,1,neowise,10.248,0.019,9.379,0.015,57.5,73.5,16032.0,278.8,12756.0,173.64,AA
271.7111364,69.8244305,59838.98544258,,,,,,,,,0000,0.5,78.62300109863281,00,1,neowise,10.254,0.019,9.422,0.016,58.5,66.8,15951.0,272.72,12265.0,183.6,AA
271.7111351,69.8244339,59839.63753998,,,,,,,,,0000,0.5,89.89900207519531,00,1,neowise,10.247,0.019,9.385,0.016,58.3,69.4,16056.0,275.63,12687.0,182.75,AA
271.7111374,69.8244659,59840.42054014,,,,,,,,,0000,0.0,110.69300079345703,00,1,neowise,10.315,0.02,9.498,0.015,53.2,73.4,15076.0,283.38,11432.0,155.72,AA
271.7111563,69.824416,59840.55093399,,,,,,,,,0000,0.0,99.08699798583984,00,1,neowise,10.278,0.019,9.432,0.017,57.0,64.6,15603.0,273.75,12151.0,188.11,AA
271.7112425,69.8244517,59836.11626676,,,,,,,,,0000,0.5,90.35900115966797,00,1,neowise,10.232,0.022,9.379,0.013,48.9,82.6,16275.0,333.1,12764.0,154.59,AA
271.7111248,69.8244199,59836.24666066,,,,,,,,,0000,0.0,106.73600006103516,00,1,neowise,10.284,0.017,9.395,0.017,65.1,64.8,15510.0,238.25,12573.0,193.92,AA
271.7111784,69.8244348,59836.6379702,,,,,,,,,0000,0.5,89.87999725341797,00,1,neowise,10.214,0.017,9.375,0.016,62.4,68.6,16552.0,265.07,12806.0,186.78,AA
271.7111104,69.8244293,59836.89875804,,,,,,,,,0000,0.5,75.68399810791016,00,1,neowise,10.204,0.016,9.304,0.017,66.4,62.2,16705.0,251.72,13665.0,219.76,AA
271.7112114,69.8244401,59837.29006711,,,,,,,,,0000,0.5,111.30599975585938,00,1,neowise,10.212,0.017,9.367,0.017,63.1,63.7,16577.0,262.52,12899.0,202.6,AA
271.7111137,69.8244408,59837.42046105,,,,,,,,,0000,0.5,114.06400299072266,00,1,neowise,10.205,0.017,9.341,0.014,64.4,75.3,16691.0,259.1,13213.0,175.39,AA
271.711113,69.8244224,59837.68124872,,,,,,,,,0000,0.5,84.86799621582031,00,1,neowise,10.22,0.017,9.328,0.017,65.0,64.4,16452.0,253.06,13368.0,207.49,AA
271.7111002,69.8244073,59838.20295177,,,,,,,,,0000,0.5,101.4749984741211,00,1,neowise,10.194,0.017,9.345,0.015,65.2,74.5,16859.0,258.62,13160.0,176.67,AA
271.7108097,69.8244395,59837.81164266,,,,,,,,,0000,0.5,75.36499786376953,00,1,neowise,10.007,0.017,9.349,0.014,64.2,76.1,20031.0,311.9,13114.0,172.36,AA
271.7107677,69.8243193,60206.92574792,,,,,,,,,0000,0.0,78.93800354003906,00,1,neowise,10.231,0.019,9.463,0.017,57.8,64.8,16292.0,282.03,11811.0,182.39,AA
271.7107345,69.8244734,60206.01910288,,,,,,,,,0000,0.0,82.92500305175781,00,1,neowise,10.342,0.02,9.598,0.016,55.1,69.7,14708.0,266.94,10429.0,149.67,AA
271.7109551,69.8245238,60205.24196043,,,,,,,,,0000,0.0,106.16100311279297,00,1,neowise,10.348,0.02,9.516,0.019,54.2,57.9,14625.0,269.67,11246.0,194.25,AA
271.7110814,69.8244691,60357.88295477,,,,,,,,,0000,0.5,113.43499755859375,00,1,neowise,10.234,0.015,9.379,0.013,72.1,80.4,16243.0,225.14,12757.0,158.6,AA
271.7110957,69.8244701,60358.1401778,,,,,,,,,0000,0.5,103.08499908447266,00,1,neowise,10.25,0.015,9.365,0.016,74.2,70.0,16009.0,215.86,12924.0,184.73,AA
271.7110267,69.8244546,60359.94430441,,,,,,,,,0000,1.0,120.50499725341797,00,1,neowise,10.296,0.016,9.399,0.016,69.3,65.9,15344.0,221.29,12521.0,190.12,AA
271.7110894,69.8244709,60361.1035911,,,,,,,,,0000,1.0,105.3219985961914,00,1,neowise,10.262,0.015,9.407,0.015,71.1,71.3,15833.0,222.62,12438.0,174.5,AA
271.7111598,69.8244846,60358.2690439,,,,,,,,,0000,0.5,85.74800109863281,00,1,neowise,10.222,0.018,9.344,0.018,61.1,60.3,16429.0,269.04,13176.0,218.57,AA
271.7111307,69.8244842,60358.39778269,,,,,,,,,0000,1.0,74.54299926757812,00,1,neowise,10.206,0.02,9.336,0.016,54.7,68.7,16669.0,304.76,13278.0,193.28,AA
271.7111297,69.8244858,60358.65551546,,,,,,,,,0000,0.5,81.87899780273438,00,1,neowise,10.232,0.016,9.378,0.017,67.4,63.2,16272.0,241.41,12765.0,201.85,AA
271.7111256,69.8244807,60359.30010098,,,,,,,,,0000,1.0,79.85299682617188,00,1,neowise,10.225,0.017,9.358,0.015,64.2,70.1,16377.0,254.94,13009.0,185.62,AA
271.7111324,69.8244802,60360.45951494,,,,,,,,,0000,1.0,70.16200256347656,00,1,neowise,10.3,0.016,9.417,0.015,68.0,71.7,15293.0,224.82,12317.0,171.84,AA
271.7111355,69.824486,60361.36132336,,,,,,,,,0000,0.5,73.16000366210938,00,1,neowise,10.215,0.017,9.365,0.015,62.1,71.9,16527.0,266.21,12922.0,179.78,AA
271.7111583,69.8244851,60362.0052722,,,,,,,,,0000,1.0,119.18699645996094,00,1,neowise,10.162,0.015,9.307,0.014,74.3,78.6,17360.0,233.65,13631.0,173.43,AA
271.7112356,69.824475,60362.26287718,,,,,,,,,0000,1.0,84.87300109863281,00,1,neowise,10.164,0.016,9.235,0.015,67.1,71.8,17324.0,258.26,14568.0,202.86,AA
271.7111416,69.8244769,60358.52664935,,,,,,,,,0000,1.0,74.0979995727539,00,1,neowise,10.234,0.017,9.356,0.014,64.3,77.8,16245.0,252.5,13031.0,167.47,AA
271.7112268,69.8244623,60358.7847636,,,,,,,,,0000,1.0,98.93800354003906,00,1,neowise,10.211,0.019,9.351,0.014,56.8,77.7,16594.0,291.92,13090.0,168.47,AA
271.7111195,69.8244749,60359.042496,,,,,,,,,0000,0.5,113.86299896240234,00,1,neowise,10.268,0.016,9.361,0.014,67.1,77.6,15746.0,234.7,12968.0,167.22,AA
271.7111238,69.8244681,60359.68669942,,,,,,,,,0000,0.5,84.74199676513672,00,1,neowise,10.252,0.018,9.37,0.017,61.4,64.4,15979.0,260.08,12860.0,199.62,AA
271.7111128,69.8244737,60360.07304329,,,,,,,,,0000,0.5,109.2979965209961,00,1,neowise,10.261,0.016,9.406,0.013,67.7,80.7,15841.0,233.84,12447.0,154.28,AA
271.7111142,69.8244485,60360.71711992,,,,,,,,,0000,0.5,89.177001953125,00,1,neowise,10.271,0.018,9.361,0.016,61.2,66.8,15695.0,256.37,12972.0,194.13,AA
271.7111113,69.8244752,60361.23194785,,,,,,,,,0000,0.5,90.69499969482422,00,1,neowise,10.251,0.015,9.38,0.015,72.0,72.4,15996.0,222.14,12744.0,176.06,AA
271.711144,69.8244688,60361.36119604,,,,,,,,,0000,0.5,73.9280014038086,00,1,neowise,10.217,0.017,9.341,0.015,64.2,71.5,16507.0,256.95,13215.0,184.71,AA
271.7111249,69.8244761,60361.61892833,,,,,,,,,0000,1.0,76.65599822998047,00,1,neowise,10.239,0.016,9.362,0.015,66.3,71.0,16171.0,243.8,12957.0,182.43,AA
271.7111511,69.8244693,60361.74766716,,,,,,,,,0000,1.0,93.40299987792969,00,1,neowise,10.216,0.015,9.336,0.015,72.4,74.3,16517.0,228.04,13276.0,178.79,AA
271.7111088,69.8244767,60361.87653337,,,,,,,,,0000,0.5,113.0510025024414,00,1,neowise,10.204,0.016,9.308,0.014,69.2,77.9,16695.0,241.43,13616.0,174.77,AA
271.7112301,69.8244629,60362.13362904,,,,,,,,,0000,1.0,103.80899810791016,00,1,neowise,10.19,0.015,9.296,0.014,72.2,77.8,16924.0,234.52,13770.0,176.94,AA
271.7111278,69.8244774,60362.3917439,,,,,,,,,0000,1.0,71.46499633789062,00,1,neowise,10.153,0.015,9.262,0.015,73.0,70.6,17508.0,239.81,14214.0,201.29,AA
271.7112319,69.8244617,60362.6494762,,,,,,,,,0000,1.0,79.7699966430664,00,1,neowise,10.169,0.017,9.264,0.015,63.1,74.2,17243.0,273.38,14187.0,191.17,AA
271.7110729,69.8244697,60358.01182101,,,,,,,,,0000,1.0,118.60199737548828,00,1,neowise,10.237,0.015,9.347,0.013,71.4,80.7,16209.0,227.07,13144.0,162.97,AA
271.711092,69.8244765,60359.30022834,,,,,,,,,0000,0.5,79.1969985961914,00,1,neowise,10.245,0.018,9.363,0.017,59.1,64.9,16085.0,272.06,12952.0,199.62,AA
271.7110754,69.8244764,60359.42896722,,,,,,,,,0000,1.0,70.19599914550781,00,1,neowise,10.266,0.015,9.369,0.016,70.1,69.4,15777.0,225.17,12875.0,185.54,AA
271.7110576,69.8244706,60359.68657206,,,,,,,,,0000,0.5,84.88800048828125,00,1,neowise,10.262,0.017,9.406,0.014,64.1,75.2,15829.0,247.1,12442.0,165.55,AA
271.7110766,69.8244719,60359.81543822,,,,,,,,,0000,1.0,103.77400207519531,00,1,neowise,10.287,0.016,9.383,0.015,67.8,72.5,15468.0,228.06,12706.0,175.35,AA
271.7110799,69.8244739,60360.84598608,,,,,,,,,0000,1.0,108.3290023803711,00,1,neowise,10.285,0.015,9.422,0.016,72.1,68.4,15500.0,215.11,12264.0,179.25,AA
271.7111076,69.8244884,60358.91362985,,,,,,,,,0000,0.5,117.04299926757812,00,1,neowise,10.244,0.016,9.355,0.016,67.9,69.0,16104.0,237.07,13046.0,189.05,AA
271.7110333,69.8244939,60357.62534973,,,,,,,,,0000,0.5,77.48500061035156,00,1,neowise,10.268,0.015,9.374,0.016,74.7,68.3,15740.0,210.59,12819.0,187.68,AA
271.7110639,69.8244829,60357.75421588,,,,,,,,,0000,1.0,94.375,00,1,neowise,10.249,0.015,9.372,0.015,71.5,74.5,16027.0,224.07,12838.0,172.24,AA
271.7110885,69.8244817,60359.55732397,,,,,,,,,0000,1.0,74.4209976196289,00,1,neowise,10.274,0.015,9.382,0.015,70.7,72.1,15660.0,221.52,12722.0,176.49,AA
271.7110876,69.8244955,60360.33077554,,,,,,,,,0000,1.0,75.61799621582031,00,1,neowise,10.287,0.016,9.396,0.018,68.7,60.3,15477.0,225.16,12562.0,208.21,AA
271.7110227,69.8244899,60360.58838104,,,,,,,,,0000,0.5,73.77999877929688,00,1,neowise,10.296,0.015,9.416,0.019,70.9,57.7,15348.0,216.35,12326.0,213.65,AA
271.7110546,69.8244817,60360.71724725,,,,,,,,,0000,1.0,89.05400085449219,00,1,neowise,10.299,0.018,9.439,0.016,60.1,68.0,15309.0,254.82,12076.0,177.57,AA
271.7110852,69.8244837,60360.97485227,,,,,,,,,0000,0.5,121.11799621582031,00,1,neowise,10.282,0.015,9.411,0.015,72.5,74.7,15545.0,214.49,12385.0,165.77,AA
271.7111101,69.8244847,59624.22370198,,,,,,,,,0000,1.0,92.73500061035156,00,1,neowise,10.123,0.017,9.224,0.015,63.5,74.6,18003.0,283.28,14721.0,197.38,AA
271.7111252,69.8244864,59624.74629767,,,,,,,,,0000,1.0,92.87999725341797,00,1,neowise,10.134,0.017,9.217,0.014,64.8,77.0,17806.0,274.82,14813.0,192.5,AA
271.7111051,69.8244827,59623.04798854,,,,,,,,,0000,1.0,113.45600128173828,00,1,neowise,10.042,0.019,9.217,0.016,56.0,67.7,19397.0,346.49,14816.0,218.71,AA
271.711103,69.8244802,59623.70123366,,,,,,,,,0000,1.0,87.16300201416016,00,1,neowise,10.163,0.02,9.24,0.016,55.5,66.1,17351.0,312.73,14500.0,219.4,AA
271.7110969,69.824496,59624.35435088,,,,,,,,,0000,1.0,78.2509994506836,00,1,neowise,10.106,0.018,9.224,0.016,62.0,69.9,18273.0,294.78,14717.0,210.61,AA
271.7112179,69.8244724,59439.17634074,,,,,,,,,0000,0.0,97.14199829101562,00,1,neowise,10.078,0.016,9.279,0.015,68.8,74.6,18764.0,272.71,13992.0,187.44,AA
271.7111946,69.8245193,59440.22203813,,,,,,,,,0000,0.0,103.05599975585938,00,1,neowise,10.18,0.015,9.369,0.014,73.0,75.8,17076.0,233.87,12879.0,169.87,AA
271.7111744,69.8248469,59807.09547833,,,,,,,,,0000,0.0,87.4260025024414,00,1,neowise,10.526,0.015,9.884,0.016,73.4,67.5,12415.0,169.03,8016.7,118.78,AA
271.711437,69.8245625,59806.70416936,,,,,,,,,0000,0.0,82.35199737548828,00,2,neowise,10.91,0.017,10.397,0.017,63.7,62.7,8719.0,136.77,4997.8,79.694,AA
271.7112831,69.8244792,59806.05194478,,,,,,,,,0000,0.0,82.7770004272461,00,1,neowise,10.323,0.018,9.599,0.015,60.3,72.2,14965.0,248.18,10421.0,144.28,AA
271.7112457,69.8244616,59805.92155088,,,,,,,,,0000,0.0,75.69400024414062,00,1,neowise,10.343,0.015,9.594,0.015,71.4,73.0,14688.0,205.84,10467.0,143.46,AA
271.7111588,69.8244514,59807.87809617,,,,,,,,,0000,0.0,75.08699798583984,00,1,neowise,10.172,0.017,9.414,0.015,63.2,73.4,17203.0,272.08,12349.0,168.3,AA
271.71116,69.8244304,59809.57384718,,,,,,,,,0000,0.0,98.14900207519531,00,1,neowise,10.246,0.017,9.507,0.015,65.0,70.1,16067.0,247.27,11339.0,161.66,AA
271.7110462,69.8246664,59809.83476206,,,,,,,,,0000,0.0,74.91899871826172,00,1,neowise,11.093,0.017,10.574,0.021,65.4,52.3,7367.5,112.58,4243.1,81.165,AA
271.7111804,69.824551,59808.9216297,,,,,,,,,0000,0.0,75.72000122070312,00,2,neowise,10.965,0.016,10.378,0.017,67.1,62.5,8285.3,123.39,5086.2,81.439,AA
271.7111899,69.8245343,59809.31293862,,,,,,,,,0000,0.0,113.6259994506836,00,2,neowise,10.968,0.016,10.333,0.019,66.9,56.4,8263.7,123.55,5297.8,94.004,AA
271.7110463,69.824531,59810.22607093,,,,,,,,,0000,0.0,104.21499633789062,00,1,neowise,11.103,0.017,10.492,0.02,63.3,54.1,7299.8,115.29,4576.9,84.608,AA
271.7112075,69.8245794,59807.74770231,,,,,,,,,0000,0.0,78.58799743652344,00,1,neowise,11.214,0.017,10.552,0.019,64.9,56.0,6589.4,101.47,4329.1,77.361,AA
271.7112658,69.8246336,59806.31286047,,,,,,,,,0000,0.0,113.54499816894531,00,1,neowise,11.115,0.016,10.653,0.019,69.3,56.2,7218.1,104.11,3945.6,70.161,AA
271.711088,69.8244702,59997.0953717,,,,,,,,,0000,1.0,106.45500183105469,00,1,neowise,9.935,0.015,9.099,0.014,73.9,78.6,21406.0,289.69,16511.0,210.0,AA
271.7110884,69.8244564,59997.35565102,,,,,,,,,0000,1.0,74.43599700927734,00,1,neowise,9.923,0.016,9.066,0.016,67.4,67.2,21632.0,320.98,17014.0,253.14,AA
271.7111127,69.8244805,59996.44480067,,,,,,,,,0000,1.0,70.31900024414062,00,1,neowise,9.936,0.016,9.075,0.015,67.8,70.6,21369.0,315.22,16888.0,239.19,AA
271.7111851,69.8244695,59995.40368321,,,,,,,,,0000,1.0,71.63600158691406,00,1,neowise,10.0,0.019,9.136,0.015,57.3,71.1,20150.0,351.62,15965.0,224.49,AA
271.7111759,69.8244679,59995.53344082,,,,,,,,,0000,0.5,74.29100036621094,00,1,neowise,9.97,0.015,9.12,0.013,73.5,83.8,20709.0,281.62,16192.0,193.2,AA
271.7111158,69.8244573,59995.66396248,,,,,,,,,0000,1.0,82.5469970703125,00,1,neowise,9.971,0.016,9.121,0.013,69.9,80.6,20692.0,296.0,16183.0,200.67,AA
271.7111466,69.8244547,59995.79410213,,,,,,,,,0000,1.0,100.93199920654297,00,1,neowise,9.958,0.014,9.112,0.016,75.5,69.7,20953.0,277.37,16322.0,234.17,AA
271.7111328,69.8244693,59995.92424189,,,,,,,,,0000,1.0,118.3280029296875,00,1,neowise,9.946,0.015,9.094,0.014,74.0,78.8,21183.0,286.15,16594.0,210.69,AA
271.7111367,69.8244725,59996.0543816,,,,,,,,,0000,1.0,111.70099639892578,00,1,neowise,9.951,0.015,9.11,0.013,74.3,83.3,21080.0,283.78,16348.0,196.26,AA
271.711174,69.824462,59996.18401194,,,,,,,,,0000,1.0,96.8239974975586,00,1,neowise,9.975,0.015,9.1,0.014,72.5,77.3,20622.0,284.52,16497.0,213.37,AA
271.7111632,69.8244683,59996.31466096,,,,,,,,,0000,1.0,77.62000274658203,00,1,neowise,9.973,0.015,9.105,0.013,71.4,81.1,20656.0,289.5,16425.0,202.63,AA
271.7111289,69.8244653,59996.57481296,,,,,,,,,0000,1.0,73.9520034790039,00,1,neowise,9.973,0.019,9.1,0.014,58.5,78.9,20662.0,353.17,16502.0,209.15,AA
271.711174,69.8244641,59996.57494028,,,,,,,,,0000,1.0,73.38200378417969,00,1,neowise,9.973,0.02,9.075,0.015,53.7,72.6,20656.0,384.68,16880.0,232.6,AA
271.711149,69.8244699,59996.70495258,,,,,,,,,0000,1.0,88.04199981689453,00,1,neowise,9.959,0.015,9.103,0.014,73.2,76.6,20938.0,285.99,16445.0,214.71,AA
271.7111347,69.8244766,59996.83509228,,,,,,,,,0000,1.0,106.88600158691406,00,1,neowise,9.965,0.014,9.109,0.013,75.3,81.4,20818.0,276.54,16362.0,200.92,AA
271.7111161,69.8244604,59996.96523199,,,,,,,,,0000,1.0,120.25299835205078,00,1,neowise,9.953,0.015,9.085,0.013,73.2,84.2,21050.0,287.61,16730.0,198.75,AA
271.7111085,69.8244769,59997.22500205,,,,,,,,,0000,1.0,91.53500366210938,00,1,neowise,9.945,0.015,9.083,0.015,73.6,74.8,21203.0,288.26,16759.0,224.06,AA
271.7110953,69.8244925,59995.40381057,,,,,,,,,0000,0.5,71.12100219726562,00,1,neowise,10.003,0.018,9.15,0.014,61.0,80.2,20100.0,329.58,15761.0,196.58,AA
271.7110879,69.8244688,60353.50175847,,,,,,,,,0000,1.0,75.02200317382812,00,1,neowise,10.306,0.018,9.41,0.014,59.1,78.6,15208.0,257.49,12401.0,157.7,AA
271.711092,69.824471,60356.07933713,,,,,,,,,0000,0.5,108.45099639892578,00,1,neowise,10.277,0.017,9.395,0.016,65.5,68.7,15614.0,238.22,12575.0,183.16,AA
271.7110778,69.8244606,60357.49648363,,,,,,,,,0000,1.0,71.38600158691406,00,1,neowise,10.291,0.015,9.42,0.016,70.7,66.6,15409.0,217.93,12285.0,184.42,AA
271.7111334,69.8244794,60353.37340164,,,,,,,,,0000,0.5,74.19300079345703,00,1,neowise,10.297,0.018,9.42,0.015,62.0,72.4,15333.0,247.38,12290.0,169.83,AA
271.7111593,69.8244849,60354.01773257,,,,,,,,,0000,1.0,117.88600158691406,00,1,neowise,10.272,0.017,9.365,0.015,64.4,72.3,15681.0,243.41,12926.0,178.71,AA
271.7111956,69.8244845,60354.53268838,,,,,,,,,0000,0.5,74.40299987792969,00,1,neowise,10.271,0.017,9.366,0.016,64.8,68.5,15696.0,242.13,12917.0,188.46,AA
271.7111159,69.8244818,60354.91979624,,,,,,,,,0000,1.0,117.93699645996094,00,1,neowise,10.234,0.021,9.36,0.017,52.7,64.4,16239.0,308.19,12985.0,201.75,AA
271.7111916,69.8244799,60355.30626747,,,,,,,,,0000,1.0,79.50800323486328,00,1,neowise,10.268,0.016,9.342,0.013,67.4,82.6,15746.0,233.55,13195.0,159.74,AA
271.7112047,69.824478,60355.69273854,,,,,,,,,0000,1.0,85.9219970703125,00,1,neowise,10.266,0.015,9.349,0.016,70.2,69.7,15775.0,224.8,13112.0,188.22,AA
271.7111215,69.8244826,60355.95047094,,,,,,,,,0000,1.0,120.21900177001953,00,1,neowise,10.256,0.015,9.399,0.014,71.0,76.1,15914.0,224.02,12521.0,164.44,AA
271.7111179,69.8244813,60357.23887855,,,,,,,,,0000,1.0,88.06099700927734,00,1,neowise,10.307,0.016,9.412,0.014,67.7,77.3,15193.0,224.38,12380.0,160.17,AA
271.7111696,69.8244673,60352.60020465,,,,,,,,,0000,1.0,76.09100341796875,00,1,neowise,10.312,0.018,9.411,0.017,60.6,65.6,15127.0,249.5,12386.0,188.79,AA
271.7111046,69.8244727,60352.85793699,,,,,,,,,0000,1.0,109.46900177001953,00,1,neowise,10.296,0.018,9.42,0.016,61.3,66.8,15343.0,250.33,12289.0,183.85,AA
271.7111415,69.8244692,60353.24453549,,,,,,,,,0000,1.0,88.08100128173828,00,1,neowise,10.287,0.022,9.431,0.015,49.3,70.1,15474.0,313.72,12166.0,173.49,AA
271.7111444,69.8244746,60353.63113398,,,,,,,,,0000,1.0,78.84500122070312,00,1,neowise,10.327,0.017,9.413,0.015,63.6,70.6,14916.0,234.45,12360.0,175.0,AA
271.7111622,69.8244767,60353.88886633,,,,,,,,,0000,1.0,114.21399688720703,00,1,neowise,10.286,0.016,9.393,0.016,67.7,68.0,15482.0,228.68,12597.0,185.2,AA
271.7111793,69.8244576,60354.14608936,,,,,,,,,0000,1.0,102.572998046875,00,1,neowise,10.263,0.016,9.389,0.016,66.3,67.6,15816.0,238.67,12643.0,187.08,AA
271.711163,69.8244762,60354.27546483,,,,,,,,,0000,1.0,83.15299987792969,00,1,neowise,10.245,0.016,9.373,0.016,69.8,68.1,16089.0,230.61,12834.0,188.42,AA
271.7111874,69.8244704,60354.40433097,,,,,,,,,0000,0.5,71.23600006103516,00,1,neowise,10.264,0.015,9.387,0.017,74.5,62.5,15810.0,212.1,12663.0,202.77,AA
271.7111896,69.8244595,60354.66206389,,,,,,,,,0000,1.0,81.7040023803711,00,1,neowise,10.24,0.018,9.372,0.013,61.9,83.7,16155.0,260.96,12845.0,153.4,AA
271.7111834,69.8244648,60354.79093003,,,,,,,,,0000,1.0,99.93099975585938,00,1,neowise,10.244,0.017,9.352,0.014,64.6,77.6,16094.0,249.0,13078.0,168.59,AA
271.7111744,69.8244744,60354.91966888,,,,,,,,,0000,1.0,117.20099639892578,00,1,neowise,10.19,0.02,9.344,0.014,55.2,76.8,16924.0,306.73,13172.0,171.4,AA
271.7111842,69.8244602,60355.04853507,,,,,,,,,0000,1.0,113.40699768066406,00,1,neowise,10.202,0.018,9.343,0.014,59.3,77.1,16739.0,282.3,13193.0,171.1,AA
271.7111524,69.8244675,60355.43513366,,,,,,,,,0000,1.0,70.7750015258789,00,1,neowise,10.258,0.016,9.366,0.014,69.1,79.6,15889.0,229.89,12909.0,162.2,AA
271.7112235,69.8244613,60356.20807593,,,,,,,,,0000,1.0,93.05000305175781,00,1,neowise,10.249,0.018,9.389,0.015,61.9,73.4,16020.0,258.61,12644.0,172.24,AA
271.7111083,69.8244756,60356.72354118,,,,,,,,,0000,0.5,90.02999877929688,00,1,neowise,10.28,0.017,9.416,0.015,64.9,70.9,15566.0,239.73,12335.0,174.02,AA
271.7111492,69.8244556,60356.85228001,,,,,,,,,0000,0.5,109.13600158691406,00,1,neowise,10.285,0.016,9.399,0.015,66.5,71.7,15505.0,233.05,12524.0,174.6,AA
271.7110398,69.8244688,60352.7290708,,,,,,,,,0000,0.5,90.97000122070312,00,1,neowise,10.254,0.018,9.414,0.016,59.0,69.5,15951.0,270.44,12351.0,177.7,AA
271.7110679,69.8244686,60353.76000014,,,,,,,,,0000,1.0,95.25499725341797,00,1,neowise,10.342,0.017,9.434,0.017,63.4,64.6,14710.0,231.89,12128.0,187.61,AA
271.7111514,69.8244929,60355.82160479,,,,,,,,,0000,1.0,104.6510009765625,00,1,neowise,10.262,0.016,9.358,0.014,67.9,75.6,15834.0,233.04,13002.0,172.07,AA
271.7111111,69.8244942,60356.33694212,,,,,,,,,0000,0.5,76.08599853515625,00,1,neowise,10.27,0.016,9.39,0.014,67.4,77.9,15722.0,233.36,12629.0,162.03,AA
271.7111071,69.8245007,60356.46580893,,,,,,,,,0000,0.5,71.01200103759766,00,1,neowise,10.274,0.017,9.373,0.016,65.6,66.5,15664.0,238.66,12835.0,193.09,AA
271.7110851,69.8244813,60352.98680319,,,,,,,,,0000,1.0,119.30899810791016,00,1,neowise,10.297,0.017,9.389,0.016,62.5,67.4,15328.0,245.17,12644.0,187.54,AA
271.7110308,69.8244856,60353.11566939,,,,,,,,,0000,1.0,104.77799987792969,00,1,neowise,10.28,0.017,9.341,0.02,64.5,53.7,15569.0,241.4,13213.0,246.23,AA
271.7110774,69.8244874,60356.59416572,,,,,,,,,0000,1.0,76.68800354003906,00,1,neowise,10.279,0.016,9.401,0.015,69.1,70.9,15593.0,225.56,12507.0,176.41,AA
271.7111043,69.8244902,60356.98114626,,,,,,,,,0000,1.0,120.46299743652344,00,1,neowise,10.294,0.015,9.401,0.016,70.6,68.3,15378.0,217.83,12505.0,183.08,AA
271.7110507,69.8244924,60357.11001241,,,,,,,,,0000,0.5,104.51699829101562,00,1,neowise,10.299,0.015,9.429,0.014,71.1,77.4,15300.0,215.1,12184.0,157.34,AA
271.71107,69.824484,60357.36761738,,,,,,,,,0000,1.0,73.49099731445312,00,1,neowise,10.302,0.017,9.424,0.014,62.5,76.4,15256.0,244.05,12242.0,160.19,AA
271.7110571,69.82448,60357.36774471,,,,,,,,,0000,1.0,72.9749984741211,00,1,neowise,10.26,0.019,9.444,0.016,56.5,67.9,15861.0,280.77,12015.0,177.07,AA
