ra,dec,mjd,w1mpro_ep,w1sigmpro_ep,w2mpro_ep,w2sigmpro_ep,w1flux_ep,w1sigflux_ep,w2flux_ep,w2sigflux_ep,cc_flags,qi_fact,saa_sep,moon_masked,nb,source_table,w1mpro,w1sigmpro,w2mpro,w2sigmpro,w1snr,w2snr,w1flux,w1sigflux,w2flux,w2sigflux,ph_qual
256.1723789,60.741835,55402.8643692,10.798,0.025,9.709,0.019,7599.649,174.62,8246.751,143.407,0000,1.0,74.0,0000,1,allwise,,,,,,,,,,,
256.1723789,60.741835,55402.7320654,10.762,0.024,9.664,0.022,7855.422,172.202,8594.839,176.565,0000,1.0,73.0,0000,1,allwise,,,,,,,,,,,
256.1723789,60.741835,55224.9751143,10.759,0.025,9.733,0.029,7880.711,177.951,8067.675,214.871,0000,1.0,113.0,0000,1,allwise,,,,,,,,,,,
256.1723789,60.741835,55225.1074186,10.776,0.024,9.683,0.022,7756.547,168.861,8450.856,172.135,0000,0.5,96.0,0000,1,allwise,,,,,,,,,,,
256.1723789,60.741835,55225.2397229,10.834,0.022,9.708,0.018,7354.301,151.375,8259.834,136.316,0000,0.5,79.0,0000,1,allwise,,,,,,,,,,,
256.1723789,60.741835,55400.0861165,10.743,0.024,9.694,0.016,7997.88,180.059,8366.29,124.212,0000,1.0,96.0,0000,1,allwise,,,,,,,,,,,
256.1723789,60.741835,55400.2184203,10.863,0.026,9.665,0.016,7155.72,172.92,8591.649,127.594,0000,0.5,113.0,0000,1,allwise,,,,,,,,,,,
256.1723789,60.741835,55400.3507241,10.773,0.021,9.792,0.019,7773.604,151.254,7639.263,133.012,0000,1.0,115.0,0000,1,allwise,,,,,,,,,,,
256.1723789,60.741835,55400.4830284,10.749,0.021,9.678,0.028,7954.126,156.568,8491.212,217.287,0000,1.0,100.0,0000,1,allwise,,,,,,,,,,,
256.1723789,60.741835,55400.6153322,10.754,0.023,9.637,0.028,7911.457,167.344,8811.641,230.779,0000,1.0,82.0,0000,1,allwise,,,,,,,,,,,
256.1723789,60.741835,55400.747636,10.769,0.03,9.689,0.029,7803.497,215.258,8403.95,227.579,0000,1.0,73.0,0000,1,allwise,,,,,,,,,,,
256.1723789,60.741835,55400.8799398,10.766,0.029,9.758,0.034,7830.255,212.552,7881.466,246.407,0000,1.0,75.0,0000,1,allwise,,,,,,,,,,,
256.1723789,60.741835,55401.0122436,10.747,0.023,9.739,0.032,7962.012,168.939,8023.308,235.455,0000,1.0,87.0,0000,1,allwise,,,,,,,,,,,
256.1723789,60.741835,55401.1445474,10.764,0.025,9.706,0.022,7844.538,183.31,8272.036,163.89,0000,1.0,105.0,0000,1,allwise,,,,,,,,,,,
256.1723789,60.741835,55401.2768512,10.77,0.031,9.683,0.02,7794.94,225.013,8449.455,154.355,0000,1.0,118.0,0000,1,allwise,,,,,,,,,,,
256.1723789,60.741835,55401.4090276,10.775,0.027,9.673,0.023,7761.891,195.49,8530.252,177.167,0000,1.0,109.0,0000,1,allwise,,,,,,,,,,,
256.1723789,60.741835,55401.4091549,10.744,0.027,9.718,0.027,7988.489,199.113,8181.898,203.046,0000,1.0,109.0,0000,1,allwise,,,,,,,,,,,
256.1723789,60.741835,55401.5413313,10.814,0.03,9.723,0.023,7490.069,204.185,8142.703,173.029,0000,1.0,92.0,0000,1,allwise,,,,,,,,,,,
256.1723789,60.741835,55401.5414587,10.777,0.027,9.665,0.025,7750.954,189.272,8591.938,197.613,0000,1.0,92.0,0000,1,allwise,,,,,,,,,,,
256.1723789,60.741835,55401.6736351,10.778,0.026,9.722,0.023,7738.632,186.911,8147.332,174.07,0000,1.0,76.0,0000,1,allwise,,,,,,,,,,,
256.1723789,60.741835,55401.8059389,10.78,0.027,9.721,0.023,7725.995,194.945,8158.067,176.256,0000,1.0,73.0,0000,1,allwise,,,,,,,,,,,
256.1723789,60.741835,55401.9382428,10.772,0.022,9.69,0.027,7786.162,155.923,8391.041,211.532,0000,1.0,78.0,0000,1,allwise,,,,,,,,,,,
256.1723789,60.741835,55402.0705465,10.756,0.024,9.703,0.021,7898.339,174.03,8291.729,161.752,0000,1.0,94.0,0000,1,allwise,,,,,,,,,,,
256.1723789,60.741835,55402.2028503,10.745,0.023,9.71,0.023,7981.806,170.963,8244.315,176.1,0000,1.0,112.0,0000,1,allwise,,,,,,,,,,,
256.1723789,60.741835,55402.3351541,10.77,0.021,9.723,0.025,7800.814,149.923,8139.912,186.153,0000,1.0,117.0,0000,1,allwise,,,,,,,,,,,
256.1723789,60.741835,55402.4674579,10.756,0.021,9.711,0.025,7899.51,152.117,8237.445,192.861,0000,1.0,102.0,0000,1,allwise,,,,,,,,,,,
256.1723789,60.741835,55402.5997616,10.769,0.023,9.687,0.024,7807.587,167.869,8419.26,183.729,0000,1.0,84.0,0000,1,allwise,,,,,,,,,,,
256.1723789,60.741835,55224.8426826,10.811,0.026,9.707,0.02,7509.237,179.428,8263.185,149.043,0000,0.5,116.0,0000,1,allwise,,,,,,,,,,,
256.1723789,60.741835,55222.0636551,10.768,0.023,9.707,0.024,7811.78,168.88,8267.504,183.291,0000,0.5,103.0,0000,1,allwise,,,,,,,,,,,
256.1723789,60.741835,55221.9313508,10.756,0.03,9.716,0.024,7896.665,220.498,8193.479,180.925,0000,1.0,117.0,0000,1,allwise,,,,,,,,,,,
256.1723789,60.741835,55222.3283911,10.676,0.026,9.726,0.025,8506.312,203.289,8118.185,184.402,0000,1.0,74.0,0000,1,allwise,,,,,,,,,,,
256.1723789,60.741835,55222.5929997,10.812,0.025,9.765,0.022,7500.0,172.398,7834.106,161.377,0000,1.0,84.0,0000,1,allwise,,,,,,,,,,,
256.1723789,60.741835,55222.7253039,10.816,0.027,9.732,0.025,7474.104,183.63,8078.737,185.115,0000,0.5,102.0,0000,1,allwise,,,,,,,,,,,
256.1723789,60.741835,55222.8577356,10.782,0.028,9.747,0.026,7709.945,201.489,7963.754,190.929,0000,0.5,117.0,0000,1,allwise,,,,,,,,,,,
256.1723789,60.741835,55222.9900399,10.779,0.024,9.693,0.023,7734.465,169.074,8374.954,173.679,0000,1.0,111.0,0000,1,allwise,,,,,,,,,,,
256.1723789,60.741835,55223.2546485,10.768,0.022,9.727,0.02,7811.306,161.565,8113.991,150.943,0000,1.0,79.0,0000,1,allwise,,,,,,,,,,,
256.1723789,60.741835,55223.3869528,10.785,0.027,9.716,0.024,7688.607,192.87,8196.08,178.471,0000,1.0,74.0,0000,1,allwise,,,,,,,,,,,
256.1723789,60.741835,55223.3870801,10.812,0.026,9.699,0.021,7500.24,181.029,8328.125,159.228,0000,1.0,73.0,0000,1,allwise,,,,,,,,,,,
256.1723789,60.741835,55223.6516887,10.829,0.022,9.718,0.023,7384.097,148.535,8179.992,170.546,0000,0.5,91.0,0000,1,allwise,,,,,,,,,,,
256.1723789,60.741835,55223.783993,10.787,0.021,9.754,0.028,7674.688,146.262,7917.131,205.957,0000,0.5,109.0,0000,1,allwise,,,,,,,,,,,
256.1723789,60.741835,55223.9162973,10.801,0.028,9.719,0.023,7581.065,196.408,8170.742,176.843,0000,0.5,118.0,0000,1,allwise,,,,,,,,,,,
256.1723789,60.741835,55223.9164247,10.738,0.027,9.737,0.027,8028.23,197.936,8042.588,199.316,0000,1.0,118.0,0000,1,allwise,,,,,,,,,,,
256.1723789,60.741835,55224.048729,10.808,0.026,9.701,0.021,7533.244,178.18,8306.357,162.676,0000,1.0,104.0,0000,1,allwise,,,,,,,,,,,
256.1723789,60.741835,55224.3133382,10.792,0.03,9.698,0.029,7641.447,208.1,8331.721,224.417,0000,0.5,74.0,0000,1,allwise,,,,,,,,,,,
256.1723789,60.741835,55224.5780741,10.761,0.029,9.705,0.031,7863.036,207.407,8278.998,237.112,0000,0.5,82.0,0000,1,allwise,,,,,,,,,,,
256.1723789,60.741835,55224.7103783,10.788,0.024,9.728,0.021,7666.841,168.343,8105.878,159.427,0000,0.5,100.0,0000,1,allwise,,,,,,,,,,,
256.1723789,60.741835,55402.996673,10.767,0.025,9.72,0.019,7822.019,181.099,8164.501,142.929,0000,1.0,84.0,0000,1,allwise,,,,,,,,,,,
256.1723789,60.741835,55403.1289768,10.795,0.026,9.698,0.019,7624.16,182.415,8334.084,144.181,0000,1.0,102.0,0000,1,allwise,,,,,,,,,,,
256.1723789,60.741835,55403.2611533,10.768,0.025,9.745,0.02,7813.262,177.897,7977.962,148.538,0000,1.0,118.0,0000,1,allwise,,,,,,,,,,,
256.1723789,60.741835,55403.2612806,10.799,0.029,9.67,0.024,7594.557,200.978,8550.515,189.04,0000,1.0,117.0,0000,1,allwise,,,,,,,,,,,
256.1723789,60.741835,55403.393457,10.758,0.025,9.705,0.021,7881.571,179.516,8279.625,156.864,0000,1.0,111.0,0000,1,allwise,,,,,,,,,,,
256.1723789,60.741835,55403.5257608,10.759,0.026,9.712,0.021,7876.489,188.975,8228.198,159.674,0000,1.0,94.0,0000,1,allwise,,,,,,,,,,,
256.1723789,60.741835,55403.6580646,10.764,0.02,9.67,0.02,7841.824,141.217,8547.046,161.295,0000,1.0,77.0,0000,1,allwise,,,,,,,,,,,
256.1723789,60.741835,55403.7903684,10.765,0.02,9.714,0.021,7833.933,141.079,8211.998,158.683,0000,1.0,72.0,0000,1,allwise,,,,,,,,,,,
256.1723789,60.741835,55403.9226723,10.756,0.022,9.72,0.02,7901.248,160.887,8167.512,153.504,0000,1.0,76.0,0000,1,allwise,,,,,,,,,,,
256.1723789,60.741835,55404.054976,10.758,0.022,9.703,0.021,7883.788,162.125,8296.814,159.38,0000,1.0,91.0,0000,1,allwise,,,,,,,,,,,
256.1723789,60.741835,55404.1872798,10.756,0.024,9.688,0.021,7896.841,173.044,8413.276,164.023,0000,1.0,110.0,0000,1,allwise,,,,,,,,,,,
256.1723789,60.741835,55404.3195837,10.766,0.025,9.737,0.022,7828.818,179.177,8036.217,166.111,0000,1.0,119.0,0000,1,allwise,,,,,,,,,,,
256.1723789,60.741835,55404.4518875,10.756,0.025,9.673,0.021,7901.68,179.473,8523.866,168.009,0000,1.0,103.0,0000,1,allwise,,,,,,,,,,,
256.1723789,60.741835,55404.5841912,10.762,0.026,9.674,0.022,7857.803,189.373,8515.837,169.119,0000,1.0,86.0,0000,1,allwise,,,,,,,,,,,
256.1723789,60.741835,55404.716495,10.763,0.023,9.678,0.026,7848.137,165.772,8489.168,199.724,0000,1.0,73.0,0000,1,allwise,,,,,,,,,,,
256.1723789,60.741835,55404.8487988,10.809,0.029,9.73,0.023,7525.459,202.988,8091.862,173.464,0000,1.0,73.0,0000,1,allwise,,,,,,,,,,,
256.1723789,60.741835,55404.9811027,10.788,0.03,9.719,0.023,7668.806,211.252,8171.43,172.308,0000,1.0,82.0,0000,1,allwise,,,,,,,,,,,
256.1723789,60.741835,55585.8665002,10.745,0.02,9.729,0.023,7982.514,149.036,8096.97,170.679,0000,0.5,116.0,0000,1,allwise,,,,,,,,,,,
256.1723789,60.741835,55586.39559,10.736,0.027,9.686,0.024,8047.008,202.337,8427.416,187.944,0000,0.5,74.0,0000,1,allwise,,,,,,,,,,,
256.1723789,60.741835,55586.5277669,10.772,0.022,9.764,0.021,7785.502,158.691,7843.9,153.103,0000,0.5,78.0,0000,1,allwise,,,,,,,,,,,
256.1723789,60.741835,55587.0568567,10.759,0.023,9.795,0.024,7877.715,169.406,7618.913,168.777,0000,0.5,104.0,0000,1,allwise,,,,,,,,,,,
256.1723789,60.741835,55588.247086,10.686,0.03,9.801,0.026,8424.766,230.696,7580.327,178.05,0000,0.5,80.0,0000,1,allwise,,,,,,,,,,,
256.1723789,60.741835,55588.3793903,10.78,0.022,9.708,0.023,7729.33,153.211,8254.9,177.84,0000,0.5,73.0,0000,1,allwise,,,,,,,,,,,
256.1723789,60.741835,55588.5116928,10.732,0.02,9.75,0.023,8074.521,148.142,7940.904,170.231,0000,0.5,77.0,0000,1,allwise,,,,,,,,,,,
256.1723789,60.741835,55589.1729594,10.75,0.023,9.741,0.023,7946.748,167.897,8010.787,168.39,0000,0.5,88.0,0000,1,allwise,,,,,,,,,,,
256.1723789,60.741835,55589.5697448,10.871,0.029,9.788,0.025,7104.774,188.118,7672.15,180.031,0000,0.5,82.0,0000,1,allwise,,,,,,,,,,,
256.1723789,60.741835,55591.5535447,10.751,0.035,9.763,0.021,7939.493,254.657,7851.547,151.395,0000,1.0,80.0,0000,1,allwise,,,,,,,,,,,
256.1723789,60.741835,55221.2695747,10.802,0.032,9.695,0.023,7571.958,222.654,8356.722,179.724,0000,0.5,78.0,0000,1,allwise,,,,,,,,,,,
256.1723789,60.741835,55221.4020063,10.789,0.03,9.677,0.022,7665.183,210.31,8496.505,170.126,0000,0.5,74.0,0000,1,allwise,,,,,,,,,,,
256.1723789,60.741835,55221.6666149,10.811,0.023,9.721,0.022,7508.5,159.686,8161.844,163.405,0000,0.5,93.0,0000,1,allwise,,,,,,,,,,,
256.1723789,60.741835,55221.7989192,10.826,0.024,9.724,0.021,7407.991,160.398,8134.8,159.085,0000,0.5,111.0,0000,1,allwise,,,,,,,,,,,
256.1723789,60.741835,55222.3282638,10.732,0.031,9.785,0.025,8074.821,229.111,7692.49,174.535,0000,0.5,74.0,0000,1,allwise,,,,,,,,,,,
256.1723757,60.741828,57411.14513426,,,,,,,,,0000,1.0,95.63700103759766,00,1,neowise,10.819,0.022,9.727,0.015,48.5,72.0,9490.3,195.58,9243.6,128.47,AA
256.1724283,60.7418247,57411.27616536,,,,,,,,,0000,1.0,78.24400329589844,00,1,neowise,10.807,0.016,9.74,0.017,66.6,64.3,9591.4,143.96,9129.6,141.9,AA
256.1724209,60.741823,57411.40732377,,,,,,,,,0000,1.0,70.66699981689453,00,1,neowise,10.771,0.016,9.719,0.015,67.1,72.8,9918.7,147.74,9308.2,127.92,AA
256.1723691,60.7418343,57411.93183059,,,,,,,,,0000,0.5,121.28099822998047,00,1,neowise,10.849,0.017,9.741,0.014,64.9,79.8,9231.9,142.34,9118.1,114.2,AA
256.1723996,60.7418216,57412.32517889,,,,,,,,,0000,0.5,72.90299987792969,00,1,neowise,10.792,0.015,9.728,0.015,70.2,70.0,9728.3,138.62,9230.2,131.77,AA
256.1723833,60.7418268,57412.45621008,,,,,,,,,0000,1.0,71.23999786376953,00,1,neowise,10.772,0.018,9.732,0.015,61.3,72.7,9909.4,161.7,9198.7,126.45,AA
256.17238,60.7418501,57412.71852714,,,,,,,,,0000,0.5,95.13999938964844,00,1,neowise,10.787,0.015,9.71,0.016,70.1,68.3,9772.4,139.5,9383.0,137.3,AA
256.1723988,60.7418421,57412.8495589,,,,,,,,,0000,1.0,114.54299926757812,00,1,neowise,10.798,0.018,9.742,0.016,60.0,69.6,9675.7,161.24,9110.0,130.96,AA
256.1723733,60.7418345,57412.84968622,,,,,,,,,0000,1.0,115.20700073242188,00,1,neowise,10.802,0.02,9.744,0.015,54.6,71.3,9639.1,176.7,9092.4,127.44,AA
256.1724035,60.741829,57413.24290706,,,,,,,,,0000,1.0,81.70500183105469,00,1,neowise,10.766,0.019,9.733,0.016,56.2,68.0,9964.1,177.16,9190.3,135.17,AA
256.1724159,60.7418408,57413.24303443,,,,,,,,,0000,1.0,81.09700012207031,00,1,neowise,10.79,0.019,9.738,0.018,57.8,61.8,9748.7,168.56,9145.6,147.92,AA
256.1723912,60.7418277,57413.37406557,,,,,,,,,0000,1.0,70.32599639892578,00,1,neowise,10.787,0.016,9.712,0.015,66.3,74.8,9776.9,147.43,9368.6,125.2,AA
256.1724024,60.7418187,57413.63638264,,,,,,,,,0000,1.0,83.40899658203125,00,1,neowise,10.805,0.019,9.731,0.017,58.2,65.0,9608.7,165.22,9208.8,141.63,AA
256.1723609,60.7418278,57413.89857238,,,,,,,,,0000,1.0,120.28700256347656,00,1,neowise,10.773,0.017,9.753,0.016,62.7,68.4,9900.1,157.78,9023.0,131.82,AA
256.1724236,60.7417811,57412.06286178,,,,,,,,,0000,1.0,105.32099914550781,00,1,neowise,10.788,0.019,9.725,0.016,57.9,69.9,9765.4,168.79,9255.5,132.32,AA
256.1723937,60.7417964,57412.98071747,,,,,,,,,0000,0.5,117.10600280761719,00,1,neowise,10.816,0.016,9.658,0.018,68.5,62.0,9519.9,139.05,9842.0,158.65,AA
256.1723971,60.7417998,57413.63625528,,,,,,,,,0000,0.5,83.56900024414062,00,1,neowise,10.806,0.018,9.749,0.015,59.0,70.7,9608.0,162.72,9058.3,128.1,AA
256.1723927,60.7418067,57411.53848233,,,,,,,,,0000,0.5,73.58599853515625,00,1,neowise,10.8,0.016,9.742,0.014,67.6,77.3,9653.0,142.88,9115.9,117.94,AA
256.1724354,60.7418049,57411.66951352,,,,,,,,,0000,0.5,88.26899719238281,00,1,neowise,10.779,0.017,9.71,0.015,62.2,72.3,9842.4,158.25,9389.0,129.86,AA
256.1724437,60.7418206,57411.80067203,,,,,,,,,0000,1.0,107.79499816894531,00,1,neowise,10.793,0.016,9.727,0.014,69.7,76.3,9716.7,139.43,9240.4,121.13,AA
256.1724462,60.7418044,57412.06298914,,,,,,,,,0000,1.0,104.7249984741211,00,1,neowise,10.783,0.02,9.717,0.014,53.9,76.3,9806.9,182.08,9329.9,122.21,AA
256.1724476,60.7417989,57412.19402034,,,,,,,,,0000,1.0,88.66600036621094,00,1,neowise,10.8,0.015,9.725,0.016,70.3,69.3,9654.4,137.39,9257.0,133.51,AA
256.1724544,60.7418147,57412.4563374,,,,,,,,,0000,1.0,70.53700256347656,00,1,neowise,10.783,0.02,9.715,0.016,53.5,66.8,9810.2,183.4,9341.9,139.81,AA
256.1724644,60.7418183,57412.58736859,,,,,,,,,0000,1.0,77.72100067138672,00,1,neowise,10.801,0.016,9.681,0.015,68.1,73.1,9648.7,141.64,9640.4,131.92,AA
256.1724607,60.7418259,57413.50522413,,,,,,,,,0000,1.0,71.34200286865234,00,1,neowise,10.777,0.017,9.715,0.019,63.8,58.3,9859.7,154.43,9342.9,160.36,AA
256.1724229,60.7418211,57413.76741383,,,,,,,,,0000,1.0,102.74199676513672,00,1,neowise,10.821,0.018,9.74,0.017,61.1,63.7,9475.1,155.11,9132.9,143.37,AA
256.1724056,60.7418078,57414.02960362,,,,,,,,,0000,1.0,109.6500015258789,00,1,neowise,10.781,0.019,9.718,0.014,55.9,75.4,9831.8,176.0,9317.9,123.5,AA
256.1723978,60.7418604,57778.43686024,,,,,,,,,0000,1.0,68.58499908447266,00,1,neowise,10.797,0.023,9.726,0.016,48.2,67.5,9687.6,201.09,9270.9,137.25,AA
256.1724201,60.741823,57779.09176282,,,,,,,,,0000,1.0,101.91500091552734,00,1,neowise,10.825,0.016,9.752,0.016,67.0,68.9,9438.5,140.91,9048.2,131.39,AA
256.1724142,60.741833,57779.2227942,,,,,,,,,0000,1.0,85.48300170898438,00,1,neowise,10.794,0.019,9.683,0.015,56.1,72.4,9712.4,173.18,9642.9,133.12,AA
256.1724192,60.7418255,57779.6156338,,,,,,,,,0000,1.0,78.15799713134766,00,1,neowise,10.78,0.016,9.738,0.016,68.4,68.9,9837.7,143.76,9171.1,133.03,AA
256.1723771,60.7418456,57779.74666522,,,,,,,,,0000,1.0,96.96900177001953,00,1,neowise,10.814,0.016,9.749,0.018,68.2,61.4,9533.0,139.84,9079.1,147.88,AA
256.1723792,60.7418212,57780.0086008,,,,,,,,,0000,1.0,114.48400115966797,00,1,neowise,10.816,0.016,9.722,0.017,66.7,62.5,9515.0,142.75,9305.6,148.85,AA
256.1723492,60.7418376,57780.13963227,,,,,,,,,0000,1.0,95.98899841308594,00,1,neowise,10.792,0.018,9.752,0.016,60.2,69.1,9728.3,161.58,9048.2,130.9,AA
256.1724247,60.7418305,57780.27066369,,,,,,,,,0000,1.0,78.41000366210938,00,1,neowise,10.834,0.02,9.726,0.016,55.2,67.4,9359.7,169.59,9267.6,137.47,AA
256.1724013,60.7418003,57778.8298272,,,,,,,,,0000,1.0,110.78500366210938,00,1,neowise,10.826,0.02,9.726,0.016,54.7,65.8,9427.4,172.27,9272.5,140.9,AA
256.1724145,60.7418019,57778.43673288,,,,,,,,,0000,1.0,69.2969970703125,00,1,neowise,10.811,0.019,9.76,0.016,56.3,68.0,9560.3,169.9,8988.7,132.18,AA
256.1724421,60.7418236,57778.56776435,,,,,,,,,0000,1.0,73.20800018310547,00,1,neowise,10.82,0.016,9.76,0.015,68.1,71.7,9480.0,139.12,8982.0,125.35,AA
256.1724527,60.7418224,57778.69879578,,,,,,,,,0000,1.0,89.50499725341797,00,1,neowise,10.795,0.016,9.732,0.015,66.9,71.1,9705.8,144.97,9224.4,129.71,AA
256.1724184,60.7418043,57778.82969988,,,,,,,,,0000,1.0,110.51100158691406,00,1,neowise,10.769,0.021,9.75,0.016,53.0,68.0,9935.4,187.63,9071.5,133.38,AA
256.1724167,60.7418129,57778.96073135,,,,,,,,,0000,1.0,122.08300018310547,00,1,neowise,10.805,0.016,9.728,0.015,69.2,71.4,9613.6,138.98,9252.1,129.59,AA
256.1724338,60.7418064,57779.22266689,,,,,,,,,0000,1.0,85.83699798583984,00,1,neowise,10.795,0.02,9.742,0.018,53.8,58.7,9698.4,180.43,9132.0,155.59,AA
256.1724346,60.7417943,57779.35369826,,,,,,,,,0000,1.0,70.427001953125,00,1,neowise,10.804,0.016,9.723,0.015,69.2,71.8,9618.7,138.97,9299.1,129.59,AA
256.1724177,60.7418016,57780.4015678,,,,,,,,,0000,1.0,68.35800170898438,00,1,neowise,10.799,0.018,9.771,0.018,61.7,61.8,9663.5,156.61,8893.4,143.9,AA
256.1723425,60.7418169,57779.48472969,,,,,,,,,0000,1.0,69.18199920654297,00,1,neowise,10.822,0.017,9.758,0.016,63.3,65.8,9463.4,149.56,9002.7,136.81,AA
256.1723428,60.7418352,57779.87769669,,,,,,,,,0000,1.0,118.07599639892578,00,1,neowise,10.812,0.017,9.743,0.016,62.8,67.2,9548.6,152.05,9126.2,135.77,AA
256.17239,60.7418239,58145.99016701,,,,,,,,,0000,1.0,119.44499969482422,00,1,neowise,10.83,0.017,9.722,0.017,65.7,62.7,9387.4,142.9,9300.5,148.24,AA
256.1724084,60.7418251,58146.25197475,,,,,,,,,0000,1.0,82.38600158691406,00,1,neowise,10.807,0.017,9.747,0.017,64.9,63.4,9580.2,147.61,9088.4,143.27,AA
256.1724035,60.7418292,58146.51378249,,,,,,,,,0000,1.0,68.14299774169922,00,1,neowise,10.799,0.016,9.743,0.016,67.4,68.4,9654.6,143.32,9126.7,133.36,AA
256.172384,60.74185,58146.64468631,,,,,,,,,0000,1.0,79.47699737548828,00,1,neowise,10.804,0.016,9.732,0.015,67.2,72.4,9613.7,143.02,9221.2,127.29,AA
256.1724022,60.7418223,58146.77559013,,,,,,,,,0000,1.0,99.55699920654297,00,1,neowise,10.782,0.018,9.752,0.015,59.7,71.2,9804.4,164.1,9047.3,127.04,AA
256.172423,60.7418168,58144.94293601,,,,,,,,,0000,1.0,123.83499908447266,00,1,neowise,10.816,0.017,9.738,0.017,62.5,63.1,9504.7,152.0,9163.2,145.12,AA
256.1724122,60.7418056,58145.07383993,,,,,,,,,0000,1.0,105.56300354003906,00,1,neowise,10.797,0.017,9.749,0.019,63.4,57.6,9670.5,152.53,9071.0,157.46,AA
256.1724509,60.7418051,58145.2047437,,,,,,,,,0000,1.0,89.51300048828125,00,1,neowise,10.815,0.017,9.722,0.018,63.2,60.3,9516.8,150.64,9301.1,154.28,AA
256.1724727,60.7418135,58145.33564752,,,,,,,,,0000,1.0,71.64900207519531,00,1,neowise,10.828,0.019,9.74,0.017,55.7,65.6,9401.7,168.81,9149.4,139.43,AA
256.172404,60.7418112,58145.46655139,,,,,,,,,0000,1.0,67.45600128173828,00,1,neowise,10.79,0.016,9.732,0.017,67.1,62.5,9732.6,145.06,9218.3,147.5,AA
256.1724422,60.741813,58145.59745527,,,,,,,,,0000,1.0,73.6259994506836,00,1,neowise,10.82,0.017,9.727,0.017,63.6,64.7,9472.4,148.98,9263.7,143.08,AA
256.1724125,60.7418138,58145.72835918,,,,,,,,,0000,1.0,91.61399841308594,00,1,neowise,10.811,0.018,9.738,0.016,61.3,66.0,9552.6,155.91,9165.0,138.86,AA
256.1723985,60.741812,58145.85926309,,,,,,,,,0000,1.0,113.89800262451172,00,1,neowise,10.828,0.018,9.693,0.017,58.7,63.8,9399.3,159.99,9555.2,149.79,AA
256.1724231,60.7418123,58146.38287856,,,,,,,,,0000,1.0,68.1719970703125,00,1,neowise,10.815,0.017,9.725,0.018,65.8,59.7,9515.8,144.69,9276.2,155.37,AA
256.1724324,60.7418126,58146.90649404,,,,,,,,,0000,1.0,120.62200164794922,00,1,neowise,10.782,0.016,9.721,0.016,66.5,67.1,9810.1,147.45,9307.1,138.81,AA
256.172408,60.7418018,58147.03739796,,,,,,,,,0000,1.0,111.37100219726562,00,1,neowise,10.804,0.017,9.728,0.016,65.0,69.7,9614.9,147.87,9254.7,132.77,AA
256.1723551,60.7418365,59037.49427821,,,,,,,,,0000,1.0,109.11299896240234,00,1,neowise,10.733,0.019,9.711,0.015,57.5,72.2,10264.0,178.38,9397.9,130.15,AA
256.1723649,60.7418206,59037.62505395,,,,,,,,,0000,1.0,92.67500305175781,00,1,neowise,10.732,0.016,9.712,0.014,66.1,75.0,10270.0,155.47,9389.2,125.14,AA
256.1723631,60.7418139,59038.93293995,,,,,,,,,0000,1.0,69.56099700927734,00,1,neowise,10.733,0.016,9.733,0.017,66.3,64.5,10256.0,154.75,9204.9,142.72,AA
256.1723621,60.7418229,59039.32526734,,,,,,,,,0000,1.0,117.30999755859375,00,1,neowise,10.743,0.015,9.704,0.015,70.5,72.4,10162.0,144.15,9454.8,130.55,AA
256.1723652,60.7418266,59039.45604316,,,,,,,,,0000,0.5,115.18699645996094,00,1,neowise,10.721,0.016,9.713,0.016,68.1,68.3,10378.0,152.28,9382.2,137.35,AA
256.1723753,60.7418162,59039.58681898,,,,,,,,,0000,1.0,96.50499725341797,00,1,neowise,10.737,0.016,9.709,0.015,66.7,70.5,10219.0,153.31,9413.2,133.61,AA
256.1723933,60.7417905,59037.88660559,,,,,,,,,0000,1.0,68.86299896240234,00,1,neowise,10.738,0.017,9.732,0.017,62.6,63.1,10217.0,163.23,9215.4,146.0,AA
256.1723743,60.7417974,59038.14828456,,,,,,,,,0000,0.5,89.66799926757812,00,1,neowise,10.749,0.02,9.72,0.018,54.7,61.9,10111.0,184.8,9315.9,150.43,AA
256.1724103,60.7417883,59038.27893303,,,,,,,,,0000,0.5,110.28600311279297,00,1,neowise,10.699,0.019,9.716,0.015,58.7,72.6,10587.0,180.45,9352.3,128.79,AA
256.172403,60.7417827,59038.40983669,,,,,,,,,0000,1.0,121.95099639892578,00,1,neowise,10.705,0.018,9.735,0.017,59.1,65.4,10527.0,178.16,9192.6,140.63,AA
256.1723661,60.7418018,59039.06371578,,,,,,,,,0000,1.0,77.66400146484375,00,1,neowise,10.733,0.016,9.707,0.015,69.8,74.6,10262.0,147.05,9431.4,126.43,AA
256.1724276,60.7417769,59040.11004956,,,,,,,,,0000,1.0,83.88400268554688,00,1,neowise,10.74,0.02,9.689,0.016,55.2,69.3,10193.0,184.57,9591.4,138.35,AA
256.1724046,60.7418055,59037.75582972,,,,,,,,,0000,1.0,74.85099792480469,00,1,neowise,10.708,0.018,9.709,0.015,59.6,72.1,10498.0,176.08,9413.8,130.59,AA
256.1723931,60.7418078,59038.01738142,,,,,,,,,0000,1.0,72.83100128173828,00,1,neowise,10.758,0.018,9.739,0.016,59.0,66.9,10029.0,169.94,9154.3,136.87,AA
256.172404,60.7418095,59038.6713883,,,,,,,,,0000,1.0,86.16200256347656,00,1,neowise,10.744,0.017,9.743,0.016,65.8,67.7,10157.0,154.42,9123.9,134.72,AA
256.1724031,60.7418073,59038.80216407,,,,,,,,,0000,1.0,70.8270034790039,00,1,neowise,10.726,0.017,9.719,0.016,64.9,69.1,10323.0,159.15,9327.9,135.0,AA
256.172354,60.7418046,59038.14815725,,,,,,,,,0000,1.0,89.11100006103516,00,1,neowise,10.721,0.02,9.704,0.016,54.4,69.8,10373.0,190.72,9462.3,135.63,AA
256.1723651,60.7417924,59038.27906035,,,,,,,,,0000,0.5,110.34300231933594,00,1,neowise,10.751,0.019,9.742,0.017,57.4,64.6,10092.0,175.73,9132.9,141.4,AA
256.1723362,60.7417983,59039.84837054,,,,,,,,,0000,1.0,68.21800231933594,00,1,neowise,10.748,0.019,9.713,0.015,58.4,70.7,10119.0,173.12,9377.1,132.64,AA
256.1723314,60.7417966,59039.84849791,,,,,,,,,0000,1.0,68.92400360107422,00,1,neowise,10.71,0.02,,,54.4,,10484.0,192.77,,,AX
256.1723049,60.7417818,59039.97927378,,,,,,,,,0000,1.0,70.49500274658203,00,1,neowise,10.751,0.024,9.672,0.017,44.6,62.7,10095.0,226.59,9741.5,155.3,AA
256.1723162,60.7418317,59037.10195078,,,,,,,,,0000,0.5,83.19100189208984,00,1,neowise,10.752,0.016,9.713,0.015,66.3,70.7,10085.0,152.19,9381.0,132.73,AA
256.1723501,60.7418156,59037.23272661,,,,,,,,,0000,1.0,102.83699798583984,00,1,neowise,10.733,0.018,9.708,0.017,61.4,65.7,10261.0,167.22,9421.3,143.38,AA
256.1723497,60.741823,59039.19449155,,,,,,,,,0000,1.0,96.33999633789062,00,1,neowise,10.735,0.015,9.693,0.015,70.7,73.3,10245.0,144.91,9551.0,130.33,AA
256.1723428,60.7418212,59039.71759477,,,,,,,,,0000,1.0,79.26899719238281,00,1,neowise,10.74,0.017,9.727,0.016,62.9,67.8,10199.0,162.26,9260.7,136.54,AA
256.1723318,60.7418061,59037.36350234,,,,,,,,,0000,1.0,120.87699890136719,00,1,neowise,10.752,0.019,9.714,0.016,56.2,68.4,10085.0,179.51,9370.5,137.06,AA
256.172398,60.7418422,59602.34306925,,,,,,,,,0000,1.0,71.75199890136719,00,1,neowise,10.693,0.016,9.663,0.015,67.3,74.6,10644.0,158.14,9819.9,131.65,AA
256.1724003,60.7418218,59602.4737181,,,,,,,,,0000,0.5,67.14700317382812,00,1,neowise,10.709,0.016,9.679,0.015,68.0,72.6,10489.0,154.19,9676.2,133.34,AA
256.1724245,60.7418237,59603.25748398,,,,,,,,,0000,0.5,83.4729995727539,00,1,neowise,10.711,0.016,9.656,0.014,69.7,74.9,10472.0,150.16,9885.6,131.96,AA
256.1724266,60.741825,59603.51878168,,,,,,,,,0000,1.0,68.17400360107422,00,1,neowise,10.712,0.015,9.672,0.014,70.7,75.0,10459.0,147.87,9742.8,129.99,AA
256.1723673,60.7418214,59603.64943053,,,,,,,,,0000,1.0,78.50199890136719,00,1,neowise,10.714,0.015,9.668,0.016,70.8,69.3,10438.0,147.43,9772.8,141.03,AA
256.1723654,60.7418205,59603.78007995,,,,,,,,,0000,1.0,98.27200317382812,00,1,neowise,10.718,0.016,9.657,0.015,70.0,70.9,10402.0,148.68,9879.1,139.32,AA
256.1723863,60.7418196,59603.9107289,,,,,,,,,0000,1.0,119.79299926757812,00,1,neowise,10.73,0.016,9.668,0.016,66.8,66.8,10288.0,153.99,9774.1,146.29,AA
256.1724016,60.7417992,59602.60436696,,,,,,,,,0000,1.0,72.85399627685547,00,1,neowise,10.711,0.016,9.668,0.015,66.5,72.4,10467.0,157.45,9774.4,135.05,AA
256.1724448,60.7418189,59602.73501575,,,,,,,,,0000,0.5,90.71800231933594,00,1,neowise,10.702,0.016,9.643,0.015,67.8,70.5,10553.0,155.65,10003.0,141.9,AA
256.1724299,60.7418214,59602.86566465,,,,,,,,,0000,1.0,113.21399688720703,00,1,neowise,10.71,0.016,9.67,0.016,69.4,70.0,10476.0,150.92,9761.1,139.49,AA
256.1724112,60.7418171,59602.99631355,,,,,,,,,0000,0.5,120.36900329589844,00,1,neowise,10.683,0.015,9.683,0.015,71.2,71.1,10742.0,150.89,9646.6,135.68,AA
256.1724519,60.7418076,59603.12683513,,,,,,,,,0000,0.5,99.7239990234375,00,1,neowise,10.71,0.016,9.678,0.016,69.3,68.4,10475.0,151.06,9685.3,141.7,AA
256.1724278,60.7418144,59603.38813284,,,,,,,,,0000,1.0,68.55500030517578,00,1,neowise,10.668,0.016,9.671,0.015,69.9,70.5,10888.0,155.87,9752.7,138.3,AA
256.1724066,60.7418272,59764.30451251,,,,,,,,,0000,1.0,113.14600372314453,00,1,neowise,10.699,0.021,9.708,0.018,51.1,61.5,10587.0,206.99,9420.0,153.26,AA
256.172385,60.7418178,59764.43490641,,,,,,,,,0000,1.0,114.82599639892578,00,1,neowise,10.704,0.018,9.708,0.018,61.8,61.1,10533.0,170.33,9422.5,154.11,AA
256.1723593,60.7418226,59765.47818542,,,,,,,,,0000,1.0,110.71700286865234,00,1,neowise,10.703,0.016,9.698,0.015,66.7,73.2,10546.0,158.0,9512.7,130.02,AA
256.1723815,60.7418251,59767.43574907,,,,,,,,,0000,1.0,115.96800231933594,00,1,neowise,10.726,0.016,9.698,0.018,69.4,59.1,10324.0,148.83,9513.8,160.91,AA
256.1723801,60.7418252,59767.8271854,,,,,,,,,0000,1.0,72.57499694824219,00,1,neowise,10.718,0.015,9.695,0.015,72.7,72.4,10408.0,143.16,9534.0,131.64,AA
256.1723717,60.7418138,59768.08810115,,,,,,,,,0000,1.0,84.62999725341797,00,1,neowise,10.712,0.015,9.7,0.015,70.9,73.9,10460.0,147.55,9489.5,128.48,AA
256.172376,60.7418307,59769.00098568,,,,,,,,,0000,0.5,73.5009994506836,00,1,neowise,10.73,0.019,9.703,0.017,57.7,64.2,10290.0,178.22,9466.1,147.47,AA
256.1723772,60.7417919,59764.56491822,,,,,,,,,0000,1.0,99.7969970703125,00,1,neowise,10.708,0.017,9.678,0.019,63.5,56.8,10497.0,165.23,9690.5,170.49,AA
256.1723766,60.7417873,59766.26156741,,,,,,,,,0000,1.0,108.64900207519531,00,1,neowise,10.729,0.018,9.72,0.017,61.9,62.6,10294.0,166.43,9322.4,149.03,AA
256.1724198,60.7417951,59766.65287634,,,,,,,,,0000,0.5,88.14199829101562,00,1,neowise,10.696,0.017,9.688,0.015,65.3,71.3,10617.0,162.67,9601.8,134.69,AA
256.1724126,60.7417957,59766.78339756,,,,,,,,,0000,1.0,74.63200378417969,00,1,neowise,10.724,0.016,9.676,0.017,66.6,65.2,10343.0,155.27,9705.8,148.81,AA
256.17239,60.7417755,59766.91391888,,,,,,,,,0000,1.0,73.77400207519531,00,1,neowise,10.737,0.018,9.683,0.018,61.7,60.6,10223.0,165.61,9645.4,159.14,AA
256.1724074,60.7417964,59767.04431273,,,,,,,,,0000,1.0,79.90699768066406,00,1,neowise,10.71,0.016,9.674,0.015,67.3,72.6,10478.0,155.75,9723.3,134.01,AA
256.1724047,60.7417957,59768.21862236,,,,,,,,,0000,0.5,102.73799896240234,00,1,neowise,10.711,0.016,9.695,0.015,68.3,70.6,10473.0,153.24,9538.6,135.14,AA
256.1723774,60.7417985,59768.34901627,,,,,,,,,0000,0.5,118.12100219726562,00,1,neowise,10.722,0.019,9.662,0.016,57.2,69.8,10365.0,181.36,9833.2,140.81,AA
256.1724101,60.7418038,59764.30438514,,,,,,,,,0000,1.0,113.35199737548828,00,1,neowise,10.722,0.021,9.675,0.017,52.6,63.7,10369.0,197.07,9713.0,152.48,AA
256.1723788,60.7418102,59765.73960976,,,,,,,,,0000,1.0,78.2300033569336,00,1,neowise,10.727,0.018,9.733,0.018,60.2,59.6,10316.0,171.24,9206.7,154.52,AA
256.1723939,60.7418047,59765.87013108,,,,,,,,,0000,1.0,73.3219985961914,00,1,neowise,10.694,0.019,9.646,0.019,58.4,58.5,10636.0,182.24,9978.0,170.46,AA
256.1723824,60.74181,59766.39196127,,,,,,,,,0000,1.0,118.5479965209961,00,1,neowise,10.728,0.016,9.686,0.018,67.7,61.9,10305.0,152.22,9612.4,155.27,AA
256.1724121,60.7418026,59769.26190081,,,,,,,,,0000,0.5,108.69300079345703,00,1,neowise,10.715,0.016,9.716,0.016,68.3,67.5,10428.0,152.7,9353.0,138.5,AA
256.1723686,60.7417834,59764.69582144,,,,,,,,,0000,1.0,82.94000244140625,00,1,neowise,10.738,0.019,9.685,0.016,56.5,67.8,10212.0,180.63,9622.9,141.85,AA
256.1723435,60.7417948,59764.95686392,,,,,,,,,0000,0.5,75.42400360107422,00,1,neowise,10.722,0.019,9.689,0.017,55.8,63.4,10369.0,185.73,9588.2,151.21,AA
256.1723505,60.7418076,59765.08725782,,,,,,,,,0000,1.0,85.60399627685547,00,1,neowise,10.713,0.022,9.691,0.017,48.6,65.0,10448.0,214.98,9574.4,147.3,AA
256.1723472,60.7417889,59765.6092159,,,,,,,,,0000,1.0,93.95899963378906,00,1,neowise,10.721,0.021,9.689,0.019,51.9,58.5,10375.0,199.86,9591.3,164.04,AA
256.172336,60.7417928,59766.00052498,,,,,,,,,0000,1.0,76.322998046875,00,1,neowise,10.704,0.021,9.697,0.018,51.8,61.9,10542.0,203.39,9517.5,153.83,AA
256.1723476,60.7417817,59767.30535521,,,,,,,,,0000,1.0,113.66100311279297,00,1,neowise,10.752,0.021,9.704,0.015,50.8,72.5,10081.0,198.28,9461.1,130.58,AA
256.172361,60.741805,59767.69666414,,,,,,,,,0000,1.0,82.4530029296875,00,1,neowise,10.714,0.019,9.692,0.015,58.5,72.0,10445.0,178.44,9562.7,132.87,AA
256.1723006,60.741794,59768.34914359,,,,,,,,,0000,1.0,117.62300109863281,00,1,neowise,10.729,0.023,9.665,0.016,48.2,66.6,10301.0,213.91,9804.1,147.13,AA
256.1723461,60.7418005,59769.13137955,,,,,,,,,0000,1.0,88.49199676513672,00,1,neowise,10.71,0.019,9.686,0.017,58.0,64.6,10482.0,180.86,9614.8,148.89,AA
256.1723414,60.7418312,59765.21726973,,,,,,,,,0000,1.0,102.06800079345703,00,1,neowise,10.721,0.022,9.677,0.016,48.4,69.0,10373.0,214.25,9697.9,140.64,AA
256.1723286,60.7418349,59765.34817289,,,,,,,,,0000,1.0,117.10900115966797,00,1,neowise,10.742,0.018,9.698,0.014,60.4,77.0,10173.0,168.4,9509.1,123.46,AA
256.1723532,60.7418133,59766.13053684,,,,,,,,,0000,0.5,88.9800033569336,00,1,neowise,10.717,0.017,9.697,0.016,62.6,67.0,10413.0,166.46,9515.9,142.04,AA
256.1723149,60.7418231,59767.30522785,,,,,,,,,0000,1.0,113.96700286865234,00,1,neowise,10.715,0.018,9.684,0.016,59.7,67.2,10431.0,174.71,9637.0,143.44,AA
256.1723494,60.7418198,59767.56576093,,,,,,,,,0000,1.0,99.10600280761719,00,1,neowise,10.716,0.015,9.68,0.014,70.4,76.3,10420.0,147.92,9668.7,126.78,AA
256.1723375,60.7418182,59767.9577072,,,,,,,,,0000,1.0,74.04100036621094,00,1,neowise,10.701,0.016,9.708,0.015,68.2,71.0,10568.0,155.06,9423.8,132.71,AA
256.1723133,60.7418013,59764.82634265,,,,,,,,,0000,0.5,73.8479995727539,00,1,neowise,10.703,0.018,9.669,0.014,60.4,75.0,10547.0,174.66,9768.3,130.22,AA
256.1722807,60.7417965,59764.95673656,,,,,,,,,0000,0.5,74.91200256347656,00,1,neowise,10.776,0.02,9.734,0.017,53.8,62.1,9857.9,183.37,9203.7,148.16,AA
256.172369,60.7418237,60495.71319847,,,,,,,,,0000,0.5,82.18199920654297,00,1,neowise,10.732,0.018,9.71,0.018,59.3,60.1,10273.0,173.27,9404.8,156.45,AA
256.1724331,60.7418529,60496.2235684,,,,,,,,,0000,0.5,101.57099914550781,00,1,neowise,10.776,0.018,9.756,0.018,59.3,58.9,9865.9,166.31,9016.6,153.03,AA
256.1723615,60.7418113,60496.35179753,,,,,,,,,0000,0.5,116.30599975585938,00,1,neowise,10.739,0.018,9.714,0.016,58.9,67.7,10201.0,173.07,9367.6,138.31,AA
256.1723815,60.7418149,60496.99026979,,,,,,,,,0000,1.0,76.11000061035156,00,1,neowise,10.749,0.018,9.691,0.016,60.9,68.2,10109.0,165.93,9574.2,140.45,AA
256.1723996,60.7418185,60498.77796547,,,,,,,,,0000,1.0,76.16799926757812,00,1,neowise,10.745,0.017,9.689,0.021,64.1,51.2,10147.0,158.34,9586.1,187.3,AA
256.1723835,60.7418427,60499.0332778,,,,,,,,,0000,0.5,78.5979995727539,00,1,neowise,10.752,0.016,9.76,0.017,69.3,65.6,10078.0,145.38,8985.4,137.06,AA
256.1723473,60.7418582,60499.41656454,,,,,,,,,0000,1.0,115.89600372314453,00,1,neowise,10.733,0.016,9.765,0.018,67.3,61.5,10264.0,152.57,8937.9,145.42,AA
256.1723991,60.7418374,58142.71795157,,,,,,,,,0000,1.0,89.61799621582031,00,1,neowise,10.809,0.016,9.72,0.016,67.3,66.6,9566.1,142.23,9321.2,139.98,AA
256.1724107,60.7418331,58142.84885549,,,,,,,,,0000,1.0,113.2249984741211,00,1,neowise,10.799,0.016,9.748,0.017,67.1,65.7,9655.0,143.83,9086.1,138.36,AA
256.1724271,60.7418254,58143.5033754,,,,,,,,,0000,1.0,66.11100006103516,00,1,neowise,10.819,0.016,9.716,0.017,67.0,62.9,9475.5,141.53,9356.3,148.64,AA
256.1724062,60.7418191,58144.02699102,,,,,,,,,0000,1.0,112.0999984741211,00,1,neowise,10.828,0.016,9.746,0.016,68.3,68.8,9403.3,137.6,9102.9,132.36,AA
256.1724137,60.741839,58144.28879876,,,,,,,,,0000,1.0,75.43099975585938,00,1,neowise,10.8,0.018,9.751,0.016,60.2,69.5,9643.9,160.16,9054.4,130.21,AA
256.1723758,60.7418217,58144.55022441,,,,,,,,,0000,1.0,69.66100311279297,00,1,neowise,10.819,0.018,9.76,0.016,59.9,69.4,9481.9,158.23,8982.9,129.48,AA
256.1723625,60.7418175,58144.68112823,,,,,,,,,0000,1.0,84.55000305175781,00,1,neowise,10.802,0.018,9.766,0.018,60.6,59.5,9631.2,159.01,8930.5,150.16,AA
256.1723739,60.7418062,58144.41932059,,,,,,,,,0000,1.0,67.20500183105469,00,1,neowise,10.817,0.018,9.697,0.016,61.4,66.8,9495.1,154.67,9515.4,142.55,AA
256.1724277,60.7418201,58142.97975998,,,,,,,,,0000,1.0,120.68900299072266,00,1,neowise,10.805,0.016,9.73,0.016,67.2,69.1,9602.2,142.92,9236.8,133.68,AA
256.172411,60.7418078,58143.24156766,,,,,,,,,0000,0.5,82.45099639892578,00,1,neowise,10.817,0.016,9.749,0.016,68.9,69.8,9493.5,137.71,9073.2,130.01,AA
256.1724016,60.7418088,58143.37247154,,,,,,,,,0000,0.5,66.75199890136719,00,1,neowise,10.822,0.015,9.729,0.016,70.3,69.9,9454.6,134.53,9242.2,132.18,AA
256.1724298,60.741822,58143.63427932,,,,,,,,,0000,1.0,77.23100280761719,00,1,neowise,10.804,0.015,9.72,0.016,70.9,68.3,9613.3,135.62,9316.4,136.37,AA
256.1724099,60.7418099,58143.76518324,,,,,,,,,0000,1.0,97.94000244140625,00,1,neowise,10.801,0.016,9.746,0.015,67.5,72.2,9641.6,142.77,9102.4,126.08,AA
256.1723968,60.7418155,58143.89608715,,,,,,,,,0000,1.0,121.11599731445312,00,1,neowise,10.812,0.016,9.736,0.015,68.1,73.9,9544.0,140.08,9179.4,124.25,AA
256.1724056,60.7418029,58144.81203209,,,,,,,,,0000,1.0,105.88899993896484,00,1,neowise,10.781,0.02,9.752,0.016,55.2,66.1,9814.0,177.66,9047.1,136.77,AA
256.1723768,60.7418272,58675.66503721,,,,,,,,,0000,0.5,86.48200225830078,00,1,neowise,10.772,0.016,9.746,0.015,67.0,73.4,9901.9,147.79,9099.1,123.89,AA
256.172383,60.741824,58675.79581313,,,,,,,,,0000,1.0,70.40299987792969,00,1,neowise,10.786,0.018,9.715,0.015,60.0,71.4,9773.4,162.94,9361.1,131.2,AA
256.1723714,60.7417888,58675.40335598,,,,,,,,,0000,1.0,122.9739990234375,00,1,neowise,10.762,0.018,9.723,0.015,61.9,73.5,9993.1,161.4,9295.1,126.52,AA
256.1724302,60.7418095,58675.79594044,,,,,,,,,0000,1.0,70.78099822998047,00,1,neowise,10.732,0.03,9.739,0.017,36.0,62.5,10269.0,285.55,9156.9,146.46,AA
256.1723788,60.7418261,57580.80360234,,,,,,,,,0000,0.5,71.98699951171875,00,1,neowise,10.801,0.018,9.765,0.018,59.0,61.5,9652.2,163.61,8940.6,145.4,AA
256.172365,60.7418219,57583.42408691,,,,,,,,,0000,1.0,113.51699829101562,00,1,neowise,10.846,0.021,9.737,0.017,51.1,62.2,9257.2,181.01,9182.5,147.6,AA
256.1723675,60.741802,57580.27948008,,,,,,,,,0000,1.0,115.06900024414062,00,1,neowise,10.792,0.018,9.76,0.016,61.3,69.0,9727.9,158.64,8988.3,130.28,AA
256.1723822,60.7417937,57580.54154123,,,,,,,,,0000,0.5,98.81800079345703,00,1,neowise,10.787,0.017,9.734,0.018,62.3,61.4,9772.8,156.75,9201.6,149.82,AA
256.1723868,60.7417992,57580.67257176,,,,,,,,,0000,1.0,81.072998046875,00,1,neowise,10.791,0.019,9.741,0.019,56.5,57.8,9736.5,172.34,9148.6,158.17,AA
256.1723955,60.7417923,57581.06566358,,,,,,,,,0000,0.5,85.94499969482422,00,1,neowise,10.786,0.019,9.77,0.018,57.5,58.8,9779.6,170.12,8904.7,151.57,AA
256.1724165,60.7417813,57581.32772464,,,,,,,,,0000,1.0,119.25900268554688,00,1,neowise,10.806,0.018,9.741,0.017,59.6,63.8,9601.0,161.0,9141.5,143.39,AA
256.172389,60.741791,57581.58978574,,,,,,,,,0000,1.0,92.12699890136719,00,1,neowise,10.827,0.021,9.747,0.016,52.4,68.4,9416.4,179.85,9096.6,133.05,AA
256.1724333,60.7417726,57583.94820926,,,,,,,,,0000,1.0,73.09100341796875,00,1,neowise,10.794,0.02,9.753,0.018,54.2,59.4,9712.6,179.14,9042.4,152.35,AA
256.1724007,60.7417928,57584.34130089,,,,,,,,,0000,1.0,121.0790023803711,00,1,neowise,10.791,0.018,9.709,0.016,60.9,67.2,9737.4,159.98,9417.3,140.1,AA
256.1724008,60.7418043,57583.55511749,,,,,,,,,0000,1.0,96.78700256347656,00,1,neowise,10.843,0.018,9.741,0.016,59.3,66.7,9279.4,156.36,9140.8,137.11,AA
256.1723532,60.7417939,57580.0174184,,,,,,,,,0000,0.5,80.4020004272461,00,1,neowise,10.797,0.019,9.754,0.018,58.5,61.1,9686.3,165.61,9038.0,147.88,AA
256.1723541,60.7417898,57580.14844894,,,,,,,,,0000,0.5,97.52799987792969,00,1,neowise,10.792,0.018,9.733,0.014,59.5,77.0,9725.6,163.36,9213.4,119.67,AA
256.1723535,60.7417953,57581.19669411,,,,,,,,,0000,0.5,104.55500030517578,00,1,neowise,10.803,0.018,9.733,0.015,59.9,70.9,9632.5,160.79,9215.4,129.99,AA
256.1723484,60.7418033,57581.72081637,,,,,,,,,0000,1.0,76.02799987792969,00,1,neowise,10.781,0.018,9.723,0.018,61.7,61.3,9828.0,159.29,9300.7,151.84,AA
256.1723381,60.7417893,57583.03112207,,,,,,,,,0000,1.0,81.22699737548828,00,1,neowise,10.812,0.02,9.738,0.016,55.1,67.2,9547.3,173.28,9169.3,136.54,AA
256.1723257,60.7417974,57583.16215265,,,,,,,,,0000,0.5,99.125,00,1,neowise,10.803,0.021,9.731,0.016,52.9,66.1,9630.7,181.97,9228.6,139.58,AA
256.1723503,60.7418059,57583.29318375,,,,,,,,,0000,1.0,116.80400085449219,00,1,neowise,10.783,0.022,9.771,0.019,50.4,58.2,9806.9,194.49,8894.1,152.81,AA
256.1723535,60.741759,57583.42421427,,,,,,,,,0000,0.5,113.44300079345703,00,1,neowise,10.809,0.02,9.738,0.017,53.4,64.3,9576.4,179.29,9167.1,142.6,AA
256.1723429,60.7417853,57583.68614807,,,,,,,,,0000,1.0,78.9469985961914,00,1,neowise,10.826,0.02,9.732,0.016,53.8,68.9,9427.4,175.29,9220.0,133.78,AA
256.1723588,60.7417968,57583.81717868,,,,,,,,,0000,1.0,70.58899688720703,00,1,neowise,10.757,0.019,9.718,0.016,58.0,70.0,10047.0,173.16,9343.2,133.44,AA
256.1723544,60.7417879,57584.21027042,,,,,,,,,0000,1.0,106.25700378417969,00,1,neowise,10.788,0.018,9.737,0.017,59.1,65.6,9767.1,165.39,9175.1,139.78,AA
256.1723521,60.7418236,57580.4105106,,,,,,,,,0000,0.5,115.3280029296875,00,1,neowise,10.799,0.018,9.731,0.016,59.7,67.6,9670.0,161.92,9229.8,136.52,AA
256.1723424,60.7418184,57581.45875521,,,,,,,,,0000,1.0,108.56999969482422,00,1,neowise,10.804,0.02,9.71,0.018,55.5,58.7,9619.0,173.32,9409.3,160.19,AA
256.1723478,60.7418225,57581.98287756,,,,,,,,,0000,1.0,76.60399627685547,00,1,neowise,10.82,0.02,9.717,0.019,55.4,58.4,9484.0,171.18,9345.9,160.14,AA
256.1723281,60.7418063,57580.93463291,,,,,,,,,0000,0.5,73.80899810791016,00,1,neowise,10.792,0.018,9.695,0.016,61.8,69.7,9732.1,157.58,9542.5,136.89,AA
256.1723314,60.7418131,57581.85184699,,,,,,,,,0000,1.0,72.0009994506836,00,1,neowise,10.816,0.019,9.746,0.015,56.9,73.9,9518.3,167.3,9104.2,123.25,AA
256.1723387,60.741809,57584.07923988,,,,,,,,,0000,1.0,87.00700378417969,00,1,neowise,10.802,0.018,9.743,0.017,59.8,62.6,9636.3,161.16,9123.7,145.85,AA
256.1723875,60.7418155,58670.824927,,,,,,,,,0000,1.0,72.37300109863281,00,1,neowise,10.768,0.017,9.743,0.015,65.3,70.7,9933.0,152.2,9128.5,129.1,AA
256.1723625,60.7418237,58672.13268605,,,,,,,,,0000,1.0,87.91300201416016,00,1,neowise,10.768,0.016,9.709,0.015,69.7,70.2,9938.3,142.53,9413.8,134.05,AA
256.1723823,60.7418213,58672.39487441,,,,,,,,,0000,1.0,119.48799896240234,00,1,neowise,10.759,0.018,9.735,0.016,61.4,66.2,10019.0,163.07,9190.2,138.74,AA
256.1723695,60.7418382,58672.7873292,,,,,,,,,0000,0.5,73.65799713134766,00,1,neowise,10.779,0.016,9.78,0.016,66.3,67.1,9831.6,148.4,8817.9,131.45,AA
256.1723703,60.7418008,58670.56273865,,,,,,,,,0000,1.0,99.44100189208984,00,1,neowise,10.757,0.02,9.761,0.016,55.5,67.9,10037.0,180.71,8974.8,132.13,AA
256.1724144,60.7417644,58670.69415111,,,,,,,,,0000,1.0,83.14900207519531,00,1,neowise,10.785,0.02,9.741,0.017,53.0,64.7,9781.8,184.66,9141.9,141.4,AA
256.1723917,60.7417965,58671.21687253,,,,,,,,,0000,1.0,100.85399627685547,00,1,neowise,10.765,0.017,9.722,0.016,64.4,69.0,9959.1,154.65,9298.7,134.67,AA
256.1723948,60.7417865,58671.47906147,,,,,,,,,0000,0.5,110.99400329589844,00,1,neowise,10.759,0.015,9.727,0.017,72.3,63.1,10022.0,138.57,9257.1,146.77,AA
256.1723865,60.7417943,58671.60983727,,,,,,,,,0000,1.0,94.79900360107422,00,1,neowise,10.767,0.018,9.743,0.017,60.8,63.7,9940.1,163.6,9123.0,143.29,AA
256.1723943,60.7418011,58671.74074043,,,,,,,,,0000,1.0,77.80899810791016,00,1,neowise,10.787,0.017,9.74,0.017,65.7,64.4,9761.5,148.61,9152.0,142.22,AA
256.1723785,60.7418128,58670.95570285,,,,,,,,,0000,1.0,73.10700225830078,00,1,neowise,10.751,0.017,9.73,0.016,62.6,66.3,10095.0,161.3,9234.4,139.26,AA
256.1724371,60.7417993,58671.0866061,,,,,,,,,0000,1.0,84.15799713134766,00,1,neowise,10.782,0.017,9.718,0.017,63.3,63.7,9809.4,154.93,9339.8,146.61,AA
256.1723719,60.7418075,58672.2639712,,,,,,,,,0000,0.5,108.77999877929688,00,1,neowise,10.789,0.02,9.743,0.016,55.4,68.9,9742.1,175.72,9123.9,132.34,AA
256.1723722,60.7418083,58672.65655331,,,,,,,,,0000,0.5,87.97899627685547,00,1,neowise,10.76,0.019,9.716,0.015,57.7,71.9,10005.0,173.5,9351.6,130.1,AA
256.1724147,60.7418056,58672.91810505,,,,,,,,,0000,1.0,71.927001953125,00,1,neowise,10.796,0.018,9.743,0.015,59.2,71.8,9683.4,163.59,9123.2,127.15,AA
256.1723615,60.741801,58671.34828501,,,,,,,,,0000,1.0,117.74099731445312,00,1,neowise,10.776,0.017,9.723,0.018,64.6,60.1,9861.7,152.55,9295.1,154.76,AA
256.1723586,60.7418074,58671.87151631,,,,,,,,,0000,1.0,71.81300354003906,00,1,neowise,10.778,0.016,9.738,0.018,67.3,61.5,9845.2,146.33,9162.7,149.07,AA
256.1723386,60.7417572,58672.91823241,,,,,,,,,0000,1.0,72.6760025024414,00,1,neowise,10.769,0.021,9.726,0.016,50.9,67.1,9925.6,195.17,9271.2,138.23,AA
256.172345,60.741806,58675.27258014,,,,,,,,,0000,0.5,109.85099792480469,00,1,neowise,10.772,0.017,9.725,0.015,65.5,71.7,9901.9,151.1,9277.4,129.42,AA
256.1723332,60.7418128,58672.00241953,,,,,,,,,0000,1.0,75.60299682617188,00,1,neowise,10.789,0.016,9.761,0.016,66.0,66.4,9747.3,147.73,8976.3,135.21,AA
256.172371,60.7418159,59604.04137144,,,,,,,,,0000,1.0,112.73300170898438,00,1,neowise,10.692,0.018,9.64,0.016,59.6,68.5,10660.0,178.8,10032.0,146.54,AA
256.1723664,60.741812,59605.34836902,,,,,,,,,0000,1.0,68.74400329589844,00,1,neowise,10.713,0.016,9.666,0.015,68.2,74.7,10451.0,153.15,9791.2,131.06,AA
256.1724039,60.7418193,59606.26291082,,,,,,,,,0000,1.0,80.25700378417969,00,1,neowise,10.702,0.016,9.658,0.017,68.6,62.8,10562.0,154.04,9871.8,157.13,AA
256.1723743,60.7418271,59606.39355965,,,,,,,,,0000,1.0,65.05999755859375,00,1,neowise,10.71,0.016,9.672,0.015,70.0,71.0,10476.0,149.7,9743.9,137.21,AA
256.1723644,60.7418163,59606.65485729,,,,,,,,,0000,1.0,77.83000183105469,00,1,neowise,10.694,0.016,9.665,0.015,67.4,73.9,10632.0,157.82,9803.0,132.64,AA
256.1723806,60.741835,59606.78550613,,,,,,,,,0000,1.0,99.5770034790039,00,1,neowise,10.698,0.016,9.641,0.017,66.9,62.2,10601.0,158.41,10024.0,161.02,AA
256.1723865,60.7418283,59606.91615498,,,,,,,,,0000,1.0,123.23300170898438,00,1,neowise,10.688,0.017,9.686,0.017,64.3,64.9,10690.0,166.19,9616.0,148.17,AA
256.1723717,60.7418204,59607.04680439,,,,,,,,,0000,1.0,110.14900207519531,00,1,neowise,10.689,0.016,9.647,0.016,67.0,68.7,10684.0,159.46,9964.7,145.01,AA
256.1723835,60.7418292,59608.09199502,,,,,,,,,0000,1.0,102.27100372314453,00,1,neowise,10.663,0.019,9.692,0.017,58.1,65.1,10939.0,188.37,9562.6,146.92,AA
256.1723649,60.7418124,59608.4839414,,,,,,,,,0000,1.0,64.4729995727539,00,1,neowise,10.757,0.019,9.663,0.015,56.8,70.7,10040.0,176.79,9818.4,138.8,AA
256.1723703,60.7418306,59608.61459024,,,,,,,,,0000,1.0,72.24700164794922,00,1,neowise,10.7,0.019,9.646,0.016,58.1,67.1,10580.0,182.07,9981.6,148.8,AA
256.1723854,60.7418231,59608.87588788,,,,,,,,,0000,1.0,116.68000030517578,00,1,neowise,10.696,0.019,9.649,0.015,57.9,73.4,10615.0,183.28,9945.2,135.54,AA
256.1723844,60.7418194,59609.00653672,,,,,,,,,0000,1.0,117.48200225830078,00,1,neowise,10.681,0.018,9.662,0.014,59.8,75.3,10763.0,179.94,9828.6,130.54,AA
256.1723958,60.7418002,59607.43875081,,,,,,,,,0000,1.0,64.02200317382812,00,1,neowise,10.71,0.02,9.638,0.014,54.5,75.9,10483.0,192.46,10051.0,132.47,AA
256.172383,60.7418097,59604.30266903,,,,,,,,,0000,1.0,76.83599853515625,00,1,neowise,10.672,0.018,9.672,0.018,61.7,59.6,10849.0,175.78,9745.0,163.58,AA
256.172408,60.7418162,59605.21772023,,,,,,,,,0000,1.0,86.53900146484375,00,1,neowise,10.697,0.016,9.678,0.015,68.2,74.6,10609.0,155.57,9690.2,129.86,AA
256.1724308,60.7418081,59605.47901786,,,,,,,,,0000,1.0,64.73999786376953,00,1,neowise,10.7,0.016,9.667,0.015,67.1,70.7,10581.0,157.62,9784.8,138.32,AA
256.1724456,60.7417934,59605.6096667,,,,,,,,,0000,1.0,71.83999633789062,00,1,neowise,10.69,0.016,9.673,0.015,67.5,71.3,10674.0,158.14,9734.4,136.56,AA
256.1724411,60.7418103,59605.7403155,,,,,,,,,0000,1.0,91.26300048828125,00,1,neowise,10.705,0.015,9.671,0.015,70.8,73.6,10528.0,148.63,9751.9,132.42,AA
256.1724423,60.7418052,59605.87096439,,,,,,,,,0000,0.5,115.58799743652344,00,1,neowise,10.703,0.015,9.667,0.016,73.4,68.8,10548.0,143.78,9781.5,142.17,AA
256.1724438,60.7417921,59606.00161318,,,,,,,,,0000,1.0,118.5510025024414,00,1,neowise,10.689,0.015,9.669,0.016,72.0,68.6,10684.0,148.38,9766.0,142.29,AA
256.172425,60.7417952,59606.13226207,,,,,,,,,0000,1.0,96.33699798583984,00,1,neowise,10.696,0.015,9.668,0.017,71.7,65.6,10612.0,147.95,9781.3,149.02,AA
256.1724171,60.7418079,59607.30810198,,,,,,,,,0000,1.0,73.49500274658203,00,1,neowise,10.693,0.017,9.653,0.014,64.8,77.8,10645.0,164.25,9914.6,127.38,AA
256.1724221,60.7418083,59607.56939961,,,,,,,,,0000,1.0,67.62899780273438,00,1,neowise,10.675,0.017,9.645,0.014,63.0,75.2,10820.0,171.67,9990.1,132.91,AA
256.1724275,60.7418063,59607.70004845,,,,,,,,,0000,1.0,84.41200256347656,00,1,neowise,10.711,0.02,9.636,0.015,55.6,70.3,10469.0,188.27,10069.0,143.16,AA
256.1724423,60.7418051,59607.83069725,,,,,,,,,0000,1.0,108.21099853515625,00,1,neowise,10.69,0.017,9.655,0.014,62.8,76.0,10678.0,169.92,9894.5,130.12,AA
256.1724145,60.7418095,59607.96134613,,,,,,,,,0000,1.0,126.16799926757812,00,1,neowise,10.695,0.017,9.647,0.014,62.3,76.0,10625.0,170.44,9970.3,131.11,AA
256.1724108,60.7418112,59608.22264377,,,,,,,,,0000,1.0,85.67500305175781,00,1,neowise,10.685,0.018,9.658,0.016,59.6,69.2,10720.0,179.8,9863.5,142.62,AA
256.172404,60.741813,59608.3532926,,,,,,,,,0000,0.5,67.91300201416016,00,1,neowise,10.687,0.018,9.681,0.017,60.7,64.3,10699.0,176.23,9660.4,150.3,AA
256.1724377,60.7418154,59608.74523904,,,,,,,,,0000,1.0,92.11100006103516,00,1,neowise,10.703,0.018,9.659,0.016,59.6,68.1,10546.0,176.8,9855.9,144.74,AA
256.1723584,60.7418168,60134.14188527,,,,,,,,,0000,0.5,90.93299865722656,00,1,neowise,10.718,0.016,9.663,0.018,69.0,59.8,10403.0,150.71,9818.2,164.13,AA
256.1723603,60.7418358,60134.79041661,,,,,,,,,0000,1.0,71.80500030517578,00,1,neowise,10.713,0.015,9.691,0.015,70.3,73.9,10449.0,148.66,9575.6,129.56,AA
256.1724437,60.7417883,60134.01212801,,,,,,,,,0000,1.0,74.8290023803711,00,1,neowise,10.737,0.016,9.73,0.016,67.5,66.9,10224.0,151.58,9233.9,137.95,AA
256.1723675,60.7418076,60134.6606594,,,,,,,,,0000,1.0,86.44999694824219,00,1,neowise,10.724,0.016,9.685,0.015,66.2,71.8,10348.0,156.23,9626.9,133.99,AA
256.1723849,60.7418129,60133.62298367,,,,,,,,,0000,1.0,92.14199829101562,00,1,neowise,10.723,0.016,9.723,0.017,67.8,62.7,10352.0,152.71,9295.4,148.24,AA
256.1724029,60.7418139,60133.75274087,,,,,,,,,0000,1.0,75.1760025024414,00,1,neowise,10.7,0.017,9.683,0.017,65.7,63.6,10581.0,161.05,9643.1,151.55,AA
256.1724134,60.7418005,60133.88237075,,,,,,,,,0000,1.0,70.08799743652344,00,1,neowise,10.721,0.018,9.669,0.017,58.9,64.4,10375.0,176.12,9767.2,151.57,AA
256.1723991,60.7418153,60134.40127226,,,,,,,,,0000,1.0,120.90899658203125,00,1,neowise,10.684,0.016,9.742,0.016,68.3,66.1,10738.0,157.27,9132.6,138.25,AA
256.1723787,60.741811,60135.30982812,,,,,,,,,0000,0.5,114.64199829101562,00,1,neowise,10.701,0.015,9.684,0.015,71.0,72.9,10566.0,148.82,9634.2,132.22,AA
256.1723679,60.7417846,60135.43958538,,,,,,,,,0000,1.0,115.0989990234375,00,1,neowise,10.721,0.016,9.68,0.016,67.0,69.5,10374.0,154.88,9669.1,139.13,AA
256.1722822,60.7418264,60134.27151506,,,,,,,,,0000,0.5,110.6510009765625,00,1,neowise,10.73,0.015,9.693,0.016,70.0,69.3,10291.0,146.92,9553.2,137.94,AA
256.1724168,60.7418291,57419.40532079,,,,,,,,,0000,1.0,68.1240005493164,00,1,neowise,10.766,0.02,9.716,0.018,54.8,61.6,9968.0,182.0,9338.1,151.5,AA
256.1723935,60.7418272,57414.55411043,,,,,,,,,0000,1.0,74.1520004272461,00,1,neowise,10.816,0.018,9.726,0.015,60.8,71.4,9512.2,156.5,9250.7,129.63,AA
256.172415,60.7418256,57414.68526899,,,,,,,,,0000,1.0,90.15899658203125,00,1,neowise,10.783,0.022,9.693,0.016,49.2,68.9,9806.9,199.38,9530.5,138.29,AA
256.1723462,60.7418518,57414.81630013,,,,,,,,,0000,1.0,110.45700073242188,00,1,neowise,10.802,0.019,9.868,0.018,57.0,59.5,9641.4,169.17,8116.2,136.32,AA
256.1724209,60.741835,57414.94745869,,,,,,,,,0000,1.0,121.0479965209961,00,1,neowise,10.764,0.021,9.712,0.017,52.5,64.7,9980.3,189.96,9372.6,144.83,AA
256.1723898,60.7418248,57415.07861725,,,,,,,,,0000,1.0,102.22000122070312,00,1,neowise,10.8,0.021,9.752,0.022,52.1,50.3,9658.6,185.34,9032.5,179.68,AA
256.1724332,60.7418295,57415.34080685,,,,,,,,,0000,1.0,71.26300048828125,00,1,neowise,10.791,0.017,9.749,0.014,64.4,78.2,9740.8,151.35,9054.8,115.81,AA
256.1724067,60.7418315,57415.47196536,,,,,,,,,0000,1.0,70.1760025024414,00,1,neowise,10.787,0.02,9.732,0.016,55.5,68.7,9771.5,175.97,9194.2,133.78,AA
256.1723829,60.7418238,57415.60299655,,,,,,,,,0000,1.0,79.05999755859375,00,1,neowise,10.784,0.017,9.745,0.014,64.8,77.4,9801.2,151.16,9091.0,117.44,AA
256.1724145,60.7417932,57414.42295187,,,,,,,,,0000,1.0,70.10800170898438,00,1,neowise,10.86,0.021,9.696,0.015,51.0,72.7,9141.8,179.09,9505.1,130.78,AA
256.1723636,60.7418059,57415.20964839,,,,,,,,,0000,0.5,86.01100158691406,00,1,neowise,10.785,0.018,9.642,0.016,59.7,68.6,9795.4,164.12,9989.3,145.69,AA
256.1723819,60.7418094,57419.01197243,,,,,,,,,0000,1.0,111.12899780273438,00,1,neowise,10.777,0.021,9.707,0.015,51.2,70.6,9863.8,192.73,9410.7,133.38,AA
256.1724252,60.7418082,57419.27416222,,,,,,,,,0000,1.0,76.1760025024414,00,1,neowise,10.801,0.017,9.721,0.014,63.8,75.8,9649.8,151.34,9287.7,122.6,AA
256.1724348,60.7418204,57414.29192064,,,,,,,,,0000,1.0,75.40299987792969,00,1,neowise,10.798,0.018,9.749,0.016,59.8,68.1,9676.0,161.82,9055.7,132.92,AA
256.17244,60.7418212,57415.7341551,,,,,,,,,0000,1.0,97.58499908447266,00,1,neowise,10.782,0.019,9.724,0.015,55.8,70.3,9819.4,176.13,9264.2,131.77,AA
256.1723549,60.7417983,57419.40519346,,,,,,,,,0000,1.0,68.84300231933594,00,1,neowise,10.839,0.019,9.734,0.016,56.0,67.5,9314.0,166.27,9184.5,135.99,AA
256.1723779,60.7418153,57944.68512709,,,,,,,,,0000,1.0,81.05599975585938,00,1,neowise,10.813,0.017,9.72,0.016,63.7,69.6,9534.2,149.57,9320.8,133.94,AA
256.1723635,60.7418131,57945.2088615,,,,,,,,,0000,1.0,103.44499969482422,00,1,neowise,10.8,0.021,9.75,0.017,50.8,65.4,9649.0,189.95,9069.7,138.73,AA
256.1723787,60.7418004,57944.29229005,,,,,,,,,0000,0.5,115.44999694824219,00,1,neowise,10.807,0.018,9.751,0.02,62.0,55.5,9583.2,154.63,9058.3,163.29,AA
256.1723728,60.7417966,57944.55409653,,,,,,,,,0000,1.0,98.34700012207031,00,1,neowise,10.794,0.022,9.745,0.016,48.8,66.5,9698.0,198.91,9107.8,137.03,AA
256.1723788,60.7418036,57945.07795839,,,,,,,,,0000,0.5,84.54100036621094,00,1,neowise,10.835,0.019,9.764,0.017,56.7,62.7,9339.7,164.69,8950.6,142.76,AA
256.1724307,60.7418118,57944.42319329,,,,,,,,,0000,1.0,116.11499786376953,00,1,neowise,10.847,0.019,9.681,0.016,56.5,69.1,9237.3,163.42,9663.3,139.94,AA
256.1723293,60.7417934,57943.63764588,,,,,,,,,0000,1.0,87.54900360107422,00,1,neowise,10.824,0.02,9.758,0.017,53.8,64.1,9439.1,175.61,8996.9,140.31,AA
256.1723586,60.7418058,57943.76854912,,,,,,,,,0000,1.0,73.06099700927734,00,1,neowise,10.817,0.018,9.749,0.015,59.9,70.3,9499.1,158.5,9073.4,129.16,AA
256.1723648,60.7417924,57943.89945237,,,,,,,,,0000,1.0,71.3280029296875,00,1,neowise,10.798,0.016,9.755,0.015,65.9,71.9,9668.5,146.62,9021.1,125.46,AA
256.1723631,60.741781,57944.03035567,,,,,,,,,0000,1.0,78.58100128173828,00,1,neowise,10.805,0.022,9.79,0.017,48.8,62.3,9603.8,196.91,8737.0,140.32,AA
256.1723542,60.7417883,57944.16138684,,,,,,,,,0000,0.5,96.44300079345703,00,1,neowise,10.791,0.019,9.745,0.015,57.9,71.7,9725.3,168.01,9110.1,127.07,AA
256.172367,60.7417889,57944.55422384,,,,,,,,,0000,1.0,98.69300079345703,00,1,neowise,10.816,0.021,9.762,0.02,52.3,55.1,9504.2,181.88,8963.5,162.56,AA
256.1723327,60.7417775,57945.47079516,,,,,,,,,0000,1.0,109.01699829101562,00,1,neowise,10.813,0.02,9.765,0.018,53.1,59.3,9527.8,179.54,8944.0,150.95,AA
256.1723522,60.7418133,57944.81603039,,,,,,,,,0000,1.0,70.48300170898438,00,1,neowise,10.777,0.02,9.74,0.015,53.4,71.1,9855.4,184.49,9145.9,128.67,AA
256.1723421,60.7418253,57944.94693363,,,,,,,,,0000,1.0,71.9209976196289,00,1,neowise,10.785,0.02,9.772,0.017,55.4,63.5,9781.7,176.61,8880.5,139.94,AA
256.1723593,60.7418131,57945.33976463,,,,,,,,,0000,1.0,120.21399688720703,00,1,neowise,10.813,0.018,9.738,0.017,60.1,62.9,9527.5,158.65,9163.3,145.77,AA
256.1722713,60.7418315,57945.47066785,,,,,,,,,0000,0.5,108.96099853515625,00,1,neowise,10.819,0.019,9.749,0.015,57.7,72.1,9481.8,164.4,9074.7,125.85,AA
256.1723936,60.7418186,58510.48489111,,,,,,,,,0000,1.0,67.20099639892578,00,1,neowise,10.785,0.02,9.726,0.017,53.9,64.0,9779.6,181.36,9271.4,144.89,AA
256.1724083,60.7418347,58510.61579464,,,,,,,,,0000,1.0,74.12799835205078,00,1,neowise,10.772,0.017,9.727,0.017,62.6,63.4,9901.6,158.1,9259.3,146.0,AA
256.1723766,60.7418451,58511.27056698,,,,,,,,,0000,1.0,78.66000366210938,00,1,neowise,10.78,0.016,9.702,0.016,66.1,67.4,9826.5,148.62,9471.8,140.59,AA
256.1724341,60.7418316,58511.40134319,,,,,,,,,0000,1.0,64.76899719238281,00,1,neowise,10.772,0.018,9.729,0.015,60.7,71.7,9896.3,162.98,9242.4,128.89,AA
256.1724271,60.7418249,58511.40147057,,,,,,,,,0000,1.0,63.99800109863281,00,1,neowise,10.782,0.02,9.708,0.016,55.5,66.6,9807.5,176.59,9426.4,141.53,AA
256.1723897,60.7418257,58511.53224735,,,,,,,,,0000,1.0,65.33999633789062,00,1,neowise,10.791,0.016,9.718,0.017,66.5,65.4,9730.8,146.36,9339.3,142.81,AA
256.1724045,60.7418226,58511.66315079,,,,,,,,,0000,1.0,79.01799774169922,00,1,neowise,10.782,0.017,9.705,0.018,65.1,60.1,9803.3,150.48,9445.6,157.06,AA
256.172342,60.7418544,58511.793927,,,,,,,,,0000,1.0,101.48600006103516,00,1,neowise,10.522,0.019,9.741,0.016,58.4,68.9,12465.0,213.59,9143.1,132.68,AA
256.1723821,60.7418351,58511.79405436,,,,,,,,,0000,1.0,101.64099884033203,00,1,neowise,10.782,0.019,9.724,0.016,58.6,65.9,9808.8,167.36,9281.3,140.91,AA
256.172382,60.7418234,58512.70999709,,,,,,,,,0000,1.0,86.1729965209961,00,1,neowise,10.784,0.018,9.732,0.018,59.6,59.3,9786.0,164.22,9216.0,155.34,AA
256.1723745,60.7418179,58512.84090063,,,,,,,,,0000,1.0,110.64600372314453,00,1,neowise,10.778,0.018,9.737,0.019,59.5,56.0,9842.9,165.3,9177.6,163.76,AA
256.1723689,60.741816,58512.9716769,,,,,,,,,0000,1.0,123.87699890136719,00,1,neowise,10.786,0.019,9.73,0.016,58.5,68.3,9772.6,167.11,9232.9,135.15,AA
256.1724131,60.7418321,58513.10258047,,,,,,,,,0000,1.0,99.947998046875,00,1,neowise,10.766,0.018,9.694,0.015,60.8,71.5,9957.3,163.67,9549.4,133.59,AA
256.1724227,60.7418313,58513.23348396,,,,,,,,,0000,1.0,83.73200225830078,00,1,neowise,10.8,0.021,9.682,0.02,51.1,53.5,9648.8,188.82,9648.5,180.48,AA
256.1723762,60.741832,58513.36426013,,,,,,,,,0000,1.0,66.53600311279297,00,1,neowise,10.778,0.02,9.725,0.015,53.4,73.1,9842.5,184.41,9280.2,127.03,AA
256.1724171,60.7418276,58513.49516366,,,,,,,,,0000,1.0,64.06999969482422,00,1,neowise,10.779,0.018,9.739,0.017,59.7,64.2,9833.9,164.82,9157.5,142.57,AA
256.1723849,60.7418201,58513.62593993,,,,,,,,,0000,1.0,73.97200012207031,00,1,neowise,10.755,0.022,9.712,0.018,48.8,61.6,10053.0,206.19,9392.3,152.36,AA
256.1723834,60.7418282,58513.75684351,,,,,,,,,0000,1.0,94.50800323486328,00,1,neowise,10.764,0.017,9.725,0.016,62.1,69.5,9971.5,160.59,9279.8,133.48,AA
256.172404,60.7418329,58513.88774704,,,,,,,,,0000,1.0,119.32099914550781,00,1,neowise,10.805,0.019,9.743,0.018,57.3,60.0,9599.0,167.64,9125.6,152.17,AA
256.1724416,60.7417864,58512.05573412,,,,,,,,,0000,1.0,107.93299865722656,00,1,neowise,10.784,0.018,9.687,0.017,62.0,65.1,9792.5,157.9,9611.6,147.71,AA
256.1724392,60.7418155,58511.92483053,,,,,,,,,0000,1.0,124.60299682617188,00,1,neowise,10.781,0.017,9.682,0.017,62.7,65.2,9814.7,156.61,9652.2,148.03,AA
256.172408,60.7418089,58512.31741391,,,,,,,,,0000,1.0,71.75399780273438,00,1,neowise,10.756,0.018,9.72,0.017,60.1,62.7,10041.0,167.19,9321.8,148.65,AA
256.1724146,60.7418153,58512.44831749,,,,,,,,,0000,1.0,63.513999938964844,00,1,neowise,10.789,0.018,9.722,0.014,60.2,76.0,9742.5,161.77,9306.0,122.38,AA
256.172392,60.7418088,58512.57909361,,,,,,,,,0000,1.0,68.5770034790039,00,1,neowise,10.754,0.02,9.723,0.016,55.3,66.1,10066.0,181.89,9297.8,140.69,AA
256.1724216,60.7418196,58513.62606725,,,,,,,,,0000,0.5,73.60199737548828,00,1,neowise,10.764,0.021,9.725,0.018,51.7,60.2,9967.6,192.9,9274.3,154.14,AA
256.1724069,60.7418164,58514.0185233,,,,,,,,,0000,1.0,114.9010009765625,00,1,neowise,10.769,0.02,9.701,0.017,53.1,62.7,9925.6,186.76,9485.3,151.29,AA
256.1724538,60.7419465,56686.49057221,,,,,,,,,0000,0.0,73.802001953125,00,1,neowise,11.317,0.018,10.359,0.02,59.6,54.6,6039.7,101.29,5276.7,96.595,AA
256.1724518,60.7418333,56686.09544219,,,,,,,,,0000,0.5,98.61799621582031,00,1,neowise,10.776,0.019,9.72,0.014,58.4,76.6,9938.9,170.17,9498.6,123.96,AA
256.1723869,60.7418264,56689.25749499,,,,,,,,,0000,1.0,76.58699798583984,00,1,neowise,10.771,0.016,9.709,0.017,66.0,63.1,9989.6,151.27,9611.3,152.27,AA
256.1723978,60.7418501,56686.75416211,,,,,,,,,0000,0.5,104.62200164794922,00,1,neowise,10.751,0.015,9.705,0.017,72.3,65.4,10173.0,140.78,9633.5,147.4,AA
256.1724169,60.7418213,56687.41288212,,,,,,,,,0000,1.0,71.95700073242188,00,1,neowise,10.782,0.018,9.71,0.016,61.2,67.7,9887.3,161.44,9589.7,141.72,AA
256.1723752,60.7418303,56687.80813347,,,,,,,,,0000,0.5,112.5469970703125,00,1,neowise,10.783,0.02,9.713,0.016,55.2,69.6,9883.7,179.04,9575.8,137.57,AA
256.172441,60.7418271,56686.35890463,,,,,,,,,0000,0.5,71.60199737548828,00,1,neowise,10.77,0.015,9.766,0.017,72.6,63.8,9995.9,137.75,9110.7,142.9,AA
256.1724104,60.7418231,56689.38928987,,,,,,,,,0000,1.0,70.0780029296875,00,1,neowise,10.787,0.017,9.721,0.015,65.0,70.4,9843.5,151.34,9505.7,135.11,AA
256.1723957,60.741847,56685.43659497,,,,,,,,,0000,0.5,72.61599731445312,00,1,neowise,10.805,0.016,9.73,0.015,67.7,72.1,9683.1,143.13,9417.3,130.63,AA
256.1723845,60.7418242,56687.54467112,,,,,,,,,0000,1.0,76.84500122070312,00,1,neowise,10.774,0.016,9.744,0.015,66.4,72.2,9963.1,150.01,9292.7,128.73,AA
256.1723966,60.741837,56685.8318523,,,,,,,,,0000,0.5,114.67500305175781,00,1,neowise,10.785,0.015,9.727,0.014,70.6,75.8,9855.5,139.56,9438.5,124.54,AA
256.1724048,60.7418216,56685.70005735,,,,,,,,,0000,1.0,96.51699829101562,00,1,neowise,10.786,0.016,9.709,0.015,67.7,71.2,9854.3,145.48,9602.0,134.88,AA
256.1723778,60.7418271,56688.73044279,,,,,,,,,0000,1.0,101.25199890136719,00,1,neowise,10.775,0.018,9.727,0.015,62.0,73.9,9955.6,160.67,9450.6,127.93,AA
256.1724059,60.7418458,56688.86223767,,,,,,,,,0000,0.5,118.85299682617188,00,1,neowise,10.802,0.016,9.745,0.016,67.2,69.0,9712.0,144.57,9295.5,134.74,AA
256.1724141,60.7417957,56688.99403255,,,,,,,,,0000,0.5,110.68399810791016,00,1,neowise,10.795,0.02,9.687,0.019,55.3,55.8,9773.4,176.6,9803.7,175.62,AA
256.172408,60.7418092,56688.59877532,,,,,,,,,0000,1.0,82.34200286865234,00,1,neowise,10.774,0.017,9.717,0.015,62.8,72.1,9964.3,158.64,9534.7,132.23,AA
256.1724155,60.7418152,56686.88595705,,,,,,,,,0000,1.0,120.0479965209961,00,1,neowise,10.796,0.017,9.747,0.016,64.3,68.5,9759.3,151.79,9270.6,135.28,AA
256.1724665,60.7417946,56686.09531487,,,,,,,,,0000,1.0,99.3010025024414,00,1,neowise,10.755,0.018,9.728,0.015,60.2,72.6,10131.0,168.26,9430.2,129.87,AA
256.1724213,60.7418201,56687.28121448,,,,,,,,,0000,0.5,75.177001953125,00,1,neowise,10.786,0.016,9.724,0.014,68.1,76.8,9852.9,144.72,9468.1,123.33,AA
256.1724375,60.7418086,56685.96364725,,,,,,,,,0000,0.5,115.89600372314453,00,1,neowise,10.769,0.016,9.729,0.014,68.3,77.4,10008.0,146.5,9425.4,121.83,AA
256.1724422,60.7418138,56688.20351806,,,,,,,,,0000,1.0,83.23500061035156,00,1,neowise,10.77,0.016,9.729,0.015,66.5,73.5,10003.0,150.36,9430.9,128.3,AA
256.1724623,60.7418015,56688.07172318,,,,,,,,,0000,0.5,100.7760009765625,00,1,neowise,10.779,0.016,9.716,0.016,69.3,65.8,9914.0,143.15,9543.5,144.98,AA
256.1724952,60.7417837,56687.80826083,,,,,,,,,0000,0.5,112.96499633789062,00,1,neowise,10.795,0.018,9.747,0.016,60.6,66.9,9772.4,161.15,9276.1,138.72,AA
256.1724198,60.7418161,56688.33518557,,,,,,,,,0000,1.0,71.43699645996094,00,1,neowise,10.78,0.017,9.712,0.015,63.6,73.6,9906.1,155.87,9582.4,130.15,AA
256.1724061,60.7418151,56687.01762464,,,,,,,,,0000,1.0,108.22899627685547,00,1,neowise,10.78,0.017,9.73,0.015,62.3,71.7,9902.9,159.03,9412.6,131.22,AA
256.172463,60.7417954,56686.22710978,,,,,,,,,0000,0.5,81.20500183105469,00,1,neowise,10.779,0.015,9.696,0.017,74.2,62.9,9913.8,133.54,9716.8,154.38,AA
256.1724009,60.7418149,56686.62236716,,,,,,,,,0000,0.5,85.79299926757812,00,1,neowise,10.77,0.015,9.732,0.016,72.8,68.6,9996.7,137.32,9398.4,136.99,AA
256.1724546,60.7418182,56687.9399283,,,,,,,,,0000,0.5,118.63300323486328,00,1,neowise,10.777,0.017,9.72,0.014,64.7,75.1,9937.8,153.51,9510.8,126.58,AA
256.1724204,60.741806,56685.56838977,,,,,,,,,0000,0.5,79.34200286865234,00,1,neowise,10.749,0.017,9.716,0.015,64.4,72.8,10188.0,158.3,9541.5,130.98,AA
256.1724729,60.7418072,56687.67646596,,,,,,,,,0000,1.0,93.16899871826172,00,1,neowise,10.764,0.016,9.721,0.016,69.9,69.9,10056.0,143.95,9502.2,135.92,AA
256.1723468,60.7418116,56689.12570007,,,,,,,,,0000,1.0,94.79199981689453,00,1,neowise,10.796,0.017,9.706,0.017,62.5,64.3,9762.3,156.07,9633.8,149.85,AA
256.1725702,60.7416115,56686.49069957,,,,,,,,,0000,0.0,73.18499755859375,00,2,neowise,11.536,0.029,10.399,0.02,37.1,53.0,4937.2,132.99,5085.8,95.887,AA
256.1724513,60.7418229,56680.95671287,,,,,,,,,0000,0.5,115.4990005493164,00,1,neowise,10.753,0.016,9.716,0.015,69.9,74.5,10158.0,145.34,9539.8,128.13,AA
256.172362,60.741817,57225.60432179,,,,,,,,,0000,1.0,87.56999969482422,00,1,neowise,10.8,0.015,9.743,0.016,70.3,68.5,9643.2,137.22,9134.0,133.3,AA
256.1723667,60.7418219,57228.62209858,,,,,,,,,0000,1.0,84.89399719238281,00,1,neowise,10.793,0.015,9.721,0.015,71.3,74.1,9699.4,136.07,9325.6,125.85,AA
256.1723802,60.7418156,57225.86676478,,,,,,,,,0000,0.5,71.32099914550781,00,1,neowise,10.81,0.017,9.728,0.015,65.2,70.9,9552.0,146.42,9265.4,130.76,AA
256.1723773,60.7418192,57228.49094074,,,,,,,,,0000,0.5,101.68499755859375,00,1,neowise,10.821,0.016,9.737,0.015,66.9,73.8,9453.7,141.39,9190.8,124.52,AA
256.172358,60.7418235,57224.94827792,,,,,,,,,0000,1.0,74.28700256347656,00,1,neowise,10.781,0.016,9.749,0.015,67.6,72.9,9811.0,145.11,9087.5,124.62,AA
256.1723762,60.7418211,57228.35965559,,,,,,,,,0000,1.0,120.74299621582031,00,1,neowise,10.808,0.016,9.72,0.015,66.8,72.5,9572.2,143.22,9332.5,128.67,AA
256.1723693,60.7418226,57225.473164,,,,,,,,,0000,0.5,104.24099731445312,00,1,neowise,10.805,0.016,9.754,0.015,68.0,73.6,9599.1,141.2,9049.5,122.93,AA
256.1723843,60.741799,57227.96605485,,,,,,,,,0000,1.0,74.71600341796875,00,1,neowise,10.77,0.02,9.731,0.015,55.6,72.6,9907.7,178.15,9238.5,127.32,AA
256.1724338,60.7417911,57225.99792267,,,,,,,,,0000,0.5,78.46800231933594,00,1,neowise,10.789,0.015,9.731,0.015,70.3,74.0,9742.1,138.49,9241.8,124.86,AA
256.1724091,60.7417968,57224.55467705,,,,,,,,,0000,1.0,94.97100067138672,00,1,neowise,10.802,0.015,9.74,0.015,70.1,70.2,9623.5,137.34,9161.9,130.52,AA
256.1723632,60.7418086,57225.3418788,,,,,,,,,0000,1.0,120.6719970703125,00,1,neowise,10.811,0.016,9.712,0.016,66.4,67.5,9546.0,143.8,9400.8,139.29,AA
256.1723723,60.7417881,57224.68596225,,,,,,,,,0000,1.0,77.44999694824219,00,1,neowise,10.82,0.021,9.737,0.025,50.8,43.9,9463.1,186.24,9191.2,209.23,AA
256.1723691,60.7418038,57224.81712003,,,,,,,,,0000,1.0,71.00599670410156,00,1,neowise,10.793,0.015,9.737,0.017,73.0,63.4,9699.2,132.95,9185.7,144.86,AA
256.1724101,60.7418116,57224.68583484,,,,,,,,,0000,1.0,77.08999633789062,00,1,neowise,10.779,0.018,9.725,0.016,60.5,66.0,9825.0,162.38,9288.4,140.67,AA
256.1724034,60.7418073,57229.01569946,,,,,,,,,0000,1.0,79.64099884033203,00,1,neowise,10.802,0.016,9.751,0.015,69.3,71.1,9619.9,138.83,9069.5,127.62,AA
256.1724072,60.7418123,57228.88454162,,,,,,,,,0000,0.5,70.54900360107422,00,1,neowise,10.804,0.016,9.738,0.015,69.3,72.9,9605.6,138.53,9177.0,125.84,AA
256.1723601,60.7418071,57228.2284978,,,,,,,,,0000,1.0,111.56700134277344,00,1,neowise,10.798,0.015,9.735,0.016,72.2,68.2,9655.2,133.72,9207.4,135.09,AA
256.172364,60.741797,57228.09734005,,,,,,,,,0000,1.0,91.447998046875,00,1,neowise,10.8,0.017,9.731,0.017,62.5,64.8,9636.8,154.24,9237.9,142.66,AA
256.1723299,60.7418227,57225.73547963,,,,,,,,,0000,1.0,72.4469985961914,00,1,neowise,10.798,0.017,9.711,0.016,64.3,67.0,9658.4,150.28,9409.9,140.35,AA
256.1723251,60.7418167,57228.75338373,,,,,,,,,0000,1.0,71.16899871826172,00,1,neowise,10.779,0.022,9.725,0.016,50.0,68.2,9828.7,196.74,9291.5,136.16,AA
256.1722879,60.7418115,57225.21072096,,,,,,,,,0000,0.5,108.95099639892578,00,1,neowise,10.799,0.015,9.756,0.015,73.3,70.1,9650.8,131.74,9026.9,128.75,AA
256.172336,60.7418083,57225.07956313,,,,,,,,,0000,1.0,89.68800354003906,00,1,neowise,10.797,0.016,9.75,0.015,67.8,70.9,9671.1,142.55,9077.0,128.06,AA
256.1723809,60.7418168,57946.12543837,,,,,,,,,0000,1.0,90.63999938964844,00,1,neowise,10.796,0.017,9.798,0.017,65.1,62.9,9677.6,148.57,8675.0,137.9,AA
256.1723902,60.7418213,57947.17291916,,,,,,,,,0000,0.5,97.52899932861328,00,1,neowise,10.817,0.016,9.759,0.014,67.9,75.9,9497.2,139.86,8991.6,118.46,AA
256.1723687,60.7418259,57947.56575594,,,,,,,,,0000,1.0,96.83300018310547,00,1,neowise,10.806,0.016,9.747,0.014,67.6,75.0,9589.8,141.96,9092.9,121.23,AA
256.1723855,60.7418234,57947.69665906,,,,,,,,,0000,1.0,79.19300079345703,00,1,neowise,10.806,0.016,9.746,0.016,68.5,66.5,9589.0,139.99,9099.0,136.81,AA
256.1723741,60.7418246,57947.9585928,,,,,,,,,0000,1.0,71.94400024414062,00,1,neowise,10.825,0.016,9.748,0.016,66.7,66.8,9429.9,141.46,9080.8,135.99,AA
256.1723688,60.7418427,57948.08949602,,,,,,,,,0000,1.0,85.20099639892578,00,1,neowise,10.808,0.017,9.773,0.015,64.7,70.7,9578.4,148.1,8875.8,125.48,AA
256.1723574,60.7418306,57948.22039914,,,,,,,,,0000,1.0,105.00399780273438,00,1,neowise,10.789,0.017,9.738,0.016,63.8,67.1,9745.7,152.66,9162.7,136.59,AA
256.1724011,60.7417961,57946.64917846,,,,,,,,,0000,1.0,85.80799865722656,00,1,neowise,10.794,0.016,9.728,0.016,67.8,67.9,9695.8,142.99,9253.5,136.34,AA
256.1723739,60.7417934,57946.91111221,,,,,,,,,0000,1.0,70.97200012207031,00,1,neowise,10.826,0.02,9.73,0.017,55.1,62.4,9414.9,170.89,9237.8,148.08,AA
256.1723886,60.7417964,57947.04201595,,,,,,,,,0000,1.0,79.43900299072266,00,1,neowise,10.81,0.016,9.759,0.016,69.3,66.3,9557.7,137.97,8986.9,135.52,AA
256.172407,60.7417968,57948.35142963,,,,,,,,,0000,1.0,121.38700103759766,00,1,neowise,10.803,0.018,9.765,0.015,59.7,70.3,9619.0,161.0,8940.7,127.27,AA
256.172386,60.7418112,57946.38724476,,,,,,,,,0000,1.0,121.08300018310547,00,1,neowise,10.814,0.018,9.751,0.015,60.3,73.8,9525.0,157.95,9055.0,122.68,AA
256.1723959,60.7418028,57946.78008162,,,,,,,,,0000,1.0,71.375,00,1,neowise,10.818,0.016,9.732,0.017,66.3,63.9,9487.4,143.14,9218.2,144.2,AA
256.1723887,60.7418035,57947.30382223,,,,,,,,,0000,1.0,117.21199798583984,00,1,neowise,10.795,0.017,9.725,0.015,64.6,71.0,9692.6,149.94,9274.9,130.72,AA
256.1723585,60.7417988,57945.9945352,,,,,,,,,0000,1.0,74.9749984741211,00,1,neowise,10.782,0.018,9.757,0.017,59.2,63.8,9809.3,165.79,9004.0,141.16,AA
256.1723507,60.7418179,57945.60169829,,,,,,,,,0000,1.0,92.92500305175781,00,1,neowise,10.796,0.018,9.733,0.015,61.8,72.6,9678.0,156.7,9212.7,126.93,AA
256.1723268,60.7418503,57945.7326015,,,,,,,,,0000,1.0,75.41200256347656,00,1,neowise,10.788,0.018,9.739,0.014,59.3,75.7,9754.9,164.36,9157.6,121.04,AA
256.172348,60.7418132,57946.25634159,,,,,,,,,0000,1.0,110.7770004272461,00,1,neowise,10.827,0.017,9.759,0.017,65.6,63.7,9412.1,143.42,8989.4,141.16,AA
256.1723462,60.7418175,57947.43485277,,,,,,,,,0000,1.0,114.39299774169922,00,1,neowise,10.813,0.016,9.757,0.015,67.7,72.7,9533.1,140.86,9011.4,123.93,AA
256.1723608,60.74181,57947.82768964,,,,,,,,,0000,1.0,69.84600067138672,00,1,neowise,10.801,0.019,9.728,0.015,56.9,72.5,9641.7,169.39,9247.3,127.51,AA
256.172334,60.741815,57945.86350466,,,,,,,,,0000,1.0,70.18399810791016,00,1,neowise,10.817,0.019,9.749,0.016,57.4,66.1,9492.2,165.42,9073.4,137.18,AA
256.1723984,60.741822,57049.09355272,,,,,,,,,0000,1.0,100.28199768066406,00,1,neowise,10.777,0.015,9.697,0.014,71.0,77.4,9814.5,138.29,9570.1,123.66,AA
256.1724077,60.7418192,57048.17378825,,,,,,,,,0000,0.5,89.9739990234375,00,1,neowise,10.783,0.015,9.729,0.015,70.9,71.1,9762.4,137.77,9293.2,130.7,AA
256.1724476,60.7418302,57048.3052012,,,,,,,,,0000,1.0,74.73100280761719,00,1,neowise,10.782,0.016,9.729,0.014,69.4,76.8,9773.7,140.82,9299.3,121.04,AA
256.172386,60.7418415,57049.22496572,,,,,,,,,0000,1.0,82.72599792480469,00,1,neowise,10.774,0.015,9.714,0.017,74.6,62.6,9844.7,131.97,9421.6,150.62,AA
256.1723781,60.7418334,57048.04237521,,,,,,,,,0000,1.0,106.85900115966797,00,1,neowise,10.774,0.016,9.757,0.015,68.0,72.7,9845.0,144.86,9061.6,124.68,AA
256.1724011,60.7418227,57049.35637872,,,,,,,,,0000,0.5,71.41200256347656,00,1,neowise,10.775,0.016,9.718,0.014,69.5,75.0,9840.0,141.53,9389.8,125.27,AA
256.1724216,60.7418223,57047.9108348,,,,,,,,,0000,1.0,119.12200164794922,00,1,neowise,10.804,0.016,9.725,0.015,69.1,72.0,9578.7,138.7,9330.5,129.64,AA
256.1724367,60.7418242,57048.43661425,,,,,,,,,0000,0.5,71.9540023803711,00,1,neowise,10.776,0.015,9.718,0.015,70.2,72.4,9822.8,139.98,9387.3,129.68,AA
256.1724482,60.7418007,57048.83072663,,,,,,,,,0000,1.0,113.35600280761719,00,1,neowise,10.784,0.017,9.726,0.015,62.8,74.0,9758.2,155.49,9324.0,125.98,AA
256.1724503,60.7418164,57048.69944034,,,,,,,,,0000,0.5,94.74500274658203,00,1,neowise,10.761,0.016,9.727,0.015,66.3,72.3,9960.6,150.31,9314.3,128.82,AA
256.1724306,60.7418076,57048.96213963,,,,,,,,,0000,1.0,117.45800018310547,00,1,neowise,10.788,0.015,9.726,0.018,73.0,60.9,9715.9,133.05,9317.7,152.89,AA
256.172449,60.7418194,57048.56802729,,,,,,,,,0000,1.0,77.9729995727539,00,1,neowise,10.774,0.016,9.689,0.015,66.9,70.6,9842.0,147.11,9644.2,136.6,AA
256.1723453,60.7418014,58304.29448656,,,,,,,,,0000,1.0,114.0270004272461,00,1,neowise,10.795,0.018,9.741,0.016,60.4,67.6,9689.9,160.32,9137.9,135.16,AA
256.1723413,60.741821,58304.03268023,,,,,,,,,0000,0.5,77.66400146484375,00,1,neowise,10.801,0.02,9.768,0.016,55.1,66.1,9635.5,174.76,8913.5,134.77,AA
256.1723411,60.7418238,58304.16358343,,,,,,,,,0000,0.5,94.76200103759766,00,1,neowise,10.791,0.017,9.798,0.014,65.4,78.5,9724.0,148.68,8677.0,110.58,AA
256.1723801,60.7418321,59241.58095935,,,,,,,,,0000,1.0,69.6240005493164,00,1,neowise,10.729,0.018,9.666,0.017,60.8,63.9,10301.0,169.52,9797.4,153.22,AA
256.1723899,60.7418482,59241.71173551,,,,,,,,,0000,1.0,86.18199920654297,00,1,neowise,10.694,0.021,9.682,0.016,50.9,67.4,10633.0,208.81,9654.9,143.32,AA
256.1723573,60.7418303,59241.84238435,,,,,,,,,0000,1.0,108.71600341796875,00,1,neowise,10.706,0.019,9.675,0.016,57.3,66.0,10520.0,183.58,9716.1,147.22,AA
256.1723958,60.741829,59241.9731605,,,,,,,,,0000,1.0,125.00900268554688,00,1,neowise,10.696,0.02,9.666,0.015,55.6,74.4,10619.0,190.83,9796.8,131.73,AA
256.1724009,60.7418516,59242.1039367,,,,,,,,,0000,1.0,102.71600341796875,00,1,neowise,10.701,0.016,9.709,0.016,66.5,68.3,10571.0,158.98,9411.8,137.82,AA
256.1724192,60.741826,59242.36548887,,,,,,,,,0000,1.0,69.07599639892578,00,1,neowise,10.7,0.019,9.695,0.015,56.7,72.4,10575.0,186.57,9532.5,131.67,AA
256.1723858,60.7418301,59242.49626502,,,,,,,,,0000,1.0,66.55400085449219,00,1,neowise,10.715,0.018,9.681,0.018,59.2,60.7,10430.0,176.29,9664.4,159.11,AA
256.1724247,60.7418465,59242.6270417,,,,,,,,,0000,1.0,74.33799743652344,00,1,neowise,10.723,0.021,9.68,0.017,52.5,62.9,10352.0,197.27,9672.0,153.82,AA
256.1724115,60.7418006,59241.71160815,,,,,,,,,0000,1.0,86.31999969482422,00,1,neowise,10.728,0.02,9.663,0.016,53.3,68.3,10310.0,193.48,9818.5,143.77,AA
256.1723966,60.7418107,59242.23471281,,,,,,,,,0000,0.5,86.61299896240234,00,1,neowise,10.726,0.017,9.685,0.017,62.2,63.8,10324.0,165.88,9629.1,150.96,AA
256.1723694,60.7418109,59242.62691439,,,,,,,,,0000,1.0,74.73200225830078,00,1,neowise,10.708,0.02,9.673,0.017,53.8,65.6,10496.0,195.24,9728.2,148.36,AA
256.1723701,60.7417952,59763.65203363,,,,,,,,,0000,1.0,88.28299713134766,00,1,neowise,10.731,0.017,9.693,0.015,63.3,72.9,10281.0,162.32,9551.1,131.03,AA
256.1723214,60.7417923,59763.91294876,,,,,,,,,0000,1.0,74.23799896240234,00,1,neowise,10.696,0.016,9.689,0.017,66.5,64.8,10612.0,159.63,9591.9,148.12,AA
256.1723441,60.741832,59763.78255485,,,,,,,,,0000,1.0,75.59700012207031,00,1,neowise,10.709,0.019,9.697,0.018,55.9,61.8,10490.0,187.6,9518.1,154.06,AA
256.1723612,60.7418291,58668.33916681,,,,,,,,,0000,0.5,116.77999877929688,00,1,neowise,10.764,0.019,9.666,0.018,55.9,59.0,9975.1,178.39,9792.7,165.92,AA
256.1723815,60.74182,58668.47007001,,,,,,,,,0000,1.0,112.2020034790039,00,1,neowise,10.766,0.018,9.752,0.018,59.2,60.7,9948.8,168.05,9045.7,148.98,AA
256.1723915,60.7418311,58668.73162164,,,,,,,,,0000,0.5,78.89199829101562,00,1,neowise,10.829,0.021,,,52.4,,9393.5,179.36,,,AX
256.1723705,60.7418163,58669.64743516,,,,,,,,,0000,1.0,89.23600006103516,00,1,neowise,10.753,0.019,9.729,0.015,57.2,72.3,10069.0,176.05,9242.1,127.86,AA
256.1723834,60.7417978,58668.20788169,,,,,,,,,0000,0.5,99.88500213623047,00,1,neowise,10.791,0.016,9.749,0.014,65.9,76.8,9726.8,147.57,9070.0,118.05,AA
256.1724155,60.7417843,58668.731749,,,,,,,,,0000,1.0,79.2239990234375,00,1,neowise,10.777,0.022,9.734,0.016,49.3,66.5,9856.1,199.81,9198.6,138.24,AA
256.172369,60.7417995,58669.25498031,,,,,,,,,0000,1.0,107.57599639892578,00,1,neowise,10.768,0.018,9.749,0.017,60.4,64.3,9933.3,164.52,9077.0,141.24,AA
256.172406,60.7417972,58669.38588347,,,,,,,,,0000,1.0,118.69400024414062,00,1,neowise,10.773,0.019,9.731,0.016,58.6,69.1,9885.6,168.61,9227.7,133.51,AA
256.1723625,60.7418076,58670.04001736,,,,,,,,,0000,1.0,79.28299713134766,00,1,neowise,10.791,0.018,9.763,0.017,60.6,63.3,9726.9,160.48,8954.0,141.42,AA
256.1725333,60.7417395,58668.99330131,,,,,,,,,0000,0.5,75.38099670410156,00,1,neowise,10.735,0.019,9.819,0.019,57.9,56.8,10244.0,176.83,8509.1,149.88,AA
256.1723701,60.7418093,58668.8625249,,,,,,,,,0000,1.0,72.80899810791016,00,1,neowise,10.767,0.018,9.735,0.019,60.2,57.5,9947.4,165.27,9188.1,159.82,AA
256.1723618,60.741806,58668.60084584,,,,,,,,,0000,1.0,95.79399871826172,00,1,neowise,10.773,0.016,9.712,0.015,66.5,72.3,9888.6,148.77,9387.8,129.79,AA
256.1723552,60.7417934,58670.43247221,,,,,,,,,0000,1.0,116.65399932861328,00,1,neowise,10.766,0.018,9.778,0.019,59.2,55.9,9953.0,168.04,8830.8,157.94,AA
256.1723578,60.7418118,58669.51615,,,,,,,,,0000,1.0,105.5780029296875,00,1,neowise,10.768,0.017,9.767,0.018,63.9,60.8,9933.7,155.37,8927.0,146.77,AA
256.1723256,60.7418308,58669.77833831,,,,,,,,,0000,1.0,75.04399871826172,00,1,neowise,10.768,0.017,9.723,0.016,62.9,69.6,9937.8,158.01,9290.4,133.54,AA
256.1723545,60.7418214,58670.301569,,,,,,,,,0000,1.0,113.40699768066406,00,1,neowise,10.765,0.019,9.738,0.016,56.9,67.1,9964.6,174.99,9166.2,136.64,AA
256.1723438,60.7418103,58669.12420451,,,,,,,,,0000,1.0,89.42500305175781,00,1,neowise,10.77,0.018,9.678,0.017,60.2,63.3,9917.7,164.66,9689.0,153.18,AA
256.1723457,60.7418089,58669.90911415,,,,,,,,,0000,1.0,72.9020004272461,00,1,neowise,10.76,0.017,9.718,0.015,63.8,70.3,10010.0,156.82,9337.6,132.87,AA
256.1723356,60.741809,58670.1702839,,,,,,,,,0000,1.0,93.77899932861328,00,1,neowise,10.773,0.016,9.774,0.017,66.8,62.5,9884.9,147.89,8871.4,142.02,AA
256.172306,60.7419476,60336.68090091,,,,,,,,,0000,1.0,83.54000091552734,00,1,neowise,10.754,0.023,8.639,0.011,47.4,102.7,10062.0,212.3,25234.0,245.74,AA
256.1724039,60.7418183,60333.58595444,,,,,,,,,0000,1.0,72.58300018310547,00,1,neowise,10.725,0.015,9.673,0.015,70.8,72.5,10335.0,146.06,9736.1,134.22,AA
256.1724113,60.7418304,60334.23079461,,,,,,,,,0000,0.5,87.7490005493164,00,1,neowise,10.705,0.016,9.664,0.015,69.6,70.7,10525.0,151.16,9809.0,138.71,AA
256.1723799,60.7418228,60334.61764153,,,,,,,,,0000,1.0,75.4530029296875,00,1,neowise,10.713,0.017,9.691,0.015,62.1,71.9,10449.0,168.25,9570.2,133.14,AA
256.1723885,60.7418382,60334.746635,,,,,,,,,0000,1.0,93.21800231933594,00,1,neowise,10.709,0.016,9.694,0.016,68.0,69.2,10490.0,154.34,9547.7,138.01,AA
256.1723819,60.7418298,60334.87562846,,,,,,,,,0000,1.0,114.62100219726562,00,1,neowise,10.714,0.016,9.669,0.017,68.8,63.0,10441.0,151.69,9766.6,154.9,AA
256.1723552,60.7418294,60335.00449517,,,,,,,,,0000,1.0,119.03199768066406,00,1,neowise,10.722,0.018,9.669,0.015,62.0,74.6,10363.0,167.27,9763.8,130.81,AA
256.1723993,60.7418285,60335.26248215,,,,,,,,,0000,1.0,82.78800201416016,00,1,neowise,10.734,0.017,9.696,0.015,65.5,72.1,10248.0,156.41,9530.0,132.19,AA
256.1723753,60.7418224,60335.39147567,,,,,,,,,0000,1.0,68.77300262451172,00,1,neowise,10.747,0.018,9.685,0.015,59.9,70.6,10129.0,169.19,9626.9,136.28,AA
256.1724076,60.7418261,60335.64933514,,,,,,,,,0000,1.0,79.15299987792969,00,1,neowise,10.716,0.016,9.697,0.015,66.1,74.0,10426.0,157.65,9518.0,128.7,AA
256.172381,60.7418166,60336.16518178,,,,,,,,,0000,1.0,95.12999725341797,00,1,neowise,10.717,0.018,9.676,0.015,61.0,73.4,10412.0,170.78,9703.9,132.15,AA
256.1724166,60.7418292,60336.55203486,,,,,,,,,0000,1.0,69.55799865722656,00,1,neowise,10.74,0.023,9.71,0.018,47.5,60.2,10193.0,214.59,9405.6,156.22,AA
256.1723673,60.7418272,60336.9387611,,,,,,,,,0000,1.0,121.98100280761719,00,1,neowise,10.715,0.018,9.669,0.016,60.7,68.7,10433.0,171.93,9764.8,142.07,AA
256.1723424,60.7418767,60337.06775465,,,,,,,,,0000,0.5,108.24400329589844,00,1,neowise,10.705,0.017,9.607,0.016,65.6,68.1,10526.0,160.5,10344.0,151.97,AA
256.1724362,60.7418399,60337.19674812,,,,,,,,,0000,1.0,91.48500061035156,00,1,neowise,10.73,0.023,9.611,0.019,48.2,57.8,10292.0,213.51,10300.0,178.33,AA
256.1723767,60.7417859,60336.5519075,,,,,,,,,0000,1.0,70.20899963378906,00,1,neowise,10.701,0.021,9.67,0.015,53.0,73.7,10567.0,199.55,9760.6,132.35,AA
256.1724545,60.7418153,60333.71494788,,,,,,,,,0000,1.0,88.40699768066406,00,1,neowise,10.719,0.016,9.678,0.016,68.0,68.7,10389.0,152.84,9686.9,140.92,AA
256.1724129,60.7418151,60333.84394147,,,,,,,,,0000,1.0,109.36799621582031,00,1,neowise,10.712,0.016,9.661,0.016,66.7,69.5,10461.0,156.75,9836.8,141.51,AA
256.1724367,60.7418108,60333.97280764,,,,,,,,,0000,1.0,122.76200103759766,00,1,neowise,10.72,0.017,9.681,0.016,65.5,66.8,10380.0,158.44,9660.8,144.71,AA
256.1724352,60.741798,60334.10180112,,,,,,,,,0000,1.0,103.66400146484375,00,1,neowise,10.726,0.015,9.702,0.016,70.9,67.2,10324.0,145.58,9474.1,140.88,AA
256.1724429,60.7418133,60334.35978814,,,,,,,,,0000,1.0,71.16600036621094,00,1,neowise,10.725,0.018,9.651,0.016,61.7,68.9,10334.0,167.47,9935.2,144.19,AA
256.1723834,60.741805,60335.77832866,,,,,,,,,0000,1.0,98.40499877929688,00,1,neowise,10.74,0.018,9.68,0.018,61.7,61.6,10195.0,165.25,9673.3,157.06,AA
256.1724579,60.7418117,60336.03618826,,,,,,,,,0000,1.0,113.46099853515625,00,1,neowise,10.712,0.017,9.662,0.016,63.3,66.4,10457.0,165.26,9828.1,148.06,AA
256.1724128,60.7418078,60336.29404793,,,,,,,,,0000,1.0,78.4800033569336,00,1,neowise,10.731,0.018,9.682,0.015,59.1,73.4,10284.0,173.88,9648.3,131.42,AA
256.1724556,60.7418171,60336.4230414,,,,,,,,,0000,1.0,67.71099853515625,00,1,neowise,10.741,0.018,9.685,0.019,61.9,58.0,10184.0,164.63,9627.6,165.95,AA
256.1724354,60.7418071,60336.80989438,,,,,,,,,0000,1.0,103.81300354003906,00,1,neowise,10.736,0.019,9.722,0.02,57.3,54.2,10232.0,178.44,9303.9,171.8,AA
256.17235,60.7418288,60335.0046225,,,,,,,,,0000,0.5,118.75299835205078,00,1,neowise,10.703,0.019,9.648,0.015,55.7,70.8,10544.0,189.35,9956.7,140.65,AA
256.1723474,60.7418371,60335.13348869,,,,,,,,,0000,1.0,99.46099853515625,00,1,neowise,10.712,0.016,9.657,0.016,66.2,69.2,10459.0,158.05,9880.9,142.73,AA
256.1723438,60.7418391,60335.9071948,,,,,,,,,0000,1.0,118.70700073242188,00,1,neowise,10.699,0.017,9.674,0.017,64.1,62.9,10586.0,165.05,9725.9,154.54,AA
256.1723744,60.7418132,59035.79407042,,,,,,,,,0000,1.0,71.82099914550781,00,1,neowise,10.714,0.017,9.744,0.017,64.6,63.7,10439.0,161.62,9115.1,143.2,AA
256.1723727,60.7418323,59036.97118057,,,,,,,,,0000,1.0,70.97899627685547,00,1,neowise,10.732,0.017,9.656,0.021,63.2,51.2,10274.0,162.55,9884.2,193.16,AA
256.172389,60.7417861,59035.9248463,,,,,,,,,0000,1.0,70.01699829101562,00,1,neowise,10.689,0.02,9.713,0.015,53.8,71.2,10680.0,198.65,9376.5,131.65,AA
256.172366,60.7418031,59036.05562218,,,,,,,,,0000,1.0,77.22100067138672,00,1,neowise,10.717,0.019,9.678,0.016,57.6,67.4,10413.0,180.8,9685.3,143.68,AA
256.1724262,60.7417824,59036.18639807,,,,,,,,,0000,1.0,95.34500122070312,00,1,neowise,10.712,0.019,9.74,0.018,56.8,62.0,10463.0,184.31,9151.0,147.58,AA
256.1723974,60.7418056,59035.66329397,,,,,,,,,0000,1.0,87.44599914550781,00,1,neowise,10.701,0.018,9.685,0.014,61.7,75.5,10563.0,171.25,9627.5,127.49,AA
256.1723435,60.7418053,59035.4017423,,,,,,,,,0000,1.0,121.51100158691406,00,1,neowise,10.733,0.018,9.708,0.015,59.3,71.4,10258.0,173.12,9422.5,131.98,AA
256.1723281,60.7417874,59036.31717389,,,,,,,,,0000,0.5,116.06800079345703,00,1,neowise,10.769,0.021,9.649,0.017,52.1,62.8,9921.7,190.43,9948.7,158.36,AA
256.1723515,60.7417865,59036.44807714,,,,,,,,,0000,1.0,116.35199737548828,00,1,neowise,10.719,0.019,9.736,0.016,55.7,67.4,10397.0,186.57,9181.1,136.16,AA
256.1723286,60.7417944,59036.57885297,,,,,,,,,0000,1.0,98.08999633789062,00,1,neowise,10.74,0.018,9.738,0.018,59.3,61.6,10194.0,171.98,9164.9,148.86,AA
256.1723061,60.7417991,59035.27096637,,,,,,,,,0000,0.5,109.10700225830078,00,1,neowise,10.74,0.018,9.704,0.014,60.6,78.2,10199.0,168.3,9456.2,121.0,AA
256.172324,60.7418056,59036.70962881,,,,,,,,,0000,1.0,80.77300262451172,00,1,neowise,10.752,0.021,9.752,0.018,52.4,59.8,10086.0,192.51,9045.2,151.31,AA
256.1723339,60.741815,59036.84040469,,,,,,,,,0000,1.0,69.61199951171875,00,1,neowise,10.724,0.018,9.738,0.018,61.9,61.1,10350.0,167.09,9169.2,150.15,AA
256.1725591,60.7416573,59036.44794978,,,,,,,,,0000,1.0,116.44000244140625,00,1,neowise,10.681,0.021,9.45,0.016,50.5,69.6,10760.0,213.08,11953.0,171.83,AA
256.1726038,60.7420854,59249.55766992,,,,,,,,,0000,0.5,64.99600219726562,00,1,neowise,10.576,0.018,9.249,0.017,60.6,64.4,11855.0,195.68,14376.0,223.17,AA
256.1723735,60.7419308,59249.55779723,,,,,,,,,0000,0.0,64.57499694824219,00,1,neowise,10.722,0.02,9.685,0.016,55.2,67.3,10367.0,187.96,9621.0,142.93,AA
256.1724066,60.7418157,59609.26783435,,,,,,,,,0000,1.0,79.21800231933594,00,1,neowise,10.715,0.018,9.663,0.016,59.8,67.0,10435.0,174.43,9826.5,146.59,AA
256.1724106,60.7418061,59609.39848319,,,,,,,,,0000,1.0,64.4469985961914,00,1,neowise,10.69,0.019,9.642,0.016,57.8,67.1,10671.0,184.75,10011.0,149.26,AA
256.1724406,60.7418111,59609.65978088,,,,,,,,,0000,1.0,78.3239974975586,00,1,neowise,10.704,0.016,9.665,0.013,67.7,81.2,10539.0,155.69,9807.9,120.81,AA
256.172364,60.7418191,57585.52057622,,,,,,,,,0000,1.0,100.3759994506836,00,1,neowise,10.804,0.02,9.747,0.017,55.4,64.7,9618.5,173.5,9096.5,140.68,AA
256.1723759,60.7418232,57585.6516067,,,,,,,,,0000,1.0,83.27899932861328,00,1,neowise,10.791,0.016,9.724,0.018,66.1,60.1,9736.1,147.23,9291.9,154.54,AA
256.1723585,60.7418159,57587.35487753,,,,,,,,,0000,0.5,122.13800048828125,00,1,neowise,10.798,0.019,9.734,0.015,57.7,70.6,9671.8,167.63,9200.8,130.26,AA
256.1723556,60.7418334,57587.48590814,,,,,,,,,0000,1.0,104.46600341796875,00,1,neowise,10.784,0.02,9.72,0.015,55.3,70.9,9799.3,177.28,9324.2,131.59,AA
256.1723902,60.7417757,57585.91366789,,,,,,,,,0000,1.0,71.38700103759766,00,1,neowise,10.854,0.02,9.753,0.016,55.0,69.3,9191.5,167.16,9046.0,130.46,AA
256.1724219,60.7417877,57586.04469852,,,,,,,,,0000,1.0,81.875,00,1,neowise,10.803,0.016,9.719,0.016,66.2,66.8,9627.1,145.38,9327.6,139.73,AA
256.1724124,60.741796,57586.17572905,,,,,,,,,0000,1.0,100.7770004272461,00,1,neowise,10.804,0.017,9.769,0.016,62.2,67.9,9622.1,154.61,8910.2,131.21,AA
256.172396,60.7417914,57586.43779078,,,,,,,,,0000,1.0,111.48999786376953,00,1,neowise,10.785,0.016,9.725,0.016,66.4,69.2,9788.4,147.43,9278.5,134.16,AA
256.1724204,60.7417926,57586.56882134,,,,,,,,,0000,1.0,95.10900115966797,00,1,neowise,10.809,0.016,9.764,0.016,66.8,69.1,9581.6,143.33,8949.1,129.43,AA
256.1723848,60.7417953,57586.69985188,,,,,,,,,0000,1.0,77.2300033569336,00,1,neowise,10.775,0.016,9.728,0.017,67.6,65.4,9881.1,146.23,9256.2,141.6,AA
256.1723737,60.7418027,57586.8308825,,,,,,,,,0000,1.0,70.1050033569336,00,1,neowise,10.795,0.016,9.702,0.018,69.5,60.9,9703.7,139.71,9479.9,155.58,AA
256.1724023,60.7417757,57586.96191307,,,,,,,,,0000,1.0,73.38099670410156,00,1,neowise,10.812,0.017,9.788,0.017,65.0,64.0,9550.2,146.96,8753.4,136.74,AA
256.1723754,60.7418109,57584.47233147,,,,,,,,,0000,1.0,106.54499816894531,00,1,neowise,10.831,0.019,9.733,0.015,55.8,72.6,9386.4,168.3,9214.5,126.88,AA
256.1723672,60.7418099,57585.78263728,,,,,,,,,0000,1.0,70.9739990234375,00,1,neowise,10.826,0.018,9.738,0.016,61.2,69.9,9429.1,154.16,9165.6,131.18,AA
256.172422,60.7418069,57586.3067602,,,,,,,,,0000,1.0,118.74800109863281,00,1,neowise,10.786,0.016,9.75,0.016,66.5,66.6,9780.9,147.15,9070.4,136.09,AA
256.1724137,60.7418176,57587.74796928,,,,,,,,,0000,1.0,72.13600158691406,00,1,neowise,10.79,0.017,9.722,0.016,65.1,67.3,9746.6,149.83,9304.5,138.33,AA
256.1724255,60.741801,57587.87899991,,,,,,,,,0000,1.0,69.83200073242188,00,1,neowise,10.795,0.016,9.757,0.017,67.3,64.7,9702.7,144.21,9009.9,139.17,AA
256.1723497,60.741793,57584.603362,,,,,,,,,0000,1.0,90.24400329589844,00,1,neowise,10.78,0.02,9.737,0.015,53.6,70.7,9839.1,183.4,9177.9,129.84,AA
256.1723569,60.7418071,57584.73439262,,,,,,,,,0000,1.0,74.07599639892578,00,1,neowise,10.804,0.017,9.753,0.017,64.1,65.6,9624.3,150.06,9047.5,138.0,AA
256.1723589,60.7417992,57587.22397422,,,,,,,,,0000,1.0,108.26499938964844,00,1,neowise,10.776,0.019,9.748,0.015,58.2,74.6,9875.1,169.66,9084.2,121.74,AA
256.1723268,60.7418191,57585.1274844,,,,,,,,,0000,1.0,93.58300018310547,00,1,neowise,10.796,0.018,9.738,0.017,60.4,64.5,9693.6,160.43,9171.8,142.21,AA
256.1722947,60.7418276,57585.25851502,,,,,,,,,0000,1.0,113.36799621582031,00,1,neowise,10.805,0.019,9.741,0.019,57.0,57.3,9609.7,168.7,9148.6,159.66,AA
256.1723485,60.7418321,57585.38954559,,,,,,,,,0000,1.0,118.88099670410156,00,1,neowise,10.811,0.018,9.741,0.015,59.7,74.2,9556.2,159.97,9143.7,123.24,AA
256.1723331,60.7418404,57587.6169387,,,,,,,,,0000,1.0,88.21199798583984,00,1,neowise,10.802,0.018,9.74,0.015,58.9,73.1,9639.4,163.61,9152.2,125.19,AA
256.172309,60.7418177,57584.86542319,,,,,,,,,0000,1.0,70.9020004272461,00,1,neowise,10.836,0.017,9.706,0.017,62.9,64.4,9341.1,148.54,9443.9,146.6,AA
256.1723296,60.7418136,57584.99645387,,,,,,,,,0000,0.5,76.58000183105469,00,1,neowise,10.808,0.018,9.759,0.017,59.7,62.4,9590.0,160.53,8990.1,144.08,AA
256.1723384,60.7418125,57587.09294369,,,,,,,,,0000,1.0,88.49199676513672,00,1,neowise,10.782,0.018,9.716,0.015,61.7,71.5,9820.8,159.05,9355.7,130.8,AA
256.1722919,60.7418143,57587.35500485,,,,,,,,,0000,1.0,121.36799621582031,00,1,neowise,10.8,0.018,9.736,0.015,59.4,72.9,9657.2,162.62,9185.0,126.02,AA
256.1723258,60.7418065,57587.48603545,,,,,,,,,0000,1.0,104.58699798583984,00,1,neowise,10.814,0.02,9.722,0.015,55.4,73.6,9530.8,171.98,9306.5,126.4,AA
256.172396,60.7418197,58506.82086914,,,,,,,,,0000,1.0,105.62699890136719,00,1,neowise,10.807,0.016,9.73,0.015,68.5,71.6,9583.4,139.91,9235.5,128.95,AA
256.1723935,60.7418258,58507.34435616,,,,,,,,,0000,0.5,71.54900360107422,00,1,neowise,10.797,0.018,9.695,0.016,59.2,67.7,9670.6,163.4,9538.7,140.91,AA
256.172392,60.7418303,58507.99861539,,,,,,,,,0000,1.0,119.73899841308594,00,1,neowise,10.804,0.016,9.731,0.016,68.3,69.7,9607.8,140.58,9222.6,132.41,AA
256.1723553,60.7418533,58508.12951897,,,,,,,,,0000,1.0,98.59700012207031,00,1,neowise,10.796,0.018,9.748,0.019,59.9,57.4,9682.0,161.68,9086.5,158.25,AA
256.1724106,60.7418275,58508.26029509,,,,,,,,,0000,1.0,82.79000091552734,00,1,neowise,10.786,0.015,9.743,0.016,70.4,68.5,9773.5,138.78,9123.7,133.27,AA
256.1723645,60.7418397,58508.39119862,,,,,,,,,0000,1.0,67.8949966430664,00,1,neowise,10.803,0.016,9.707,0.015,65.8,74.3,9623.3,146.2,9430.5,126.9,AA
256.1724012,60.7418334,58508.52210211,,,,,,,,,0000,1.0,67.74800109863281,00,1,neowise,10.812,0.023,9.748,0.016,47.7,68.9,9543.5,200.2,9083.4,131.85,AA
256.1723893,60.7418275,58508.65287828,,,,,,,,,0000,1.0,79.13899993896484,00,1,neowise,10.78,0.016,9.743,0.016,67.5,67.5,9823.7,145.52,9127.8,135.28,AA
256.1723839,60.7418211,58509.69972455,,,,,,,,,0000,1.0,85.61100006103516,00,1,neowise,10.752,0.019,9.73,0.016,58.3,70.0,10080.0,172.91,9231.8,131.81,AA
256.1724382,60.7418294,58509.83062808,,,,,,,,,0000,1.0,107.53600311279297,00,1,neowise,10.794,0.019,9.717,0.016,56.9,69.5,9702.6,170.46,9349.0,134.43,AA
256.1723503,60.7418506,58510.09230787,,,,,,,,,0000,1.0,104.0790023803711,00,1,neowise,10.735,0.025,9.735,0.017,44.0,62.2,10244.0,232.98,9193.4,147.7,AA
256.1724135,60.7418282,58510.2232114,,,,,,,,,0000,1.0,87.98799896240234,00,1,neowise,10.78,0.017,9.742,0.015,65.6,70.7,9829.3,149.86,9129.1,129.09,AA
256.1723587,60.7418219,58510.35411484,,,,,,,,,0000,1.0,70.03399658203125,00,1,neowise,10.785,0.02,9.664,0.018,54.0,60.7,9778.2,181.04,9809.3,161.59,AA
256.1724404,60.7418043,58507.08254906,,,,,,,,,0000,0.5,105.98699951171875,00,1,neowise,10.798,0.015,9.736,0.015,70.9,71.8,9662.9,136.26,9180.6,127.91,AA
256.17244,60.7418136,58507.47513244,,,,,,,,,0000,0.5,67.64700317382812,00,1,neowise,10.765,0.016,9.707,0.016,69.2,68.2,9962.3,143.92,9435.8,138.45,AA
256.1724195,60.7418166,58507.60603149,,,,,,,,,0000,1.0,73.4229965209961,00,1,neowise,10.789,0.016,9.711,0.017,67.0,64.2,9744.6,145.52,9395.2,146.35,AA
256.1724077,60.7418059,58507.73693507,,,,,,,,,0000,1.0,91.3010025024414,00,1,neowise,10.811,0.019,9.732,0.015,58.0,73.9,9549.3,164.5,9219.2,124.8,AA
256.1724186,60.741806,58507.86771186,,,,,,,,,0000,1.0,113.64299774169922,00,1,neowise,10.784,0.016,9.743,0.015,69.2,70.6,9792.6,141.6,9121.1,129.13,AA
256.1723839,60.7418081,58508.52197479,,,,,,,,,0000,1.0,68.2229995727539,00,1,neowise,10.785,0.018,9.749,0.015,58.8,73.0,9778.9,166.22,9073.9,124.28,AA
256.1724078,60.7418008,58508.78378186,,,,,,,,,0000,1.0,99.25299835205078,00,1,neowise,10.783,0.018,9.716,0.017,59.5,65.3,9795.9,164.64,9357.2,143.24,AA
256.1724376,60.7417935,58508.91455803,,,,,,,,,0000,1.0,120.302001953125,00,1,neowise,10.776,0.018,9.724,0.016,60.1,69.0,9858.7,164.08,9284.8,134.49,AA
256.1724099,60.7418183,58509.04546161,,,,,,,,,0000,1.0,111.64099884033203,00,1,neowise,10.787,0.016,9.731,0.015,66.3,74.8,9765.8,147.24,9228.7,123.44,AA
256.1724071,60.7418168,58509.17636514,,,,,,,,,0000,1.0,93.24800109863281,00,1,neowise,10.786,0.017,9.703,0.02,63.3,53.1,9775.1,154.42,9467.2,178.34,AA
256.1724106,60.7418016,58509.30714135,,,,,,,,,0000,1.0,76.04299926757812,00,1,neowise,10.814,0.02,9.713,0.016,54.8,67.3,9524.1,173.81,9378.0,139.3,AA
256.1724411,60.7418043,58509.4380449,,,,,,,,,0000,1.0,66.677001953125,00,1,neowise,10.788,0.02,9.708,0.016,55.5,68.6,9751.1,175.69,9424.2,137.3,AA
256.1724334,60.7418231,58509.56894838,,,,,,,,,0000,1.0,69.77400207519531,00,1,neowise,10.791,0.017,9.733,0.017,63.8,63.2,9725.6,152.43,9212.0,145.84,AA
256.1724024,60.7418053,58509.96153165,,,,,,,,,0000,1.0,125.125,00,1,neowise,10.775,0.018,9.712,0.017,59.6,63.2,9869.3,165.72,9392.5,148.68,AA
256.1723571,60.7418137,58506.95177278,,,,,,,,,0000,1.0,123.96299743652344,00,1,neowise,10.766,0.021,9.716,0.016,51.9,70.0,9956.5,192.0,9349.8,133.53,AA
256.1723365,60.7418181,58508.12939165,,,,,,,,,0000,1.0,99.25599670410156,00,1,neowise,10.797,0.019,9.719,0.017,55.9,64.9,9670.5,173.05,9328.9,143.83,AA
256.1723682,60.7418148,57221.40574247,,,,,,,,,0000,0.5,113.5770034790039,00,1,neowise,10.803,0.016,9.751,0.014,67.9,77.4,9609.9,141.46,9067.5,117.14,AA
256.1723659,60.7418193,57223.11143166,,,,,,,,,0000,1.0,94.33300018310547,00,1,neowise,10.802,0.017,9.744,0.016,62.3,66.3,9619.4,154.52,9132.5,137.74,AA
256.172365,60.7418197,57221.93062854,,,,,,,,,0000,0.5,74.70500183105469,00,1,neowise,10.786,0.02,9.744,0.017,55.5,63.5,9766.3,175.87,9132.4,143.71,AA
256.1723722,60.7418174,57221.79934334,,,,,,,,,0000,1.0,71.6240005493164,00,1,neowise,10.793,0.015,9.727,0.015,70.6,73.3,9702.7,137.41,9270.7,126.41,AA
256.172355,60.7418302,57221.5369003,,,,,,,,,0000,1.0,97.302001953125,00,1,neowise,10.801,0.021,9.74,0.017,52.0,65.0,9636.0,185.18,9162.7,140.9,AA
256.1723775,60.7418234,57223.76747543,,,,,,,,,0000,1.0,71.66600036621094,00,1,neowise,10.789,0.016,9.734,0.017,69.5,63.2,9739.1,140.05,9213.3,145.87,AA
256.1723798,60.7418288,57223.89863322,,,,,,,,,0000,1.0,72.11000061035156,00,1,neowise,10.8,0.015,9.688,0.018,71.6,60.4,9643.6,134.61,9610.5,159.14,AA
256.1723746,60.7418017,57222.84898804,,,,,,,,,0000,1.0,71.76699829101562,00,1,neowise,10.795,0.016,9.728,0.015,66.5,71.8,9682.5,145.53,9261.4,128.9,AA
256.1724086,60.7417861,57224.16107626,,,,,,,,,0000,1.0,101.45600128173828,00,1,neowise,10.796,0.016,9.745,0.016,67.4,69.1,9677.8,143.6,9119.8,131.93,AA
256.172384,60.7417874,57224.2922341,,,,,,,,,0000,1.0,118.64800262451172,00,1,neowise,10.788,0.016,9.75,0.016,66.7,66.7,9748.8,146.06,9080.7,136.15,AA
256.1723757,60.7417998,57224.02991847,,,,,,,,,0000,1.0,83.15699768066406,00,1,neowise,10.805,0.017,9.719,0.015,63.7,70.7,9595.0,150.67,9344.0,132.18,AA
256.1723669,60.741804,57222.71783016,,,,,,,,,0000,0.5,74.73899841308594,00,1,neowise,10.792,0.016,9.708,0.014,67.8,78.5,9711.1,143.31,9436.7,120.18,AA
256.1723762,60.7417992,57222.586545,,,,,,,,,0000,0.5,90.1520004272461,00,1,neowise,10.72,0.019,9.687,0.015,57.3,74.7,10375.0,180.97,9617.2,128.67,AA
256.1725564,60.7417587,57222.19294427,,,,,,,,,0000,1.0,106.4260025024414,00,1,neowise,10.795,0.017,9.806,0.017,62.1,62.4,9681.3,155.97,8620.5,138.13,AA
256.1723802,60.7417955,57222.45538716,,,,,,,,,0000,1.0,106.6989974975586,00,1,neowise,10.766,0.019,9.695,0.016,58.1,69.0,9943.6,171.25,9551.8,138.46,AA
256.1723887,60.7418045,57224.4235192,,,,,,,,,0000,0.5,111.0719985961914,00,1,neowise,10.789,0.016,9.739,0.014,68.2,76.3,9735.0,142.76,9174.3,120.22,AA
256.172382,60.7418103,57221.66818546,,,,,,,,,0000,0.5,79.61699676513672,00,1,neowise,10.805,0.017,9.735,0.015,65.3,74.4,9601.0,147.03,9205.5,123.72,AA
256.1723608,60.7418027,57222.06178644,,,,,,,,,0000,0.5,87.7509994506836,00,1,neowise,10.786,0.017,9.705,0.017,63.1,62.1,9762.5,154.74,9460.9,152.4,AA
256.1723782,60.7417704,57221.14329957,,,,,,,,,0000,0.5,99.13200378417969,00,1,neowise,10.847,0.017,9.72,0.016,64.4,69.0,9234.3,143.32,9334.9,135.25,AA
256.17236,60.741808,57223.63619023,,,,,,,,,0000,1.0,83.16400146484375,00,1,neowise,10.799,0.018,9.741,0.015,60.6,70.2,9652.9,159.17,9150.7,130.39,AA
256.1723687,60.7417877,57222.32422933,,,,,,,,,0000,1.0,120.03700256347656,00,1,neowise,10.787,0.017,9.732,0.016,63.9,67.9,9756.5,152.72,9234.5,136.0,AA
256.1723338,60.7417841,57223.63631755,,,,,,,,,0000,1.0,83.26100158691406,00,1,neowise,10.784,0.018,9.728,0.016,61.0,67.9,9781.0,160.41,9268.5,136.51,AA
256.1723518,60.7418226,57223.37387459,,,,,,,,,0000,1.0,117.68199920654297,00,1,neowise,10.811,0.017,9.744,0.016,64.9,66.5,9540.0,146.92,9131.6,137.35,AA
256.1723512,60.7418156,57223.50503244,,,,,,,,,0000,1.0,100.6500015258789,00,1,neowise,10.798,0.016,9.72,0.016,66.8,67.9,9660.0,144.59,9337.4,137.42,AA
256.1723464,60.741808,57221.27458468,,,,,,,,,0000,1.0,116.22599792480469,00,1,neowise,10.801,0.019,9.736,0.016,56.8,66.5,9633.5,169.65,9198.1,138.41,AA
256.1723503,60.7418083,57223.24258949,,,,,,,,,0000,1.0,113.28299713134766,00,1,neowise,10.786,0.02,9.717,0.017,55.5,63.4,9766.6,175.96,9357.5,147.48,AA
256.1723306,60.741812,57222.98027382,,,,,,,,,0000,1.0,78.00800323486328,00,1,neowise,10.767,0.022,9.75,0.017,48.7,65.2,9935.3,204.11,9082.3,139.26,AA
256.1724298,60.7417924,59399.3075402,,,,,,,,,0000,1.0,113.61900329589844,00,1,neowise,10.697,0.017,9.742,0.016,64.8,67.6,10607.0,163.81,9132.8,135.18,AA
256.1723968,60.7417945,59399.43831604,,,,,,,,,0000,1.0,115.8499984741211,00,1,neowise,10.738,0.019,9.677,0.017,58.3,63.1,10217.0,175.22,9692.1,153.56,AA
256.1723652,60.7418055,59399.56845516,,,,,,,,,0000,1.0,99.25299835205078,00,1,neowise,10.695,0.019,9.7,0.017,58.1,65.5,10627.0,183.01,9494.4,144.85,AA
256.1724432,60.7418127,59399.83038884,,,,,,,,,0000,1.0,72.41799926757812,00,1,neowise,10.749,0.019,9.775,0.017,58.1,63.8,10108.0,174.0,8862.3,138.87,AA
256.1723334,60.7417876,59399.56858252,,,,,,,,,0000,0.5,99.48600006103516,00,1,neowise,10.726,0.021,9.706,0.018,51.2,61.1,10328.0,201.86,9441.7,154.51,AA
256.1723298,60.7417981,59399.69974031,,,,,,,,,0000,0.5,82.78700256347656,00,1,neowise,10.73,0.018,9.706,0.018,61.1,60.9,10288.0,168.36,9439.8,155.1,AA
256.1723847,60.7418162,60130.89884579,,,,,,,,,0000,1.0,71.71800231933594,00,1,neowise,10.697,0.017,9.676,0.015,64.0,73.7,10602.0,165.69,9702.5,131.62,AA
256.1723751,60.7418227,60131.67726161,,,,,,,,,0000,1.0,84.34200286865234,00,1,neowise,10.722,0.019,9.714,0.02,55.7,54.8,10365.0,186.08,9375.4,171.02,AA
256.1724841,60.7418348,60131.80689149,,,,,,,,,0000,0.5,71.7770004272461,00,1,neowise,10.69,0.019,9.687,0.016,58.6,65.8,10676.0,182.21,9610.7,146.05,AA
256.1723749,60.741836,60132.97445227,,,,,,,,,0000,1.0,73.15799713134766,00,1,neowise,10.718,0.017,9.75,0.019,63.0,55.7,10406.0,165.26,9068.7,162.79,AA
256.1723844,60.741801,60131.28799003,,,,,,,,,0000,1.0,112.80899810791016,00,1,neowise,10.698,0.019,9.687,0.016,58.4,70.0,10595.0,181.46,9610.6,137.34,AA
256.1723682,60.7418036,60131.41774729,,,,,,,,,0000,0.5,118.56099700927734,00,1,neowise,10.703,0.017,9.675,0.018,62.0,61.0,10548.0,169.99,9717.6,159.23,AA
256.1723759,60.7417828,60132.45555024,,,,,,,,,0000,1.0,113.59100341796875,00,1,neowise,10.691,0.016,9.694,0.02,68.6,53.7,10660.0,155.29,9546.8,177.89,AA
256.1723996,60.7417978,60133.36359662,,,,,,,,,0000,0.5,120.2020034790039,00,1,neowise,10.704,0.016,9.699,0.016,67.9,68.9,10535.0,155.13,9504.7,137.94,AA
256.1723681,60.7417993,60133.4932265,,,,,,,,,0000,1.0,108.09100341796875,00,1,neowise,10.693,0.017,9.678,0.016,64.0,68.6,10642.0,166.28,9686.6,141.23,AA
256.1724061,60.7418015,60131.15836024,,,,,,,,,0000,1.0,94.13899993896484,00,1,neowise,10.729,0.019,9.672,0.019,57.4,56.4,10296.0,179.43,9745.4,172.68,AA
256.1723948,60.7418025,60131.93664869,,,,,,,,,0000,0.5,72.10399627685547,00,1,neowise,10.794,0.021,9.751,0.017,52.6,62.1,9703.0,184.33,9056.5,145.81,AA
256.172394,60.7418072,60132.71493725,,,,,,,,,0000,0.5,79.38999938964844,00,1,neowise,10.708,0.018,9.694,0.016,59.3,68.0,10502.0,177.09,9545.2,140.43,AA
256.1723675,60.7417925,60131.02860304,,,,,,,,,0000,1.0,77.63899993896484,00,1,neowise,10.724,0.018,9.685,0.016,59.8,69.1,10342.0,173.02,9621.3,139.15,AA
256.172361,60.741795,60131.54750444,,,,,,,,,0000,1.0,101.42900085449219,00,1,neowise,10.771,0.019,9.726,0.017,58.0,63.9,9904.5,170.68,9268.2,145.04,AA
256.1723672,60.7417926,60132.066406,,,,,,,,,0000,1.0,81.36399841308594,00,1,neowise,10.723,0.018,9.694,0.016,61.6,67.4,10353.0,168.16,9547.5,141.74,AA
256.1723506,60.7418052,60132.19603583,,,,,,,,,0000,1.0,99.06500244140625,00,1,neowise,10.692,0.021,9.687,0.017,51.3,64.5,10655.0,207.74,9611.4,149.0,AA
256.1723235,60.7418005,60132.58530741,,,,,,,,,0000,1.0,97.25599670410156,00,1,neowise,10.713,0.018,9.696,0.018,61.5,60.6,10452.0,170.0,9531.2,157.34,AA
256.1723461,60.7418002,60133.23383936,,,,,,,,,0000,1.0,104.94400024414062,00,1,neowise,10.712,0.016,9.694,0.015,66.7,70.1,10457.0,156.71,9549.0,136.3,AA
256.1723371,60.7418389,60132.19616315,,,,,,,,,0000,1.0,99.4209976196289,00,1,neowise,10.703,0.022,9.668,0.019,50.3,58.6,10545.0,209.47,9780.7,166.82,AA
256.1723221,60.7418195,60132.32579304,,,,,,,,,0000,0.5,117.18000030517578,00,1,neowise,10.717,0.018,9.689,0.016,60.5,66.8,10416.0,172.17,9592.0,143.68,AA
256.1723458,60.7418214,60132.84469507,,,,,,,,,0000,1.0,70.6500015258789,00,1,neowise,10.763,0.019,9.7,0.019,55.8,57.1,9984.4,178.8,9494.8,166.27,AA
256.1723572,60.7418109,60133.10408216,,,,,,,,,0000,1.0,85.77899932861328,00,1,neowise,10.713,0.021,9.679,0.015,50.8,70.8,10450.0,205.78,9682.7,136.82,AA
256.1724041,60.7417993,60506.8193733,,,,,,,,,0000,0.5,69.51899719238281,00,1,neowise,10.748,0.017,9.699,0.017,65.1,63.4,10116.0,155.38,9505.2,149.91,AA
256.1723567,60.7417954,60506.69178083,,,,,,,,,0000,0.5,83.64199829101562,00,1,neowise,10.743,0.018,9.755,0.017,59.6,65.3,10169.0,170.64,9022.0,138.24,AA
256.172392,60.7418183,59238.18116125,,,,,,,,,0000,1.0,93.1969985961914,00,1,neowise,10.701,0.017,9.699,0.015,64.2,70.6,10566.0,164.61,9505.0,134.62,AA
256.1723833,60.7418399,59238.31193736,,,,,,,,,0000,1.0,75.57499694824219,00,1,neowise,10.729,0.021,9.662,0.015,51.0,72.2,10299.0,201.92,9829.2,136.08,AA
256.1723832,60.7418341,59238.44271351,,,,,,,,,0000,1.0,66.1969985961914,00,1,neowise,10.698,0.021,9.651,0.016,52.9,68.6,10601.0,200.35,9928.0,144.71,AA
256.1723972,60.7418338,59239.09646692,,,,,,,,,0000,1.0,104.06300354003906,00,1,neowise,10.721,0.016,9.672,0.016,69.0,67.1,10372.0,150.34,9741.9,145.1,AA
256.17243,60.7418298,59239.22724302,,,,,,,,,0000,1.0,88.11399841308594,00,1,neowise,10.71,0.015,9.663,0.016,70.5,67.4,10483.0,148.74,9818.6,145.59,AA
256.1723992,60.7418208,59239.3580197,,,,,,,,,0000,1.0,70.28299713134766,00,1,neowise,10.721,0.016,9.673,0.018,67.1,61.6,10372.0,154.68,9728.3,157.96,AA
256.1723667,60.7418215,59239.75022075,,,,,,,,,0000,1.0,92.5009994506836,00,1,neowise,10.73,0.018,9.686,0.017,61.0,64.8,10292.0,168.8,9614.3,148.34,AA
256.1723868,60.7418202,59240.01177306,,,,,,,,,0000,1.0,118.32099914550781,00,1,neowise,10.736,0.016,9.674,0.016,66.8,66.3,10233.0,153.23,9723.4,146.7,AA
256.1724178,60.7418251,59240.14254926,,,,,,,,,0000,1.0,97.48999786376953,00,1,neowise,10.72,0.017,9.681,0.015,62.7,71.4,10380.0,165.45,9664.5,135.32,AA
256.1723856,60.7418248,59241.4501833,,,,,,,,,0000,1.0,65.98799896240234,00,1,neowise,10.727,0.019,9.671,0.016,57.1,68.8,10319.0,180.74,9754.0,141.86,AA
256.1723806,60.7417862,59238.44258615,,,,,,,,,0000,0.5,66.93399810791016,00,1,neowise,10.701,0.018,9.686,0.015,61.1,71.9,10566.0,173.01,9620.5,133.77,AA
256.1724435,60.7418134,59238.57336235,,,,,,,,,0000,1.0,69.86499786376953,00,1,neowise,10.71,0.016,9.686,0.015,66.1,71.0,10475.0,158.43,9616.8,135.44,AA
256.1724158,60.741803,59238.70413841,,,,,,,,,0000,1.0,85.38600158691406,00,1,neowise,10.725,0.016,9.645,0.017,69.4,64.9,10335.0,148.95,9989.0,154.01,AA
256.1724364,60.7418036,59238.83491461,,,,,,,,,0000,1.0,107.18599700927734,00,1,neowise,10.711,0.015,9.706,0.015,71.3,71.9,10471.0,146.86,9440.5,131.26,AA
256.172455,60.7418198,59238.96569076,,,,,,,,,0000,1.0,124.9530029296875,00,1,neowise,10.705,0.016,9.671,0.015,68.8,73.3,10527.0,152.92,9748.6,132.92,AA
256.1723864,60.7418093,59239.61944459,,,,,,,,,0000,1.0,74.03099822998047,00,1,neowise,10.712,0.018,9.654,0.016,60.9,67.2,10458.0,171.79,9908.1,147.4,AA
256.1723999,60.7418145,59239.88099691,,,,,,,,,0000,1.0,115.24700164794922,00,1,neowise,10.738,0.016,9.643,0.017,67.5,63.3,10213.0,151.28,10004.0,158.12,AA
256.1724278,60.7418027,59240.27332528,,,,,,,,,0000,1.0,80.97799682617188,00,1,neowise,10.715,0.016,9.666,0.016,68.0,67.1,10436.0,153.4,9794.2,145.88,AA
256.1724334,60.7418165,59240.40410142,,,,,,,,,0000,1.0,66.7760009765625,00,1,neowise,10.729,0.017,9.685,0.017,62.1,64.1,10298.0,165.78,9624.7,150.26,AA
256.1724265,60.7418186,59240.53487758,,,,,,,,,0000,1.0,67.38300323486328,00,1,neowise,10.704,0.018,9.675,0.019,61.9,57.6,10535.0,170.14,9711.7,168.6,AA
256.172445,60.7418098,59240.66552632,,,,,,,,,0000,1.0,79.94400024414062,00,1,neowise,10.709,0.021,9.664,0.016,50.7,67.9,10490.0,206.73,9809.7,144.54,AA
256.1723785,60.7418096,59240.66565369,,,,,,,,,0000,1.0,79.64700317382812,00,1,neowise,10.719,0.019,9.681,0.017,57.2,65.5,10392.0,181.54,9664.5,147.5,AA
256.1724053,60.7418022,59240.79630248,,,,,,,,,0000,1.0,100.43099975585938,00,1,neowise,10.689,0.018,9.661,0.015,59.3,73.2,10680.0,180.17,9838.3,134.43,AA
256.1724477,60.7417954,59240.92707868,,,,,,,,,0000,1.0,121.86199951171875,00,1,neowise,10.722,0.019,9.685,0.016,57.0,68.2,10361.0,181.87,9625.7,141.22,AA
256.1724064,60.7418075,59241.05785484,,,,,,,,,0000,1.0,110.16600036621094,00,1,neowise,10.705,0.019,9.657,0.016,57.8,69.4,10526.0,182.18,9872.1,142.19,AA
256.1724501,60.7418182,59241.18863098,,,,,,,,,0000,1.0,92.12899780273438,00,1,neowise,10.72,0.018,9.668,0.018,60.5,58.9,10380.0,171.44,9777.8,166.13,AA
256.1724523,60.7418178,59241.31940709,,,,,,,,,0000,1.0,74.36900329589844,00,1,neowise,10.718,0.018,9.693,0.016,60.4,69.2,10407.0,172.3,9557.8,138.12,AA
256.1723285,60.7418447,59239.48879581,,,,,,,,,0000,0.5,66.73100280761719,00,1,neowise,10.687,0.018,9.677,0.016,59.8,66.7,10704.0,179.02,9696.6,145.45,AA
256.1723804,60.7418144,60342.87017061,,,,,,,,,0000,0.5,115.9800033569336,00,1,neowise,10.717,0.017,9.693,0.017,65.0,63.9,10408.0,160.25,9550.2,149.41,AA
256.1723692,60.7418202,60342.99903681,,,,,,,,,0000,1.0,118.65899658203125,00,1,neowise,10.703,0.021,9.634,0.017,51.0,62.4,10550.0,206.69,10091.0,161.8,AA
256.1724761,60.7417855,60342.99916412,,,,,,,,,0000,1.0,118.37100219726562,00,1,neowise,10.721,0.02,9.718,0.017,55.2,62.4,10374.0,187.98,9339.4,149.68,AA
256.1723825,60.7418143,56689.78454704,,,,,,,,,0000,1.0,109.88200378417969,00,1,neowise,10.802,0.018,9.717,0.016,61.3,67.3,9708.4,158.36,9535.4,141.7,AA
256.1724108,60.7418032,56689.65275216,,,,,,,,,0000,0.5,89.75599670410156,00,1,neowise,10.766,0.017,9.737,0.014,65.1,78.6,10041.0,154.16,9362.8,119.18,AA
256.1723608,60.741823,59401.39893523,,,,,,,,,0000,1.0,119.39399719238281,00,1,neowise,10.7,0.019,9.695,0.016,57.5,67.5,10581.0,183.88,9535.8,141.36,AA
256.1723682,60.7418316,59403.22890546,,,,,,,,,0000,1.0,103.0999984741211,00,1,neowise,10.676,0.02,9.671,0.015,54.9,71.5,10811.0,196.85,9753.5,136.32,AA
256.172359,60.7418172,59403.62110613,,,,,,,,,0000,1.0,93.4800033569336,00,1,neowise,10.714,0.015,9.706,0.014,71.0,76.0,10443.0,147.12,9437.7,124.22,AA
256.1723882,60.7417865,59400.48350387,,,,,,,,,0000,1.0,110.62300109863281,00,1,neowise,10.723,0.019,9.766,0.018,58.5,59.5,10355.0,177.04,8931.0,150.03,AA
256.1723852,60.7417781,59400.7454375,,,,,,,,,0000,1.0,77.69499969482422,00,1,neowise,10.743,0.02,9.682,0.016,55.2,66.4,10166.0,184.15,9648.1,145.37,AA
256.1723924,60.741764,59402.18282615,,,,,,,,,0000,0.5,95.27100372314453,00,1,neowise,10.727,0.017,9.672,0.016,64.1,66.5,10320.0,160.97,9736.7,146.44,AA
256.1724165,60.7417772,59402.31398403,,,,,,,,,0000,1.0,114.58899688720703,00,1,neowise,10.712,0.016,9.686,0.017,67.3,62.3,10463.0,155.55,9619.9,154.36,AA
256.1723789,60.7417855,59402.70605677,,,,,,,,,0000,0.5,81.69000244140625,00,1,neowise,10.722,0.018,9.697,0.016,60.4,69.4,10364.0,171.52,9521.4,137.21,AA
256.1723878,60.7417899,59402.83683262,,,,,,,,,0000,1.0,71.9219970703125,00,1,neowise,10.72,0.016,9.701,0.018,69.3,61.1,10385.0,149.77,9484.6,155.18,AA
256.1723768,60.7418047,59402.96748109,,,,,,,,,0000,0.5,73.02200317382812,00,1,neowise,10.724,0.018,9.716,0.017,61.2,64.1,10346.0,169.0,9354.8,146.02,AA
256.1723659,60.7418005,59403.09825698,,,,,,,,,0000,1.0,84.73300170898438,00,1,neowise,10.72,0.016,9.702,0.019,68.3,57.1,10386.0,152.03,9475.1,165.95,AA
256.172367,60.7418073,59403.75175466,,,,,,,,,0000,1.0,76.49500274658203,00,1,neowise,10.717,0.019,9.704,0.016,56.2,68.6,10412.0,185.23,9455.0,137.89,AA
256.1724028,60.7418049,59400.22207964,,,,,,,,,0000,1.0,101.57599639892578,00,1,neowise,10.719,0.018,9.712,0.019,59.7,58.6,10396.0,174.19,9391.1,160.28,AA
256.1723903,60.7418088,59400.35323743,,,,,,,,,0000,1.0,118.02899932861328,00,1,neowise,10.707,0.017,9.724,0.016,62.9,67.2,10506.0,167.03,9282.1,138.04,AA
256.1723953,60.7418027,59401.26828675,,,,,,,,,0000,0.5,109.04100036621094,00,1,neowise,10.79,0.019,9.671,0.018,56.8,61.1,9731.9,171.43,9749.1,159.65,AA
256.1724058,60.7418055,59402.05255965,,,,,,,,,0000,1.0,79.63099670410156,00,1,neowise,10.727,0.016,9.693,0.015,66.7,72.3,10313.0,154.62,9551.5,132.16,AA
256.1723941,60.7418078,59402.4446325,,,,,,,,,0000,1.0,116.34700012207031,00,1,neowise,10.708,0.018,9.688,0.015,60.8,72.2,10497.0,172.53,9594.0,132.86,AA
256.1724359,60.7417941,59402.57489894,,,,,,,,,0000,1.0,98.2030029296875,00,1,neowise,10.713,0.016,9.715,0.017,66.8,65.3,10454.0,156.51,9365.9,143.34,AA
256.1724129,60.7418009,59404.14344551,,,,,,,,,0000,1.0,88.7030029296875,00,1,neowise,10.724,0.016,9.707,0.015,69.0,74.0,10346.0,150.04,9428.1,127.41,AA
256.1723389,60.7417901,59400.09181321,,,,,,,,,0000,0.5,84.38999938964844,00,1,neowise,10.699,0.019,9.703,0.016,58.5,69.2,10591.0,181.15,9466.3,136.8,AA
256.1723307,60.7417778,59400.6146617,,,,,,,,,0000,0.5,94.30400085449219,00,1,neowise,10.766,0.019,9.715,0.016,55.9,69.8,9950.5,177.91,9359.4,134.09,AA
256.1723377,60.7417988,59400.87608659,,,,,,,,,0000,1.0,71.9010009765625,00,1,neowise,10.686,0.019,9.711,0.016,57.6,68.8,10713.0,186.1,9393.9,136.57,AA
256.17236,60.7418084,59401.6603595,,,,,,,,,0000,1.0,87.78099822998047,00,1,neowise,10.731,0.02,9.676,0.019,53.8,58.5,10280.0,191.05,9708.5,165.86,AA
256.1723588,60.7417929,59402.96760846,,,,,,,,,0000,1.0,73.53600311279297,00,1,neowise,10.711,0.018,9.72,0.018,59.3,59.1,10474.0,176.54,9322.8,157.87,AA
256.1723405,60.7417912,59403.22903278,,,,,,,,,0000,1.0,103.3550033569336,00,1,neowise,10.737,0.019,9.684,0.015,56.0,73.6,10222.0,182.56,9637.4,131.0,AA
256.1723648,60.7417919,59403.35968186,,,,,,,,,0000,1.0,118.9280014038086,00,1,neowise,10.709,0.015,9.731,0.015,70.9,71.4,10491.0,148.01,9228.7,129.19,AA
256.1723547,60.7417983,59403.48994836,,,,,,,,,0000,1.0,109.60299682617188,00,1,neowise,10.692,0.017,9.707,0.014,63.9,75.1,10651.0,166.67,9433.7,125.6,AA
256.1723512,60.7418055,59403.88253051,,,,,,,,,0000,1.0,71.66000366210938,00,1,neowise,10.719,0.016,9.698,0.015,67.4,70.5,10392.0,154.08,9512.9,134.92,AA
256.17233,60.7417943,59404.01317898,,,,,,,,,0000,1.0,75.31199645996094,00,1,neowise,10.698,0.019,9.69,0.015,58.1,72.2,10592.0,182.27,9577.5,132.58,AA
256.1723372,60.7418553,59399.96116463,,,,,,,,,0000,0.5,73.95899963378906,00,1,neowise,10.734,0.018,9.75,0.017,59.7,64.8,10247.0,171.57,9065.2,139.89,AA
256.17234,60.7418434,59401.13712891,,,,,,,,,0000,1.0,88.79100036621094,00,1,neowise,10.737,0.022,9.75,0.019,50.3,56.2,10224.0,203.27,9066.5,161.25,AA
256.1723028,60.7418235,59401.79113529,,,,,,,,,0000,1.0,74.05799865722656,00,1,neowise,10.712,0.017,9.716,0.017,62.6,63.9,10460.0,167.17,9350.5,146.28,AA
256.1723444,60.7418089,59401.00686243,,,,,,,,,0000,0.5,75.91999816894531,00,1,neowise,10.7,0.016,9.709,0.017,69.0,65.6,10573.0,153.26,9410.7,143.46,AA
256.172336,60.7418098,59401.13700155,,,,,,,,,0000,1.0,88.20800018310547,00,1,neowise,10.699,0.019,9.716,0.018,58.5,59.6,10588.0,180.92,9354.9,156.92,AA
256.1723445,60.7418121,59401.92178387,,,,,,,,,0000,1.0,72.46499633789062,00,1,neowise,10.717,0.019,9.688,0.016,57.2,66.7,10417.0,182.04,9596.4,143.96,AA
256.1723374,60.7418104,59404.0133063,,,,,,,,,0000,1.0,75.81700134277344,00,1,neowise,10.694,0.023,9.69,0.016,46.5,68.2,10633.0,228.67,9579.3,140.54,AA
256.1723919,60.7418294,60337.32561427,,,,,,,,,0000,1.0,74.37999725341797,00,1,neowise,10.722,0.018,9.689,0.017,59.6,64.4,10362.0,173.86,9590.0,148.83,AA
256.1724063,60.7418257,60337.45460774,,,,,,,,,0000,1.0,67.53800201416016,00,1,neowise,10.719,0.017,9.667,0.015,62.5,73.8,10393.0,166.34,9790.2,132.74,AA
256.1723738,60.7418222,60337.58347389,,,,,,,,,0000,1.0,71.99800109863281,00,1,neowise,10.686,0.017,9.66,0.016,62.1,68.7,10718.0,172.57,9845.8,143.28,AA
256.1724346,60.7418387,60337.84146076,,,,,,,,,0000,1.0,109.36399841308594,00,1,neowise,10.718,0.02,9.681,0.018,53.4,59.3,10406.0,194.99,9664.3,163.02,AA
256.1724127,60.7418428,60338.09932038,,,,,,,,,0000,1.0,103.34700012207031,00,1,neowise,10.743,0.019,9.68,0.016,58.3,66.7,10171.0,174.47,9665.2,144.95,AA
256.1723907,60.7418143,60337.7124673,,,,,,,,,0000,1.0,87.86100006103516,00,1,neowise,10.697,0.018,9.693,0.021,61.9,52.4,10603.0,171.2,9557.6,182.47,AA
256.1723996,60.7418151,60337.97032692,,,,,,,,,0000,1.0,123.59400177001953,00,1,neowise,10.72,0.016,9.662,0.013,66.9,80.9,10379.0,155.19,9834.5,121.55,AA
256.1723595,60.7417917,60337.8413334,,,,,,,,,0000,0.5,109.00599670410156,00,1,neowise,10.677,0.019,9.651,0.017,55.9,63.6,10804.0,193.44,9926.9,156.14,AA
256.1724451,60.7417896,60495.58547809,,,,,,,,,0000,0.5,98.27899932861328,00,1,neowise,10.729,0.019,9.739,0.018,57.7,60.5,10303.0,178.63,9157.3,151.26,AA
256.1724109,60.7417837,60495.8409183,,,,,,,,,0000,1.0,73.91300201416016,00,1,neowise,10.729,0.019,9.718,0.02,56.5,54.3,10299.0,182.37,9333.4,171.96,AA
256.1723816,60.7417776,60496.86254935,,,,,,,,,0000,0.5,73.39299774169922,00,1,neowise,10.698,0.019,9.816,0.019,58.4,57.6,10599.0,181.46,8527.6,148.15,AA
256.1723622,60.7418075,60497.62874144,,,,,,,,,0000,0.5,92.72799682617188,00,1,neowise,10.72,0.018,9.74,0.018,60.5,60.2,10388.0,171.72,9150.8,151.91,AA
256.1723814,60.7417777,60497.75646117,,,,,,,,,0000,0.5,77.94100189208984,00,1,neowise,10.754,0.017,9.701,0.019,65.8,56.3,10067.0,153.03,9484.9,168.47,AA
256.1723727,60.7418033,60497.88418098,,,,,,,,,0000,1.0,73.7239990234375,00,1,neowise,10.751,0.016,9.749,0.015,65.9,70.4,10095.0,153.24,9075.6,129.0,AA
256.1723887,60.7417959,60498.0117735,,,,,,,,,0000,0.5,76.78500366210938,00,1,neowise,10.74,0.018,9.7,0.015,58.8,72.5,10196.0,173.51,9493.9,130.94,AA
256.1723962,60.7418011,60498.13898396,,,,,,,,,0000,0.5,88.8499984741211,00,1,neowise,10.736,0.017,9.729,0.016,62.3,69.3,10233.0,164.37,9246.5,133.49,AA
256.1723706,60.7417958,60498.26721366,,,,,,,,,0000,1.0,108.07599639892578,00,1,neowise,10.72,0.016,9.722,0.018,67.3,61.4,10380.0,154.13,9303.7,151.56,AA
256.172394,60.7417735,60499.67187738,,,,,,,,,0000,1.0,87.09700012207031,00,1,neowise,10.732,0.015,9.747,0.015,70.4,70.0,10269.0,145.85,9092.1,129.8,AA
256.1724171,60.7418197,60496.09635799,,,,,,,,,0000,0.5,85.68599700927734,00,1,neowise,10.838,0.025,9.763,0.018,43.9,59.3,9312.9,211.99,8953.8,151.05,AA
256.1724683,60.7418115,60496.73482954,,,,,,,,,0000,1.0,79.76499938964844,00,1,neowise,10.721,0.019,9.682,0.016,56.3,68.4,10373.0,184.31,9647.3,140.98,AA
256.1723456,60.7417957,60495.96863816,,,,,,,,,0000,1.0,75.5530014038086,00,1,neowise,10.762,0.018,9.742,0.018,59.9,60.0,9992.5,166.92,9129.3,152.26,AA
256.1723297,60.7417939,60497.11798962,,,,,,,,,0000,0.5,88.28500366210938,00,1,neowise,10.752,0.017,9.77,0.019,63.8,56.4,10084.0,158.07,8902.2,157.87,AA
256.1723571,60.7418045,60497.37342926,,,,,,,,,0000,0.5,117.75199890136719,00,1,neowise,10.769,0.018,9.735,0.017,58.8,65.0,9926.5,168.78,9187.9,141.36,AA
256.1723396,60.7418037,60498.65024571,,,,,,,,,0000,1.0,89.8479995727539,00,1,neowise,10.748,0.016,9.718,0.016,66.9,67.9,10117.0,151.14,9340.6,137.54,AA
256.1723383,60.7418052,60499.28884476,,,,,,,,,0000,0.5,110.4229965209961,00,1,neowise,10.75,0.015,9.741,0.016,70.1,66.7,10100.0,144.13,9138.7,137.03,AA
256.1723297,60.7417959,60499.54377561,,,,,,,,,0000,1.0,103.64099884033203,00,1,neowise,10.773,0.017,9.727,0.017,63.2,63.9,9893.4,156.6,9262.5,144.93,AA
256.1722771,60.7418432,60496.60723713,,,,,,,,,0000,0.5,95.52100372314453,00,1,neowise,10.719,0.017,9.744,0.027,63.1,40.0,10394.0,164.63,9113.8,227.85,AA
256.1723397,60.74183,60497.24570943,,,,,,,,,0000,1.0,105.33999633789062,00,1,neowise,10.758,0.016,9.783,0.022,66.0,48.4,10027.0,151.96,8791.5,181.79,AA
256.1723558,60.741816,60498.39493347,,,,,,,,,0000,0.5,117.75800323486328,00,1,neowise,10.734,0.016,9.723,0.016,68.1,68.1,10249.0,150.51,9294.3,136.58,AA
256.172347,60.7418331,60498.90555799,,,,,,,,,0000,0.5,73.3479995727539,00,1,neowise,10.703,0.02,9.716,0.017,54.0,65.8,10551.0,195.35,9353.0,142.15,AA
256.1723542,60.7418249,60499.16074295,,,,,,,,,0000,1.0,92.85700225830078,00,1,neowise,10.735,0.017,9.702,0.015,62.6,70.7,10244.0,163.6,9474.0,134.06,AA
256.1722779,60.7418279,60496.47951735,,,,,,,,,0000,1.0,111.32599639892578,00,1,neowise,10.786,0.018,9.711,0.017,59.5,62.8,9768.4,164.24,9397.3,149.54,AA
256.1723014,60.7418172,60496.73495685,,,,,,,,,0000,1.0,80.0979995727539,00,1,neowise,10.721,0.023,9.77,0.02,47.0,53.7,10377.0,220.86,8901.2,165.74,AA
256.1723344,60.7418069,60498.01190086,,,,,,,,,0000,1.0,77.56500244140625,00,1,neowise,10.729,0.019,9.745,0.019,58.2,58.6,10299.0,177.11,9111.3,155.46,AA
256.1723974,60.7418272,57051.59001794,,,,,,,,,0000,1.0,79.97100067138672,00,1,neowise,10.773,0.018,9.724,0.016,59.2,67.4,9853.6,166.33,9341.4,138.65,AA
256.1723533,60.7418363,57049.55349823,,,,,,,,,0000,1.0,76.26100158691406,00,1,neowise,10.783,0.017,9.718,0.016,63.0,68.2,9760.7,154.96,9390.5,137.62,AA
256.1724113,60.7418273,57050.80166722,,,,,,,,,0000,1.0,110.1780014038086,00,1,neowise,10.792,0.02,9.723,0.016,54.6,68.7,9686.0,177.49,9343.5,135.99,AA
256.1724435,60.7418352,57051.72143098,,,,,,,,,0000,1.0,98.03299713134766,00,1,neowise,10.749,0.02,9.731,0.016,54.2,66.9,10077.0,185.87,9275.2,138.61,AA
256.1724039,60.7418368,57049.6192048,,,,,,,,,0000,1.0,83.61299896240234,00,1,neowise,10.771,0.018,9.726,0.015,59.5,70.1,9873.6,166.0,9320.3,132.89,AA
256.1723635,60.7418139,57051.32719194,,,,,,,,,0000,1.0,72.60399627685547,00,1,neowise,10.766,0.019,9.722,0.016,57.1,69.8,9921.7,173.78,9351.5,133.95,AA
256.1724033,60.7418395,57050.40755546,,,,,,,,,0000,1.0,70.83899688720703,00,1,neowise,10.743,0.022,9.71,0.017,49.8,63.4,10129.0,203.45,9464.1,149.36,AA
256.1723903,60.7418329,57049.61907743,,,,,,,,,0000,1.0,83.7770004272461,00,1,neowise,10.758,0.019,9.706,0.014,58.6,76.2,9988.5,170.46,9495.1,124.56,AA
256.1724097,60.7418228,57051.06449326,,,,,,,,,0000,1.0,102.95600128173828,00,1,neowise,10.779,0.018,9.737,0.016,60.3,69.4,9803.2,162.57,9224.6,132.88,AA
256.1724081,60.7417866,57050.40742815,,,,,,,,,0000,1.0,71.53900146484375,00,1,neowise,10.77,0.019,9.716,0.016,55.7,68.4,9878.2,177.2,9411.1,137.59,AA
256.1724441,60.7418027,57050.53884119,,,,,,,,,0000,1.0,75.26699829101562,00,1,neowise,10.788,0.017,9.739,0.016,62.8,68.8,9714.2,154.72,9212.5,133.99,AA
256.1724956,60.741791,57049.68478396,,,,,,,,,0000,0.0,92.69300079345703,00,1,neowise,11.214,0.017,9.972,0.016,65.0,68.4,6565.5,100.96,7428.2,108.54,AA
256.1724038,60.7418075,57050.01331652,,,,,,,,,0000,1.0,110.1240005493164,00,1,neowise,10.772,0.016,9.728,0.014,68.0,75.6,9867.2,145.16,9301.8,123.04,AA
256.1724508,60.7418233,57051.85284403,,,,,,,,,0000,1.0,116.95500183105469,00,1,neowise,10.77,0.02,9.699,0.017,55.5,64.5,9883.6,178.14,9554.8,148.17,AA
256.1724208,60.7418112,57050.14472956,,,,,,,,,0000,1.0,93.9229965209961,00,1,neowise,10.762,0.016,9.716,0.016,69.6,67.9,9953.8,143.1,9411.6,138.55,AA
256.1724347,60.7418191,57051.19590631,,,,,,,,,0000,1.0,85.93399810791016,00,1,neowise,10.77,0.02,9.739,0.015,55.4,71.1,9876.8,178.18,9209.6,129.53,AA
256.1723882,60.7418081,57051.9841297,,,,,,,,,0000,1.0,114.31900024414062,00,1,neowise,10.762,0.019,9.74,0.018,58.0,59.8,9954.4,171.74,9201.9,153.85,AA
256.1724057,60.7418133,57050.27614247,,,,,,,,,0000,1.0,76.29299926757812,00,1,neowise,10.784,0.018,9.736,0.018,60.0,61.8,9751.7,162.47,9234.7,149.5,AA
256.1724051,60.7418144,57052.24695579,,,,,,,,,0000,0.0,79.33000183105469,00,1,neowise,11.634,0.019,10.458,0.018,57.5,61.8,4460.3,77.618,4748.5,76.832,AA
256.1724061,60.7418051,57049.75049047,,,,,,,,,0000,1.0,102.3030014038086,00,1,neowise,10.77,0.016,9.729,0.015,66.9,71.8,9880.1,147.74,9299.1,129.54,AA
256.1724088,60.7418153,57051.19577899,,,,,,,,,0000,1.0,86.447998046875,00,1,neowise,10.763,0.021,9.716,0.016,50.8,66.2,9942.8,195.79,9407.9,142.22,AA
256.1724206,60.7418103,57049.88190352,,,,,,,,,0000,1.0,118.7509994506836,00,1,neowise,10.78,0.017,9.724,0.014,65.3,77.3,9788.8,150.01,9339.3,120.83,AA
256.1724293,60.7418191,57050.67025424,,,,,,,,,0000,1.0,90.64199829101562,00,1,neowise,10.774,0.016,9.722,0.015,69.6,72.9,9840.7,141.32,9352.9,128.31,AA
256.1723934,60.7418148,57050.93308027,,,,,,,,,0000,1.0,120.13300323486328,00,1,neowise,10.784,0.017,9.731,0.014,63.7,78.9,9757.5,153.2,9281.9,117.59,AA
256.1724156,60.7418196,57052.11554274,,,,,,,,,0000,1.0,97.1520004272461,00,1,neowise,10.794,0.016,9.707,0.013,69.9,86.6,9663.9,138.32,9488.4,109.6,AA
256.1723445,60.7418211,57051.85271671,,,,,,,,,0000,1.0,116.48300170898438,00,1,neowise,10.78,0.02,9.722,0.016,54.2,66.6,9786.8,180.41,9353.2,140.34,AA
256.1723961,60.7418349,59969.30698161,,,,,,,,,0000,1.0,73.7509994506836,00,1,neowise,10.726,0.017,9.65,0.015,64.3,74.3,10328.0,160.61,9944.8,133.87,AA
256.1723868,60.7418413,59969.43724856,,,,,,,,,0000,1.0,64.62999725341797,00,1,neowise,10.686,0.018,9.643,0.016,61.5,69.4,10712.0,174.04,10003.0,144.16,AA
256.1724236,60.7418343,59969.56738808,,,,,,,,,0000,1.0,68.63800048828125,00,1,neowise,10.719,0.017,9.661,0.016,64.8,67.9,10398.0,160.45,9836.9,144.96,AA
256.1724099,60.7418259,59969.8277945,,,,,,,,,0000,1.0,108.30999755859375,00,1,neowise,10.716,0.016,9.703,0.015,69.2,71.7,10418.0,150.45,9470.9,132.12,AA
256.1723724,60.7418323,59969.95806147,,,,,,,,,0000,0.5,125.83300018310547,00,1,neowise,10.675,0.02,9.632,0.015,53.9,72.2,10824.0,200.91,10103.0,139.88,AA
256.1724434,60.7418315,59970.34860753,,,,,,,,,0000,1.0,68.69000244140625,00,1,neowise,10.708,0.017,9.675,0.015,64.2,70.9,10496.0,163.59,9711.2,136.92,AA
256.1724166,60.7418245,59970.47874714,,,,,,,,,0000,1.0,65.64800262451172,00,1,neowise,10.711,0.016,9.676,0.014,66.7,77.4,10468.0,157.0,9702.2,125.34,AA
256.1723941,60.7418288,59970.60888664,,,,,,,,,0000,1.0,73.1240005493164,00,1,neowise,10.714,0.016,9.68,0.015,66.7,71.7,10442.0,156.59,9672.2,134.86,AA
256.1723668,60.7418226,59970.73902682,,,,,,,,,0000,1.0,92.10700225830078,00,1,neowise,10.704,0.015,9.646,0.016,70.9,69.0,10538.0,148.7,9980.8,144.55,AA
256.1723677,60.7418319,59970.86929373,,,,,,,,,0000,1.0,116.1240005493164,00,1,neowise,10.694,0.019,9.684,0.016,57.2,66.1,10635.0,185.8,9632.7,145.71,AA
256.172383,60.74183,59971.12957293,,,,,,,,,0000,1.0,96.69400024414062,00,1,neowise,10.709,0.019,9.676,0.015,57.5,71.0,10488.0,182.55,9704.2,136.65,AA
256.1723988,60.7418392,59971.2598398,,,,,,,,,0000,1.0,80.20500183105469,00,1,neowise,10.742,0.017,9.671,0.015,65.6,73.5,10177.0,155.13,9747.5,132.67,AA
256.172378,60.7418243,59971.78065274,,,,,,,,,0000,1.0,99.69100189208984,00,1,neowise,10.722,0.017,9.678,0.016,62.8,66.2,10369.0,165.1,9688.3,146.28,AA
256.1724066,60.741824,59972.56174499,,,,,,,,,0000,1.0,67.74600219726562,00,1,neowise,10.686,0.018,9.687,0.018,61.5,61.2,10713.0,174.18,9609.4,157.09,AA
256.1723957,60.7418258,59972.82215146,,,,,,,,,0000,1.0,107.51300048828125,00,1,neowise,10.716,0.018,9.662,0.016,59.3,69.3,10424.0,175.85,9826.7,141.84,AA
256.1723721,60.741826,59972.9522911,,,,,,,,,0000,1.0,126.73799896240234,00,1,neowise,10.737,0.017,9.665,0.015,65.0,74.3,10225.0,157.37,9804.7,132.0,AA
256.172415,60.7418225,59973.08243071,,,,,,,,,0000,1.0,103.39600372314453,00,1,neowise,10.609,0.023,9.633,0.017,47.2,64.9,11496.0,243.44,10097.0,155.68,AA
256.1724115,60.7418519,59973.08255802,,,,,,,,,0000,1.0,103.02200317382812,00,1,neowise,10.714,0.021,9.673,0.018,50.6,59.3,10439.0,206.13,9732.4,164.09,AA
256.1724099,60.7418391,59973.21269767,,,,,,,,,0000,1.0,86.56300354003906,00,1,neowise,10.745,0.019,9.703,0.017,56.7,62.7,10150.0,178.96,9465.3,151.05,AA
256.17239,60.7418411,59973.47310419,,,,,,,,,0000,1.0,64.5979995727539,00,1,neowise,10.716,0.02,9.677,0.017,54.6,64.5,10419.0,190.9,9697.9,150.24,AA
256.1724177,60.7418367,59973.60324374,,,,,,,,,0000,1.0,71.81300354003906,00,1,neowise,10.709,0.016,9.683,0.015,66.3,72.6,10492.0,158.33,9645.0,132.89,AA
256.172406,60.7418291,59973.86365078,,,,,,,,,0000,1.0,115.35700225830078,00,1,neowise,10.735,0.019,9.682,0.016,57.8,66.7,10241.0,177.08,9654.4,144.75,AA
256.1723854,60.7417898,59969.69752763,,,,,,,,,0000,1.0,85.30899810791016,00,1,neowise,10.695,0.02,9.685,0.015,54.6,73.1,10626.0,194.51,9622.5,131.61,AA
256.1724317,60.741782,59969.95793414,,,,,,,,,0000,1.0,125.95899963378906,00,1,neowise,10.728,0.019,9.665,0.016,57.3,68.9,10305.0,179.84,9803.5,142.29,AA
256.172385,60.7417898,59970.21834067,,,,,,,,,0000,1.0,86.78199768066406,00,1,neowise,10.7,0.019,9.683,0.015,56.8,71.4,10578.0,186.09,9639.8,135.03,AA
256.1724029,60.7417998,59971.38997935,,,,,,,,,0000,1.0,65.68099975585938,00,1,neowise,10.734,0.019,9.663,0.017,57.3,62.4,10251.0,179.03,9826.3,157.5,AA
256.1724244,60.7417876,59972.04093194,,,,,,,,,0000,1.0,110.61699676513672,00,1,neowise,10.684,0.019,9.701,0.015,57.9,70.9,10730.0,185.41,9484.2,133.73,AA
256.1723735,60.7418032,59972.30133851,,,,,,,,,0000,1.0,74.12999725341797,00,1,neowise,10.737,0.02,9.659,0.018,54.0,59.0,10222.0,189.46,9862.5,167.04,AA
256.172424,60.7418165,59970.08820111,,,,,,,,,0000,1.0,102.70899963378906,00,1,neowise,10.703,0.015,9.676,0.015,70.3,71.8,10545.0,149.91,9701.6,135.15,AA
256.172423,60.7418218,59971.1297003,,,,,,,,,0000,1.0,96.02400207519531,00,1,neowise,10.73,0.02,9.675,0.017,54.4,62.5,10292.0,189.24,9717.5,155.55,AA
256.1724283,60.7418104,59971.65038582,,,,,,,,,0000,1.0,78.37100219726562,00,1,neowise,10.718,0.017,9.658,0.015,64.5,73.8,10408.0,161.39,9866.8,133.61,AA
256.1724372,60.7418177,59971.9107924,,,,,,,,,0000,1.0,122.8270034790039,00,1,neowise,10.707,0.017,9.677,0.016,62.6,68.5,10505.0,167.83,9695.8,141.56,AA
256.1724207,60.7418152,59972.43160547,,,,,,,,,0000,1.0,64.08599853515625,00,1,neowise,10.701,0.02,9.691,0.016,55.5,65.9,10563.0,190.38,9569.5,145.16,AA
256.1723958,60.7418139,59972.69188454,,,,,,,,,0000,1.0,84.22599792480469,00,1,neowise,10.694,0.018,9.665,0.015,60.7,72.9,10634.0,175.24,9804.7,134.51,AA
256.1723807,60.7418125,59973.34283722,,,,,,,,,0000,1.0,69.0770034790039,00,1,neowise,10.709,0.018,9.686,0.016,60.4,67.9,10488.0,173.7,9618.1,141.55,AA
256.1724228,60.7418077,59973.73338387,,,,,,,,,0000,1.0,91.08000183105469,00,1,neowise,10.702,0.02,9.679,0.017,54.0,64.9,10557.0,195.54,9675.9,149.1,AA
256.1723288,60.7418248,59969.69765494,,,,,,,,,0000,1.0,85.15799713134766,00,1,neowise,10.662,0.027,9.65,0.016,39.8,68.4,10950.0,275.29,9938.1,145.28,AA
256.1723378,60.7418291,59970.99943338,,,,,,,,,0000,1.0,118.11399841308594,00,1,neowise,10.709,0.016,9.698,0.016,68.8,67.7,10493.0,152.62,9513.4,140.45,AA
256.1723653,60.7418149,56866.50970502,,,,,,,,,0000,1.0,98.03399658203125,00,1,neowise,10.8,0.015,9.719,0.016,70.1,69.7,9635.0,137.47,9314.0,133.67,AA
256.1723658,60.7418171,56866.9044517,,,,,,,,,0000,1.0,71.95800018310547,00,1,neowise,10.805,0.021,9.713,0.017,51.5,65.4,9592.8,186.19,9364.4,143.23,AA
256.172406,60.7417886,56867.03599145,,,,,,,,,0000,1.0,84.69000244140625,00,1,neowise,10.781,0.016,9.716,0.016,69.2,69.7,9806.0,141.69,9338.8,133.92,AA
256.1723651,60.7418055,56866.37816523,,,,,,,,,0000,1.0,115.78099822998047,00,1,neowise,10.773,0.016,9.729,0.015,69.3,70.9,9877.8,142.47,9233.2,130.15,AA
256.1724183,60.7417948,56865.32559257,,,,,,,,,0000,1.0,120.74299621582031,00,1,neowise,10.819,0.017,9.713,0.015,65.5,71.1,9466.9,144.6,9367.7,131.72,AA
256.1723828,60.7417914,56865.4571323,,,,,,,,,0000,1.0,104.31400299072266,00,1,neowise,10.763,0.015,9.729,0.017,71.7,65.4,9969.1,139.04,9228.1,141.17,AA
256.1723645,60.7418086,56864.79930619,,,,,,,,,0000,1.0,70.61299896240234,00,1,neowise,10.78,0.018,9.709,0.018,61.3,60.4,9812.2,160.11,9401.2,155.56,AA
256.1723715,60.7417993,56862.82569994,,,,,,,,,0000,1.0,71.30400085449219,00,1,neowise,10.77,0.02,9.696,0.015,55.4,72.3,9901.8,178.65,9518.0,131.57,AA
256.1724051,60.7417986,56865.06238572,,,,,,,,,0000,1.0,88.74700164794922,00,1,neowise,10.759,0.016,9.732,0.016,67.3,68.3,10007.0,148.68,9200.7,134.66,AA
256.1723859,60.741805,56862.6941602,,,,,,,,,0000,1.0,75.53500366210938,00,1,neowise,10.763,0.017,9.704,0.017,63.0,64.9,9965.2,158.19,9447.1,145.63,AA
256.1723793,60.741807,56865.58867205,,,,,,,,,0000,1.0,87.73699951171875,00,1,neowise,10.778,0.015,9.718,0.015,70.4,73.2,9833.2,139.72,9319.8,127.24,AA
256.1724253,60.7418056,56866.77278455,,,,,,,,,0000,1.0,69.69599914550781,00,1,neowise,10.783,0.017,9.726,0.016,65.6,68.1,9783.9,149.09,9255.3,135.91,AA
256.1724128,60.7418126,56865.72021175,,,,,,,,,0000,1.0,72.37999725341797,00,1,neowise,10.77,0.017,9.725,0.016,62.4,66.7,9904.5,158.61,9260.2,138.86,AA
256.1724232,60.7418108,56863.35198693,,,,,,,,,0000,0.5,118.947998046875,00,1,neowise,10.81,0.02,9.711,0.015,53.8,73.7,9551.4,177.53,9387.7,127.34,AA
256.1723753,60.7418084,56865.8518789,,,,,,,,,0000,1.0,71.1780014038086,00,1,neowise,10.793,0.017,9.72,0.015,64.5,70.6,9696.2,150.21,9306.8,131.89,AA
256.1723695,60.741789,56863.61519374,,,,,,,,,0000,1.0,84.05799865722656,00,1,neowise,10.781,0.018,9.746,0.016,60.8,69.2,9809.8,161.41,9086.3,131.37,AA
256.1723536,60.7418051,56866.24649817,,,,,,,,,0000,1.0,116.03099822998047,00,1,neowise,10.802,0.016,9.734,0.015,66.2,70.4,9618.1,145.36,9189.5,130.54,AA
256.1723677,60.7417906,56865.19392551,,,,,,,,,0000,1.0,108.50700378417969,00,1,neowise,10.78,0.018,9.737,0.015,59.5,70.2,9810.3,164.77,9164.9,130.61,AA
256.1723608,60.7417872,56862.56262046,,,,,,,,,0000,1.0,91.45600128173828,00,1,neowise,10.798,0.019,9.734,0.017,57.6,62.8,9650.6,167.55,9189.4,146.34,AA
256.1723583,60.7417988,56864.00981306,,,,,,,,,0000,1.0,81.76200103759766,00,1,neowise,10.756,0.018,9.74,0.016,59.5,68.2,10038.0,168.85,9139.3,134.06,AA
256.1723484,60.7418036,56863.22044662,,,,,,,,,0000,1.0,112.33899688720703,00,1,neowise,10.781,0.018,9.713,0.016,59.8,67.0,9805.6,163.87,9362.8,139.68,AA
256.1723446,60.741776,56863.08890684,,,,,,,,,0000,0.0,93.00299835205078,00,1,neowise,10.795,0.021,9.717,0.016,52.9,67.0,9683.8,183.06,9334.9,139.42,AA
256.1723622,60.7417888,56865.19405282,,,,,,,,,0000,1.0,108.61399841308594,00,1,neowise,10.804,0.019,9.716,0.016,56.9,68.3,9601.0,168.67,9343.8,136.84,AA
256.1723553,60.741804,56864.93084597,,,,,,,,,0000,1.0,73.7509994506836,00,1,neowise,10.784,0.016,9.718,0.014,69.1,75.5,9779.7,141.57,9322.9,123.51,AA
256.1723028,60.7417968,56865.72033911,,,,,,,,,0000,1.0,72.74299621582031,00,1,neowise,10.82,0.018,9.742,0.016,60.9,67.1,9461.7,155.41,9115.9,135.77,AA
256.1723563,60.7418054,56862.95723978,,,,,,,,,0000,1.0,76.18900299072266,00,1,neowise,10.732,0.021,9.716,0.016,52.6,68.5,10260.0,195.2,9336.3,136.23,AA
256.1723436,60.7417984,56863.48352663,,,,,,,,,0000,1.0,101.1510009765625,00,1,neowise,10.775,0.018,9.716,0.015,59.7,70.7,9858.7,165.06,9344.1,132.09,AA
256.1723016,60.7417954,56863.87827326,,,,,,,,,0000,1.0,71.86299896240234,00,1,neowise,10.776,0.017,9.708,0.016,62.7,69.6,9847.6,157.13,9407.5,135.18,AA
256.1723279,60.7418182,56866.11495847,,,,,,,,,0000,1.0,96.07599639892578,00,1,neowise,10.787,0.015,9.726,0.016,72.6,69.2,9754.7,134.4,9250.8,133.62,AA
256.1723556,60.7418198,56866.64124477,,,,,,,,,0000,1.0,80.3270034790039,00,1,neowise,10.794,0.016,9.703,0.017,67.4,65.1,9693.2,143.87,9452.9,145.22,AA
256.1723309,60.7418314,56864.40455955,,,,,,,,,0000,1.0,111.73100280761719,00,1,neowise,10.745,0.017,9.735,0.017,62.5,63.4,10140.0,162.16,9181.7,144.93,AA
256.1723234,60.741824,56864.53609929,,,,,,,,,0000,1.0,95.29199981689453,00,1,neowise,10.78,0.018,9.728,0.015,59.4,71.1,9815.0,165.31,9238.7,129.92,AA
256.1723455,60.7418146,56863.74673348,,,,,,,,,0000,1.0,71.55999755859375,00,1,neowise,10.764,0.016,9.741,0.016,70.0,65.9,9957.9,142.31,9130.6,138.52,AA
256.1723489,60.7418185,56864.27301986,,,,,,,,,0000,1.0,118.25199890136719,00,1,neowise,10.781,0.015,9.731,0.017,70.1,64.5,9805.9,139.89,9216.2,142.87,AA
256.1723426,60.7418103,56864.14148016,,,,,,,,,0000,1.0,100.6449966430664,00,1,neowise,10.788,0.017,9.721,0.015,62.6,72.9,9739.2,155.61,9293.5,127.41,AA
256.1723478,60.7418101,56864.6677664,,,,,,,,,0000,1.0,77.61199951171875,00,1,neowise,10.794,0.018,9.731,0.016,59.4,68.3,9689.3,163.03,9213.5,134.92,AA
256.1723499,60.7418119,56865.98341869,,,,,,,,,0000,1.0,78.36199951171875,00,1,neowise,10.777,0.016,9.724,0.014,68.9,77.2,9842.6,142.77,9268.1,120.13,AA
256.1723975,60.74182,58876.94650441,,,,,,,,,0000,1.0,126.68199920654297,00,1,neowise,10.756,0.018,9.686,0.014,60.8,77.5,10047.0,165.18,9616.9,124.16,AA
256.1723942,60.7418348,58877.20805675,,,,,,,,,0000,1.0,87.49800109863281,00,1,neowise,10.77,0.019,9.7,0.015,56.0,71.1,9916.2,177.12,9492.1,133.41,AA
256.1723964,60.74182,58877.33896024,,,,,,,,,0000,1.0,69.1240005493164,00,1,neowise,10.743,0.018,9.729,0.019,61.2,57.4,10170.0,166.2,9239.1,160.97,AA
256.1724013,60.7418216,58877.46973637,,,,,,,,,0000,1.0,63.827999114990234,00,1,neowise,10.752,0.017,9.697,0.017,64.8,64.7,10085.0,155.65,9517.7,147.03,AA
256.1724075,60.7418312,58877.60051258,,,,,,,,,0000,1.0,69.93699645996094,00,1,neowise,10.721,0.019,9.69,0.015,57.8,70.3,10372.0,179.48,9585.0,136.28,AA
256.1723655,60.7418369,58877.73128875,,,,,,,,,0000,1.0,88.91400146484375,00,1,neowise,10.726,0.022,9.683,0.016,49.9,67.2,10329.0,206.85,9645.7,143.51,AA
256.1724008,60.7418298,58877.73141611,,,,,,,,,0000,1.0,88.79399871826172,00,1,neowise,10.73,0.02,9.7,0.018,54.6,60.4,10286.0,188.47,9496.6,157.16,AA
256.1724107,60.7418248,58877.99296851,,,,,,,,,0000,1.0,120.74500274658203,00,1,neowise,10.748,0.016,9.712,0.015,67.2,73.7,10118.0,150.61,9389.7,127.45,AA
256.1724057,60.7418275,58878.25464816,,,,,,,,,0000,1.0,81.39700317382812,00,1,neowise,10.748,0.019,9.704,0.017,58.3,63.3,10121.0,173.5,9457.9,149.34,AA
256.1724032,60.7418283,58878.38542434,,,,,,,,,0000,1.0,65.05400085449219,00,1,neowise,10.77,0.017,9.677,0.015,64.9,73.1,9914.2,152.75,9694.7,132.61,AA
256.1724192,60.7417815,58876.81560093,,,,,,,,,0000,1.0,104.62699890136719,00,1,neowise,10.715,0.019,9.706,0.015,58.2,70.2,10433.0,179.3,9437.3,134.4,AA
256.1724255,60.7418177,58876.55404858,,,,,,,,,0000,1.0,65.89199829101562,00,1,neowise,10.745,0.019,9.721,0.015,58.5,72.9,10149.0,173.47,9314.3,127.82,AA
256.1724147,60.7418182,58876.6848247,,,,,,,,,0000,1.0,81.33399963378906,00,1,neowise,10.738,0.017,9.68,0.017,65.6,63.7,10209.0,155.53,9670.2,151.71,AA
256.1723879,60.7418123,58877.07728062,,,,,,,,,0000,1.0,105.1449966430664,00,1,neowise,10.751,0.017,9.703,0.017,64.6,62.3,10087.0,156.09,9468.4,151.99,AA
256.1724424,60.7418241,58877.86219229,,,,,,,,,0000,1.0,113.68499755859375,00,1,neowise,10.736,0.017,9.702,0.016,64.5,69.0,10233.0,158.64,9471.6,137.22,AA
256.1724021,60.7418027,58878.12374468,,,,,,,,,0000,1.0,97.69300079345703,00,1,neowise,10.694,0.019,9.699,0.017,56.8,63.8,10631.0,187.2,9502.2,149.03,AA
256.1723605,60.741814,59770.43608299,,,,,,,,,0000,1.0,117.3010025024414,00,1,neowise,10.724,0.015,9.686,0.015,70.4,72.1,10345.0,147.03,9614.2,133.42,AA
256.1723677,60.7418287,59770.5666042,,,,,,,,,0000,1.0,98.77899932861328,00,1,neowise,10.707,0.016,9.694,0.016,68.6,68.1,10506.0,153.24,9547.6,140.25,AA
256.1723595,60.741822,59770.69699801,,,,,,,,,0000,1.0,81.49099731445312,00,1,neowise,10.726,0.019,9.677,0.015,57.5,72.4,10329.0,179.54,9694.1,133.88,AA
256.1723719,60.7418481,59771.08843435,,,,,,,,,0000,0.5,82.1719970703125,00,1,neowise,10.724,0.016,9.717,0.015,68.2,73.0,10345.0,151.63,9344.3,128.05,AA
256.1723565,60.7418262,59771.21882825,,,,,,,,,0000,1.0,101.50499725341797,00,1,neowise,10.723,0.019,9.67,0.015,56.0,71.8,10358.0,185.01,9758.4,135.9,AA
256.1723888,60.7417753,59769.39242203,,,,,,,,,0000,0.5,121.39600372314453,00,1,neowise,10.733,0.019,9.687,0.017,57.7,63.3,10259.0,177.86,9611.6,151.8,AA
256.1723848,60.7417766,59769.65333711,,,,,,,,,0000,1.0,88.00399780273438,00,1,neowise,10.696,0.022,9.7,0.016,49.8,65.9,10615.0,213.36,9494.4,144.17,AA
256.1723848,60.7417835,59769.91425218,,,,,,,,,0000,1.0,70.27100372314453,00,1,neowise,10.73,0.016,9.678,0.018,68.5,61.5,10293.0,150.26,9688.1,157.61,AA
256.1723658,60.7418048,59770.30568909,,,,,,,,,0000,1.0,115.16200256347656,00,1,neowise,10.734,0.016,9.683,0.016,67.7,66.1,10250.0,151.45,9638.8,145.8,AA
256.1723849,60.7417807,59771.47987074,,,,,,,,,0000,1.0,110.35600280761719,00,1,neowise,10.725,0.019,9.672,0.015,57.8,70.3,10339.0,178.9,9741.6,138.52,AA
256.1724076,60.7418118,59769.78373096,,,,,,,,,0000,1.0,72.18299865722656,00,1,neowise,10.733,0.016,9.681,0.021,66.8,50.5,10256.0,153.5,9658.2,191.12,AA
256.1723773,60.7418077,59770.04464612,,,,,,,,,0000,1.0,76.7300033569336,00,1,neowise,10.715,0.019,9.684,0.016,57.3,69.7,10435.0,182.04,9637.3,138.3,AA
256.1724483,60.7418118,59770.82751924,,,,,,,,,0000,1.0,69.58699798583984,00,1,neowise,10.712,0.015,9.605,0.015,70.6,72.4,10463.0,148.29,10364.0,143.23,AA
256.1724123,60.7418132,59771.34934948,,,,,,,,,0000,1.0,120.29399871826172,00,1,neowise,10.723,0.016,9.692,0.016,68.2,69.0,10356.0,151.77,9558.8,138.45,AA
256.1723255,60.7417942,59769.39229466,,,,,,,,,0000,0.5,121.91200256347656,00,1,neowise,10.706,0.018,9.714,0.015,58.7,71.4,10515.0,178.98,9369.0,131.31,AA
256.1723274,60.7417905,59770.04477344,,,,,,,,,0000,1.0,77.43399810791016,00,1,neowise,10.699,0.018,9.686,0.016,58.8,67.4,10583.0,179.9,9620.5,142.74,AA
256.1723053,60.7417965,59771.21895562,,,,,,,,,0000,1.0,101.69400024414062,00,1,neowise,10.69,0.025,9.685,0.017,44.1,64.7,10676.0,241.92,9622.9,148.84,AA
256.1723343,60.7418341,59770.95804045,,,,,,,,,0000,0.5,70.98699951171875,00,1,neowise,10.735,0.016,9.709,0.015,66.6,70.2,10245.0,153.9,9411.2,134.03,AA
256.1722829,60.7418003,59770.69712532,,,,,,,,,0000,1.0,81.67900085449219,00,1,neowise,10.71,0.021,9.66,0.016,51.1,68.9,10476.0,205.07,9845.7,142.99,AA
256.1723919,60.7418398,60494.94738839,,,,,,,,,0000,0.5,75.08499908447266,00,1,neowise,10.738,0.021,9.722,0.018,51.5,61.1,10218.0,198.57,9303.8,152.31,AA
256.1724043,60.7418515,60495.20244603,,,,,,,,,0000,0.5,98.65299987792969,00,1,neowise,10.731,0.017,9.893,0.029,64.1,36.9,10276.0,160.32,7946.0,215.54,AA
256.1724217,60.7418472,60495.45839494,,,,,,,,,0000,0.5,113.35199737548828,00,1,neowise,10.728,0.017,9.741,0.022,62.7,48.9,10308.0,164.45,9143.0,187.06,AA
256.1723812,60.7417947,60495.33067516,,,,,,,,,0000,0.5,114.47000122070312,00,1,neowise,10.742,0.018,9.734,0.02,61.4,53.7,10180.0,165.85,9201.2,171.5,AA
256.1724013,60.7418158,60494.81966856,,,,,,,,,0000,1.0,74.59600067138672,00,1,neowise,10.726,0.02,9.689,0.018,54.2,61.5,10325.0,190.52,9591.4,156.03,AA
256.172356,60.7417988,60494.6919488,,,,,,,,,0000,0.5,84.64199829101562,00,1,neowise,10.745,0.017,9.727,0.017,63.8,63.2,10148.0,159.04,9256.8,146.56,AA
256.172286,60.7417551,60494.94751575,,,,,,,,,0000,0.5,75.59700012207031,00,1,neowise,10.733,0.02,9.717,0.017,54.1,63.3,10261.0,189.83,9343.0,147.5,AA
256.1723489,60.7417838,60495.07523557,,,,,,,,,0000,0.5,83.88600158691406,00,1,neowise,10.731,0.02,9.821,0.026,54.5,42.2,10277.0,188.41,8491.4,201.01,AA
256.1723565,60.7418313,57780.66363065,,,,,,,,,0000,1.0,84.35800170898438,00,1,neowise,10.834,0.019,9.736,0.017,56.0,62.1,9357.9,166.96,9188.6,147.9,AA
256.1723787,60.7418461,57781.71150075,,,,,,,,,0000,1.0,91.2979965209961,00,1,neowise,10.803,0.019,9.728,0.016,56.1,67.0,9631.6,171.79,9252.3,138.13,AA
256.1723728,60.7418301,57781.97343633,,,,,,,,,0000,1.0,120.16899871826172,00,1,neowise,10.819,0.018,9.716,0.017,59.4,64.2,9487.1,159.64,9360.5,145.87,AA
256.1723882,60.7418257,57782.1044678,,,,,,,,,0000,1.0,99.46399688720703,00,1,neowise,10.788,0.021,9.78,0.02,52.3,54.8,9760.5,186.55,8824.1,161.02,AA
256.1723781,60.7418181,57782.23537191,,,,,,,,,0000,1.0,83.46800231933594,00,1,neowise,10.82,0.02,9.738,0.017,55.6,62.7,9479.4,170.37,9170.7,146.32,AA
256.1723859,60.7418317,57782.36640328,,,,,,,,,0000,1.0,68.9800033569336,00,1,neowise,10.808,0.018,9.737,0.017,61.8,63.2,9590.4,155.17,9178.8,145.22,AA
256.1724138,60.741841,57782.89040181,,,,,,,,,0000,1.0,120.31700134277344,00,1,neowise,10.815,0.023,9.751,0.018,47.8,60.5,9524.3,199.38,9058.3,149.67,AA
256.1723866,60.7417947,57780.66350328,,,,,,,,,0000,1.0,84.50900268554688,00,1,neowise,10.812,0.018,9.736,0.015,58.8,73.3,9550.5,162.36,9189.8,125.39,AA
256.17242,60.7417912,57781.05647038,,,,,,,,,0000,1.0,106.88899993896484,00,1,neowise,10.78,0.023,9.71,0.016,48.1,69.5,9838.4,204.57,9406.2,135.3,AA
256.172419,60.7417941,57781.31853318,,,,,,,,,0000,1.0,72.72000122070312,00,1,neowise,10.84,0.02,9.761,0.015,53.5,71.3,9307.5,174.06,8973.5,125.92,AA
256.1724157,60.7418168,57780.79453476,,,,,,,,,0000,1.0,104.95600128173828,00,1,neowise,10.808,0.018,9.713,0.015,62.0,73.4,9587.8,154.59,9384.6,127.83,AA
256.1724395,60.7417971,57780.92556623,,,,,,,,,0000,1.0,122.802001953125,00,1,neowise,10.807,0.017,9.712,0.016,62.1,66.6,9598.3,154.6,9391.3,141.07,AA
256.1724445,60.7418129,57781.18750176,,,,,,,,,0000,1.0,90.67400360107422,00,1,neowise,10.802,0.017,9.731,0.016,63.5,65.9,9640.4,151.85,9231.3,140.16,AA
256.1723997,60.7418034,57781.44943733,,,,,,,,,0000,1.0,68.5999984741211,00,1,neowise,10.817,0.018,9.697,0.016,59.2,69.0,9504.0,160.64,9525.3,137.98,AA
256.1724528,60.7418222,57781.58046933,,,,,,,,,0000,1.0,73.91200256347656,00,1,neowise,10.805,0.017,9.749,0.016,65.4,66.1,9612.9,146.97,9075.6,137.23,AA
256.1724261,60.741814,57781.84240486,,,,,,,,,0000,1.0,112.8949966430664,00,1,neowise,10.779,0.022,9.749,0.016,49.9,66.7,9843.5,197.17,9075.4,136.08,AA
256.1724246,60.7418054,57782.62833885,,,,,,,,,0000,1.0,79.47599792480469,00,1,neowise,10.805,0.017,9.741,0.017,64.4,65.5,9612.7,149.36,9148.1,139.62,AA
256.1724218,60.741814,57782.75937034,,,,,,,,,0000,1.0,99.11799621582031,00,1,neowise,10.789,0.018,9.737,0.015,59.4,72.0,9754.7,164.24,9178.1,127.5,AA
256.1723402,60.7417943,57782.89027448,,,,,,,,,0000,1.0,119.60099792480469,00,1,neowise,10.775,0.02,9.738,0.017,53.4,62.1,9878.9,185.1,9169.0,147.64,AA
256.172381,60.741841,58873.93776069,,,,,,,,,0000,1.0,125.61199951171875,00,1,neowise,10.763,0.019,9.692,0.016,55.8,67.5,9976.2,178.89,9565.2,141.65,AA
256.1724611,60.741837,58874.72267235,,,,,,,,,0000,1.0,87.37100219726562,00,1,neowise,10.74,0.018,9.671,0.014,59.7,75.1,10195.0,170.88,9749.0,129.84,AA
256.1723703,60.7418315,58875.2459044,,,,,,,,,0000,1.0,82.90899658203125,00,1,neowise,10.748,0.016,9.684,0.017,68.1,63.1,10120.0,148.52,9635.9,152.82,AA
256.1723807,60.7418426,58875.37668061,,,,,,,,,0000,1.0,66.19300079345703,00,1,neowise,10.739,0.016,9.715,0.017,69.0,62.2,10208.0,147.9,9360.0,150.57,AA
256.1723804,60.7418305,58875.50745678,,,,,,,,,0000,0.5,64.87999725341797,00,1,neowise,10.762,0.018,9.719,0.016,59.7,65.8,9990.8,167.27,9332.3,141.79,AA
256.1723929,60.7418322,58875.76913687,,,,,,,,,0000,1.0,95.78500366210938,00,1,neowise,10.73,0.017,9.684,0.018,63.2,60.9,10285.0,162.72,9630.0,158.17,AA
256.1724063,60.7418213,58875.89991309,,,,,,,,,0000,1.0,120.11799621582031,00,1,neowise,10.725,0.018,9.673,0.018,59.9,60.2,10332.0,172.59,9728.9,161.65,AA
256.1723822,60.7418188,58876.03081663,,,,,,,,,0000,1.0,113.4010009765625,00,1,neowise,10.769,0.019,9.69,0.016,55.8,67.1,9923.0,177.81,9580.8,142.87,AA
256.1724015,60.7418268,58876.42327241,,,,,,,,,0000,1.0,63.25199890136719,00,1,neowise,10.743,0.018,9.699,0.016,58.9,68.9,10166.0,172.55,9498.0,137.87,AA
256.1723807,60.7417905,58876.42314505,,,,,,,,,0000,1.0,64.01200103759766,00,1,neowise,10.75,0.019,9.684,0.015,57.4,73.5,10101.0,175.92,9636.1,131.15,AA
256.1724102,60.7418189,58874.06853691,,,,,,,,,0000,1.0,106.9749984741211,00,1,neowise,10.758,0.016,9.715,0.016,67.9,67.4,10030.0,147.82,9366.9,138.95,AA
256.172411,60.7418146,58874.33021662,,,,,,,,,0000,1.0,70.64900207519531,00,1,neowise,10.715,0.02,9.7,0.015,53.7,74.7,10430.0,194.18,9494.3,127.17,AA
256.1723976,60.7418152,58874.46099274,,,,,,,,,0000,1.0,64.19000244140625,00,1,neowise,10.773,0.016,9.673,0.016,68.0,69.6,9893.7,145.6,9731.3,139.75,AA
256.1724299,60.741812,58874.59176891,,,,,,,,,0000,0.5,69.35800170898438,00,1,neowise,10.751,0.016,9.69,0.017,69.5,65.4,10093.0,145.24,9581.7,146.54,AA
256.1724233,60.7418111,58874.72254499,,,,,,,,,0000,1.0,87.5270004272461,00,1,neowise,10.746,0.019,9.695,0.016,58.0,67.4,10142.0,174.97,9532.4,141.35,AA
256.1724425,60.7418111,58874.85344852,,,,,,,,,0000,1.0,111.81300354003906,00,1,neowise,10.762,0.017,9.703,0.016,64.2,65.8,9992.8,155.65,9469.4,143.86,AA
256.1724125,60.7418062,58874.98422469,,,,,,,,,0000,1.0,122.55699920654297,00,1,neowise,10.735,0.016,9.705,0.014,68.1,78.5,10238.0,150.4,9453.5,120.49,AA
256.1724048,60.7418176,58875.11500091,,,,,,,,,0000,1.0,99.40799713134766,00,1,neowise,10.749,0.017,9.715,0.015,64.2,71.4,10110.0,157.56,9363.9,131.1,AA
256.1724318,60.7418211,58876.1615928,,,,,,,,,0000,1.0,92.62100219726562,00,1,neowise,10.758,0.017,9.697,0.017,64.8,65.0,10029.0,154.72,9516.4,146.31,AA
256.1724268,60.7417948,58876.29236892,,,,,,,,,0000,1.0,76.16500091552734,00,1,neowise,10.725,0.017,9.701,0.015,64.2,70.9,10337.0,160.99,9481.3,133.65,AA
256.1723492,60.7418075,58875.63836019,,,,,,,,,0000,1.0,74.68499755859375,00,1,neowise,10.767,0.017,9.706,0.016,62.4,65.9,9941.6,159.39,9441.6,143.16,AA
256.1723586,60.7418232,56862.16774655,,,,,,,,,0000,1.0,104.66000366210938,00,1,neowise,10.778,0.019,9.702,0.016,56.4,67.9,9832.0,174.24,9464.3,139.46,AA
256.1723648,60.7418059,56862.29941361,,,,,,,,,0000,1.0,119.76200103759766,00,1,neowise,10.789,0.02,9.73,0.016,55.3,69.0,9731.1,175.9,9219.4,133.65,AA
256.1723232,60.7418044,56862.4309534,,,,,,,,,0000,1.0,108.03099822998047,00,1,neowise,10.771,0.018,9.698,0.016,61.0,66.5,9895.8,162.27,9493.0,142.81,AA
256.1723664,60.7418131,58304.94887508,,,,,,,,,0000,1.0,72.16899871826172,00,1,neowise,10.789,0.018,9.755,0.017,61.0,62.1,9740.4,159.58,9021.9,145.37,AA
256.1723693,60.7418152,58305.73454873,,,,,,,,,0000,1.0,77.97599792480469,00,1,neowise,10.782,0.018,9.763,0.016,59.6,67.2,9805.4,164.57,8957.2,133.39,AA
256.1723755,60.7418223,58306.65061677,,,,,,,,,0000,1.0,87.60600280761719,00,1,neowise,10.799,0.02,9.643,0.015,55.5,71.0,9651.6,174.02,10001.0,140.94,AA
256.1723871,60.7418189,58306.78151991,,,,,,,,,0000,1.0,74.28900146484375,00,1,neowise,10.786,0.017,9.733,0.016,64.8,66.4,9767.6,150.72,9204.7,138.7,AA
256.1723593,60.7418237,58307.82849061,,,,,,,,,0000,1.0,72.12699890136719,00,1,neowise,10.809,0.016,9.732,0.016,68.8,69.8,9564.5,139.06,9216.2,132.12,AA
256.1723656,60.741825,58308.09029703,,,,,,,,,0000,1.0,85.73999786376953,00,1,neowise,10.79,0.016,9.727,0.015,66.4,70.8,9732.9,146.55,9262.5,130.8,AA
256.1723623,60.741814,58308.22120022,,,,,,,,,0000,1.0,104.04399871826172,00,1,neowise,10.825,0.016,9.778,0.015,66.8,72.0,9426.1,141.17,8836.9,122.76,AA
256.1723579,60.7418189,58308.35197604,,,,,,,,,0000,1.0,118.76200103759766,00,1,neowise,10.794,0.017,9.741,0.015,65.2,73.8,9703.2,148.93,9137.8,123.74,AA
256.1723896,60.7418351,58308.48287927,,,,,,,,,0000,0.5,109.29299926757812,00,1,neowise,10.799,0.016,9.756,0.015,67.7,73.0,9654.6,142.64,9014.0,123.56,AA
256.1723755,60.7417982,58304.42538965,,,,,,,,,0000,1.0,117.65599822998047,00,1,neowise,10.805,0.02,9.747,0.02,53.2,53.9,9601.8,180.45,9090.3,168.55,AA
256.1723816,60.7417846,58304.55629288,,,,,,,,,0000,0.5,100.06999969482422,00,1,neowise,10.789,0.022,9.764,0.017,49.7,63.2,9745.7,196.17,8948.1,141.5,AA
256.1724012,60.7417866,58305.07977831,,,,,,,,,0000,1.0,83.23600006103516,00,1,neowise,10.797,0.018,9.754,0.017,60.1,65.4,9677.1,160.98,9033.3,138.02,AA
256.1724026,60.7417931,58306.9124231,,,,,,,,,0000,1.0,73.302001953125,00,1,neowise,10.793,0.016,9.725,0.016,65.8,67.3,9708.3,147.5,9278.9,137.9,AA
256.1723806,60.7418003,58307.30500528,,,,,,,,,0000,1.0,114.6050033569336,00,1,neowise,10.812,0.017,9.751,0.018,65.3,61.2,9538.4,146.02,9056.1,147.89,AA
256.1724058,60.7417811,58307.43590847,,,,,,,,,0000,1.0,115.40499877929688,00,1,neowise,10.788,0.016,9.74,0.018,69.6,60.8,9749.5,139.98,9147.1,150.46,AA
256.1724059,60.7417786,58307.56630225,,,,,,,,,0000,0.5,98.3280029296875,00,1,neowise,10.818,0.015,9.791,0.017,70.3,63.6,9491.7,134.96,8729.4,137.31,AA
256.1723912,60.7417782,58307.69758743,,,,,,,,,0000,1.0,81.56500244140625,00,1,neowise,10.81,0.021,9.733,0.016,51.1,66.5,9559.8,187.08,9210.4,138.44,AA
256.1723658,60.7417991,58308.74468617,,,,,,,,,0000,1.0,76.81600189208984,00,1,neowise,10.801,0.017,9.756,0.016,64.7,68.4,9639.6,148.91,9011.6,131.71,AA
256.1724119,60.7418154,58304.55616552,,,,,,,,,0000,1.0,99.73600006103516,00,1,neowise,10.814,0.02,9.728,0.018,54.8,60.8,9523.8,173.67,9249.8,152.14,AA
256.1723861,60.7418139,58304.6870687,,,,,,,,,0000,1.0,82.44300079345703,00,1,neowise,10.787,0.02,9.76,0.015,54.1,72.0,9762.5,180.52,8982.9,124.79,AA
256.1723872,60.7418122,58305.86545191,,,,,,,,,0000,1.0,73.14399719238281,00,1,neowise,10.828,0.02,9.796,0.019,54.6,58.4,9402.3,172.17,8688.8,148.72,AA
256.1724164,60.7418055,58307.04332633,,,,,,,,,0000,0.5,80.7040023803711,00,1,neowise,10.803,0.017,9.741,0.015,65.3,70.5,9623.3,147.37,9143.2,129.71,AA
256.1724242,60.7418184,58308.87546208,,,,,,,,,0000,1.0,72.06900024414062,00,1,neowise,10.826,0.016,9.749,0.016,66.6,68.5,9422.1,141.38,9071.3,132.44,AA
256.1723543,60.7417941,58304.8179719,,,,,,,,,0000,1.0,70.99500274658203,00,1,neowise,10.804,0.018,9.775,0.018,59.4,61.5,9607.4,161.62,8863.0,144.22,AA
256.1723473,60.7418033,58305.60377291,,,,,,,,,0000,1.0,93.97200012207031,00,1,neowise,10.795,0.02,9.734,0.017,54.2,65.2,9686.4,178.73,9203.5,141.13,AA
256.172317,60.7417977,58305.99635572,,,,,,,,,0000,1.0,76.85399627685547,00,1,neowise,10.794,0.019,9.753,0.014,57.9,75.4,9703.7,167.71,9043.8,119.9,AA
256.1723464,60.7418034,58306.12674955,,,,,,,,,0000,0.5,89.46199798583984,00,1,neowise,10.807,0.018,9.763,0.015,61.6,72.1,9583.8,155.53,8953.9,124.22,AA
256.1723477,60.7418049,58306.38893781,,,,,,,,,0000,1.0,118.27100372314453,00,1,neowise,10.792,0.018,9.745,0.015,60.1,71.5,9720.7,161.85,9108.7,127.36,AA
256.1722677,60.7418519,58305.60364559,,,,,,,,,0000,0.5,94.10399627685547,00,1,neowise,10.807,0.022,9.746,0.016,49.9,66.0,9585.4,192.18,9097.6,137.95,AA
256.1723557,60.7418169,58306.51933164,,,,,,,,,0000,1.0,104.11100006103516,00,1,neowise,10.791,0.017,9.746,0.02,65.2,54.9,9727.0,149.14,9097.3,165.59,AA
256.172345,60.7418206,58307.95939384,,,,,,,,,0000,1.0,74.06800079345703,00,1,neowise,10.795,0.015,9.717,0.015,70.3,71.3,9686.4,137.72,9346.8,131.09,AA
256.1723434,60.7418254,58308.61378245,,,,,,,,,0000,1.0,92.76899719238281,00,1,neowise,10.816,0.016,9.721,0.015,66.9,71.3,9505.3,142.06,9311.8,130.66,AA
256.172321,60.741809,58306.25803463,,,,,,,,,0000,1.0,109.05999755859375,00,1,neowise,10.794,0.018,9.763,0.015,60.3,71.1,9702.8,161.02,8955.8,125.98,AA
256.1723194,60.7418074,58307.69771479,,,,,,,,,0000,1.0,81.78399658203125,00,1,neowise,10.791,0.02,9.746,0.018,54.4,59.9,9726.4,178.71,9103.1,151.96,AA
