ra,dec,mjd,w1mpro_ep,w1sigmpro_ep,w2mpro_ep,w2sigmpro_ep,w1flux_ep,w1sigflux_ep,w2flux_ep,w2sigflux_ep,cc_flags,qi_fact,saa_sep,moon_masked,nb,source_table,w1mpro,w1sigmpro,w2mpro,w2sigmpro,w1snr,w2snr,w1flux,w1sigflux,w2flux,w2sigflux,ph_qual
255.252566,64.202533,55380.573286,12.975000,0.035000,12.151000,0.036000,1023.723999,32.759998,870.221008,29.173000,0000,1.000000,88.000000,0000,1,allwise,,,,,,,,,,,
255.252566,64.202533,55380.506943,13.029000,0.037000,12.142000,0.039000,973.442017,32.846001,877.765015,31.222000,0000,1.000000,93.000000,0000,1,allwise,,,,,,,,,,,
255.252566,64.202533,55380.771551,12.998000,0.039000,12.121000,0.036000,1002.085022,35.696999,894.234009,29.716000,0000,1.000000,83.000000,0000,1,allwise,,,,,,,,,,,
255.252566,64.202533,55380.903854,13.008000,0.041000,12.127000,0.038000,992.557983,37.425999,889.567017,30.923000,0000,1.000000,87.000000,0000,1,allwise,,,,,,,,,,,
255.252566,64.202533,55381.036031,12.996000,0.045000,12.091000,0.036000,1003.518005,41.195000,919.208008,30.448000,0000,1.000000,96.000000,0000,1,allwise,,,,,,,,,,,
255.252566,64.202533,55381.036158,13.090000,0.037000,12.112000,0.041000,920.778992,31.302999,902.127991,33.910000,0000,1.000000,96.000000,0000,1,allwise,,,,,,,,,,,
255.252566,64.202533,55381.168334,12.955000,0.043000,12.136000,0.042000,1042.616943,41.375999,882.187012,34.264999,0000,1.000000,106.000000,0000,1,allwise,,,,,,,,,,,
255.252566,64.202533,55563.381765,12.951000,0.032000,12.168000,0.039000,1046.192017,30.462000,856.791992,30.398001,0000,1.000000,84.000000,0000,1,allwise,,,,,,,,,,,
255.252566,64.202533,55563.514069,13.018000,0.036000,12.189000,0.042000,983.958984,32.772999,840.237976,32.830002,0000,1.000000,84.000000,0000,1,allwise,,,,,,,,,,,
255.252566,64.202533,55563.646373,13.232000,0.052000,12.191000,0.041000,807.552002,38.323002,838.955994,31.698999,0000,1.000000,90.000000,0000,1,allwise,,,,,,,,,,,
255.252566,64.202533,55563.910855,13.074000,0.034000,12.188000,0.038000,934.151978,29.450001,840.895996,29.318001,0000,1.000000,108.000000,0000,1,allwise,,,,,,,,,,,
255.252566,64.202533,55564.043159,13.158000,0.047000,12.198000,0.038000,864.961975,37.521000,833.208008,29.055000,0000,1.000000,105.000000,0000,1,allwise,,,,,,,,,,,
255.252566,64.202533,55564.307641,12.979000,0.034000,12.213000,0.041000,1019.284973,31.929001,821.500977,31.395000,0000,1.000000,86.000000,0000,1,allwise,,,,,,,,,,,
255.252566,64.202533,55564.572122,13.023000,0.034000,12.114000,0.037000,979.377991,30.857000,900.174011,30.361000,0000,1.000000,86.000000,0000,1,allwise,,,,,,,,,,,
255.252566,64.202533,55564.704427,12.987000,0.034000,12.216000,0.043000,1011.833008,31.368000,819.728027,32.311001,0000,0.500000,95.000000,0000,1,allwise,,,,,,,,,,,
255.252566,64.202533,55564.836731,12.991000,0.039000,12.195000,0.043000,1008.310974,35.851002,835.630005,33.168999,0000,1.000000,105.000000,0000,1,allwise,,,,,,,,,,,
255.252566,64.202533,55564.968908,13.019000,0.036000,12.198000,0.039000,983.062012,32.826000,833.039001,30.118999,0000,1.000000,108.000000,0000,1,allwise,,,,,,,,,,,
255.252566,64.202533,55375.215053,12.976000,0.043000,12.077000,0.035000,1022.450989,40.884998,931.918030,29.761000,0000,1.000000,108.000000,0000,1,allwise,,,,,,,,,,,
255.252566,64.202533,55375.215180,12.961000,0.034000,12.188000,0.046000,1036.556030,32.208000,840.908997,35.340000,0000,1.000000,107.000000,0000,1,allwise,,,,,,,,,,,
255.252566,64.202533,55375.347356,12.957000,0.033000,12.169000,0.040000,1040.621948,31.959999,855.507019,31.674999,0000,1.000000,103.000000,0000,1,allwise,,,,,,,,,,,
255.252566,64.202533,55375.479660,12.966000,0.038000,12.138000,0.037000,1031.984009,36.480999,880.310974,30.372999,0000,1.000000,94.000000,0000,1,allwise,,,,,,,,,,,
255.252566,64.202533,55375.611964,12.997000,0.036000,12.228000,0.042000,1002.507019,32.952999,810.343018,31.667999,0000,1.000000,86.000000,0000,1,allwise,,,,,,,,,,,
255.252566,64.202533,55375.744268,12.974000,0.036000,12.089000,0.035000,1023.885010,34.202999,920.960022,29.899000,0000,1.000000,84.000000,0000,1,allwise,,,,,,,,,,,
255.252566,64.202533,55375.876571,12.931000,0.032000,12.064000,0.037000,1066.103027,31.122999,942.723022,32.319000,0000,1.000000,87.000000,0000,1,allwise,,,,,,,,,,,
255.252566,64.202533,55376.008875,13.023000,0.034000,12.095000,0.043000,978.815002,30.462000,916.340027,36.280998,0000,1.000000,95.000000,0000,1,allwise,,,,,,,,,,,
255.252566,64.202533,55376.141179,13.028000,0.034000,12.203000,0.043000,974.101013,30.945000,829.721008,33.168999,0000,1.000000,105.000000,0000,1,allwise,,,,,,,,,,,
255.252566,64.202533,55376.273483,12.935000,0.032000,12.113000,0.042000,1061.667969,31.641001,901.293030,35.277000,0000,1.000000,107.000000,0000,1,allwise,,,,,,,,,,,
255.252566,64.202533,55376.405786,12.937000,0.031000,12.106000,0.040000,1060.130981,30.719999,907.344971,33.431999,0000,1.000000,100.000000,0000,1,allwise,,,,,,,,,,,
255.252566,64.202533,55379.779464,13.036000,0.035000,12.194000,0.042000,967.401001,30.837999,835.991028,32.091000,0000,1.000000,84.000000,0000,1,allwise,,,,,,,,,,,
255.252566,64.202533,55379.845425,12.988000,0.034000,12.125000,0.041000,1011.530029,31.382999,891.056030,33.345001,0000,1.000000,84.000000,0000,1,allwise,,,,,,,,,,,
255.252566,64.202533,55379.911768,13.027000,0.034000,12.244000,0.042000,975.015991,30.951000,798.807007,30.738001,0000,1.000000,88.000000,0000,1,allwise,,,,,,,,,,,
255.252566,64.202533,55203.932906,12.978000,0.031000,12.094000,0.037000,1020.455017,29.400000,916.926025,31.549000,0000,1.000000,110.000000,0000,1,allwise,,,,,,,,,,,
255.252566,64.202533,55204.065338,12.986000,0.035000,12.195000,0.038000,1013.359985,32.263000,835.765991,29.389999,0000,1.000000,103.000000,0000,1,allwise,,,,,,,,,,,
255.252566,64.202533,55204.329947,12.987000,0.032000,12.117000,0.036000,1012.383972,29.742001,898.255005,29.642000,0000,1.000000,82.000000,0000,1,allwise,,,,,,,,,,,
255.252566,64.202533,55204.594684,12.957000,0.033000,12.143000,0.040000,1040.248047,31.930000,876.218018,32.664001,0000,1.000000,86.000000,0000,1,allwise,,,,,,,,,,,
255.252566,64.202533,55204.726988,12.968000,0.032000,12.137000,0.042000,1030.119995,29.997000,881.533020,34.056000,0000,1.000000,98.000000,0000,1,allwise,,,,,,,,,,,
255.252566,64.202533,55204.859293,12.963000,0.033000,12.122000,0.037000,1034.629028,31.230000,893.424011,30.849001,0000,1.000000,109.000000,0000,1,allwise,,,,,,,,,,,
255.252566,64.202533,55204.991725,12.983000,0.039000,12.178000,0.039000,1015.710022,36.813000,848.445007,30.430000,0000,1.000000,109.000000,0000,1,allwise,,,,,,,,,,,
255.252566,64.202533,55205.124030,13.005000,0.036000,12.150000,0.046000,995.083984,32.702999,870.978027,36.608002,0000,0.500000,98.000000,0000,1,allwise,,,,,,,,,,,
255.252566,64.202533,55205.256334,12.949000,0.033000,12.193000,0.042000,1047.869019,31.871000,837.031982,32.237000,0000,1.000000,86.000000,0000,1,allwise,,,,,,,,,,,
255.252566,64.202533,55205.388639,13.041000,0.037000,12.138000,0.040000,962.585022,32.841000,880.239990,32.117001,0000,1.000000,81.000000,0000,1,allwise,,,,,,,,,,,
255.252566,64.202533,55206.182722,12.948000,0.031000,12.120000,0.040000,1048.917969,29.806000,895.387024,33.318001,0000,1.000000,92.000000,0000,1,allwise,,,,,,,,,,,
255.252566,64.202533,55206.315026,12.979000,0.036000,12.132000,0.037000,1019.489990,33.953999,885.124023,30.525000,0000,1.000000,82.000000,0000,1,allwise,,,,,,,,,,,
255.252566,64.202533,55207.373718,12.998000,0.031000,12.112000,0.036000,1002.236023,29.066999,902.193970,29.864000,0000,1.000000,80.000000,0000,1,allwise,,,,,,,,,,,
255.252566,64.202533,55374.818269,13.020000,0.040000,12.221000,0.047000,981.976990,36.514999,815.633972,35.080002,0000,1.000000,86.000000,0000,1,allwise,,,,,,,,,,,
255.252566,64.202533,55374.950572,12.975000,0.040000,12.179000,0.046000,1022.994019,37.286999,847.684021,35.867001,0000,1.000000,92.000000,0000,1,allwise,,,,,,,,,,,
255.252566,64.202533,55375.082749,12.991000,0.046000,12.186000,0.039000,1007.932007,42.369999,842.252014,30.205999,0000,1.000000,101.000000,0000,1,allwise,,,,,,,,,,,
255.252566,64.202533,55375.082876,13.101000,0.039000,12.121000,0.044000,911.005005,32.706001,894.591003,36.382999,0000,1.000000,101.000000,0000,1,allwise,,,,,,,,,,,
255.252566,64.202533,55379.977729,12.980000,0.033000,12.118000,0.038000,1018.692993,30.881001,897.258972,31.193001,0000,1.000000,92.000000,0000,1,allwise,,,,,,,,,,,
255.252566,64.202533,55380.044071,13.040000,0.035000,12.100000,0.040000,963.534973,30.888000,911.781006,33.791000,0000,0.500000,98.000000,0000,1,allwise,,,,,,,,,,,
255.252566,64.202533,55380.110032,12.948000,0.033000,12.167000,0.039000,1048.637939,31.466999,857.778015,30.535000,0000,1.000000,102.000000,0000,1,allwise,,,,,,,,,,,
255.252566,64.202533,55380.176375,12.947000,0.036000,12.129000,0.038000,1049.614990,34.549999,887.757996,31.047001,0000,1.000000,107.000000,0000,1,allwise,,,,,,,,,,,
255.252566,64.202533,55380.242336,12.942000,0.033000,12.093000,0.038000,1054.688965,32.456001,918.317017,32.054001,0000,1.000000,109.000000,0000,1,allwise,,,,,,,,,,,
255.252566,64.202533,55380.308679,13.016000,0.035000,12.150000,0.036000,985.171997,31.798000,870.818970,29.052000,0000,0.500000,106.000000,0000,1,allwise,,,,,,,,,,,
255.252566,64.202533,55380.374639,13.013000,0.035000,12.067000,0.034000,987.870972,31.825001,939.765015,29.552000,0000,1.000000,103.000000,0000,1,allwise,,,,,,,,,,,
255.252566,64.202533,55380.639247,13.008000,0.035000,12.182000,0.043000,992.265015,31.785000,845.703979,33.591999,0000,1.000000,84.000000,0000,1,allwise,,,,,,,,,,,
255.252566,64.202533,55566.291570,13.020000,0.038000,12.366000,0.050000,981.439026,34.622002,714.088989,33.189999,0000,1.000000,86.000000,0000,1,allwise,,,,,,,,,,,
255.252566,64.202533,55566.159265,13.190000,0.051000,12.229000,0.040000,839.299988,39.296001,809.593018,29.872999,0000,1.000000,96.000000,0000,1,allwise,,,,,,,,,,,
255.252566,64.202533,55566.688356,13.072000,0.037000,12.202000,0.041000,935.635986,31.674000,829.950012,31.100000,0000,0.500000,93.000000,0000,1,allwise,,,,,,,,,,,
255.252566,64.202533,55566.820660,12.950000,0.035000,12.245000,0.042000,1047.286987,33.537998,798.213989,30.805000,0000,1.000000,105.000000,0000,1,allwise,,,,,,,,,,,
255.252566,64.202533,55567.217446,13.047000,0.039000,12.229000,0.041000,957.564026,34.459999,809.919006,30.424000,0000,1.000000,90.000000,0000,1,allwise,,,,,,,,,,,
255.252566,64.202533,55567.349623,13.072000,0.040000,12.162000,0.044000,935.919983,34.297001,861.388977,35.199001,0000,1.000000,83.000000,0000,1,allwise,,,,,,,,,,,
255.252566,64.202533,55567.614233,13.086000,0.038000,12.204000,0.042000,923.549988,32.112000,828.830017,32.346001,0000,1.000000,88.000000,0000,1,allwise,,,,,,,,,,,
255.252566,64.202533,55568.275500,13.027000,0.034000,12.205000,0.041000,975.598999,30.978001,828.203003,30.966999,0000,1.000000,86.000000,0000,1,allwise,,,,,,,,,,,
255.252566,64.202533,55568.539981,12.995000,0.036000,12.248000,0.051000,1004.406006,33.316002,795.859009,37.119999,0000,1.000000,84.000000,0000,1,allwise,,,,,,,,,,,
255.252566,64.202533,55568.672286,13.193000,0.043000,12.308000,0.044000,836.901978,33.027000,752.898010,30.514999,0000,0.500000,92.000000,0000,1,allwise,,,,,,,,,,,
255.252566,64.202533,55568.804590,13.033000,0.040000,12.199000,0.051000,969.838989,35.311001,832.513977,38.799999,0000,1.000000,104.000000,0000,1,allwise,,,,,,,,,,,
255.252566,64.202533,55568.936767,13.099000,0.037000,12.217000,0.040000,913.192017,31.011000,819.099976,30.292999,0000,0.500000,110.000000,0000,1,allwise,,,,,,,,,,,
255.252566,64.202533,55569.333553,13.072000,0.050000,12.202000,0.041000,935.937988,42.997002,829.880981,31.226999,0000,1.000000,83.000000,0000,1,allwise,,,,,,,,,,,
255.252566,64.202533,55565.233517,13.001000,0.035000,12.213000,0.048000,999.192993,32.446999,821.984009,36.238998,0000,1.000000,90.000000,0000,1,allwise,,,,,,,,,,,
255.252566,64.202533,55565.365694,13.016000,0.037000,12.226000,0.048000,985.330994,33.681000,812.112976,35.618999,0000,1.000000,83.000000,0000,1,allwise,,,,,,,,,,,
255.252566,64.202533,55565.630303,13.047000,0.036000,12.173000,0.039000,957.283020,31.483999,853.038025,30.702999,0000,1.000000,89.000000,0000,1,allwise,,,,,,,,,,,
255.252566,64.202533,55565.894784,13.013000,0.035000,12.167000,0.039000,987.659973,31.490000,857.663025,30.783001,0000,1.000000,109.000000,0000,1,allwise,,,,,,,,,,,
255.252566,64.202533,55566.027088,13.026000,0.035000,12.187000,0.040000,976.687012,31.708000,842.083008,31.099001,0000,1.000000,106.000000,0000,1,allwise,,,,,,,,,,,
255.252566,64.202533,55566.556051,13.118000,0.041000,12.188000,0.038000,896.629028,33.976002,841.197021,29.733999,0000,1.000000,85.000000,0000,1,allwise,,,,,,,,,,,
255.252566,64.202533,55376.802698,12.997000,0.039000,12.144000,0.035000,1002.643982,36.384998,875.974976,28.318001,0000,1.000000,85.000000,0000,1,allwise,,,,,,,,,,,
255.252566,64.202533,55203.800601,12.963000,0.032000,12.129000,0.042000,1034.425049,30.603001,888.375977,34.443001,0000,1.000000,104.000000,0000,1,allwise,,,,,,,,,,,
255.252566,64.202533,55379.051602,13.100000,0.037000,12.144000,0.037000,911.969971,31.066999,875.530029,29.483000,0000,1.000000,98.000000,0000,1,allwise,,,,,,,,,,,
255.252566,64.202533,55379.051730,12.972000,0.036000,12.153000,0.043000,1026.043945,33.768002,868.789001,34.716999,0000,1.000000,98.000000,0000,1,allwise,,,,,,,,,,,
255.252566,64.202533,55379.183906,12.931000,0.040000,12.062000,0.038000,1065.137939,38.924000,944.387024,32.803001,0000,1.000000,107.000000,0000,1,allwise,,,,,,,,,,,
255.252566,64.202533,55379.184033,13.036000,0.039000,12.164000,0.042000,967.281006,34.592999,859.926025,33.199001,0000,1.000000,107.000000,0000,1,allwise,,,,,,,,,,,
255.252566,64.202533,55379.316209,12.969000,0.033000,12.067000,0.034000,1029.358032,31.740000,940.013000,29.795000,0000,1.000000,107.000000,0000,1,allwise,,,,,,,,,,,
255.252566,64.202533,55379.448514,12.950000,0.033000,12.078000,0.035000,1047.312012,32.159000,930.825989,30.318001,0000,1.000000,98.000000,0000,1,allwise,,,,,,,,,,,
255.252566,64.202533,55379.580817,12.950000,0.030000,12.127000,0.037000,1046.833008,28.962000,889.864990,30.455000,0000,1.000000,87.000000,0000,1,allwise,,,,,,,,,,,
255.252566,64.202533,55379.647160,12.982000,0.032000,12.189000,0.041000,1016.343994,30.389999,840.099976,31.691999,0000,1.000000,85.000000,0000,1,allwise,,,,,,,,,,,
255.252566,64.202533,55379.713121,12.980000,0.030000,12.147000,0.040000,1019.031006,28.195000,873.586975,32.058998,0000,1.000000,83.000000,0000,1,allwise,,,,,,,,,,,
255.252566,64.202533,55377.067178,13.002000,0.036000,12.103000,0.038000,997.747986,32.627998,909.445984,31.615000,0000,1.000000,99.000000,0000,1,allwise,,,,,,,,,,,
255.252566,64.202533,55377.067305,13.008000,0.037000,12.085000,0.036000,992.331970,33.555000,924.737976,30.368000,0000,1.000000,100.000000,0000,1,allwise,,,,,,,,,,,
255.252566,64.202533,55377.199482,13.145000,0.041000,12.248000,0.042000,875.036011,33.395000,795.788025,30.954000,0000,0.500000,108.000000,0000,1,allwise,,,,,,,,,,,
255.252566,64.202533,55377.331785,12.938000,0.035000,12.103000,0.039000,1058.900024,33.903000,909.791016,32.396999,0000,1.000000,105.000000,0000,1,allwise,,,,,,,,,,,
255.252566,64.202533,55377.464089,13.018000,0.033000,12.127000,0.045000,983.437012,29.584000,889.562012,36.490002,0000,1.000000,96.000000,0000,1,allwise,,,,,,,,,,,
255.252566,64.202533,55377.596393,12.963000,0.032000,12.160000,0.039000,1034.704956,30.250000,862.887024,31.055000,0000,1.000000,87.000000,0000,1,allwise,,,,,,,,,,,
255.252566,64.202533,55377.728697,12.976000,0.032000,12.173000,0.039000,1022.440002,30.486000,852.523987,30.974001,0000,0.500000,84.000000,0000,1,allwise,,,,,,,,,,,
255.252566,64.202533,55377.861000,12.964000,0.032000,12.110000,0.037000,1034.040039,30.750000,903.367981,30.499001,0000,1.000000,86.000000,0000,1,allwise,,,,,,,,,,,
255.252566,64.202533,55377.993304,13.012000,0.033000,12.048000,0.040000,989.078979,30.333000,956.828979,35.046001,0000,1.000000,93.000000,0000,1,allwise,,,,,,,,,,,
255.252566,64.202533,55378.257912,12.999000,0.034000,12.154000,0.042000,1001.203979,31.110001,867.538025,33.244999,0000,1.000000,108.000000,0000,1,allwise,,,,,,,,,,,
255.252566,64.202533,55378.324255,13.029000,0.042000,12.165000,0.044000,973.588013,37.965000,859.403015,34.505001,0000,1.000000,105.000000,0000,1,allwise,,,,,,,,,,,
255.252566,64.202533,55378.456558,12.997000,0.037000,12.183000,0.046000,1003.033997,33.930000,844.685974,35.499001,0000,1.000000,96.000000,0000,1,allwise,,,,,,,,,,,
255.252566,64.202533,55378.588857,13.026000,0.034000,12.147000,0.048000,976.424988,30.820000,873.392029,38.959999,0000,1.000000,87.000000,0000,1,allwise,,,,,,,,,,,
255.252566,64.202533,55378.787122,12.940000,0.033000,12.173000,0.040000,1056.338989,32.518002,853.093018,31.114000,0000,1.000000,84.000000,0000,1,allwise,,,,,,,,,,,
255.252566,64.202533,55378.919426,13.062000,0.041000,12.105000,0.035000,944.114990,35.848000,907.700012,29.287001,0000,1.000000,89.000000,0000,1,allwise,,,,,,,,,,,
255.252566,64.202533,55376.538090,12.945000,0.033000,12.120000,0.038000,1052.025024,32.453999,895.185974,31.146000,0000,1.000000,90.000000,0000,1,allwise,,,,,,,,,,,
255.252566,64.202533,55376.670394,12.948000,0.032000,12.091000,0.040000,1048.583984,31.372999,919.573975,33.646000,0000,1.000000,84.000000,0000,1,allwise,,,,,,,,,,,
255.252566,64.202533,55203.138914,13.051000,0.035000,12.108000,0.037000,954.143005,30.898001,905.560974,30.666000,0000,1.000000,97.000000,0000,1,allwise,,,,,,,,,,,
255.252566,64.202533,55203.403523,13.011000,0.045000,12.108000,0.037000,989.783020,40.571999,905.539978,30.625999,0000,1.000000,81.000000,0000,1,allwise,,,,,,,,,,,
255.252566,64.202533,55376.935001,12.966000,0.032000,12.101000,0.036000,1031.769043,30.847000,911.018982,29.868999,0000,1.000000,90.000000,0000,1,allwise,,,,,,,,,,,
255.252599,64.202532,57035.165046,,,,,,,,,0000,1.000000,94.084999,00,1,neowise,12.976000,0.027000,12.157000,0.055000,39.500000,19.900000,1295.099976,32.764000,993.039978,49.998001,AA
255.252595,64.202518,57035.296459,,,,,,,,,0000,1.000000,80.764000,00,1,neowise,13.009000,0.028000,12.200000,0.045000,38.299999,24.200001,1256.900024,32.841999,954.549988,39.497002,AA
255.252640,64.202530,58851.436619,,,,,,,,,0000,1.000000,71.120003,00,1,neowise,12.980000,0.030000,12.165000,0.043000,36.599998,25.200001,1295.000000,35.338001,980.159973,38.883999,AA
255.252671,64.202544,58851.567395,,,,,,,,,0000,1.000000,73.255997,00,1,neowise,12.968000,0.032000,12.159000,0.039000,34.200001,27.700001,1309.900024,38.261002,986.239990,35.617001,AA
255.252604,64.202545,58851.567522,,,,,,,,,0000,1.000000,72.844002,00,1,neowise,13.008000,0.040000,12.164000,0.037000,27.000000,29.100000,1262.500000,46.827000,981.219971,33.709999,AA
255.252697,64.202541,58851.959978,,,,,,,,,0000,1.000000,120.629997,00,1,neowise,12.961000,0.031000,12.216000,0.050000,35.599998,21.799999,1318.099976,37.055000,935.119995,42.930000,AA
255.252629,64.202544,58852.221530,,,,,,,,,0000,1.000000,91.872002,00,1,neowise,12.941000,0.028000,12.081000,0.045000,38.200001,24.200001,1343.000000,35.153000,1059.099976,43.694000,AA
255.252653,64.202554,58853.006060,,,,,,,,,0000,1.000000,117.807999,00,1,neowise,13.005000,0.032000,12.133000,0.039000,34.000000,27.500000,1265.699951,37.174000,1009.500000,36.726002,AA
255.252593,64.202548,58853.267613,,,,,,,,,0000,1.000000,86.867996,00,1,neowise,12.942000,0.032000,12.150000,0.040000,34.299999,27.200001,1340.800049,39.139000,994.469971,36.618999,AA
255.252607,64.202530,58853.398516,,,,,,,,,0000,1.000000,73.980003,00,1,neowise,12.922000,0.031000,12.094000,0.047000,35.099998,23.100000,1366.000000,38.882999,1047.000000,45.349998,AA
255.252621,64.202534,58853.660068,,,,,,,,,0000,1.000000,81.787003,00,1,neowise,13.000000,0.034000,12.201000,0.039000,31.700001,28.000000,1271.300049,40.153999,948.559998,33.924999,AA
255.252659,64.202549,58853.790972,,,,,,,,,0000,1.000000,98.682999,00,1,neowise,12.965000,0.037000,12.175000,0.037000,29.400000,29.500000,1313.199951,44.640999,971.130005,32.882999,AA
255.252609,64.202555,58854.575883,,,,,,,,,0000,1.000000,74.723000,00,1,neowise,12.994000,0.033000,12.222000,0.044000,32.799999,24.600000,1278.800049,38.983002,930.030029,37.862000,AA
255.252662,64.202555,58854.837563,,,,,,,,,0000,1.000000,105.460999,00,1,neowise,12.965000,0.039000,12.147000,0.041000,27.900000,26.200001,1313.599976,47.047001,997.080017,38.085999,AA
255.252606,64.202557,58854.968339,,,,,,,,,0000,1.000000,119.042000,00,1,neowise,12.953000,0.032000,12.199000,0.047000,33.799999,23.100000,1327.599976,39.220001,950.169983,41.144001,AA
255.252572,64.202540,58855.099115,,,,,,,,,0000,1.000000,108.186996,00,1,neowise,12.949000,0.030000,12.144000,0.042000,36.700001,26.100000,1332.800049,36.348999,999.340027,38.263000,AA
255.252634,64.202549,58855.230019,,,,,,,,,0000,1.000000,91.285004,00,1,neowise,12.939000,0.035000,12.140000,0.041000,31.400000,26.299999,1345.699951,42.924999,1003.200012,38.076000,AA
255.252596,64.202526,58855.360795,,,,,,,,,0000,1.000000,76.056999,00,1,neowise,12.919000,0.034000,12.162000,0.078000,31.600000,13.900000,1369.800049,43.382000,983.239990,70.896004,AA
255.252643,64.202534,58855.622474,,,,,,,,,0000,1.000000,77.625999,00,1,neowise,12.992000,0.033000,12.193000,0.049000,33.000000,22.299999,1281.500000,38.867001,955.650024,42.862999,AA
255.252662,64.202550,58855.753251,,,,,,,,,0000,1.000000,93.464996,00,1,neowise,12.963000,0.031000,12.158000,0.039000,35.500000,27.700001,1316.099976,37.078999,986.669983,35.658001,AA
255.252619,64.202533,58855.884027,,,,,,,,,0000,1.000000,111.459000,00,1,neowise,13.024000,0.030000,12.163000,0.041000,35.900002,26.299999,1243.300049,34.640999,981.849976,37.367001,AA
255.252507,64.202515,58854.314204,,,,,,,,,0000,1.000000,80.830002,00,1,neowise,12.947000,0.032000,12.176000,0.039000,33.900002,28.100000,1334.800049,39.346001,970.950012,34.532001,AA
255.252558,64.202495,58852.875666,,,,,,,,,0000,1.000000,111.863998,00,1,neowise,12.925000,0.033000,12.181000,0.049000,33.299999,22.299999,1362.400024,40.973999,966.200012,43.269001,AA
255.252568,64.202522,58853.921748,,,,,,,,,0000,1.000000,115.171997,00,1,neowise,12.926000,0.029000,12.128000,0.041000,37.299999,26.600000,1361.400024,36.459999,1014.500000,38.150002,AA
255.252609,64.202523,58854.052524,,,,,,,,,0000,1.000000,114.327003,00,1,neowise,13.031000,0.035000,12.174000,0.043000,30.700001,25.000000,1235.500000,40.200001,971.909973,38.810001,AA
255.252567,64.202522,58855.622347,,,,,,,,,0000,1.000000,77.912003,00,1,neowise,13.041000,0.035000,12.248000,0.041000,30.900000,26.200001,1225.000000,39.624001,908.030029,34.609001,AA
255.252606,64.202599,58851.698298,,,,,,,,,0000,1.000000,85.778999,00,1,neowise,13.013000,0.032000,12.153000,0.036000,33.799999,29.900000,1256.000000,37.174999,991.099976,33.125000,AA
255.252617,64.202567,58851.829075,,,,,,,,,0000,1.000000,104.717003,00,1,neowise,12.967000,0.028000,12.186000,0.041000,39.000000,26.700001,1310.400024,33.615002,962.049988,36.016998,AA
255.252608,64.202572,58852.090754,,,,,,,,,0000,1.000000,108.022003,00,1,neowise,13.012000,0.030000,12.147000,0.039000,36.599998,27.799999,1258.099976,34.411999,996.469971,35.859001,AA
255.252624,64.202571,58852.352434,,,,,,,,,0000,1.000000,74.750999,00,1,neowise,13.009000,0.037000,12.191000,0.038000,29.500000,28.799999,1261.599976,42.722000,956.770020,33.174999,AA
255.252571,64.202553,58852.613986,,,,,,,,,0000,1.000000,76.106003,00,1,neowise,12.998000,0.032000,12.136000,0.041000,34.200001,26.400000,1274.199951,37.231998,1006.799988,38.081001,AA
255.252550,64.202562,58852.744890,,,,,,,,,0000,1.000000,92.152000,00,1,neowise,12.963000,0.030000,12.122000,0.038000,35.900002,28.700001,1316.000000,36.624001,1019.599976,35.575001,AA
255.252522,64.202557,58854.444980,,,,,,,,,0000,1.000000,72.833000,00,1,neowise,12.991000,0.033000,12.158000,0.044000,32.900002,24.600000,1281.900024,38.944000,986.520020,40.027000,AA
255.252669,64.202577,58854.837436,,,,,,,,,0000,1.000000,105.240997,00,1,neowise,12.960000,0.036000,12.072000,0.037000,30.100000,29.000000,1319.599976,43.786999,1067.900024,36.880001,AA
255.252545,64.202578,58855.229891,,,,,,,,,0000,1.000000,91.556999,00,1,neowise,12.985000,0.039000,12.188000,0.045000,28.000000,23.900000,1288.800049,45.971001,959.469971,40.103001,AA
255.252409,64.202556,58854.706659,,,,,,,,,0000,1.000000,87.135002,00,1,neowise,12.951000,0.037000,12.137000,0.050000,29.100000,21.600000,1330.400024,45.733002,1006.099976,46.547001,AA
255.252524,64.202543,60108.452877,,,,,,,,,0000,0.500000,103.735001,00,1,neowise,13.006000,0.030000,12.197000,0.056000,36.700001,19.600000,1264.599976,34.443001,952.070007,48.695999,AA
255.252709,64.202555,60108.712391,,,,,,,,,0000,0.000000,84.919998,00,1,neowise,13.195000,0.033000,12.395000,0.058000,33.099998,18.799999,1063.000000,32.087002,793.429993,42.188999,AA
255.252693,64.202544,60108.972033,,,,,,,,,0000,0.000000,86.436996,00,1,neowise,13.057000,0.031000,12.193000,0.045000,34.700001,24.299999,1207.099976,34.827999,955.239990,39.299999,AA
255.252662,64.202540,60109.101791,,,,,,,,,0000,1.000000,94.988998,00,1,neowise,12.967000,0.030000,12.165000,0.040000,36.599998,27.299999,1311.000000,35.782001,980.059998,35.908001,AA
255.252562,64.202533,60110.659006,,,,,,,,,0000,1.000000,87.755997,00,1,neowise,12.973000,0.029000,12.224000,0.041000,37.200001,26.200001,1303.599976,35.028999,928.440002,35.487000,AA
255.252594,64.202528,60111.177654,,,,,,,,,0000,1.000000,99.904999,00,1,neowise,13.009000,0.032000,12.233000,0.043000,33.700001,25.000000,1260.800049,37.435001,921.020020,36.778999,AA
255.252627,64.202521,60111.567053,,,,,,,,,0000,1.000000,96.330002,00,1,neowise,13.030000,0.041000,12.227000,0.045000,26.200001,24.100000,1236.900024,47.227001,925.609985,38.396000,AA
255.252471,64.202530,60109.490681,,,,,,,,,0000,1.000000,102.880997,00,1,neowise,12.957000,0.030000,12.189000,0.039000,35.799999,28.100000,1323.000000,36.915001,959.330017,34.178001,AA
255.252492,64.202527,60110.010219,,,,,,,,,0000,1.000000,87.916000,00,1,neowise,13.007000,0.029000,12.247000,0.040000,37.099998,27.100000,1264.000000,34.082001,909.380005,33.507999,AA
255.252504,64.202538,60110.139467,,,,,,,,,0000,0.500000,96.176003,00,1,neowise,13.063000,0.033000,12.140000,0.038000,32.799999,28.799999,1199.900024,36.622002,1003.599976,34.882999,AA
255.252507,64.202518,60110.399491,,,,,,,,,0000,0.500000,107.598999,00,1,neowise,12.984000,0.029000,12.233000,0.039000,37.599998,27.900000,1290.400024,34.355999,921.239990,33.033001,AA
255.252505,64.202507,60110.529248,,,,,,,,,0000,0.500000,98.432999,00,1,neowise,13.108000,0.034000,12.185000,0.042000,32.299999,26.100000,1151.300049,35.667000,962.330017,36.874001,AA
255.252503,64.202536,60110.788890,,,,,,,,,0000,0.500000,82.529999,00,1,neowise,12.961000,0.031000,12.119000,0.038000,35.099998,28.200001,1318.500000,37.585999,1022.900024,36.216000,AA
255.252449,64.202515,60110.918648,,,,,,,,,0000,1.000000,83.790001,00,1,neowise,12.986000,0.030000,12.115000,0.042000,36.200001,26.100000,1288.000000,35.612000,1026.500000,39.335999,AA
255.252618,64.202520,60108.842149,,,,,,,,,0000,0.000000,82.848999,00,1,neowise,13.132000,0.033000,12.315000,0.043000,32.799999,25.400000,1126.199951,34.306999,854.099976,33.629002,AA
255.252588,64.202525,60109.231548,,,,,,,,,0000,0.500000,104.966003,00,1,neowise,13.035000,0.030000,12.257000,0.040000,35.799999,27.100000,1231.099976,34.358002,900.419983,33.284000,AA
255.252643,64.202506,60109.361306,,,,,,,,,0000,0.500000,108.560997,00,1,neowise,12.982000,0.030000,12.187000,0.050000,35.799999,21.600000,1292.900024,36.124001,960.599976,44.403999,AA
255.252563,64.202527,60109.490554,,,,,,,,,0000,0.500000,103.516998,00,1,neowise,12.957000,0.035000,12.188000,0.046000,31.000000,23.799999,1322.699951,42.719002,959.690002,40.327000,AA
255.252593,64.202509,60109.620820,,,,,,,,,0000,1.000000,90.580002,00,1,neowise,12.935000,0.030000,12.191000,0.041000,35.900002,26.299999,1349.500000,37.583000,957.429993,36.445000,AA
255.252561,64.202494,60109.750705,,,,,,,,,0000,0.500000,83.489998,00,1,neowise,13.002000,0.030000,12.111000,0.040000,36.099998,26.799999,1269.300049,35.207001,1030.300049,38.375000,AA
255.252522,64.202531,60110.529376,,,,,,,,,0000,1.000000,97.919998,00,1,neowise,13.014000,0.033000,12.094000,0.038000,32.599998,28.500000,1255.300049,38.505001,1046.900024,36.688999,AA
255.252548,64.202515,60111.307920,,,,,,,,,0000,1.000000,109.461998,00,1,neowise,12.942000,0.028000,12.151000,0.040000,39.200001,27.000000,1341.300049,34.231998,993.530029,36.756001,AA
255.252581,64.202515,60111.697192,,,,,,,,,0000,1.000000,85.167000,00,1,neowise,13.004000,0.030000,12.091000,0.038000,36.500000,28.900000,1267.400024,34.733002,1049.800049,36.293999,AA
255.252590,64.202573,60108.582125,,,,,,,,,0000,1.000000,94.661003,00,1,neowise,13.029000,0.032000,12.155000,0.050000,33.500000,21.900000,1237.599976,36.945000,989.530029,45.141998,AA
255.252526,64.202560,60109.880462,,,,,,,,,0000,1.000000,83.533997,00,1,neowise,12.972000,0.029000,12.200000,0.050000,37.299999,21.600000,1304.400024,34.986000,948.979980,44.021000,AA
255.252551,64.202591,60110.269734,,,,,,,,,0000,1.000000,107.454002,00,1,neowise,13.021000,0.029000,12.260000,0.043000,37.200001,25.000000,1247.599976,33.519001,898.109985,35.943001,AA
255.252527,64.202549,60111.437677,,,,,,,,,0000,1.000000,105.680000,00,1,neowise,12.942000,0.028000,12.211000,0.040000,38.200001,27.000000,1341.699951,35.137001,939.869995,34.814999,AA
255.252487,64.202545,60111.048405,,,,,,,,,0000,1.000000,90.203003,00,1,neowise,12.981000,0.030000,12.129000,0.042000,36.599998,25.700001,1294.099976,35.321999,1013.799988,39.430000,AA
255.252715,64.202575,60110.788763,,,,,,,,,0000,0.500000,81.929001,00,1,neowise,13.124000,0.036000,12.176000,0.039000,30.000000,28.100000,1134.000000,37.806000,970.390015,34.493999,AA
255.252744,64.202704,60111.566925,,,,,,,,,0000,0.000000,96.572998,00,1,neowise,13.336000,0.040000,12.367000,0.040000,27.100000,27.200001,933.200012,34.481998,813.780029,29.881001,AA
255.252629,64.202563,60312.426688,,,,,,,,,0000,1.000000,75.792999,00,1,neowise,12.974000,0.032000,12.127000,0.037000,34.000000,29.000000,1302.300049,38.256001,1015.500000,35.022999,AA
255.252635,64.202528,60312.684803,,,,,,,,,0000,1.000000,85.896004,00,1,neowise,13.028000,0.041000,12.140000,0.042000,26.700001,26.000000,1239.400024,46.490002,1003.000000,38.512001,AA
255.252596,64.202529,60313.459655,,,,,,,,,0000,1.000000,72.410004,00,1,neowise,12.971000,0.030000,12.180000,0.039000,36.400002,27.900000,1306.199951,35.841999,967.090027,34.632000,AA
255.252629,64.202559,60313.847018,,,,,,,,,0000,1.000000,108.067001,00,1,neowise,13.015000,0.030000,12.111000,0.036000,36.799999,30.200001,1253.699951,34.081001,1030.099976,34.152000,AA
255.252591,64.202530,60314.234125,,,,,,,,,0000,0.500000,89.692001,00,1,neowise,12.986000,0.030000,12.175000,0.039000,36.000000,27.500000,1288.300049,35.785999,971.570007,35.326000,AA
255.252632,64.202554,60314.363246,,,,,,,,,0000,1.000000,74.845001,00,1,neowise,12.981000,0.030000,12.315000,0.051000,35.599998,21.200001,1294.500000,36.326000,853.799988,40.327000,AA
255.252584,64.202542,60314.879348,,,,,,,,,0000,1.000000,111.898003,00,1,neowise,12.942000,0.030000,12.252000,0.041000,36.400002,26.400000,1340.900024,36.821999,904.580017,34.229000,AA
255.252672,64.202546,60314.879475,,,,,,,,,0000,1.000000,112.542999,00,1,neowise,12.953000,0.031000,12.104000,0.037000,35.500000,29.100000,1327.900024,37.441002,1037.000000,35.688000,AA
255.252585,64.202551,60315.008468,,,,,,,,,0000,1.000000,117.875000,00,1,neowise,12.962000,0.036000,12.238000,0.058000,30.400000,18.700001,1317.099976,43.256001,916.619995,48.987000,AA
255.252645,64.202523,60315.137462,,,,,,,,,0000,1.000000,102.428001,00,1,neowise,12.991000,0.031000,12.248000,0.042000,35.400002,25.900000,1281.800049,36.221001,907.969971,35.084999,AA
255.252632,64.202534,60315.266583,,,,,,,,,0000,1.000000,84.977997,00,1,neowise,12.975000,0.030000,12.163000,0.046000,35.599998,23.500000,1300.900024,36.515999,982.450012,41.731998,AA
255.252685,64.202516,60315.395576,,,,,,,,,0000,1.000000,73.214996,00,1,neowise,12.989000,0.030000,12.199000,0.041000,35.799999,26.600000,1284.199951,35.862000,950.380005,35.703999,AA
255.252570,64.202541,60315.653691,,,,,,,,,0000,1.000000,81.364998,00,1,neowise,12.978000,0.029000,12.133000,0.042000,37.299999,25.600000,1297.599976,34.799999,1009.700012,39.493000,AA
255.252724,64.202540,60315.911805,,,,,,,,,0000,1.000000,115.234001,00,1,neowise,12.934000,0.034000,12.255000,0.060000,31.700001,18.200001,1351.199951,42.605000,902.580017,49.713001,AA
255.252651,64.202530,60316.040926,,,,,,,,,0000,1.000000,114.808998,00,1,neowise,12.970000,0.032000,12.182000,0.040000,33.900002,26.900000,1306.699951,38.574001,965.159973,35.841000,AA
255.252670,64.202556,60316.428034,,,,,,,,,0000,1.000000,72.155998,00,1,neowise,12.978000,0.031000,12.151000,0.040000,34.900002,27.299999,1297.500000,37.206001,993.309998,36.439999,AA
255.252511,64.202521,60311.910460,,,,,,,,,0000,0.500000,112.147003,00,1,neowise,13.026000,0.029000,12.108000,0.037000,37.599998,29.500000,1241.300049,33.051998,1033.400024,35.018002,AA
255.252500,64.202506,60316.557027,,,,,,,,,0000,1.000000,74.161003,00,1,neowise,12.950000,0.039000,12.150000,0.039000,27.600000,28.000000,1331.900024,48.210999,994.369995,35.518002,AA
255.252553,64.202528,60311.652345,,,,,,,,,0000,0.500000,82.712997,00,1,neowise,13.028000,0.029000,12.265000,0.059000,37.700001,18.299999,1239.500000,32.851002,894.419983,48.943001,AA
255.252618,64.202506,60312.555809,,,,,,,,,0000,0.500000,76.609001,00,1,neowise,12.987000,0.029000,12.165000,0.040000,37.299999,27.299999,1287.500000,34.518002,980.409973,35.953999,AA
255.252629,64.202507,60313.976011,,,,,,,,,0000,0.500000,119.160004,00,1,neowise,12.999000,0.029000,12.185000,0.042000,37.299999,26.100000,1272.500000,34.104000,962.940002,36.889000,AA
255.252602,64.202522,60315.782812,,,,,,,,,0000,1.000000,98.662003,00,1,neowise,13.006000,0.030000,12.123000,0.039000,35.799999,28.200001,1264.199951,35.358002,1019.299988,36.186001,AA
255.252580,64.202488,60316.686021,,,,,,,,,0000,1.000000,85.478996,00,1,neowise,12.959000,0.032000,12.191000,0.041000,33.500000,26.799999,1321.000000,39.442001,957.380005,35.743000,AA
255.252692,64.202498,60316.686148,,,,,,,,,0000,1.000000,85.347000,00,1,neowise,12.901000,0.033000,12.329000,0.049000,32.500000,22.000000,1392.800049,42.868000,843.049988,38.393002,AA
255.252680,64.202614,60313.588903,,,,,,,,,0000,1.000000,75.094002,00,1,neowise,13.078000,0.036000,12.150000,0.038000,30.200001,28.299999,1183.000000,39.132000,993.849976,35.147999,AA
255.252625,64.202578,60311.781466,,,,,,,,,0000,1.000000,97.636002,00,1,neowise,13.017000,0.031000,12.175000,0.040000,34.599998,27.299999,1251.500000,36.178001,971.530029,35.603001,AA
255.252599,64.202564,60312.039581,,,,,,,,,0000,1.000000,113.457001,00,1,neowise,12.981000,0.031000,12.108000,0.036000,34.700001,29.799999,1293.699951,37.258999,1032.900024,34.702999,AA
255.252591,64.202579,60312.297695,,,,,,,,,0000,1.000000,84.003998,00,1,neowise,12.982000,0.030000,12.233000,0.042000,36.099998,25.700001,1293.099976,35.827999,920.809998,35.813999,AA
255.252565,64.202567,60313.717897,,,,,,,,,0000,1.000000,89.625000,00,1,neowise,12.924000,0.028000,12.089000,0.037000,39.500000,29.200001,1364.400024,34.582001,1051.300049,35.987999,AA
255.252614,64.202570,60314.621361,,,,,,,,,0000,1.000000,78.035004,00,1,neowise,12.969000,0.031000,12.187000,0.039000,34.700001,28.100000,1308.000000,37.681000,960.940002,34.150002,AA
255.252610,64.202580,60314.750354,,,,,,,,,0000,1.000000,94.098999,00,1,neowise,13.011000,0.030000,12.221000,0.050000,36.200001,21.700001,1259.400024,34.775002,930.809998,42.945000,AA
255.252610,64.202565,60316.040799,,,,,,,,,0000,1.000000,114.769997,00,1,neowise,12.922000,0.036000,12.126000,0.037000,30.400000,29.500000,1365.900024,44.995998,1016.200012,34.417999,AA
255.252614,64.202565,60316.298913,,,,,,,,,0000,1.000000,81.513000,00,1,neowise,12.965000,0.031000,12.198000,0.066000,35.299999,16.400000,1313.800049,37.223000,950.890015,58.084999,AA
255.252047,64.202234,60312.813923,,,,,,,,,0000,1.000000,101.875000,00,1,neowise,13.017000,0.030000,11.395000,0.027000,36.200001,40.200001,1251.599976,34.583000,1993.300049,49.629002,AA
255.252709,64.202485,58643.090001,,,,,,,,,0000,0.500000,93.733002,00,1,neowise,13.081000,0.032000,12.377000,0.043000,34.099998,25.500000,1180.599976,34.640999,806.179993,31.671000,AA
255.252566,64.202540,58642.959224,,,,,,,,,0000,0.500000,85.855003,00,1,neowise,12.948000,0.030000,12.162000,0.036000,35.799999,29.900000,1334.199951,37.317001,983.450012,32.846001,AA
255.252605,64.202527,58643.220395,,,,,,,,,0000,1.000000,103.789001,00,1,neowise,12.965000,0.033000,12.157000,0.041000,32.900002,26.700001,1313.599976,39.889999,988.080017,37.040001,AA
255.252565,64.202548,58643.482456,,,,,,,,,0000,1.000000,101.936996,00,1,neowise,12.976000,0.035000,12.147000,0.051000,31.400000,21.299999,1300.400024,41.467999,997.130005,46.771999,AA
255.252583,64.202533,58643.613359,,,,,,,,,0000,1.000000,91.278000,00,1,neowise,12.963000,0.031000,12.105000,0.048000,34.599998,22.500000,1315.300049,38.056000,1035.900024,46.006001,AA
255.252667,64.202537,58643.744135,,,,,,,,,0000,1.000000,83.740997,00,1,neowise,12.986000,0.031000,12.185000,0.046000,35.500000,23.400000,1287.900024,36.251999,962.919983,41.117001,AA
255.252640,64.202555,58644.921628,,,,,,,,,0000,1.000000,83.933998,00,1,neowise,13.048000,0.034000,12.128000,0.046000,32.299999,23.700001,1217.000000,37.727001,1014.599976,42.730999,AA
255.252666,64.202524,58645.052404,,,,,,,,,0000,1.000000,90.186996,00,1,neowise,13.013000,0.045000,12.207000,0.052000,24.000000,20.900000,1256.500000,52.422001,942.830017,45.139999,AA
255.252529,64.202540,58645.182798,,,,,,,,,0000,1.000000,100.154999,00,1,neowise,12.977000,0.034000,12.243000,0.062000,32.299999,17.600000,1298.400024,40.188000,912.380005,51.835999,AA
255.252433,64.202521,58644.005814,,,,,,,,,0000,0.500000,87.727997,00,1,neowise,12.973000,0.033000,12.197000,0.045000,32.799999,24.000000,1303.500000,39.688999,952.049988,39.596001,AA
255.252565,64.202530,58644.136208,,,,,,,,,0000,1.000000,95.943001,00,1,neowise,13.020000,0.035000,12.101000,0.042000,31.000000,25.900000,1248.800049,40.292999,1039.699951,40.198002,AA
255.252638,64.202509,58644.267494,,,,,,,,,0000,0.500000,106.922997,00,1,neowise,13.001000,0.030000,12.416000,0.061000,36.099998,17.700001,1271.000000,35.193001,778.330017,43.990002,AA
255.252530,64.202513,58644.398270,,,,,,,,,0000,1.000000,107.293999,00,1,neowise,12.984000,0.030000,12.232000,0.040000,36.599998,27.299999,1291.000000,35.243000,921.570007,33.762001,AA
255.252562,64.202488,58644.659949,,,,,,,,,0000,0.500000,88.013000,00,1,neowise,13.100000,0.043000,12.154000,0.049000,25.299999,22.100000,1159.400024,45.908001,990.080017,44.791000,AA
255.252523,64.202553,58643.875039,,,,,,,,,0000,1.000000,83.848000,00,1,neowise,13.036000,0.034000,12.036000,0.041000,32.200001,26.200001,1230.300049,38.226002,1104.099976,42.154999,AA
255.252569,64.202564,58644.528664,,,,,,,,,0000,0.000000,100.136002,00,1,neowise,13.052000,0.033000,12.287000,0.049000,33.299999,22.000000,1212.000000,36.431999,876.520020,39.845001,AA
255.252578,64.202560,58645.444859,,,,,,,,,0000,1.000000,105.327003,00,1,neowise,12.991000,0.032000,12.083000,0.043000,34.099998,25.000000,1282.500000,37.640999,1057.000000,42.292000,AA
255.252422,64.202548,58645.314083,,,,,,,,,0000,0.500000,109.369003,00,1,neowise,12.964000,0.034000,12.140000,0.045000,32.099998,24.400000,1314.000000,40.937000,1003.700012,41.153999,AA
255.252501,64.202556,58643.351680,,,,,,,,,0000,0.500000,108.529999,00,1,neowise,13.011000,0.033000,12.193000,0.038000,33.400002,28.400000,1258.599976,37.733002,955.789978,33.669998,AA
255.252452,64.202562,58644.790725,,,,,,,,,0000,1.000000,82.440002,00,1,neowise,12.940000,0.035000,12.187000,0.051000,30.799999,21.299999,1344.000000,43.686001,961.140015,45.148998,AA
255.252472,64.202505,57204.873363,,,,,,,,,0000,1.000000,81.082001,00,1,neowise,12.983000,0.031000,12.169000,0.037000,34.799999,29.700001,1290.800049,37.063000,977.979980,32.918999,AA
255.252463,64.202495,57204.742078,,,,,,,,,0000,0.500000,79.758003,00,1,neowise,12.961000,0.027000,12.117000,0.041000,40.299999,26.700001,1317.000000,32.645000,1026.500000,38.393002,AA
255.252542,64.202498,57205.004521,,,,,,,,,0000,0.000000,87.973999,00,1,neowise,13.143000,0.030000,12.282000,0.041000,36.799999,26.400000,1114.300049,30.311001,881.729980,33.431999,AA
255.252556,64.202569,57204.610920,,,,,,,,,0000,0.500000,87.257004,00,1,neowise,13.032000,0.028000,12.111000,0.046000,38.299999,23.700001,1234.099976,32.228001,1032.300049,43.549000,AA
255.252262,64.202554,59743.427610,,,,,,,,,0000,0.000000,109.035004,00,1,neowise,12.970000,0.040000,12.074000,0.062000,27.400000,17.500000,1306.900024,47.776001,1066.199951,61.077999,AA
255.252626,64.202547,59745.124005,,,,,,,,,0000,0.500000,94.057999,00,1,neowise,13.008000,0.030000,12.165000,0.039000,36.500000,27.700001,1262.300049,34.589001,980.650024,35.356998,AA
255.252529,64.202540,59745.906878,,,,,,,,,0000,1.000000,79.740997,00,1,neowise,12.924000,0.028000,12.186000,0.043000,38.599998,25.200001,1364.400024,35.355000,961.229980,38.101002,AA
255.252584,64.202537,59746.689752,,,,,,,,,0000,1.000000,84.944000,00,1,neowise,12.941000,0.032000,12.232000,0.055000,34.099998,19.799999,1343.099976,39.383999,921.950012,46.502998,AA
255.252525,64.202540,59747.081188,,,,,,,,,0000,1.000000,88.805000,00,1,neowise,12.971000,0.036000,12.147000,0.036000,29.900000,30.000000,1306.000000,43.714001,996.840027,33.206001,AA
255.252528,64.202512,59745.515442,,,,,,,,,0000,1.000000,102.273003,00,1,neowise,13.036000,0.031000,12.207000,0.040000,35.000000,27.400000,1229.900024,35.161999,943.380005,34.448002,AA
255.252404,64.202498,59747.342231,,,,,,,,,0000,0.000000,113.244003,00,1,neowise,13.041000,0.030000,12.167000,0.048000,36.700001,22.600000,1224.300049,33.356998,978.330017,43.237000,AA
255.252550,64.202524,59743.558131,,,,,,,,,0000,0.500000,97.483002,00,1,neowise,12.966000,0.030000,12.171000,0.048000,35.799999,22.799999,1312.199951,36.634998,974.619995,42.741001,AA
255.252527,64.202520,59743.688652,,,,,,,,,0000,0.500000,85.445999,00,1,neowise,12.975000,0.032000,12.237000,0.042000,34.099998,26.000000,1300.699951,38.146000,917.619995,35.250999,AA
255.252529,64.202534,59743.819046,,,,,,,,,0000,1.000000,79.341003,00,1,neowise,12.970000,0.030000,12.151000,0.069000,35.700001,15.800000,1306.699951,36.653000,993.570007,62.845001,AA
255.252571,64.202516,59744.341005,,,,,,,,,0000,0.500000,112.490997,00,1,neowise,12.954000,0.031000,12.117000,0.038000,35.099998,28.299999,1326.800049,37.827000,1025.000000,36.192001,AA
255.252588,64.202511,59744.602047,,,,,,,,,0000,1.000000,93.290001,00,1,neowise,12.971000,0.028000,12.182000,0.039000,38.099998,27.900000,1305.599976,34.234001,965.340027,34.548000,AA
255.252574,64.202489,59744.862963,,,,,,,,,0000,0.000000,79.403999,00,1,neowise,13.179000,0.031000,12.295000,0.048000,34.700001,22.400000,1078.099976,31.028999,870.090027,38.849998,AA
255.252545,64.202531,59744.993484,,,,,,,,,0000,1.000000,82.852997,00,1,neowise,13.043000,0.034000,12.162000,0.043000,32.000000,25.100000,1222.800049,38.244999,983.349976,39.106998,AA
255.252567,64.202489,59745.254399,,,,,,,,,0000,1.000000,106.933998,00,1,neowise,12.948000,0.033000,12.117000,0.045000,32.900002,24.299999,1333.800049,40.540001,1024.400024,42.132999,AA
255.252559,64.202508,59745.776357,,,,,,,,,0000,1.000000,79.583000,00,1,neowise,13.021000,0.034000,12.123000,0.039000,31.799999,27.600000,1247.199951,39.230000,1019.099976,36.928001,AA
255.252610,64.202517,59746.037400,,,,,,,,,0000,1.000000,85.594002,00,1,neowise,12.978000,0.029000,12.486000,0.065000,37.500000,16.799999,1297.199951,34.634998,729.270020,43.458000,AA
255.252552,64.202517,59746.428837,,,,,,,,,0000,0.500000,110.081001,00,1,neowise,12.970000,0.028000,12.146000,0.039000,38.200001,27.799999,1306.800049,34.195999,997.530029,35.915001,AA
255.252624,64.202635,59744.080090,,,,,,,,,0000,0.000000,89.980003,00,1,neowise,13.166000,0.042000,12.410000,0.049000,25.799999,22.000000,1091.199951,42.368000,782.320007,35.535000,AA
255.252565,64.202621,59744.210611,,,,,,,,,0000,0.000000,102.864998,00,1,neowise,13.224000,0.034000,12.477000,0.046000,31.900000,23.600000,1034.699951,32.411999,735.859985,31.191000,AA
255.252533,64.202576,59743.688525,,,,,,,,,0000,1.000000,85.274002,00,1,neowise,12.995000,0.034000,12.169000,0.038000,31.600000,28.400000,1277.699951,40.455002,976.409973,34.426998,AA
255.252505,64.202603,59743.949568,,,,,,,,,0000,0.500000,81.396004,00,1,neowise,12.975000,0.030000,12.231000,0.098000,36.000000,11.100000,1301.099976,36.091000,922.820007,83.362999,AA
255.252550,64.202576,59744.210484,,,,,,,,,0000,0.500000,102.754997,00,1,neowise,13.010000,0.035000,12.218000,0.041000,30.700001,26.200001,1259.500000,41.063999,933.719971,35.575001,AA
255.252559,64.202562,59745.645963,,,,,,,,,0000,1.000000,88.988998,00,1,neowise,13.044000,0.032000,12.150000,0.039000,34.000000,27.900000,1220.900024,35.874001,994.190002,35.641998,AA
255.252549,64.202552,59746.298315,,,,,,,,,0000,1.000000,110.540001,00,1,neowise,12.914000,0.028000,12.109000,0.042000,39.200001,25.600000,1376.599976,35.092999,1032.599976,40.328999,AA
255.252485,64.202597,59747.081316,,,,,,,,,0000,1.000000,89.216003,00,1,neowise,12.995000,0.033000,12.146000,0.044000,32.400002,24.500000,1277.000000,39.382999,997.440002,40.693001,AA
255.252544,64.202583,59747.211710,,,,,,,,,0000,0.000000,102.781998,00,1,neowise,13.172000,0.031000,12.267000,0.041000,35.500000,26.600000,1085.800049,30.596001,892.590027,33.497002,AA
255.252420,64.202547,59746.559358,,,,,,,,,0000,0.000000,98.075996,00,1,neowise,13.018000,0.034000,12.306000,0.047000,32.299999,23.000000,1250.500000,38.660999,860.960022,37.443001,AA
255.252484,64.202540,59746.820273,,,,,,,,,0000,1.000000,78.542000,00,1,neowise,13.001000,0.029000,12.113000,0.036000,37.200001,30.200001,1270.500000,34.181999,1028.300049,34.026001,AA
255.252502,64.202552,59744.471526,,,,,,,,,0000,0.500000,106.113998,00,1,neowise,13.046000,0.033000,12.201000,0.049000,32.900002,21.900000,1219.199951,37.022999,948.820007,43.241001,AA
255.252504,64.202549,59744.732441,,,,,,,,,0000,1.000000,82.075996,00,1,neowise,12.991000,0.033000,12.147000,0.039000,32.900002,28.100000,1282.099976,38.997002,996.799988,35.424999,AA
255.252500,64.202555,59745.384920,,,,,,,,,0000,0.500000,112.110001,00,1,neowise,12.966000,0.030000,12.172000,0.043000,36.599998,25.500000,1312.699951,35.867001,974.390015,38.216000,AA
255.252483,64.202551,59746.167921,,,,,,,,,0000,1.000000,98.348000,00,1,neowise,13.064000,0.033000,12.234000,0.046000,32.400002,23.700001,1198.699951,36.951000,920.130005,38.882999,AA
255.252459,64.202571,59746.950794,,,,,,,,,0000,1.000000,80.308998,00,1,neowise,12.973000,0.031000,12.126000,0.038000,35.099998,28.299999,1303.800049,37.182999,1016.000000,35.886002,AA
255.252613,64.202556,60106.246621,,,,,,,,,0000,1.000000,105.731003,00,1,neowise,13.024000,0.033000,12.245000,0.047000,32.700001,22.900000,1243.500000,38.000999,910.539978,39.745998,AA
255.252613,64.202544,60106.376378,,,,,,,,,0000,1.000000,106.599998,00,1,neowise,12.942000,0.032000,12.140000,0.044000,33.700001,24.799999,1341.400024,39.772999,1003.299988,40.466999,AA
255.252692,64.202569,60106.505626,,,,,,,,,0000,1.000000,101.096001,00,1,neowise,12.929000,0.034000,12.192000,0.050000,32.099998,21.700001,1357.199951,42.334000,956.739990,44.046001,AA
255.252563,64.202548,60106.765777,,,,,,,,,0000,1.000000,84.028000,00,1,neowise,12.966000,0.030000,12.164000,0.037000,36.700001,29.400000,1312.400024,35.808998,981.219971,33.325001,AA
255.252522,64.202541,60107.543939,,,,,,,,,0000,1.000000,97.924004,00,1,neowise,12.967000,0.030000,12.112000,0.038000,36.200001,28.299999,1311.199951,36.264999,1029.199951,36.424999,AA
255.252589,64.202552,60108.063478,,,,,,,,,0000,0.000000,91.669998,00,1,neowise,13.185000,0.035000,12.372000,0.041000,31.200001,26.299999,1072.000000,34.338001,809.890015,30.775000,AA
255.252589,64.202552,60108.323120,,,,,,,,,0000,1.000000,109.043999,00,1,neowise,12.972000,0.029000,12.241000,0.042000,36.900002,26.100000,1304.599976,35.311001,914.179993,34.973000,AA
255.252512,64.202537,60106.895534,,,,,,,,,0000,1.000000,84.886002,00,1,neowise,13.024000,0.031000,12.221000,0.041000,34.799999,26.600000,1243.300049,35.724998,930.770020,35.053001,AA
255.252493,64.202519,60107.414564,,,,,,,,,0000,1.000000,105.769997,00,1,neowise,12.981000,0.032000,12.252000,0.045000,33.900002,24.400000,1294.400024,38.192001,905.280029,37.153000,AA
255.252560,64.202514,60105.597198,,,,,,,,,0000,0.500000,92.664001,00,1,neowise,12.977000,0.032000,12.124000,0.037000,33.900002,29.200001,1298.300049,38.279999,1018.400024,34.848999,AA
255.252607,64.202503,60107.025292,,,,,,,,,0000,0.500000,89.771004,00,1,neowise,12.977000,0.034000,12.226000,0.045000,31.500000,24.000000,1299.300049,41.209999,926.590027,38.660999,AA
255.252549,64.202491,60107.154540,,,,,,,,,0000,1.000000,98.183998,00,1,neowise,12.952000,0.033000,12.133000,0.044000,32.700001,24.700001,1328.500000,40.597000,1009.599976,40.825001,AA
255.252609,64.202488,60107.284807,,,,,,,,,0000,0.000000,107.852997,00,1,neowise,13.190000,0.035000,12.320000,0.049000,31.299999,22.400000,1067.400024,34.141998,850.140015,38.021000,AA
255.252637,64.202598,60105.467313,,,,,,,,,0000,1.000000,104.004997,00,1,neowise,12.930000,0.032000,12.178000,0.047000,33.599998,23.100000,1356.300049,40.331001,969.099976,41.966999,AA
255.252636,64.202574,60105.337556,,,,,,,,,0000,1.000000,110.152000,00,1,neowise,12.958000,0.029000,12.142000,0.038000,37.299999,28.299999,1321.800049,35.480000,1001.599976,35.435001,AA
255.252509,64.202553,60106.116354,,,,,,,,,0000,1.000000,95.208000,00,1,neowise,12.948000,0.029000,12.150000,0.048000,36.900002,22.400000,1334.000000,36.175999,993.940002,44.313999,AA
255.252513,64.202553,60106.635893,,,,,,,,,0000,1.000000,89.376999,00,1,neowise,13.024000,0.034000,12.157000,0.043000,32.400002,25.100000,1243.699951,38.432999,987.250000,39.397999,AA
255.252510,64.202564,60107.803963,,,,,,,,,0000,0.500000,83.088997,00,1,neowise,12.972000,0.029000,12.216000,0.046000,37.000000,23.500000,1305.099976,35.291000,935.609985,39.844002,AA
255.252573,64.202560,60107.933720,,,,,,,,,0000,1.000000,84.598999,00,1,neowise,12.980000,0.033000,12.121000,0.045000,32.400002,23.900000,1295.199951,39.936001,1020.700012,42.706001,AA
255.252592,64.202575,60108.192853,,,,,,,,,0000,1.000000,101.709000,00,1,neowise,12.969000,0.029000,12.171000,0.045000,36.900002,24.299999,1308.199951,35.490002,974.789978,40.187000,AA
255.252410,64.202528,60105.467440,,,,,,,,,0000,1.000000,103.309998,00,1,neowise,12.994000,0.032000,12.223000,0.047000,33.500000,22.900000,1278.599976,38.220001,929.650024,40.611000,AA
255.252453,64.202545,60107.674206,,,,,,,,,0000,0.500000,86.984001,00,1,neowise,13.016000,0.030000,12.164000,0.053000,36.299999,20.500000,1252.900024,34.488998,981.380005,47.889000,AA
255.252615,64.202469,56664.881043,,,,,,,,,0000,0.500000,109.753998,00,1,neowise,12.946000,0.033000,12.191000,0.045000,33.000000,24.400000,1345.400024,40.800999,973.580017,39.964001,AA
255.252689,64.202536,56664.749375,,,,,,,,,0000,0.500000,99.200996,00,1,neowise,12.961000,0.028000,12.231000,0.045000,38.500000,23.900000,1326.400024,34.425999,938.469971,39.249001,AA
255.252645,64.202520,56664.485785,,,,,,,,,0000,0.500000,81.513000,00,1,neowise,12.944000,0.027000,12.241000,0.055000,40.400002,19.900000,1347.099976,33.355999,929.320007,46.715000,AA
255.252586,64.202540,56663.695142,,,,,,,,,0000,1.000000,93.500999,00,1,neowise,12.907000,0.031000,12.222000,0.045000,35.500000,23.900000,1394.599976,39.292999,946.159973,39.522999,AA
255.252681,64.202532,56663.299885,,,,,,,,,0000,0.500000,83.842003,00,1,neowise,12.950000,0.027000,12.193000,0.039000,39.599998,28.100000,1340.800049,33.891998,971.479980,34.520000,AA
255.252533,64.202545,56661.586677,,,,,,,,,0000,1.000000,85.541000,00,1,neowise,12.998000,0.029000,12.148000,0.038000,38.000000,28.799999,1282.599976,33.789001,1012.799988,35.202000,AA
255.252605,64.202526,56663.958732,,,,,,,,,0000,0.500000,110.626999,00,1,neowise,12.939000,0.033000,12.204000,0.037000,32.500000,29.100000,1353.599976,41.619999,961.919983,33.054001,AA
255.252619,64.202534,56662.377320,,,,,,,,,0000,0.500000,82.023003,00,1,neowise,12.971000,0.028000,12.165000,0.035000,39.400002,31.500000,1314.800049,33.375999,996.729980,31.677000,AA
255.252588,64.202548,56664.090527,,,,,,,,,0000,1.000000,101.929001,00,1,neowise,12.948000,0.031000,12.135000,0.036000,35.500000,30.000000,1343.199951,37.867001,1025.300049,34.165001,AA
255.252633,64.202536,56664.222196,,,,,,,,,0000,1.000000,90.031998,00,1,neowise,13.002000,0.042000,12.113000,0.036000,25.900000,30.400000,1277.000000,49.265999,1046.199951,34.390999,AA
255.252705,64.202512,56663.826937,,,,,,,,,0000,1.000000,105.610001,00,1,neowise,13.009000,0.028000,12.152000,0.050000,38.700001,21.799999,1269.099976,32.831001,1008.599976,46.259998,AA
255.252669,64.202569,56663.036295,,,,,,,,,0000,1.000000,106.279999,00,1,neowise,12.957000,0.027000,12.103000,0.039000,40.200001,28.000000,1331.300049,33.148998,1056.000000,37.691002,AA
255.252510,64.202514,56665.276428,,,,,,,,,0000,0.500000,84.664001,00,1,neowise,12.937000,0.028000,12.154000,0.049000,38.500000,22.200001,1357.000000,35.285000,1007.200012,45.342999,AA
255.252495,64.202500,56662.245525,,,,,,,,,0000,0.500000,89.015999,00,1,neowise,12.980000,0.027000,12.235000,0.046000,39.599998,23.400000,1303.300049,32.888000,934.580017,40.014000,AA
255.252577,64.202522,56662.640910,,,,,,,,,0000,1.000000,88.866997,00,1,neowise,12.990000,0.027000,12.179000,0.038000,39.700001,28.400000,1291.900024,32.514000,983.940002,34.654999,AA
255.252573,64.202522,56664.353991,,,,,,,,,0000,1.000000,81.611000,00,1,neowise,12.909000,0.027000,12.163000,0.044000,40.900002,24.700001,1392.000000,34.066002,999.109985,40.470001,AA
255.252625,64.202504,56664.617580,,,,,,,,,0000,1.000000,86.981003,00,1,neowise,12.966000,0.032000,12.109000,0.040000,34.099998,27.299999,1321.300049,38.707001,1049.900024,38.414001,AA
255.252581,64.202489,56662.904372,,,,,,,,,0000,0.500000,109.292999,00,1,neowise,13.067000,0.029000,12.223000,0.038000,38.000000,28.500000,1203.099976,31.627001,945.039978,33.120998,AA
255.252688,64.202599,56662.509115,,,,,,,,,0000,0.000000,82.653999,00,1,neowise,13.364000,0.032000,12.525000,0.046000,34.000000,23.500000,915.049988,26.951000,715.429993,30.436001,AA
255.252672,64.202605,56661.982062,,,,,,,,,0000,1.000000,109.144997,00,1,neowise,12.978000,0.033000,12.141000,0.040000,33.000000,27.200001,1306.300049,39.539001,1019.099976,37.422001,AA
255.252588,64.202563,56663.563347,,,,,,,,,0000,1.000000,83.969002,00,1,neowise,12.927000,0.027000,12.264000,0.058000,40.900002,18.600000,1369.599976,33.526001,910.169983,49.041000,AA
255.252539,64.202564,56663.168090,,,,,,,,,0000,0.500000,94.762001,00,1,neowise,12.958000,0.028000,12.222000,0.043000,39.000000,25.299999,1330.099976,34.105999,945.549988,37.375000,AA
255.252626,64.202566,56661.718472,,,,,,,,,0000,1.000000,95.250000,00,1,neowise,12.961000,0.028000,12.124000,0.037000,39.299999,29.500000,1326.800049,33.757000,1035.099976,35.082001,AA
255.252602,64.202581,56661.850267,,,,,,,,,0000,1.000000,106.427002,00,1,neowise,12.893000,0.030000,12.179000,0.041000,36.700001,26.500000,1413.000000,38.515999,983.849976,37.103001,AA
255.252571,64.202442,56661.981935,,,,,,,,,0000,0.000000,108.748001,00,1,neowise,13.089000,0.032000,12.237000,0.038000,34.200001,28.400000,1178.800049,34.453999,933.299988,32.903999,AA
255.252851,64.202214,56662.772577,,,,,,,,,0000,0.000000,100.005997,00,1,neowise,13.761000,0.042000,13.076000,0.063000,26.100000,17.299999,635.130005,24.325001,430.820007,24.948000,AA
255.252455,64.202280,56665.012838,,,,,,,,,0000,0.000000,108.038002,00,1,neowise,13.598000,0.039000,12.701000,0.058000,27.900000,18.799999,737.650024,26.392000,608.700012,32.393002,AA
255.252645,64.202553,57387.804766,,,,,,,,,0000,1.000000,101.891998,00,1,neowise,12.970000,0.033000,12.192000,0.035000,33.000000,31.299999,1308.699951,39.626999,954.039978,30.452000,AA
255.252625,64.202542,57387.935925,,,,,,,,,0000,0.500000,111.829002,00,1,neowise,12.962000,0.028000,12.128000,0.037000,38.200001,29.500000,1318.300049,34.528999,1012.599976,34.301998,AA
255.252681,64.202562,57388.198242,,,,,,,,,0000,1.000000,93.612000,00,1,neowise,12.985000,0.030000,12.233000,0.042000,36.099998,25.600000,1290.300049,35.757000,918.659973,35.875999,AA
255.252648,64.202562,57388.329400,,,,,,,,,0000,1.000000,82.207001,00,1,neowise,12.985000,0.029000,12.122000,0.043000,36.900002,25.100000,1290.400024,34.945000,1017.599976,40.528999,AA
255.252673,64.202518,57388.460432,,,,,,,,,0000,1.000000,79.977997,00,1,neowise,12.880000,0.029000,12.090000,0.034000,37.799999,32.200001,1421.300049,37.594002,1048.199951,32.577000,AA
255.252637,64.202556,57388.591590,,,,,,,,,0000,1.000000,83.120003,00,1,neowise,13.031000,0.028000,12.156000,0.047000,38.099998,23.000000,1237.500000,32.458000,986.849976,42.987999,AA
255.252678,64.202522,57388.853907,,,,,,,,,0000,1.000000,107.061996,00,1,neowise,12.958000,0.027000,12.154000,0.054000,39.599998,20.200001,1323.699951,33.428001,988.409973,48.834000,AA
255.252713,64.202519,57388.985066,,,,,,,,,0000,1.000000,111.779999,00,1,neowise,12.914000,0.031000,12.031000,0.038000,35.099998,28.500000,1377.900024,39.292000,1107.000000,38.889000,AA
255.252602,64.202507,57388.722749,,,,,,,,,0000,1.000000,93.967003,00,1,neowise,12.990000,0.028000,12.132000,0.036000,39.000000,30.000000,1284.900024,32.914001,1008.299988,33.585999,AA
255.252570,64.202578,57387.542576,,,,,,,,,0000,0.500000,80.870003,00,1,neowise,12.992000,0.031000,12.103000,0.037000,34.799999,29.100000,1282.099976,36.791000,1035.400024,35.540001,AA
255.252564,64.202568,57387.673735,,,,,,,,,0000,1.000000,89.219002,00,1,neowise,12.980000,0.030000,12.145000,0.034000,36.200001,31.700001,1296.699951,35.804001,996.960022,31.493000,AA
255.252580,64.202561,57387.804894,,,,,,,,,0000,1.000000,102.440002,00,1,neowise,13.059000,0.034000,12.125000,0.038000,31.900000,28.600000,1205.800049,37.743999,1015.200012,35.523998,AA
255.252605,64.202561,57388.067083,,,,,,,,,0000,1.000000,106.343002,00,1,neowise,12.945000,0.028000,12.131000,0.034000,39.299999,32.099998,1338.599976,34.051998,1009.400024,31.427000,AA
255.252589,64.202597,57388.984939,,,,,,,,,0000,1.000000,111.452003,00,1,neowise,12.956000,0.030000,12.128000,0.034000,36.799999,31.700001,1326.300049,36.082001,1012.200012,31.964001,AA
255.249790,64.203058,58283.094017,,,,,,,,,0000,1.000000,94.314003,00,1,neowise,13.900000,0.046000,10.856000,0.025000,23.400000,42.599998,555.250000,23.737000,3273.100098,76.773003,AA
255.252635,64.202537,59009.899042,,,,,,,,,0000,1.000000,80.139999,00,1,neowise,13.012000,0.033000,12.197000,0.052000,32.500000,20.900000,1257.500000,38.726002,952.140015,45.476002,AA
255.252621,64.202554,59010.553049,,,,,,,,,0000,1.000000,98.696999,00,1,neowise,12.996000,0.030000,12.141000,0.043000,35.799999,25.299999,1276.300049,35.686001,1002.599976,39.618999,AA
255.252614,64.202522,59010.683825,,,,,,,,,0000,1.000000,86.179001,00,1,neowise,12.955000,0.034000,12.132000,0.043000,31.900000,25.299999,1325.599976,41.599998,1010.599976,40.007000,AA
255.252597,64.202538,59011.468480,,,,,,,,,0000,1.000000,107.189003,00,1,neowise,12.986000,0.033000,12.094000,0.040000,33.299999,26.900000,1287.699951,38.702999,1046.800049,38.911999,AA
255.252594,64.202552,59011.860808,,,,,,,,,0000,1.000000,78.820000,00,1,neowise,12.923000,0.030000,12.196000,0.049000,36.500000,22.000000,1364.500000,37.382000,952.950012,43.324001,AA
255.252624,64.202528,59011.991711,,,,,,,,,0000,1.000000,82.614998,00,1,neowise,12.968000,0.034000,12.111000,0.038000,32.299999,28.600000,1310.300049,40.537998,1030.199951,36.055000,AA
255.252477,64.202514,59011.076153,,,,,,,,,0000,0.500000,88.806999,00,1,neowise,12.982000,0.030000,12.246000,0.048000,35.599998,22.700001,1292.800049,36.300999,910.260010,40.018002,AA
255.252517,64.202502,59011.206929,,,,,,,,,0000,1.000000,101.889999,00,1,neowise,12.951000,0.031000,12.155000,0.043000,35.400002,25.299999,1330.400024,37.619999,989.219971,39.137001,AA
255.252572,64.202526,59009.768266,,,,,,,,,0000,1.000000,80.941002,00,1,neowise,13.042000,0.034000,12.249000,0.048000,32.099998,22.500000,1223.599976,38.066002,907.580017,40.320999,AA
255.252615,64.202506,59010.029945,,,,,,,,,0000,1.000000,85.816002,00,1,neowise,12.956000,0.033000,12.184000,0.051000,33.099998,21.299999,1324.300049,40.056000,963.799988,45.172001,AA
255.252592,64.202524,59010.291497,,,,,,,,,0000,1.000000,109.169998,00,1,neowise,12.907000,0.032000,12.175000,0.041000,33.799999,26.200001,1385.500000,40.987000,971.309998,37.030998,AA
255.252580,64.202557,59010.029818,,,,,,,,,0000,1.000000,85.077003,00,1,neowise,12.992000,0.037000,12.239000,0.045000,29.700001,24.000000,1280.900024,43.138000,915.770020,38.154999,AA
255.252528,64.202547,59010.160721,,,,,,,,,0000,1.000000,97.527000,00,1,neowise,12.940000,0.032000,12.163000,0.040000,33.900002,27.000000,1344.400024,39.625000,982.590027,36.408001,AA
255.252530,64.202553,59010.422273,,,,,,,,,0000,1.000000,109.622002,00,1,neowise,12.939000,0.029000,12.119000,0.043000,37.500000,25.200001,1344.599976,35.880001,1022.799988,40.603001,AA
255.252511,64.202569,59010.945377,,,,,,,,,0000,1.000000,80.829002,00,1,neowise,12.947000,0.029000,12.180000,0.042000,37.099998,26.000000,1335.699951,35.998001,967.059998,37.188999,AA
255.252607,64.202594,59011.337705,,,,,,,,,0000,1.000000,112.289001,00,1,neowise,13.028000,0.036000,12.171000,0.042000,29.900000,26.200001,1239.500000,41.422001,975.090027,37.279999,AA
255.252504,64.202562,59011.730032,,,,,,,,,0000,1.000000,82.512001,00,1,neowise,13.025000,0.038000,12.224000,0.045000,28.500000,23.900000,1242.400024,43.630001,928.849976,38.861000,AA
255.252576,64.202569,59012.122487,,,,,,,,,0000,1.000000,93.223999,00,1,neowise,12.983000,0.033000,12.109000,0.038000,33.299999,28.400000,1291.599976,38.793999,1032.099976,36.345001,AA
255.252415,64.202533,59011.991584,,,,,,,,,0000,1.000000,81.843002,00,1,neowise,13.065000,0.036000,12.402000,0.057000,30.200001,18.900000,1197.800049,39.625000,788.309998,41.740002,AA
255.252505,64.202554,59010.814601,,,,,,,,,0000,1.000000,79.481003,00,1,neowise,12.948000,0.030000,12.143000,0.040000,36.099998,27.200001,1333.500000,36.959999,1000.700012,36.750999,AA
255.252791,64.202557,59011.599256,,,,,,,,,0000,0.000000,94.306000,00,1,neowise,13.129000,0.040000,12.347000,0.047000,27.000000,23.100000,1129.099976,41.842999,829.309998,35.832001,AA
255.252606,64.202552,59379.308667,,,,,,,,,0000,0.500000,109.739998,00,1,neowise,13.089000,0.031000,12.188000,0.040000,34.900002,27.299999,1171.400024,33.594002,960.210022,35.160999,AA
255.252591,64.202542,59379.439315,,,,,,,,,0000,1.000000,107.637001,00,1,neowise,12.945000,0.028000,12.168000,0.057000,38.900002,19.200001,1338.300049,34.379002,977.710022,51.000000,AA
255.252487,64.202529,59379.700740,,,,,,,,,0000,1.000000,85.052002,00,1,neowise,12.964000,0.030000,12.201000,0.041000,36.299999,26.200001,1314.099976,36.219002,948.619995,36.183998,AA
255.252494,64.202538,59380.223207,,,,,,,,,0000,0.500000,103.472000,00,1,neowise,13.052000,0.046000,12.261000,0.044000,23.500000,24.600000,1212.300049,51.687000,897.369995,36.467999,AA
255.252575,64.202517,59378.393617,,,,,,,,,0000,0.500000,109.474998,00,1,neowise,12.974000,0.028000,12.217000,0.043000,38.500000,25.299999,1302.199951,33.832001,934.340027,36.981998,AA
255.252550,64.202532,59379.569582,,,,,,,,,0000,0.500000,97.693001,00,1,neowise,13.047000,0.032000,12.212000,0.043000,33.500000,25.100000,1217.699951,36.345001,938.830017,37.473000,AA
255.252550,64.202495,59379.831516,,,,,,,,,0000,1.000000,80.726997,00,1,neowise,12.914000,0.030000,12.064000,0.036000,36.000000,30.600000,1376.900024,38.298000,1075.599976,35.189999,AA
255.252571,64.202519,59380.223080,,,,,,,,,0000,1.000000,103.417999,00,1,neowise,12.921000,0.032000,12.191000,0.069000,34.400002,15.800000,1367.800049,39.724998,957.070007,60.497002,AA
255.252540,64.202515,59380.354365,,,,,,,,,0000,1.000000,111.434998,00,1,neowise,12.920000,0.028000,12.125000,0.041000,39.200001,26.700001,1369.500000,34.917999,1017.200012,38.108002,AA
255.252530,64.202569,59378.655042,,,,,,,,,0000,1.000000,88.597000,00,1,neowise,12.966000,0.028000,12.201000,0.051000,38.200001,21.400000,1311.500000,34.304001,948.500000,44.292999,AA
255.252533,64.202588,59378.785818,,,,,,,,,0000,1.000000,81.640999,00,1,neowise,12.969000,0.029000,12.200000,0.043000,37.099998,25.000000,1308.000000,35.234001,949.460022,37.905998,AA
255.252601,64.202568,59378.916466,,,,,,,,,0000,1.000000,81.988998,00,1,neowise,13.027000,0.029000,12.242000,0.040000,37.700001,27.200001,1240.699951,32.889999,913.570007,33.533001,AA
255.252551,64.202556,59379.177381,,,,,,,,,0000,1.000000,98.491997,00,1,neowise,12.992000,0.029000,12.216000,0.037000,36.900002,29.500000,1281.500000,34.695000,935.570007,31.702999,AA
255.252522,64.202574,59379.962165,,,,,,,,,0000,1.000000,82.508003,00,1,neowise,12.992000,0.028000,12.231000,0.039000,38.299999,28.100000,1281.000000,33.480000,922.780029,32.835999,AA
255.252465,64.202578,59379.047242,,,,,,,,,0000,0.500000,88.116997,00,1,neowise,12.962000,0.029000,12.200000,0.041000,37.099998,26.200001,1317.300049,35.541000,948.989990,36.243999,AA
255.252424,64.202471,59378.523884,,,,,,,,,0000,0.500000,102.133003,00,1,neowise,13.006000,0.032000,12.157000,0.048000,34.299999,22.500000,1265.000000,36.898998,987.890015,43.886002,AA
255.252378,64.202452,59380.092941,,,,,,,,,0000,0.000000,91.595001,00,1,neowise,13.023000,0.029000,12.412000,0.054000,37.099998,20.200001,1245.000000,33.595001,781.030029,38.662998,AA
255.252705,64.202459,56840.195260,,,,,,,,,0000,0.500000,107.353996,00,1,neowise,13.113000,0.041000,12.141000,0.036000,26.500000,30.400000,1157.300049,43.645000,1020.500000,33.566002,AA
255.252596,64.202544,56841.577000,,,,,,,,,0000,0.500000,88.942001,00,1,neowise,13.001000,0.040000,12.197000,0.042000,27.400000,26.100000,1283.300049,46.799000,969.369995,37.146000,AA
255.252577,64.202538,56840.590133,,,,,,,,,0000,0.000000,87.875999,00,1,neowise,13.093000,0.033000,12.207000,0.046000,33.000000,23.700001,1178.900024,35.775002,961.030029,40.525002,AA
255.252616,64.202555,56840.063720,,,,,,,,,0000,1.000000,95.836998,00,1,neowise,12.952000,0.029000,12.165000,0.038000,37.400002,28.200001,1342.099976,35.849998,999.049988,35.412998,AA
255.252559,64.202534,56839.800513,,,,,,,,,0000,1.000000,81.278000,00,1,neowise,13.016000,0.036000,12.199000,0.037000,30.100000,29.500000,1265.800049,42.026001,967.830017,32.840000,AA
255.252619,64.202523,56842.761113,,,,,,,,,0000,1.000000,79.693001,00,1,neowise,12.981000,0.030000,12.076000,0.036000,36.500000,30.500000,1306.699951,35.770000,1084.099976,35.601002,AA
255.252568,64.202545,56843.813813,,,,,,,,,0000,1.000000,80.079002,00,1,neowise,13.001000,0.031000,12.162000,0.042000,34.500000,25.799999,1282.500000,37.160000,1001.299988,38.794998,AA
255.252589,64.202553,56844.077020,,,,,,,,,0000,1.000000,96.470001,00,1,neowise,12.969000,0.029000,12.202000,0.043000,37.099998,25.400000,1321.300049,35.648998,965.159973,37.973999,AA
255.252673,64.202568,56840.984881,,,,,,,,,0000,1.000000,88.899002,00,1,neowise,12.964000,0.031000,12.077000,0.042000,34.799999,26.000000,1327.599976,38.115002,1082.800049,41.569000,AA
255.252620,64.202529,56843.024320,,,,,,,,,0000,1.000000,91.292999,00,1,neowise,12.917000,0.031000,12.181000,0.036000,34.500000,30.100000,1385.599976,40.105999,984.049988,32.681999,AA
255.252532,64.202543,56841.971747,,,,,,,,,0000,0.500000,87.679001,00,1,neowise,13.022000,0.035000,12.206000,0.037000,31.000000,29.000000,1258.500000,40.535000,961.200012,33.174999,AA
255.252632,64.202550,56841.247960,,,,,,,,,0000,1.000000,110.644997,00,1,neowise,12.950000,0.028000,12.197000,0.045000,38.599998,24.000000,1344.500000,34.834999,969.320007,40.428001,AA
255.252507,64.202517,56840.326927,,,,,,,,,0000,0.500000,109.128998,00,1,neowise,12.923000,0.030000,12.175000,0.038000,35.799999,28.400000,1378.099976,38.547001,989.479980,34.796001,AA
255.252462,64.202526,56841.708540,,,,,,,,,0000,1.000000,80.983002,00,1,neowise,12.964000,0.028000,12.102000,0.038000,38.099998,28.400000,1327.599976,34.807999,1058.199951,37.270000,AA
255.252465,64.202487,56841.116420,,,,,,,,,0000,0.000000,100.762001,00,1,neowise,13.007000,0.029000,12.232000,0.040000,36.900002,27.400000,1275.699951,34.577000,938.869995,34.305000,AA
255.252475,64.202509,56840.721673,,,,,,,,,0000,1.000000,81.056000,00,1,neowise,12.934000,0.029000,12.194000,0.043000,37.400002,25.000000,1364.800049,36.507999,972.450012,38.888000,AA
255.252553,64.202517,56843.879519,,,,,,,,,0000,1.000000,80.925003,00,1,neowise,12.966000,0.033000,12.232000,0.053000,33.200001,20.600000,1324.500000,39.953999,938.599976,45.653000,AA
255.252566,64.202505,56844.208559,,,,,,,,,0000,0.500000,108.658997,00,1,neowise,13.034000,0.029000,12.126000,0.040000,37.400002,27.299999,1244.099976,33.299999,1035.500000,37.917000,AA
255.252545,64.202509,56842.629573,,,,,,,,,0000,0.000000,84.735001,00,1,neowise,13.070000,0.030000,12.189000,0.036000,36.400002,30.400000,1203.699951,33.106998,976.489990,32.139000,AA
255.252569,64.202525,56840.590006,,,,,,,,,0000,0.500000,87.853996,00,1,neowise,13.033000,0.031000,12.182000,0.035000,35.599998,30.799999,1245.800049,35.007999,982.760010,31.914000,AA
255.252584,64.202504,56842.892780,,,,,,,,,0000,1.000000,82.348000,00,1,neowise,12.948000,0.031000,12.138000,0.037000,35.500000,29.100000,1347.400024,37.981998,1023.900024,35.201000,AA
255.252622,64.202501,56841.379500,,,,,,,,,0000,1.000000,107.075996,00,1,neowise,12.963000,0.030000,12.144000,0.046000,36.299999,23.700001,1328.300049,36.549999,1017.799988,42.953999,AA
255.252552,64.202492,56841.840080,,,,,,,,,0000,1.000000,81.320000,00,1,neowise,12.941000,0.028000,12.159000,0.041000,39.099998,26.700001,1355.699951,34.705002,1003.700012,37.602001,AA
255.252561,64.202528,56842.234826,,,,,,,,,0000,1.000000,110.169998,00,1,neowise,12.936000,0.028000,12.158000,0.037000,39.000000,29.000000,1361.500000,34.939999,1004.700012,34.631001,AA
255.252610,64.202508,56840.853213,,,,,,,,,0000,0.500000,81.720001,00,1,neowise,13.026000,0.033000,12.174000,0.042000,33.200001,25.900000,1253.199951,37.748001,990.140015,38.282001,AA
255.252553,64.202514,56839.932180,,,,,,,,,0000,1.000000,85.522003,00,1,neowise,12.967000,0.029000,12.224000,0.052000,37.000000,20.799999,1323.199951,35.777000,945.780029,45.388000,AA
255.252638,64.202517,56840.458466,,,,,,,,,0000,0.000000,99.830002,00,1,neowise,13.047000,0.033000,12.237000,0.040000,33.400002,27.400000,1229.400024,36.849998,934.359985,34.101002,AA
255.252567,64.202508,56840.984753,,,,,,,,,0000,1.000000,88.441002,00,1,neowise,12.960000,0.030000,12.118000,0.043000,36.599998,25.400000,1332.699951,36.396999,1042.599976,41.008999,AA
255.252539,64.202520,56844.340099,,,,,,,,,0000,1.000000,110.682999,00,1,neowise,12.949000,0.028000,12.110000,0.035000,39.400002,30.700001,1345.800049,34.183998,1050.000000,34.230000,AA
255.252529,64.202606,56841.576873,,,,,,,,,0000,0.500000,88.982002,00,1,neowise,13.007000,0.035000,12.204000,0.037000,30.799999,29.400000,1275.699951,41.389000,963.510010,32.801998,AA
255.252493,64.202582,56839.800640,,,,,,,,,0000,0.500000,81.986000,00,1,neowise,13.047000,0.031000,12.111000,0.040000,35.400002,27.500000,1229.500000,34.720001,1049.599976,38.229000,AA
255.252502,64.202569,56839.668973,,,,,,,,,0000,1.000000,82.995003,00,1,neowise,12.924000,0.028000,12.150000,0.037000,39.400002,29.200001,1377.699951,34.994999,1012.099976,34.674000,AA
255.252562,64.202581,56842.498033,,,,,,,,,0000,0.000000,96.373001,00,1,neowise,13.137000,0.032000,12.281000,0.039000,34.099998,27.600000,1131.699951,33.195000,897.250000,32.553001,AA
255.252639,64.202585,56841.971620,,,,,,,,,0000,0.000000,86.967003,00,1,neowise,13.184000,0.034000,12.316000,0.041000,31.500000,26.700001,1083.800049,34.377998,869.330017,32.613998,AA
255.252555,64.202561,56841.379627,,,,,,,,,0000,1.000000,106.344002,00,1,neowise,12.948000,0.032000,12.132000,0.037000,34.099998,29.200001,1347.500000,39.540001,1029.500000,35.242001,AA
255.252601,64.202595,56842.366366,,,,,,,,,0000,1.000000,108.189003,00,1,neowise,12.956000,0.034000,12.106000,0.040000,32.099998,27.299999,1336.800049,41.602001,1054.800049,38.612999,AA
255.252496,64.202559,56843.945353,,,,,,,,,0000,1.000000,84.413002,00,1,neowise,12.959000,0.033000,12.180000,0.044000,32.700001,24.400000,1333.500000,40.731998,984.869995,40.290001,AA
255.252501,64.202550,56842.103287,,,,,,,,,0000,0.500000,99.363998,00,1,neowise,12.949000,0.029000,12.253000,0.038000,37.200001,28.400000,1346.199951,36.146000,921.000000,32.403000,AA
255.252496,64.202547,56840.195387,,,,,,,,,0000,1.000000,107.258003,00,1,neowise,12.936000,0.030000,12.147000,0.042000,35.700001,26.000000,1361.500000,38.129002,1015.599976,39.064999,AA
255.252591,64.202546,57558.266852,,,,,,,,,0000,0.500000,109.228996,00,1,neowise,12.994000,0.032000,12.113000,0.043000,33.799999,25.500000,1279.800049,37.821999,1029.300049,40.407001,AA
255.252569,64.202539,57558.528913,,,,,,,,,0000,1.000000,95.475998,00,1,neowise,12.976000,0.035000,12.114000,0.047000,30.900000,23.000000,1301.699951,42.102001,1027.599976,44.678001,AA
255.252554,64.202541,57558.659944,,,,,,,,,0000,1.000000,85.383003,00,1,neowise,12.916000,0.033000,12.181000,0.044000,32.400002,24.700001,1376.000000,42.428001,966.669983,39.193001,AA
255.252474,64.202515,57557.873760,,,,,,,,,0000,0.500000,83.249001,00,1,neowise,12.886000,0.035000,12.184000,0.038000,31.100000,28.200001,1414.400024,45.410999,963.530029,34.147999,AA
255.252457,64.202498,57558.004791,,,,,,,,,0000,0.500000,89.193001,00,1,neowise,12.894000,0.031000,12.132000,0.052000,34.799999,21.100000,1403.500000,40.297001,1011.099976,47.973999,AA
255.252498,64.202511,57558.397883,,,,,,,,,0000,0.500000,106.060997,00,1,neowise,12.993000,0.032000,12.113000,0.040000,33.500000,27.000000,1280.699951,38.202000,1029.099976,38.098999,AA
255.252436,64.202522,57558.922005,,,,,,,,,0000,0.000000,84.056000,00,1,neowise,13.002000,0.033000,12.142000,0.039000,33.099998,27.700001,1270.900024,38.410000,1002.099976,36.210999,AA
255.252523,64.202493,57559.184067,,,,,,,,,0000,1.000000,104.063004,00,1,neowise,12.992000,0.030000,12.125000,0.039000,35.700001,27.700001,1283.000000,35.896999,1018.000000,36.755001,AA
255.252516,64.202532,57559.315098,,,,,,,,,0000,0.500000,110.091003,00,1,neowise,12.964000,0.031000,12.134000,0.037000,34.700001,29.600000,1315.900024,37.969002,1009.299988,34.064999,AA
255.252548,64.202516,57559.053036,,,,,,,,,0000,0.500000,92.790001,00,1,neowise,12.969000,0.031000,12.151000,0.043000,34.500000,25.500000,1310.400024,37.946999,993.140015,38.944000,AA
255.252547,64.202513,57559.446128,,,,,,,,,0000,1.000000,103.043999,00,1,neowise,13.013000,0.030000,12.227000,0.051000,35.900002,21.200001,1258.400024,35.084000,925.909973,43.754002,AA
255.252529,64.202570,57558.790975,,,,,,,,,0000,1.000000,81.774002,00,1,neowise,12.920000,0.035000,12.190000,0.045000,30.700001,24.200001,1370.500000,44.640999,958.260010,39.618999,AA
255.252454,64.202563,57558.135822,,,,,,,,,0000,0.500000,100.194000,00,1,neowise,12.946000,0.033000,12.150000,0.039000,32.599998,28.200001,1338.099976,41.075001,994.700012,35.291000,AA
255.252582,64.202579,58291.207604,,,,,,,,,0000,0.500000,102.944000,00,1,neowise,13.020000,0.029000,12.148000,0.041000,37.099998,26.500000,1248.699951,33.623001,995.669983,37.514999,AA
255.252525,64.202442,58291.076701,,,,,,,,,0000,0.000000,87.925003,00,1,neowise,13.055000,0.034000,12.273000,0.045000,32.200001,24.200001,1208.599976,37.581001,887.880005,36.730000,AA
255.252571,64.202549,59012.253263,,,,,,,,,0000,1.000000,106.300003,00,1,neowise,12.966000,0.030000,12.137000,0.043000,36.700001,25.400000,1312.400024,35.773998,1006.000000,39.606998,AA
255.252579,64.202553,59012.514815,,,,,,,,,0000,0.500000,103.050003,00,1,neowise,12.992000,0.033000,12.221000,0.048000,33.099998,22.600000,1280.500000,38.669998,931.119995,41.214001,AA
255.252632,64.202548,59013.037918,,,,,,,,,0000,0.500000,84.851997,00,1,neowise,13.002000,0.034000,12.180000,0.045000,32.299999,24.100000,1269.400024,39.338001,967.140015,40.071999,AA
255.252633,64.202540,59013.692307,,,,,,,,,0000,0.500000,85.766998,00,1,neowise,13.073000,0.035000,12.130000,0.048000,31.299999,22.700001,1189.300049,38.037998,1012.900024,44.646000,AA
255.252591,64.202529,59013.823083,,,,,,,,,0000,0.500000,80.636002,00,1,neowise,13.085000,0.030000,12.174000,0.051000,35.700001,21.299999,1175.500000,32.903999,972.010010,45.636002,AA
255.252620,64.202548,59014.084635,,,,,,,,,0000,1.000000,90.522003,00,1,neowise,12.935000,0.034000,12.204000,0.044000,31.900000,24.600000,1350.500000,42.342999,946.109985,38.435001,AA
255.252570,64.202544,59015.784849,,,,,,,,,0000,0.500000,80.586998,00,1,neowise,13.029000,0.032000,12.159000,0.044000,34.000000,24.500000,1237.800049,36.429001,985.609985,40.282001,AA
255.252621,64.202523,59016.046401,,,,,,,,,0000,1.000000,86.625999,00,1,neowise,12.996000,0.029000,12.240000,0.039000,37.299999,27.600000,1276.500000,34.230999,915.299988,33.132999,AA
255.252498,64.202481,59013.561022,,,,,,,,,0000,0.000000,98.778999,00,1,neowise,13.202000,0.036000,12.339000,0.043000,30.000000,25.000000,1055.400024,35.122002,835.080017,33.428001,AA
255.252523,64.202497,59013.953859,,,,,,,,,0000,0.000000,82.231003,00,1,neowise,13.089000,0.030000,12.214000,0.048000,36.299999,22.799999,1171.599976,32.300999,937.270020,41.019001,AA
255.252515,64.202529,59015.130460,,,,,,,,,0000,0.500000,93.046997,00,1,neowise,13.005000,0.033000,12.190000,0.046000,33.200001,23.700001,1265.500000,38.148998,957.960022,40.466999,AA
255.252529,64.202507,59015.261745,,,,,,,,,0000,0.500000,106.829002,00,1,neowise,12.987000,0.029000,12.132000,0.039000,37.799999,27.799999,1286.400024,34.037998,1010.400024,36.294998,AA
255.252535,64.202527,59012.384039,,,,,,,,,0000,0.500000,112.213997,00,1,neowise,12.956000,0.031000,12.138000,0.048000,34.799999,22.700001,1324.099976,38.020000,1005.400024,44.337002,AA
255.252616,64.202509,59014.215029,,,,,,,,,0000,0.500000,102.571999,00,1,neowise,13.007000,0.030000,12.165000,0.069000,36.099998,15.700000,1263.900024,34.974998,980.599976,62.285000,AA
255.252602,64.202519,59014.346187,,,,,,,,,0000,1.000000,111.625999,00,1,neowise,13.011000,0.030000,12.181000,0.038000,35.799999,28.700001,1258.599976,35.150002,966.270020,33.654999,AA
255.252546,64.202508,59014.476581,,,,,,,,,0000,0.500000,107.276001,00,1,neowise,12.976000,0.029000,12.184000,0.047000,37.799999,23.100000,1299.800049,34.348000,963.070007,41.612999,AA
255.252560,64.202501,59015.654073,,,,,,,,,0000,0.500000,88.748001,00,1,neowise,12.989000,0.029000,12.140000,0.039000,37.099998,27.600000,1284.699951,34.672001,1003.400024,36.358002,AA
255.252531,64.202537,59015.915625,,,,,,,,,0000,1.000000,80.669998,00,1,neowise,13.015000,0.030000,12.154000,0.041000,36.700001,26.299999,1254.400024,34.194000,990.669983,37.625999,AA
255.252555,64.202566,59012.645591,,,,,,,,,0000,0.500000,89.579002,00,1,neowise,13.015000,0.029000,12.206000,0.060000,36.900002,18.000000,1253.699951,33.945000,944.080017,52.457001,AA
255.252523,64.202553,59012.907142,,,,,,,,,0000,1.000000,79.415001,00,1,neowise,12.968000,0.030000,12.125000,0.040000,36.799999,27.100000,1309.300049,35.610001,1017.200012,37.530998,AA
255.252542,64.202608,59014.346314,,,,,,,,,0000,1.000000,111.149002,00,1,neowise,12.914000,0.036000,12.120000,0.044000,29.799999,24.700001,1376.199951,46.158001,1021.500000,41.377998,AA
255.252595,64.202561,59014.607866,,,,,,,,,0000,1.000000,92.851997,00,1,neowise,12.912000,0.038000,12.158000,0.041000,28.299999,26.700001,1378.800049,48.639000,986.460022,36.964001,AA
255.252637,64.202590,59014.738642,,,,,,,,,0000,0.500000,82.919998,00,1,neowise,12.992000,0.029000,12.201000,0.040000,37.200001,27.200001,1281.099976,34.431000,948.239990,34.902000,AA
255.252552,64.202551,59015.392521,,,,,,,,,0000,0.500000,110.711998,00,1,neowise,13.036000,0.029000,12.189000,0.043000,36.799999,25.200001,1230.099976,33.382999,959.320007,38.082001,AA
255.252435,64.202529,59012.776366,,,,,,,,,0000,0.000000,80.038002,00,1,neowise,13.029000,0.031000,12.110000,0.059000,35.400002,18.299999,1238.500000,34.966000,1031.599976,56.285999,AA
255.252459,64.202546,59014.869417,,,,,,,,,0000,1.000000,80.783997,00,1,neowise,13.049000,0.034000,12.122000,0.038000,31.799999,28.600000,1215.500000,38.179001,1020.299988,35.650002,AA
255.252455,64.202561,59015.000193,,,,,,,,,0000,1.000000,84.259003,00,1,neowise,12.954000,0.028000,12.249000,0.043000,38.299999,25.400000,1326.800049,34.640999,907.770020,35.668999,AA
255.252462,64.202500,59741.339778,,,,,,,,,0000,1.000000,111.327003,00,1,neowise,12.966000,0.029000,12.238000,0.052000,37.000000,20.900000,1312.300049,35.476002,916.250000,43.941002,AA
255.252508,64.202532,59742.514216,,,,,,,,,0000,1.000000,101.485001,00,1,neowise,12.967000,0.029000,12.048000,0.049000,37.099998,22.200001,1310.400024,35.285000,1092.199951,49.285999,AA
255.252494,64.202532,59742.644610,,,,,,,,,0000,0.000000,89.100998,00,1,neowise,13.070000,0.033000,12.323000,0.056000,32.400002,19.400000,1192.099976,36.737999,847.780029,43.799000,AA
255.252487,64.202525,59743.166567,,,,,,,,,0000,1.000000,98.459000,00,1,neowise,13.036000,0.037000,12.163000,0.039000,29.600000,27.500000,1229.599976,41.581001,982.650024,35.688000,AA
255.252517,64.202541,59738.730370,,,,,,,,,0000,1.000000,84.865997,00,1,neowise,13.004000,0.030000,12.258000,0.050000,36.500000,21.500000,1266.800049,34.736000,900.320007,41.783001,AA
255.252581,64.202502,59738.860892,,,,,,,,,0000,1.000000,84.482002,00,1,neowise,13.011000,0.032000,12.170000,0.043000,34.200001,25.299999,1258.599976,36.770000,975.830017,38.514999,AA
255.252591,64.202522,59738.991413,,,,,,,,,0000,1.000000,88.433998,00,1,neowise,12.924000,0.031000,12.099000,0.041000,34.599998,26.700001,1363.800049,39.389000,1041.800049,39.000000,AA
255.252611,64.202491,59739.121298,,,,,,,,,0000,1.000000,94.933998,00,1,neowise,13.007000,0.032000,12.259000,0.047000,33.400002,22.900000,1262.900024,37.785999,898.789978,39.313999,AA
255.252541,64.202528,59741.470299,,,,,,,,,0000,0.500000,104.939003,00,1,neowise,12.957000,0.036000,11.980000,0.046000,29.900000,23.600000,1322.699951,44.167999,1162.900024,49.353001,AA
255.252526,64.202534,59741.992258,,,,,,,,,0000,1.000000,84.341003,00,1,neowise,12.921000,0.033000,12.079000,0.047000,32.900002,23.200001,1368.099976,41.550999,1061.000000,45.681999,AA
255.252562,64.202479,59742.253173,,,,,,,,,0000,1.000000,106.606003,00,1,neowise,12.966000,0.032000,12.111000,0.040000,34.299999,27.100000,1312.000000,38.297001,1030.599976,37.973000,AA
255.252582,64.202505,59743.297089,,,,,,,,,0000,1.000000,109.971001,00,1,neowise,12.985000,0.037000,12.185000,0.041000,29.100000,26.400000,1289.300049,44.313999,962.140015,36.379002,AA
255.252644,64.202597,59741.209257,,,,,,,,,0000,0.000000,102.857002,00,1,neowise,13.084000,0.030000,12.202000,0.038000,36.599998,28.600000,1177.400024,32.172001,947.359985,33.089001,AA
255.252615,64.202603,59742.905652,,,,,,,,,0000,0.500000,80.875000,00,1,neowise,12.991000,0.037000,12.317000,0.069000,29.299999,15.700000,1282.099976,43.825001,852.219971,54.155998,AA
255.252582,64.202567,59738.469328,,,,,,,,,0000,0.500000,101.969002,00,1,neowise,13.030000,0.036000,12.180000,0.053000,30.500000,20.500000,1236.400024,40.562000,967.330017,47.215000,AA
255.252624,64.202575,59738.599849,,,,,,,,,0000,1.000000,92.021004,00,1,neowise,12.999000,0.032000,12.131000,0.039000,33.900002,27.900000,1272.599976,37.499001,1011.900024,36.250999,AA
255.252493,64.202587,59741.600693,,,,,,,,,0000,1.000000,93.166000,00,1,neowise,13.000000,0.042000,12.203000,0.041000,26.100000,26.700001,1271.500000,48.692001,946.400024,35.471001,AA
255.252584,64.202577,59741.731215,,,,,,,,,0000,1.000000,82.803001,00,1,neowise,13.008000,0.030000,12.165000,0.045000,36.299999,24.100000,1262.500000,34.785000,980.099976,40.707001,AA
255.252586,64.202599,59742.383694,,,,,,,,,0000,1.000000,110.635002,00,1,neowise,12.954000,0.029000,12.090000,0.050000,37.099998,21.799999,1326.300049,35.709000,1050.900024,48.191002,AA
255.252466,64.202546,59738.991286,,,,,,,,,0000,1.000000,87.664001,00,1,neowise,12.943000,0.033000,12.226000,0.041000,33.099998,26.799999,1339.900024,40.428001,926.559998,34.599998,AA
255.252461,64.202540,59741.861736,,,,,,,,,0000,1.000000,80.885002,00,1,neowise,12.990000,0.033000,12.138000,0.046000,32.799999,23.600000,1283.599976,39.186001,1004.900024,42.574001,AA
255.252489,64.202558,59743.036173,,,,,,,,,0000,0.500000,86.600998,00,1,neowise,12.942000,0.031000,12.148000,0.047000,35.000000,23.100000,1341.000000,38.337002,995.599976,43.054001,AA
255.252470,64.202456,59742.775131,,,,,,,,,0000,1.000000,80.672997,00,1,neowise,12.995000,0.032000,12.511000,0.060000,33.799999,18.000000,1277.400024,37.834000,712.619995,39.549000,AA
255.252687,64.202328,59742.122652,,,,,,,,,0000,1.000000,94.237999,00,1,neowise,13.189000,0.044000,12.139000,0.049000,24.799999,22.000000,1068.900024,43.077999,1004.000000,45.570999,AA
255.252535,64.202539,57197.656382,,,,,,,,,0000,1.000000,84.850998,00,1,neowise,12.973000,0.029000,12.162000,0.039000,37.900002,28.100000,1303.400024,34.379002,984.169983,34.993999,AA
255.252555,64.202538,57196.344155,,,,,,,,,0000,1.000000,106.931000,00,1,neowise,12.921000,0.027000,12.110000,0.040000,40.599998,27.400000,1366.500000,33.692001,1032.599976,37.667999,AA
255.252690,64.202561,57199.362325,,,,,,,,,0000,0.500000,107.305000,00,1,neowise,12.951000,0.029000,11.967000,0.043000,37.200001,25.100000,1330.199951,35.752998,1178.099976,47.011002,AA
255.252502,64.202523,57197.918825,,,,,,,,,0000,0.500000,85.542000,00,1,neowise,12.989000,0.029000,12.156000,0.037000,37.299999,29.400000,1283.599976,34.375000,990.429993,33.634998,AA
255.252513,64.202504,57199.099882,,,,,,,,,0000,1.000000,98.411003,00,1,neowise,12.965000,0.030000,12.111000,0.038000,36.400002,28.500000,1312.599976,36.084999,1032.000000,36.205002,AA
255.252496,64.202509,57196.737894,,,,,,,,,0000,0.500000,83.106003,00,1,neowise,12.936000,0.031000,12.122000,0.036000,35.500000,29.799999,1348.599976,37.981998,1021.200012,34.250999,AA
255.252435,64.202503,57197.000337,,,,,,,,,0000,0.500000,90.972000,00,1,neowise,12.951000,0.034000,12.131000,0.038000,31.500000,28.299999,1329.900024,42.157001,1012.700012,35.798000,AA
255.252494,64.202521,57195.950554,,,,,,,,,0000,1.000000,88.152000,00,1,neowise,12.984000,0.031000,12.116000,0.037000,35.500000,29.400000,1290.000000,36.326000,1027.599976,34.938999,AA
255.252475,64.202530,57195.819268,,,,,,,,,0000,1.000000,83.588997,00,1,neowise,12.983000,0.031000,12.199000,0.036000,35.099998,29.900000,1290.400024,36.728001,951.320007,31.837999,AA
255.252476,64.202503,57198.837439,,,,,,,,,0000,1.000000,82.908997,00,1,neowise,12.948000,0.031000,12.119000,0.036000,35.299999,29.900000,1332.800049,37.735001,1024.199951,34.285000,AA
255.252491,64.202518,57197.262781,,,,,,,,,0000,1.000000,109.267998,00,1,neowise,12.962000,0.032000,12.090000,0.042000,34.200001,26.100000,1315.800049,38.437000,1051.900024,40.359001,AA
255.252507,64.202534,57196.475440,,,,,,,,,0000,1.000000,97.860001,00,1,neowise,12.914000,0.033000,12.130000,0.040000,32.700001,27.200001,1376.000000,42.136002,1013.599976,37.280998,AA
255.252550,64.202525,57197.787540,,,,,,,,,0000,1.000000,82.283997,00,1,neowise,12.937000,0.039000,12.202000,0.035000,27.600000,30.900000,1347.099976,48.827999,949.080017,30.740999,AA
255.252558,64.202515,57199.493483,,,,,,,,,0000,1.000000,97.473000,00,1,neowise,12.944000,0.030000,12.161000,0.043000,36.000000,25.299999,1338.300049,37.154999,985.799988,38.993000,AA
255.252625,64.202513,57196.081712,,,,,,,,,0000,0.500000,97.526001,00,1,neowise,13.085000,0.031000,12.252000,0.044000,35.200001,24.500000,1174.900024,33.333000,905.979980,36.928001,AA
255.252529,64.202531,57196.606609,,,,,,,,,0000,0.500000,87.806000,00,1,neowise,13.008000,0.029000,12.188000,0.037000,37.700001,29.100000,1261.800049,33.470001,961.239990,33.040001,AA
255.252536,64.202524,57197.131495,,,,,,,,,0000,1.000000,101.393997,00,1,neowise,12.942000,0.028000,12.165000,0.038000,38.700001,28.900000,1341.000000,34.626999,982.200012,33.962002,AA
255.252564,64.202554,57199.231040,,,,,,,,,0000,1.000000,108.532997,00,1,neowise,12.991000,0.032000,12.175000,0.039000,34.400002,27.600000,1281.599976,37.205002,972.690002,35.220001,AA
255.252512,64.202555,57197.262653,,,,,,,,,0000,1.000000,109.684998,00,1,neowise,12.941000,0.031000,12.128000,0.040000,35.099998,27.400000,1341.599976,38.230999,1016.000000,37.039001,AA
255.252539,64.202549,57196.212997,,,,,,,,,0000,0.500000,106.959999,00,1,neowise,12.942000,0.030000,12.142000,0.036000,35.700001,30.000000,1341.199951,37.534000,1002.900024,33.380001,AA
255.252688,64.202578,57198.968597,,,,,,,,,0000,0.000000,87.532997,00,1,neowise,12.970000,0.034000,12.228000,0.038000,32.200001,28.600000,1306.300049,40.553001,926.559998,32.410000,AA
255.252568,64.202552,57196.869052,,,,,,,,,0000,1.000000,84.133003,00,1,neowise,12.910000,0.032000,12.215000,0.042000,33.700001,26.100000,1380.300049,40.931000,937.919983,35.877998,AA
255.252563,64.202565,57197.393939,,,,,,,,,0000,1.000000,104.563004,00,1,neowise,12.947000,0.029000,12.176000,0.042000,38.000000,25.799999,1334.199951,35.082001,972.369995,37.720001,AA
255.252501,64.202547,57197.000210,,,,,,,,,0000,0.500000,90.514999,00,1,neowise,13.049000,0.041000,12.332000,0.040000,26.799999,27.000000,1214.800049,45.407001,841.869995,31.128000,AA
255.252487,64.202564,57197.525097,,,,,,,,,0000,1.000000,94.249001,00,1,neowise,12.971000,0.031000,12.111000,0.047000,35.500000,23.100000,1305.599976,36.729000,1032.300049,44.729000,AA
255.252725,64.202536,57394.754646,,,,,,,,,0000,1.000000,98.246002,00,1,neowise,13.035000,0.036000,12.158000,0.047000,30.400000,23.299999,1232.300049,40.498001,984.250000,42.282001,AA
255.252564,64.202545,57395.016836,,,,,,,,,0000,1.000000,111.037003,00,1,neowise,12.971000,0.033000,12.144000,0.038000,32.599998,28.900000,1307.599976,40.066002,997.859985,34.513000,AA
255.252683,64.202519,57395.410311,,,,,,,,,0000,1.000000,76.722000,00,1,neowise,12.944000,0.037000,12.207000,0.039000,29.100000,27.600000,1340.000000,46.025002,941.010010,34.049000,AA
255.252606,64.202554,57395.541343,,,,,,,,,0000,0.500000,79.151001,00,1,neowise,12.970000,0.031000,12.133000,0.039000,35.099998,27.900000,1308.400024,37.324001,1007.599976,36.057999,AA
255.252682,64.202529,57395.934818,,,,,,,,,0000,1.000000,115.225998,00,1,neowise,13.029000,0.033000,12.150000,0.035000,33.000000,30.700001,1239.000000,37.493999,992.000000,32.330002,AA
255.252471,64.202517,57395.672501,,,,,,,,,0000,0.500000,89.009003,00,1,neowise,12.984000,0.032000,12.146000,0.042000,33.700001,25.799999,1291.800049,38.298000,995.419983,38.571999,AA
255.252488,64.202523,57395.934691,,,,,,,,,0000,1.000000,114.456001,00,1,neowise,12.955000,0.031000,12.132000,0.035000,35.000000,31.000000,1327.400024,37.884998,1008.799988,32.497002,AA
255.252481,64.202525,57396.197008,,,,,,,,,0000,1.000000,92.185997,00,1,neowise,12.998000,0.028000,12.196000,0.047000,38.900002,22.900000,1275.699951,32.834000,950.440002,41.513000,AA
255.252636,64.202509,57395.279153,,,,,,,,,0000,1.000000,83.587997,00,1,neowise,12.976000,0.028000,12.161000,0.040000,38.599998,27.000000,1300.900024,33.681999,982.349976,36.384998,AA
255.252641,64.202517,57396.065850,,,,,,,,,0000,0.500000,106.957001,00,1,neowise,12.914000,0.036000,12.146000,0.034000,30.200001,32.200001,1378.199951,45.608002,996.030029,30.905001,AA
255.252583,64.202581,57394.623487,,,,,,,,,0000,1.000000,84.385002,00,1,neowise,12.958000,0.030000,12.222000,0.040000,36.000000,26.900000,1323.400024,36.759998,928.479980,34.557999,AA
255.252607,64.202570,57395.803660,,,,,,,,,0000,1.000000,104.123001,00,1,neowise,12.944000,0.032000,12.027000,0.039000,34.000000,28.000000,1341.000000,39.490002,1111.400024,39.751999,AA
255.252755,64.202575,57394.885804,,,,,,,,,0000,1.000000,111.786003,00,1,neowise,12.959000,0.030000,12.119000,0.039000,36.000000,27.700001,1321.900024,36.693001,1021.099976,36.801998,AA
255.252647,64.202565,59221.312824,,,,,,,,,0000,1.000000,78.101997,00,1,neowise,12.913000,0.029000,12.069000,0.043000,37.099998,25.200001,1377.400024,37.119999,1070.699951,42.445000,AA
255.252595,64.202550,59221.835801,,,,,,,,,0000,1.000000,106.151001,00,1,neowise,12.930000,0.032000,12.207000,0.049000,34.200001,22.200001,1356.900024,39.682999,942.969971,42.391998,AA
255.252651,64.202529,59221.966577,,,,,,,,,0000,1.000000,121.861000,00,1,neowise,12.983000,0.036000,12.091000,0.049000,30.500000,22.100000,1291.800049,42.349998,1049.500000,47.389000,AA
255.252581,64.202535,59222.358906,,,,,,,,,0000,1.000000,73.267998,00,1,neowise,12.941000,0.029000,12.106000,0.042000,37.500000,25.600000,1342.300049,35.799000,1035.400024,40.481998,AA
255.252647,64.202542,59222.620458,,,,,,,,,0000,1.000000,75.538002,00,1,neowise,13.030000,0.033000,12.119000,0.056000,32.599998,19.500000,1237.099976,37.991001,1022.700012,52.570000,AA
255.252610,64.202534,59222.751234,,,,,,,,,0000,1.000000,92.872002,00,1,neowise,12.975000,0.030000,11.991000,0.038000,36.500000,28.400000,1301.400024,35.651001,1151.000000,40.515999,AA
255.252594,64.202538,59223.012787,,,,,,,,,0000,1.000000,119.041000,00,1,neowise,12.967000,0.033000,12.110000,0.051000,32.799999,21.400000,1310.599976,39.960999,1031.699951,48.155998,AA
255.252505,64.202530,59222.097354,,,,,,,,,0000,1.000000,106.192001,00,1,neowise,12.962000,0.035000,12.167000,0.039000,30.700001,27.700001,1317.099976,42.959000,978.690002,35.333000,AA
255.252511,64.202500,59222.228130,,,,,,,,,0000,1.000000,90.016998,00,1,neowise,12.971000,0.030000,12.085000,0.052000,36.299999,20.799999,1305.900024,36.012001,1055.099976,50.708000,AA
255.252616,64.202511,59221.574376,,,,,,,,,0000,1.000000,71.796997,00,1,neowise,12.981000,0.032000,12.174000,0.043000,33.700001,25.100000,1294.099976,38.410000,972.539978,38.813999,AA
255.252631,64.202509,59222.882010,,,,,,,,,0000,0.500000,113.688004,00,1,neowise,12.934000,0.031000,12.173000,0.038000,34.599998,28.600000,1351.199951,39.098000,972.909973,34.037998,AA
255.252453,64.202671,59221.574249,,,,,,,,,0000,1.000000,72.394997,00,1,neowise,13.051000,0.037000,12.024000,0.037000,29.600000,29.200001,1213.000000,41.028999,1116.500000,38.290001,AA
255.252643,64.202581,59221.443473,,,,,,,,,0000,1.000000,69.948997,00,1,neowise,12.975000,0.034000,12.205000,0.043000,32.299999,25.200001,1301.000000,40.244999,945.280029,37.539001,AA
255.252653,64.202581,59221.443600,,,,,,,,,0000,1.000000,69.209999,00,1,neowise,12.950000,0.033000,12.098000,0.042000,32.599998,25.799999,1331.199951,40.868999,1042.400024,40.391998,AA
255.252557,64.202599,59221.705025,,,,,,,,,0000,1.000000,86.391998,00,1,neowise,12.981000,0.035000,12.208000,0.043000,30.600000,25.000000,1293.900024,42.283001,942.640015,37.726002,AA
255.252488,64.202491,59738.338934,,,,,,,,,0000,0.500000,107.434998,00,1,neowise,12.938000,0.031000,12.084000,0.042000,34.500000,25.900000,1346.800049,39.023998,1056.800049,40.824001,AA
255.252444,64.202558,59738.208412,,,,,,,,,0000,0.500000,103.304001,00,1,neowise,12.997000,0.036000,12.166000,0.040000,30.500000,26.900000,1275.000000,41.805000,979.440002,36.418999,AA
255.252635,64.202545,59946.255342,,,,,,,,,0000,0.500000,88.471001,00,1,neowise,13.024000,0.029000,12.184000,0.039000,37.299999,27.799999,1244.199951,33.400002,963.809998,34.671001,AA
255.252619,64.202543,59946.776409,,,,,,,,,0000,1.000000,97.374001,00,1,neowise,12.924000,0.035000,12.126000,0.037000,30.700001,29.400000,1364.199951,44.476002,1016.400024,34.554001,AA
255.252591,64.202546,59946.906549,,,,,,,,,0000,1.000000,112.244003,00,1,neowise,12.980000,0.030000,12.095000,0.035000,35.900002,30.600000,1294.900024,36.020000,1045.300049,34.160999,AA
255.252605,64.202529,59947.036816,,,,,,,,,0000,1.000000,113.608002,00,1,neowise,12.960000,0.032000,12.134000,0.041000,33.400002,26.500000,1319.300049,39.481998,1009.200012,38.067001,AA
255.252569,64.202544,59947.427616,,,,,,,,,0000,1.000000,74.720001,00,1,neowise,12.949000,0.028000,12.090000,0.041000,38.700001,26.700001,1332.699951,34.432999,1050.099976,39.299000,AA
255.252612,64.202529,59947.688150,,,,,,,,,0000,0.500000,86.292999,00,1,neowise,12.948000,0.028000,12.200000,0.039000,38.099998,27.600000,1333.400024,34.957001,949.369995,34.439999,AA
255.252626,64.202529,59947.948684,,,,,,,,,0000,1.000000,116.594002,00,1,neowise,12.949000,0.029000,12.148000,0.039000,38.000000,27.500000,1333.099976,35.049000,995.609985,36.191002,AA
255.252589,64.202539,59948.209218,,,,,,,,,0000,1.000000,93.796997,00,1,neowise,12.962000,0.030000,12.183000,0.043000,36.200001,25.000000,1317.300049,36.370998,964.380005,38.526001,AA
255.252705,64.202527,59948.339358,,,,,,,,,0000,1.000000,79.347000,00,1,neowise,13.036000,0.033000,12.195000,0.038000,33.000000,28.299999,1230.500000,37.243000,953.440002,33.701000,AA
255.252501,64.202530,59946.906676,,,,,,,,,0000,1.000000,112.957001,00,1,neowise,12.980000,0.040000,12.151000,0.044000,26.900000,24.799999,1295.500000,48.244999,993.539978,40.089001,AA
255.252606,64.202520,59945.604135,,,,,,,,,0000,1.000000,78.625000,00,1,neowise,12.951000,0.029000,12.184000,0.038000,37.599998,28.200001,1330.000000,35.373001,963.270020,34.146000,AA
255.252619,64.202507,59946.385609,,,,,,,,,0000,1.000000,76.460999,00,1,neowise,13.005000,0.029000,12.249000,0.048000,37.700001,22.400000,1265.300049,33.568001,907.250000,40.522999,AA
255.252606,64.202509,59946.646142,,,,,,,,,0000,1.000000,81.899002,00,1,neowise,13.034000,0.030000,12.128000,0.041000,35.799999,26.700001,1232.400024,34.438999,1014.599976,38.033001,AA
255.252542,64.202518,59948.209091,,,,,,,,,0000,1.000000,94.155998,00,1,neowise,12.944000,0.030000,12.099000,0.036000,36.000000,30.400000,1338.900024,37.179001,1041.900024,34.243999,AA
255.252562,64.202574,59945.734402,,,,,,,,,0000,1.000000,91.921997,00,1,neowise,13.016000,0.033000,12.214000,0.039000,32.599998,28.000000,1253.500000,38.494999,937.109985,33.504002,AA
255.252575,64.202559,59945.864669,,,,,,,,,0000,1.000000,108.575996,00,1,neowise,12.966000,0.030000,12.164000,0.037000,36.400002,29.700001,1312.199951,36.008999,981.599976,33.070000,AA
255.252653,64.202584,59945.994936,,,,,,,,,0000,1.000000,116.603996,00,1,neowise,12.962000,0.033000,12.215000,0.039000,32.900002,28.100000,1316.400024,40.009998,936.340027,33.292999,AA
255.252557,64.202556,59947.297349,,,,,,,,,0000,1.000000,83.461998,00,1,neowise,12.990000,0.029000,12.154000,0.040000,38.000000,27.000000,1282.900024,33.757999,990.450012,36.695999,AA
255.252598,64.202581,59947.557883,,,,,,,,,0000,1.000000,76.237999,00,1,neowise,12.984000,0.029000,12.153000,0.062000,38.000000,17.600000,1290.800049,33.990002,991.109985,56.393002,AA
255.253355,64.203919,59947.818417,,,,,,,,,0000,1.000000,103.028000,00,1,neowise,11.812000,0.025000,12.849000,0.059000,42.799999,18.500000,3797.899902,88.707001,522.270020,28.186001,AA
255.252532,64.202543,57560.363339,,,,,,,,,0000,0.500000,108.880997,00,1,neowise,13.032000,0.034000,12.212000,0.038000,32.000000,28.400000,1236.300049,38.694000,939.619995,33.080002,AA
255.252556,64.202540,57560.625400,,,,,,,,,0000,0.500000,87.574997,00,1,neowise,12.941000,0.029000,12.177000,0.041000,37.099998,26.400000,1344.500000,36.258999,970.369995,36.733002,AA
255.252548,64.202542,57561.411583,,,,,,,,,0000,0.500000,106.459000,00,1,neowise,12.995000,0.031000,12.161000,0.040000,35.200001,27.100000,1278.599976,36.278999,984.510010,36.372002,AA
255.252568,64.202542,57561.804675,,,,,,,,,0000,0.500000,80.681999,00,1,neowise,12.926000,0.033000,12.278000,0.050000,33.099998,21.600000,1362.400024,41.209000,883.919983,40.866001,AA
255.252599,64.202531,57562.066736,,,,,,,,,0000,0.500000,92.824997,00,1,neowise,12.961000,0.030000,12.139000,0.037000,36.599998,29.600000,1320.199951,36.076000,1004.299988,33.908001,AA
255.252477,64.202507,57562.197767,,,,,,,,,0000,0.500000,105.136002,00,1,neowise,12.921000,0.032000,12.153000,0.042000,34.299999,26.100000,1369.099976,39.903999,991.950012,37.962002,AA
255.252508,64.202538,57562.459828,,,,,,,,,0000,1.000000,102.997002,00,1,neowise,13.011000,0.031000,12.140000,0.039000,35.599998,28.100000,1260.199951,35.402000,1003.799988,35.761002,AA
255.252466,64.202505,57562.721889,,,,,,,,,0000,0.500000,81.504997,00,1,neowise,12.961000,0.030000,12.165000,0.036000,36.799999,30.000000,1319.099976,35.894001,980.820007,32.696999,AA
255.252492,64.202517,57562.983951,,,,,,,,,0000,1.000000,85.626999,00,1,neowise,12.994000,0.029000,12.177000,0.043000,36.900002,25.200001,1279.900024,34.689999,969.789978,38.441002,AA
255.252518,64.202520,57563.114981,,,,,,,,,0000,0.500000,97.355003,00,1,neowise,13.014000,0.030000,12.281000,0.041000,36.500000,26.200001,1256.699951,34.451000,881.580017,33.685001,AA
255.252477,64.202520,57563.246012,,,,,,,,,0000,0.500000,108.888000,00,1,neowise,12.965000,0.030000,12.173000,0.042000,36.500000,25.900000,1314.599976,35.983002,973.780029,37.634998,AA
255.252494,64.202507,57563.377042,,,,,,,,,0000,0.500000,109.463997,00,1,neowise,12.958000,0.032000,12.154000,0.039000,33.799999,27.900000,1323.199951,39.175999,990.320007,35.541000,AA
255.252524,64.202517,57564.032195,,,,,,,,,0000,0.500000,89.042000,00,1,neowise,12.988000,0.033000,12.205000,0.036000,32.700001,30.100000,1287.300049,39.332001,945.119995,31.427000,AA
255.252571,64.202490,57559.577159,,,,,,,,,0000,1.000000,91.467003,00,1,neowise,12.931000,0.033000,12.190000,0.052000,32.900002,21.000000,1356.900024,41.230000,958.099976,45.605000,AA
255.252562,64.202533,57559.708190,,,,,,,,,0000,1.000000,82.796997,00,1,neowise,12.926000,0.031000,12.179000,0.045000,35.500000,24.100000,1362.699951,38.361000,967.929993,40.110001,AA
255.252539,64.202533,57559.839220,,,,,,,,,0000,1.000000,81.944000,00,1,neowise,12.965000,0.031000,12.143000,0.040000,35.299999,26.799999,1314.900024,37.224998,1001.099976,37.344002,AA
255.252517,64.202538,57560.232308,,,,,,,,,0000,0.500000,107.622002,00,1,neowise,12.995000,0.030000,12.170000,0.043000,35.799999,25.500000,1279.099976,35.708000,976.359985,38.292999,AA
255.252523,64.202528,57560.494369,,,,,,,,,0000,0.500000,99.251999,00,1,neowise,13.023000,0.030000,12.215000,0.052000,35.799999,20.799999,1246.400024,34.825001,936.200012,45.085999,AA
255.252556,64.202524,57561.018492,,,,,,,,,0000,1.000000,88.990997,00,1,neowise,12.938000,0.030000,12.161000,0.042000,36.200001,25.799999,1348.000000,37.287998,984.369995,38.222000,AA
255.252621,64.202491,57561.673644,,,,,,,,,0000,0.500000,84.141998,00,1,neowise,12.945000,0.030000,12.268000,0.043000,36.400002,25.000000,1339.400024,36.752998,892.130005,35.650002,AA
255.252546,64.202529,57561.935706,,,,,,,,,0000,0.500000,83.291000,00,1,neowise,13.003000,0.030000,12.230000,0.040000,35.799999,27.100000,1269.199951,35.480999,923.809998,34.101002,AA
255.252580,64.202519,57562.328798,,,,,,,,,0000,0.500000,111.038002,00,1,neowise,12.995000,0.030000,12.176000,0.041000,36.799999,26.799999,1278.300049,34.741001,971.099976,36.292999,AA
255.252642,64.202492,57562.852920,,,,,,,,,0000,1.000000,80.914001,00,1,neowise,13.092000,0.041000,12.134000,0.041000,26.500000,26.600000,1169.599976,44.168999,1009.599976,38.008999,AA
255.252583,64.202517,57563.901165,,,,,,,,,0000,0.500000,81.254997,00,1,neowise,13.033000,0.033000,12.200000,0.037000,33.099998,29.500000,1234.699951,37.285999,949.770020,32.146999,AA
255.252533,64.202571,57560.101278,,,,,,,,,0000,1.000000,96.728996,00,1,neowise,12.971000,0.029000,12.201000,0.046000,36.900002,23.600000,1307.099976,35.460999,948.919983,40.214001,AA
255.252531,64.202556,57561.149522,,,,,,,,,0000,1.000000,100.957001,00,1,neowise,12.977000,0.036000,12.155000,0.041000,30.500000,26.600000,1300.199951,42.660000,989.679993,37.181000,AA
255.252595,64.202569,57561.280553,,,,,,,,,0000,0.500000,110.510002,00,1,neowise,12.911000,0.029000,12.188000,0.038000,37.400002,28.200001,1382.199951,36.933998,960.530029,34.002998,AA
255.252597,64.202570,57561.542614,,,,,,,,,0000,0.500000,94.974998,00,1,neowise,13.000000,0.032000,12.165000,0.040000,33.500000,27.299999,1273.400024,37.993999,981.080017,35.967999,AA
255.252587,64.202558,57563.508073,,,,,,,,,0000,1.000000,98.773003,00,1,neowise,12.903000,0.031000,12.159000,0.038000,34.700001,28.799999,1391.699951,40.159000,985.979980,34.224998,AA
255.252447,64.202543,57563.639103,,,,,,,,,0000,1.000000,86.374001,00,1,neowise,12.974000,0.032000,12.166000,0.040000,33.700001,27.200001,1303.400024,38.630001,980.020020,36.076000,AA
255.252463,64.202561,57559.970251,,,,,,,,,0000,1.000000,86.002998,00,1,neowise,12.987000,0.030000,12.096000,0.042000,36.500000,26.100000,1288.000000,35.294998,1044.800049,40.047001,AA
255.252496,64.202548,57560.756430,,,,,,,,,0000,0.500000,81.154999,00,1,neowise,12.966000,0.035000,12.189000,0.045000,31.299999,24.100000,1313.099976,42.014999,959.400024,39.867001,AA
255.252496,64.202560,57560.887461,,,,,,,,,0000,0.500000,82.181999,00,1,neowise,12.986000,0.030000,12.198000,0.050000,35.700001,21.700001,1290.000000,36.123001,951.239990,43.806999,AA
255.252498,64.202567,57562.590859,,,,,,,,,0000,1.000000,90.510002,00,1,neowise,13.013000,0.030000,12.146000,0.042000,35.900002,25.799999,1258.099976,35.037998,997.820007,38.699001,AA
255.252774,64.202541,57563.770134,,,,,,,,,0000,0.000000,79.953003,00,1,neowise,13.108000,0.046000,12.274000,0.038000,23.400000,28.900000,1152.900024,49.228001,887.270020,30.691999,AA
255.252569,64.202533,57919.283271,,,,,,,,,0000,1.000000,109.623001,00,1,neowise,12.971000,0.034000,12.233000,0.046000,31.600000,23.500000,1305.800049,41.330002,920.979980,39.108002,AA
255.252621,64.202553,57919.807012,,,,,,,,,0000,1.000000,80.728996,00,1,neowise,13.012000,0.032000,12.146000,0.042000,33.599998,26.100000,1257.400024,37.380001,997.590027,38.265999,AA
255.252502,64.202515,57919.938043,,,,,,,,,0000,1.000000,83.637001,00,1,neowise,12.968000,0.032000,12.157000,0.043000,33.500000,25.400000,1309.699951,39.153000,987.549988,38.910000,AA
255.252452,64.202508,57920.068946,,,,,,,,,0000,0.500000,92.041000,00,1,neowise,12.994000,0.039000,12.186000,0.042000,27.700001,25.500000,1279.000000,46.173000,961.309998,37.627998,AA
255.252548,64.202502,57918.890434,,,,,,,,,0000,1.000000,82.228996,00,1,neowise,13.034000,0.032000,12.205000,0.045000,33.700001,23.900000,1232.199951,36.518002,945.349976,39.500999,AA
255.252546,64.202509,57919.021465,,,,,,,,,0000,1.000000,88.896004,00,1,neowise,12.969000,0.032000,12.151000,0.043000,34.400002,25.100000,1308.300049,38.063999,992.710022,39.495998,AA
255.252563,64.202519,57919.152368,,,,,,,,,0000,1.000000,99.900002,00,1,neowise,12.989000,0.034000,12.132000,0.049000,31.500000,22.200001,1284.300049,40.742001,1011.000000,45.596001,AA
255.252509,64.202553,57918.235790,,,,,,,,,0000,1.000000,106.653999,00,1,neowise,12.959000,0.029000,12.180000,0.040000,37.400002,26.900000,1320.599976,35.268002,966.820007,35.948002,AA
255.252549,64.202571,57918.366693,,,,,,,,,0000,1.000000,108.890999,00,1,neowise,12.984000,0.029000,12.221000,0.036000,37.299999,30.299999,1290.599976,34.631001,931.020020,30.711000,AA
255.252510,64.202553,57918.497597,,,,,,,,,0000,1.000000,100.213997,00,1,neowise,12.988000,0.034000,12.242000,0.044000,32.000000,24.600000,1285.900024,40.226002,912.919983,37.063000,AA
255.252533,64.202554,57918.628627,,,,,,,,,0000,1.000000,88.597000,00,1,neowise,12.985000,0.032000,12.183000,0.039000,34.099998,27.600000,1289.099976,37.832001,964.609985,34.903999,AA
255.252513,64.202548,57918.759531,,,,,,,,,0000,1.000000,81.790001,00,1,neowise,13.079000,0.031000,12.211000,0.043000,35.500000,25.200001,1182.800049,33.358002,939.869995,37.310001,AA
255.252584,64.202580,57919.414175,,,,,,,,,0000,1.000000,107.164001,00,1,neowise,12.951000,0.044000,12.138000,0.044000,24.900000,25.000000,1330.300049,53.452000,1004.599976,40.264999,AA
255.252624,64.202563,57919.676109,,,,,,,,,0000,1.000000,85.144997,00,1,neowise,12.934000,0.036000,12.249000,0.043000,30.400000,25.500000,1351.699951,44.515999,907.630005,35.598000,AA
255.252473,64.202541,57919.545205,,,,,,,,,0000,1.000000,95.922997,00,1,neowise,12.938000,0.033000,12.070000,0.042000,32.500000,25.799999,1346.400024,41.439999,1069.900024,41.408001,AA
255.252617,64.202538,58279.036905,,,,,,,,,0000,1.000000,91.113998,00,1,neowise,12.991000,0.030000,12.195000,0.038000,35.799999,29.000000,1282.599976,35.824001,953.510010,32.933998,AA
255.252540,64.202537,58279.167299,,,,,,,,,0000,1.000000,100.070000,00,1,neowise,13.018000,0.031000,12.206000,0.043000,35.299999,25.400000,1250.900024,35.388000,944.340027,37.196999,AA
255.252524,64.202516,58278.775226,,,,,,,,,0000,1.000000,84.004997,00,1,neowise,13.008000,0.030000,12.189000,0.044000,36.099998,24.799999,1262.599976,34.969002,958.729980,38.659000,AA
255.252542,64.202536,58279.298712,,,,,,,,,0000,1.000000,108.272003,00,1,neowise,12.993000,0.037000,12.169000,0.043000,29.100000,25.100000,1280.400024,43.959000,977.140015,39.004002,AA
255.252634,64.202485,58279.429488,,,,,,,,,0000,0.500000,104.252998,00,1,neowise,13.037000,0.036000,12.287000,0.040000,29.799999,26.799999,1228.699951,41.269001,876.119995,32.655998,AA
255.252567,64.202590,58278.906002,,,,,,,,,0000,1.000000,84.984001,00,1,neowise,13.016000,0.037000,12.199000,0.040000,29.000000,26.799999,1253.199951,43.188999,950.299988,35.432999,AA
255.252502,64.202563,58279.429615,,,,,,,,,0000,1.000000,103.503998,00,1,neowise,12.941000,0.032000,12.143000,0.046000,34.400002,23.400000,1342.699951,39.084999,1000.700012,42.743000,AA
255.252520,64.202543,60472.192118,,,,,,,,,0000,1.000000,100.154999,00,1,neowise,12.960000,0.030000,12.158000,0.046000,36.799999,23.400000,1319.699951,35.879002,987.020020,42.191002,AA
255.252615,64.202528,60473.855660,,,,,,,,,0000,1.000000,82.683998,00,1,neowise,12.888000,0.029000,12.116000,0.047000,37.000000,22.900000,1410.199951,38.109001,1025.400024,44.752998,AA
255.252581,64.202535,60474.878947,,,,,,,,,0000,1.000000,83.115997,00,1,neowise,13.010000,0.030000,12.265000,0.059000,36.099998,18.500000,1260.500000,34.919998,894.219971,48.387001,AA
255.252624,64.202553,60475.262616,,,,,,,,,0000,0.500000,106.316002,00,1,neowise,12.992000,0.030000,12.167000,0.046000,36.299999,23.700001,1280.599976,35.271000,978.729980,41.312000,AA
255.252521,64.202516,60471.041111,,,,,,,,,0000,0.500000,89.143997,00,1,neowise,12.965000,0.036000,12.206000,0.054000,30.299999,20.100000,1312.900024,43.353001,944.359985,47.037998,AA
255.252482,64.202496,60472.960220,,,,,,,,,0000,0.500000,85.417999,00,1,neowise,12.992000,0.031000,12.068000,0.042000,35.200001,25.799999,1280.599976,36.402000,1071.699951,41.493000,AA
255.252496,64.202515,60473.599838,,,,,,,,,0000,1.000000,93.042999,00,1,neowise,12.937000,0.030000,12.220000,0.053000,36.000000,20.600000,1347.400024,37.448002,932.159973,45.176998,AA
255.252501,64.202526,60473.727813,,,,,,,,,0000,1.000000,84.759003,00,1,neowise,12.963000,0.029000,12.165000,0.045000,37.700001,24.299999,1315.500000,34.905998,980.020020,40.263000,AA
255.252588,64.202527,60471.297060,,,,,,,,,0000,0.500000,108.196999,00,1,neowise,13.025000,0.032000,12.217000,0.073000,34.299999,15.000000,1242.900024,36.217999,934.799988,62.521000,AA
255.252533,64.202515,60472.575914,,,,,,,,,0000,1.000000,97.056999,00,1,neowise,12.947000,0.030000,12.225000,0.055000,36.700001,19.900000,1335.099976,36.375999,927.559998,46.671001,AA
255.252608,64.202493,60473.088194,,,,,,,,,0000,0.500000,93.166000,00,1,neowise,13.053000,0.038000,12.253000,0.043000,28.400000,25.299999,1211.300049,42.612999,903.679993,35.784000,AA
255.252562,64.202510,60473.215532,,,,,,,,,0000,1.000000,102.634003,00,1,neowise,12.974000,0.031000,12.108000,0.046000,35.000000,23.500000,1301.900024,37.233002,1033.699951,44.058998,AA
255.252689,64.202505,60473.471991,,,,,,,,,0000,0.500000,102.869003,00,1,neowise,12.985000,0.035000,12.191000,0.044000,31.299999,24.799999,1289.699951,41.237999,957.520020,38.546001,AA
255.252526,64.202538,60474.367431,,,,,,,,,0000,0.500000,108.516998,00,1,neowise,12.988000,0.030000,12.243000,0.050000,36.500000,21.500000,1285.500000,35.248001,912.479980,42.362000,AA
255.252701,64.202502,60474.750973,,,,,,,,,0000,1.000000,83.486000,00,1,neowise,12.923000,0.029000,12.201000,0.055000,37.700001,19.700001,1365.500000,36.173000,948.570007,48.029999,AA
255.252579,64.202628,60471.552372,,,,,,,,,0000,1.000000,99.114998,00,1,neowise,13.008000,0.032000,12.331000,0.059000,34.400002,18.400000,1261.900024,36.657001,841.650024,45.848000,AA
255.252590,64.202577,60471.424907,,,,,,,,,0000,0.500000,106.982002,00,1,neowise,13.061000,0.032000,12.200000,0.056000,33.900002,19.200001,1201.699951,35.467999,949.619995,49.372002,AA
255.252478,64.202618,60471.680856,,,,,,,,,0000,0.500000,87.027000,00,1,neowise,12.992000,0.030000,12.224000,0.048000,36.599998,22.500000,1280.800049,35.035999,928.229980,41.296001,AA
255.252547,64.202560,60471.808830,,,,,,,,,0000,0.500000,82.238998,00,1,neowise,12.988000,0.030000,12.192000,0.054000,36.299999,20.000000,1285.500000,35.365002,956.000000,47.816002,AA
255.252523,64.202578,60472.320602,,,,,,,,,0000,0.500000,109.629997,00,1,neowise,13.137000,0.042000,12.232000,0.065000,25.900000,16.700001,1121.300049,43.255001,921.309998,55.285000,AA
255.252541,64.202577,60472.448449,,,,,,,,,0000,0.500000,106.564003,00,1,neowise,13.112000,0.032000,12.232000,0.066000,33.500000,16.400000,1147.099976,34.256001,922.070007,56.358002,AA
255.252527,64.202572,60472.832245,,,,,,,,,0000,0.500000,82.782997,00,1,neowise,13.074000,0.032000,12.300000,0.059000,34.400002,18.299999,1188.099976,34.502998,865.729980,47.259998,AA
255.252529,64.202553,60473.215659,,,,,,,,,0000,1.000000,102.750000,00,1,neowise,13.028000,0.033000,12.215000,0.047000,32.500000,23.200001,1239.000000,38.159000,935.919983,40.284000,AA
255.252486,64.202600,60474.239456,,,,,,,,,0000,0.500000,104.738998,00,1,neowise,13.024000,0.029000,12.209000,0.061000,37.099998,17.700001,1244.000000,33.493000,941.289978,53.220001,AA
255.252582,64.202561,60474.494769,,,,,,,,,0000,0.500000,104.400002,00,1,neowise,13.044000,0.032000,12.208000,0.053000,34.000000,20.500000,1220.900024,35.942001,942.340027,46.073002,AA
255.252316,64.202571,60473.983635,,,,,,,,,0000,1.000000,86.015999,00,1,neowise,13.112000,0.034000,12.198000,0.055000,31.799999,19.799999,1147.199951,36.021999,951.409973,48.123001,AA
255.252490,64.202541,60474.494896,,,,,,,,,0000,1.000000,103.737000,00,1,neowise,13.002000,0.042000,12.240000,0.063000,25.700001,17.100000,1269.800049,49.391998,915.309998,53.389999,AA
255.252499,64.202545,60475.006795,,,,,,,,,0000,1.000000,86.625000,00,1,neowise,12.975000,0.029000,12.207000,0.050000,37.099998,21.900000,1301.599976,35.056000,943.380005,43.039001,AA
255.252364,64.202580,60471.168576,,,,,,,,,0000,1.000000,98.083000,00,1,neowise,13.011000,0.046000,12.194000,0.066000,23.700001,16.400000,1258.800049,53.015999,954.450012,58.284000,AA
255.252474,64.202581,60471.936678,,,,,,,,,0000,1.000000,82.991997,00,1,neowise,12.876000,0.033000,12.170000,0.048000,33.000000,22.700001,1425.599976,43.181000,975.599976,42.896000,AA
255.252446,64.202577,60472.064653,,,,,,,,,0000,1.000000,89.793999,00,1,neowise,12.939000,0.028000,12.199000,0.053000,38.700001,20.600000,1344.800049,34.734001,950.109985,46.115002,AA
255.252424,64.202564,60472.704398,,,,,,,,,0000,0.500000,85.357002,00,1,neowise,13.020000,0.030000,12.419000,0.055000,35.599998,19.799999,1248.599976,35.076000,775.909973,39.109001,AA
255.252485,64.202551,60473.855787,,,,,,,,,0000,1.000000,83.406998,00,1,neowise,13.007000,0.034000,12.206000,0.057000,32.400002,19.000000,1264.000000,39.006001,944.270020,49.716000,AA
255.252486,64.202585,60474.111609,,,,,,,,,0000,1.000000,94.765999,00,1,neowise,13.071000,0.033000,12.281000,0.054000,33.200001,19.900000,1191.500000,35.909000,881.119995,44.168999,AA
255.252499,64.202545,60474.623126,,,,,,,,,0000,0.500000,91.387001,00,1,neowise,13.039000,0.030000,12.323000,0.055000,35.900002,19.600000,1226.699951,34.133999,847.619995,43.237999,AA
255.252427,64.202566,60475.134260,,,,,,,,,0000,1.000000,94.620003,00,1,neowise,12.971000,0.032000,12.175000,0.042000,34.400002,25.700001,1305.900024,37.946999,971.840027,37.862000,AA
255.252449,64.202474,60473.344016,,,,,,,,,0000,0.500000,108.836998,00,1,neowise,13.028000,0.030000,12.202000,0.064000,36.799999,17.100000,1239.699951,33.715000,947.210022,55.522999,AA
255.252596,64.202461,56847.234865,,,,,,,,,0000,0.000000,110.952003,00,1,neowise,13.376000,0.043000,12.597000,0.056000,25.500000,19.200001,908.429993,35.652000,670.890015,34.883999,AA
255.252674,64.202511,56848.813725,,,,,,,,,0000,0.000000,78.016998,00,1,neowise,13.345000,0.056000,12.533000,0.044000,19.299999,24.799999,934.340027,48.473000,711.609985,28.650999,AA
255.252650,64.202528,56845.590046,,,,,,,,,0000,1.000000,87.765999,00,1,neowise,12.958000,0.034000,12.197000,0.041000,31.900000,26.200001,1335.000000,41.903999,969.890015,36.995998,AA
255.252602,64.202543,56845.063759,,,,,,,,,0000,1.000000,94.438004,00,1,neowise,13.002000,0.029000,12.185000,0.037000,37.099998,29.299999,1281.199951,34.526001,980.530029,33.414001,AA
255.252710,64.202512,56846.840119,,,,,,,,,0000,0.000000,79.536003,00,1,neowise,13.379000,0.035000,12.617000,0.059000,31.100000,18.500000,905.469971,29.077999,658.429993,35.636002,AA
255.252572,64.202545,56847.761152,,,,,,,,,0000,0.000000,78.134003,00,2,neowise,13.512000,0.038000,12.862000,0.055000,28.900000,19.900000,801.650024,27.714001,525.750000,26.452999,AA
255.252489,64.202498,56845.853252,,,,,,,,,0000,1.000000,79.514000,00,1,neowise,12.989000,0.033000,12.183000,0.039000,33.299999,27.799999,1296.699951,38.903999,981.750000,35.258999,AA
255.252536,64.202518,56844.471766,,,,,,,,,0000,1.000000,99.497002,00,1,neowise,12.989000,0.031000,12.172000,0.045000,35.099998,24.400000,1297.099976,36.999001,992.239990,40.712002,AA
255.252546,64.202512,56844.734846,,,,,,,,,0000,1.000000,79.328003,00,1,neowise,12.872000,0.027000,12.143000,0.039000,40.400002,27.799999,1444.900024,35.752998,1019.299988,36.665001,AA
255.252575,64.202495,56845.721713,,,,,,,,,0000,1.000000,79.282997,00,1,neowise,13.017000,0.038000,12.107000,0.037000,28.299999,29.299999,1263.900024,44.625999,1053.599976,35.937000,AA
255.252549,64.202494,56845.984792,,,,,,,,,0000,1.000000,86.372002,00,1,neowise,12.923000,0.029000,12.085000,0.035000,37.400002,31.200001,1378.000000,36.807999,1075.300049,34.452000,AA
255.252576,64.202492,56848.155898,,,,,,,,,0000,0.000000,104.061996,00,2,neowise,13.581000,0.042000,12.765000,0.052000,26.100000,21.100000,751.859985,28.791000,574.520020,27.284000,AA
255.252543,64.202533,56845.195426,,,,,,,,,0000,1.000000,107.718002,00,1,neowise,13.002000,0.038000,12.051000,0.039000,28.700001,27.500000,1281.500000,44.664001,1109.099976,40.331001,AA
255.252606,64.202600,56845.919086,,,,,,,,,0000,0.000000,81.943001,00,2,neowise,13.605000,0.040000,12.928000,0.061000,27.000000,17.900000,735.530029,27.245001,494.760010,27.645000,AA
255.252514,64.202553,56844.603306,,,,,,,,,0000,1.000000,86.626999,00,1,neowise,12.940000,0.028000,12.121000,0.043000,38.900002,25.200001,1357.599976,34.922001,1040.000000,41.196999,AA
255.252568,64.202571,56845.458506,,,,,,,,,0000,1.000000,101.459999,00,1,neowise,12.983000,0.029000,12.112000,0.036000,37.500000,30.200001,1304.699951,34.835999,1048.300049,34.713001,AA
255.252587,64.202572,56845.195299,,,,,,,,,0000,1.000000,107.848000,00,1,neowise,12.920000,0.034000,12.181000,0.041000,31.700001,26.600000,1382.699951,43.667000,984.030029,36.990002,AA
255.252522,64.202551,56844.866513,,,,,,,,,0000,1.000000,80.888000,00,1,neowise,13.003000,0.031000,12.175000,0.038000,35.400002,28.900000,1280.800049,36.230999,989.679993,34.208000,AA
255.252316,64.202631,56845.129593,,,,,,,,,0000,0.000000,101.490997,00,1,neowise,13.411000,0.037000,12.642000,0.064000,29.600000,16.900000,879.719971,29.726999,643.549988,38.112999,AA
255.252436,64.202536,56845.326966,,,,,,,,,0000,0.500000,111.769997,00,1,neowise,12.963000,0.029000,12.200000,0.042000,37.000000,25.700001,1328.800049,35.937000,967.059998,37.653000,AA
255.252459,64.202541,56846.445372,,,,,,,,,0000,0.000000,103.105003,00,2,neowise,13.446000,0.037000,12.717000,0.055000,29.000000,19.700001,851.669983,29.357000,600.869995,30.461000,AA
255.252490,64.202558,56844.998053,,,,,,,,,0000,1.000000,88.357002,00,1,neowise,12.933000,0.028000,12.174000,0.049000,38.599998,22.400000,1366.300049,35.430000,990.320007,44.300999,AA
255.252439,64.202570,56845.524339,,,,,,,,,0000,0.000000,94.403000,00,1,neowise,13.421000,0.038000,12.613000,0.057000,28.299999,19.100000,871.440002,30.834000,661.159973,34.594002,AA
255.252348,64.202589,56844.800680,,,,,,,,,0000,0.000000,79.717003,00,2,neowise,13.551000,0.040000,12.922000,0.071000,27.299999,15.200000,772.909973,28.343000,497.489990,32.641998,AA
255.252785,64.202569,56845.590173,,,,,,,,,0000,0.000000,87.783997,00,1,neowise,13.252000,0.035000,12.424000,0.045000,30.700001,24.299999,1018.500000,33.210999,786.950012,32.339001,AA
255.252701,64.202478,57924.520931,,,,,,,,,0000,0.500000,99.384003,00,1,neowise,13.000000,0.041000,12.208000,0.040000,26.400000,26.900000,1272.000000,48.106998,942.429993,35.077000,AA
255.252561,64.202538,57922.294939,,,,,,,,,0000,0.500000,110.696999,00,1,neowise,12.994000,0.029000,12.211000,0.041000,37.599998,26.200001,1278.900024,33.992001,939.570007,35.897999,AA
255.252623,64.202533,57922.687776,,,,,,,,,0000,1.000000,84.084000,00,1,neowise,12.952000,0.033000,12.153000,0.045000,32.400002,24.299999,1328.699951,40.976002,991.599976,40.886002,AA
255.252636,64.202561,57923.604353,,,,,,,,,0000,1.000000,90.870003,00,1,neowise,13.062000,0.045000,12.293000,0.048000,23.900000,22.400000,1201.300049,50.256001,871.409973,38.890999,AA
255.252572,64.202553,57923.735256,,,,,,,,,0000,0.500000,81.234001,00,1,neowise,13.031000,0.030000,12.214000,0.038000,35.700001,28.600000,1236.400024,34.657001,937.489990,32.729000,AA
255.252481,64.202523,57922.164035,,,,,,,,,0000,1.000000,100.632004,00,1,neowise,13.020000,0.031000,12.133000,0.042000,34.500000,25.900000,1248.400024,36.175999,1010.000000,38.931999,AA
255.252487,64.202498,57922.556745,,,,,,,,,0000,0.500000,95.533997,00,1,neowise,13.030000,0.029000,12.170000,0.042000,37.400002,26.100000,1237.000000,33.092999,975.440002,37.342999,AA
255.252528,64.202505,57923.211516,,,,,,,,,0000,0.500000,104.917999,00,1,neowise,13.004000,0.031000,12.191000,0.037000,34.599998,29.100000,1267.000000,36.613998,957.500000,32.868000,AA
255.252482,64.202501,57924.258997,,,,,,,,,0000,1.000000,108.931999,00,1,neowise,12.991000,0.029000,12.100000,0.042000,37.500000,26.000000,1282.699951,34.202000,1040.699951,40.076000,AA
255.252620,64.202493,57920.461783,,,,,,,,,0000,1.000000,103.473000,00,1,neowise,12.892000,0.037000,12.200000,0.047000,29.400000,23.200001,1404.800049,47.794998,948.859985,40.955002,AA
255.252570,64.202529,57922.033005,,,,,,,,,0000,0.000000,88.154999,00,1,neowise,13.150000,0.031000,12.278000,0.043000,35.400002,25.400000,1107.500000,31.273001,883.750000,34.741001,AA
255.252576,64.202510,57922.163908,,,,,,,,,0000,1.000000,100.398003,00,1,neowise,13.078000,0.031000,12.145000,0.038000,34.700001,28.500000,1183.300049,34.146999,999.030029,35.000000,AA
255.252574,64.202512,57922.949582,,,,,,,,,0000,1.000000,82.341003,00,1,neowise,13.004000,0.029000,12.151000,0.043000,36.799999,25.299999,1266.800049,34.379002,993.479980,39.261002,AA
255.252529,64.202533,57923.342419,,,,,,,,,0000,1.000000,111.956001,00,1,neowise,12.984000,0.028000,12.176000,0.042000,38.500000,26.000000,1290.400024,33.491001,970.640015,37.345001,AA
255.252605,64.202520,57923.604226,,,,,,,,,0000,1.000000,91.001999,00,1,neowise,12.954000,0.030000,12.132000,0.037000,35.700001,29.200001,1326.800049,37.202999,1010.599976,34.566002,AA
255.252630,64.202638,57924.520804,,,,,,,,,0000,1.000000,99.865997,00,1,neowise,12.986000,0.030000,12.304000,0.041000,36.000000,26.700001,1288.500000,35.813000,862.479980,32.344002,AA
255.252554,64.202577,57920.199849,,,,,,,,,0000,1.000000,103.952003,00,1,neowise,13.019000,0.033000,12.174000,0.040000,33.099998,27.000000,1249.099976,37.747002,972.500000,36.051998,AA
255.252623,64.202566,57920.330752,,,,,,,,,0000,1.000000,111.245003,00,1,neowise,13.016000,0.037000,12.091000,0.048000,29.000000,22.799999,1252.599976,43.182999,1050.000000,46.012001,AA
255.252523,64.202547,57920.330880,,,,,,,,,0000,1.000000,110.512001,00,1,neowise,12.935000,0.038000,12.108000,0.045000,28.600000,24.200001,1350.400024,47.252998,1033.500000,42.721001,AA
255.252534,64.202551,57920.723589,,,,,,,,,0000,1.000000,82.314003,00,1,neowise,12.944000,0.034000,12.192000,0.043000,32.200001,25.299999,1339.500000,41.604000,956.109985,37.750999,AA
255.252593,64.202566,57920.854620,,,,,,,,,0000,1.000000,81.509003,00,1,neowise,12.946000,0.033000,12.174000,0.058000,33.299999,18.799999,1337.000000,40.164001,972.210022,51.755001,AA
255.252548,64.202575,57920.985523,,,,,,,,,0000,1.000000,85.231003,00,1,neowise,12.992000,0.035000,12.223000,0.041000,30.700001,26.299999,1280.599976,41.662998,928.979980,35.306000,AA
255.252520,64.202602,57921.116427,,,,,,,,,0000,0.500000,96.078003,00,1,neowise,13.050000,0.030000,12.180000,0.051000,36.099998,21.400000,1214.800049,33.612999,967.260010,45.146000,AA
255.252608,64.202569,57921.771198,,,,,,,,,0000,0.500000,80.791000,00,1,neowise,13.029000,0.030000,12.231000,0.051000,36.599998,21.200001,1237.800049,33.784000,922.280029,43.483002,AA
255.252551,64.202554,57921.902102,,,,,,,,,0000,1.000000,81.419998,00,1,neowise,12.985000,0.031000,12.209000,0.049000,34.900002,22.200001,1289.599976,36.924999,941.859985,42.438000,AA
255.252510,64.202570,57922.425842,,,,,,,,,0000,1.000000,107.371002,00,1,neowise,13.048000,0.035000,12.194000,0.040000,31.100000,27.100000,1216.500000,39.063000,954.739990,35.206001,AA
255.252556,64.202568,57923.080486,,,,,,,,,0000,1.000000,91.792000,00,1,neowise,12.971000,0.028000,12.171000,0.037000,38.599998,29.200001,1306.199951,33.821999,974.900024,33.390999,AA
255.252526,64.202562,57923.866160,,,,,,,,,0000,0.500000,80.018997,00,1,neowise,12.963000,0.028000,12.111000,0.040000,38.799999,27.100000,1315.500000,33.903999,1030.400024,38.019001,AA
255.252646,64.202586,57923.997063,,,,,,,,,0000,0.000000,84.527000,00,1,neowise,13.168000,0.032000,12.316000,0.040000,33.900002,26.900000,1089.000000,32.101002,852.750000,31.690001,AA
255.252595,64.202562,57924.128094,,,,,,,,,0000,1.000000,96.709999,00,1,neowise,13.020000,0.029000,12.237000,0.046000,36.900002,23.500000,1247.900024,33.798000,917.820007,39.055000,AA
255.252559,64.202554,57924.389901,,,,,,,,,0000,1.000000,110.592003,00,1,neowise,12.936000,0.027000,12.147000,0.041000,39.599998,26.200001,1348.400024,34.053001,996.719971,37.979000,AA
255.252382,64.202558,57921.247330,,,,,,,,,0000,0.500000,107.815002,00,1,neowise,13.067000,0.039000,12.265000,0.040000,28.100000,27.000000,1195.699951,42.492001,894.070007,33.131001,AA
255.252480,64.202542,57922.818679,,,,,,,,,0000,1.000000,79.889000,00,1,neowise,12.971000,0.038000,12.113000,0.039000,28.900000,28.000000,1306.300049,45.148998,1028.300049,36.698002,AA
255.252479,64.202560,57923.473323,,,,,,,,,0000,0.500000,103.960999,00,1,neowise,12.999000,0.028000,12.174000,0.048000,38.400002,22.500000,1273.000000,33.152000,972.150024,43.187000,AA
255.252736,64.202663,57921.247457,,,,,,,,,0000,0.000000,107.650002,00,1,neowise,13.299000,0.035000,12.576000,0.048000,31.400000,22.700001,965.190002,30.694000,671.440002,29.518000,AA
255.252597,64.202557,58120.723843,,,,,,,,,0000,1.000000,91.365997,00,1,neowise,13.010000,0.030000,12.165000,0.041000,35.700001,26.200001,1260.199951,35.330002,980.530029,37.410000,AA
255.252552,64.202544,58120.985777,,,,,,,,,0000,1.000000,116.237000,00,1,neowise,12.955000,0.029000,12.209000,0.042000,37.599998,25.900000,1325.900024,35.233002,941.400024,36.337002,AA
255.252639,64.202545,58122.294813,,,,,,,,,0000,1.000000,83.328003,00,1,neowise,13.068000,0.039000,12.207000,0.039000,27.500000,27.900000,1194.000000,43.417999,943.469971,33.784000,AA
255.252708,64.202540,58122.294941,,,,,,,,,0000,1.000000,82.664001,00,1,neowise,12.994000,0.037000,12.130000,0.041000,29.299999,26.600000,1278.800049,43.707001,1012.099976,37.993999,AA
255.252701,64.202538,58122.425844,,,,,,,,,0000,1.000000,74.570999,00,1,neowise,13.098000,0.045000,12.189000,0.044000,23.900000,24.700001,1161.800049,48.550999,958.640015,38.873001,AA
255.252683,64.202540,58122.556744,,,,,,,,,0000,1.000000,76.213997,00,1,neowise,13.025000,0.032000,12.169000,0.038000,33.400002,28.200001,1243.000000,37.198002,976.840027,34.610001,AA
255.252579,64.202531,58122.687648,,,,,,,,,0000,1.000000,87.028999,00,1,neowise,12.968000,0.029000,12.118000,0.065000,37.000000,16.700001,1309.599976,35.408001,1023.799988,61.390999,AA
255.252610,64.202558,58123.603973,,,,,,,,,0000,1.000000,78.972000,00,1,neowise,12.987000,0.031000,12.298000,0.045000,34.700001,23.900000,1286.900024,37.092999,867.599976,36.243999,AA
255.252639,64.202539,58123.735004,,,,,,,,,0000,1.000000,92.967003,00,1,neowise,12.937000,0.032000,12.182000,0.039000,33.599998,28.200001,1348.199951,40.104000,965.559998,34.298000,AA
255.252617,64.202542,58123.865907,,,,,,,,,0000,1.000000,109.968002,00,1,neowise,13.002000,0.032000,12.096000,0.042000,33.900002,25.900000,1269.800049,37.459000,1044.199951,40.256001,AA
255.252543,64.202542,58124.389521,,,,,,,,,0000,1.000000,75.036003,00,1,neowise,12.981000,0.030000,12.141000,0.038000,36.200001,28.600000,1294.599976,35.744999,1002.200012,35.048000,AA
255.252650,64.202543,58124.651329,,,,,,,,,0000,1.000000,82.875999,00,1,neowise,12.971000,0.028000,12.161000,0.040000,38.700001,27.200001,1306.199951,33.730999,983.619995,36.144001,AA
255.252574,64.202500,58121.378488,,,,,,,,,0000,1.000000,76.708000,00,1,neowise,13.026000,0.031000,12.232000,0.044000,35.599998,24.700001,1241.699951,34.894001,921.409973,37.330002,AA
255.252629,64.202504,58121.640295,,,,,,,,,0000,1.000000,82.226997,00,1,neowise,12.958000,0.029000,12.205000,0.057000,37.299999,19.100000,1321.599976,35.476002,945.150024,49.432999,AA
255.252564,64.202498,58121.771199,,,,,,,,,0000,0.500000,97.449997,00,1,neowise,12.966000,0.030000,12.275000,0.048000,36.000000,22.400000,1311.699951,36.390999,885.820007,39.495998,AA
255.252670,64.202506,58121.902102,,,,,,,,,0000,1.000000,112.514000,00,1,neowise,12.964000,0.032000,12.151000,0.044000,33.900002,24.600000,1314.699951,38.778000,993.299988,40.417999,AA
255.252621,64.202509,58122.818552,,,,,,,,,0000,1.000000,103.811996,00,1,neowise,12.975000,0.033000,12.142000,0.046000,33.299999,23.799999,1301.199951,39.046001,1001.000000,42.007999,AA
255.252561,64.202523,58123.211262,,,,,,,,,0000,1.000000,92.936996,00,1,neowise,12.957000,0.029000,12.091000,0.047000,37.299999,22.900000,1322.699951,35.466999,1049.199951,45.800999,AA
255.252601,64.202509,58123.996811,,,,,,,,,0000,1.000000,116.410004,00,1,neowise,13.002000,0.033000,12.188000,0.039000,33.200001,27.900000,1269.400024,38.212002,959.409973,34.326000,AA
255.252547,64.202535,58124.127714,,,,,,,,,0000,1.000000,103.711998,00,1,neowise,13.026000,0.032000,12.126000,0.038000,33.799999,28.799999,1241.800049,36.768002,1016.400024,35.262001,AA
255.252601,64.202570,58120.592939,,,,,,,,,0000,0.500000,78.963997,00,1,neowise,12.949000,0.038000,12.150000,0.038000,28.600000,28.700001,1332.300049,46.527000,994.400024,34.597000,AA
255.252684,64.202582,58120.723970,,,,,,,,,0000,1.000000,91.453003,00,1,neowise,12.980000,0.032000,12.123000,0.041000,33.500000,26.700001,1295.599976,38.654999,1018.799988,38.188000,AA
255.252660,64.202573,58120.854874,,,,,,,,,0000,1.000000,107.823997,00,1,neowise,12.957000,0.031000,12.190000,0.040000,35.000000,27.100000,1323.500000,37.804001,958.150024,35.390999,AA
255.252577,64.202580,58121.247584,,,,,,,,,0000,1.000000,88.528000,00,1,neowise,12.992000,0.030000,12.218000,0.038000,35.700001,28.600000,1281.599976,35.931999,934.049988,32.612000,AA
255.252618,64.202593,58122.033006,,,,,,,,,0000,1.000000,113.388000,00,1,neowise,12.937000,0.035000,12.121000,0.038000,30.900000,28.500000,1347.300049,43.588001,1020.700012,35.813000,AA
255.252501,64.202574,58123.473069,,,,,,,,,0000,1.000000,75.015999,00,1,neowise,13.018000,0.031000,12.205000,0.048000,35.000000,22.400000,1250.699951,35.736000,945.150024,42.134998,AA
255.252573,64.202559,58123.734876,,,,,,,,,0000,1.000000,92.831001,00,1,neowise,12.962000,0.034000,12.059000,0.041000,31.900000,26.600000,1317.099976,41.312000,1080.900024,40.599998,AA
255.252535,64.202572,58124.258618,,,,,,,,,0000,1.000000,86.581001,00,1,neowise,12.967000,0.030000,12.212000,0.046000,36.400002,23.400000,1311.300049,36.014999,938.919983,40.200001,AA
255.252485,64.202540,58123.080359,,,,,,,,,0000,1.000000,109.251999,00,1,neowise,12.940000,0.034000,12.141000,0.042000,32.200001,25.700001,1343.500000,41.665001,1002.099976,38.928001,AA
255.252479,64.202554,58122.949455,,,,,,,,,0000,1.000000,116.544998,00,1,neowise,13.020000,0.033000,12.153000,0.039000,33.000000,27.900000,1248.599976,37.794998,991.700012,35.571999,AA
255.252501,64.202559,58123.342166,,,,,,,,,0000,1.000000,78.521004,00,1,neowise,13.048000,0.033000,12.163000,0.040000,33.000000,27.100000,1216.800049,36.841999,982.359985,36.252998,AA
255.252649,64.202533,58490.594170,,,,,,,,,0000,0.500000,74.619003,00,1,neowise,12.974000,0.034000,12.193000,0.037000,31.600000,29.000000,1301.900024,41.251999,955.489990,32.910999,AA
255.252567,64.202536,58490.725074,,,,,,,,,0000,1.000000,90.117996,00,1,neowise,13.000000,0.033000,12.187000,0.051000,33.200001,21.299999,1271.400024,38.321999,960.580017,45.063999,AA
255.252675,64.202544,58491.248560,,,,,,,,,0000,1.000000,86.316002,00,1,neowise,12.955000,0.032000,12.154000,0.060000,33.700001,18.000000,1325.599976,39.366001,990.140015,55.053001,AA
255.252620,64.202541,58491.379336,,,,,,,,,0000,0.500000,72.065002,00,1,neowise,13.086000,0.030000,12.197000,0.039000,36.500000,27.900000,1174.800049,32.175999,951.770020,34.164001,AA
255.252641,64.202545,58491.641144,,,,,,,,,0000,1.000000,78.801003,00,1,neowise,12.962000,0.032000,12.152000,0.039000,33.400002,28.200001,1316.800049,39.381001,992.289978,35.243999,AA
255.252608,64.202525,58491.771920,,,,,,,,,0000,1.000000,96.989998,00,1,neowise,13.026000,0.032000,12.165000,0.040000,34.200001,26.900000,1242.000000,36.298000,980.390015,36.481998,AA
255.252540,64.202500,58491.641016,,,,,,,,,0000,1.000000,79.121002,00,1,neowise,13.097000,0.069000,12.109000,0.039000,15.700000,27.700001,1162.599976,74.207001,1032.699951,37.269001,AA
255.252559,64.202556,58490.332490,,,,,,,,,0000,1.000000,75.924004,00,1,neowise,13.028000,0.034000,12.153000,0.045000,31.600000,24.299999,1239.000000,39.212002,991.679993,40.834999,AA
255.252603,64.202593,58490.463267,,,,,,,,,0000,1.000000,70.713997,00,1,neowise,13.011000,0.036000,12.191000,0.041000,30.400000,26.400000,1258.900024,41.370998,957.140015,36.230000,AA
255.252529,64.202588,58490.855850,,,,,,,,,0000,1.000000,109.792000,00,1,neowise,12.998000,0.034000,12.116000,0.048000,31.900000,22.700001,1274.500000,40.001999,1025.500000,45.101002,AA
255.252548,64.202549,58490.986753,,,,,,,,,0000,1.000000,120.554001,00,1,neowise,12.951000,0.032000,12.159000,0.038000,33.900002,28.400000,1330.500000,39.240002,986.070007,34.723000,AA
255.252571,64.202587,58491.248433,,,,,,,,,0000,1.000000,86.814003,00,1,neowise,12.868000,0.034000,12.128000,0.041000,31.799999,26.799999,1435.699951,45.122002,1014.700012,37.915001,AA
255.252519,64.202493,59384.667424,,,,,,,,,0000,1.000000,87.195999,00,1,neowise,13.019000,0.033000,12.168000,0.051000,33.200001,21.299999,1249.800049,37.629002,977.369995,45.917000,AA
255.252621,64.202574,59384.928849,,,,,,,,,0000,1.000000,77.197998,00,1,neowise,12.987000,0.031000,12.134000,0.046000,34.799999,23.500000,1287.500000,36.971001,1008.599976,42.838001,AA
255.252587,64.202417,59384.798200,,,,,,,,,0000,0.000000,77.361000,00,1,neowise,13.055000,0.039000,12.318000,0.043000,27.799999,25.500000,1208.900024,43.426998,851.179993,33.353001,AA
255.252628,64.202536,57027.148980,,,,,,,,,0000,1.000000,97.232002,00,1,neowise,12.939000,0.027000,12.181000,0.038000,39.500000,28.600000,1339.900024,33.930000,971.250000,34.001999,AA
255.252619,64.202556,57027.543219,,,,,,,,,0000,1.000000,81.672997,00,1,neowise,12.941000,0.026000,12.161000,0.039000,41.700001,28.000000,1337.699951,32.066002,989.880005,35.314999,AA
255.252646,64.202557,57029.251589,,,,,,,,,0000,1.000000,86.787003,00,1,neowise,12.984000,0.030000,12.331000,0.049000,36.200001,22.299999,1285.599976,35.501999,846.469971,38.035000,AA
255.252668,64.202547,57028.594524,,,,,,,,,0000,1.000000,84.150002,00,1,neowise,12.982000,0.033000,12.161000,0.040000,32.500000,27.100000,1287.800049,39.609001,989.679993,36.500999,AA
255.252573,64.202538,57027.674632,,,,,,,,,0000,1.000000,90.765999,00,1,neowise,12.931000,0.026000,12.127000,0.036000,41.099998,30.299999,1349.800049,32.838001,1021.200012,33.705002,AA
255.252641,64.202525,57026.623328,,,,,,,,,0000,1.000000,86.438004,00,1,neowise,12.963000,0.028000,12.186000,0.035000,39.299999,31.299999,1311.500000,33.335999,967.520020,30.895000,AA
255.252641,64.202552,57029.383002,,,,,,,,,0000,1.000000,79.238998,00,1,neowise,12.942000,0.029000,12.199000,0.038000,37.099998,28.600000,1336.900024,36.066002,955.489990,33.431000,AA
255.252647,64.202565,57028.857350,,,,,,,,,0000,1.000000,108.625000,00,1,neowise,12.948000,0.028000,12.069000,0.045000,38.200001,24.400000,1329.099976,34.832001,1077.300049,44.180000,AA
255.252556,64.202536,57027.937459,,,,,,,,,0000,1.000000,112.204002,00,1,neowise,12.928000,0.028000,12.138000,0.042000,39.500000,26.100000,1354.300049,34.313000,1010.599976,38.790001,AA
255.252638,64.202520,57028.988763,,,,,,,,,0000,1.000000,110.672997,00,1,neowise,12.993000,0.029000,12.108000,0.036000,37.900002,30.500000,1275.300049,33.660000,1038.699951,34.019001,AA
255.252614,64.202537,57025.834849,,,,,,,,,0000,1.000000,105.848000,00,1,neowise,12.976000,0.031000,12.192000,0.035000,34.900002,30.900000,1295.800049,37.162998,961.520020,31.163000,AA
255.252587,64.202555,57027.411806,,,,,,,,,0000,1.000000,79.736000,00,1,neowise,12.985000,0.030000,12.104000,0.034000,36.400002,31.700001,1285.000000,35.291000,1042.800049,32.888000,AA
255.252610,64.202528,57028.725937,,,,,,,,,0000,1.000000,95.926003,00,1,neowise,12.958000,0.028000,12.153000,0.039000,38.299999,28.000000,1316.500000,34.380001,996.570007,35.557999,AA
255.252600,64.202508,57029.120176,,,,,,,,,0000,1.000000,99.891998,00,1,neowise,13.022000,0.032000,12.139000,0.036000,33.700001,30.000000,1241.699951,36.862000,1009.500000,33.640999,AA
255.252601,64.202518,57026.886154,,,,,,,,,0000,1.000000,109.876999,00,1,neowise,12.904000,0.028000,12.113000,0.034000,39.299999,31.700001,1384.199951,35.265999,1034.500000,32.662998,AA
255.252595,64.202490,57026.229088,,,,,,,,,0000,1.000000,89.705002,00,1,neowise,12.958000,0.028000,12.161000,0.038000,39.000000,28.700001,1316.900024,33.749001,989.309998,34.504002,AA
255.252552,64.202504,57026.360501,,,,,,,,,0000,1.000000,80.919998,00,1,neowise,12.984000,0.029000,12.034000,0.044000,38.099998,24.900000,1286.099976,33.793999,1112.199951,44.578999,AA
255.252634,64.202497,57027.017567,,,,,,,,,0000,1.000000,108.639999,00,1,neowise,12.925000,0.028000,12.111000,0.039000,38.900002,27.500000,1358.199951,34.914001,1036.599976,37.702000,AA
255.252535,64.202538,57027.806045,,,,,,,,,0000,1.000000,103.862000,00,1,neowise,12.912000,0.026000,12.176000,0.038000,41.400002,28.299999,1374.500000,33.216000,975.900024,34.501999,AA
255.252620,64.202606,57025.966262,,,,,,,,,0000,0.000000,110.959999,00,1,neowise,13.306000,0.033000,12.563000,0.045000,33.400002,23.900000,955.809998,28.613001,683.299988,28.563999,AA
255.252576,64.202561,57028.068872,,,,,,,,,0000,1.000000,104.857002,00,1,neowise,12.982000,0.030000,12.185000,0.048000,36.799999,22.400000,1288.699951,35.030998,968.289978,43.251999,AA
255.252617,64.202566,57028.331698,,,,,,,,,0000,1.000000,81.375999,00,1,neowise,12.936000,0.029000,12.126000,0.046000,38.000000,23.600000,1343.599976,35.324001,1021.599976,43.362000,AA
255.252632,64.202585,57025.703436,,,,,,,,,0000,1.000000,93.370003,00,1,neowise,12.947000,0.031000,12.175000,0.037000,35.099998,29.299999,1331.000000,37.916000,976.900024,33.351002,AA
255.252557,64.202565,57028.200285,,,,,,,,,0000,1.000000,91.897003,00,1,neowise,12.950000,0.027000,12.195000,0.048000,40.500000,22.600000,1326.699951,32.775002,959.440002,42.481998,AA
255.252588,64.202561,57027.280393,,,,,,,,,0000,1.000000,85.189003,00,1,neowise,12.927000,0.026000,12.131000,0.037000,41.700001,29.400000,1354.599976,32.513000,1017.500000,34.584000,AA
255.252769,64.202474,57026.754741,,,,,,,,,0000,1.000000,98.484001,00,1,neowise,12.968000,0.028000,12.006000,0.034000,38.500000,32.099998,1305.099976,33.866001,1141.199951,35.570000,AA
255.252533,64.202542,58284.664475,,,,,,,,,0000,1.000000,86.994003,00,1,neowise,12.999000,0.029000,12.196000,0.039000,37.200001,27.600000,1273.099976,34.179001,953.119995,34.535000,AA
255.252446,64.202503,58284.926282,,,,,,,,,0000,1.000000,83.634003,00,1,neowise,12.965000,0.041000,12.196000,0.041000,26.400000,26.299999,1313.599976,49.755001,952.890015,36.236000,AA
255.252540,64.202506,58284.795378,,,,,,,,,0000,0.000000,81.804001,00,1,neowise,13.074000,0.033000,12.237000,0.038000,32.599998,28.700001,1187.699951,36.389000,917.520020,31.966000,AA
255.252531,64.202517,58284.926154,,,,,,,,,0000,0.500000,82.889000,00,1,neowise,12.991000,0.033000,12.153000,0.036000,32.400002,30.500000,1282.099976,39.555000,991.299988,32.516998,AA
255.252477,64.202538,58284.533062,,,,,,,,,0000,1.000000,99.728996,00,1,neowise,12.990000,0.033000,12.172000,0.037000,32.599998,29.100000,1283.300049,39.363998,974.530029,33.445999,AA
255.252615,64.202547,58850.390028,,,,,,,,,0000,0.500000,73.070999,00,1,neowise,13.000000,0.029000,12.225000,0.042000,37.700001,25.799999,1271.500000,33.687000,927.640015,35.890999,AA
255.252530,64.202535,58850.259252,,,,,,,,,0000,1.000000,86.569000,00,1,neowise,12.996000,0.029000,12.187000,0.037000,37.599998,29.299999,1275.800049,33.949001,960.469971,32.745998,AA
255.252596,64.202483,58850.913387,,,,,,,,,0000,0.500000,116.040001,00,1,neowise,12.974000,0.029000,12.176000,0.039000,37.000000,28.200001,1302.099976,35.219002,970.200012,34.410000,AA
255.252589,64.202489,58851.044163,,,,,,,,,0000,1.000000,114.950996,00,1,neowise,12.963000,0.028000,12.219000,0.037000,39.099998,29.500000,1316.199951,33.669998,933.130005,31.618000,AA
255.252593,64.202520,58851.305843,,,,,,,,,0000,1.000000,80.228996,00,1,neowise,12.944000,0.028000,12.177000,0.041000,38.299999,26.600000,1339.099976,35.007000,969.520020,36.480999,AA
255.252620,64.202615,58850.128476,,,,,,,,,0000,1.000000,103.346001,00,1,neowise,12.989000,0.034000,12.229000,0.041000,31.900000,26.200001,1284.099976,40.299999,924.280029,35.327999,AA
255.252607,64.202566,58850.651707,,,,,,,,,0000,1.000000,80.049004,00,1,neowise,12.974000,0.030000,12.176000,0.037000,36.000000,29.700001,1302.699951,36.215000,970.679993,32.720001,AA
255.252625,64.202566,58850.782483,,,,,,,,,0000,1.000000,97.637001,00,1,neowise,12.967000,0.029000,12.152000,0.036000,36.900002,29.799999,1311.199951,35.499001,991.929993,33.327999,AA
255.252601,64.202543,57030.302894,,,,,,,,,0000,1.000000,82.155998,00,1,neowise,12.948000,0.030000,12.156000,0.042000,36.099998,25.799999,1329.699951,36.846001,994.590027,38.575001,AA
255.252692,64.202524,57029.645829,,,,,,,,,0000,1.000000,88.109001,00,1,neowise,12.992000,0.030000,12.151000,0.039000,36.099998,28.100000,1276.800049,35.334000,998.619995,35.581001,AA
255.252580,64.202549,57031.354199,,,,,,,,,0000,1.000000,79.259003,00,1,neowise,12.964000,0.030000,12.152000,0.037000,36.299999,29.500000,1309.400024,36.117001,997.500000,33.848000,AA
255.252648,64.202525,57030.040068,,,,,,,,,0000,1.000000,107.403999,00,1,neowise,12.985000,0.030000,12.130000,0.040000,36.299999,27.200001,1284.300049,35.361000,1018.299988,37.460999,AA
255.252600,64.202526,57029.908655,,,,,,,,,0000,1.000000,112.334999,00,1,neowise,12.939000,0.031000,12.167000,0.044000,35.099998,24.400000,1340.699951,38.165001,984.150024,40.316002,AA
255.252632,64.202532,57031.222785,,,,,,,,,0000,1.000000,88.855003,00,1,neowise,12.919000,0.028000,12.134000,0.037000,38.400002,29.700001,1365.199951,35.507999,1014.200012,34.132000,AA
255.252683,64.202546,57029.777242,,,,,,,,,0000,1.000000,101.445999,00,1,neowise,12.904000,0.031000,12.082000,0.043000,35.000000,25.500000,1384.199951,39.577000,1064.800049,41.693001,AA
255.252640,64.202534,57030.171481,,,,,,,,,0000,1.000000,94.322998,00,1,neowise,12.943000,0.029000,12.089000,0.041000,37.500000,26.700001,1335.000000,35.570999,1057.900024,39.689999,AA
255.252568,64.202550,57030.959959,,,,,,,,,0000,1.000000,112.429001,00,1,neowise,12.961000,0.030000,12.127000,0.041000,35.900002,26.600000,1313.400024,36.584000,1020.900024,38.349998,AA
255.252511,64.202533,57031.091372,,,,,,,,,0000,1.000000,102.714996,00,1,neowise,12.957000,0.029000,12.112000,0.035000,37.400002,30.700001,1318.099976,35.215000,1035.699951,33.720001,AA
255.252581,64.202517,57030.565720,,,,,,,,,0000,1.000000,81.933998,00,1,neowise,12.946000,0.029000,12.156000,0.044000,36.900002,24.799999,1331.500000,36.074001,993.890015,40.080002,AA
255.252616,64.202517,57031.617025,,,,,,,,,0000,1.000000,85.453003,00,1,neowise,12.985000,0.029000,12.143000,0.035000,37.299999,31.299999,1284.699951,34.431999,1005.900024,32.181999,AA
255.252575,64.202521,57030.697133,,,,,,,,,0000,1.000000,93.195000,00,1,neowise,13.010000,0.032000,12.102000,0.040000,33.500000,27.400000,1254.900024,37.504002,1044.900024,38.112000,AA
255.252632,64.202515,57030.828546,,,,,,,,,0000,1.000000,106.838997,00,1,neowise,12.913000,0.028000,12.149000,0.041000,39.099998,26.200001,1372.400024,35.103001,1000.700012,38.133999,AA
255.252733,64.202554,57030.434307,,,,,,,,,0000,1.000000,78.827003,00,1,neowise,12.961000,0.030000,12.034000,0.056000,35.599998,19.400000,1313.599976,36.896000,1112.500000,57.308998,AA
255.252653,64.202561,57754.596024,,,,,,,,,0000,1.000000,81.220001,00,1,neowise,12.904000,0.028000,12.070000,0.038000,38.200001,28.600000,1390.300049,36.383999,1070.400024,37.417000,AA
255.252564,64.202545,57754.727055,,,,,,,,,0000,1.000000,93.199997,00,1,neowise,12.937000,0.029000,12.148000,0.037000,37.900002,29.600000,1348.699951,35.615002,996.080017,33.647999,AA
255.252586,64.202548,57754.989118,,,,,,,,,0000,1.000000,113.967003,00,1,neowise,12.939000,0.053000,12.122000,0.035000,20.600000,31.000000,1346.699951,65.339996,1020.099976,32.930000,AA
255.252594,64.202537,57755.251052,,,,,,,,,0000,1.000000,88.016998,00,1,neowise,13.009000,0.030000,12.162000,0.040000,36.700001,27.299999,1262.099976,34.431999,983.820007,36.046001,AA
255.252633,64.202553,57755.382084,,,,,,,,,0000,1.000000,77.735001,00,1,neowise,12.992000,0.031000,12.174000,0.043000,35.299999,25.100000,1282.500000,36.381001,972.250000,38.693001,AA
255.252549,64.202522,57754.988990,,,,,,,,,0000,1.000000,113.432999,00,1,neowise,13.013000,0.031000,12.184000,0.037000,34.900002,29.299999,1258.300049,36.095001,963.349976,32.896000,AA
255.252598,64.202564,57754.858086,,,,,,,,,0000,1.000000,107.998001,00,1,neowise,13.030000,0.030000,12.185000,0.036000,36.599998,29.799999,1238.900024,33.880001,962.830017,32.340000,AA
255.252600,64.202553,58119.021969,,,,,,,,,0000,1.000000,113.606003,00,1,neowise,12.977000,0.030000,12.161000,0.048000,36.299999,22.700001,1298.500000,35.791000,984.000000,43.266998,AA
255.252594,64.202540,58119.283903,,,,,,,,,0000,1.000000,84.817001,00,1,neowise,12.966000,0.036000,12.168000,0.039000,29.799999,28.200001,1311.500000,44.028000,977.260010,34.660999,AA
255.252596,64.202536,58119.414807,,,,,,,,,0000,0.500000,75.682999,00,1,neowise,13.031000,0.030000,12.183000,0.039000,35.900002,27.900000,1235.699951,34.380001,964.400024,34.564999,AA
255.252677,64.202546,58119.938421,,,,,,,,,0000,1.000000,115.004997,00,1,neowise,13.015000,0.029000,12.096000,0.042000,37.200001,25.799999,1253.900024,33.713001,1044.300049,40.533001,AA
255.252620,64.202559,58120.069325,,,,,,,,,0000,1.000000,110.016998,00,1,neowise,12.948000,0.029000,12.160000,0.036000,38.000000,30.000000,1333.400024,35.077999,984.679993,32.855000,AA
255.252577,64.202532,58120.331132,,,,,,,,,0000,1.000000,80.490997,00,1,neowise,12.989000,0.030000,12.074000,0.047000,35.599998,22.900000,1285.099976,36.081001,1066.400024,46.578999,AA
255.252512,64.202522,58120.200228,,,,,,,,,0000,1.000000,94.747002,00,1,neowise,13.031000,0.029000,12.222000,0.044000,37.400002,24.799999,1235.300049,33.073002,930.580017,37.467999,AA
255.252528,64.202538,58118.760162,,,,,,,,,0000,1.000000,95.682999,00,1,neowise,13.027000,0.031000,12.194000,0.040000,34.700001,27.200001,1240.500000,35.792999,954.760010,35.147999,AA
255.252548,64.202510,58119.152872,,,,,,,,,0000,1.000000,100.792000,00,1,neowise,12.944000,0.034000,12.180000,0.035000,31.900000,30.799999,1338.900024,41.935001,967.289978,31.396000,AA
255.252609,64.202507,58119.676614,,,,,,,,,0000,1.000000,85.955002,00,1,neowise,12.994000,0.031000,12.126000,0.040000,35.200001,27.100000,1278.199951,36.348000,1015.900024,37.498001,AA
255.252612,64.202516,58119.807518,,,,,,,,,0000,1.000000,101.783997,00,1,neowise,13.002000,0.029000,12.150000,0.038000,38.099998,28.299999,1269.000000,33.342999,993.659973,35.171001,AA
255.252602,64.202565,58118.891065,,,,,,,,,0000,1.000000,110.674004,00,1,neowise,13.003000,0.029000,12.124000,0.036000,37.099998,29.900000,1267.599976,34.181999,1018.500000,34.029999,AA
255.252630,64.202564,58120.462035,,,,,,,,,0000,1.000000,75.655998,00,1,neowise,12.918000,0.030000,12.095000,0.040000,36.000000,27.200001,1371.199951,38.112999,1045.500000,38.368000,AA
255.252742,64.202565,58119.153000,,,,,,,,,0000,1.000000,100.640999,00,1,neowise,12.984000,0.034000,12.161000,0.036000,31.500000,30.100000,1290.099976,40.969002,984.049988,32.693001,AA
255.252715,64.202548,58650.415874,,,,,,,,,0000,1.000000,111.154999,00,1,neowise,12.971000,0.035000,12.162000,0.047000,30.700001,23.000000,1306.599976,42.514000,982.849976,42.801998,AA
255.252563,64.202534,58650.677425,,,,,,,,,0000,1.000000,86.036003,00,1,neowise,12.974000,0.028000,12.183000,0.041000,38.400002,26.200001,1302.699951,33.957001,964.049988,36.801998,AA
255.252600,64.202555,58651.462464,,,,,,,,,0000,1.000000,108.444000,00,1,neowise,12.976000,0.030000,12.162000,0.038000,36.599998,28.299999,1300.500000,35.542999,983.109985,34.737999,AA
255.252537,64.202538,58651.724016,,,,,,,,,0000,1.000000,81.925003,00,1,neowise,12.933000,0.030000,12.071000,0.035000,36.200001,30.600000,1352.199951,37.339001,1068.599976,34.879002,AA
255.252605,64.202536,58651.985695,,,,,,,,,0000,0.500000,80.388000,00,1,neowise,12.978000,0.029000,12.208000,0.038000,37.900002,28.500000,1297.400024,34.214001,942.510010,33.019001,AA
255.252451,64.202527,58651.070009,,,,,,,,,0000,1.000000,87.553001,00,1,neowise,13.030000,0.033000,12.184000,0.043000,33.299999,25.100000,1236.800049,37.174000,963.530029,38.445999,AA
255.252522,64.202521,58651.724143,,,,,,,,,0000,1.000000,82.134003,00,1,neowise,12.964000,0.037000,12.221000,0.039000,29.200001,27.600000,1315.000000,45.068001,931.169983,33.745998,AA
255.252477,64.202492,58651.854919,,,,,,,,,0000,1.000000,77.711998,00,1,neowise,13.014000,0.030000,12.188000,0.039000,36.500000,27.799999,1254.800049,34.356998,960.260010,34.529999,AA
255.252560,64.202525,58650.415746,,,,,,,,,0000,0.500000,111.922997,00,1,neowise,12.995000,0.036000,12.117000,0.038000,30.299999,28.600000,1277.500000,42.209000,1024.800049,35.862999,AA
255.252553,64.202585,58650.808329,,,,,,,,,0000,1.000000,78.403999,00,1,neowise,12.973000,0.030000,12.006000,0.040000,36.799999,26.900000,1303.300049,35.455002,1135.000000,42.174000,AA
255.252552,64.202574,58650.939105,,,,,,,,,0000,0.500000,79.251999,00,1,neowise,12.932000,0.028000,12.226000,0.042000,38.599998,26.000000,1353.500000,35.026001,926.929993,35.687000,AA
255.252566,64.202553,58651.593240,,,,,,,,,0000,0.500000,94.996002,00,1,neowise,13.013000,0.029000,12.262000,0.039000,37.799999,27.799999,1256.800049,33.235001,896.309998,32.254002,AA
255.252483,64.202540,58650.546650,,,,,,,,,0000,0.500000,99.889999,00,1,neowise,13.002000,0.029000,12.143000,0.037000,37.299999,29.700001,1269.699951,34.039001,1000.700012,33.729000,AA
255.252462,64.202550,58651.069881,,,,,,,,,0000,1.000000,86.899002,00,1,neowise,13.018000,0.031000,12.165000,0.050000,34.900002,21.900000,1250.900024,35.866001,980.260010,44.821999,AA
255.252492,64.202544,58651.331560,,,,,,,,,0000,1.000000,113.065002,00,1,neowise,12.977000,0.030000,12.188000,0.040000,36.700001,26.900000,1299.000000,35.425999,959.710022,35.619999,AA
255.252485,64.202550,58651.200784,,,,,,,,,0000,1.000000,101.380997,00,1,neowise,12.958000,0.028000,12.269000,0.048000,38.200001,22.500000,1321.900024,34.578999,890.520020,39.620998,AA
255.252548,64.202546,59948.469624,,,,,,,,,0000,1.000000,74.632004,00,1,neowise,12.975000,0.034000,12.201000,0.043000,31.700001,25.500000,1301.099976,41.063999,948.700012,37.214001,AA
255.252637,64.202541,59948.599891,,,,,,,,,0000,1.000000,78.009003,00,1,neowise,12.967000,0.029000,12.198000,0.050000,38.000000,21.700001,1311.400024,34.480999,950.659973,43.894001,AA
255.252618,64.202556,59948.730158,,,,,,,,,0000,1.000000,91.410004,00,1,neowise,13.012000,0.035000,12.203000,0.049000,31.299999,22.000000,1257.599976,40.140999,946.369995,42.956001,AA
255.252703,64.202550,59949.251098,,,,,,,,,0000,1.000000,88.536003,00,1,neowise,12.969000,0.039000,12.136000,0.041000,28.100000,26.799999,1308.300049,46.560001,1006.900024,37.581001,AA
255.252617,64.202528,59949.251226,,,,,,,,,0000,1.000000,88.193001,00,1,neowise,12.959000,0.032000,12.157000,0.047000,33.599998,23.200001,1320.500000,39.244999,987.359985,42.533001,AA
255.252596,64.202538,59949.642026,,,,,,,,,0000,1.000000,80.964996,00,1,neowise,12.988000,0.032000,12.135000,0.043000,34.400002,25.200001,1285.500000,37.353001,1007.500000,40.028999,AA
255.252599,64.202551,59949.772293,,,,,,,,,0000,1.000000,97.192001,00,1,neowise,12.975000,0.032000,12.188000,0.039000,33.799999,27.799999,1301.099976,38.499001,960.010010,34.485001,AA
255.252681,64.202544,59949.902560,,,,,,,,,0000,1.000000,113.350998,00,1,neowise,12.969000,0.031000,12.253000,0.043000,35.000000,25.500000,1308.900024,37.397999,904.429993,35.417000,AA
255.252553,64.202541,59950.162966,,,,,,,,,0000,1.000000,99.995003,00,1,neowise,13.012000,0.039000,12.172000,0.046000,28.100000,23.600000,1258.099976,44.817001,973.890015,41.283001,AA
255.252649,64.202523,59950.814301,,,,,,,,,0000,1.000000,103.025002,00,1,neowise,12.959000,0.032000,12.151000,0.053000,33.799999,20.600000,1321.199951,39.130001,993.179993,48.240002,AA
255.252606,64.202542,59950.944568,,,,,,,,,0000,1.000000,117.310997,00,1,neowise,13.023000,0.032000,12.116000,0.043000,33.500000,25.400000,1245.000000,37.188000,1025.199951,40.349998,AA
255.252644,64.202547,59951.074708,,,,,,,,,0000,0.500000,110.820999,00,1,neowise,13.090000,0.036000,12.216000,0.041000,29.900000,26.500000,1170.000000,39.172001,935.669983,35.294998,AA
255.252575,64.202542,59951.335241,,,,,,,,,0000,1.000000,78.720001,00,1,neowise,12.940000,0.029000,12.129000,0.039000,38.000000,28.100000,1344.300049,35.386002,1013.900024,36.037998,AA
255.252622,64.202542,59951.465508,,,,,,,,,0000,1.000000,73.620003,00,1,neowise,12.996000,0.032000,12.126000,0.039000,34.200001,27.600000,1276.800049,37.355000,1016.599976,36.868000,AA
255.252490,64.202502,59950.944441,,,,,,,,,0000,1.000000,116.543999,00,1,neowise,12.928000,0.033000,12.095000,0.040000,33.099998,27.200001,1358.599976,41.053001,1045.900024,38.508999,AA
255.252679,64.202500,59948.860425,,,,,,,,,0000,1.000000,108.341003,00,1,neowise,12.929000,0.032000,12.056000,0.047000,34.400002,23.100000,1357.000000,39.455002,1083.699951,46.833000,AA
255.252602,64.202502,59948.990692,,,,,,,,,0000,1.000000,117.070999,00,1,neowise,12.974000,0.031000,12.097000,0.040000,35.200001,27.000000,1303.000000,37.048000,1044.199951,38.717999,AA
255.252608,64.202499,59949.381365,,,,,,,,,0000,1.000000,76.230003,00,1,neowise,12.967000,0.035000,12.147000,0.037000,31.299999,29.200001,1310.500000,41.811001,996.679993,34.096001,AA
255.252621,64.202521,59950.293233,,,,,,,,,0000,1.000000,83.153000,00,1,neowise,13.020000,0.031000,12.145000,0.066000,34.500000,16.400000,1248.599976,36.209000,998.919983,61.049999,AA
255.252565,64.202517,59951.204974,,,,,,,,,0000,1.000000,94.254997,00,1,neowise,13.006000,0.029000,12.139000,0.038000,37.200001,28.500000,1265.000000,33.995998,1004.599976,35.189999,AA
255.252545,64.202560,59949.902433,,,,,,,,,0000,1.000000,112.880997,00,1,neowise,12.967000,0.032000,12.118000,0.038000,34.400002,28.500000,1310.300049,38.048000,1024.000000,35.971001,AA
255.252582,64.202565,59950.032699,,,,,,,,,0000,1.000000,114.422997,00,1,neowise,12.986000,0.031000,12.129000,0.038000,34.599998,28.400000,1288.400024,37.243999,1013.299988,35.640999,AA
255.252578,64.202584,59950.423500,,,,,,,,,0000,1.000000,73.880997,00,1,neowise,12.938000,0.034000,12.219000,0.041000,32.099998,26.200001,1345.900024,41.890999,932.869995,35.612999,AA
255.252557,64.202559,59950.684034,,,,,,,,,0000,1.000000,85.640999,00,1,neowise,13.012000,0.033000,12.187000,0.042000,32.700001,25.799999,1257.300049,38.423000,960.330017,37.195999,AA
255.252690,64.202537,60475.646285,,,,,,,,,0000,1.000000,89.557999,00,1,neowise,13.013000,0.035000,12.207000,0.051000,31.000000,21.500000,1256.400024,40.534000,943.169983,43.959000,AA
255.252647,64.202543,60477.948300,,,,,,,,,0000,0.500000,82.742996,00,1,neowise,12.982000,0.030000,12.315000,0.054000,36.700001,20.000000,1292.599976,35.248001,853.809998,42.721001,AA
255.252567,64.202551,60478.587790,,,,,,,,,0000,0.500000,94.658997,00,1,neowise,12.978000,0.030000,12.087000,0.043000,36.299999,25.400000,1297.500000,35.705002,1053.000000,41.506001,AA
255.252507,64.202520,60478.076274,,,,,,,,,0000,1.000000,90.806999,00,1,neowise,12.985000,0.029000,12.233000,0.070000,37.000000,15.500000,1288.900024,34.813999,921.090027,59.549999,AA
255.252499,64.202506,60478.459943,,,,,,,,,0000,0.500000,105.161003,00,1,neowise,13.047000,0.030000,12.230000,0.051000,36.299999,21.200001,1217.500000,33.562000,923.500000,43.613998,AA
255.252496,64.202496,60478.715765,,,,,,,,,0000,1.000000,84.989998,00,1,neowise,13.037000,0.035000,12.323000,0.056000,31.200001,19.500000,1229.300049,39.453999,847.250000,43.544998,AA
255.252638,64.202509,60477.692478,,,,,,,,,0000,0.500000,86.044998,00,1,neowise,13.030000,0.032000,12.288000,0.053000,34.299999,20.400000,1236.900024,36.037998,875.450012,42.856998,AA
255.252551,64.202532,60477.820453,,,,,,,,,0000,0.500000,81.371002,00,1,neowise,13.029000,0.030000,12.340000,0.058000,36.400002,18.900000,1237.900024,34.020000,834.809998,44.273998,AA
255.252464,64.202711,60477.692605,,,,,,,,,0000,0.000000,86.154999,00,1,neowise,13.154000,0.041000,12.317000,0.059000,26.400000,18.500000,1103.199951,41.744999,852.580017,46.134998,AA
255.252518,64.202550,60477.308427,,,,,,,,,0000,0.000000,110.469002,00,1,neowise,13.064000,0.036000,12.243000,0.052000,30.100000,20.700001,1199.400024,39.867001,912.599976,44.084999,AA
255.252598,64.202583,60477.436275,,,,,,,,,0000,0.500000,109.857002,00,1,neowise,13.070000,0.038000,12.139000,0.047000,28.299999,23.000000,1191.800049,42.173000,1004.400024,43.613998,AA
255.252532,64.202559,60478.203740,,,,,,,,,0000,1.000000,101.357002,00,1,neowise,13.030000,0.030000,12.143000,0.044000,35.700001,24.700001,1237.400024,34.672001,1000.099976,40.529999,AA
255.252539,64.202559,60478.332096,,,,,,,,,0000,0.500000,110.065002,00,1,neowise,13.034000,0.030000,12.192000,0.049000,36.299999,22.200001,1232.099976,33.951000,956.630005,43.138000,AA
255.252453,64.202565,60475.390591,,,,,,,,,0000,0.500000,108.069000,00,1,neowise,13.011000,0.036000,12.192000,0.046000,29.900000,23.700001,1258.900024,42.173000,956.039978,40.304001,AA
255.252480,64.202558,60477.180580,,,,,,,,,0000,0.500000,98.955002,00,1,neowise,13.059000,0.042000,12.157000,0.044000,25.799999,24.500000,1204.800049,46.679001,987.679993,40.278999,AA
255.252450,64.202558,60477.564249,,,,,,,,,0000,0.500000,98.103996,00,1,neowise,13.039000,0.030000,12.100000,0.049000,35.599998,22.200001,1226.400024,34.401001,1040.900024,46.943001,AA
255.252266,64.202461,60475.517929,,,,,,,,,0000,0.000000,102.484001,00,1,neowise,13.223000,0.032000,12.314000,0.048000,34.000000,22.700001,1035.900024,30.475000,854.710022,37.606998,AA
255.252610,64.202529,58647.275977,,,,,,,,,0000,1.000000,108.532997,00,1,neowise,12.994000,0.034000,12.210000,0.041000,31.799999,26.500000,1278.599976,40.180000,940.690002,35.521999,AA
255.252702,64.202562,58647.668433,,,,,,,,,0000,1.000000,87.031998,00,1,neowise,12.981000,0.033000,12.170000,0.042000,32.500000,25.600000,1293.900024,39.798000,975.799988,38.094002,AA
255.252628,64.202559,58648.322567,,,,,,,,,0000,0.500000,111.945000,00,1,neowise,13.049000,0.031000,12.182000,0.042000,34.799999,25.600000,1215.599976,34.916000,965.239990,37.660999,AA
255.252565,64.202550,58648.976702,,,,,,,,,0000,1.000000,81.269997,00,1,neowise,12.986000,0.029000,12.076000,0.036000,37.799999,29.900000,1288.300049,34.055000,1064.599976,35.652000,AA
255.252610,64.202540,58649.761739,,,,,,,,,0000,1.000000,80.387001,00,1,neowise,12.980000,0.031000,12.293000,0.046000,34.700001,23.400000,1295.199951,37.354000,871.270020,37.308998,AA
255.252467,64.202522,58646.491067,,,,,,,,,0000,0.500000,104.165001,00,1,neowise,13.005000,0.031000,12.104000,0.046000,34.799999,23.400000,1265.699951,36.414001,1036.699951,44.275002,AA
255.252510,64.202540,58647.145202,,,,,,,,,0000,1.000000,96.068001,00,1,neowise,12.974000,0.030000,12.152000,0.052000,36.200001,20.900000,1303.000000,35.990002,992.640015,47.519001,AA
255.252523,64.202509,58647.406881,,,,,,,,,0000,1.000000,110.328003,00,1,neowise,12.885000,0.036000,12.211000,0.049000,29.900000,22.100000,1413.099976,47.297001,939.809998,42.622002,AA
255.252399,64.202511,58648.453471,,,,,,,,,0000,0.500000,107.921997,00,1,neowise,12.997000,0.034000,12.133000,0.039000,31.900000,27.700001,1274.599976,40.002998,1009.500000,36.405998,AA
255.252496,64.202512,58648.584247,,,,,,,,,0000,0.500000,95.485001,00,1,neowise,13.030000,0.034000,12.181000,0.058000,31.900000,18.600000,1237.099976,38.824001,965.760010,51.898998,AA
255.252682,64.202494,58646.229388,,,,,,,,,0000,1.000000,104.500000,00,1,neowise,13.126000,0.046000,12.073000,0.044000,23.600000,24.600000,1132.599976,48.064999,1067.199951,43.342999,AA
255.252569,64.202523,58646.360164,,,,,,,,,0000,0.500000,112.160004,00,1,neowise,13.051000,0.035000,12.316000,0.041000,30.600000,26.200001,1213.199951,39.611000,852.979980,32.563999,AA
255.252522,64.202536,58646.752619,,,,,,,,,0000,1.000000,81.161003,00,1,neowise,13.004000,0.034000,12.208000,0.037000,32.000000,29.000000,1267.199951,39.633999,941.989990,32.464001,AA
255.252538,64.202534,58646.752746,,,,,,,,,0000,1.000000,81.453003,00,1,neowise,12.975000,0.033000,12.201000,0.049000,32.900002,22.299999,1301.599976,39.591999,948.219971,42.455002,AA
255.252608,64.202517,58647.537657,,,,,,,,,0000,0.500000,100.184998,00,1,neowise,12.979000,0.034000,12.171000,0.055000,32.099998,19.700001,1296.800049,40.402000,974.950012,49.375000,AA
255.252608,64.202508,58647.799336,,,,,,,,,0000,1.000000,79.664001,00,1,neowise,12.989000,0.034000,12.135000,0.044000,32.299999,24.600000,1284.599976,39.750999,1008.000000,41.026001,AA
255.252540,64.202504,58648.191791,,,,,,,,,0000,0.500000,100.745003,00,1,neowise,12.996000,0.030000,12.215000,0.041000,36.599998,26.400000,1276.099976,34.894001,936.130005,35.501999,AA
255.252579,64.202524,58649.238381,,,,,,,,,0000,0.000000,105.335999,00,1,neowise,13.033000,0.030000,12.301000,0.055000,36.799999,19.799999,1234.000000,33.540001,865.270020,43.668999,AA
255.252545,64.202503,58649.500060,,,,,,,,,0000,0.500000,104.426003,00,1,neowise,12.966000,0.032000,12.246000,0.040000,34.299999,27.299999,1312.199951,38.209999,909.950012,33.320999,AA
255.252531,64.202518,58649.630836,,,,,,,,,0000,0.500000,90.714996,00,1,neowise,13.000000,0.030000,12.176000,0.040000,35.700001,27.100000,1271.500000,35.622002,970.260010,35.752998,AA
255.252577,64.202464,58649.761612,,,,,,,,,0000,0.500000,79.916000,00,1,neowise,12.982000,0.036000,12.199000,0.039000,29.900000,27.900000,1293.000000,43.203999,950.549988,34.109001,AA
255.252542,64.202531,58649.892515,,,,,,,,,0000,1.000000,78.906998,00,1,neowise,12.979000,0.030000,12.149000,0.037000,36.700001,29.600000,1296.000000,35.339001,995.270020,33.620998,AA
255.252563,64.202519,58650.023291,,,,,,,,,0000,0.000000,83.480003,00,1,neowise,13.054000,0.031000,12.222000,0.042000,34.900002,25.700001,1209.900024,34.662998,930.039978,36.231998,AA
255.252572,64.202520,58650.154194,,,,,,,,,0000,0.500000,96.490997,00,1,neowise,12.970000,0.029000,12.180000,0.041000,37.099998,26.600000,1307.500000,35.242001,966.530029,36.337002,AA
255.252641,64.202608,58648.845926,,,,,,,,,0000,0.500000,78.870003,00,1,neowise,13.049000,0.034000,12.245000,0.063000,31.799999,17.200001,1215.199951,38.270000,910.869995,53.037998,AA
255.252675,64.202605,58649.107605,,,,,,,,,0000,0.500000,91.789001,00,1,neowise,13.051000,0.034000,12.346000,0.045000,31.900000,24.100000,1213.300049,37.977001,830.030029,34.458000,AA
255.252543,64.202595,58645.706539,,,,,,,,,0000,0.500000,85.042999,00,1,neowise,12.936000,0.032000,12.177000,0.038000,34.400002,28.600000,1348.199951,39.174999,969.359985,33.851002,AA
255.252615,64.202575,58646.621843,,,,,,,,,0000,1.000000,91.416000,00,1,neowise,12.945000,0.033000,12.167000,0.054000,32.400002,20.100000,1338.300049,41.292000,979.030029,48.597000,AA
255.252601,64.202559,58647.930112,,,,,,,,,0000,1.000000,80.128998,00,1,neowise,12.931000,0.036000,12.168000,0.044000,29.900000,24.900000,1355.400024,45.334000,977.570007,39.238998,AA
255.252590,64.202561,58648.715023,,,,,,,,,0000,1.000000,83.028999,00,1,neowise,13.080000,0.043000,12.141000,0.039000,25.500000,27.600000,1180.900024,46.374001,1002.599976,36.369999,AA
255.252619,64.202577,58650.284970,,,,,,,,,0000,1.000000,109.626999,00,1,neowise,12.977000,0.028000,12.130000,0.038000,38.299999,28.500000,1298.300049,33.855999,1012.900024,35.577000,AA
255.252492,64.202570,58646.883522,,,,,,,,,0000,1.000000,80.043999,00,1,neowise,12.940000,0.031000,12.184000,0.047000,35.400002,23.299999,1344.099976,37.994999,963.719971,41.330002,AA
255.252388,64.202576,58647.406753,,,,,,,,,0000,1.000000,111.098999,00,1,neowise,13.060000,0.039000,12.159000,0.040000,27.600000,27.200001,1202.800049,43.596001,985.780029,36.263000,AA
255.252468,64.202582,58648.060888,,,,,,,,,0000,1.000000,87.218002,00,1,neowise,13.031000,0.036000,12.187000,0.039000,30.000000,28.000000,1236.099976,41.230000,960.909973,34.292999,AA
255.252056,64.202222,58645.575253,,,,,,,,,0000,0.000000,95.957001,00,1,neowise,13.506000,0.044000,12.426000,0.051000,24.400000,21.200001,797.789978,32.667000,771.250000,36.393002,AA
255.252489,64.202464,58647.014298,,,,,,,,,0000,0.500000,84.128998,00,1,neowise,12.983000,0.035000,12.210000,0.042000,30.700001,25.700001,1292.000000,42.078999,940.549988,36.561001,AA
255.252276,64.202432,58649.369157,,,,,,,,,0000,0.000000,113.257004,00,1,neowise,13.111000,0.038000,12.334000,0.054000,28.400000,20.200001,1148.300049,40.485001,839.080017,41.620998,AA
255.252677,64.202534,59216.866179,,,,,,,,,0000,1.000000,108.107002,00,1,neowise,13.020000,0.034000,12.141000,0.046000,31.799999,23.400000,1248.099976,39.189999,1002.599976,42.923000,AA
255.252637,64.202537,59216.866307,,,,,,,,,0000,1.000000,108.685997,00,1,neowise,12.959000,0.031000,12.159000,0.041000,35.500000,26.799999,1320.199951,37.175999,986.000000,36.823002,AA
255.252612,64.202523,59217.258508,,,,,,,,,0000,1.000000,88.206001,00,1,neowise,12.955000,0.030000,12.145000,0.039000,36.599998,27.799999,1326.000000,36.228001,998.750000,35.952999,AA
255.252699,64.202509,59217.389284,,,,,,,,,0000,1.000000,75.110001,00,1,neowise,12.888000,0.033000,12.178000,0.038000,32.799999,28.600000,1410.199951,42.937000,968.330017,33.880001,AA
255.252719,64.202549,59218.043165,,,,,,,,,0000,1.000000,115.110001,00,1,neowise,12.958000,0.031000,12.237000,0.053000,35.099998,20.600000,1321.699951,37.665001,917.250000,44.494999,AA
255.252636,64.202528,59218.696918,,,,,,,,,0000,1.000000,85.935997,00,1,neowise,12.986000,0.032000,12.116000,0.043000,33.900002,25.000000,1288.199951,38.002998,1025.900024,41.055000,AA
255.252565,64.202551,59218.958471,,,,,,,,,0000,1.000000,117.805000,00,1,neowise,12.964000,0.030000,12.139000,0.040000,35.900002,27.299999,1314.000000,36.624001,1004.500000,36.755001,AA
255.252606,64.202534,59219.220023,,,,,,,,,0000,1.000000,93.149002,00,1,neowise,12.958000,0.031000,12.065000,0.047000,35.500000,23.200001,1322.199951,37.200001,1075.300049,46.412998,AA
255.252664,64.202534,59219.743128,,,,,,,,,0000,0.500000,91.990997,00,1,neowise,12.972000,0.035000,12.165000,0.038000,31.200001,28.700001,1305.300049,41.778000,980.010010,34.118999,AA
255.252584,64.202541,59219.873904,,,,,,,,,0000,1.000000,110.136002,00,1,neowise,12.941000,0.030000,12.107000,0.040000,36.400002,27.000000,1343.000000,36.926998,1034.199951,38.258999,AA
255.252627,64.202546,59220.004680,,,,,,,,,0000,1.000000,118.260002,00,1,neowise,12.936000,0.034000,12.134000,0.038000,32.400002,28.400000,1348.900024,41.673000,1008.900024,35.526001,AA
255.252656,64.202534,59220.658943,,,,,,,,,0000,1.000000,80.274002,00,1,neowise,12.991000,0.030000,12.156000,0.040000,35.900002,27.100000,1281.599976,35.661999,988.330017,36.404999,AA
255.252654,64.202540,59220.789719,,,,,,,,,0000,1.000000,98.834999,00,1,neowise,12.964000,0.029000,12.119000,0.043000,37.900002,25.000000,1314.199951,34.710999,1022.599976,40.825001,AA
255.252675,64.202570,59220.920496,,,,,,,,,0000,1.000000,118.060997,00,1,neowise,12.977000,0.037000,12.194000,0.041000,29.200001,26.500000,1299.099976,44.484001,954.570007,36.008999,AA
255.252483,64.202500,59218.304717,,,,,,,,,0000,1.000000,82.008003,00,1,neowise,12.941000,0.037000,12.177000,0.040000,29.700001,27.299999,1342.699951,45.241001,969.520020,35.490002,AA
255.252539,64.202468,59221.051272,,,,,,,,,0000,1.000000,113.211998,00,1,neowise,12.965000,0.035000,12.171000,0.048000,30.600000,22.500000,1313.099976,42.911999,974.869995,43.323002,AA
255.252586,64.202525,59217.650837,,,,,,,,,0000,1.000000,80.797997,00,1,neowise,12.935000,0.028000,12.193000,0.046000,38.500000,23.600000,1350.500000,35.117001,955.190002,40.401001,AA
255.252662,64.202507,59217.781613,,,,,,,,,0000,1.000000,97.239998,00,1,neowise,12.935000,0.030000,12.173000,0.044000,36.299999,24.500000,1349.500000,37.127998,972.909973,39.735001,AA
255.252599,64.202482,59217.912389,,,,,,,,,0000,1.000000,114.037003,00,1,neowise,12.930000,0.036000,12.190000,0.040000,30.200001,27.200001,1356.000000,44.952999,958.049988,35.207001,AA
255.252559,64.202528,59218.435494,,,,,,,,,0000,1.000000,72.718002,00,1,neowise,12.893000,0.038000,12.114000,0.043000,28.900000,25.299999,1402.699951,48.540001,1027.400024,40.627998,AA
255.252586,64.202526,59218.697046,,,,,,,,,0000,1.000000,85.822998,00,1,neowise,13.024000,0.037000,12.133000,0.047000,29.600000,22.900000,1243.599976,42.080002,1009.900024,44.104000,AA
255.252659,64.202627,59218.827695,,,,,,,,,0000,1.000000,103.635002,00,1,neowise,13.018000,0.036000,12.160000,0.038000,29.900000,28.400000,1250.400024,41.819000,984.559998,34.632999,AA
255.252515,64.202575,59216.604754,,,,,,,,,0000,1.000000,76.882004,00,1,neowise,12.998000,0.030000,12.046000,0.045000,35.799999,23.900000,1273.800049,35.556999,1093.500000,45.783001,AA
255.252644,64.202567,59216.735530,,,,,,,,,0000,1.000000,90.886002,00,1,neowise,12.992000,0.034000,12.152000,0.036000,31.799999,30.100000,1281.099976,40.327999,992.109985,33.006001,AA
255.252611,64.202571,59216.996955,,,,,,,,,0000,1.000000,117.481003,00,2,neowise,13.000000,0.035000,12.126000,0.043000,31.400000,25.100000,1271.199951,40.443001,1016.500000,40.541000,AA
255.252565,64.202553,59216.997083,,,,,,,,,0000,1.000000,118.089996,00,1,neowise,12.927000,0.030000,12.157000,0.040000,36.000000,27.299999,1359.800049,37.741001,987.710022,36.155998,AA
255.252605,64.202570,59218.566270,,,,,,,,,0000,1.000000,74.474998,00,1,neowise,12.959000,0.032000,12.049000,0.041000,34.299999,26.400000,1320.800049,38.501999,1090.500000,41.311001,AA
255.252576,64.202560,59219.350799,,,,,,,,,0000,1.000000,77.397003,00,1,neowise,12.946000,0.029000,12.042000,0.036000,37.200001,29.900000,1336.900024,35.924999,1098.000000,36.705002,AA
255.252563,64.202585,59219.481575,,,,,,,,,0000,1.000000,72.940002,00,1,neowise,12.981000,0.031000,12.134000,0.040000,35.500000,26.900000,1294.000000,36.488998,1008.599976,37.542000,AA
255.252544,64.202554,59219.612351,,,,,,,,,0000,1.000000,76.994003,00,1,neowise,12.937000,0.031000,11.969000,0.045000,35.400002,24.299999,1347.599976,38.051998,1174.000000,48.255001,AA
255.252770,64.202486,59220.135456,,,,,,,,,0000,1.000000,103.501999,00,1,neowise,12.926000,0.031000,12.341000,0.057000,35.000000,19.000000,1361.900024,38.966000,833.969971,43.803001,AA
255.252537,64.202570,59958.889575,,,,,,,,,0000,0.500000,116.382004,00,1,neowise,13.027000,0.033000,12.158000,0.043000,33.099998,25.500000,1240.300049,37.518002,987.179993,38.679001,AA
255.252672,64.202570,60316.815141,,,,,,,,,0000,1.000000,103.282997,00,1,neowise,12.968000,0.040000,12.241000,0.051000,27.299999,21.500000,1309.900024,48.019001,913.940002,42.578999,AA
255.252600,64.202553,60317.331497,,,,,,,,,0000,1.000000,77.023003,00,1,neowise,13.002000,0.030000,12.134000,0.038000,36.700001,28.200001,1268.800049,34.544998,1008.400024,35.727001,AA
255.252641,64.202559,60317.589612,,,,,,,,,0000,1.000000,74.825996,00,1,neowise,13.014000,0.030000,12.090000,0.047000,35.599998,23.000000,1255.000000,35.210999,1050.400024,45.733002,AA
255.252589,64.202545,60317.847726,,,,,,,,,0000,1.000000,108.702003,00,1,neowise,12.971000,0.033000,12.218000,0.043000,32.900002,25.500000,1305.800049,39.643002,933.409973,36.639000,AA
255.252517,64.202514,60317.976720,,,,,,,,,0000,1.000000,120.162003,00,1,neowise,12.980000,0.033000,12.534000,0.064000,32.700001,17.000000,1295.699951,39.625000,698.099976,41.155998,AA
255.252633,64.202503,60318.363828,,,,,,,,,0000,1.000000,73.957001,00,1,neowise,12.999000,0.029000,12.145000,0.038000,37.299999,28.799999,1272.500000,34.099998,998.989990,34.692001,AA
255.252502,64.202569,60317.073383,,,,,,,,,0000,1.000000,109.874001,00,1,neowise,12.810000,0.046000,12.134000,0.040000,23.600000,27.400000,1514.599976,64.274002,1008.400024,36.805000,AA
255.252497,64.202599,60317.460491,,,,,,,,,0000,1.000000,71.570000,00,1,neowise,12.997000,0.034000,12.121000,0.046000,31.900000,23.600000,1275.300049,39.987000,1021.099976,43.299999,AA
255.252607,64.202562,60317.718606,,,,,,,,,0000,1.000000,89.652000,00,1,neowise,12.993000,0.030000,12.204000,0.042000,36.400002,26.000000,1279.900024,35.155998,945.820007,36.323002,AA
255.252564,64.202563,60318.234834,,,,,,,,,0000,1.000000,88.869003,00,1,neowise,12.997000,0.030000,12.164000,0.050000,35.599998,21.799999,1275.099976,35.792000,981.030029,44.980000,AA
255.252485,64.202543,60317.202377,,,,,,,,,0000,1.000000,94.012001,00,1,neowise,13.038000,0.041000,12.172000,0.044000,26.600000,24.799999,1227.500000,46.201000,974.520020,39.250999,AA
255.252737,64.202547,60316.944135,,,,,,,,,0000,1.000000,117.760002,00,1,neowise,13.005000,0.032000,12.478000,0.072000,33.400002,15.200000,1265.699951,37.863998,734.640015,48.435001,AA
255.252743,64.202524,60317.202504,,,,,,,,,0000,1.000000,93.681999,00,1,neowise,12.988000,0.039000,12.157000,0.040000,27.700001,26.900000,1285.699951,46.456001,987.229980,36.643002,AA
255.252825,64.202791,56839.537434,,,,,,,,,0000,0.000000,92.189003,00,1,neowise,13.160000,0.033000,12.388000,0.058000,33.400002,18.600000,1107.800049,33.185001,813.530029,43.775002,AA
255.252585,64.202539,56665.408223,,,,,,,,,0000,1.000000,79.716003,00,1,neowise,12.958000,0.028000,12.288000,0.051000,38.900002,21.500000,1330.500000,34.181000,890.219971,41.438000,AA
255.252635,64.202528,56666.857586,,,,,,,,,0000,1.000000,108.914001,00,1,neowise,12.991000,0.031000,12.183000,0.039000,35.099998,27.500000,1291.199951,36.792000,981.469971,35.699001,AA
255.252646,64.202550,56665.803481,,,,,,,,,0000,0.500000,104.311996,00,1,neowise,12.976000,0.039000,12.215000,0.035000,27.700001,31.100000,1308.400024,47.235001,951.969971,30.604000,AA
255.252613,64.202541,56666.594124,,,,,,,,,0000,1.000000,85.022003,00,1,neowise,12.960000,0.029000,12.183000,0.037000,38.099998,29.299999,1328.000000,34.886002,981.469971,33.507000,AA
255.252657,64.202555,56665.935276,,,,,,,,,0000,1.000000,111.891998,00,1,neowise,12.979000,0.031000,12.188000,0.039000,35.299999,27.700001,1305.300049,36.987999,976.500000,35.195999,AA
255.252540,64.202509,56666.725919,,,,,,,,,0000,1.000000,97.157997,00,1,neowise,12.954000,0.032000,12.180000,0.039000,34.099998,27.600000,1335.900024,39.132000,983.809998,35.707001,AA
255.252577,64.202527,56666.989381,,,,,,,,,0000,1.000000,109.853996,00,1,neowise,12.937000,0.036000,12.184000,0.033000,29.900000,32.799999,1357.400024,45.349998,980.250000,29.858999,AA
255.252544,64.202518,56665.539891,,,,,,,,,0000,1.000000,82.400002,00,1,neowise,12.934000,0.031000,12.150000,0.039000,34.500000,28.000000,1360.699951,39.472000,1011.099976,36.174000,AA
255.252625,64.202567,56667.252971,,,,,,,,,0000,1.000000,85.788002,00,1,neowise,12.979000,0.031000,12.068000,0.039000,34.700001,27.700001,1305.000000,37.618000,1091.599976,39.353001,AA
255.252550,64.202577,56665.671686,,,,,,,,,0000,1.000000,91.511002,00,1,neowise,12.967000,0.031000,12.089000,0.045000,35.200001,24.200001,1319.800049,37.512001,1069.099976,44.138000,AA
255.252554,64.202563,56666.330534,,,,,,,,,0000,1.000000,81.315002,00,1,neowise,12.958000,0.029000,12.169000,0.048000,37.400002,22.700001,1330.400024,35.601002,993.369995,43.786999,AA
255.252623,64.202566,56667.121176,,,,,,,,,0000,1.000000,98.735001,00,1,neowise,12.996000,0.032000,12.203000,0.037000,33.700001,29.200001,1285.500000,38.144001,963.469971,33.029999,AA
255.252482,64.202593,56666.198738,,,,,,,,,0000,1.000000,91.266998,00,1,neowise,12.933000,0.032000,12.092000,0.038000,33.599998,28.700001,1361.900024,40.587002,1065.900024,37.169998,AA
255.252556,64.202539,56837.563701,,,,,,,,,0000,1.000000,89.875000,00,1,neowise,12.924000,0.029000,12.058000,0.049000,37.200001,22.000000,1377.699951,36.995998,1102.000000,50.085999,AA
255.252576,64.202536,56837.958448,,,,,,,,,0000,0.500000,88.072998,00,1,neowise,13.042000,0.034000,12.149000,0.042000,32.200001,26.000000,1234.900024,38.362999,1013.299988,38.993999,AA
255.252576,64.202548,56837.695241,,,,,,,,,0000,1.000000,82.499001,00,1,neowise,12.987000,0.031000,12.112000,0.038000,35.200001,28.700001,1299.400024,36.916000,1048.900024,36.536999,AA
255.252680,64.202566,56838.484734,,,,,,,,,0000,1.000000,96.866997,00,1,neowise,12.902000,0.040000,12.113000,0.039000,27.400000,27.600000,1405.199951,51.198002,1047.300049,37.931999,AA
255.252589,64.202538,56837.432034,,,,,,,,,0000,1.000000,101.228996,00,1,neowise,12.961000,0.039000,12.119000,0.043000,27.799999,25.500000,1330.500000,47.894001,1042.199951,40.805000,AA
255.252596,64.202530,56839.405894,,,,,,,,,0000,1.000000,103.558998,00,1,neowise,12.959000,0.035000,12.194000,0.061000,31.400000,17.799999,1334.099976,42.539001,971.979980,54.687000,AA
255.252599,64.202536,56837.826780,,,,,,,,,0000,1.000000,82.474998,00,1,neowise,13.054000,0.043000,12.138000,0.042000,25.400000,25.900000,1222.199951,48.098000,1023.299988,39.442001,AA
255.252549,64.202542,56836.905747,,,,,,,,,0000,1.000000,85.355003,00,1,neowise,12.945000,0.028000,12.171000,0.040000,38.599998,27.500000,1350.400024,34.944000,992.789978,36.132000,AA
255.252592,64.202534,56838.353194,,,,,,,,,0000,1.000000,106.863998,00,1,neowise,12.959000,0.031000,12.127000,0.063000,35.000000,17.299999,1333.900024,38.071999,1033.900024,59.683998,AA
255.252586,64.202534,56837.037414,,,,,,,,,0000,1.000000,94.787003,00,1,neowise,12.924000,0.032000,12.089000,0.037000,33.700001,29.500000,1377.000000,40.905998,1071.099976,36.257000,AA
255.252435,64.202524,56837.037287,,,,,,,,,0000,0.500000,94.245003,00,1,neowise,13.032000,0.034000,12.220000,0.051000,32.000000,21.299999,1247.099976,38.917000,949.010010,44.625999,AA
255.252539,64.202478,56838.089987,,,,,,,,,0000,1.000000,98.825996,00,1,neowise,12.919000,0.034000,12.114000,0.054000,31.900000,20.100000,1383.000000,43.349998,1046.300049,51.981998,AA
255.252519,64.202507,56839.011147,,,,,,,,,0000,0.500000,92.015999,00,1,neowise,12.974000,0.033000,12.125000,0.039000,32.700001,28.100000,1315.500000,40.259998,1035.800049,36.861000,AA
255.252511,64.202537,56836.774207,,,,,,,,,0000,1.000000,82.750000,00,1,neowise,12.961000,0.030000,12.090000,0.038000,36.500000,28.400000,1331.300049,36.473999,1069.800049,37.720001,AA
255.252462,64.202523,56837.826908,,,,,,,,,0000,1.000000,83.176003,00,1,neowise,12.988000,0.032000,12.044000,0.045000,33.700001,23.900000,1298.900024,38.592999,1116.199951,46.768002,AA
255.252454,64.202497,56838.221527,,,,,,,,,0000,0.000000,108.757004,00,1,neowise,13.079000,0.048000,12.116000,0.039000,22.500000,27.500000,1193.500000,53.125000,1044.400024,37.965000,AA
255.252553,64.202531,56838.747941,,,,,,,,,0000,1.000000,81.787003,00,1,neowise,12.929000,0.034000,12.071000,0.040000,31.500000,27.299999,1371.099976,43.525002,1089.400024,39.901001,AA
255.252551,64.202499,56837.300494,,,,,,,,,0000,1.000000,108.942001,00,1,neowise,12.957000,0.028000,12.123000,0.035000,38.299999,31.200001,1336.400024,34.868000,1038.000000,33.278000,AA
255.252564,64.202516,56837.432161,,,,,,,,,0000,1.000000,100.612000,00,1,neowise,12.940000,0.033000,12.144000,0.039000,33.299999,27.900000,1356.900024,40.792999,1018.599976,36.504002,AA
255.252539,64.202529,56838.616401,,,,,,,,,0000,0.500000,86.136002,00,1,neowise,12.963000,0.032000,12.146000,0.058000,34.200001,18.700001,1328.800049,38.860001,1016.599976,54.402000,AA
255.252514,64.202554,56838.879480,,,,,,,,,0000,1.000000,83.505997,00,1,neowise,13.020000,0.031000,12.198000,0.050000,34.799999,21.500000,1260.699951,36.237000,969.140015,45.007999,AA
255.252500,64.202593,56839.011020,,,,,,,,,0000,0.500000,91.393997,00,1,neowise,13.059000,0.043000,12.254000,0.037000,25.299999,29.100000,1216.099976,48.104000,920.000000,31.587000,AA
255.252521,64.202558,56837.168954,,,,,,,,,0000,1.000000,105.286003,00,1,neowise,12.967000,0.032000,12.136000,0.048000,34.299999,22.600000,1323.900024,38.557999,1025.599976,45.416000,AA
255.252505,64.202557,56838.616273,,,,,,,,,0000,1.000000,86.038002,00,1,neowise,12.990000,0.038000,12.080000,0.037000,28.700001,29.600000,1296.000000,45.087002,1080.300049,36.529999,AA
255.252528,64.202552,56839.274227,,,,,,,,,0000,1.000000,110.575996,00,1,neowise,12.993000,0.029000,12.165000,0.039000,36.799999,28.000000,1292.500000,35.094002,998.919983,35.713001,AA
255.252566,64.202573,56839.405767,,,,,,,,,0000,1.000000,104.014999,00,1,neowise,12.933000,0.033000,12.128000,0.037000,32.799999,29.200001,1366.000000,41.648998,1033.300049,35.411999,AA
255.252467,64.202552,56839.142687,,,,,,,,,0000,0.500000,103.249001,00,1,neowise,12.900000,0.036000,12.180000,0.047000,30.600000,23.200001,1407.900024,46.084999,984.940002,42.459000,AA
255.252472,64.202583,56838.221654,,,,,,,,,0000,0.500000,108.484001,00,1,neowise,13.062000,0.037000,12.290000,0.044000,29.000000,24.900000,1212.599976,41.854000,890.070007,35.800999,AA
255.252711,64.202548,57390.427428,,,,,,,,,0000,1.000000,78.773003,00,1,neowise,12.927000,0.028000,12.001000,0.033000,38.799999,33.400002,1361.500000,35.055000,1137.400024,34.083000,AA
255.252551,64.202543,57390.689618,,,,,,,,,0000,1.000000,90.735001,00,1,neowise,12.994000,0.030000,12.114000,0.033000,35.799999,32.500000,1279.900024,35.770000,1025.099976,31.587000,AA
255.252528,64.202543,57390.820776,,,,,,,,,0000,1.000000,104.453003,00,1,neowise,12.975000,0.028000,12.131000,0.039000,38.500000,27.600000,1303.099976,33.826000,1009.099976,36.543999,AA
255.252675,64.202518,57391.214124,,,,,,,,,0000,1.000000,91.593002,00,1,neowise,12.970000,0.031000,12.164000,0.034000,35.299999,32.299999,1309.099976,37.099998,978.869995,30.313000,AA
255.252619,64.202539,57391.214252,,,,,,,,,0000,1.000000,91.071999,00,1,neowise,12.991000,0.031000,12.176000,0.036000,34.900002,30.000000,1284.000000,36.737999,968.340027,32.299999,AA
255.252625,64.202529,57391.738631,,,,,,,,,0000,1.000000,95.821999,00,1,neowise,12.931000,0.030000,12.147000,0.034000,36.599998,31.799999,1356.800049,37.022999,994.989990,31.287001,AA
255.252613,64.202552,57392.263265,,,,,,,,,0000,1.000000,85.816002,00,1,neowise,12.903000,0.027000,12.100000,0.036000,39.799999,29.799999,1391.400024,34.977001,1038.400024,34.877998,AA
255.252617,64.202558,57392.394297,,,,,,,,,0000,1.000000,78.497002,00,1,neowise,12.997000,0.029000,12.195000,0.038000,37.299999,28.400000,1277.000000,34.245998,951.609985,33.469002,AA
255.252686,64.202521,57392.656614,,,,,,,,,0000,1.000000,87.488998,00,1,neowise,12.958000,0.027000,12.267000,0.043000,39.599998,25.299999,1323.400024,33.387001,890.489990,35.223999,AA
255.252607,64.202537,57392.918804,,,,,,,,,0000,1.000000,112.760002,00,1,neowise,12.979000,0.031000,12.140000,0.035000,34.900002,31.500000,1298.300049,37.237000,1001.400024,31.834000,AA
255.252630,64.202563,57393.181121,,,,,,,,,0000,1.000000,94.486000,00,1,neowise,12.990000,0.030000,12.173000,0.035000,36.500000,30.799999,1284.800049,35.152000,970.989990,31.548000,AA
255.252624,64.202534,57393.443311,,,,,,,,,0000,1.000000,78.002998,00,1,neowise,12.932000,0.030000,12.140000,0.039000,36.099998,27.900000,1355.699951,37.585999,1001.099976,35.935001,AA
255.252667,64.202535,57393.574470,,,,,,,,,0000,1.000000,81.014000,00,1,neowise,12.976000,0.028000,12.158000,0.042000,39.400002,25.600000,1301.699951,33.070999,984.789978,38.437000,AA
255.252645,64.202521,57394.361294,,,,,,,,,0000,1.000000,78.301003,00,1,neowise,12.943000,0.028000,12.171000,0.051000,38.299999,21.299999,1342.000000,35.026001,973.219971,45.716999,AA
255.252572,64.202502,57390.951935,,,,,,,,,0000,1.000000,113.219002,00,1,neowise,12.965000,0.028000,12.154000,0.038000,39.099998,28.500000,1315.099976,33.594002,988.549988,34.631001,AA
255.252626,64.202508,57391.083093,,,,,,,,,0000,1.000000,105.112999,00,1,neowise,13.026000,0.031000,12.222000,0.053000,35.299999,20.299999,1243.400024,35.196999,928.390015,45.645000,AA
255.252625,64.202491,57391.345283,,,,,,,,,0000,1.000000,80.671997,00,1,neowise,12.957000,0.028000,12.160000,0.036000,39.099998,30.200001,1324.599976,33.912998,982.919983,32.573002,AA
255.252644,64.202489,57391.607600,,,,,,,,,0000,1.000000,83.476997,00,1,neowise,12.973000,0.029000,12.160000,0.035000,37.599998,31.100000,1304.699951,34.694000,983.200012,31.591000,AA
255.252559,64.202525,57391.869790,,,,,,,,,0000,1.000000,108.998001,00,1,neowise,13.038000,0.032000,12.169000,0.035000,33.900002,31.100000,1228.800049,36.255001,974.479980,31.357000,AA
255.252633,64.202512,57393.312280,,,,,,,,,0000,1.000000,81.567001,00,1,neowise,12.984000,0.030000,12.145000,0.042000,36.299999,25.600000,1291.800049,35.564999,996.940002,38.998001,AA
255.252615,64.202513,57393.836787,,,,,,,,,0000,1.000000,107.287003,00,1,neowise,12.950000,0.029000,12.131000,0.038000,37.400002,28.900000,1332.599976,35.669998,1009.500000,34.973999,AA
255.252620,64.202517,57394.230135,,,,,,,,,0000,1.000000,88.799004,00,1,neowise,12.978000,0.030000,12.102000,0.077000,36.000000,14.000000,1299.000000,36.068001,1037.099976,73.948997,AA
255.252539,64.202567,57392.000948,,,,,,,,,0000,1.000000,111.447998,00,1,neowise,13.072000,0.033000,12.123000,0.034000,32.900002,32.099998,1191.699951,36.205002,1016.900024,31.688999,AA
255.252593,64.202574,57392.132107,,,,,,,,,0000,1.000000,100.017998,00,1,neowise,12.936000,0.027000,12.118000,0.040000,39.799999,27.200001,1350.900024,33.938999,1022.099976,37.577999,AA
255.252538,64.202548,57392.787772,,,,,,,,,0000,1.000000,101.779999,00,1,neowise,12.996000,0.031000,12.140000,0.036000,35.500000,29.900000,1277.900024,36.034000,1000.700012,33.520000,AA
255.252655,64.202585,57393.049962,,,,,,,,,0000,1.000000,108.181999,00,1,neowise,12.964000,0.030000,12.176000,0.036000,36.700001,30.000000,1315.599976,35.872002,968.090027,32.237999,AA
255.252575,64.202562,57393.705628,,,,,,,,,0000,1.000000,92.596001,00,1,neowise,13.051000,0.034000,12.055000,0.039000,32.400002,27.600000,1214.099976,37.495998,1082.500000,39.202999,AA
255.252511,64.202554,57393.967818,,,,,,,,,0000,1.000000,113.416000,00,1,neowise,12.992000,0.031000,12.103000,0.038000,35.299999,28.299999,1282.500000,36.324001,1035.500000,36.547001,AA
255.252494,64.202554,57390.558586,,,,,,,,,0000,1.000000,80.901001,00,1,neowise,12.813000,0.036000,12.144000,0.036000,30.100000,30.000000,1512.500000,50.280998,997.070007,33.266998,AA
255.252782,64.202609,57391.738759,,,,,,,,,0000,1.000000,96.112999,00,1,neowise,12.844000,0.035000,12.117000,0.035000,31.100000,31.200001,1469.800049,47.270000,1023.000000,32.737999,AA
255.252756,64.202581,57390.689745,,,,,,,,,0000,1.000000,90.783997,00,1,neowise,13.053000,0.034000,12.111000,0.034000,32.299999,32.400002,1212.099976,37.523998,1027.699951,31.726000,AA
255.252628,64.202553,58486.275626,,,,,,,,,0000,1.000000,83.944000,00,1,neowise,12.952000,0.029000,12.077000,0.040000,38.000000,27.299999,1328.500000,34.945999,1062.699951,38.886002,AA
255.252619,64.202532,58487.060920,,,,,,,,,0000,1.000000,111.580002,00,1,neowise,12.968000,0.031000,12.097000,0.035000,35.099998,30.700001,1309.400024,37.268002,1044.099976,33.970001,AA
255.252598,64.202549,58487.322600,,,,,,,,,0000,1.000000,77.999001,00,1,neowise,12.972000,0.028000,12.116000,0.040000,38.299999,27.200001,1304.300049,34.042999,1025.900024,37.736000,AA
255.252565,64.202546,58487.715183,,,,,,,,,0000,0.500000,88.942001,00,1,neowise,13.007000,0.030000,12.159000,0.055000,36.400002,19.600000,1263.699951,34.673000,986.169983,50.338001,AA
255.252610,64.202559,58487.976863,,,,,,,,,0000,1.000000,120.031998,00,1,neowise,12.958000,0.031000,12.150000,0.039000,34.500000,28.200001,1321.900024,38.327999,993.780029,35.264000,AA
255.252596,64.202552,58488.238670,,,,,,,,,0000,1.000000,88.454002,00,1,neowise,12.946000,0.030000,12.164000,0.043000,35.700001,25.299999,1335.900024,37.376999,981.099976,38.854000,AA
255.252647,64.202565,58488.369573,,,,,,,,,0000,1.000000,73.091003,00,1,neowise,12.973000,0.031000,12.167000,0.037000,34.599998,29.200001,1304.099976,37.698002,978.590027,33.556999,AA
255.252647,64.202552,58488.631253,,,,,,,,,0000,1.000000,78.249001,00,1,neowise,12.962000,0.029000,12.185000,0.043000,37.500000,25.200001,1316.400024,35.091000,962.809998,38.276001,AA
255.252677,64.202520,58488.762029,,,,,,,,,0000,1.000000,95.494003,00,1,neowise,13.061000,0.033000,12.204000,0.038000,32.700001,28.500000,1201.699951,36.709000,945.369995,33.148998,AA
255.252641,64.202546,58488.762157,,,,,,,,,0000,1.000000,95.528000,00,1,neowise,12.961000,0.030000,12.125000,0.034000,36.000000,31.700001,1318.099976,36.612999,1017.000000,32.062000,AA
255.252641,64.202533,58489.547323,,,,,,,,,0000,1.000000,71.970001,00,1,neowise,12.992000,0.029000,12.120000,0.041000,37.200001,26.500000,1280.500000,34.446999,1021.799988,38.511002,AA
255.252701,64.202544,58489.678099,,,,,,,,,0000,1.000000,83.814003,00,1,neowise,12.940000,0.040000,12.228000,0.038000,27.000000,28.600000,1343.900024,49.770000,925.229980,32.366001,AA
255.252639,64.202559,58489.939907,,,,,,,,,0000,1.000000,119.727997,00,1,neowise,12.924000,0.032000,12.065000,0.038000,34.400002,28.900000,1363.599976,39.662998,1075.199951,37.220001,AA
255.252628,64.202525,58490.070683,,,,,,,,,0000,1.000000,109.942001,00,1,neowise,12.973000,0.033000,12.188000,0.042000,32.799999,26.100000,1303.500000,39.792000,960.260010,36.723000,AA
255.252593,64.202535,58490.201587,,,,,,,,,0000,1.000000,93.806000,00,1,neowise,13.000000,0.034000,12.080000,0.049000,31.700001,22.299999,1272.000000,40.106998,1059.900024,47.632000,AA
255.252534,64.202500,58486.799113,,,,,,,,,0000,1.000000,100.920998,00,1,neowise,13.007000,0.028000,12.147000,0.041000,38.500000,26.200001,1263.099976,32.791000,997.219971,38.060001,AA
255.252551,64.202526,58486.406529,,,,,,,,,0000,1.000000,72.274002,00,1,neowise,13.020000,0.029000,12.184000,0.037000,37.400002,29.200001,1248.599976,33.393002,963.059998,32.972000,AA
255.252599,64.202521,58486.668209,,,,,,,,,0000,1.000000,82.879997,00,1,neowise,12.988000,0.030000,12.127000,0.042000,35.799999,25.900000,1285.400024,35.855000,1015.599976,39.196999,AA
255.252546,64.202536,58488.369446,,,,,,,,,0000,0.500000,73.857002,00,1,neowise,12.966000,0.031000,12.191000,0.038000,34.799999,28.700001,1312.500000,37.679001,957.400024,33.417000,AA
255.252590,64.202514,58489.023837,,,,,,,,,0000,1.000000,116.931999,00,1,neowise,12.965000,0.033000,12.165000,0.043000,33.200001,25.500000,1313.199951,39.596001,980.010010,38.438000,AA
255.252647,64.202491,58489.416420,,,,,,,,,0000,0.500000,70.828003,00,1,neowise,12.994000,0.034000,12.120000,0.043000,31.600000,25.400000,1278.699951,40.441002,1021.700012,40.250000,AA
255.252574,64.202561,58485.883043,,,,,,,,,0000,0.500000,112.519997,00,1,neowise,12.996000,0.030000,12.204000,0.039000,35.799999,28.200001,1275.900024,35.654999,946.090027,33.570999,AA
255.252597,64.202561,58486.013946,,,,,,,,,0000,1.000000,117.735001,00,1,neowise,12.893000,0.031000,12.208000,0.039000,35.200001,27.500000,1402.800049,39.806000,941.900024,34.250000,AA
255.252675,64.202575,58486.668337,,,,,,,,,0000,1.000000,82.674004,00,1,neowise,13.064000,0.034000,12.136000,0.040000,31.900000,27.299999,1199.000000,37.603001,1007.200012,36.936001,AA
255.252598,64.202564,58486.930017,,,,,,,,,0000,1.000000,117.795998,00,1,neowise,13.037000,0.030000,12.233000,0.049000,35.900002,22.400000,1229.000000,34.222000,920.500000,41.147999,AA
255.252636,64.202579,58487.060793,,,,,,,,,0000,1.000000,112.044998,00,1,neowise,13.003000,0.031000,12.106000,0.036000,35.200001,30.000000,1268.199951,36.050999,1035.500000,34.574001,AA
255.252645,64.202589,58487.453504,,,,,,,,,0000,1.000000,70.952003,00,1,neowise,13.037000,0.030000,12.112000,0.038000,36.200001,28.500000,1229.300049,33.959999,1029.900024,36.179001,AA
255.252664,64.202575,58487.584280,,,,,,,,,0000,1.000000,74.740997,00,1,neowise,12.930000,0.028000,12.079000,0.038000,39.200001,28.600000,1356.900024,34.629002,1060.800049,37.076000,AA
255.252570,64.202570,58487.846087,,,,,,,,,0000,1.000000,108.150002,00,1,neowise,12.962000,0.029000,12.214000,0.050000,37.900002,21.900000,1317.500000,34.720001,937.489990,42.789001,AA
255.252634,64.202570,58488.892933,,,,,,,,,0000,1.000000,114.401001,00,1,neowise,12.953000,0.029000,12.159000,0.040000,37.200001,27.100000,1327.500000,35.695000,986.090027,36.362000,AA
255.252607,64.202564,58489.809003,,,,,,,,,0000,0.500000,102.630997,00,1,neowise,12.932000,0.038000,12.174000,0.048000,28.200001,22.400000,1353.599976,47.995998,972.710022,43.363998,AA
255.252499,64.202438,58489.285516,,,,,,,,,0000,1.000000,82.010002,00,1,neowise,12.963000,0.040000,12.208000,0.039000,27.200001,27.799999,1315.599976,48.292999,942.270020,33.886002,AA
255.252576,64.202540,59583.920300,,,,,,,,,0000,1.000000,117.130997,00,1,neowise,12.952000,0.029000,12.081000,0.044000,37.900002,24.799999,1328.699951,35.044998,1059.099976,42.728001,AA
255.252621,64.202539,59584.050948,,,,,,,,,0000,1.000000,113.351997,00,1,neowise,12.958000,0.035000,12.149000,0.040000,30.900000,27.299999,1321.800049,42.821999,994.549988,36.390999,AA
255.252637,64.202531,59584.181597,,,,,,,,,0000,1.000000,96.922997,00,1,neowise,12.923000,0.031000,12.195000,0.043000,34.799999,25.500000,1365.199951,39.280998,954.010010,37.414001,AA
255.252626,64.202522,59584.442895,,,,,,,,,0000,1.000000,70.804001,00,1,neowise,13.014000,0.031000,12.106000,0.035000,34.799999,31.299999,1255.699951,36.084000,1034.900024,33.053001,AA
255.252616,64.202552,59584.573544,,,,,,,,,0000,1.000000,73.438004,00,1,neowise,13.006000,0.040000,12.132000,0.046000,27.200001,23.500000,1265.000000,46.584999,1010.900024,43.075001,AA
255.252610,64.202539,59584.704320,,,,,,,,,0000,1.000000,87.009003,00,1,neowise,13.021000,0.035000,12.156000,0.040000,30.600000,27.000000,1247.300049,40.700001,988.169983,36.578999,AA
255.252624,64.202545,59584.834969,,,,,,,,,0000,1.000000,106.382004,00,1,neowise,12.987000,0.030000,12.121000,0.043000,36.000000,25.500000,1287.400024,35.726002,1020.799988,40.021999,AA
255.252668,64.202515,59585.096267,,,,,,,,,0000,1.000000,106.546997,00,1,neowise,12.960000,0.032000,12.053000,0.071000,34.099998,15.400000,1319.500000,38.721001,1086.800049,70.677002,AA
255.252611,64.202560,59585.226916,,,,,,,,,0000,1.000000,90.313004,00,1,neowise,12.983000,0.031000,12.080000,0.041000,35.299999,26.500000,1291.900024,36.551998,1060.599976,40.069000,AA
255.252625,64.202553,59585.618989,,,,,,,,,0000,1.000000,76.251999,00,1,neowise,12.954000,0.031000,12.159000,0.040000,34.900002,27.200001,1327.099976,37.979000,985.390015,36.286999,AA
255.252652,64.202550,59585.880287,,,,,,,,,0000,1.000000,113.212997,00,1,neowise,12.986000,0.030000,12.093000,0.044000,35.700001,25.000000,1288.199951,36.119999,1047.300049,41.967999,AA
255.252692,64.202541,59586.664307,,,,,,,,,0000,0.500000,81.439003,00,1,neowise,12.906000,0.032000,12.125000,0.041000,34.200001,26.299999,1386.599976,40.522999,1017.500000,38.727001,AA
255.252663,64.202544,59586.794956,,,,,,,,,0000,1.000000,100.292000,00,1,neowise,12.909000,0.031000,12.151000,0.038000,34.700001,28.500000,1383.099976,39.851002,992.799988,34.874001,AA
255.252613,64.202551,59586.925605,,,,,,,,,0000,1.000000,118.703003,00,1,neowise,13.009000,0.029000,12.160000,0.043000,36.799999,25.400000,1261.599976,34.278000,985.270020,38.819000,AA
255.252657,64.202523,59587.056254,,,,,,,,,0000,1.000000,111.939003,00,1,neowise,12.948000,0.029000,12.193000,0.049000,36.799999,22.299999,1333.500000,36.209000,955.090027,42.879002,AA
255.252502,64.202513,59586.010936,,,,,,,,,0000,1.000000,119.127998,00,1,neowise,12.992000,0.039000,12.127000,0.043000,27.700001,25.500000,1280.500000,46.256001,1015.799988,39.849998,AA
255.252543,64.202531,59583.789651,,,,,,,,,0000,1.000000,99.271004,00,1,neowise,12.937000,0.034000,12.118000,0.037000,31.600000,29.100000,1348.099976,42.639999,1023.799988,35.165001,AA
255.252594,64.202508,59584.312246,,,,,,,,,0000,1.000000,78.945999,00,1,neowise,12.954000,0.030000,12.157000,0.042000,35.599998,26.000000,1326.699951,37.240002,987.390015,38.007999,AA
255.252550,64.202524,59584.704192,,,,,,,,,0000,1.000000,87.078003,00,1,neowise,12.973000,0.035000,12.168000,0.039000,31.200001,27.900000,1303.099976,41.772999,977.400024,34.993000,AA
255.252588,64.202505,59586.402882,,,,,,,,,0000,1.000000,71.281998,00,1,neowise,13.031000,0.032000,12.146000,0.042000,34.099998,25.799999,1236.199951,36.297001,997.750000,38.637001,AA
255.252683,64.202594,59585.357564,,,,,,,,,0000,1.000000,74.185997,00,1,neowise,12.854000,0.042000,12.143000,0.040000,25.700001,27.000000,1455.199951,56.543999,1000.200012,37.105999,AA
255.252615,64.202573,59583.659002,,,,,,,,,0000,1.000000,81.210999,00,1,neowise,12.981000,0.030000,12.127000,0.050000,36.500000,21.900000,1293.599976,35.403000,1015.599976,46.452999,AA
255.252598,64.202573,59585.749638,,,,,,,,,0000,1.000000,93.338997,00,1,neowise,12.909000,0.036000,12.186000,0.043000,30.600000,25.400000,1382.699951,45.234001,961.789978,37.912998,AA
255.252553,64.202560,59586.272233,,,,,,,,,0000,1.000000,83.695999,00,1,neowise,12.984000,0.037000,12.139000,0.040000,29.600000,27.400000,1290.500000,43.618000,1004.299988,36.645000,AA
255.252432,64.202531,59586.664180,,,,,,,,,0000,0.500000,81.674004,00,1,neowise,12.976000,0.034000,12.193000,0.040000,32.099998,27.299999,1300.199951,40.523998,955.349976,34.966000,AA
255.252756,64.202562,59584.965617,,,,,,,,,0000,1.000000,121.149002,00,1,neowise,12.964000,0.029000,11.993000,0.051000,37.799999,21.500000,1314.599976,34.818001,1149.099976,53.483002,AA
255.252640,64.202556,60309.845545,,,,,,,,,0000,1.000000,105.518997,00,1,neowise,13.037000,0.030000,12.117000,0.037000,35.700001,29.000000,1228.699951,34.431999,1024.900024,35.305000,AA
255.252650,64.202529,60310.232653,,,,,,,,,0000,1.000000,91.977997,00,1,neowise,12.972000,0.029000,12.131000,0.039000,37.799999,28.100000,1304.900024,34.529999,1011.299988,35.953999,AA
255.252599,64.202550,60310.490767,,,,,,,,,0000,1.000000,76.134003,00,1,neowise,12.956000,0.028000,12.119000,0.036000,38.799999,30.000000,1324.300049,34.132999,1023.099976,34.054001,AA
255.252707,64.202558,60310.878002,,,,,,,,,0000,1.000000,108.987999,00,1,neowise,13.001000,0.030000,12.182000,0.038000,36.599998,28.299999,1270.400024,34.707001,965.599976,34.113998,AA
255.252716,64.202553,60311.006996,,,,,,,,,0000,0.500000,114.863998,00,1,neowise,12.939000,0.028000,12.184000,0.040000,38.599998,27.000000,1344.699951,34.811001,962.989990,35.661999,AA
255.252623,64.202544,60311.394231,,,,,,,,,0000,0.500000,76.987000,00,1,neowise,13.027000,0.029000,12.181000,0.045000,37.000000,24.400000,1240.000000,33.516998,965.780029,39.627998,AA
255.252503,64.202519,60310.361646,,,,,,,,,0000,1.000000,79.255997,00,1,neowise,12.994000,0.031000,12.156000,0.036000,35.200001,30.100000,1278.199951,36.354000,988.340027,32.858002,AA
255.252583,64.202520,60310.619888,,,,,,,,,0000,1.000000,80.026001,00,1,neowise,13.014000,0.031000,12.222000,0.042000,34.599998,25.700001,1255.099976,36.235001,930.510010,36.162998,AA
255.252560,64.202476,60310.748881,,,,,,,,,0000,0.500000,93.348000,00,1,neowise,12.987000,0.029000,12.209000,0.044000,37.799999,24.799999,1286.599976,34.055000,941.349976,38.028999,AA
255.252588,64.202523,60311.265110,,,,,,,,,0000,0.500000,88.240997,00,1,neowise,13.004000,0.032000,12.053000,0.036000,34.299999,30.200001,1266.900024,36.939999,1087.099976,36.046001,AA
255.252607,64.202572,60309.716424,,,,,,,,,0000,1.000000,89.492996,00,1,neowise,12.953000,0.028000,12.204000,0.039000,38.500000,28.200001,1328.199951,34.462002,946.090027,33.555000,AA
255.252577,64.202563,60309.974539,,,,,,,,,0000,0.500000,116.056000,00,1,neowise,13.005000,0.032000,12.160000,0.036000,34.200001,30.299999,1265.599976,37.050999,984.619995,32.511002,AA
255.252614,64.202578,60309.974666,,,,,,,,,0000,1.000000,116.724998,00,1,neowise,13.037000,0.039000,12.130000,0.037000,28.000000,29.200001,1229.500000,43.841000,1012.200012,34.689999,AA
255.252528,64.202589,60311.265237,,,,,,,,,0000,0.500000,87.681999,00,1,neowise,13.010000,0.036000,12.246000,0.052000,30.500000,21.000000,1260.500000,41.275002,909.570007,43.264999,AA
255.252464,64.202542,60310.361774,,,,,,,,,0000,1.000000,78.742996,00,1,neowise,12.973000,0.031000,,,34.700001,,1304.199951,37.615002,,,AX
255.252926,64.202687,57204.217319,,,,,,,,,0000,0.000000,108.070999,00,1,neowise,13.205000,0.044000,12.382000,0.041000,24.900000,26.600000,1052.400024,42.245998,804.320007,30.226000,AA
255.252540,64.202540,57199.755926,,,,,,,,,0000,1.000000,81.339996,00,1,neowise,12.988000,0.030000,12.163000,0.042000,36.500000,26.100000,1284.800049,35.247002,983.900024,37.700001,AA
255.252591,64.202531,57204.479635,,,,,,,,,0000,1.000000,100.192001,00,1,neowise,12.908000,0.030000,12.148000,0.042000,35.799999,25.600000,1382.900024,38.588001,997.489990,38.891998,AA
255.252563,64.202538,57200.936856,,,,,,,,,0000,1.000000,84.470001,00,1,neowise,12.974000,0.032000,12.120000,0.044000,33.400002,24.500000,1301.199951,38.946999,1023.700012,41.835999,AA
255.252613,64.202532,57201.199299,,,,,,,,,0000,1.000000,106.614998,00,1,neowise,12.952000,0.032000,12.201000,0.042000,34.000000,26.100000,1328.500000,39.131001,950.020020,36.390999,AA
255.252640,64.202562,57201.199426,,,,,,,,,0000,1.000000,106.519997,00,1,neowise,12.962000,0.033000,12.093000,0.045000,32.599998,24.400000,1316.800049,40.442001,1048.900024,43.000000,AA
255.252585,64.202547,57203.036400,,,,,,,,,0000,1.000000,91.388000,00,1,neowise,13.015000,0.030000,12.127000,0.035000,36.500000,31.200001,1253.599976,34.388000,1017.000000,32.549999,AA
255.252626,64.202556,57200.280812,,,,,,,,,0000,1.000000,110.620003,00,1,neowise,13.026000,0.031000,12.194000,0.037000,34.700001,29.400000,1241.099976,35.789001,955.809998,32.463001,AA
255.252578,64.202540,57200.805698,,,,,,,,,0000,1.000000,81.420998,00,1,neowise,12.963000,0.030000,12.169000,0.041000,35.799999,26.500000,1314.500000,36.714001,978.349976,36.969002,AA
255.252488,64.202534,57203.954888,,,,,,,,,0000,1.000000,85.019997,00,1,neowise,13.006000,0.029000,12.195000,0.036000,37.900002,29.799999,1264.400024,33.395000,955.250000,32.088001,AA
255.252510,64.202515,57200.412097,,,,,,,,,0000,1.000000,104.380997,00,1,neowise,12.969000,0.029000,12.166000,0.040000,37.299999,26.799999,1308.300049,35.063999,980.849976,36.568001,AA
255.252502,64.202503,57200.543255,,,,,,,,,0000,1.000000,93.097000,00,1,neowise,12.917000,0.031000,12.146000,0.036000,35.500000,29.900000,1371.699951,38.646000,999.409973,33.479000,AA
255.252466,64.202533,57201.593027,,,,,,,,,0000,0.000000,88.788002,00,1,neowise,13.063000,0.030000,12.194000,0.046000,36.000000,23.799999,1199.500000,33.300999,956.299988,40.223999,AA
255.252515,64.202533,57203.561159,,,,,,,,,0000,0.500000,91.903999,00,1,neowise,12.936000,0.027000,12.216000,0.047000,40.700001,23.200001,1348.699951,33.144001,936.960022,40.463001,AA
255.252485,64.202531,57200.674540,,,,,,,,,0000,1.000000,83.487000,00,1,neowise,12.953000,0.032000,12.117000,0.037000,33.900002,29.400000,1326.800049,39.146000,1026.500000,34.882000,AA
255.252467,64.202508,57202.905115,,,,,,,,,0000,0.500000,81.941002,00,1,neowise,12.965000,0.028000,12.252000,0.036000,39.299999,29.900000,1312.500000,33.382999,906.349976,30.356001,AA
255.252493,64.202534,57200.936983,,,,,,,,,0000,1.000000,85.237999,00,1,neowise,12.898000,0.031000,12.105000,0.036000,35.599998,30.400000,1396.199951,39.228001,1037.900024,34.143002,AA
255.252538,64.202490,57203.298716,,,,,,,,,0000,1.000000,112.374001,00,1,neowise,13.044000,0.034000,12.149000,0.033000,32.200001,32.900002,1220.099976,37.908001,996.210022,30.235001,AA
255.252572,64.202503,57200.018369,,,,,,,,,0000,0.500000,90.934998,00,1,neowise,12.979000,0.030000,12.162000,0.040000,36.299999,27.000000,1295.800049,35.715000,984.849976,36.493000,AA
255.252592,64.202509,57202.642672,,,,,,,,,0000,1.000000,84.813004,00,1,neowise,12.968000,0.032000,12.204000,0.039000,34.000000,27.500000,1308.900024,38.515999,946.789978,34.443001,AA
255.252535,64.202535,57199.887211,,,,,,,,,0000,1.000000,83.484001,00,1,neowise,12.943000,0.028000,12.181000,0.040000,38.400002,27.100000,1339.699951,34.855000,967.119995,35.749001,AA
255.252574,64.202528,57202.773957,,,,,,,,,0000,0.000000,80.105003,00,1,neowise,13.093000,0.032000,12.227000,0.040000,33.599998,27.000000,1166.599976,34.728001,927.210022,34.293999,AA
255.252628,64.202502,57203.167558,,,,,,,,,0000,1.000000,103.962997,00,1,neowise,12.950000,0.029000,12.151000,0.052000,37.900002,20.700001,1331.300049,35.109001,994.190002,47.972000,AA
255.252586,64.202487,57200.149654,,,,,,,,,0000,0.500000,102.667000,00,1,neowise,12.984000,0.031000,12.176000,0.046000,35.400002,23.500000,1289.500000,36.384998,971.880005,41.383999,AA
255.252643,64.202501,57203.036273,,,,,,,,,0000,1.000000,90.793999,00,1,neowise,12.945000,0.029000,12.171000,0.040000,37.700001,26.900000,1336.300049,35.428001,976.239990,36.353001,AA
255.252614,64.202576,57204.348477,,,,,,,,,0000,1.000000,110.296997,00,1,neowise,12.954000,0.027000,12.130000,0.043000,39.700001,25.100000,1325.900024,33.423000,1013.900024,40.411999,AA
255.252506,64.202561,57201.330584,,,,,,,,,0000,1.000000,109.691002,00,1,neowise,12.941000,0.029000,12.130000,0.036000,37.400002,30.000000,1342.400024,35.916000,1014.299988,33.855999,AA
255.252516,64.202549,57202.511514,,,,,,,,,0000,0.000000,96.429001,00,1,neowise,13.043000,0.034000,12.401000,0.041000,31.900000,26.700001,1221.900024,38.247002,789.859985,29.584999,AA
255.252555,64.202563,57203.823602,,,,,,,,,0000,1.000000,80.441002,00,1,neowise,12.948000,0.027000,12.184000,0.039000,39.500000,27.900000,1333.199951,33.756001,964.460022,34.509998,AA
255.252562,64.202580,57204.217192,,,,,,,,,0000,1.000000,108.188004,00,1,neowise,12.997000,0.030000,12.101000,0.036000,36.500000,30.500000,1274.199951,34.943001,1041.000000,34.088001,AA
255.252590,64.202574,57202.117786,,,,,,,,,0000,1.000000,99.259003,00,1,neowise,13.017000,0.033000,12.131000,0.037000,32.799999,29.500000,1251.099976,38.174999,1013.099976,34.340000,AA
255.252583,64.202591,57204.086034,,,,,,,,,0000,1.000000,96.066002,00,1,neowise,12.949000,0.027000,12.156000,0.035000,40.500000,31.299999,1332.500000,32.896999,990.349976,31.667999,AA
255.252538,64.202603,57201.986628,,,,,,,,,0000,0.500000,87.433998,00,1,neowise,13.022000,0.039000,12.214000,0.041000,28.200001,26.400000,1245.000000,44.203999,938.630005,35.601002,AA
255.252568,64.202564,57199.624768,,,,,,,,,0000,1.000000,86.470001,00,1,neowise,12.951000,0.029000,12.099000,0.037000,37.200001,29.500000,1329.900024,35.756001,1043.500000,35.338001,AA
255.252535,64.202560,57202.249071,,,,,,,,,0000,1.000000,110.013000,00,1,neowise,12.981000,0.032000,12.106000,0.035000,34.000000,30.600000,1293.099976,38.014999,1036.599976,33.865002,AA
255.252583,64.202580,57201.461742,,,,,,,,,0000,1.000000,100.936996,00,1,neowise,13.020000,0.032000,12.168000,0.036000,34.299999,30.299999,1247.599976,36.402000,978.989990,32.271999,AA
255.252540,64.202549,57201.068141,,,,,,,,,0000,0.500000,95.054001,00,1,neowise,12.938000,0.034000,12.183000,0.040000,31.799999,27.500000,1345.599976,42.379002,965.859985,35.160999,AA
255.252526,64.202545,57202.380229,,,,,,,,,0000,0.500000,108.144997,00,1,neowise,13.067000,0.030000,12.159000,0.040000,36.500000,27.000000,1194.800049,32.737000,987.090027,36.509998,AA
255.252422,64.202536,57201.724185,,,,,,,,,0000,0.500000,80.968002,00,1,neowise,13.031000,0.029000,12.169000,0.039000,36.900002,28.100000,1235.300049,33.493000,978.400024,34.854000,AA
255.252499,64.202551,57203.692444,,,,,,,,,0000,1.000000,81.686996,00,1,neowise,12.950000,0.027000,12.136000,0.041000,39.799999,26.600000,1331.400024,33.430000,1008.700012,37.988998,AA
255.252499,64.202547,57203.430001,,,,,,,,,0000,0.500000,104.589996,00,1,neowise,12.972000,0.028000,12.224000,0.039000,38.400002,27.799999,1304.300049,33.931000,929.640015,33.479000,AA
255.252506,64.202547,57201.855470,,,,,,,,,0000,0.500000,81.786003,00,1,neowise,12.981000,0.029000,12.176000,0.053000,37.900002,20.500000,1292.800049,34.077999,972.299988,47.358002,AA
255.252598,64.202533,58127.008230,,,,,,,,,0000,1.000000,117.852997,00,1,neowise,12.945000,0.028000,12.135000,0.041000,38.200001,26.600000,1337.800049,34.987000,1008.099976,37.907001,AA
255.252696,64.202559,58127.138624,,,,,,,,,0000,1.000000,102.295998,00,1,neowise,12.979000,0.035000,12.185000,0.041000,31.100000,26.500000,1296.300049,41.702999,962.750000,36.363998,AA
255.252650,64.202549,58127.138751,,,,,,,,,0000,1.000000,102.079002,00,1,neowise,12.931000,0.031000,12.124000,0.039000,35.099998,28.100000,1355.300049,38.654999,1018.599976,36.275002,AA
255.252577,64.202544,58127.269655,,,,,,,,,0000,1.000000,84.342003,00,1,neowise,13.025000,0.032000,12.162000,0.039000,33.900002,28.200001,1243.199951,36.653000,982.880005,34.894001,AA
255.252543,64.202529,58126.877326,,,,,,,,,0000,1.000000,113.740997,00,1,neowise,12.986000,0.029000,12.186000,0.036000,37.599998,30.200001,1287.900024,34.269001,961.630005,31.796000,AA
255.252628,64.202513,58127.400558,,,,,,,,,0000,0.500000,73.654999,00,1,neowise,13.003000,0.036000,12.074000,0.038000,30.400000,28.500000,1268.400024,41.730000,1066.400024,37.473000,AA
255.252609,64.202553,59214.381687,,,,,,,,,0000,1.000000,76.386002,00,1,neowise,12.999000,0.029000,12.219000,0.040000,37.500000,27.299999,1272.599976,33.911999,933.250000,34.129002,AA
255.252604,64.202535,59214.774016,,,,,,,,,0000,1.000000,96.051003,00,1,neowise,12.974000,0.029000,12.108000,0.038000,37.700001,28.600000,1302.099976,34.567001,1032.900024,36.151001,AA
255.252671,64.202564,59214.904792,,,,,,,,,0000,1.000000,112.746002,00,1,neowise,12.958000,0.036000,12.163000,0.042000,30.400000,25.900000,1321.400024,43.495998,982.580017,38.008999,AA
255.252620,64.202539,59215.035441,,,,,,,,,0000,1.000000,115.043999,00,1,neowise,12.977000,0.033000,12.094000,0.037000,33.099998,29.100000,1299.199951,39.199001,1046.900024,35.926998,AA
255.252713,64.202547,59215.035568,,,,,,,,,0000,0.500000,115.353996,00,1,neowise,13.070000,0.040000,12.152000,0.043000,27.200001,25.200001,1192.400024,43.818001,992.359985,39.374001,AA
255.252588,64.202529,59215.689321,,,,,,,,,0000,1.000000,85.151001,00,1,neowise,12.992000,0.029000,12.106000,0.037000,37.799999,29.600000,1280.500000,33.855000,1035.599976,35.026001,AA
255.252548,64.202549,59215.820097,,,,,,,,,0000,1.000000,102.265999,00,1,neowise,12.966000,0.028000,12.138000,0.035000,38.099998,30.900000,1312.300049,34.430000,1005.099976,32.494999,AA
255.252592,64.202528,59215.950874,,,,,,,,,0000,1.000000,116.646004,00,1,neowise,12.996000,0.029000,12.143000,0.043000,37.900002,25.500000,1275.800049,33.623001,1000.099976,39.245998,AA
255.252617,64.202553,59216.081650,,,,,,,,,0000,1.000000,111.171997,00,1,neowise,12.958000,0.028000,12.172000,0.044000,38.299999,24.700001,1321.599976,34.495998,973.909973,39.391998,AA
255.252608,64.202558,59216.473978,,,,,,,,,0000,1.000000,73.445999,00,1,neowise,13.024000,0.031000,12.163000,0.040000,35.599998,26.900000,1244.199951,34.966000,981.809998,36.438000,AA
255.252499,64.202493,59216.212426,,,,,,,,,0000,1.000000,94.487999,00,1,neowise,13.034000,0.031000,12.162000,0.037000,34.599998,29.600000,1232.699951,35.655998,982.820007,33.209999,AA
255.252576,64.202496,59215.296993,,,,,,,,,0000,0.500000,83.990997,00,1,neowise,12.919000,0.033000,12.105000,0.037000,33.299999,29.600000,1370.599976,41.193001,1036.400024,35.008999,AA
255.252616,64.202506,59215.427769,,,,,,,,,0000,0.500000,74.212997,00,1,neowise,13.000000,0.030000,12.106000,0.051000,36.500000,21.400000,1271.599976,34.827999,1035.500000,48.400002,AA
255.252562,64.202509,59215.558545,,,,,,,,,0000,1.000000,75.160004,00,1,neowise,12.951000,0.028000,12.145000,0.039000,38.599998,27.900000,1329.900024,34.490002,998.909973,35.819000,AA
255.252568,64.202567,59214.643239,,,,,,,,,0000,1.000000,80.334999,00,1,neowise,13.010000,0.031000,12.166000,0.039000,35.099998,28.000000,1259.400024,35.881001,979.429993,34.930000,AA
255.252630,64.202573,59216.343202,,,,,,,,,0000,1.000000,78.695999,00,1,neowise,12.995000,0.029000,12.187000,0.046000,38.000000,23.700001,1277.099976,33.646999,960.359985,40.473000,AA
255.252629,64.202530,59581.437717,,,,,,,,,0000,1.000000,71.561996,00,1,neowise,12.983000,0.028000,12.166000,0.040000,38.500000,26.799999,1292.099976,33.542000,979.760010,36.497002,AA
255.252561,64.202539,59581.568366,,,,,,,,,0000,0.500000,73.785004,00,1,neowise,12.977000,0.028000,12.184000,0.036000,38.200001,30.200001,1299.400024,33.978001,963.789978,31.952000,AA
255.252634,64.202535,59581.829664,,,,,,,,,0000,1.000000,105.066002,00,1,neowise,12.995000,0.032000,12.118000,0.040000,34.000000,27.500000,1277.500000,37.528999,1024.099976,37.284000,AA
255.252694,64.202562,59581.960440,,,,,,,,,0000,1.000000,120.022003,00,1,neowise,12.888000,0.030000,12.184000,0.041000,36.200001,26.799999,1409.599976,38.965000,963.090027,35.936001,AA
255.252534,64.202539,59582.874982,,,,,,,,,0000,1.000000,111.742996,00,1,neowise,13.000000,0.030000,12.095000,0.036000,36.299999,30.000000,1271.099976,35.035000,1045.199951,34.897999,AA
255.252613,64.202508,59582.613684,,,,,,,,,0000,1.000000,76.585999,00,1,neowise,12.949000,0.028000,12.173000,0.044000,38.599998,24.799999,1333.099976,34.551998,972.809998,39.209999,AA
255.252586,64.202562,59581.699015,,,,,,,,,0000,0.500000,86.461998,00,1,neowise,12.995000,0.029000,12.158000,0.041000,37.599998,26.400000,1276.900024,33.941002,987.190002,37.456001,AA
255.252619,64.202580,59582.221738,,,,,,,,,0000,1.000000,91.388000,00,1,neowise,12.966000,0.029000,12.246000,0.039000,37.799999,27.799999,1311.699951,34.719002,910.219971,32.706001,AA
255.252568,64.202555,59582.352387,,,,,,,,,0000,1.000000,75.216003,00,1,neowise,12.933000,0.029000,12.063000,0.038000,37.299999,28.500000,1352.099976,36.224998,1076.900024,37.823002,AA
255.252599,64.202559,59582.744333,,,,,,,,,0000,1.000000,92.666000,00,1,neowise,13.025000,0.029000,12.192000,0.040000,37.400002,27.200001,1242.300049,33.257999,956.650024,35.119999,AA
255.252544,64.202552,59583.005631,,,,,,,,,0000,1.000000,118.759003,00,1,neowise,12.925000,0.029000,12.154000,0.039000,37.099998,27.600000,1362.300049,36.671001,990.359985,35.907001,AA
255.252527,64.202567,59583.266928,,,,,,,,,0000,0.500000,85.134003,00,1,neowise,12.974000,0.032000,12.107000,0.034000,34.099998,31.799999,1302.599976,38.228001,1034.699951,32.488998,AA
255.252577,64.202582,59583.267056,,,,,,,,,0000,0.500000,84.768997,00,1,neowise,13.022000,0.032000,12.105000,0.036000,34.099998,30.400000,1246.000000,36.566002,1036.099976,34.042999,AA
255.252603,64.202566,59583.397704,,,,,,,,,0000,1.000000,72.018997,00,1,neowise,12.986000,0.032000,12.098000,0.042000,33.900002,26.000000,1287.900024,38.028999,1042.400024,40.152000,AA
255.252427,64.202538,59582.091089,,,,,,,,,0000,1.000000,107.666000,00,1,neowise,12.978000,0.038000,12.462000,0.048000,28.900000,22.400000,1298.000000,44.917000,745.900024,33.284000,AA
255.252537,64.202545,57755.644019,,,,,,,,,0000,1.000000,84.549004,00,1,neowise,12.989000,0.029000,12.163000,0.043000,37.099998,25.400000,1286.099976,34.692001,982.989990,38.736000,AA
255.252603,64.202535,57756.036985,,,,,,,,,0000,1.000000,111.004997,00,1,neowise,13.003000,0.029000,12.106000,0.043000,37.599998,25.500000,1270.000000,33.757000,1035.099976,40.629002,AA
255.252607,64.202540,57756.299047,,,,,,,,,0000,1.000000,82.692001,00,1,neowise,12.923000,0.029000,12.097000,0.035000,37.900002,30.799999,1366.599976,36.087002,1044.400024,33.905998,AA
255.252644,64.202547,57756.822917,,,,,,,,,0000,1.000000,104.414001,00,1,neowise,12.914000,0.030000,12.118000,0.043000,36.000000,25.200001,1378.400024,38.236000,1024.099976,40.640999,AA
255.252602,64.202552,57756.823045,,,,,,,,,0000,1.000000,104.960999,00,1,neowise,12.967000,0.032000,12.088000,0.037000,34.400002,29.100000,1312.300049,38.108002,1053.099976,36.180000,AA
255.252569,64.202543,57757.216011,,,,,,,,,0000,1.000000,91.377998,00,1,neowise,12.956000,0.030000,12.159000,0.045000,35.599998,24.000000,1325.500000,37.199001,985.809998,41.067001,AA
255.252642,64.202554,57757.739881,,,,,,,,,0000,1.000000,94.880997,00,1,neowise,13.033000,0.037000,12.113000,0.035000,29.200001,31.200001,1235.099976,42.262001,1029.000000,32.972000,AA
255.252589,64.202535,57757.740008,,,,,,,,,0000,1.000000,95.029999,00,1,neowise,12.973000,0.036000,12.085000,0.042000,30.299999,25.799999,1305.500000,43.108002,1056.199951,40.887001,AA
255.252566,64.202538,57757.870912,,,,,,,,,0000,1.000000,109.948997,00,1,neowise,13.006000,0.030000,12.110000,0.037000,36.099998,29.600000,1266.400024,35.032001,1031.500000,34.804001,AA
255.252728,64.202517,57758.001943,,,,,,,,,0000,1.000000,113.884003,00,1,neowise,12.972000,0.032000,12.143000,0.039000,34.099998,28.000000,1306.199951,38.313000,1001.000000,35.768002,AA
255.252685,64.202530,57758.394909,,,,,,,,,0000,1.000000,76.466003,00,1,neowise,12.877000,0.038000,12.155000,0.038000,28.900000,28.200001,1425.500000,49.366001,990.030029,35.078999,AA
255.252581,64.202549,57759.049942,,,,,,,,,0000,1.000000,110.566002,00,1,neowise,12.936000,0.034000,12.155000,0.036000,31.799999,30.000000,1350.000000,42.498001,989.739990,33.007999,AA
255.252605,64.202538,57759.311877,,,,,,,,,0000,1.000000,80.807999,00,1,neowise,12.948000,0.031000,12.110000,0.042000,34.900002,26.000000,1334.900024,38.299999,1031.599976,39.633999,AA
255.252619,64.202535,57759.704844,,,,,,,,,0000,1.000000,90.803001,00,1,neowise,12.979000,0.030000,12.189000,0.041000,35.799999,26.400000,1297.800049,36.258999,959.609985,36.330002,AA
255.252578,64.202543,57760.228841,,,,,,,,,0000,1.000000,89.325996,00,1,neowise,12.979000,0.032000,12.180000,0.047000,34.099998,23.000000,1297.599976,38.062000,967.030029,42.091000,AA
255.252665,64.202531,57760.359872,,,,,,,,,0000,1.000000,76.992996,00,1,neowise,12.942000,0.032000,12.121000,0.037000,33.599998,29.400000,1343.099976,39.919998,1021.400024,34.724998,AA
255.252485,64.202510,57756.560982,,,,,,,,,0000,1.000000,78.834999,00,1,neowise,12.992000,0.033000,12.132000,0.041000,32.700001,26.600000,1282.000000,39.153999,1010.799988,37.986000,AA
255.252504,64.202489,57759.573812,,,,,,,,,0000,1.000000,78.688004,00,1,neowise,13.054000,0.037000,12.185000,0.047000,29.500000,23.200001,1211.400024,41.132000,962.520020,41.562000,AA
255.252521,64.202510,57759.966779,,,,,,,,,0000,1.000000,115.779999,00,1,neowise,12.972000,0.038000,12.131000,0.048000,28.600000,22.600000,1306.099976,45.625999,1011.799988,44.855999,AA
255.252632,64.202517,57755.906081,,,,,,,,,0000,1.000000,112.818001,00,1,neowise,12.964000,0.031000,12.147000,0.037000,35.500000,29.700001,1315.800049,37.014999,997.340027,33.571999,AA
255.252590,64.202510,57757.084980,,,,,,,,,0000,1.000000,106.856003,00,1,neowise,12.953000,0.029000,12.110000,0.044000,37.299999,24.500000,1329.800049,35.618000,1031.699951,42.154999,AA
255.252570,64.202525,57757.346915,,,,,,,,,0000,1.000000,79.096001,00,1,neowise,13.031000,0.035000,12.149000,0.038000,31.000000,28.799999,1237.800049,39.918999,995.200012,34.577000,AA
255.252678,64.202507,57757.608977,,,,,,,,,0000,1.000000,81.255997,00,1,neowise,13.014000,0.035000,12.143000,0.047000,31.299999,23.000000,1256.400024,40.181999,1000.799988,43.537998,AA
255.252575,64.202489,57758.918911,,,,,,,,,0000,1.000000,114.537003,00,1,neowise,12.980000,0.038000,12.066000,0.040000,28.400000,26.900000,1297.199951,45.727001,1074.099976,39.994999,AA
255.252558,64.202506,57759.049815,,,,,,,,,0000,1.000000,110.300003,00,1,neowise,12.979000,0.034000,12.147000,0.039000,32.200001,27.600000,1297.699951,40.323002,996.789978,36.056999,AA
255.252551,64.202527,57759.180846,,,,,,,,,0000,1.000000,95.483002,00,1,neowise,12.976000,0.041000,12.074000,0.048000,26.600000,22.799999,1300.900024,48.966999,1066.500000,46.777000,AA
255.252648,64.202506,57759.442908,,,,,,,,,0000,1.000000,75.432999,00,1,neowise,12.976000,0.033000,12.172000,0.038000,33.299999,28.500000,1301.199951,39.028999,974.000000,34.175999,AA
255.252560,64.202572,57755.775050,,,,,,,,,0000,1.000000,98.945000,00,1,neowise,12.936000,0.028000,12.136000,0.036000,38.500000,30.500000,1350.699951,35.118999,1007.500000,33.046001,AA
255.252543,64.202555,57756.168016,,,,,,,,,0000,1.000000,97.449997,00,1,neowise,12.957000,0.028000,12.124000,0.045000,38.099998,24.100000,1324.699951,34.738998,1018.799988,42.220001,AA
255.252617,64.202575,57756.429951,,,,,,,,,0000,1.000000,76.836998,00,1,neowise,12.977000,0.029000,12.125000,0.039000,36.799999,27.600000,1299.900024,35.286999,1017.700012,36.831001,AA
255.252598,64.202583,57756.692014,,,,,,,,,0000,1.000000,89.308998,00,1,neowise,12.932000,0.030000,12.126000,0.040000,36.500000,26.900000,1355.699951,37.166000,1016.599976,37.758999,AA
255.252631,64.202566,57756.953949,,,,,,,,,0000,1.000000,115.399002,00,1,neowise,12.951000,0.029000,12.177000,0.037000,37.599998,29.100000,1331.599976,35.411999,970.299988,33.365002,AA
255.252598,64.202596,57757.477946,,,,,,,,,0000,1.000000,76.723000,00,1,neowise,12.967000,0.033000,12.110000,0.041000,33.000000,26.200001,1312.000000,39.724998,1031.800049,39.321999,AA
255.252664,64.202576,57758.263878,,,,,,,,,0000,1.000000,86.011002,00,1,neowise,12.896000,0.035000,12.239000,0.046000,30.799999,23.799999,1401.400024,45.492001,916.460022,38.525002,AA
255.252549,64.202556,57758.656848,,,,,,,,,0000,1.000000,85.535004,00,1,neowise,12.935000,0.038000,12.193000,0.040000,28.900000,26.799999,1352.099976,46.730000,955.429993,35.591000,AA
255.252525,64.202558,57758.787879,,,,,,,,,0000,1.000000,100.880997,00,1,neowise,12.967000,0.037000,12.134000,0.041000,29.200001,26.299999,1312.300049,44.963001,1009.500000,38.430000,AA
255.252570,64.202564,57759.835875,,,,,,,,,0000,1.000000,107.016998,00,1,neowise,12.978000,0.040000,12.058000,0.035000,27.200001,30.700001,1299.400024,47.773998,1082.199951,35.249001,AA
255.252457,64.202553,57760.359745,,,,,,,,,0000,1.000000,77.507004,00,1,neowise,13.023000,0.037000,12.210000,0.040000,29.200001,27.000000,1246.400024,42.664001,940.979980,34.806000,AA
255.252587,64.202538,58279.559882,,,,,,,,,0000,1.000000,95.963997,00,1,neowise,13.115000,0.037000,12.267000,0.048000,29.100000,22.799999,1143.699951,39.262001,892.640015,39.165001,AA
255.252675,64.202541,58279.952974,,,,,,,,,0000,1.000000,85.774002,00,1,neowise,13.140000,0.039000,12.167000,0.040000,27.700001,27.400000,1117.900024,40.362000,978.210022,35.737000,AA
255.252584,64.202537,58280.607363,,,,,,,,,0000,1.000000,91.070000,00,1,neowise,12.932000,0.036000,12.361000,0.052000,29.900000,20.900000,1353.300049,45.250000,818.760010,39.098999,AA
255.252564,64.202538,58281.523559,,,,,,,,,0000,1.000000,97.665001,00,1,neowise,12.989000,0.030000,12.100000,0.064000,36.700001,17.100000,1284.800049,35.034000,1040.500000,60.933998,AA
255.252632,64.202552,58282.177821,,,,,,,,,0000,0.500000,101.285004,00,1,neowise,12.917000,0.033000,12.126000,0.044000,33.000000,24.900000,1372.800049,41.580002,1016.400024,40.859001,AA
255.252622,64.202544,58282.701307,,,,,,,,,0000,1.000000,84.824997,00,1,neowise,13.018000,0.031000,12.126000,0.037000,34.799999,29.200001,1250.400024,35.879002,1016.599976,34.835999,AA
255.252630,64.202548,58284.010085,,,,,,,,,0000,1.000000,87.406998,00,1,neowise,12.997000,0.029000,12.145000,0.041000,37.799999,26.500000,1275.199951,33.777000,998.530029,37.737000,AA
255.252545,64.202540,58284.140479,,,,,,,,,0000,1.000000,96.515999,00,1,neowise,13.009000,0.030000,12.199000,0.038000,36.099998,28.200001,1260.900024,34.938000,950.349976,33.679001,AA
255.252553,64.202537,58284.271893,,,,,,,,,0000,1.000000,107.928001,00,1,neowise,13.075000,0.031000,12.230000,0.040000,35.099998,26.900000,1186.500000,33.765999,923.419983,34.321999,AA
255.252623,64.202542,58284.402669,,,,,,,,,0000,1.000000,107.792999,00,1,neowise,12.972000,0.030000,12.111000,0.038000,36.500000,28.700001,1305.199951,35.723999,1030.099976,35.922001,AA
255.252494,64.202528,58279.822198,,,,,,,,,0000,0.500000,83.658997,00,1,neowise,13.016000,0.030000,12.144000,0.046000,36.099998,23.600000,1253.099976,34.742001,999.650024,42.410000,AA
255.252512,64.202503,58279.953101,,,,,,,,,0000,1.000000,86.542999,00,1,neowise,12.917000,0.033000,12.128000,0.037000,33.400002,29.000000,1372.099976,41.106998,1014.599976,34.945999,AA
255.252504,64.202533,58280.214271,,,,,,,,,0000,0.500000,104.039001,00,1,neowise,13.007000,0.034000,12.116000,0.050000,32.099998,21.900000,1263.800049,39.382999,1025.599976,46.762001,AA
255.252507,64.202523,58280.345684,,,,,,,,,0000,0.000000,107.905998,00,1,neowise,13.105000,0.032000,12.313000,0.045000,34.299999,23.900000,1154.900024,33.703999,855.429993,35.792000,AA
255.252523,64.202506,58280.476587,,,,,,,,,0000,1.000000,100.976997,00,1,neowise,12.950000,0.031000,12.090000,0.042000,34.900002,25.700001,1332.099976,38.187000,1050.099976,40.880001,AA
255.252525,64.202518,58281.130467,,,,,,,,,0000,1.000000,96.449997,00,1,neowise,13.011000,0.033000,12.188000,0.044000,33.000000,24.600000,1258.900024,38.176998,960.159973,39.097000,AA
255.252492,64.202499,58282.047045,,,,,,,,,0000,1.000000,90.945000,00,1,neowise,13.024000,0.033000,12.197000,0.043000,32.599998,25.000000,1243.699951,38.091000,951.750000,37.999001,AA
255.252488,64.202513,58282.439628,,,,,,,,,0000,0.000000,104.553001,00,1,neowise,13.076000,0.031000,12.236000,0.045000,34.599998,24.100000,1185.800049,34.255001,918.229980,38.176998,AA
255.252510,64.202520,58282.570022,,,,,,,,,0000,1.000000,95.440002,00,1,neowise,12.988000,0.028000,12.190000,0.040000,38.500000,27.100000,1285.500000,33.403000,958.500000,35.397999,AA
255.252493,64.202509,58283.486599,,,,,,,,,0000,1.000000,101.450996,00,1,neowise,12.970000,0.029000,12.142000,0.041000,37.900002,26.200001,1307.300049,34.490002,1001.099976,38.208000,AA
255.252523,64.202507,58283.617503,,,,,,,,,0000,0.500000,90.473000,00,1,neowise,12.988000,0.031000,12.179000,0.036000,34.900002,29.900000,1285.199951,36.832001,968.020020,32.362000,AA
255.252616,64.202511,58282.701434,,,,,,,,,0000,1.000000,85.088997,00,1,neowise,12.966000,0.032000,12.181000,0.043000,33.700001,25.299999,1311.599976,38.979000,966.309998,38.224998,AA
255.252561,64.202531,58282.963114,,,,,,,,,0000,0.500000,85.231003,00,1,neowise,13.051000,0.029000,12.178000,0.039000,36.900002,28.100000,1213.599976,32.922001,968.429993,34.459999,AA
255.252533,64.202524,58283.224411,,,,,,,,,0000,1.000000,104.877998,00,1,neowise,13.024000,0.029000,12.124000,0.044000,37.200001,24.799999,1244.000000,33.424999,1018.400024,41.110001,AA
255.252500,64.202568,58279.691294,,,,,,,,,0000,1.000000,85.879997,00,1,neowise,12.961000,0.038000,12.145000,0.054000,28.700001,20.200001,1318.500000,45.939999,998.520020,49.370998,AA
255.252513,64.202551,58280.083877,,,,,,,,,0000,1.000000,94.220001,00,1,neowise,12.973000,0.038000,12.267000,0.050000,28.799999,21.799999,1304.099976,45.296001,892.090027,40.837002,AA
255.252510,64.202575,58280.869169,,,,,,,,,0000,1.000000,83.947998,00,1,neowise,13.005000,0.033000,12.193000,0.040000,32.900002,26.900000,1265.800049,38.493999,955.200012,35.560001,AA
255.252507,64.202562,58281.000073,,,,,,,,,0000,1.000000,88.499001,00,1,neowise,13.010000,0.033000,12.093000,0.052000,33.099998,20.799999,1259.699951,38.036999,1047.500000,50.296001,AA
255.252567,64.202562,58281.261752,,,,,,,,,0000,1.000000,107.105003,00,1,neowise,12.906000,0.034000,12.106000,0.039000,32.299999,27.900000,1386.099976,42.848999,1035.199951,37.078999,AA
255.252567,64.202584,58281.392655,,,,,,,,,0000,1.000000,106.800003,00,1,neowise,12.998000,0.030000,12.161000,0.040000,36.400002,27.100000,1273.900024,34.979000,984.049988,36.348999,AA
255.252541,64.202585,58281.785239,,,,,,,,,0000,1.000000,82.611000,00,1,neowise,13.010000,0.030000,12.239000,0.047000,36.700001,22.900000,1259.900024,34.356998,915.760010,39.931000,AA
255.252508,64.202584,58282.177949,,,,,,,,,0000,0.500000,101.504997,00,1,neowise,12.959000,0.031000,12.222000,0.048000,34.900002,22.799999,1320.099976,37.801998,930.239990,40.776001,AA
255.252601,64.202566,58282.832210,,,,,,,,,0000,1.000000,82.447998,00,1,neowise,13.011000,0.030000,12.193000,0.039000,35.700001,27.799999,1258.400024,35.222000,955.840027,34.341000,AA
255.252600,64.202576,58283.355696,,,,,,,,,0000,1.000000,109.310997,00,1,neowise,12.950000,0.028000,12.129000,0.044000,38.700001,24.799999,1331.400024,34.369999,1013.000000,40.912998,AA
255.252541,64.202557,58283.879182,,,,,,,,,0000,0.500000,82.485001,00,1,neowise,12.998000,0.042000,12.150000,0.036000,26.100000,30.000000,1274.000000,48.721001,993.760010,33.108002,AA
255.252415,64.202555,58281.654335,,,,,,,,,0000,0.500000,87.767998,00,1,neowise,13.100000,0.046000,12.208000,0.042000,23.400000,25.799999,1159.300049,49.502998,942.520020,36.525002,AA
255.252498,64.202544,58281.916142,,,,,,,,,0000,1.000000,84.275002,00,1,neowise,13.018000,0.029000,12.164000,0.047000,37.000000,23.100000,1250.900024,33.841000,981.460022,42.458000,AA
255.252506,64.202544,58280.738266,,,,,,,,,0000,1.000000,83.945000,00,1,neowise,13.007000,0.037000,12.189000,0.041000,29.000000,26.299999,1263.000000,43.618999,959.030029,36.445999,AA
255.252505,64.202547,58283.748406,,,,,,,,,0000,0.500000,83.085999,00,1,neowise,13.066000,0.030000,12.221000,0.039000,35.900002,28.000000,1196.199951,33.356998,931.260010,33.202000,AA
255.252509,64.202463,58282.308724,,,,,,,,,0000,0.000000,109.505997,00,1,neowise,13.144000,0.031000,12.276000,0.042000,34.700001,26.100000,1113.199951,32.110001,884.929993,33.853001,AA
255.252572,64.202539,59374.341473,,,,,,,,,0000,1.000000,108.896004,00,1,neowise,12.970000,0.032000,12.086000,0.042000,33.599998,25.900000,1307.199951,38.856998,1054.199951,40.653999,AA
255.252612,64.202550,59374.994971,,,,,,,,,0000,0.500000,86.051003,00,1,neowise,13.003000,0.032000,12.205000,0.043000,34.400002,25.000000,1268.599976,36.909000,944.960022,37.833000,AA
255.252556,64.202543,59375.256396,,,,,,,,,0000,1.000000,106.188004,00,1,neowise,12.846000,0.056000,12.147000,0.056000,19.500000,19.500000,1465.099976,74.987999,996.659973,51.157001,AA
255.252674,64.202559,59375.779245,,,,,,,,,0000,0.500000,82.275002,00,1,neowise,13.098000,0.040000,12.267000,0.046000,27.299999,23.400000,1161.800049,42.554001,892.549988,38.108002,AA
255.252616,64.202537,59375.910021,,,,,,,,,0000,0.500000,83.014000,00,1,neowise,13.078000,0.043000,12.080000,0.047000,25.299999,23.000000,1183.500000,46.784000,1060.599976,46.161999,AA
255.252535,64.202546,59376.694294,,,,,,,,,0000,1.000000,85.857002,00,1,neowise,12.932000,0.036000,12.159000,0.042000,30.400000,25.600000,1353.699951,44.474998,985.419983,38.471001,AA
255.252576,64.202535,59378.262969,,,,,,,,,0000,1.000000,106.751999,00,1,neowise,12.964000,0.033000,12.242000,0.053000,32.500000,20.400000,1314.400024,40.485001,913.609985,44.757999,AA
255.252532,64.202502,59374.864323,,,,,,,,,0000,0.500000,82.997002,00,1,neowise,12.930000,0.032000,12.159000,0.042000,34.099998,25.799999,1355.699951,39.750999,985.849976,38.147999,AA
255.252521,64.202518,59376.040669,,,,,,,,,0000,1.000000,88.261002,00,1,neowise,12.964000,0.035000,12.115000,0.051000,31.299999,21.299999,1314.300049,41.937000,1026.900024,48.257000,AA
255.252521,64.202520,59377.870768,,,,,,,,,0000,1.000000,81.936996,00,1,neowise,12.951000,0.028000,12.178000,0.051000,38.299999,21.400000,1330.099976,34.736000,968.340027,45.278000,AA
255.252553,64.202521,59373.949273,,,,,,,,,0000,1.000000,84.719002,00,1,neowise,12.926000,0.028000,12.155000,0.037000,39.099998,29.600000,1361.599976,34.800999,989.030029,33.374001,AA
255.252560,64.202499,59374.080049,,,,,,,,,0000,1.000000,92.634003,00,1,neowise,12.949000,0.032000,12.203000,0.049000,34.000000,22.000000,1333.000000,39.180000,946.340027,42.984001,AA
255.252559,64.202508,59374.472122,,,,,,,,,0000,0.500000,103.194000,00,1,neowise,13.028000,0.032000,12.197000,0.038000,33.599998,28.299999,1239.500000,36.931000,951.789978,33.679001,AA
255.252588,64.202511,59375.517820,,,,,,,,,0000,1.000000,100.133003,00,1,neowise,12.999000,0.041000,12.229000,0.044000,26.500000,24.900000,1273.400024,48.098000,923.989990,37.157001,AA
255.252539,64.202523,59376.302221,,,,,,,,,0000,0.000000,108.781998,00,1,neowise,13.033000,0.031000,12.223000,0.041000,34.700001,26.600000,1234.000000,35.591000,929.450012,34.964001,AA
255.252569,64.202521,59376.432870,,,,,,,,,0000,1.000000,106.635002,00,1,neowise,12.986000,0.036000,12.183000,0.049000,30.299999,22.200001,1288.000000,42.463001,964.200012,43.527000,AA
255.252533,64.202520,59378.001544,,,,,,,,,0000,1.000000,85.684998,00,1,neowise,13.025000,0.031000,12.164000,0.037000,35.299999,29.000000,1242.699951,35.200001,981.409973,33.801998,AA
255.252634,64.202615,59376.170936,,,,,,,,,0000,0.500000,98.339996,00,1,neowise,13.003000,0.042000,12.169000,0.041000,26.100000,26.200001,1267.599976,48.519001,976.580017,37.313999,AA
255.252516,64.202572,59374.210188,,,,,,,,,0000,1.000000,102.446999,00,1,neowise,13.003000,0.030000,12.098000,0.044000,36.400002,24.600000,1268.300049,34.805000,1042.900024,42.318001,AA
255.252528,64.202555,59374.733547,,,,,,,,,0000,1.000000,84.119003,00,1,neowise,12.985000,0.030000,12.163000,0.048000,36.000000,22.799999,1288.900024,35.792000,982.070007,43.042999,AA
255.252510,64.202563,59375.125238,,,,,,,,,0000,1.000000,94.078003,00,1,neowise,12.976000,0.030000,12.097000,0.044000,35.799999,24.600000,1299.900024,36.320999,1043.699951,42.438999,AA
255.252567,64.202604,59375.648596,,,,,,,,,0000,1.000000,89.078003,00,1,neowise,12.921000,0.029000,12.081000,0.054000,36.799999,20.100000,1368.000000,37.152000,1059.199951,52.738998,AA
255.252669,64.202580,59376.040797,,,,,,,,,0000,0.500000,88.981003,00,1,neowise,13.048000,0.040000,12.167000,0.037000,27.200001,29.200001,1216.300049,44.776001,978.429993,33.530998,AA
255.252529,64.202585,59376.563136,,,,,,,,,0000,1.000000,97.648003,00,1,neowise,12.978000,0.029000,12.188000,0.045000,37.799999,24.299999,1297.500000,34.355999,959.450012,39.540001,AA
255.252514,64.202560,59376.825070,,,,,,,,,0000,1.000000,81.974998,00,1,neowise,12.982000,0.030000,12.205000,0.047000,36.700001,23.200001,1293.000000,35.251999,944.900024,40.659000,AA
255.252561,64.202574,59376.955719,,,,,,,,,0000,0.500000,83.700996,00,1,neowise,12.973000,0.048000,12.127000,0.064000,22.600000,17.000000,1303.300049,57.709999,1015.599976,59.898998,AA
255.252517,64.202565,59377.086494,,,,,,,,,0000,0.000000,91.945999,00,1,neowise,13.178000,0.038000,12.426000,0.046000,28.799999,23.799999,1079.800049,37.504002,770.789978,32.436001,AA
255.252509,64.202588,59377.217144,,,,,,,,,0000,1.000000,103.237000,00,1,neowise,13.083000,0.040000,12.162000,0.047000,27.400000,22.900000,1178.000000,43.057999,982.710022,42.909000,AA
255.252546,64.202556,59377.478568,,,,,,,,,0000,1.000000,104.045998,00,1,neowise,13.010000,0.036000,12.210000,0.039000,30.100000,28.100000,1259.800049,41.839001,940.890015,33.535999,AA
255.252524,64.202548,59377.609344,,,,,,,,,0000,0.500000,92.385002,00,1,neowise,13.006000,0.029000,12.031000,0.059000,37.500000,18.600000,1265.199951,33.719002,1109.000000,59.785999,AA
255.252573,64.202573,59378.001417,,,,,,,,,0000,1.000000,85.174004,00,1,neowise,13.033000,0.031000,12.288000,0.043000,34.500000,25.100000,1233.099976,35.743999,875.619995,34.939999,AA
255.252501,64.202543,59374.602898,,,,,,,,,0000,1.000000,92.489998,00,1,neowise,12.983000,0.034000,12.215000,0.044000,32.099998,24.900000,1292.099976,40.284000,936.299988,37.672001,AA
255.252445,64.202544,59375.387172,,,,,,,,,0000,1.000000,108.241997,00,1,neowise,12.947000,0.037000,12.233000,0.052000,29.400000,20.900000,1335.400024,45.493000,920.609985,44.124001,AA
255.252473,64.202566,59377.347920,,,,,,,,,0000,0.500000,110.193001,00,1,neowise,13.033000,0.033000,12.152000,0.041000,32.500000,26.600000,1233.599976,37.909000,992.630005,37.359001,AA
255.252714,64.202573,59374.079922,,,,,,,,,0000,1.000000,92.001999,00,1,neowise,12.917000,0.033000,12.219000,0.052000,32.799999,20.900000,1372.400024,41.800999,933.059998,44.564999,AA
255.252750,64.202561,59374.341346,,,,,,,,,0000,1.000000,109.607002,00,1,neowise,12.993000,0.045000,12.388000,0.053000,24.200001,20.400000,1280.300049,52.910000,798.590027,39.058998,AA
255.252666,64.202393,59378.131684,,,,,,,,,0000,1.000000,93.820999,00,1,neowise,13.007000,0.040000,12.122000,0.038000,27.100000,28.299999,1263.699951,46.701000,1019.799988,36.051998,AA
255.252499,64.202455,59377.739993,,,,,,,,,0000,0.000000,83.102997,00,1,neowise,13.182000,0.036000,12.333000,0.047000,30.200001,23.000000,1075.000000,35.541000,839.580017,36.581001,AA
