ra,dec,mjd,w1mpro_ep,w1sigmpro_ep,w2mpro_ep,w2sigmpro_ep,w1flux_ep,w1sigflux_ep,w2flux_ep,w2sigflux_ep,cc_flags,qi_fact,saa_sep,moon_masked,nb,source_table,w1mpro,w1sigmpro,w2mpro,w2sigmpro,w1snr,w2snr,w1flux,w1sigflux,w2flux,w2sigflux,ph_qual
65.0016417,-54.9379439,55214.3564539,8.922,0.02,8.613,0.019,42777.434,801.838,22631.387,390.364,h0h0,1.0,64.0,0000,1,allwise,,,,,,,,,,,
65.0016417,-54.9379439,55214.2903652,8.809,0.024,8.555,0.023,47465.777,1033.378,23867.521,501.678,h0h0,1.0,59.0,0000,1,allwise,,,,,,,,,,,
65.0016417,-54.9379439,55214.4887586,8.993,0.027,8.511,0.02,40071.176,980.805,24875.547,456.07,h0h0,1.0,60.0,0000,1,allwise,,,,,,,,,,,
65.0016417,-54.9379439,55214.5549746,8.91,0.021,8.521,0.017,43233.69,836.341,24636.264,396.037,h0h0,1.0,50.0,0000,1,allwise,,,,,,,,,,,
65.0016417,-54.9379439,55214.6211906,8.875,0.022,8.512,0.022,44666.1,899.564,24846.883,492.742,h0h0,1.0,39.0,0000,1,allwise,,,,,,,,,,,
65.0016417,-54.9379439,55214.6872793,8.843,0.028,8.501,0.02,46000.08,1171.831,25096.14,465.644,h0h0,1.0,29.0,0000,1,allwise,,,,,,,,,,,
65.0016417,-54.9379439,55214.7534954,8.861,0.021,8.573,0.021,45254.906,876.778,23483.014,460.087,h0h0,1.0,22.0,0000,1,allwise,,,,,,,,,,,
65.0016417,-54.9379439,55214.8197114,8.913,0.028,8.534,0.023,43150.08,1104.884,24348.576,508.847,h0h0,1.0,14.0,0000,1,allwise,,,,,,,,,,,
65.0016417,-54.9379439,55214.8858001,8.926,0.021,8.578,0.024,42603.066,832.012,23368.84,515.679,h0h0,1.0,11.0,0000,1,allwise,,,,,,,,,,,
65.0016417,-54.9379439,55215.0181049,8.707,0.027,8.541,0.02,52124.383,1285.75,24178.562,453.279,h0h0,1.0,18.0,0000,1,allwise,,,,,,,,,,,
65.0016417,-54.9379439,55215.0182322,8.893,0.02,8.581,0.017,43940.92,791.662,23320.316,354.653,h0h0,1.0,18.0,0000,1,allwise,,,,,,,,,,,
65.0016417,-54.9379439,55215.1505369,8.8,0.019,8.558,0.024,47881.605,818.397,23820.828,534.813,h0h0,1.0,40.0,0000,1,allwise,,,,,,,,,,,
65.0016417,-54.9379439,55400.4483923,8.774,0.029,8.593,0.021,49004.32,1294.016,23052.848,440.969,h0h0,1.0,18.0,0000,1,allwise,,,,,,,,,,,
65.0016417,-54.9379439,55400.4485196,8.826,0.019,8.487,0.021,46721.715,805.826,25412.258,496.542,h0h0,1.0,18.0,0000,1,allwise,,,,,,,,,,,
65.0016417,-54.9379439,55400.580696,8.698,0.025,8.584,0.021,52589.355,1227.878,23238.646,443.024,h0h0,1.0,42.0,0000,1,allwise,,,,,,,,,,,
65.0016417,-54.9379439,55400.7129998,8.907,0.021,8.524,0.018,43366.723,823.671,24567.836,408.79,h0h0,1.0,61.0,0000,1,allwise,,,,,,,,,,,
65.0016417,-54.9379439,55400.7792154,8.878,0.026,8.612,0.021,44546.098,1053.822,22663.592,448.756,h0h0,1.0,67.0,0000,1,allwise,,,,,,,,,,,
65.0016417,-54.9379439,55400.8453037,8.91,0.021,8.558,0.024,43232.336,836.56,23814.201,524.252,h0h0,1.0,68.0,0000,1,allwise,,,,,,,,,,,
65.0016417,-54.9379439,55400.9115192,8.85,0.019,8.55,0.027,45717.016,781.382,23998.738,607.423,h0h0,1.0,61.0,0000,1,allwise,,,,,,,,,,,
65.0016417,-54.9379439,55400.9776074,8.937,0.018,8.604,0.019,42187.883,710.657,22830.56,404.507,h0h0,1.0,49.0,0000,1,allwise,,,,,,,,,,,
65.0016417,-54.9379439,55401.043823,8.873,0.022,8.514,0.016,44746.348,906.395,24792.375,363.516,h0h0,1.0,38.0,0000,1,allwise,,,,,,,,,,,
65.0016417,-54.9379439,55213.9594124,8.863,0.023,8.565,0.021,45144.43,936.602,23649.223,459.254,h0h0,1.0,13.0,0000,1,allwise,,,,,,,,,,,
65.0016417,-54.9379439,55214.0256284,8.927,0.022,8.584,0.019,42567.582,859.908,23238.541,410.221,h0h0,1.0,19.0,0000,1,allwise,,,,,,,,,,,
65.0016417,-54.9379439,55214.0918444,8.739,0.021,8.522,0.018,50610.3,961.282,24608.482,404.663,h0h0,1.0,30.0,0000,1,allwise,,,,,,,,,,,
65.0016417,-54.9379439,55214.1579331,8.88,0.023,8.565,0.02,44471.67,955.062,23668.092,436.638,h0h0,1.0,41.0,0000,1,allwise,,,,,,,,,,,
65.0016417,-54.9379439,55214.2241491,8.897,0.022,8.521,0.02,43782.89,891.505,24642.43,455.448,h0h0,1.0,51.0,0000,1,allwise,,,,,,,,,,,
65.0016417,-54.9379439,55214.2902378,8.781,0.026,8.562,0.02,48696.55,1163.706,23720.621,442.097,h0h0,1.0,58.0,0000,1,allwise,,,,,,,,,,,
65.0016417,-54.9379439,55214.4226699,8.847,0.021,8.502,0.019,45848.914,907.093,25080.453,438.818,h0h0,1.0,66.0,0000,1,allwise,,,,,,,,,,,
65.0016417,-54.9379439,55580.0816617,8.937,0.024,8.746,0.023,42174.305,916.459,20017.314,416.939,h0h0,1.0,28.0,0000,1,allwise,,,,,,,,,,,
65.0016417,-54.9379439,55580.8090174,8.887,0.029,8.721,0.025,44162.93,1182.122,20486.098,469.597,h0h0,1.0,15.0,0000,1,allwise,,,,,,,,,,,
65.0016417,-54.9379439,55580.2138388,8.959,0.027,8.68,0.026,41339.62,1009.873,21288.621,511.126,h0h0,1.0,49.0,0000,1,allwise,,,,,,,,,,,
65.0016417,-54.9379439,55580.2139661,8.951,0.028,8.709,0.018,41655.133,1070.035,20716.28,344.262,h0h0,1.0,50.0,0000,1,allwise,,,,,,,,,,,
65.0016417,-54.9379439,55578.5606069,8.941,0.021,8.715,0.021,42027.984,828.644,20597.781,389.219,h0h0,1.0,49.0,0000,1,allwise,,,,,,,,,,,
65.0016417,-54.9379439,55578.6268228,9.079,0.026,8.829,0.024,37004.87,898.382,18559.887,411.598,h0h0,1.0,38.0,0000,1,allwise,,,,,,,,,,,
65.0016417,-54.9379439,55578.6929113,8.905,0.019,8.659,0.015,43466.906,777.704,21702.28,302.639,h0h0,1.0,29.0,0000,1,allwise,,,,,,,,,,,
65.0016417,-54.9379439,55578.7589998,8.954,0.026,8.771,0.024,41545.24,991.416,19568.438,423.897,h0h0,1.0,21.0,0000,1,allwise,,,,,,,,,,,
65.0016417,-54.9379439,55578.8252157,8.954,0.023,8.773,0.025,41523.7,865.19,19529.734,450.261,h0h0,1.0,15.0,0000,1,allwise,,,,,,,,,,,
65.0016417,-54.9379439,55578.8913042,8.915,0.018,8.87,0.026,43052.67,732.737,17868.502,433.527,h0h0,1.0,11.0,0000,1,allwise,,,,,,,,,,,
65.0016417,-54.9379439,55578.9573927,8.987,0.025,8.795,0.025,40271.812,912.171,19149.057,435.147,h0h0,1.0,13.0,0000,1,allwise,,,,,,,,,,,
65.0016417,-54.9379439,55579.0236086,8.943,0.024,8.653,0.018,41955.18,923.355,21808.074,365.008,h0h0,1.0,19.0,0000,1,allwise,,,,,,,,,,,
65.0016417,-54.9379439,55579.0896971,8.959,0.021,8.803,0.023,41353.656,806.985,19010.695,397.753,h0h0,0.5,30.0,0000,1,allwise,,,,,,,,,,,
65.0016417,-54.9379439,55579.1557857,8.961,0.021,8.78,0.022,41255.047,802.19,19401.678,400.741,h0h0,1.0,40.0,0000,1,allwise,,,,,,,,,,,
65.0016417,-54.9379439,55579.2220015,9.054,0.033,8.743,0.021,37876.77,1168.021,20090.49,383.703,h0h0,1.0,50.0,0000,1,allwise,,,,,,,,,,,
65.0016417,-54.9379439,55579.28809,9.06,0.022,8.821,0.028,37670.48,765.417,18690.078,488.796,h0h0,1.0,58.0,0000,1,allwise,,,,,,,,,,,
65.0016417,-54.9379439,55579.3541786,9.046,0.022,8.737,0.029,38145.57,787.813,20190.508,543.381,h0h0,1.0,64.0,0000,1,allwise,,,,,,,,,,,
65.0016417,-54.9379439,55579.4203944,8.909,0.024,8.688,0.02,43306.97,960.978,21120.385,383.381,h0h0,1.0,66.0,0000,1,allwise,,,,,,,,,,,
65.0016417,-54.9379439,55579.486483,9.02,0.02,8.798,0.025,39084.51,716.354,19087.432,433.554,h0h0,1.0,61.0,0000,1,allwise,,,,,,,,,,,
65.0016417,-54.9379439,55579.5525715,8.984,0.026,8.811,0.025,40384.895,953.148,18863.2,430.206,h0h0,1.0,50.0,0000,1,allwise,,,,,,,,,,,
65.0016417,-54.9379439,55579.6187874,8.9,0.024,8.752,0.022,43637.35,966.531,19918.842,403.653,h0h0,1.0,39.0,0000,1,allwise,,,,,,,,,,,
65.0016417,-54.9379439,55579.6848759,8.996,0.023,8.774,0.028,39956.844,864.334,19519.754,500.165,h0h0,1.0,29.0,0000,1,allwise,,,,,,,,,,,
65.0016417,-54.9379439,55579.7509644,9.007,0.022,8.71,0.02,39556.434,803.019,20693.916,385.702,h0h0,1.0,22.0,0000,1,allwise,,,,,,,,,,,
65.0016417,-54.9379439,55579.8171802,9.003,0.026,8.697,0.024,39717.535,968.559,20957.02,468.208,h0h0,1.0,15.0,0000,1,allwise,,,,,,,,,,,
65.0016417,-54.9379439,55579.8832688,9.354,0.035,8.765,0.028,28722.633,930.874,19671.23,515.703,h0h0,1.0,11.0,0000,1,allwise,,,,,,,,,,,
65.0016417,-54.9379439,55579.9493573,8.959,0.019,8.766,0.023,41324.715,709.88,19668.23,409.422,h0h0,1.0,12.0,0000,1,allwise,,,,,,,,,,,
65.0016417,-54.9379439,55580.0154458,9.009,0.026,8.768,0.019,39498.316,937.712,19625.438,341.141,h0h0,1.0,18.0,0000,1,allwise,,,,,,,,,,,
65.0016417,-54.9379439,55580.0155732,8.91,0.027,8.682,0.025,43263.16,1058.86,21247.867,481.744,h0h0,1.0,18.0,0000,1,allwise,,,,,,,,,,,
65.0016417,-54.9379439,55580.2800547,9.044,0.021,8.72,0.022,38242.81,744.679,20510.11,422.2,h0h0,1.0,58.0,0000,1,allwise,,,,,,,,,,,
65.0016417,-54.9379439,55580.3461432,8.99,0.022,8.737,0.021,40195.938,830.454,20184.422,383.193,h0h0,0.5,64.0,0000,1,allwise,,,,,,,,,,,
65.0016417,-54.9379439,55580.4122318,8.976,0.027,8.731,0.026,40687.13,1009.498,20309.115,487.193,h0h0,0.5,65.0,0000,1,allwise,,,,,,,,,,,
65.0016417,-54.9379439,55580.4123591,8.99,0.031,8.786,0.021,40186.48,1156.963,19293.766,367.284,h0h0,1.0,66.0,0000,1,allwise,,,,,,,,,,,
65.0016417,-54.9379439,55580.544536,9.028,0.023,8.727,0.021,38791.52,829.602,20386.473,401.351,h0h0,1.0,51.0,0000,1,allwise,,,,,,,,,,,
65.0016417,-54.9379439,55580.6768404,8.874,0.019,8.782,0.03,44695.68,798.747,19365.723,532.882,h0h0,1.0,30.0,0000,1,allwise,,,,,,,,,,,
65.0016417,-54.9379439,55580.1477502,8.999,0.019,8.815,0.025,39830.707,710.737,18788.895,441.082,h0h0,1.0,39.0,0000,1,allwise,,,,,,,,,,,
65.0016417,-54.9379439,55213.2315453,8.931,0.026,8.514,0.018,42409.406,1013.371,24796.432,412.868,h0h0,1.0,51.0,0000,1,allwise,,,,,,,,,,,
65.0016417,-54.9379439,55402.8959487,8.889,0.022,8.531,0.02,44087.633,905.711,24418.139,459.923,h0h0,1.0,64.0,0000,1,allwise,,,,,,,,,,,
65.0016417,-54.9379439,55213.3639774,8.992,0.032,8.502,0.018,40107.754,1164.675,25066.998,412.358,h0h0,1.0,65.0,0000,1,allwise,,,,,,,,,,,
65.0016417,-54.9379439,55213.4300661,8.76,0.022,8.5,0.016,49658.535,1002.307,25122.365,369.821,h0h0,1.0,65.0,0000,1,allwise,,,,,,,,,,,
65.0016417,-54.9379439,55213.4962822,8.852,0.018,8.543,0.021,45641.926,763.022,24151.379,461.54,h0h0,1.0,59.0,0000,1,allwise,,,,,,,,,,,
65.0016417,-54.9379439,55213.5624982,8.97,0.032,8.587,0.019,40909.38,1189.099,23191.977,399.556,h0h0,1.0,49.0,0000,1,allwise,,,,,,,,,,,
65.0016417,-54.9379439,55213.6285869,8.961,0.02,8.587,0.024,41254.746,742.288,23181.166,516.582,h0h0,1.0,38.0,0000,1,allwise,,,,,,,,,,,
65.0016417,-54.9379439,55213.6948029,8.832,0.019,8.604,0.021,46487.84,803.113,22834.092,437.015,h0h0,1.0,28.0,0000,1,allwise,,,,,,,,,,,
65.0016417,-54.9379439,55213.7608916,8.889,0.024,8.601,0.021,44113.645,987.209,22877.531,445.692,h0h0,1.0,21.0,0000,1,allwise,,,,,,,,,,,
65.0016417,-54.9379439,55213.7610189,8.833,0.023,8.515,0.024,46430.938,975.806,24777.898,538.484,h0h0,1.0,21.0,0000,1,allwise,,,,,,,,,,,
65.0016417,-54.9379439,55213.8271076,8.925,0.023,8.603,0.021,42669.61,884.416,22855.902,433.724,h0h0,1.0,15.0,0000,1,allwise,,,,,,,,,,,
65.0016417,-54.9379439,55213.8933237,8.874,0.021,8.586,0.02,44721.133,849.406,23205.87,416.959,h0h0,1.0,11.0,0000,1,allwise,,,,,,,,,,,
65.0016417,-54.9379439,55212.8346311,8.834,0.025,8.512,0.025,46391.156,1087.99,24851.906,581.614,h0h0,1.0,14.0,0000,1,allwise,,,,,,,,,,,
65.0016417,-54.9379439,55212.9669359,8.944,0.029,8.566,0.028,41924.48,1137.157,23642.84,609.664,h0h0,1.0,13.0,0000,1,allwise,,,,,,,,,,,
65.0016417,-54.9379439,55213.0992406,8.891,0.021,8.552,0.019,44012.246,856.306,23936.326,416.979,h0h0,1.0,31.0,0000,1,allwise,,,,,,,,,,,
65.0016417,-54.9379439,55213.1654566,8.897,0.026,8.541,0.022,43785.094,1054.888,24196.305,498.036,h0h0,1.0,42.0,0000,1,allwise,,,,,,,,,,,
65.0016417,-54.9379439,55403.0282525,8.832,0.021,8.555,0.02,46471.59,910.544,23882.902,437.427,h0h0,1.0,40.0,0000,1,allwise,,,,,,,,,,,
65.0016417,-54.9379439,55403.2927332,8.825,0.02,8.581,0.018,46754.676,846.281,23322.652,386.137,h0h0,1.0,8.0,0000,1,allwise,,,,,,,,,,,
65.0016417,-54.9379439,55411.0320573,8.912,0.023,8.585,0.022,43177.867,901.898,23229.87,462.158,h0h0,1.0,39.0,0000,1,allwise,,,,,,,,,,,
65.0016417,-54.9379439,55578.2300369,8.929,0.026,8.664,0.024,42516.42,1028.521,21592.67,486.394,h0h0,1.0,51.0,0000,1,allwise,,,,,,,,,,,
65.0016417,-54.9379439,55578.362214,8.94,0.027,8.818,0.024,42063.504,1043.226,18747.002,408.753,h0h0,0.5,64.0,0000,1,allwise,,,,,,,,,,,
65.0016417,-54.9379439,55578.4945184,8.985,0.021,8.743,0.03,40354.406,765.676,20075.828,548.954,h0h0,1.0,59.0,0000,1,allwise,,,,,,,,,,,
65.0016417,-54.9379439,55401.242215,8.895,0.021,8.602,0.019,43857.906,829.229,22864.168,398.207,h0h0,1.0,12.0,0000,1,allwise,,,,,,,,,,,
65.0016417,-54.9379439,55401.3083033,8.842,0.024,8.494,0.021,46026.496,1000.316,25262.59,495.087,h0h0,1.0,8.0,0000,1,allwise,,,,,,,,,,,
65.0016417,-54.9379439,55401.3084306,8.919,0.028,8.56,0.016,42891.645,1108.52,23773.908,353.575,h0h0,1.0,8.0,0000,1,allwise,,,,,,,,,,,
65.0016417,-54.9379439,55401.3745188,8.984,0.023,8.582,0.02,40418.785,869.413,23302.084,419.882,h0h0,1.0,9.0,0000,1,allwise,,,,,,,,,,,
65.0016417,-54.9379439,55401.5729108,8.888,0.023,8.597,0.02,44135.344,922.714,22974.854,415.014,h0h0,1.0,40.0,0000,1,allwise,,,,,,,,,,,
65.0016417,-54.9379439,55401.6391263,8.904,0.022,8.501,0.02,43483.145,896.498,25099.934,460.935,h0h0,1.0,51.0,0000,1,allwise,,,,,,,,,,,
65.0016417,-54.9379439,55401.7052145,8.976,0.027,8.565,0.021,40686.96,1011.864,23666.111,456.417,h0h0,1.0,60.0,0000,1,allwise,,,,,,,,,,,
65.0016417,-54.9379439,55401.7714302,8.884,0.021,8.544,0.018,44292.688,846.788,24131.441,399.385,h0h0,1.0,67.0,0000,1,allwise,,,,,,,,,,,
65.0016417,-54.9379439,55401.8375184,8.909,0.024,8.58,0.021,43279.95,962.11,23336.953,454.194,h0h0,1.0,69.0,0000,1,allwise,,,,,,,,,,,
65.0016417,-54.9379439,55401.9037339,8.962,0.024,8.468,0.017,41229.254,904.212,25878.64,407.118,h0h0,1.0,62.0,0000,1,allwise,,,,,,,,,,,
65.0016417,-54.9379439,55401.9698222,8.962,0.023,8.573,0.019,41214.773,863.567,23481.86,410.879,h0h0,1.0,50.0,0000,1,allwise,,,,,,,,,,,
65.0016417,-54.9379439,55402.0360377,8.878,0.021,8.452,0.016,44548.9,880.532,26264.832,377.241,h0h0,1.0,39.0,0000,1,allwise,,,,,,,,,,,
65.0016417,-54.9379439,55402.2344298,8.862,0.018,8.513,0.019,45204.312,743.86,24828.121,438.334,h0h0,1.0,13.0,0000,1,allwise,,,,,,,,,,,
65.0016417,-54.9379439,55402.3005179,8.889,0.025,8.557,0.022,44107.18,1000.232,23834.69,473.193,h0h0,1.0,8.0,0000,1,allwise,,,,,,,,,,,
65.0016417,-54.9379439,55402.3006453,8.794,0.022,8.595,0.026,48131.844,987.313,23011.576,547.495,h0h0,1.0,9.0,0000,1,allwise,,,,,,,,,,,
65.0016417,-54.9379439,55402.3667335,8.885,0.019,8.505,0.018,44253.28,788.518,25006.545,425.755,h0h0,1.0,8.0,0000,1,allwise,,,,,,,,,,,
65.0016417,-54.9379439,55402.5651255,8.821,0.024,8.589,0.02,46951.734,1050.685,23135.945,424.546,h0h0,1.0,39.0,0000,1,allwise,,,,,,,,,,,
65.0016417,-54.9379439,55402.631341,8.871,0.019,8.531,0.019,44843.82,796.855,24418.986,435.284,h0h0,1.0,50.0,0000,1,allwise,,,,,,,,,,,
65.0016417,-54.9379439,55402.6974293,8.84,0.02,8.577,0.014,46150.785,857.279,23388.406,308.856,h0h0,1.0,60.0,0000,1,allwise,,,,,,,,,,,
65.0016417,-54.9379439,55402.7636449,8.876,0.023,8.49,0.019,44627.934,925.507,25340.604,436.568,h0h0,1.0,66.0,0000,1,allwise,,,,,,,,,,,
65.0016417,-54.9379439,55402.8297331,8.889,0.022,8.539,0.014,44085.06,898.0,24241.3,307.818,h0h0,1.0,69.0,0000,1,allwise,,,,,,,,,,,
65.0016417,-54.9379439,55213.2977614,8.854,0.018,8.58,0.015,45555.125,766.972,23332.48,314.392,h0h0,1.0,59.0,0000,1,allwise,,,,,,,,,,,
65.0016426,-54.93805,59426.59231767,,,,,,,,,0000,1.0,24.690000534057617,00,1,neowise,9.004,0.017,8.777,0.016,65.7,68.9,50433.0,767.43,22202.0,322.16,AA
65.0016907,-54.9379348,59426.46166924,,,,,,,,,0000,0.5,3.236999988555908,00,1,neowise,8.934,0.014,8.818,0.014,76.1,75.4,53810.0,707.0,21383.0,283.44,AA
65.0016319,-54.9378863,60150.96880711,,,,,,,,,0000,1.0,67.34400177001953,00,1,neowise,8.851,0.018,8.746,0.013,59.8,81.9,58066.0,970.49,22848.0,278.95,AA
65.0017903,-54.9379396,60149.60718446,,,,,,,,,0000,0.5,29.792999267578125,00,1,neowise,8.996,0.013,8.729,0.013,80.9,84.6,50830.0,628.3,23207.0,274.33,AA
65.0017577,-54.9379109,60151.68189926,,,,,,,,,0000,1.0,45.220001220703125,00,1,neowise,8.907,0.014,8.822,0.013,75.7,81.1,55143.0,728.2,21303.0,262.7,AA
65.0017104,-54.9380272,60149.8017565,,,,,,,,,0000,1.0,65.03099822998047,00,1,neowise,8.984,0.014,8.787,0.014,75.2,78.5,51364.0,682.61,22012.0,280.46,AA
65.0016737,-54.9380077,60150.83904994,,,,,,,,,0000,1.0,68.94499969482422,00,1,neowise,9.045,0.015,8.782,0.012,71.9,89.7,48587.0,675.58,22121.0,246.55,AA
65.0017437,-54.9380043,60151.81165642,,,,,,,,,0000,0.5,65.59600067138672,00,1,neowise,8.818,0.018,8.756,0.016,59.0,69.7,59854.0,1014.3,22645.0,325.01,AA
65.0015828,-54.938028,60149.41273914,,,,,,,,,0000,1.0,2.7769999504089355,00,1,neowise,8.936,0.014,8.812,0.013,77.2,86.8,53721.0,695.97,21504.0,247.65,AA
65.0015643,-54.9379956,60150.06101625,,,,,,,,,0000,1.0,48.720001220703125,00,1,neowise,9.036,0.015,8.811,0.014,74.5,75.9,48959.0,657.23,21534.0,283.88,AA
65.0017355,-54.9379677,60149.67199931,,,,,,,,,0000,0.5,43.28499984741211,00,1,neowise,8.997,0.014,8.825,0.014,79.7,78.3,50754.0,636.63,21258.0,271.51,AA
65.0016718,-54.9379378,60149.86657146,,,,,,,,,0000,1.0,71.78299713134766,00,1,neowise,9.006,0.014,8.756,0.014,76.7,80.3,50325.0,656.0,22648.0,282.14,AA
65.0017155,-54.9379351,60149.9962013,,,,,,,,,0000,1.0,62.32099914550781,00,1,neowise,8.976,0.014,8.807,0.013,79.0,81.9,51734.0,655.16,21609.0,263.85,AA
65.00171,-54.9379419,60150.45003306,,,,,,,,,0000,0.5,3.3259999752044678,00,1,neowise,9.026,0.016,8.779,0.015,68.0,74.5,49445.0,727.64,22174.0,297.54,AA
65.0016645,-54.9379516,60150.57979025,,,,,,,,,0000,1.0,24.01799964904785,00,1,neowise,9.008,0.021,8.805,0.015,52.6,71.6,50265.0,954.84,21644.0,302.12,AA
65.0016452,-54.9379744,60150.64460516,,,,,,,,,0000,1.0,37.61800003051758,00,1,neowise,9.104,0.015,8.792,0.013,72.7,83.6,46020.0,633.14,21909.0,262.22,AA
65.00173,-54.93797,60150.9038649,,,,,,,,,0000,1.0,73.1520004272461,00,1,neowise,9.048,0.019,8.802,0.014,58.6,77.8,48442.0,826.92,21699.0,279.0,AA
65.0016842,-54.9379236,60150.96867979,,,,,,,,,0000,1.0,67.73400115966797,00,1,neowise,8.95,0.018,8.653,0.014,60.7,76.6,52995.0,873.36,24909.0,325.1,AA
65.0016936,-54.9379781,60151.03362211,,,,,,,,,0000,0.5,54.25199890136719,00,1,neowise,8.893,0.016,8.83,0.013,66.3,81.8,55874.0,843.2,21162.0,258.58,AA
65.0017518,-54.9379615,60151.35769674,,,,,,,,,0000,1.0,6.019999980926514,00,1,neowise,8.872,0.016,8.816,0.015,67.9,71.3,56951.0,838.55,21437.0,300.8,AA
65.0017409,-54.9379644,60151.42263905,,,,,,,,,0000,0.5,3.631999969482422,00,1,neowise,8.887,0.017,8.778,0.015,64.1,73.3,56161.0,876.7,22188.0,302.68,AA
65.0016753,-54.9379362,60151.94128631,,,,,,,,,0000,0.5,72.46199798583984,00,1,neowise,8.991,0.016,8.766,0.014,67.3,76.5,51032.0,758.35,22438.0,293.49,AA
65.0015684,-54.9379318,60149.28298193,,,,,,,,,0000,1.0,12.878000259399414,00,1,neowise,8.982,0.014,8.795,0.013,78.8,84.3,51452.0,653.1,21856.0,259.23,AA
65.0016235,-54.9379003,60150.70942006,,,,,,,,,0000,0.5,50.52399826049805,00,1,neowise,9.04,0.015,8.848,0.014,73.6,76.4,48799.0,662.86,20801.0,272.14,AA
65.0015949,-54.9379045,60150.77423495,,,,,,,,,0000,1.0,61.10599899291992,00,1,neowise,8.973,0.014,8.831,0.015,76.4,72.5,51893.0,678.78,21128.0,291.52,AA
65.0015721,-54.9379358,60151.29288179,,,,,,,,,0000,1.0,12.215999603271484,00,1,neowise,8.951,0.015,8.871,0.014,70.1,78.7,52940.0,754.86,20365.0,258.71,AA
65.0016266,-54.9379307,60149.73694161,,,,,,,,,0000,1.0,55.689998626708984,00,1,neowise,8.948,0.015,8.749,0.013,73.7,83.6,53127.0,721.23,22803.0,272.71,AA
65.0015664,-54.9379615,60149.9313864,,,,,,,,,0000,0.5,73.62699890136719,00,1,neowise,9.05,0.014,8.876,0.013,77.7,83.5,48334.0,622.2,20273.0,242.71,AA
65.0015719,-54.9379493,60150.25558836,,,,,,,,,0000,1.0,16.038999557495117,00,1,neowise,9.018,0.014,8.803,0.015,78.3,73.8,49794.0,636.1,21687.0,293.84,AA
65.0016086,-54.9379714,60150.38521815,,,,,,,,,0000,1.0,3.7890000343322754,00,1,neowise,8.974,0.014,8.731,0.015,77.0,72.1,51836.0,673.58,23172.0,321.48,AA
65.0016186,-54.9379633,60150.32040321,,,,,,,,,0000,1.0,8.64799976348877,00,1,neowise,9.012,0.014,8.877,0.016,75.9,68.3,50079.0,659.6,20255.0,296.75,AA
65.0016359,-54.9379543,60151.16325194,,,,,,,,,0000,0.0,30.33099937438965,00,1,neowise,8.989,0.016,8.832,0.014,69.3,76.2,51123.0,737.45,21106.0,277.06,AA
65.0016339,-54.9379334,60151.2280669,,,,,,,,,0000,0.5,19.839000701904297,00,1,neowise,9.013,0.016,8.719,0.015,66.5,72.0,50039.0,752.31,23422.0,325.4,AA
65.0016114,-54.9379364,60151.61708432,,,,,,,,,0000,1.0,32.04399871826172,00,1,neowise,9.038,0.016,8.832,0.013,65.8,82.7,48873.0,742.72,21115.0,255.45,AA
65.0016324,-54.9379417,60151.8115291,,,,,,,,,0000,1.0,66.10399627685547,00,1,neowise,8.902,0.017,8.765,0.016,63.0,68.7,55391.0,879.78,22470.0,327.08,AA
65.0025413,-54.9384775,60514.05685633,,,,,,,,,0000,0.0,52.402000427246094,00,1,neowise,9.466,0.015,9.305,0.017,73.2,64.9,32971.0,450.25,13662.0,210.4,AA
65.0033329,-54.938624,60513.67433338,,,,,,,,,0000,0.0,40.89699935913086,00,1,neowise,9.441,0.014,9.321,0.015,76.8,70.5,33732.0,439.46,13453.0,190.86,AA
65.0018578,-54.937952,57761.5732809,,,,,,,,,0000,1.0,55.1609992980957,00,1,neowise,8.884,0.018,8.781,0.015,59.8,73.2,56379.0,942.84,22134.0,302.33,AA
65.001855,-54.9379536,57763.21072641,,,,,,,,,0000,1.0,41.944000244140625,00,1,neowise,9.153,0.015,8.838,0.013,72.1,82.5,44013.0,610.29,21009.0,254.73,AA
65.0018658,-54.9379228,57763.34175769,,,,,,,,,0000,0.5,61.70800018310547,00,1,neowise,9.043,0.015,8.858,0.016,71.1,68.8,48702.0,685.14,20619.0,299.59,AA
65.0018727,-54.9379282,57763.99665962,,,,,,,,,0000,0.5,8.3149995803833,00,1,neowise,8.964,0.014,8.785,0.014,76.3,79.9,52385.0,686.96,22061.0,276.25,AA
65.0018228,-54.9379746,57762.75230786,,,,,,,,,0000,1.0,24.83300018310547,00,1,neowise,8.943,0.017,8.79,0.013,65.5,83.1,53434.0,815.44,21965.0,264.35,AA
65.0016611,-54.9378402,57762.49024523,,,,,,,,,0000,1.0,68.27999877929688,00,1,neowise,9.045,0.015,8.839,0.015,71.0,73.0,48644.0,684.75,20996.0,287.64,AA
65.0016823,-54.9378958,57762.94866383,,,,,,,,,0000,1.0,7.65500020980835,00,1,neowise,9.064,0.018,8.858,0.014,61.8,76.3,47800.0,773.42,20632.0,270.23,AA
65.0016247,-54.937884,57763.73472431,,,,,,,,,0000,1.0,27.36199951171875,00,1,neowise,9.01,0.014,8.803,0.013,77.3,86.1,50195.0,649.18,21688.0,251.92,AA
65.0017764,-54.9379311,57761.9007955,,,,,,,,,0000,0.5,10.380999565124512,00,1,neowise,9.026,0.015,8.848,0.014,72.4,75.3,49464.0,683.35,20813.0,276.23,AA
65.0017861,-54.937938,57762.42479325,,,,,,,,,0000,1.0,68.68299865722656,00,1,neowise,9.015,0.016,8.778,0.016,69.7,66.3,50003.0,717.26,22208.0,335.18,AA
65.0018018,-54.9379188,57762.55569721,,,,,,,,,0000,1.0,58.340999603271484,00,1,neowise,9.048,0.016,8.852,0.014,67.9,80.1,48492.0,714.55,20734.0,258.87,AA
65.001802,-54.9379568,57762.7521805,,,,,,,,,0000,1.0,25.490999221801758,00,1,neowise,8.986,0.016,8.845,0.014,69.7,79.2,51318.0,736.61,20868.0,263.52,AA
65.0017747,-54.9379075,57763.01424312,,,,,,,,,0000,1.0,9.234000205993652,00,1,neowise,8.978,0.014,8.84,0.014,78.2,76.9,51713.0,661.03,20973.0,272.84,AA
65.0017445,-54.9379366,57763.27617835,,,,,,,,,0000,1.0,52.51900100708008,00,1,neowise,9.032,0.014,8.808,0.014,78.2,78.9,49218.0,629.19,21593.0,273.83,AA
65.0017673,-54.937878,57761.76976419,,,,,,,,,0000,1.0,23.43000030517578,00,1,neowise,8.913,0.017,8.821,0.015,63.2,70.8,54905.0,868.83,21330.0,301.2,AA
65.0017393,-54.937902,57762.03182682,,,,,,,,,0000,1.0,11.083000183105469,00,1,neowise,8.913,0.018,8.738,0.017,61.7,65.7,54932.0,889.65,23031.0,350.72,AA
65.0017514,-54.9378764,57762.29376194,,,,,,,,,0000,1.0,54.95000076293945,00,1,neowise,9.077,0.015,8.945,0.017,73.4,64.9,47191.0,643.1,19031.0,293.16,AA
65.0016906,-54.9379047,57762.88321181,,,,,,,,,0000,1.0,11.286999702453613,00,1,neowise,8.993,0.014,8.812,0.014,78.3,79.2,51020.0,651.49,21517.0,271.51,AA
65.0017251,-54.9379071,57762.94879115,,,,,,,,,0000,0.5,6.88700008392334,00,1,neowise,8.993,0.017,8.774,0.015,65.4,73.7,51002.0,780.35,22281.0,302.2,AA
65.0017456,-54.9378553,57763.07969515,,,,,,,,,0000,1.0,18.381000518798828,00,1,neowise,9.037,0.015,8.851,0.015,72.6,71.5,48990.0,674.68,20755.0,290.23,AA
65.0016918,-54.937902,57763.47266168,,,,,,,,,0000,1.0,68.71600341796875,00,1,neowise,9.025,0.014,8.823,0.014,79.2,78.4,49548.0,625.78,21292.0,271.56,AA
65.0017352,-54.9379961,57761.96637484,,,,,,,,,0000,1.0,7.059999942779541,00,1,neowise,8.956,0.017,8.789,0.014,62.4,76.3,52774.0,845.82,21973.0,287.96,AA
65.0016966,-54.9380424,57761.44237694,,,,,,,,,0000,1.0,68.63800048828125,00,1,neowise,8.937,0.016,8.782,0.015,69.1,72.5,53693.0,776.57,22125.0,305.31,AA
65.0017035,-54.9379872,57761.76989155,,,,,,,,,0000,1.0,22.715999603271484,00,1,neowise,8.815,0.018,8.781,0.015,60.3,71.3,60106.0,996.73,22146.0,310.73,AA
65.0017438,-54.9379779,57761.83534353,,,,,,,,,0000,1.0,15.722000122070312,00,1,neowise,9.014,0.016,8.887,0.014,69.1,77.6,50015.0,723.6,20079.0,258.7,AA
65.0017071,-54.9379305,57762.22831001,,,,,,,,,0000,1.0,44.96799850463867,00,1,neowise,8.958,0.016,8.864,0.012,70.0,93.0,52696.0,752.63,20502.0,220.55,AA
65.0017121,-54.9379563,57762.35921391,,,,,,,,,0000,1.0,62.79899978637695,00,1,neowise,9.02,0.017,8.814,0.014,65.7,75.9,49770.0,757.26,21477.0,282.86,AA
65.0016764,-54.9379279,57762.62127649,,,,,,,,,0000,1.0,46.26100158691406,00,1,neowise,9.042,0.015,8.779,0.013,72.2,82.5,48771.0,675.63,22175.0,268.85,AA
65.0016806,-54.9379344,57762.68672852,,,,,,,,,0000,1.0,35.641998291015625,00,1,neowise,8.995,0.014,8.832,0.014,75.1,80.2,50916.0,678.07,21128.0,263.59,AA
65.0017305,-54.9379513,57763.86562831,,,,,,,,,0000,1.0,12.109999656677246,00,1,neowise,9.036,0.014,8.796,0.014,76.2,80.1,49038.0,643.55,21826.0,272.43,AA
65.0015567,-54.9379059,57763.4072097,,,,,,,,,0000,1.0,67.73600006103516,00,1,neowise,9.016,0.015,8.806,0.014,74.4,77.0,49936.0,671.02,21626.0,280.92,AA
65.0016506,-54.9379549,57761.70431221,,,,,,,,,0000,1.0,32.84400177001953,00,1,neowise,8.85,0.015,8.841,0.014,74.4,80.4,58179.0,782.44,20958.0,260.68,AA
65.0015962,-54.9379562,57762.81775984,,,,,,,,,0000,1.0,17.34600067138672,00,1,neowise,9.015,0.016,8.796,0.016,69.2,66.1,50002.0,722.47,21840.0,330.23,AA
65.0016261,-54.9379496,57763.53824102,,,,,,,,,0000,1.0,61.395999908447266,00,1,neowise,8.87,0.016,8.781,0.013,66.2,82.6,57141.0,863.71,22138.0,268.03,AA
65.0016584,-54.9379412,57763.60369295,,,,,,,,,0000,1.0,49.30799865722656,00,1,neowise,9.031,0.014,8.789,0.013,78.8,83.1,49267.0,625.13,21974.0,264.54,AA
65.0016489,-54.9379022,59943.42448811,,,,,,,,,0000,1.0,68.23899841308594,00,1,neowise,8.93,0.017,8.557,0.012,63.3,87.0,54007.0,852.87,27198.0,312.49,AA
65.0016783,-54.9378941,59943.94555559,,,,,,,,,0000,1.0,7.35099983215332,00,1,neowise,8.854,0.014,8.542,0.012,76.3,92.1,57925.0,759.31,27570.0,299.43,AA
65.001778,-54.9379543,59943.29422128,,,,,,,,,0000,1.0,52.869998931884766,00,1,neowise,8.746,0.018,8.544,0.013,60.7,86.3,63973.0,1054.6,27522.0,318.74,AA
65.0017484,-54.9379445,59943.2943486,,,,,,,,,0000,1.0,53.48699951171875,00,1,neowise,8.848,0.019,8.446,0.014,56.9,76.8,58248.0,1024.2,30119.0,392.21,AA
65.0016958,-54.9379178,59943.42461547,,,,,,,,,0000,0.5,69.00499725341797,00,1,neowise,8.869,0.016,8.507,0.014,67.1,77.5,57109.0,850.73,28473.0,367.38,AA
65.0018134,-54.9378973,59943.81528872,,,,,,,,,0000,1.0,19.125,00,1,neowise,8.79,0.016,8.588,0.014,68.9,79.4,61407.0,891.62,26442.0,333.05,AA
65.0017531,-54.9379393,59944.07582245,,,,,,,,,0000,0.5,13.70300006866455,00,1,neowise,8.829,0.014,8.545,0.013,77.7,82.3,59285.0,763.35,27514.0,334.48,AA
65.0017269,-54.9379195,59944.33635677,,,,,,,,,0000,1.0,59.2859992980957,00,1,neowise,8.839,0.014,8.557,0.013,78.8,85.2,58738.0,745.53,27211.0,319.42,AA
65.0017852,-54.9379396,59945.24771541,,,,,,,,,0000,1.0,44.45800018310547,00,1,neowise,8.749,0.015,8.633,0.012,72.2,88.7,63818.0,884.01,25375.0,286.15,AA
65.001729,-54.9379169,59945.37798227,,,,,,,,,0000,0.5,62.49399948120117,00,1,neowise,8.795,0.014,8.551,0.014,77.6,77.5,61139.0,787.78,27355.0,353.1,AA
65.0017944,-54.9379381,59945.63851591,,,,,,,,,0000,1.0,47.2239990234375,00,1,neowise,8.865,0.015,8.496,0.015,72.1,73.8,57335.0,794.84,28783.0,389.99,AA
65.0017996,-54.937955,59945.76878279,,,,,,,,,0000,1.0,25.85700035095215,00,1,neowise,8.899,0.016,8.595,0.014,65.8,78.2,55547.0,843.69,26255.0,335.87,AA
65.0017372,-54.9379347,59945.89904965,,,,,,,,,0000,0.5,11.5,00,1,neowise,8.753,0.014,8.494,0.013,75.8,81.7,63565.0,839.05,28831.0,353.09,AA
65.0017505,-54.9379402,59946.5502566,,,,,,,,,0000,1.0,63.24599838256836,00,1,neowise,8.88,0.014,8.579,0.014,78.4,78.0,56553.0,720.99,26664.0,341.71,AA
65.0018128,-54.9379468,59946.68052341,,,,,,,,,0000,1.0,40.18600082397461,00,1,neowise,8.819,0.014,8.571,0.014,79.8,79.1,59828.0,750.09,26846.0,339.26,AA
65.00177,-54.93793,59947.07132464,,,,,,,,,0000,1.0,13.298999786376953,00,1,neowise,8.914,0.015,8.567,0.012,74.3,87.9,54814.0,738.13,26956.0,306.68,AA
65.0017685,-54.9379245,59947.46199784,,,,,,,,,0000,1.0,68.66000366210938,00,1,neowise,8.846,0.014,8.53,0.014,78.7,79.7,58360.0,741.72,27878.0,349.58,AA
65.0016924,-54.9379121,59943.55475498,,,,,,,,,0000,0.5,62.279998779296875,00,1,neowise,8.8,0.015,8.567,0.013,70.8,85.8,60887.0,860.44,26958.0,314.27,AA
65.0017577,-54.9378669,59947.20146414,,,,,,,,,0000,1.0,36.077999114990234,00,1,neowise,8.849,0.016,8.531,0.013,66.2,81.1,58164.0,879.01,27855.0,343.35,AA
65.0017237,-54.9379012,59947.33173097,,,,,,,,,0000,1.0,57.10300064086914,00,1,neowise,8.834,0.014,8.522,0.013,77.0,81.8,58970.0,766.02,28096.0,343.27,AA
65.0017249,-54.9379452,59943.55488229,,,,,,,,,0000,0.5,62.207000732421875,00,1,neowise,8.808,0.017,8.509,0.016,64.5,69.9,60411.0,937.14,28432.0,406.79,AA
65.001717,-54.9379414,59943.68502185,,,,,,,,,0000,1.0,38.606998443603516,00,1,neowise,8.884,0.017,8.566,0.013,64.7,82.3,56351.0,871.58,26985.0,327.73,AA
65.0017077,-54.9379589,59944.46662363,,,,,,,,,0000,1.0,70.47200012207031,00,1,neowise,8.812,0.014,8.527,0.013,80.4,83.4,60183.0,748.92,27970.0,335.5,AA
65.0017162,-54.937939,59944.59689051,,,,,,,,,0000,1.0,54.060001373291016,00,1,neowise,8.828,0.013,8.555,0.012,81.9,88.6,59327.0,724.07,27259.0,307.78,AA
65.0016975,-54.937944,59946.41998972,,,,,,,,,0000,1.0,66.5780029296875,00,1,neowise,8.844,0.014,8.569,0.015,77.1,70.4,58440.0,758.39,26910.0,382.35,AA
65.001687,-54.9379568,59946.81079029,,,,,,,,,0000,1.0,20.756000518798828,00,1,neowise,8.843,0.014,8.517,0.014,77.5,76.5,58522.0,755.5,28227.0,368.98,AA
65.0017112,-54.9379593,59946.94105772,,,,,,,,,0000,1.0,8.791999816894531,00,1,neowise,8.853,0.014,8.54,0.013,77.8,83.1,57974.0,745.07,27633.0,332.48,AA
65.0016866,-54.9379556,59947.20159146,,,,,,,,,0000,1.0,36.222999572753906,00,1,neowise,8.773,0.017,8.502,0.012,64.2,92.0,62382.0,972.15,28602.0,310.79,AA
65.0015606,-54.9379215,59944.20608994,,,,,,,,,0000,1.0,37.46099853515625,00,1,neowise,8.88,0.014,8.518,0.013,77.9,81.8,56526.0,725.61,28185.0,344.64,AA
65.0016344,-54.9379398,59943.68514917,,,,,,,,,0000,1.0,38.051998138427734,00,1,neowise,8.684,0.016,8.509,0.014,67.8,78.5,67697.0,999.22,28422.0,362.26,AA
65.0016257,-54.9379299,59946.02918917,,,,,,,,,0000,1.0,9.715999603271484,00,1,neowise,8.73,0.017,8.553,0.013,62.3,83.4,64906.0,1041.3,27298.0,327.45,AA
65.0015633,-54.9379492,59946.28972286,,,,,,,,,0000,1.0,51.143001556396484,00,1,neowise,8.876,0.015,8.606,0.013,74.1,80.8,56746.0,765.85,26006.0,321.78,AA
65.001883,-54.9378879,60515.90554501,,,,,,,,,0000,0.0,72.00499725341797,00,1,neowise,9.11,0.015,9.138,0.016,70.3,69.7,45741.0,650.99,15928.0,228.68,AA
65.0017927,-54.9380398,60515.65061501,,,,,,,,,0000,0.5,36.11899948120117,00,1,neowise,8.997,0.019,9.009,0.015,57.9,70.6,50784.0,876.35,17940.0,253.98,AA
65.0018356,-54.9380594,60515.07683098,,,,,,,,,0000,0.0,48.369998931884766,00,1,neowise,9.141,0.018,9.164,0.014,59.2,76.8,44459.0,751.36,15551.0,202.38,AA
65.0018545,-54.9381508,60515.58681884,,,,,,,,,0000,0.0,23.222000122070312,00,1,neowise,10.026,0.018,9.814,0.016,60.9,66.9,19677.0,323.36,8548.1,127.76,AA
65.0021034,-54.9382075,60514.43937869,,,,,,,,,0000,0.0,3.6549999713897705,00,1,neowise,10.047,0.016,10.29,0.024,66.8,44.7,19295.0,289.05,5512.2,123.37,AA
65.0017414,-54.9377474,60514.94936597,,,,,,,,,0000,0.0,72.18299865722656,00,1,neowise,9.605,0.016,9.468,0.017,68.2,63.4,29005.0,425.02,11750.0,185.37,AA
65.0016222,-54.9378851,60513.86559455,,,,,,,,,0000,1.0,69.76499938964844,00,1,neowise,9.019,0.014,8.942,0.014,76.2,76.8,49751.0,652.9,19083.0,248.41,AA
65.0017697,-54.9379371,60514.75810472,,,,,,,,,0000,0.0,56.33300018310547,00,1,neowise,9.282,0.015,9.147,0.016,71.8,66.0,39037.0,543.65,15798.0,239.44,AA
65.0018083,-54.9378686,60513.99306016,,,,,,,,,0000,0.0,65.51699829101562,00,1,neowise,9.22,0.016,9.189,0.015,66.6,74.0,41333.0,620.63,15192.0,205.26,AA
65.0016382,-54.9380804,60514.69430856,,,,,,,,,0000,1.0,44.8380012512207,00,1,neowise,9.087,0.018,9.01,0.014,61.6,80.0,46744.0,758.73,17916.0,224.06,AA
65.0017408,-54.9379925,60515.77808001,,,,,,,,,0000,1.0,59.11800003051758,00,1,neowise,9.003,0.018,8.936,0.018,60.9,60.8,50477.0,828.31,19178.0,315.38,AA
65.0014972,-54.9379863,60514.18393933,,,,,,,,,0000,1.0,28.233999252319336,00,1,neowise,9.097,0.015,8.999,0.014,74.0,75.7,46295.0,625.85,18100.0,239.15,AA
65.0015224,-54.9379924,60514.37558249,,,,,,,,,0000,1.0,6.089000225067139,00,1,neowise,9.105,0.015,9.039,0.014,72.5,78.3,45978.0,633.81,17452.0,223.03,AA
65.0015406,-54.9379828,60514.63063977,,,,,,,,,0000,0.5,31.958999633789062,00,1,neowise,9.158,0.015,8.942,0.014,73.9,76.9,43786.0,592.13,19077.0,248.24,AA
65.0015318,-54.9380142,60515.39555773,,,,,,,,,0000,1.0,5.329999923706055,00,1,neowise,9.133,0.016,8.997,0.014,68.3,77.6,44780.0,655.41,18143.0,233.69,AA
65.001727,-54.9379821,60513.80179835,,,,,,,,,0000,0.0,62.86600112915039,00,1,neowise,9.194,0.014,9.159,0.017,78.2,65.6,42331.0,541.35,15619.0,238.24,AA
65.0017064,-54.9379532,60514.24811749,,,,,,,,,0000,1.0,19.125999450683594,00,1,neowise,9.043,0.014,8.962,0.013,79.7,84.4,48668.0,610.72,18741.0,222.03,AA
65.001668,-54.9379418,60515.26809269,,,,,,,,,0000,0.5,17.231000900268555,00,1,neowise,9.055,0.017,9.026,0.015,63.8,71.1,48117.0,753.98,17665.0,248.52,AA
65.0016848,-54.9379492,60515.71428381,,,,,,,,,0000,0.0,48.659000396728516,00,1,neowise,9.213,0.014,9.07,0.013,75.0,82.1,41622.0,554.97,16961.0,206.48,AA
65.0015449,-54.9379379,60513.73812955,,,,,,,,,0000,1.0,53.12900161743164,00,1,neowise,9.024,0.016,8.903,0.015,68.8,73.3,49498.0,719.63,19782.0,269.95,AA
65.0015349,-54.9379189,60514.12065253,,,,,,,,,0000,1.0,40.00400161743164,00,1,neowise,9.088,0.014,8.999,0.014,75.4,80.3,46665.0,619.13,18099.0,225.5,AA
65.0016199,-54.9379153,60515.01316213,,,,,,,,,0000,0.5,61.14099884033203,00,1,neowise,8.98,0.016,8.898,0.015,68.4,70.2,51573.0,753.85,19876.0,283.06,AA
65.0016265,-54.9379719,60513.41927611,,,,,,,,,0000,0.0,3.6670000553131104,00,1,neowise,9.074,0.013,9.004,0.013,81.2,80.4,47291.0,582.68,18028.0,224.16,AA
65.0016168,-54.937964,60514.5668436,,,,,,,,,0000,0.0,19.084999084472656,00,1,neowise,9.085,0.015,9.078,0.016,74.7,69.8,46807.0,626.61,16835.0,241.12,AA
65.0015985,-54.9379863,60515.203914,,,,,,,,,0000,1.0,25.222000122070312,00,1,neowise,9.063,0.016,9.092,0.016,67.7,69.3,47755.0,705.73,16624.0,240.03,AA
65.0016743,-54.9379199,60515.33176157,,,,,,,,,0000,1.0,9.730999946594238,00,1,neowise,8.968,0.018,8.924,0.014,60.3,76.2,52130.0,864.26,19395.0,254.38,AA
65.0015676,-54.9379497,60515.6504877,,,,,,,,,0000,1.0,36.02799987792969,00,1,neowise,9.021,0.018,8.886,0.014,60.9,75.0,49646.0,815.39,20084.0,267.62,AA
65.0016202,-54.9379324,60516.03301001,,,,,,,,,0000,0.5,57.23699951171875,00,1,neowise,9.025,0.016,9.091,0.015,68.6,70.5,49451.0,720.93,16628.0,235.83,AA
65.0015377,-54.9380916,60514.88556977,,,,,,,,,0000,1.0,71.32499694824219,00,1,neowise,9.102,0.017,9.076,0.016,65.6,68.4,46087.0,702.71,16869.0,246.59,AA
65.0018521,-54.9379231,56678.42192024,,,,,,,,,0000,1.0,67.71600341796875,00,1,neowise,8.892,0.014,8.796,0.013,75.1,83.8,56318.0,750.08,22230.0,265.13,AA
65.0019438,-54.9379572,56677.82903403,,,,,,,,,0000,1.0,12.798999786376953,00,1,neowise,8.885,0.016,8.747,0.012,67.4,91.2,56712.0,841.99,23252.0,255.09,AA
65.0016279,-54.9378939,56676.77492927,,,,,,,,,0000,1.0,18.913999557495117,00,1,neowise,8.979,0.02,8.82,0.015,53.4,70.7,51988.0,973.49,21752.0,307.77,AA
65.001677,-54.9378972,56678.29012534,,,,,,,,,0000,0.5,59.35900115966797,00,1,neowise,9.011,0.014,8.761,0.014,79.8,80.2,50477.0,632.77,22972.0,286.55,AA
65.0016783,-54.9379132,56676.37954442,,,,,,,,,0000,1.0,66.17400360107422,00,1,neowise,8.887,0.015,8.848,0.013,72.4,83.7,56607.0,781.76,21192.0,253.31,AA
65.0016774,-54.9379108,56675.9842869,,,,,,,,,0000,1.0,12.208000183105469,00,1,neowise,9.009,0.013,8.841,0.011,80.9,95.7,50566.0,624.85,21325.0,222.73,AA
65.0017589,-54.9379084,56678.55358782,,,,,,,,,0000,1.0,51.22200012207031,00,1,neowise,8.866,0.015,8.668,0.013,71.5,81.6,57728.0,807.52,25020.0,306.75,AA
65.001776,-54.9379312,56676.44550558,,,,,,,,,0000,1.0,66.81800079345703,00,1,neowise,8.92,0.017,8.75,0.012,63.2,91.4,54897.0,868.5,23194.0,253.9,AA
65.0018176,-54.9379498,56677.63127792,,,,,,,,,0000,1.0,38.33300018310547,00,1,neowise,8.967,0.015,8.82,0.012,71.5,88.3,52573.0,735.25,21754.0,246.5,AA
65.0017589,-54.9379475,56678.0924966,,,,,,,,,0000,0.5,28.347000122070312,00,1,neowise,8.879,0.013,8.739,0.013,81.6,83.4,57045.0,699.03,23438.0,281.12,AA
65.0017316,-54.9379212,56677.76307287,,,,,,,,,0000,1.0,20.208999633789062,00,1,neowise,8.993,0.014,8.772,0.013,78.9,86.2,51334.0,650.39,22738.0,263.72,AA
65.0017209,-54.9379153,56677.23602053,,,,,,,,,0000,1.0,51.8650016784668,00,1,neowise,8.832,0.015,8.837,0.012,70.6,88.4,59552.0,843.5,21421.0,242.28,AA
65.0018027,-54.9379291,56677.8289067,,,,,,,,,0000,1.0,13.562999725341797,00,1,neowise,8.997,0.016,8.72,0.013,67.2,80.7,51149.0,760.68,23847.0,295.43,AA
65.001747,-54.9379184,56677.69723907,,,,,,,,,0000,1.0,27.766000747680664,00,1,neowise,8.93,0.013,8.732,0.013,82.6,85.0,54392.0,658.85,23583.0,277.38,AA
65.0017752,-54.9379178,56676.84076301,,,,,,,,,0000,1.0,12.913999557495117,00,1,neowise,9.011,0.014,8.831,0.013,76.7,82.2,50516.0,658.5,21523.0,261.8,AA
65.0017661,-54.9379489,56677.43364927,,,,,,,,,0000,1.0,67.05999755859375,00,1,neowise,8.91,0.013,8.841,0.013,81.3,85.3,55403.0,681.74,21336.0,250.2,AA
65.0017143,-54.9378797,56676.57717316,,,,,,,,,0000,1.0,47.57500076293945,00,1,neowise,8.827,0.017,8.814,0.014,63.7,77.6,59814.0,939.15,21865.0,281.77,AA
65.0017217,-54.937864,56676.64313432,,,,,,,,,0000,1.0,36.41999816894531,00,1,neowise,9.017,0.015,8.795,0.011,71.8,95.4,50197.0,699.41,22258.0,233.33,AA
65.0017051,-54.9378971,56678.02666277,,,,,,,,,0000,1.0,17.160999298095703,00,1,neowise,8.946,0.015,8.8,0.013,73.8,82.5,53619.0,726.49,22149.0,268.57,AA
65.0017525,-54.9378751,56676.51133937,,,,,,,,,0000,1.0,58.68000030517578,00,1,neowise,8.931,0.014,8.776,0.013,76.8,82.2,54352.0,708.11,22650.0,275.6,AA
65.0017144,-54.9378995,56675.852492,,,,,,,,,0000,1.0,12.741000175476074,00,1,neowise,8.906,0.017,8.78,0.014,62.9,75.9,55610.0,884.78,22564.0,297.28,AA
65.0017108,-54.9379047,56676.97255796,,,,,,,,,0000,1.0,11.029999732971191,00,1,neowise,8.857,0.015,8.841,0.013,71.6,81.2,58167.0,812.24,21330.0,262.82,AA
65.0017639,-54.9379037,56677.17018675,,,,,,,,,0000,1.0,41.9010009765625,00,1,neowise,9.052,0.014,8.759,0.014,78.1,80.4,48613.0,622.49,23011.0,286.35,AA
65.0017047,-54.9379853,56676.24787679,,,,,,,,,0000,0.5,53.49399948120117,00,1,neowise,8.916,0.017,8.747,0.016,62.7,66.2,55132.0,879.49,23257.0,351.48,AA
65.001681,-54.9379248,56678.15833039,,,,,,,,,0000,1.0,39.89400100708008,00,1,neowise,8.938,0.014,8.704,0.012,76.9,87.2,54001.0,701.98,24201.0,277.66,AA
65.0016707,-54.9379518,56677.10422559,,,,,,,,,0000,1.0,30.299999237060547,00,1,neowise,8.994,0.017,8.66,0.014,62.1,77.0,51296.0,826.0,25197.0,327.36,AA
65.0016981,-54.9379661,56677.36781549,,,,,,,,,0000,1.0,66.27999877929688,00,1,neowise,9.004,0.014,8.767,0.012,75.8,88.9,50840.0,670.62,22831.0,256.83,AA
65.0016806,-54.9379442,56676.31371059,,,,,,,,,0000,1.0,61.1510009765625,00,1,neowise,8.919,0.014,8.792,0.012,77.7,92.2,54950.0,707.27,22311.0,242.08,AA
65.0017632,-54.9379599,56677.89486781,,,,,,,,,0000,1.0,9.20300006866455,00,1,neowise,8.927,0.013,8.78,0.013,84.1,82.0,54536.0,648.25,22562.0,275.14,AA
65.0017333,-54.9379477,56677.03839179,,,,,,,,,0000,1.0,19.180999755859375,00,1,neowise,8.952,0.014,8.77,0.012,78.2,87.3,53319.0,681.63,22768.0,260.91,AA
65.001783,-54.9379654,56676.70896811,,,,,,,,,0000,1.0,26.660999298095703,00,1,neowise,8.901,0.015,8.78,0.013,73.4,85.2,55866.0,761.17,22574.0,264.93,AA
65.0016669,-54.9379808,56677.10435295,,,,,,,,,0000,1.0,30.413999557495117,00,1,neowise,8.99,0.02,8.78,0.016,55.2,68.0,51487.0,932.38,22566.0,331.97,AA
65.0017193,-54.9379384,56676.90659685,,,,,,,,,0000,0.5,9.378999710083008,00,1,neowise,8.919,0.015,8.801,0.012,73.0,88.4,54939.0,752.28,22123.0,250.39,AA
65.0015668,-54.937935,56676.77480196,,,,,,,,,0000,1.0,19.385000228881836,00,1,neowise,8.953,0.016,8.749,0.013,68.1,84.3,53281.0,782.64,23229.0,275.42,AA
65.0016522,-54.9379241,56676.11608185,,,,,,,,,0000,1.0,32.3489990234375,00,1,neowise,8.915,0.015,8.778,0.014,72.0,78.6,55149.0,766.48,22607.0,287.65,AA
65.001608,-54.9379445,56677.56544418,,,,,,,,,0000,1.0,49.104000091552734,00,1,neowise,8.916,0.013,8.801,0.012,80.4,89.8,55092.0,684.91,22141.0,246.62,AA
65.001644,-54.9379582,56677.30198164,,,,,,,,,0000,1.0,60.643001556396484,00,1,neowise,8.977,0.015,8.719,0.013,72.8,80.5,52096.0,715.36,23877.0,296.56,AA
65.0016548,-54.9379442,56677.96070166,,,,,,,,,0000,1.0,10.458999633789062,00,1,neowise,8.93,0.013,8.723,0.013,84.1,85.6,54408.0,646.87,23788.0,277.79,AA
65.0015844,-54.9379847,56678.55371519,,,,,,,,,0000,1.0,50.82699966430664,00,1,neowise,9.021,0.017,8.753,0.014,62.2,79.8,50033.0,804.43,23142.0,290.09,AA
65.0018214,-54.9380258,57228.85016064,,,,,,,,,0000,1.0,72.6709976196289,00,1,neowise,8.827,0.019,8.732,0.013,58.6,83.3,59343.0,1012.9,23185.0,278.17,AA
65.0017965,-54.9378401,57228.32540197,,,,,,,,,0000,0.5,6.11899995803833,00,1,neowise,9.039,0.013,8.802,0.014,84.1,76.6,48830.0,580.86,21734.0,283.9,AA
65.0016674,-54.9378927,57228.78458177,,,,,,,,,0000,1.0,67.91300201416016,00,1,neowise,9.01,0.015,8.821,0.012,74.0,91.1,50117.0,677.04,21354.0,234.44,AA
65.0016586,-54.937894,57228.58784497,,,,,,,,,0000,0.5,36.125999450683594,00,1,neowise,8.967,0.015,8.915,0.012,72.2,93.4,52181.0,722.43,19589.0,209.69,AA
65.001667,-54.9379073,57228.85028806,,,,,,,,,0000,0.0,71.94599914550781,00,1,neowise,8.897,0.017,8.959,0.014,63.8,75.1,55607.0,871.48,18804.0,250.34,AA
65.0017916,-54.9379553,57227.27575689,,,,,,,,,0000,0.5,9.581999778747559,00,1,neowise,8.972,0.013,8.844,0.013,86.8,81.8,51920.0,597.89,20905.0,255.67,AA
65.0017257,-54.9379134,57228.52226609,,,,,,,,,0000,1.0,23.1560001373291,00,1,neowise,8.962,0.019,8.802,0.014,57.5,78.3,52405.0,910.66,21731.0,277.67,AA
65.0017895,-54.9379275,57228.91586692,,,,,,,,,0000,0.5,67.94999694824219,00,1,neowise,8.982,0.014,8.912,0.015,77.0,73.7,51419.0,667.56,19641.0,266.54,AA
65.001757,-54.9379164,57227.01331385,,,,,,,,,0000,0.5,48.494998931884766,00,1,neowise,8.972,0.013,8.871,0.013,81.2,82.4,51938.0,639.41,20398.0,247.55,AA
65.0016808,-54.9379158,57227.60377885,,,,,,,,,0000,1.0,39.37699890136719,00,1,neowise,9.002,0.013,8.865,0.013,83.1,82.1,50514.0,608.21,20518.0,249.77,AA
65.0013716,-54.9379961,57228.98144584,,,,,,,,,0000,0.5,54.930999755859375,00,1,neowise,9.023,0.014,8.942,0.013,75.0,85.0,49527.0,660.11,19104.0,224.68,AA
65.0017899,-54.9379924,57227.80064288,,,,,,,,,0000,1.0,68.74700164794922,00,1,neowise,8.923,0.016,8.836,0.015,68.7,74.1,54340.0,791.12,21062.0,284.26,AA
65.0017048,-54.9379994,57229.4406255,,,,,,,,,0000,1.0,8.442000389099121,00,1,neowise,8.994,0.016,8.86,0.013,69.8,84.5,50856.0,728.39,20600.0,243.87,AA
65.0017892,-54.9379747,57228.39098089,,,,,,,,,0000,1.0,4.64300012588501,00,1,neowise,9.039,0.014,8.875,0.014,78.9,78.7,48828.0,618.68,20325.0,258.21,AA
65.0016065,-54.9380484,57228.25982315,,,,,,,,,0000,0.5,11.251999855041504,00,1,neowise,8.976,0.015,8.883,0.013,74.0,86.7,51712.0,698.51,20170.0,232.68,AA
65.0016444,-54.938049,57227.80051551,,,,,,,,,0000,1.0,69.3219985961914,00,1,neowise,8.998,0.016,8.847,0.013,68.9,80.7,50687.0,735.67,20852.0,258.41,AA
65.0015025,-54.9380119,57227.99738021,,,,,,,,,0000,0.5,51.68600082397461,00,1,neowise,8.968,0.014,8.825,0.014,78.9,76.1,52088.0,660.18,21280.0,279.69,AA
65.0014964,-54.9380159,57227.93180072,,,,,,,,,0000,0.5,64.76100158691406,00,1,neowise,9.058,0.014,8.898,0.013,78.8,83.1,47949.0,608.82,19893.0,239.52,AA
65.0015929,-54.938005,57227.86622179,,,,,,,,,0000,0.5,71.90599822998047,00,1,neowise,8.998,0.013,8.812,0.014,81.5,80.2,50707.0,622.15,21538.0,268.47,AA
65.0016781,-54.937953,57229.30946771,,,,,,,,,0000,0.5,6.926000118255615,00,1,neowise,9.1,0.015,8.82,0.013,73.8,84.7,46144.0,625.11,21374.0,252.46,AA
65.0017164,-54.9379596,57228.06295907,,,,,,,,,0000,0.5,39.22100067138672,00,1,neowise,9.012,0.014,8.821,0.015,78.7,73.1,50051.0,635.76,21371.0,292.16,AA
65.0017834,-54.9379664,57228.65342389,,,,,,,,,0000,1.0,49.01599884033203,00,1,neowise,9.036,0.013,8.85,0.013,81.2,81.3,48935.0,602.66,20799.0,255.69,AA
65.0016789,-54.9379425,57227.40691478,,,,,,,,,0000,0.5,5.5,00,1,neowise,8.912,0.014,8.88,0.013,75.4,85.1,54845.0,726.99,20226.0,237.78,AA
65.0016961,-54.9379456,57229.04702481,,,,,,,,,0000,1.0,42.03799819946289,00,1,neowise,9.063,0.015,8.8,0.015,74.2,71.5,47754.0,643.85,21770.0,304.46,AA
65.0015852,-54.9379761,57229.37504662,,,,,,,,,0000,0.5,3.7990000247955322,00,1,neowise,8.975,0.014,8.937,0.013,78.1,82.2,51779.0,662.74,19204.0,233.52,AA
65.00163,-54.93799,57227.66935777,,,,,,,,,0000,0.5,51.96500015258789,00,1,neowise,8.968,0.013,8.926,0.012,82.9,87.9,52120.0,628.41,19388.0,220.65,AA
65.0016474,-54.9379592,57228.7190028,,,,,,,,,0000,1.0,59.88600158691406,00,1,neowise,9.004,0.015,8.83,0.013,73.9,84.2,50396.0,681.99,21183.0,251.47,AA
65.0016382,-54.9379423,57229.24388883,,,,,,,,,0000,0.5,12.940999984741211,00,1,neowise,8.922,0.017,8.822,0.016,62.1,67.7,54355.0,875.64,21337.0,314.98,AA
65.0016084,-54.937953,57227.73493664,,,,,,,,,0000,0.5,61.84600067138672,00,1,neowise,8.995,0.013,8.866,0.013,85.5,84.1,50840.0,594.57,20495.0,243.64,AA
65.0017853,-54.9379438,58483.03856512,,,,,,,,,0000,1.0,7.8429999351501465,00,1,neowise,8.611,0.02,8.106,0.015,55.7,70.7,72421.0,1301.1,41228.0,583.21,AA
65.0017466,-54.9379269,58483.56205179,,,,,,,,,0000,1.0,61.35499954223633,00,1,neowise,8.633,0.017,8.089,0.012,63.5,92.6,71002.0,1118.1,41879.0,452.11,AA
65.0017424,-54.93793,58484.21644207,,,,,,,,,0000,1.0,39.266998291015625,00,1,neowise,8.67,0.014,8.074,0.012,78.9,87.3,68589.0,869.18,42459.0,486.1,AA
65.0017163,-54.9379151,58484.34721822,,,,,,,,,0000,1.0,61.071998596191406,00,1,neowise,8.657,0.015,8.102,0.012,74.5,89.2,69426.0,931.4,41346.0,463.51,AA
65.0016854,-54.9379147,58483.16946868,,,,,,,,,0000,1.0,29.884000778198242,00,1,neowise,8.704,0.015,8.121,0.012,70.9,87.3,66483.0,938.18,40644.0,465.33,AA
65.0017154,-54.9380036,58482.64598191,,,,,,,,,0000,0.5,45.35200119018555,00,1,neowise,8.58,0.017,8.029,0.013,63.0,82.1,74525.0,1183.6,44221.0,538.94,AA
65.0017262,-54.9380094,58483.43127565,,,,,,,,,0000,0.0,70.15299987792969,00,1,neowise,8.726,0.02,8.011,0.015,54.7,71.7,65141.0,1190.7,44959.0,626.84,AA
65.0017185,-54.9379568,58482.77688542,,,,,,,,,0000,1.0,23.38599967956543,00,1,neowise,8.654,0.014,8.023,0.011,76.6,99.2,69642.0,909.69,44479.0,448.42,AA
65.0017014,-54.9379586,58482.90778897,,,,,,,,,0000,1.0,8.805999755859375,00,1,neowise,8.625,0.015,8.044,0.012,71.2,93.3,71536.0,1004.4,43620.0,467.53,AA
65.0017153,-54.9379464,58483.30037214,,,,,,,,,0000,1.0,54.44599914550781,00,1,neowise,8.68,0.015,8.036,0.013,71.7,84.6,67982.0,948.02,43958.0,519.44,AA
65.0016703,-54.9379412,58483.82385882,,,,,,,,,0000,1.0,17.207000732421875,00,1,neowise,8.646,0.015,8.031,0.015,70.1,73.4,70153.0,1001.3,44174.0,602.12,AA
65.0016984,-54.9379319,58484.08553861,,,,,,,,,0000,1.0,14.517999649047852,00,1,neowise,8.698,0.014,8.109,0.013,78.4,83.7,66852.0,852.76,41081.0,491.0,AA
65.0016842,-54.9379532,58484.47812174,,,,,,,,,0000,1.0,71.34600067138672,00,1,neowise,8.684,0.014,8.107,0.014,78.0,79.6,67743.0,868.3,41185.0,517.4,AA
65.0016771,-54.9379468,58484.60902524,,,,,,,,,0000,1.0,51.90299987792969,00,1,neowise,8.679,0.013,8.059,0.013,80.8,83.9,68061.0,842.12,43027.0,513.09,AA
65.0016881,-54.9379381,58484.73980144,,,,,,,,,0000,1.0,29.106000900268555,00,1,neowise,8.659,0.017,8.098,0.013,64.7,81.1,69277.0,1070.6,41532.0,512.24,AA
65.0016745,-54.9379657,58484.7399288,,,,,,,,,0000,1.0,28.711000442504883,00,1,neowise,8.702,0.017,8.064,0.012,62.4,92.1,66591.0,1066.4,42836.0,465.02,AA
65.0016294,-54.9379249,58483.03869249,,,,,,,,,0000,1.0,7.2789998054504395,00,1,neowise,8.644,0.018,8.075,0.015,61.1,71.2,70269.0,1150.6,42420.0,596.15,AA
65.0015539,-54.9379452,58483.69295536,,,,,,,,,0000,1.0,36.801998138427734,00,1,neowise,8.697,0.014,7.979,0.015,76.2,71.7,66925.0,878.04,46303.0,645.54,AA
65.0016152,-54.9379867,58483.95463506,,,,,,,,,0000,1.0,6.124000072479248,00,1,neowise,8.579,0.016,8.068,0.013,66.3,83.9,74572.0,1124.7,42671.0,508.5,AA
65.0016507,-54.937955,58484.87070499,,,,,,,,,0000,1.0,11.979000091552734,00,1,neowise,8.682,0.013,8.084,0.012,82.1,87.8,67875.0,827.08,42057.0,479.21,AA
65.0015582,-54.9380371,56867.72514291,,,,,,,,,0000,1.0,62.79100036621094,00,1,neowise,8.979,0.018,8.842,0.014,60.0,75.9,51572.0,859.06,20885.0,275.12,AA
65.0016434,-54.9379195,56867.65943667,,,,,,,,,0000,1.0,52.81100082397461,00,1,neowise,8.942,0.016,8.887,0.013,68.2,85.6,53344.0,781.75,20048.0,234.34,AA
65.0015871,-54.9379247,56867.85681,,,,,,,,,0000,1.0,72.16899871826172,00,1,neowise,9.003,0.015,8.748,0.016,71.4,66.3,50408.0,706.1,22771.0,343.48,AA
65.0015392,-54.9379124,56867.59360311,,,,,,,,,0000,1.0,40.18199920654297,00,1,neowise,8.937,0.015,8.867,0.015,70.8,72.5,53594.0,756.96,20416.0,281.49,AA
65.0016517,-54.937955,56867.72527022,,,,,,,,,0000,0.5,62.35300064086914,00,1,neowise,8.844,0.017,8.837,0.015,62.8,73.2,58377.0,929.58,20982.0,286.82,AA
65.0016533,-54.9379545,56867.98834979,,,,,,,,,0000,1.0,50.61800003051758,00,1,neowise,8.993,0.014,8.851,0.012,77.0,91.8,50911.0,661.11,20721.0,225.71,AA
65.0017896,-54.9378759,57404.82024157,,,,,,,,,0000,1.0,14.732999801635742,00,1,neowise,8.895,0.017,8.779,0.012,65.2,88.9,55846.0,856.14,22118.0,248.71,AA
65.0016429,-54.938045,57404.68908302,,,,,,,,,0000,1.0,32.05799865722656,00,1,neowise,8.946,0.016,8.661,0.014,69.8,77.3,53264.0,763.42,24656.0,319.1,AA
65.001624,-54.9379258,57404.75466229,,,,,,,,,0000,1.0,22.121999740600586,00,1,neowise,8.914,0.014,8.762,0.014,75.5,77.5,54845.0,726.51,22473.0,289.78,AA
65.0016193,-54.9378893,58688.58281159,,,,,,,,,0000,0.5,22.486000061035156,00,1,neowise,8.809,0.016,8.61,0.013,68.6,81.9,60378.0,880.49,25909.0,316.48,AA
65.0016515,-54.9379027,58689.76068517,,,,,,,,,0000,1.0,58.85599899291992,00,1,neowise,8.875,0.014,8.553,0.013,79.2,86.1,56799.0,716.73,27301.0,316.9,AA
65.0017824,-54.9379283,58690.02236419,,,,,,,,,0000,0.5,58.207000732421875,00,1,neowise,8.884,0.013,8.582,0.013,82.2,81.6,56352.0,685.57,26591.0,325.83,AA
65.001687,-54.9379161,58687.73244994,,,,,,,,,0000,1.0,54.49700164794922,00,1,neowise,8.956,0.016,8.599,0.015,67.5,73.8,52716.0,780.75,26182.0,354.83,AA
65.0017596,-54.9379948,58688.05945317,,,,,,,,,0000,1.0,50.58599853515625,00,1,neowise,8.868,0.015,8.567,0.014,72.5,77.1,57160.0,788.15,26960.0,349.66,AA
65.0016061,-54.938016,58686.62040984,,,,,,,,,0000,0.5,30.9060001373291,00,1,neowise,8.861,0.016,8.584,0.013,69.3,81.1,57543.0,829.99,26522.0,326.96,AA
65.0015735,-54.938025,58688.45190843,,,,,,,,,0000,1.0,0.5189999938011169,00,1,neowise,8.816,0.016,8.612,0.013,66.9,83.4,59952.0,896.73,25847.0,309.82,AA
65.0016096,-54.938012,58689.4990063,,,,,,,,,0000,1.0,7.815999984741211,00,1,neowise,8.859,0.015,8.576,0.014,73.3,79.8,57620.0,786.28,26732.0,334.84,AA
65.0017092,-54.9380391,58688.64813581,,,,,,,,,0000,1.0,36.935001373291016,00,1,neowise,8.868,0.019,8.525,0.014,56.7,75.5,57174.0,1007.9,28010.0,370.82,AA
65.0016309,-54.9380102,58688.7135874,,,,,,,,,0000,1.0,50.9010009765625,00,1,neowise,8.851,0.017,8.605,0.014,64.8,77.1,58061.0,896.41,26035.0,337.48,AA
65.0015648,-54.9379978,58687.27454358,,,,,,,,,0000,1.0,12.934000015258789,00,1,neowise,8.892,0.015,8.585,0.016,71.6,70.0,55902.0,780.64,26506.0,378.49,AA
65.0015909,-54.9379927,58687.40531934,,,,,,,,,0000,1.0,0.9739999771118164,00,1,neowise,8.919,0.015,8.589,0.014,71.1,78.9,54523.0,766.69,26408.0,334.62,AA
65.0015816,-54.9379896,58690.152758,,,,,,,,,0000,0.5,31.520000457763672,00,1,neowise,8.856,0.014,8.567,0.013,77.2,80.8,57829.0,748.89,26963.0,333.52,AA
65.001685,-54.9379757,58686.88196145,,,,,,,,,0000,0.5,74.9520034790039,00,1,neowise,8.913,0.017,8.541,0.013,65.6,84.6,54860.0,836.77,27605.0,326.47,AA
65.001741,-54.9379425,58686.94741303,,,,,,,,,0000,1.0,74.84300231933594,00,1,neowise,8.863,0.014,8.592,0.013,78.7,85.5,57448.0,730.33,26333.0,307.91,AA
65.0016685,-54.9379663,58687.01286461,,,,,,,,,0000,1.0,60.8120002746582,00,1,neowise,8.909,0.014,8.553,0.014,80.4,76.9,55057.0,684.63,27307.0,355.16,AA
65.001715,-54.9379456,58687.33986775,,,,,,,,,0000,0.5,5.2220001220703125,00,1,neowise,8.9,0.016,8.572,0.013,68.5,84.1,55514.0,809.9,26820.0,318.85,AA
65.0016728,-54.9379334,58687.53609519,,,,,,,,,0000,1.0,12.51099967956543,00,1,neowise,8.738,0.017,8.59,0.013,65.4,85.8,64460.0,986.37,26378.0,307.37,AA
65.0016555,-54.9379637,58687.60154672,,,,,,,,,0000,1.0,26.570999145507812,00,1,neowise,8.91,0.013,8.587,0.013,81.6,85.3,55020.0,673.99,26462.0,310.38,AA
65.0016915,-54.9379511,58687.79777411,,,,,,,,,0000,0.5,65.66899871826172,00,1,neowise,9.006,0.017,8.566,0.014,63.9,75.7,50328.0,787.13,26974.0,356.51,AA
65.0016757,-54.93796,58688.38658425,,,,,,,,,0000,1.0,2.078000068664551,00,1,neowise,8.886,0.016,8.581,0.013,69.8,85.1,56238.0,805.19,26617.0,312.63,AA
65.001688,-54.9379706,58688.64826313,,,,,,,,,0000,1.0,36.96699905395508,00,1,neowise,8.843,0.018,8.49,0.014,62.0,78.2,58487.0,943.37,28930.0,370.16,AA
65.0017234,-54.9379763,58688.90981478,,,,,,,,,0000,1.0,76.52799987792969,00,1,neowise,8.779,0.018,8.518,0.014,60.3,79.7,62073.0,1028.6,28201.0,353.85,AA
65.0017671,-54.9379712,58688.90994214,,,,,,,,,0000,0.5,75.79499816894531,00,1,neowise,8.791,0.019,8.539,0.015,57.5,71.2,61350.0,1066.2,27654.0,388.27,AA
65.001672,-54.9379465,58688.97526641,,,,,,,,,0000,1.0,69.16000366210938,00,1,neowise,8.812,0.014,8.59,0.014,77.2,79.1,60221.0,779.89,26385.0,333.4,AA
65.0017196,-54.9379715,58689.95691265,,,,,,,,,0000,1.0,71.87000274658203,00,1,neowise,8.847,0.017,8.559,0.012,63.9,87.9,58296.0,911.9,27143.0,308.79,AA
65.0016325,-54.9379884,58689.95703997,,,,,,,,,0000,1.0,71.4219970703125,00,1,neowise,8.858,0.018,8.541,0.014,61.5,79.2,57683.0,938.51,27597.0,348.35,AA
65.001663,-54.9379547,58690.28404316,,,,,,,,,0000,0.5,13.217000007629395,00,1,neowise,8.867,0.013,8.591,0.014,80.6,76.6,57219.0,709.8,26369.0,344.39,AA
65.0015583,-54.9379357,58687.86322574,,,,,,,,,0000,1.0,73.12999725341797,00,1,neowise,8.92,0.014,8.613,0.013,78.5,82.1,54510.0,694.24,25831.0,314.47,AA
65.0015409,-54.9379332,58688.3211321,,,,,,,,,0000,1.0,7.327000141143799,00,1,neowise,8.926,0.015,8.589,0.014,70.4,79.5,54200.0,769.35,26403.0,332.16,AA
65.0015525,-54.9379145,58688.77903897,,,,,,,,,0000,0.5,62.928001403808594,00,1,neowise,8.921,0.016,8.616,0.012,69.4,88.4,54444.0,784.05,25763.0,291.34,AA
65.0015802,-54.9379077,58689.62990941,,,,,,,,,0000,0.5,33.24700164794922,00,1,neowise,8.858,0.014,8.549,0.013,75.0,85.8,57723.0,769.46,27401.0,319.39,AA
65.0016545,-54.9379456,58686.75118564,,,,,,,,,0000,1.0,58.09199905395508,00,1,neowise,8.929,0.014,8.672,0.013,79.3,81.4,54049.0,681.35,24476.0,300.77,AA
65.0016344,-54.937983,58687.209092,,,,,,,,,0000,0.5,22.267000198364258,00,1,neowise,8.911,0.013,8.603,0.012,81.5,87.4,54924.0,673.95,26085.0,298.29,AA
65.0015832,-54.9379746,58687.53622255,,,,,,,,,0000,1.0,12.881999969482422,00,1,neowise,8.803,0.017,8.574,0.014,65.7,79.0,60718.0,924.31,26780.0,338.89,AA
65.001648,-54.9379634,58687.66699831,,,,,,,,,0000,0.5,41.04399871826172,00,1,neowise,8.932,0.015,8.558,0.014,74.7,77.8,53898.0,721.57,27177.0,349.51,AA
65.0016113,-54.9379336,58687.92867733,,,,,,,,,0000,1.0,76.1719970703125,00,1,neowise,8.883,0.015,8.623,0.012,72.3,93.0,56394.0,780.44,25594.0,275.13,AA
65.0016335,-54.937952,58687.99400154,,,,,,,,,0000,1.0,65.24400329589844,00,1,neowise,8.901,0.016,8.63,0.013,66.7,86.2,55461.0,831.84,25426.0,295.12,AA
65.0016055,-54.9379638,58688.25568051,,,,,,,,,0000,1.0,14.76099967956543,00,1,neowise,8.902,0.015,8.57,0.013,72.4,84.7,55390.0,764.78,26871.0,317.23,AA
65.0016555,-54.9379256,58688.8444906,,,,,,,,,0000,0.5,71.22899627685547,00,1,neowise,8.819,0.017,8.537,0.014,62.3,78.7,59786.0,959.73,27711.0,352.16,AA
65.0016132,-54.9379594,58689.89158838,,,,,,,,,0000,1.0,73.38899993896484,00,1,neowise,8.886,0.014,8.56,0.013,75.0,85.3,56213.0,749.41,27127.0,317.84,AA
65.0015915,-54.9379636,58690.21859157,,,,,,,,,0000,1.0,21.76099967956543,00,1,neowise,8.903,0.016,8.551,0.012,67.0,87.0,55330.0,826.37,27349.0,314.31,AA
65.0016118,-54.9379619,57399.37868703,,,,,,,,,0000,1.0,65.66600036621094,00,1,neowise,8.855,0.018,8.727,0.015,58.9,74.3,57922.0,983.54,23219.0,312.5,AA
65.0018854,-54.9378407,57399.96864606,,,,,,,,,0000,1.0,9.277000427246094,00,1,neowise,8.82,0.017,8.828,0.014,64.2,76.3,59820.0,932.25,21149.0,277.07,AA
65.0016412,-54.937904,57399.83761478,,,,,,,,,0000,0.5,14.392999649047852,00,1,neowise,8.979,0.018,8.77,0.014,59.7,77.7,51672.0,865.56,22314.0,287.34,AA
65.0016805,-54.9379097,57400.88650159,,,,,,,,,0000,0.5,11.125,00,1,neowise,8.997,0.017,8.762,0.014,63.6,80.2,50806.0,798.51,22464.0,280.14,AA
65.0015756,-54.9378653,57401.34542925,,,,,,,,,0000,0.5,62.534000396728516,00,1,neowise,9.014,0.017,8.766,0.013,63.6,83.0,50041.0,786.62,22397.0,269.88,AA
65.0018183,-54.9379236,57399.70645618,,,,,,,,,0000,0.5,30.395000457763672,00,1,neowise,8.97,0.016,8.843,0.012,68.4,93.0,52099.0,761.5,20863.0,224.24,AA
65.0017152,-54.9379137,57399.77203551,,,,,,,,,0000,1.0,21.725000381469727,00,1,neowise,8.933,0.015,8.817,0.014,73.1,79.0,53916.0,737.69,21367.0,270.55,AA
65.0017435,-54.9379347,57400.36212182,,,,,,,,,0000,1.0,64.5479965209961,00,1,neowise,8.877,0.018,8.789,0.013,61.1,80.8,56776.0,929.19,21923.0,271.26,AA
65.0017323,-54.9379246,57400.55873233,,,,,,,,,0000,0.5,54.895999908447266,00,1,neowise,9.017,0.015,8.822,0.012,74.3,89.4,49874.0,671.25,21275.0,237.85,AA
65.0017227,-54.9379121,57400.82104962,,,,,,,,,0000,1.0,15.701000213623047,00,1,neowise,8.955,0.017,8.848,0.014,64.8,80.0,52816.0,815.36,20770.0,259.68,AA
65.0017472,-54.9379183,57401.01766019,,,,,,,,,0000,1.0,11.876999855041504,00,1,neowise,9.029,0.014,8.786,0.013,75.8,82.5,49362.0,651.52,21983.0,266.59,AA
65.0018058,-54.9379168,57401.0832395,,,,,,,,,0000,1.0,21.89900016784668,00,1,neowise,8.992,0.013,8.74,0.014,82.0,79.9,51037.0,622.66,22931.0,286.93,AA
65.0016885,-54.9379055,57399.50971825,,,,,,,,,0000,1.0,63.70100021362305,00,1,neowise,8.874,0.015,8.727,0.013,73.6,81.3,56920.0,773.43,23204.0,285.38,AA
65.001757,-54.9378583,57399.64087685,,,,,,,,,0000,1.0,41.04999923706055,00,1,neowise,9.0,0.015,8.769,0.014,70.2,75.9,50660.0,721.78,22332.0,294.42,AA
65.0017149,-54.9379008,57400.03422538,,,,,,,,,0000,1.0,14.118000030517578,00,1,neowise,8.931,0.016,8.7,0.015,67.2,71.4,54012.0,803.38,23793.0,333.08,AA
65.0017541,-54.9378818,57400.09980466,,,,,,,,,0000,1.0,24.763999938964844,00,1,neowise,8.941,0.014,8.854,0.012,77.0,86.9,53526.0,695.51,20656.0,237.68,AA
65.0017556,-54.9379052,57400.9520809,,,,,,,,,0000,0.5,8.258000373840332,00,1,neowise,9.042,0.014,8.792,0.013,77.7,85.9,48743.0,627.36,21870.0,254.65,AA
65.00171,-54.93791,57401.41100858,,,,,,,,,0000,1.0,67.80599975585938,00,1,neowise,9.017,0.014,8.851,0.013,78.3,81.8,49903.0,637.12,20706.0,253.07,AA
65.0017682,-54.9379805,57399.90319411,,,,,,,,,0000,1.0,9.718999862670898,00,1,neowise,8.893,0.018,8.824,0.014,60.4,79.5,55905.0,925.06,21224.0,267.06,AA
65.0016815,-54.9380213,57400.36199446,,,,,,,,,0000,1.0,63.80099868774414,00,1,neowise,8.881,0.019,8.766,0.015,58.6,72.9,56548.0,964.81,22385.0,307.27,AA
65.0016982,-54.9379771,57399.90306678,,,,,,,,,0000,1.0,10.486000061035156,00,1,neowise,8.886,0.017,8.745,0.014,63.7,77.9,56284.0,884.0,22836.0,293.15,AA
65.0017693,-54.9379548,57400.23096322,,,,,,,,,0000,0.5,47.685001373291016,00,1,neowise,8.958,0.016,8.829,0.014,67.6,77.5,52677.0,779.6,21130.0,272.71,AA
65.0016827,-54.9379432,57400.62431166,,,,,,,,,0000,1.0,43.6150016784668,00,1,neowise,9.054,0.016,8.743,0.016,69.7,70.0,48233.0,691.76,22867.0,326.64,AA
65.0017566,-54.9379767,57400.68989097,,,,,,,,,0000,1.0,32.680999755859375,00,1,neowise,9.026,0.016,8.704,0.015,70.0,74.3,49504.0,707.37,23705.0,319.02,AA
65.0016687,-54.9379689,57400.7554703,,,,,,,,,0000,0.5,23.312000274658203,00,1,neowise,8.964,0.014,8.705,0.016,76.8,65.8,52406.0,682.51,23680.0,359.76,AA
65.0017175,-54.9379538,57401.21439806,,,,,,,,,0000,0.5,45.24800109863281,00,1,neowise,8.953,0.015,8.766,0.013,73.2,83.8,52924.0,723.15,22398.0,267.31,AA
65.0017629,-54.9379503,57401.27997729,,,,,,,,,0000,0.5,55.374000549316406,00,1,neowise,8.955,0.015,8.809,0.015,72.3,73.4,52838.0,730.46,21528.0,293.32,AA
65.0016837,-54.9379628,57401.47658789,,,,,,,,,0000,0.5,67.69499969482422,00,1,neowise,8.936,0.014,8.806,0.013,77.3,84.4,53766.0,695.1,21580.0,255.61,AA
65.0015177,-54.9379285,57400.4931531,,,,,,,,,0000,1.0,66.21399688720703,00,1,neowise,9.064,0.016,8.768,0.014,67.6,78.0,47774.0,706.64,22349.0,286.49,AA
65.0016217,-54.9379741,57400.29654249,,,,,,,,,0000,1.0,57.08300018310547,00,1,neowise,8.971,0.015,8.736,0.012,70.3,89.5,52057.0,740.45,23023.0,257.14,AA
65.001583,-54.9379566,57400.42757377,,,,,,,,,0000,1.0,67.75700378417969,00,1,neowise,8.975,0.016,8.767,0.013,67.1,82.0,51874.0,772.95,22363.0,272.73,AA
65.0016623,-54.9379312,57401.54216718,,,,,,,,,0000,0.5,57.79399871826172,00,1,neowise,9.038,0.014,8.78,0.013,76.3,84.1,48941.0,641.73,22094.0,262.68,AA
65.0014471,-54.9377533,58322.7787177,,,,,,,,,0000,0.0,63.91600036621094,00,1,neowise,8.211,0.013,7.442,0.012,85.2,91.1,104660.0,1228.8,75931.0,833.08,AA
65.0017113,-54.9379218,58324.67643339,,,,,,,,,0000,0.5,44.82099914550781,00,1,neowise,7.919,0.016,7.232,0.013,66.2,83.4,136970.0,2069.2,92169.0,1104.5,AA
65.0015903,-54.9380115,58323.04052425,,,,,,,,,0000,0.5,52.82600021362305,00,1,neowise,7.917,0.014,7.31,0.011,77.1,96.6,137250.0,1780.9,85782.0,887.91,AA
65.0016879,-54.9379329,58322.45158691,,,,,,,,,0000,0.5,1.8489999771118164,00,1,neowise,7.92,0.014,7.318,0.012,79.0,88.8,136900.0,1733.6,85140.0,959.27,AA
65.0016863,-54.9379477,58322.71326606,,,,,,,,,0000,0.5,52.37799835205078,00,1,neowise,7.895,0.016,7.345,0.012,67.8,88.7,140070.0,2065.3,83033.0,936.04,AA
65.0017009,-54.9379461,58322.84416932,,,,,,,,,0000,0.5,71.89600372314453,00,1,neowise,7.912,0.013,7.31,0.011,80.5,96.7,137930.0,1713.1,85792.0,887.38,AA
65.001698,-54.9379478,58322.90962095,,,,,,,,,0000,1.0,75.7750015258789,00,1,neowise,7.904,0.014,7.329,0.013,80.1,86.0,138870.0,1732.7,84312.0,980.36,AA
65.0016614,-54.9379715,58323.30220336,,,,,,,,,0000,0.5,8.805000305175781,00,1,neowise,7.954,0.013,7.309,0.013,81.5,86.6,132620.0,1627.4,85846.0,991.2,AA
65.0016432,-54.9379762,58323.36765498,,,,,,,,,0000,1.0,2.7179999351501465,00,1,neowise,7.967,0.014,7.324,0.013,75.8,81.4,131050.0,1729.0,84697.0,1040.0,AA
65.0016779,-54.9379407,58323.82568963,,,,,,,,,0000,1.0,70.11599731445312,00,1,neowise,7.942,0.016,7.306,0.015,67.8,74.6,134180.0,1980.3,86073.0,1154.2,AA
65.0016869,-54.9379631,58324.08749619,,,,,,,,,0000,0.5,42.643001556396484,00,1,neowise,7.886,0.014,7.295,0.014,78.9,78.3,141210.0,1790.2,86994.0,1111.1,AA
65.0016672,-54.9379685,58324.34917534,,,,,,,,,0000,1.0,3.555999994277954,00,1,neowise,7.921,0.016,7.304,0.011,66.7,94.9,136780.0,2050.0,86258.0,909.29,AA
65.0016531,-54.9379607,58324.74188501,,,,,,,,,0000,0.5,57.87900161743164,00,1,neowise,7.915,0.02,7.353,0.016,55.1,68.6,137460.0,2493.9,82472.0,1202.1,AA
65.0016427,-54.9379779,58325.00356426,,,,,,,,,0000,1.0,61.15999984741211,00,1,neowise,7.886,0.014,7.316,0.013,77.9,84.3,141210.0,1812.7,85277.0,1011.9,AA
65.0016392,-54.9379503,58322.3206837,,,,,,,,,0000,1.0,6.958000183105469,00,1,neowise,7.927,0.014,7.334,0.012,78.7,91.2,136050.0,1729.2,83926.0,920.31,AA
65.0016363,-54.9379679,58322.58249017,,,,,,,,,0000,1.0,24.5,00,1,neowise,7.917,0.013,7.298,0.011,80.7,96.9,137250.0,1701.2,86720.0,894.81,AA
65.0016114,-54.9379523,58322.97507263,,,,,,,,,0000,1.0,67.05400085449219,00,1,neowise,7.896,0.013,7.338,0.014,82.1,76.5,139910.0,1703.5,83567.0,1092.7,AA
65.0016201,-54.9379612,58323.23675177,,,,,,,,,0000,1.0,16.44700050354004,00,1,neowise,7.923,0.014,7.29,0.013,76.6,81.5,136540.0,1782.3,87340.0,1072.0,AA
65.0016333,-54.9379701,58323.43310661,,,,,,,,,0000,1.0,0.7310000061988831,00,1,neowise,7.932,0.013,7.339,0.015,83.4,73.0,135340.0,1622.9,83508.0,1144.2,AA
65.0015935,-54.9379868,58323.56400986,,,,,,,,,0000,0.5,20.381999969482422,00,1,neowise,7.961,0.014,7.315,0.012,77.1,87.7,131820.0,1709.1,85396.0,974.27,AA
65.0016432,-54.9379557,58323.62946149,,,,,,,,,0000,0.5,34.70899963378906,00,1,neowise,7.896,0.015,7.263,0.015,72.2,72.3,139980.0,1939.3,89605.0,1240.1,AA
65.0015807,-54.9379809,58323.69491369,,,,,,,,,0000,0.5,48.61800003051758,00,1,neowise,7.911,0.016,7.325,0.013,68.6,84.1,138060.0,2013.9,84630.0,1005.9,AA
65.0016233,-54.9379409,58323.76036532,,,,,,,,,0000,1.0,60.893001556396484,00,1,neowise,7.923,0.02,7.296,0.013,55.1,84.6,136510.0,2479.5,86859.0,1026.6,AA
65.0016251,-54.9379479,58323.76023795,,,,,,,,,0000,1.0,61.292999267578125,00,1,neowise,7.907,0.018,7.314,0.012,60.8,91.6,138560.0,2279.2,85443.0,932.5,AA
65.0016557,-54.9379416,58323.89114126,,,,,,,,,0000,1.0,75.7750015258789,00,1,neowise,7.933,0.016,7.311,0.012,66.9,92.5,135220.0,2021.4,85689.0,926.0,AA
65.0016519,-54.9379529,58323.95659294,,,,,,,,,0000,1.0,71.22599792480469,00,1,neowise,7.903,0.015,7.31,0.012,74.1,93.7,139020.0,1876.9,85806.0,915.67,AA
65.0016175,-54.9379446,58324.02204451,,,,,,,,,0000,1.0,56.974998474121094,00,1,neowise,7.945,0.016,7.284,0.014,69.7,77.9,133720.0,1918.7,87824.0,1127.4,AA
65.0016202,-54.9379439,58324.2183994,,,,,,,,,0000,0.5,19.534000396728516,00,1,neowise,7.893,0.015,7.292,0.012,71.5,90.6,140280.0,1960.6,87231.0,962.93,AA
65.0016258,-54.9379607,58324.28372372,,,,,,,,,0000,1.0,10.505999565124512,00,1,neowise,7.843,0.022,7.294,0.013,50.5,82.3,146900.0,2909.8,87075.0,1057.4,AA
65.0016127,-54.9379378,58324.28385103,,,,,,,,,0000,1.0,11.052000045776367,00,1,neowise,7.855,0.019,7.298,0.015,58.3,74.6,145320.0,2490.8,86723.0,1162.2,AA
65.0016235,-54.9379771,58324.41462697,,,,,,,,,0000,0.5,-0.12800000607967377,00,1,neowise,7.883,0.016,7.288,0.011,67.9,100.3,141620.0,2085.8,87557.0,872.84,AA
65.0016064,-54.9379694,58324.54553022,,,,,,,,,0000,0.5,16.19099998474121,00,1,neowise,7.929,0.016,7.256,0.014,68.3,77.6,135770.0,1987.9,90162.0,1162.5,AA
65.0016019,-54.9379511,58324.61098181,,,,,,,,,0000,1.0,30.597000122070312,00,1,neowise,7.934,0.016,7.305,0.011,67.3,101.4,135120.0,2008.5,86207.0,850.29,AA
65.0016242,-54.9379351,58324.80733669,,,,,,,,,0000,1.0,67.74199676513672,00,1,neowise,7.846,0.019,7.313,0.015,57.0,73.2,146590.0,2569.8,85584.0,1168.5,AA
65.0016433,-54.9379482,58324.87266101,,,,,,,,,0000,1.0,75.00299835205078,00,1,neowise,7.882,0.016,7.27,0.013,68.4,81.2,141810.0,2074.7,88983.0,1096.4,AA
65.0016424,-54.9378463,58691.19985639,,,,,,,,,0000,1.0,24.832000732421875,00,1,neowise,8.926,0.015,8.671,0.015,71.4,72.8,54211.0,758.87,24500.0,336.72,AA
65.0016206,-54.937898,58691.26530797,,,,,,,,,0000,0.5,15.545999526977539,00,1,neowise,8.871,0.015,8.577,0.014,72.6,76.2,56986.0,784.76,26705.0,350.35,AA
65.001688,-54.9379225,58692.05021742,,,,,,,,,0000,1.0,52.327999114990234,00,1,neowise,8.787,0.015,8.588,0.013,70.3,84.9,61585.0,876.08,26442.0,311.55,AA
65.0017368,-54.9379396,58692.31189639,,,,,,,,,0000,1.0,9.972999572753906,00,1,neowise,8.844,0.014,8.564,0.013,75.7,86.7,58423.0,771.88,27026.0,311.68,AA
65.0016367,-54.9380057,58690.414819,,,,,,,,,0000,1.0,2.0859999656677246,00,1,neowise,8.869,0.015,8.575,0.015,73.3,74.6,57105.0,778.87,26763.0,358.81,AA
65.0015759,-54.9379903,58690.61117366,,,,,,,,,0000,1.0,29.29800033569336,00,1,neowise,8.879,0.017,8.618,0.014,62.0,77.6,56576.0,911.92,25725.0,331.66,AA
65.0017147,-54.937953,58690.48027054,,,,,,,,,0000,0.5,4.823999881744385,00,1,neowise,8.909,0.013,8.593,0.014,81.6,78.5,55058.0,675.04,26304.0,335.09,AA
65.0017207,-54.9379426,58690.93817681,,,,,,,,,0000,0.5,73.97799682617188,00,1,neowise,8.961,0.016,8.565,0.014,67.5,77.6,52474.0,777.04,26992.0,347.88,AA
65.0017037,-54.9379876,58691.00362844,,,,,,,,,0000,1.0,62.1510009765625,00,1,neowise,8.883,0.014,8.541,0.013,77.6,83.0,56375.0,726.67,27618.0,332.91,AA
65.0016694,-54.9379462,58691.72321419,,,,,,,,,0000,1.0,52.20899963378906,00,1,neowise,8.747,0.017,8.539,0.014,64.1,75.1,63900.0,996.5,27644.0,368.08,AA
65.0016531,-54.9379815,58691.78853845,,,,,,,,,0000,1.0,63.16699981689453,00,1,neowise,8.896,0.017,8.628,0.015,65.4,70.5,55711.0,852.39,25481.0,361.55,AA
65.0017274,-54.9379471,58691.85399003,,,,,,,,,0000,1.0,70.72100067138672,00,1,neowise,8.818,0.017,8.584,0.012,65.0,91.0,59843.0,920.08,26529.0,291.67,AA
65.0016895,-54.937956,58691.98476584,,,,,,,,,0000,1.0,66.27899932861328,00,1,neowise,8.851,0.014,8.53,0.013,74.9,83.0,58076.0,775.15,27880.0,335.97,AA
65.0016432,-54.9379206,58690.67649784,,,,,,,,,0000,0.5,42.94900131225586,00,1,neowise,8.912,0.015,8.6,0.013,73.5,80.8,54912.0,746.7,26152.0,323.64,AA
65.0015788,-54.9379213,58691.06895317,,,,,,,,,0000,1.0,48.388999938964844,00,1,neowise,8.964,0.017,8.545,0.013,63.2,85.8,52336.0,828.75,27493.0,320.46,AA
65.001576,-54.9379195,58691.3306322,,,,,,,,,0000,1.0,7.8460001945495605,00,1,neowise,8.853,0.016,8.626,0.015,68.4,71.5,57961.0,846.92,25525.0,357.22,AA
65.0016516,-54.9379146,58691.46153536,,,,,,,,,0000,0.5,3.6059999465942383,00,1,neowise,8.729,0.016,8.558,0.014,69.3,80.2,64988.0,937.64,27175.0,338.7,AA
65.0015483,-54.9379052,58691.91944162,,,,,,,,,0000,0.5,74.0270004272461,00,1,neowise,8.846,0.017,8.525,0.015,64.4,70.5,58337.0,905.63,28003.0,397.02,AA
65.0015549,-54.9379622,58690.34949473,,,,,,,,,0000,1.0,6.323999881744385,00,1,neowise,8.867,0.015,8.59,0.013,73.2,84.5,57217.0,781.66,26380.0,312.28,AA
65.0016181,-54.9379834,58690.74194942,,,,,,,,,0000,0.5,55.749000549316406,00,1,neowise,8.912,0.013,8.525,0.014,83.9,75.7,54908.0,654.8,28011.0,370.09,AA
65.0016111,-54.9379864,58690.807401,,,,,,,,,0000,1.0,65.22699737548828,00,1,neowise,8.85,0.018,8.49,0.015,61.2,70.5,58137.0,949.34,28947.0,410.69,AA
65.001598,-54.9379728,58690.87272522,,,,,,,,,0000,1.0,72.40799713134766,00,1,neowise,8.862,0.016,8.572,0.015,67.3,73.3,57492.0,854.45,26822.0,365.7,AA
65.0016433,-54.9379338,58691.39608377,,,,,,,,,0000,1.0,3.2119998931884766,00,1,neowise,9.013,0.017,8.576,0.014,63.6,76.6,50031.0,786.5,26735.0,349.03,AA
65.0015572,-54.9379462,58691.59231111,,,,,,,,,0000,0.5,25.177000045776367,00,1,neowise,8.905,0.017,8.488,0.017,62.9,62.3,55247.0,878.02,28987.0,465.57,AA
65.0015491,-54.9379505,58691.65776265,,,,,,,,,0000,1.0,39.069000244140625,00,1,neowise,8.921,0.016,8.591,0.013,69.2,86.0,54442.0,787.13,26371.0,306.54,AA
65.0016297,-54.937954,58691.72308687,,,,,,,,,0000,0.5,52.30500030517578,00,1,neowise,8.839,0.019,8.486,0.016,58.0,69.6,58710.0,1011.5,29033.0,417.26,AA
65.0016592,-54.9379272,58692.4426722,,,,,,,,,0000,0.5,2.312000036239624,00,1,neowise,8.791,0.018,8.554,0.013,61.9,81.4,61385.0,992.04,27287.0,335.09,AA
65.0016664,-54.9379033,59053.80878743,,,,,,,,,0000,1.0,64.95700073242188,00,1,neowise,8.875,0.014,8.54,0.013,78.7,86.2,56812.0,722.31,27636.0,320.51,AA
65.0016731,-54.9378913,59055.3127736,,,,,,,,,0000,1.0,10.180000305175781,00,1,neowise,8.837,0.018,8.578,0.013,59.0,81.8,58824.0,996.58,26669.0,325.94,AA
65.001712,-54.9379296,59054.07033913,,,,,,,,,0000,1.0,48.777000427246094,00,1,neowise,8.885,0.014,8.539,0.012,79.4,87.7,56280.0,708.8,27654.0,315.34,AA
65.0017069,-54.9379229,59054.72421874,,,,,,,,,0000,0.5,51.84700012207031,00,1,neowise,8.847,0.016,8.603,0.013,68.3,83.7,58264.0,853.34,26067.0,311.61,AA
65.0017156,-54.9378912,59055.57445262,,,,,,,,,0000,1.0,20.966999053955078,00,1,neowise,8.736,0.016,8.547,0.013,67.3,82.1,64576.0,958.99,27458.0,334.41,AA
65.0017777,-54.9379978,59055.37822523,,,,,,,,,0000,1.0,4.728000164031982,00,1,neowise,8.885,0.016,8.645,0.013,68.3,85.8,56284.0,824.03,25088.0,292.5,AA
65.0016553,-54.9380071,59055.63977679,,,,,,,,,0000,1.0,34.5620002746582,00,1,neowise,8.82,0.017,8.507,0.014,63.9,78.8,59737.0,934.91,28482.0,361.58,AA
65.0017171,-54.9380028,59056.35910757,,,,,,,,,0000,0.5,5.626999855041504,00,1,neowise,8.888,0.014,8.571,0.011,77.4,98.5,56142.0,725.1,26857.0,272.68,AA
65.0014885,-54.9379907,59055.5084917,,,,,,,,,0000,1.0,6.583000183105469,00,1,neowise,8.795,0.016,8.681,0.017,66.5,64.5,61152.0,919.87,24267.0,376.22,AA
65.0016665,-54.9379528,59054.46266656,,,,,,,,,0000,0.5,3.434999942779541,00,1,neowise,8.907,0.014,8.524,0.014,76.5,76.2,55162.0,720.88,28053.0,367.96,AA
65.0017144,-54.9379442,59054.65889389,,,,,,,,,0000,1.0,38.606998443603516,00,1,neowise,8.854,0.014,8.557,0.012,78.3,92.4,57924.0,740.01,27191.0,294.35,AA
65.0016567,-54.9379552,59054.85512189,,,,,,,,,0000,0.5,70.03299713134766,00,1,neowise,8.851,0.016,8.531,0.015,68.6,73.9,58066.0,846.36,27868.0,377.14,AA
65.0017192,-54.9379768,59054.98589771,,,,,,,,,0000,1.0,66.46800231933594,00,1,neowise,8.924,0.015,8.569,0.015,70.2,73.1,54300.0,773.14,26897.0,367.74,AA
65.0016915,-54.9379485,59055.44354942,,,,,,,,,0000,1.0,2.3450000286102295,00,1,neowise,8.858,0.02,8.584,0.013,54.1,83.4,57677.0,1066.3,26526.0,318.16,AA
65.0016635,-54.9379674,59055.44367678,,,,,,,,,0000,0.0,2.8580000400543213,00,1,neowise,8.91,0.019,8.435,0.015,55.8,70.3,54990.0,985.42,30442.0,432.82,AA
65.0016998,-54.9379341,59055.70522839,,,,,,,,,0000,1.0,48.03900146484375,00,1,neowise,8.926,0.015,8.526,0.013,71.1,85.0,54187.0,761.93,27986.0,329.43,AA
65.0017204,-54.9379564,59055.77055262,,,,,,,,,0000,1.0,59.928001403808594,00,1,neowise,8.792,0.014,8.567,0.012,76.1,87.9,61329.0,806.27,26965.0,306.89,AA
65.0017178,-54.9379739,59055.9013285,,,,,,,,,0000,1.0,74.02200317382812,00,1,neowise,8.858,0.017,8.474,0.015,62.2,74.8,57706.0,927.34,29375.0,392.78,AA
65.0016462,-54.9379099,59053.93956326,,,,,,,,,0000,0.5,73.73799896240234,00,1,neowise,8.922,0.014,8.561,0.012,80.4,87.1,54385.0,676.29,27100.0,311.25,AA
65.0016335,-54.9379051,59054.2665665,,,,,,,,,0000,0.5,15.843000411987305,00,1,neowise,8.894,0.014,8.498,0.013,75.3,82.6,55840.0,741.4,28714.0,347.57,AA
65.00165,-54.9379118,59054.39734229,,,,,,,,,0000,1.0,3.8329999446868896,00,1,neowise,8.844,0.014,8.549,0.014,78.6,79.9,58429.0,742.94,27408.0,342.86,AA
65.0015762,-54.9379346,59055.05122199,,,,,,,,,0000,1.0,52.83399963378906,00,1,neowise,8.88,0.015,8.578,0.016,73.3,67.5,56539.0,771.78,26678.0,395.34,AA
65.0016137,-54.9379207,59055.18199781,,,,,,,,,0000,1.0,28.18899917602539,00,1,neowise,8.907,0.017,8.512,0.014,65.1,77.1,55160.0,847.9,28361.0,367.87,AA
65.001644,-54.937961,59054.33189074,,,,,,,,,0000,1.0,8.222000122070312,00,1,neowise,8.87,0.014,8.598,0.014,78.7,78.0,57075.0,725.68,26187.0,335.7,AA
65.001628,-54.9379349,59054.59344235,,,,,,,,,0000,0.5,24.674999237060547,00,1,neowise,8.874,0.015,8.584,0.014,73.1,76.5,56870.0,777.5,26524.0,346.86,AA
65.0016469,-54.9379305,59054.72434605,,,,,,,,,0000,0.5,51.71099853515625,00,1,neowise,8.882,0.019,8.538,0.013,58.1,81.0,56421.0,971.45,27675.0,341.58,AA
65.0015595,-54.9379769,59054.78967029,,,,,,,,,0000,1.0,62.5629997253418,00,1,neowise,8.88,0.014,8.596,0.013,75.8,81.7,56551.0,746.45,26248.0,321.16,AA
65.0016187,-54.9379318,59054.92044616,,,,,,,,,0000,0.5,74.04199981689453,00,1,neowise,8.871,0.014,8.521,0.015,76.5,73.4,57009.0,745.51,28116.0,383.17,AA
65.0016583,-54.9379386,59055.24744936,,,,,,,,,0000,0.5,17.916000366210938,00,1,neowise,8.891,0.015,8.605,0.012,73.9,89.7,55953.0,757.17,26018.0,290.1,AA
65.0015739,-54.937955,59055.83600426,,,,,,,,,0000,1.0,68.25900268554688,00,1,neowise,8.88,0.017,8.598,0.013,62.7,81.2,56532.0,901.59,26190.0,322.58,AA
65.0016535,-54.9379388,59055.96678009,,,,,,,,,0000,1.0,70.46600341796875,00,1,neowise,8.871,0.016,8.614,0.013,68.5,86.6,57017.0,832.26,25803.0,297.9,AA
65.0016275,-54.9379905,59056.03210436,,,,,,,,,0000,1.0,56.96799850463867,00,1,neowise,8.921,0.016,8.585,0.014,68.2,76.2,54454.0,798.9,26504.0,347.95,AA
65.0016364,-54.9379469,59056.22833175,,,,,,,,,0000,0.5,20.68400001525879,00,1,neowise,8.862,0.015,8.621,0.016,72.4,69.4,57506.0,794.51,25642.0,369.43,AA
65.0018743,-54.9379144,59215.33162843,,,,,,,,,0000,1.0,57.016998291015625,00,1,neowise,8.909,0.017,8.752,0.015,65.7,74.8,55030.0,838.21,22726.0,303.87,AA
65.0016788,-54.9378949,59214.02386709,,,,,,,,,0000,0.5,8.067999839782715,00,1,neowise,8.993,0.015,8.803,0.015,73.8,73.5,50954.0,689.98,21684.0,295.16,AA
65.0016651,-54.93789,59214.28541932,,,,,,,,,0000,1.0,49.599998474121094,00,1,neowise,9.009,0.014,8.818,0.013,75.4,83.2,50202.0,665.77,21387.0,257.0,AA
65.0016873,-54.9378902,59215.72383014,,,,,,,,,0000,1.0,34.020999908447266,00,1,neowise,9.002,0.014,8.832,0.013,76.4,81.7,50514.0,661.46,21108.0,258.29,AA
65.0018182,-54.937924,59214.5469716,,,,,,,,,0000,1.0,65.58300018310547,00,1,neowise,8.981,0.015,8.784,0.015,70.7,71.5,51535.0,728.69,22076.0,308.79,AA
65.0017228,-54.9379305,59215.59305338,,,,,,,,,0000,1.0,56.9630012512207,00,1,neowise,8.92,0.016,8.759,0.014,67.1,79.5,54471.0,812.11,22591.0,284.31,AA
65.0018096,-54.9379598,59215.85460627,,,,,,,,,0000,1.0,16.312999725341797,00,1,neowise,9.038,0.015,8.798,0.013,70.9,82.4,48896.0,689.32,21778.0,264.23,AA
65.0017481,-54.9379353,59215.98538247,,,,,,,,,0000,1.0,6.291999816894531,00,1,neowise,8.974,0.014,8.793,0.014,79.9,76.0,51850.0,649.03,21893.0,288.22,AA
65.0017329,-54.9378596,59214.41619546,,,,,,,,,0000,1.0,66.25900268554688,00,1,neowise,9.038,0.015,8.808,0.015,72.2,73.5,48869.0,676.84,21592.0,293.82,AA
65.0017172,-54.9379011,59215.20085238,,,,,,,,,0000,1.0,34.426998138427734,00,1,neowise,9.006,0.016,8.728,0.015,66.5,70.7,50347.0,756.88,23248.0,329.03,AA
65.00171,-54.9379123,59215.46227725,,,,,,,,,0000,1.0,69.17500305175781,00,1,neowise,9.012,0.016,8.804,0.013,67.4,83.2,50056.0,742.49,21676.0,260.44,AA
65.0016425,-54.9380217,59215.07007625,,,,,,,,,0000,0.5,11.347999572753906,00,1,neowise,9.146,0.017,8.762,0.015,64.1,72.7,44259.0,690.35,22529.0,309.75,AA
65.0017619,-54.9379697,59215.46240461,,,,,,,,,0000,1.0,69.93299865722656,00,1,neowise,8.893,0.018,8.785,0.014,59.4,77.2,55881.0,940.72,22047.0,285.44,AA
65.0017045,-54.9379407,59216.24693473,,,,,,,,,0000,1.0,43.19499969482422,00,1,neowise,8.959,0.014,8.795,0.013,76.2,83.7,52556.0,690.07,21853.0,261.13,AA
65.0016125,-54.9379238,59214.67774778,,,,,,,,,0000,1.0,41.74399948120117,00,1,neowise,8.898,0.015,8.843,0.013,71.8,82.1,55591.0,774.59,20906.0,254.74,AA
65.0016035,-54.9379819,59214.80852392,,,,,,,,,0000,1.0,21.400999069213867,00,1,neowise,9.029,0.015,8.837,0.015,73.0,73.2,49312.0,675.12,21023.0,287.12,AA
65.0015498,-54.9379448,59214.9393001,,,,,,,,,0000,1.0,8.701000213623047,00,1,neowise,8.993,0.014,8.81,0.013,79.9,81.1,50967.0,637.93,21555.0,265.85,AA
65.0017395,-54.9379281,58122.72215627,,,,,,,,,0000,1.0,32.14699935913086,00,1,neowise,8.556,0.016,7.945,0.012,66.5,92.3,76191.0,1145.4,47807.0,517.73,AA
65.0017008,-54.9379226,58123.5731567,,,,,,,,,0000,1.0,57.58599853515625,00,1,neowise,8.53,0.015,7.965,0.012,74.5,88.0,78080.0,1048.5,46926.0,532.99,AA
65.0017234,-54.9379309,58123.83496382,,,,,,,,,0000,1.0,16.992000579833984,00,1,neowise,8.534,0.014,7.972,0.012,77.1,92.3,77728.0,1008.5,46618.0,505.06,AA
65.0017516,-54.9378955,58123.50770491,,,,,,,,,0000,1.0,68.64399719238281,00,1,neowise,8.569,0.014,7.984,0.013,77.0,86.5,75262.0,977.07,46100.0,532.79,AA
65.0017606,-54.9379965,58121.93673853,,,,,,,,,0000,0.5,8.786999702453613,00,1,neowise,8.518,0.016,7.953,0.014,66.3,79.6,78900.0,1189.4,47463.0,596.62,AA
65.001747,-54.9379848,58123.04954255,,,,,,,,,0000,1.0,11.220000267028809,00,1,neowise,8.497,0.018,7.954,0.012,61.2,88.0,80437.0,1313.5,47403.0,538.58,AA
65.0017112,-54.9379634,58122.06764212,,,,,,,,,0000,1.0,14.038000106811523,00,1,neowise,8.5,0.015,7.994,0.013,70.1,84.4,80263.0,1145.1,45705.0,541.27,AA
65.0016581,-54.9379591,58122.19854571,,,,,,,,,0000,1.0,36.96699905395508,00,1,neowise,8.486,0.015,7.898,0.012,73.1,87.0,81263.0,1111.1,49900.0,573.36,AA
65.0017333,-54.9379591,58122.32944919,,,,,,,,,0000,0.5,57.909000396728516,00,1,neowise,8.453,0.016,7.951,0.015,67.0,74.5,83793.0,1250.4,47549.0,637.83,AA
65.0016762,-54.9379847,58122.39490101,,,,,,,,,0000,0.5,65.18000030517578,00,1,neowise,8.53,0.014,7.94,0.011,77.0,102.8,78023.0,1013.2,48007.0,466.93,AA
65.0016908,-54.9379666,58122.46035282,,,,,,,,,0000,1.0,68.81900024414062,00,1,neowise,8.534,0.015,7.956,0.014,71.3,79.1,77791.0,1091.0,47305.0,598.27,AA
65.0016658,-54.937992,58122.52580095,,,,,,,,,0000,0.5,66.3280029296875,00,1,neowise,8.529,0.015,7.969,0.013,73.8,80.6,78148.0,1058.3,46763.0,579.97,AA
65.0017336,-54.9379596,58122.59125274,,,,,,,,,0000,1.0,54.387001037597656,00,1,neowise,8.588,0.017,7.955,0.014,64.1,76.0,73990.0,1153.7,47373.0,623.48,AA
65.001711,-54.9379852,58122.78760807,,,,,,,,,0000,0.0,22.902000427246094,00,1,neowise,8.454,0.016,8.014,0.012,66.1,90.9,83673.0,1266.0,44872.0,493.56,AA
65.0016907,-54.9379543,58122.85305986,,,,,,,,,0000,1.0,15.479000091552734,00,1,neowise,8.426,0.016,7.947,0.012,66.5,90.7,85911.0,1291.2,47699.0,525.66,AA
65.0016806,-54.937955,58122.91863902,,,,,,,,,0000,1.0,9.345999717712402,00,1,neowise,8.456,0.017,7.936,0.013,62.9,84.3,83589.0,1329.1,48179.0,571.39,AA
65.001706,-54.9379418,58122.98409081,,,,,,,,,0000,1.0,7.179999828338623,00,1,neowise,8.519,0.016,7.946,0.014,67.1,79.8,78813.0,1173.8,47770.0,598.5,AA
65.0016936,-54.9379592,58123.24589784,,,,,,,,,0000,1.0,45.73899841308594,00,1,neowise,8.56,0.016,7.99,0.014,69.3,76.8,75933.0,1095.1,45868.0,597.62,AA
65.0016939,-54.9379342,58123.31134953,,,,,,,,,0000,1.0,55.89899826049805,00,1,neowise,8.544,0.016,7.99,0.012,69.4,93.0,77024.0,1110.1,45835.0,492.96,AA
65.0016994,-54.9379366,58123.37680132,,,,,,,,,0000,1.0,63.90399932861328,00,1,neowise,8.487,0.014,7.95,0.012,80.1,87.7,81206.0,1013.5,47567.0,542.55,AA
65.0017175,-54.9379364,58123.63860844,,,,,,,,,0000,1.0,45.654998779296875,00,1,neowise,8.488,0.014,7.965,0.013,77.8,82.8,81105.0,1042.5,46918.0,566.7,AA
65.0016946,-54.9379309,58123.70406023,,,,,,,,,0000,1.0,34.72600173950195,00,1,neowise,8.559,0.014,7.967,0.014,80.2,79.3,75992.0,947.78,46837.0,590.83,AA
65.0017081,-54.9379468,58123.76951203,,,,,,,,,0000,1.0,24.594999313354492,00,1,neowise,8.534,0.014,7.943,0.011,80.4,95.1,77769.0,967.84,47895.0,503.66,AA
65.0017434,-54.9379749,58123.90041561,,,,,,,,,0000,1.0,10.612000465393066,00,1,neowise,8.544,0.013,7.952,0.012,82.6,87.1,77057.0,932.78,47484.0,545.02,AA
65.0017064,-54.9379376,58123.96586735,,,,,,,,,0000,0.5,6.814000129699707,00,1,neowise,8.521,0.014,7.96,0.011,79.3,96.1,78685.0,992.54,47155.0,490.49,AA
65.0016864,-54.9379312,58124.09677094,,,,,,,,,0000,0.5,18.78499984741211,00,1,neowise,8.526,0.013,8.003,0.014,82.2,78.4,78318.0,952.21,45294.0,577.49,AA
65.0017189,-54.9379662,58124.227675,,,,,,,,,0000,0.5,42.45000076293945,00,1,neowise,8.464,0.013,7.971,0.013,82.9,82.1,82935.0,1000.2,46677.0,568.54,AA
65.0017088,-54.9379863,58124.62038565,,,,,,,,,0000,0.0,48.974998474121094,00,1,neowise,8.524,0.016,7.978,0.013,68.0,85.2,78487.0,1154.7,46370.0,544.05,AA
65.0016334,-54.9379879,58124.62051297,,,,,,,,,0000,1.0,48.5629997253418,00,1,neowise,8.485,0.016,7.94,0.013,68.5,81.9,81385.0,1187.7,48000.0,586.13,AA
65.0016096,-54.9379278,58122.65670448,,,,,,,,,0000,0.5,42.91699981689453,00,1,neowise,8.41,0.018,7.947,0.012,61.0,92.8,87186.0,1430.3,47706.0,514.14,AA
65.0016286,-54.9379795,58122.91851166,,,,,,,,,0000,0.5,10.116000175476074,00,1,neowise,8.501,0.018,7.916,0.013,59.2,84.4,80196.0,1354.7,49097.0,581.92,AA
65.0015993,-54.9379603,58122.98396339,,,,,,,,,0000,1.0,7.624000072479248,00,1,neowise,8.536,0.017,7.967,0.012,63.2,88.8,77582.0,1227.0,46818.0,527.1,AA
65.0016461,-54.937967,58123.44225311,,,,,,,,,0000,0.5,69.02300262451172,00,1,neowise,8.528,0.015,7.846,0.015,74.6,74.1,78181.0,1047.9,52346.0,706.39,AA
65.0016609,-54.937944,58124.03131914,,,,,,,,,0000,1.0,9.472999572753906,00,1,neowise,8.514,0.014,7.943,0.012,78.4,87.4,79208.0,1009.9,47866.0,547.5,AA
65.001631,-54.93796,58124.29312679,,,,,,,,,0000,1.0,53.32899856567383,00,1,neowise,8.535,0.014,7.979,0.012,79.4,89.3,77696.0,979.12,46336.0,519.08,AA
65.0016406,-54.9379453,58124.35857853,,,,,,,,,0000,0.0,61.74300003051758,00,1,neowise,8.519,0.014,7.936,0.013,76.0,86.0,78868.0,1037.6,48198.0,560.29,AA
65.0016241,-54.9379331,58124.48948212,,,,,,,,,0000,0.5,69.0780029296875,00,1,neowise,8.459,0.015,7.957,0.013,74.2,84.8,83357.0,1123.1,47259.0,557.34,AA
65.0018223,-54.9380389,57593.28244703,,,,,,,,,0000,1.0,9.670999526977539,00,1,neowise,8.806,0.018,8.646,0.016,59.4,68.9,60605.0,1020.4,25066.0,363.93,AA
65.0016095,-54.9378878,57591.71008037,,,,,,,,,0000,1.0,56.391998291015625,00,1,neowise,9.013,0.015,8.697,0.013,74.8,83.1,50071.0,669.13,23916.0,287.82,AA
65.0016528,-54.9378793,57592.62729426,,,,,,,,,0000,1.0,40.5359992980957,00,1,neowise,8.94,0.015,8.659,0.015,72.2,72.4,53552.0,742.11,24773.0,342.27,AA
65.00177,-54.93792,57592.29965424,,,,,,,,,0000,1.0,7.620999813079834,00,1,neowise,8.963,0.017,8.74,0.013,63.4,81.2,52431.0,827.54,22986.0,283.09,AA
65.0018002,-54.9379512,57593.54450814,,,,,,,,,0000,1.0,23.29599952697754,00,1,neowise,8.876,0.019,8.766,0.016,57.0,68.1,56799.0,996.42,22449.0,329.62,AA
65.0014979,-54.937916,57591.84111091,,,,,,,,,0000,1.0,72.0459976196289,00,1,neowise,8.978,0.014,8.705,0.014,78.0,78.2,51699.0,662.88,23741.0,303.66,AA
65.0014691,-54.9379275,57592.954807,,,,,,,,,0000,1.0,64.39199829101562,00,1,neowise,9.061,0.016,8.75,0.015,69.1,71.6,47893.0,692.78,22784.0,318.42,AA
65.0016441,-54.9379984,57591.38244031,,,,,,,,,0000,0.5,2.4730000495910645,00,1,neowise,9.031,0.017,8.72,0.014,63.1,80.2,49252.0,780.01,23408.0,291.85,AA
65.0016949,-54.9380238,57591.51347089,,,,,,,,,0000,1.0,17.18600082397461,00,1,neowise,8.945,0.018,8.708,0.014,61.9,76.6,53328.0,860.83,23670.0,309.13,AA
65.0016434,-54.9380025,57591.77553201,,,,,,,,,0000,1.0,65.91100311279297,00,1,neowise,9.011,0.016,8.726,0.014,69.2,78.3,50177.0,725.17,23285.0,297.53,AA
65.0016941,-54.9380234,57591.97214154,,,,,,,,,0000,1.0,60.676998138427734,00,1,neowise,8.97,0.014,8.703,0.013,79.9,82.1,52120.0,652.68,23798.0,289.77,AA
65.0017281,-54.9379992,57592.03759317,,,,,,,,,0000,1.0,47.10200119018555,00,1,neowise,9.001,0.015,8.725,0.015,70.7,74.3,50626.0,715.73,23307.0,313.77,AA
65.0016491,-54.9380218,57592.36523314,,,,,,,,,0000,1.0,3.621999979019165,00,1,neowise,8.86,0.014,8.783,0.013,79.8,82.8,57630.0,722.2,22108.0,267.02,AA
65.0015694,-54.9379858,57592.82377642,,,,,,,,,0000,1.0,70.90399932861328,00,1,neowise,9.025,0.015,8.741,0.012,70.9,91.7,49517.0,698.51,22969.0,250.36,AA
65.0015947,-54.937993,57593.54438082,,,,,,,,,0000,1.0,23.05900001525879,00,1,neowise,8.891,0.018,8.702,0.015,59.2,74.3,56054.0,946.16,23817.0,320.64,AA
65.0016626,-54.9379692,57591.38256767,,,,,,,,,0000,1.0,2.934000015258789,00,1,neowise,8.976,0.019,8.63,0.012,55.7,87.9,51833.0,930.74,25442.0,289.41,AA
65.0016894,-54.9379753,57591.51359825,,,,,,,,,0000,1.0,17.719999313354492,00,1,neowise,9.002,0.017,8.689,0.013,64.4,81.7,50599.0,785.62,24097.0,294.91,AA
65.0016992,-54.937939,57591.57904979,,,,,,,,,0000,0.5,30.523000717163086,00,1,neowise,8.926,0.014,8.717,0.013,77.2,83.4,54236.0,702.87,23480.0,281.52,AA
65.0016398,-54.9379813,57591.64450142,,,,,,,,,0000,0.5,44.04100036621094,00,1,neowise,8.996,0.017,8.711,0.014,63.7,80.0,50889.0,798.92,23610.0,294.94,AA
65.0016627,-54.937956,57593.02038595,,,,,,,,,0000,1.0,50.65299987792969,00,1,neowise,8.912,0.015,8.74,0.013,72.8,84.5,54982.0,755.01,23000.0,272.05,AA
65.00167,-54.9379395,57593.21686812,,,,,,,,,0000,1.0,16.733999252319336,00,1,neowise,8.905,0.015,8.769,0.013,72.9,80.7,55321.0,758.9,22376.0,277.33,AA
65.0017394,-54.9379746,57593.41335029,,,,,,,,,0000,1.0,2.9119999408721924,00,1,neowise,8.94,0.019,8.687,0.014,58.1,75.6,53568.0,922.36,24149.0,319.29,AA
65.0016742,-54.937944,57593.4134776,,,,,,,,,0000,1.0,3.678999900817871,00,1,neowise,8.896,0.017,8.764,0.015,63.5,74.5,55752.0,877.77,22482.0,301.73,AA
65.0017606,-54.9379507,57593.80644193,,,,,,,,,0000,1.0,69.68399810791016,00,1,neowise,8.871,0.019,8.697,0.014,56.3,75.4,57086.0,1014.7,23923.0,317.32,AA
65.0017211,-54.937968,57593.93747248,,,,,,,,,0000,1.0,68.2239990234375,00,1,neowise,8.826,0.02,8.682,0.014,55.6,79.3,59498.0,1069.3,24242.0,305.54,AA
65.001547,-54.937895,57591.12050652,,,,,,,,,0000,1.0,32.207000732421875,00,1,neowise,9.012,0.017,8.639,0.014,65.1,75.9,50136.0,770.1,25241.0,332.6,AA
65.0016329,-54.9379207,57592.56171536,,,,,,,,,0000,1.0,26.797000885009766,00,1,neowise,8.996,0.017,8.737,0.013,64.9,84.8,50864.0,784.12,23047.0,271.77,AA
65.0015896,-54.9379065,57592.88935537,,,,,,,,,0000,0.5,73.46499633789062,00,1,neowise,8.838,0.016,8.718,0.013,69.4,82.8,58841.0,848.41,23468.0,283.43,AA
65.0016242,-54.9379165,57593.67541135,,,,,,,,,0000,1.0,50.229000091552734,00,1,neowise,8.9,0.018,8.75,0.014,60.2,75.2,55552.0,922.42,22787.0,302.85,AA
65.0016579,-54.9379263,57591.25153709,,,,,,,,,0000,1.0,13.4350004196167,00,1,neowise,8.869,0.016,8.679,0.014,69.2,76.5,57154.0,826.51,24310.0,317.97,AA
65.0016133,-54.9379352,57591.64462874,,,,,,,,,0000,1.0,44.034000396728516,00,1,neowise,8.917,0.018,8.703,0.012,59.9,88.3,54697.0,913.69,23781.0,269.4,AA
65.0016024,-54.9379593,57591.90656255,,,,,,,,,0000,1.0,73.4540023803711,00,1,neowise,8.98,0.015,8.766,0.014,72.5,76.5,51612.0,711.78,22455.0,293.5,AA
65.0015157,-54.9379531,57592.2342026,,,,,,,,,0000,1.0,15.16100025177002,00,1,neowise,8.963,0.013,8.787,0.014,81.0,76.2,52461.0,647.63,22021.0,288.83,AA
65.0015562,-54.9379668,57592.43068477,,,,,,,,,0000,1.0,4.255000114440918,00,1,neowise,9.012,0.016,8.745,0.013,68.0,83.0,50109.0,737.29,22885.0,275.77,AA
65.0016047,-54.9379868,57592.69274584,,,,,,,,,0000,1.0,53.492000579833984,00,1,neowise,9.037,0.016,8.697,0.014,66.1,79.2,48972.0,741.15,23913.0,301.93,AA
65.0016579,-54.9379313,57592.75832484,,,,,,,,,0000,1.0,63.44599914550781,00,1,neowise,8.888,0.015,8.743,0.014,70.8,75.1,56171.0,793.48,22938.0,305.44,AA
65.0016333,-54.9379308,57593.34789866,,,,,,,,,0000,1.0,4.3480000495910645,00,1,neowise,8.933,0.014,8.736,0.013,75.7,83.6,53899.0,711.7,23073.0,275.99,AA
65.0017473,-54.9379304,59942.51274748,,,,,,,,,0000,1.0,70.16699981689453,00,1,neowise,8.804,0.018,8.543,0.016,61.9,69.3,60628.0,978.72,27563.0,397.77,AA
65.0017079,-54.9378856,59942.77328117,,,,,,,,,0000,1.0,23.979000091552734,00,1,neowise,8.732,0.017,8.523,0.016,62.1,69.6,64790.0,1042.7,28068.0,403.47,AA
65.0017688,-54.9379921,59942.64301431,,,,,,,,,0000,1.0,45.22700119018555,00,1,neowise,8.814,0.018,8.556,0.014,61.2,75.4,60105.0,982.06,27223.0,361.25,AA
65.0016877,-54.9379746,59942.3823533,,,,,,,,,0000,1.0,64.51599884033203,00,1,neowise,8.808,0.017,8.582,0.012,64.5,89.6,60412.0,937.19,26571.0,296.52,AA
65.0017161,-54.9379574,59942.90354804,,,,,,,,,0000,1.0,9.496999740600586,00,1,neowise,8.751,0.016,8.405,0.015,66.1,74.2,63655.0,963.35,31285.0,421.44,AA
65.0016595,-54.9379308,59943.03381497,,,,,,,,,0000,1.0,8.006999969482422,00,1,neowise,8.887,0.015,8.528,0.013,71.3,83.6,56152.0,787.6,27934.0,334.12,AA
65.0019522,-54.9379084,57040.1929955,,,,,,,,,0000,1.0,44.1619987487793,00,1,neowise,8.955,0.014,8.921,0.013,78.0,81.9,52563.0,673.94,19559.0,238.93,AA
65.0018051,-54.9378542,57039.79875638,,,,,,,,,0000,1.0,17.204999923706055,00,1,neowise,9.046,0.014,8.922,0.013,76.9,84.1,48351.0,628.46,19542.0,232.36,AA
65.0017092,-54.9378529,57040.32440841,,,,,,,,,0000,1.0,62.185001373291016,00,1,neowise,9.016,0.014,8.822,0.012,79.9,91.0,49720.0,622.06,21438.0,235.45,AA
65.0017303,-54.9379322,57040.65281374,,,,,,,,,0000,0.5,36.409000396728516,00,1,neowise,8.959,0.015,8.926,0.014,72.6,78.6,52402.0,721.61,19480.0,247.95,AA
65.0017868,-54.9379224,57040.06158244,,,,,,,,,0000,1.0,20.999000549316406,00,1,neowise,9.046,0.014,8.922,0.013,80.0,80.8,48371.0,604.84,19549.0,242.02,AA
65.0017477,-54.9379247,57039.60163684,,,,,,,,,0000,1.0,45.08100128173828,00,1,neowise,8.96,0.016,8.925,0.012,67.8,88.3,52318.0,771.87,19488.0,220.59,AA
65.0017967,-54.9379258,57040.78422679,,,,,,,,,0000,1.0,18.694000244140625,00,1,neowise,8.925,0.012,8.89,0.013,87.1,83.2,54026.0,620.04,20136.0,242.06,AA
65.0018133,-54.9378934,57040.45569416,,,,,,,,,0000,1.0,67.25499725341797,00,1,neowise,8.98,0.017,8.896,0.013,64.8,84.1,51394.0,793.22,20030.0,238.07,AA
65.0017169,-54.9378871,57039.93016943,,,,,,,,,0000,1.0,8.173999786376953,00,1,neowise,9.013,0.013,8.865,0.014,83.0,78.5,49831.0,600.62,20601.0,262.31,AA
65.0018011,-54.9378974,57040.521528,,,,,,,,,0000,1.0,58.625,00,1,neowise,8.95,0.016,8.911,0.013,66.1,86.5,52824.0,799.37,19750.0,228.25,AA
65.0017623,-54.9378785,57039.99587596,,,,,,,,,0000,1.0,11.392000198364258,00,1,neowise,9.071,0.013,8.9,0.013,80.7,86.3,47229.0,585.38,19942.0,230.98,AA
65.0017777,-54.9378712,57040.39011494,,,,,,,,,0000,1.0,67.59300231933594,00,1,neowise,8.946,0.015,8.872,0.013,74.1,81.4,53011.0,715.65,20472.0,251.57,AA
65.0018017,-54.9378896,57040.25870198,,,,,,,,,0000,1.0,54.16299819946289,00,1,neowise,8.973,0.014,8.841,0.013,80.4,84.7,51729.0,643.28,21053.0,248.68,AA
65.0017181,-54.9379903,57040.45582147,,,,,,,,,0000,1.0,67.9540023803711,00,1,neowise,9.005,0.021,8.858,0.014,52.9,78.6,50190.0,949.15,20742.0,264.05,AA
65.0017899,-54.9379688,57039.66734332,,,,,,,,,0000,0.5,34.132999420166016,00,1,neowise,9.008,0.014,8.746,0.013,78.3,81.4,50063.0,639.11,22997.0,282.54,AA
65.0016882,-54.9379403,57040.52140068,,,,,,,,,0000,1.0,58.840999603271484,00,1,neowise,8.903,0.018,8.832,0.013,60.1,81.8,55172.0,918.6,21239.0,259.74,AA
65.0016868,-54.9379373,57039.86446291,,,,,,,,,0000,0.5,11.593000411987305,00,1,neowise,8.99,0.014,8.885,0.014,77.0,76.8,50907.0,660.88,20219.0,263.12,AA
65.0016969,-54.9379263,57039.73304985,,,,,,,,,0000,1.0,24.606000900268555,00,1,neowise,9.032,0.014,8.916,0.013,78.0,84.7,48959.0,627.29,19655.0,231.96,AA
65.0016175,-54.9379273,57039.47022378,,,,,,,,,0000,1.0,66.73500061035156,00,1,neowise,8.883,0.017,8.925,0.013,65.6,82.1,56207.0,856.93,19491.0,237.51,AA
65.0016118,-54.93795,57039.53593031,,,,,,,,,0000,1.0,56.301998138427734,00,1,neowise,9.022,0.015,8.881,0.012,74.5,90.2,49452.0,663.78,20299.0,225.12,AA
65.0017332,-54.9380053,57960.95264644,,,,,,,,,0000,1.0,69.1449966430664,00,1,neowise,8.757,0.014,8.502,0.015,75.0,74.1,63318.0,844.03,28617.0,386.45,AA
65.0016073,-54.9379393,57960.69084,,,,,,,,,0000,1.0,50.30099868774414,00,1,neowise,8.828,0.018,8.53,0.017,60.7,65.5,59324.0,976.54,27893.0,425.86,AA
65.0016088,-54.9379313,57960.82174322,,,,,,,,,0000,1.0,70.48999786376953,00,1,neowise,8.831,0.015,8.439,0.013,74.3,80.9,59171.0,795.97,30322.0,374.84,AA
65.0016328,-54.9378827,58848.20070457,,,,,,,,,0000,1.0,35.08300018310547,00,1,neowise,8.895,0.014,8.588,0.012,75.2,86.9,55746.0,741.32,26427.0,304.03,AA
65.0017744,-54.9379272,58847.41566569,,,,,,,,,0000,1.0,67.86399841308594,00,1,neowise,8.793,0.018,8.499,0.013,59.7,80.8,61251.0,1025.9,28685.0,355.06,AA
65.0017541,-54.9379203,58848.46225743,,,,,,,,,0000,1.0,71.48300170898438,00,1,neowise,8.872,0.014,8.606,0.012,78.4,87.1,56954.0,726.0,26008.0,298.45,AA
65.0017775,-54.9379375,58848.72393705,,,,,,,,,0000,1.0,32.249000549316406,00,1,neowise,8.916,0.013,8.607,0.014,81.3,78.7,54694.0,672.47,25981.0,330.07,AA
65.0017503,-54.9379029,58847.28488956,,,,,,,,,0000,1.0,51.15599822998047,00,1,neowise,8.911,0.014,8.622,0.013,74.9,85.2,54972.0,733.58,25622.0,300.88,AA
65.0018225,-54.9378824,58848.33148126,,,,,,,,,0000,1.0,58.66299819946289,00,1,neowise,8.935,0.014,8.605,0.013,76.2,82.3,53757.0,705.24,26033.0,316.21,AA
65.001756,-54.9379006,58848.85471317,,,,,,,,,0000,1.0,14.138999938964844,00,1,neowise,8.845,0.016,8.57,0.014,65.8,80.0,58382.0,887.02,26869.0,335.86,AA
65.0017001,-54.9379955,58847.93902495,,,,,,,,,0000,1.0,6.701000213623047,00,1,neowise,8.935,0.014,8.595,0.013,74.9,85.3,53736.0,717.3,26260.0,307.99,AA
65.001688,-54.9379241,58846.89243388,,,,,,,,,0000,1.0,10.222000122070312,00,1,neowise,8.933,0.014,8.61,0.011,75.5,97.7,53834.0,713.24,25917.0,265.26,AA
65.0017344,-54.9379532,58847.02321,,,,,,,,,0000,1.0,6.506999969482422,00,1,neowise,8.806,0.018,8.581,0.015,60.9,71.1,60530.0,994.32,26595.0,373.96,AA
65.0017795,-54.9379645,58847.02333731,,,,,,,,,0000,1.0,5.828999996185303,00,1,neowise,8.812,0.02,8.525,0.015,55.1,74.2,60195.0,1093.2,28011.0,377.71,AA
65.0017235,-54.9379642,58847.41579306,,,,,,,,,h000,1.0,68.61900329589844,00,1,neowise,8.81,0.018,8.593,0.014,61.8,79.5,60293.0,976.08,26325.0,331.31,AA
65.0017187,-54.9379489,58847.54656918,,,,,,,,,0000,1.0,65.47200012207031,00,1,neowise,8.925,0.015,8.605,0.012,71.4,90.9,54225.0,759.39,26024.0,286.17,AA
65.0016797,-54.9379787,58847.6773453,,,,,,,,,0000,1.0,40.26100158691406,00,1,neowise,8.903,0.016,8.618,0.014,68.5,79.4,55365.0,808.07,25711.0,323.85,AA
65.0017152,-54.9379347,58847.80824878,,,,,,,,,0000,0.5,19.239999771118164,00,1,neowise,8.87,0.016,8.584,0.013,67.9,83.6,57063.0,840.46,26535.0,317.44,AA
65.001665,-54.9379701,58848.06980109,,,,,,,,,0000,0.5,10.8149995803833,00,1,neowise,8.944,0.016,8.57,0.013,66.5,82.5,53310.0,802.24,26884.0,325.84,AA
65.0017708,-54.9379595,58848.59316087,,,,,,,,,0000,1.0,56.154998779296875,00,1,neowise,8.873,0.014,8.601,0.013,77.3,81.1,56891.0,736.13,26119.0,321.89,AA
65.0016923,-54.9379449,58848.85484058,,,,,,,,,0000,1.0,13.409000396728516,00,1,neowise,8.902,0.016,8.536,0.013,68.4,85.7,55400.0,810.11,27737.0,323.5,AA
65.0015931,-54.9379356,58847.15411348,,,,,,,,,0000,1.0,25.767000198364258,00,1,neowise,8.826,0.016,8.597,0.016,68.9,68.8,59428.0,862.89,26210.0,380.96,AA
65.001616,-54.9379615,58848.9856167,,,,,,,,,0000,1.0,3.9110000133514404,00,1,neowise,8.861,0.014,8.592,0.013,79.9,85.0,57556.0,720.16,26333.0,309.79,AA
65.0016144,-54.9379349,58849.11639287,,,,,,,,,0000,1.0,18.70199966430664,00,1,neowise,8.939,0.015,8.581,0.013,74.1,83.9,53542.0,722.33,26617.0,317.35,AA
65.0016018,-54.9378499,59787.42739414,,,,,,,,,0000,0.0,2.859999895095825,00,1,neowise,9.0,0.015,8.839,0.013,71.0,82.9,50621.0,713.47,20980.0,253.16,AA
65.0016129,-54.9378845,59785.73151013,,,,,,,,,0000,1.0,54.33100128173828,00,1,neowise,9.078,0.014,8.928,0.014,77.6,77.9,47103.0,607.23,19329.0,248.17,AA
65.0016782,-54.9379066,59786.84036713,,,,,,,,,0000,0.5,69.08300018310547,00,1,neowise,9.033,0.016,8.884,0.014,68.4,75.9,49093.0,718.09,20132.0,265.37,AA
65.0016815,-54.9378794,59786.90556411,,,,,,,,,0000,1.0,73.59200286865234,00,1,neowise,9.075,0.016,8.863,0.015,68.2,72.7,47239.0,693.02,20529.0,282.46,AA
65.0017722,-54.9379338,59785.99242519,,,,,,,,,0000,1.0,63.625999450683594,00,1,neowise,9.058,0.014,8.965,0.014,77.7,75.5,48000.0,617.37,18682.0,247.33,AA
65.0016877,-54.9379951,59785.60111632,,,,,,,,,0000,1.0,28.07699966430664,00,1,neowise,8.971,0.015,8.886,0.013,73.7,83.5,51977.0,705.67,20088.0,240.56,AA
65.0017015,-54.9380148,59787.03595792,,,,,,,,,0000,1.0,54.52199935913086,00,1,neowise,9.051,0.019,8.844,0.016,57.3,66.1,48286.0,842.52,20889.0,315.83,AA
65.0017183,-54.9379869,59787.29687293,,,,,,,,,0000,1.0,11.437999725341797,00,1,neowise,8.946,0.016,8.997,0.016,69.3,69.9,53202.0,767.71,18143.0,259.53,AA
65.0017408,-54.9379869,59787.23167605,,,,,,,,,0000,1.0,19.275999069213867,00,1,neowise,9.057,0.015,8.904,0.013,74.3,85.3,48029.0,646.32,19757.0,231.7,AA
65.0015648,-54.9380319,59785.66631319,,,,,,,,,0000,1.0,41.564998626708984,00,1,neowise,9.089,0.015,8.915,0.014,71.4,76.2,46624.0,652.82,19553.0,256.76,AA
65.0015145,-54.9380369,59787.557788,,,,,,,,,0000,1.0,19.01099967956543,00,1,neowise,9.043,0.018,8.979,0.013,61.4,81.4,48670.0,792.78,18443.0,226.65,AA
65.0016409,-54.9380349,59785.86190397,,,,,,,,,0000,1.0,71.55899810791016,00,1,neowise,8.978,0.018,8.855,0.014,61.5,78.6,51648.0,840.22,20676.0,263.12,AA
65.001649,-54.9380314,59786.77517025,,,,,,,,,0000,0.5,61.00899887084961,00,1,neowise,8.938,0.015,8.85,0.013,73.1,84.0,53623.0,734.01,20770.0,247.4,AA
65.0017189,-54.9379789,59785.01408883,,,,,,,,,0000,1.0,58.95800018310547,00,1,neowise,9.048,0.014,8.871,0.013,75.9,82.8,48438.0,638.49,20375.0,246.1,AA
65.0017694,-54.9379701,59785.14397328,,,,,,,,,0000,1.0,32.483001708984375,00,1,neowise,9.06,0.014,8.846,0.014,79.2,78.3,47895.0,604.7,20851.0,266.23,AA
65.0016981,-54.9379629,59786.05762212,,,,,,,,,0000,1.0,49.96799850463867,00,1,neowise,9.009,0.014,8.932,0.013,75.5,80.5,50221.0,665.15,19249.0,239.13,AA
65.0016993,-54.9379732,59786.31853714,,,,,,,,,0000,1.0,9.085000038146973,00,1,neowise,9.066,0.015,8.842,0.014,72.7,76.6,47642.0,655.17,20930.0,273.31,AA
65.0017167,-54.9379401,59787.68830917,,,,,,,,,0000,1.0,46.01100158691406,00,1,neowise,8.931,0.018,8.821,0.014,62.0,78.6,53926.0,869.44,21331.0,271.43,AA
65.0016802,-54.9379844,59787.81870307,,,,,,,,,0000,0.5,67.00299835205078,00,1,neowise,9.022,0.014,8.925,0.011,76.2,96.5,49598.0,650.6,19389.0,200.92,AA
65.0015782,-54.937906,59785.47059458,,,,,,,,,0000,1.0,4.640999794006348,00,1,neowise,9.036,0.014,8.921,0.014,75.5,79.1,48967.0,648.5,19452.0,245.91,AA
65.0015217,-54.937938,59785.79670705,,,,,,,,,0000,0.5,64.29000091552734,00,1,neowise,9.124,0.014,8.951,0.015,75.3,74.3,45167.0,599.98,18920.0,254.52,AA
65.0015543,-54.9379072,59786.38373406,,,,,,,,,0000,0.5,4.083000183105469,00,1,neowise,9.075,0.015,8.899,0.014,71.0,76.6,47254.0,665.86,19848.0,259.11,AA
65.0015877,-54.9379677,59785.27487644,,,,,,,,,0000,1.0,13.984999656677246,00,1,neowise,9.013,0.014,8.882,0.013,79.3,81.8,50013.0,631.0,20160.0,246.51,AA
65.0015507,-54.9379734,59785.34020073,,,,,,,,,0000,0.5,7.111999988555908,00,1,neowise,9.02,0.015,8.824,0.013,70.8,81.0,49701.0,701.5,21270.0,262.73,AA
65.0015792,-54.9379777,59785.40539765,,,,,,,,,0000,1.0,3.2799999713897705,00,1,neowise,9.046,0.015,8.914,0.014,73.9,77.7,48533.0,656.49,19584.0,251.99,AA
65.0015312,-54.9379637,59785.86203128,,,,,,,,,0000,0.5,70.95500183105469,00,1,neowise,8.993,0.018,8.842,0.013,61.6,81.8,50929.0,826.8,20925.0,255.69,AA
65.0016129,-54.937958,59785.92722826,,,,,,,,,0000,0.5,73.49400329589844,00,1,neowise,9.032,0.016,8.842,0.014,67.9,79.5,49140.0,724.15,20920.0,263.28,AA
65.0015823,-54.93796,59786.25334016,,,,,,,,,0000,0.5,16.594999313354492,00,1,neowise,8.975,0.014,8.904,0.013,76.0,82.4,51797.0,681.55,19757.0,239.81,AA
65.0016244,-54.9379592,59786.18763397,,,,,,,,,0000,0.5,25.202999114990234,00,1,neowise,9.063,0.015,8.889,0.018,72.3,59.3,47749.0,660.0,20031.0,337.59,AA
65.0016357,-54.9379552,59786.57945216,,,,,,,,,0000,0.5,23.410999298095703,00,1,neowise,9.066,0.016,8.977,0.015,67.4,73.0,47640.0,707.33,18474.0,253.04,AA
65.0016128,-54.9379602,59786.64464904,,,,,,,,,0000,1.0,37.0620002746582,00,1,neowise,9.033,0.014,8.904,0.013,78.1,83.5,49128.0,629.09,19754.0,236.46,AA
65.0016287,-54.9379477,59786.70984596,,,,,,,,,0000,1.0,50.266998291015625,00,1,neowise,9.01,0.016,8.905,0.015,68.6,73.0,50142.0,730.52,19741.0,270.36,AA
65.0016623,-54.937922,59786.97076103,,,,,,,,,0000,1.0,68.1259994506836,00,1,neowise,8.924,0.014,8.911,0.013,77.1,86.0,54292.0,704.51,19633.0,228.23,AA
65.0015933,-54.9379344,59787.36206986,,,,,,,,,0000,0.5,5.26200008392334,00,1,neowise,8.987,0.018,8.866,0.016,59.0,66.4,51226.0,867.84,20469.0,308.09,AA
65.0017328,-54.9379358,60519.34672721,,,,,,,,,0000,1.0,8.397000312805176,00,1,neowise,9.017,0.016,9.02,0.016,65.9,67.8,49832.0,756.0,17759.0,261.98,AA
65.0015908,-54.9379054,60519.28293102,,,,,,,,,0000,0.0,15.194999694824219,00,1,neowise,10.27,0.016,10.303,0.027,68.6,40.4,15713.0,229.17,5449.2,134.72,AA
65.0016996,-54.9379993,57229.57191069,,,,,,,,,0000,1.0,32.867000579833984,00,1,neowise,8.955,0.018,8.871,0.015,60.6,71.1,52759.0,870.68,20407.0,286.93,AA
65.0016556,-54.9379924,57229.7030685,,,,,,,,,0000,0.5,57.625,00,1,neowise,8.985,0.014,8.856,0.012,79.7,88.2,51317.0,643.5,20679.0,234.38,AA
65.001649,-54.9379192,57229.83422638,,,,,,,,,0000,0.5,72.375,00,1,neowise,8.786,0.017,8.845,0.014,62.6,77.7,61616.0,983.92,20895.0,268.81,AA
65.001775,-54.9379228,60311.68647181,,,,,,,,,0000,1.0,39.834999084472656,00,1,neowise,8.918,0.014,8.771,0.013,79.7,81.7,54615.0,685.56,22335.0,273.23,AA
65.0019389,-54.9380062,60309.62142972,,,,,,,,,0000,0.5,51.01900100708008,00,1,neowise,8.914,0.019,8.749,0.014,57.9,75.6,54775.0,945.25,22801.0,301.4,AA
65.001679,-54.9378839,60310.65401419,,,,,,,,,0000,1.0,45.196998596191406,00,1,neowise,8.955,0.017,8.76,0.015,63.1,71.2,52747.0,835.47,22555.0,316.78,AA
65.0017662,-54.9379489,60309.87967137,,,,,,,,,0000,1.0,13.734000205993652,00,1,neowise,9.007,0.016,8.852,0.014,67.9,78.8,50307.0,740.72,20727.0,263.05,AA
65.00175,-54.9379418,60310.65388682,,,,,,,,,0000,1.0,45.676998138427734,00,1,neowise,8.955,0.017,8.827,0.013,62.2,81.1,52753.0,847.89,21208.0,261.4,AA
65.0017345,-54.9379127,60310.78300763,,,,,,,,,0000,0.0,25.128999710083008,00,1,neowise,9.049,0.014,8.809,0.014,75.6,79.2,48383.0,640.06,21574.0,272.55,AA
65.0017102,-54.9379162,60311.29923677,,,,,,,,,0000,1.0,51.83000183105469,00,1,neowise,8.989,0.014,8.802,0.014,76.9,79.3,51161.0,665.34,21703.0,273.73,AA
65.0018042,-54.9379212,60311.42835762,,,,,,,,,0000,1.0,66.67400360107422,00,1,neowise,8.987,0.014,8.752,0.014,77.3,77.2,51223.0,662.82,22733.0,294.57,AA
65.0017893,-54.9378726,60310.39577258,,,,,,,,,0000,1.0,63.28099822998047,00,1,neowise,8.912,0.016,8.888,0.015,67.5,74.3,54907.0,813.83,20045.0,269.85,AA
65.001717,-54.9379089,60311.04112248,,,,,,,,,0000,1.0,10.597000122070312,00,1,neowise,8.966,0.014,8.765,0.014,78.9,76.7,52221.0,661.55,22458.0,292.96,AA
65.0017441,-54.9379066,60311.17024333,,,,,,,,,0000,1.0,30.018999099731445,00,1,neowise,8.941,0.014,8.713,0.013,76.9,84.2,53429.0,694.56,23572.0,279.84,AA
65.001684,-54.9379982,60311.55735105,,,,,,,,,0000,1.0,62.40599822998047,00,1,neowise,8.894,0.014,8.77,0.014,76.8,79.6,55806.0,726.3,22363.0,280.87,AA
65.0016977,-54.9379666,60309.36331547,,,,,,,,,0000,1.0,60.194000244140625,00,1,neowise,8.982,0.014,8.764,0.014,76.2,79.0,51488.0,675.37,22478.0,284.35,AA
65.0017121,-54.9379658,60309.75055052,,,,,,,,,0000,1.0,29.509000778198242,00,1,neowise,8.933,0.015,8.831,0.014,72.5,75.7,53835.0,742.48,21128.0,279.03,AA
65.0017547,-54.9379553,60310.00866486,,,,,,,,,0000,1.0,8.991000175476074,00,1,neowise,8.902,0.018,8.772,0.014,60.4,75.3,55405.0,917.73,22305.0,296.29,AA
65.0017067,-54.937983,60310.1376583,,,,,,,,,0000,0.5,24.36400032043457,00,1,neowise,9.023,0.016,8.788,0.013,68.9,82.8,49584.0,719.35,21983.0,265.63,AA
65.0017351,-54.9379648,60310.91212899,,,,,,,,,0000,1.0,11.489999771118164,00,1,neowise,9.012,0.015,8.817,0.014,70.6,75.4,50070.0,709.59,21406.0,283.97,AA
65.0016326,-54.9379186,60309.62155704,,,,,,,,,0000,1.0,50.63199996948242,00,1,neowise,8.87,0.018,8.696,0.015,60.0,72.9,57054.0,950.38,23939.0,328.25,AA
65.0016666,-54.9379163,60310.2667791,,,,,,,,,0000,0.5,46.80099868774414,00,1,neowise,9.009,0.016,8.856,0.012,69.7,89.6,50226.0,721.04,20659.0,230.67,AA
65.001645,-54.937894,57960.23255154,,,,,,,,,0000,1.0,15.821999549865723,00,1,neowise,8.803,0.015,8.494,0.012,72.7,90.7,60714.0,835.66,28828.0,317.83,AA
65.0017848,-54.9379425,57958.39939697,,,,,,,,,0000,1.0,1.1690000295639038,00,1,neowise,8.863,0.014,8.565,0.013,79.4,84.4,57431.0,723.23,27010.0,320.01,AA
65.0017135,-54.9379974,57958.66133062,,,,,,,,,0000,0.5,44.237998962402344,00,1,neowise,8.881,0.016,8.53,0.013,69.6,86.0,56472.0,811.59,27891.0,324.41,AA
65.0017235,-54.9379991,57958.85768542,,,,,,,,,0000,0.5,73.52400207519531,00,1,neowise,8.869,0.014,8.541,0.014,77.1,80.0,57132.0,740.71,27593.0,345.02,AA
65.0015297,-54.9379959,57959.25052234,,,,,,,,,0000,0.5,13.883000373840332,00,1,neowise,8.91,0.014,8.576,0.013,77.6,80.5,55003.0,709.08,26719.0,332.12,AA
65.0016756,-54.9379317,57958.26849375,,,,,,,,,0000,1.0,11.991000175476074,00,1,neowise,8.863,0.016,8.511,0.014,69.2,77.6,57425.0,830.27,28378.0,365.76,AA
65.0015985,-54.9379213,57959.05404022,,,,,,,,,0000,1.0,47.05699920654297,00,1,neowise,8.901,0.014,8.542,0.014,75.7,77.3,55449.0,732.71,27581.0,356.97,AA
65.0016127,-54.9379264,57959.64335926,,,,,,,,,0000,1.0,40.494998931884766,00,1,neowise,8.834,0.017,8.555,0.014,64.5,77.1,58968.0,914.44,27240.0,353.11,AA
65.0015939,-54.9379148,57959.77426243,,,,,,,,,0000,0.5,64.54199981689453,00,1,neowise,8.858,0.015,8.555,0.014,72.3,77.0,57680.0,798.15,27254.0,354.09,AA
65.0016048,-54.9379199,57960.10152106,,,,,,,,,0000,1.0,37.250999450683594,00,1,neowise,8.777,0.019,8.487,0.014,57.1,76.0,62157.0,1088.9,29002.0,381.4,AA
65.0016328,-54.9379519,57958.59575172,,,,,,,,,0000,1.0,30.208999633789062,00,1,neowise,8.812,0.014,8.558,0.013,79.4,81.3,60172.0,757.95,27186.0,334.38,AA
65.0016372,-54.9379651,57958.66120331,,,,,,,,,0000,1.0,44.27000045776367,00,1,neowise,8.882,0.017,8.548,0.013,65.4,85.6,56454.0,862.94,27416.0,320.42,AA
65.0015773,-54.9379568,57958.72678221,,,,,,,,,0000,1.0,57.15599822998047,00,1,neowise,8.73,0.015,8.553,0.013,74.2,81.7,64929.0,875.42,27292.0,334.01,AA
65.0015885,-54.9379868,57958.79223378,,,,,,,,,0000,1.0,66.79399871826172,00,1,neowise,8.846,0.015,8.529,0.013,72.9,86.1,58361.0,800.05,27919.0,324.35,AA
65.0016088,-54.937976,57958.92313705,,,,,,,,,0000,1.0,74.78199768066406,00,1,neowise,8.908,0.014,8.571,0.014,76.8,78.1,55120.0,717.5,26847.0,343.89,AA
65.0016585,-54.9379377,57958.98858863,,,,,,,,,0000,1.0,61.20199966430664,00,1,neowise,8.911,0.014,8.553,0.014,80.3,79.3,54939.0,684.55,27310.0,344.5,AA
65.0016303,-54.9379439,57959.31597392,,,,,,,,,0000,1.0,6.499000072479248,00,1,neowise,8.926,0.015,8.563,0.015,73.5,74.0,54178.0,736.97,27053.0,365.42,AA
65.0015664,-54.9379574,57959.38142551,,,,,,,,,0000,1.0,2.0360000133514404,00,1,neowise,8.869,0.013,8.5,0.015,80.9,73.8,57111.0,705.69,28671.0,388.63,AA
65.0016229,-54.9379636,57959.44687709,,,,,,,,,0000,1.0,2.700000047683716,00,1,neowise,8.878,0.014,8.566,0.013,76.0,86.8,56629.0,745.48,26986.0,310.91,AA
65.0016196,-54.9379449,57959.57778031,,,,,,,,,0000,1.0,26.222999572753906,00,1,neowise,8.873,0.016,8.535,0.012,66.2,89.0,56900.0,859.53,27771.0,312.09,AA
65.0015845,-54.9379674,57959.6432319,,,,,,,,,0000,1.0,40.47600173950195,00,1,neowise,8.797,0.015,8.514,0.012,72.6,88.6,61022.0,840.09,28297.0,319.36,AA
65.0016233,-54.9379794,57959.7088108,,,,,,,,,0000,1.0,53.79899978637695,00,1,neowise,8.859,0.016,8.55,0.014,67.2,75.2,57645.0,858.32,27387.0,364.24,AA
65.0015899,-54.9379552,57959.83971406,,,,,,,,,0000,1.0,72.13600158691406,00,1,neowise,8.898,0.015,8.592,0.013,72.4,83.9,55612.0,767.76,26349.0,314.19,AA
65.0016565,-54.9379506,57959.90516626,,,,,,,,,0000,1.0,75.2699966430664,00,1,neowise,8.859,0.015,8.578,0.013,74.7,81.0,57631.0,771.59,26678.0,329.33,AA
65.001606,-54.9379722,57959.9706178,,,,,,,,,0000,1.0,65.24299621582031,00,1,neowise,8.817,0.016,8.507,0.016,68.2,69.0,59903.0,877.96,28492.0,413.1,AA
65.001643,-54.9379546,57960.03606943,,,,,,,,,0000,1.0,50.972999572753906,00,1,neowise,8.908,0.017,8.567,0.013,63.7,82.2,55094.0,864.44,26941.0,327.86,AA
65.0016432,-54.9379292,57960.10164838,,,,,,,,,0000,0.5,37.444000244140625,00,1,neowise,8.728,0.017,8.619,0.017,62.5,63.5,65066.0,1041.7,25690.0,404.52,AA
65.0016302,-54.9379381,57960.29800313,,,,,,,,,0000,1.0,8.385000228881836,00,1,neowise,8.713,0.016,8.499,0.015,69.5,74.0,65969.0,949.18,28684.0,387.52,AA
65.0016061,-54.9379573,57960.36345476,,,,,,,,,0000,1.0,2.937000036239624,00,1,neowise,8.876,0.016,8.564,0.017,68.8,65.3,56765.0,825.07,27034.0,413.83,AA
65.0016399,-54.9379567,57960.42890639,,,,,,,,,0000,1.0,1.4859999418258667,00,1,neowise,8.813,0.017,8.543,0.012,65.3,91.9,60113.0,919.96,27554.0,299.86,AA
65.0016393,-54.9379711,57960.49435793,,,,,,,,,0000,1.0,9.428000450134277,00,1,neowise,8.8,0.014,8.565,0.014,78.7,80.1,60838.0,773.51,27000.0,337.19,AA
65.001875,-54.9379135,57758.95341964,,,,,,,,,0000,1.0,8.604999542236328,00,1,neowise,8.88,0.02,8.866,0.016,54.6,68.1,56601.0,1036.5,20475.0,300.53,AA
65.0018751,-54.937994,57759.41196537,,,,,,,,,0000,1.0,66.93900299072266,00,1,neowise,9.025,0.016,8.702,0.013,69.5,84.5,49522.0,712.17,23809.0,281.84,AA
65.0016671,-54.9378975,57758.5604525,,,,,,,,,0000,1.0,57.74800109863281,00,1,neowise,8.895,0.017,8.766,0.014,62.5,77.2,55846.0,893.78,22448.0,290.62,AA
65.0016962,-54.9378899,57759.3465134,,,,,,,,,0000,1.0,61.20600128173828,00,1,neowise,8.999,0.02,8.757,0.015,54.1,73.6,50718.0,938.29,22641.0,307.61,AA
65.0017372,-54.9379238,57759.21548218,,,,,,,,,0000,0.5,42.3650016784668,00,1,neowise,8.999,0.016,8.887,0.013,68.4,86.0,50712.0,741.66,20087.0,233.44,AA
65.0017008,-54.9378908,57758.69148381,,,,,,,,,0000,1.0,35.54800033569336,00,1,neowise,9.005,0.015,8.821,0.012,74.1,87.1,50427.0,680.24,21336.0,244.83,AA
65.0017135,-54.9378762,57758.82251569,,,,,,,,,0000,1.0,17.834999084472656,00,1,neowise,8.957,0.016,8.801,0.014,67.9,80.0,52752.0,776.57,21733.0,271.73,AA
65.0017329,-54.9379044,57759.28093415,,,,,,,,,0000,1.0,52.332000732421875,00,1,neowise,8.965,0.017,8.828,0.014,65.5,78.3,52334.0,798.62,21199.0,270.64,AA
65.0017597,-54.9380051,57759.01899894,,,,,,,,,0000,1.0,10.479000091552734,00,1,neowise,8.941,0.016,8.817,0.016,66.6,69.8,53488.0,802.61,21408.0,306.81,AA
65.0016912,-54.9379368,57759.47741735,,,,,,,,,0000,1.0,67.55999755859375,00,1,neowise,8.997,0.015,8.774,0.013,70.4,82.2,50818.0,721.81,22280.0,271.12,AA
65.0017142,-54.9379509,57759.54299669,,,,,,,,,0000,1.0,60.68600082397461,00,1,neowise,8.952,0.016,8.817,0.013,66.4,80.9,52957.0,797.53,21415.0,264.65,AA
65.0016462,-54.9379632,57759.08445091,,,,,,,,,0000,1.0,19.349000930786133,00,1,neowise,9.087,0.017,8.793,0.012,62.8,88.7,46769.0,744.42,21898.0,246.94,AA
65.0016046,-54.9379674,57759.60844867,,,,,,,,,0000,1.0,49.0369987487793,00,1,neowise,8.952,0.016,8.777,0.014,68.4,75.8,52985.0,774.41,22221.0,293.07,AA
65.0017964,-54.9380414,59419.79478197,,,,,,,,,0000,1.0,65.20899963378906,00,1,neowise,8.984,0.018,8.703,0.014,61.7,75.5,51357.0,831.98,23776.0,315.06,AA
65.0016609,-54.9378998,59418.29168694,,,,,,,,,0000,1.0,11.142999649047852,00,1,neowise,8.945,0.017,8.706,0.016,63.2,68.8,53252.0,842.54,23712.0,344.72,AA
65.0017456,-54.9379327,59419.72945773,,,,,,,,,0000,1.0,53.7400016784668,00,1,neowise,8.968,0.015,8.821,0.013,71.6,81.2,52120.0,727.86,21334.0,262.65,AA
65.0017348,-54.9380914,59419.86010626,,,,,,,,,0000,1.0,73.28399658203125,00,1,neowise,9.003,0.019,8.828,0.017,56.5,62.7,50491.0,893.14,21193.0,338.21,AA
65.0016724,-54.938012,59417.8341625,,,,,,,,,0000,1.0,69.74700164794922,00,1,neowise,9.051,0.015,8.835,0.014,74.3,77.5,48294.0,649.87,21052.0,271.54,AA
65.0017247,-54.9379985,59418.22623535,,,,,,,,,0000,1.0,19.68400001525879,00,1,neowise,9.035,0.014,8.761,0.013,77.0,82.2,49039.0,636.94,22534.0,274.1,AA
65.0017389,-54.9379994,59419.99088209,,,,,,,,,0000,1.0,66.24700164794922,00,1,neowise,9.048,0.015,8.79,0.014,72.5,76.4,48455.0,668.68,21951.0,287.43,AA
65.0017028,-54.9379944,59420.3829549,,,,,,,,,0000,1.0,1.7009999752044678,00,1,neowise,8.894,0.017,8.767,0.016,62.6,69.7,55794.0,890.63,22425.0,321.63,AA
65.0016137,-54.938007,59418.55311132,,,,,,,,,0000,1.0,15.814000129699707,00,1,neowise,9.029,0.016,8.779,0.012,67.1,86.9,49306.0,734.48,22165.0,255.17,AA
65.0015176,-54.9380426,59418.94518415,,,,,,,,,0000,1.0,75.74299621582031,00,1,neowise,8.932,0.014,8.902,0.015,76.1,72.1,53875.0,708.27,19800.0,274.72,AA
65.0016246,-54.9380509,59419.33738436,,,,,,,,,0000,1.0,6.041999816894531,00,1,neowise,9.018,0.017,8.822,0.015,64.8,73.7,49796.0,767.98,21302.0,289.18,AA
65.0015167,-54.9379696,59418.16091116,,,,,,,,,0000,1.0,30.551000595092773,00,1,neowise,8.932,0.014,8.761,0.013,76.5,83.7,53873.0,704.32,22541.0,269.39,AA
65.0016043,-54.9380044,59418.55298395,,,,,,,,,0000,1.0,15.368000030517578,00,1,neowise,8.959,0.017,8.799,0.013,65.1,80.9,52564.0,807.78,21772.0,269.19,AA
65.0016064,-54.9380013,59418.74908403,,,,,,,,,0000,1.0,57.5629997253418,00,1,neowise,8.962,0.014,8.76,0.015,75.9,71.9,52419.0,690.52,22560.0,313.64,AA
65.0016705,-54.9379574,59417.96481103,,,,,,,,,0000,1.0,71.6989974975586,00,1,neowise,8.98,0.013,8.797,0.013,80.7,81.3,51567.0,639.17,21804.0,268.07,AA
65.0017351,-54.9379564,59418.29155958,,,,,,,,,0000,1.0,10.777000427246094,00,1,neowise,8.94,0.017,8.763,0.013,62.2,84.2,53506.0,860.7,22496.0,267.1,AA
65.0016569,-54.9379584,59418.48765971,,,,,,,,,0000,1.0,3.6619999408721924,00,1,neowise,9.027,0.014,8.782,0.013,78.0,81.2,49388.0,632.89,22114.0,272.35,AA
65.0016472,-54.9379854,59418.81440832,,,,,,,,,0000,1.0,67.87999725341797,00,1,neowise,8.942,0.015,8.812,0.015,71.2,73.6,53378.0,750.1,21513.0,292.15,AA
65.0016841,-54.9379719,59418.81453568,,,,,,,,,0000,1.0,67.37899780273438,00,1,neowise,9.036,0.017,8.781,0.014,63.1,78.1,48976.0,775.62,22122.0,283.33,AA
65.0017116,-54.9379624,59418.87985987,,,,,,,,,0000,1.0,74.40899658203125,00,1,neowise,8.941,0.016,8.863,0.017,69.4,62.9,53455.0,770.55,20516.0,326.18,AA
65.0016713,-54.9379689,59419.07596005,,,,,,,,,0000,0.5,47.290000915527344,00,1,neowise,9.055,0.017,8.739,0.014,64.3,79.5,48102.0,748.48,22999.0,289.34,AA
65.0017268,-54.9379821,59419.20660853,,,,,,,,,0000,1.0,22.87299919128418,00,1,neowise,9.026,0.014,8.83,0.014,76.8,75.8,49434.0,643.32,21162.0,279.09,AA
65.0016702,-54.9379671,59419.27193277,,,,,,,,,0000,1.0,12.979000091552734,00,1,neowise,8.931,0.016,8.808,0.014,67.5,79.6,53949.0,799.83,21591.0,271.35,AA
65.0016875,-54.9379479,59419.337257,,,,,,,,,0000,1.0,5.48799991607666,00,1,neowise,8.99,0.016,8.814,0.013,66.3,82.0,51076.0,769.91,21462.0,261.68,AA
65.0016624,-54.9379791,59419.59868193,,,,,,,,,0000,1.0,25.481000900268555,00,1,neowise,8.987,0.017,8.783,0.013,63.7,85.6,51247.0,804.65,22087.0,257.88,AA
65.0016866,-54.9379307,59419.59880926,,,,,,,,,0000,1.0,25.628000259399414,00,1,neowise,9.01,0.02,8.672,0.014,54.8,76.4,50182.0,915.65,24459.0,319.98,AA
65.0016798,-54.9379801,59420.25230646,,,,,,,,,0000,0.5,15.383999824523926,00,1,neowise,9.013,0.017,8.807,0.015,64.0,70.4,50014.0,780.89,21611.0,306.92,AA
65.0016725,-54.9379325,59420.38308221,,,,,,,,,0000,1.0,2.374000072479248,00,1,neowise,8.887,0.018,8.664,0.016,59.2,69.7,56189.0,948.36,24648.0,353.74,AA
65.0015607,-54.9379121,59419.66413345,,,,,,,,,0000,0.5,40.055999755859375,00,1,neowise,8.898,0.015,8.842,0.013,72.2,83.7,55608.0,769.88,20924.0,249.99,AA
65.0015836,-54.9379188,59419.86023362,,,,,,,,,0000,0.5,72.69100189208984,00,1,neowise,8.943,0.018,8.81,0.014,60.7,76.0,53351.0,878.29,21554.0,283.78,AA
65.0016178,-54.9379568,59418.35701119,,,,,,,,,0000,1.0,3.877000093460083,00,1,neowise,8.977,0.014,8.783,0.013,76.1,81.8,51705.0,679.66,22089.0,269.9,AA
65.0015802,-54.9379842,59418.42233543,,,,,,,,,0000,1.0,-0.0860000029206276,00,1,neowise,9.031,0.014,8.802,0.012,80.4,88.4,49191.0,612.04,21713.0,245.51,AA
65.0016494,-54.9379582,59418.61843556,,,,,,,,,0000,1.0,29.99799919128418,00,1,neowise,8.979,0.014,8.793,0.012,77.4,87.6,51633.0,667.15,21881.0,249.77,AA
65.001624,-54.9379728,59418.68375979,,,,,,,,,0000,1.0,44.27199935913086,00,1,neowise,9.041,0.014,8.744,0.015,80.2,71.7,48756.0,608.17,22893.0,319.34,AA
65.0016567,-54.9379339,59419.01050845,,,,,,,,,0000,1.0,61.928001403808594,00,1,neowise,9.061,0.017,8.772,0.013,62.5,84.0,47866.0,765.39,22311.0,265.47,AA
65.0016364,-54.9379558,59419.07583268,,,,,,,,,0000,0.5,47.34700012207031,00,1,neowise,8.993,0.015,8.837,0.013,70.9,85.1,50949.0,719.03,21012.0,246.89,AA
65.0016674,-54.9379313,59419.14128428,,,,,,,,,0000,1.0,33.90999984741211,00,1,neowise,9.061,0.015,8.856,0.015,73.3,74.5,47838.0,652.44,20652.0,277.13,AA
65.0015974,-54.9379813,59419.40270918,,,,,,,,,0000,1.0,1.2519999742507935,00,1,neowise,9.01,0.015,8.867,0.013,70.6,83.3,50145.0,710.09,20438.0,245.44,AA
65.0015864,-54.9379637,59419.92555781,,,,,,,,,0000,0.5,76.3740005493164,00,1,neowise,8.981,0.016,8.81,0.014,69.7,78.5,51527.0,739.68,21545.0,274.62,AA
65.0015819,-54.937973,59420.05620639,,,,,,,,,0000,0.5,51.7400016784668,00,1,neowise,8.911,0.017,8.843,0.014,65.8,75.0,54940.0,835.04,20909.0,278.62,AA
65.0018644,-54.9379297,59579.90431269,,,,,,,,,0000,1.0,8.383999824523926,00,1,neowise,8.976,0.015,8.84,0.013,71.5,80.7,51755.0,723.43,20956.0,259.77,AA
65.0016899,-54.9378908,59579.77366389,,,,,,,,,0000,1.0,23.56599998474121,00,1,neowise,9.037,0.016,8.819,0.014,67.6,77.9,48936.0,723.54,21361.0,274.05,AA
65.0018128,-54.9379642,59578.46692125,,,,,,,,,0000,0.5,70.9229965209961,00,1,neowise,9.022,0.017,8.83,0.014,64.4,75.3,49593.0,769.8,21152.0,280.8,AA
65.0018076,-54.9379008,59579.64288777,,,,,,,,,0000,1.0,46.08100128173828,00,1,neowise,8.986,0.016,8.854,0.014,66.4,79.2,51298.0,772.71,20701.0,261.45,AA
65.0018183,-54.9379108,59580.03496149,,,,,,,,,0000,1.0,6.459000110626221,00,1,neowise,9.059,0.015,8.811,0.014,74.4,79.0,47952.0,644.28,21521.0,272.27,AA
65.001737,-54.9378584,59579.3815902,,,,,,,,,0000,0.5,65.02799987792969,00,1,neowise,9.022,0.014,8.86,0.013,75.4,84.7,49614.0,658.41,20568.0,242.82,AA
65.0016991,-54.9379102,59580.42690777,,,,,,,,,0000,0.5,69.69599914550781,00,1,neowise,8.983,0.014,8.824,0.013,77.2,82.9,51410.0,665.87,21280.0,256.66,AA
65.0016704,-54.9380149,59578.72834623,,,,,,,,,0000,1.0,31.190000534057617,00,1,neowise,8.845,0.018,8.798,0.014,58.9,77.7,58417.0,991.33,21783.0,280.43,AA
65.0015701,-54.9379824,59578.98964383,,,,,,,,,0000,1.0,4.7179999351501465,00,1,neowise,9.029,0.016,8.869,0.013,69.6,82.5,49289.0,707.9,20408.0,247.25,AA
65.0017734,-54.9379758,59578.5975701,,,,,,,,,0000,1.0,54.86199951171875,00,1,neowise,8.952,0.016,8.843,0.014,66.2,76.3,52911.0,799.05,20896.0,274.01,AA
65.00176,-54.9379578,59578.72821887,,,,,,,,,0000,1.0,31.57900047302246,00,1,neowise,8.955,0.018,8.747,0.015,59.6,72.5,52759.0,885.15,22830.0,314.73,AA
65.0017008,-54.9379627,59578.85899502,,,,,,,,,0000,1.0,13.456999778747559,00,1,neowise,9.012,0.016,8.788,0.017,68.8,65.3,50057.0,728.02,21985.0,336.87,AA
65.0016718,-54.9379422,59579.12029268,,,,,,,,,0000,1.0,20.07200050354004,00,1,neowise,9.074,0.014,8.881,0.014,79.2,75.7,47303.0,597.37,20179.0,266.66,AA
65.0016773,-54.9379309,59579.51223896,,,,,,,,,0000,0.5,70.9540023803711,00,1,neowise,8.959,0.015,8.84,0.015,73.0,73.2,52591.0,719.98,20951.0,286.09,AA
65.0016125,-54.9379155,59578.33627249,,,,,,,,,0000,1.0,59.10900115966797,00,1,neowise,8.986,0.016,8.863,0.012,68.3,90.6,51282.0,750.9,20520.0,226.52,AA
65.0016339,-54.9379589,59579.2509414,,,,,,,,,0000,1.0,45.367000579833984,00,1,neowise,9.003,0.014,8.778,0.014,75.8,75.0,50505.0,666.34,22194.0,295.81,AA
65.0016368,-54.9379395,59580.296259,,,,,,,,,0000,0.5,53.78900146484375,00,1,neowise,9.001,0.014,8.835,0.014,76.7,75.7,50596.0,660.05,21061.0,278.38,AA
65.0016523,-54.937943,59578.20562369,,,,,,,,,0000,1.0,36.43899917602539,00,1,neowise,9.007,0.015,8.821,0.012,73.2,88.3,50310.0,687.72,21323.0,241.37,AA
65.0018607,-54.9379293,56867.33052362,,,,,,,,,0000,1.0,4.965000152587891,00,1,neowise,9.042,0.015,8.851,0.013,73.0,86.2,48631.0,665.93,20716.0,240.4,AA
65.0016647,-54.9379036,56865.75166444,,,,,,,,,0000,0.5,65.3290023803711,00,1,neowise,8.953,0.014,8.794,0.013,79.6,81.8,52785.0,663.11,21844.0,266.98,AA
65.0016547,-54.9378914,56867.19898394,,,,,,,,,0000,1.0,16.607999801635742,00,1,neowise,8.978,0.015,8.821,0.012,72.0,87.3,51621.0,717.4,21298.0,243.88,AA
65.0016622,-54.9379057,56865.4227514,,,,,,,,,0000,1.0,8.701000213623047,00,1,neowise,9.003,0.014,8.834,0.013,79.6,84.5,50412.0,633.26,21048.0,248.98,AA
65.0016341,-54.9378884,56866.27795082,,,,,,,,,0000,1.0,8.366999626159668,00,1,neowise,8.987,0.013,8.906,0.014,81.0,76.4,51196.0,631.96,19700.0,257.87,AA
65.0016384,-54.9378992,56866.60686385,,,,,,,,,0000,1.0,42.82400131225586,00,1,neowise,8.967,0.013,8.819,0.013,80.6,83.7,52118.0,646.41,21339.0,254.95,AA
65.001742,-54.9379396,56865.55429119,,,,,,,,,0000,1.0,32.448001861572266,00,1,neowise,8.991,0.013,8.842,0.013,84.9,82.5,50998.0,600.85,20900.0,253.44,AA
65.0017604,-54.9379228,56865.88320427,,,,,,,,,0000,0.5,71.31500244140625,00,1,neowise,8.929,0.014,8.789,0.012,77.3,88.6,53970.0,698.63,21937.0,247.47,AA
65.0017426,-54.9379337,56866.34378438,,,,,,,,,0000,1.0,4.752999782562256,00,1,neowise,9.022,0.016,8.884,0.013,68.8,81.5,49534.0,719.67,20106.0,246.76,AA
65.0016926,-54.9379972,56867.26469007,,,,,,,,,0000,1.0,8.902999877929688,00,1,neowise,8.962,0.016,8.827,0.014,68.5,78.1,52377.0,764.4,21177.0,271.19,AA
65.001618,-54.9380085,56866.01474402,,,,,,,,,0000,1.0,45.4109992980957,00,1,neowise,8.978,0.014,8.775,0.013,75.1,82.4,51626.0,687.82,22221.0,269.53,AA
65.0015853,-54.9380589,56865.94903778,,,,,,,,,0000,0.5,58.361000061035156,00,1,neowise,9.002,0.014,8.904,0.014,79.1,79.5,50454.0,637.99,19736.0,248.1,AA
65.0016587,-54.9379702,56866.40949061,,,,,,,,,0000,1.0,6.702000141143799,00,1,neowise,8.985,0.014,8.847,0.012,78.6,90.6,51278.0,652.18,20789.0,229.35,AA
65.0016985,-54.9379535,56867.06731678,,,,,,,,,0000,1.0,36.02399826049805,00,1,neowise,8.92,0.016,8.768,0.014,65.8,77.6,54412.0,826.37,22360.0,288.1,AA
65.0016373,-54.9379875,56866.67269741,,,,,,,,,0000,0.5,54.80699920654297,00,1,neowise,8.98,0.015,8.867,0.014,70.7,78.6,51486.0,727.74,20420.0,259.89,AA
65.0016948,-54.9379549,56866.21211731,,,,,,,,,0000,1.0,15.04800033569336,00,1,neowise,8.997,0.014,8.832,0.014,77.3,77.4,50706.0,656.37,21094.0,272.52,AA
65.0017116,-54.9379587,56866.54103036,,,,,,,,,0000,1.0,29.586999893188477,00,1,neowise,8.996,0.015,8.793,0.015,74.0,74.6,50737.0,686.06,21864.0,293.01,AA
65.0017,-54.9379357,56865.29121167,,,,,,,,,0000,1.0,7.945000171661377,00,1,neowise,9.015,0.016,8.743,0.016,68.2,70.0,49863.0,731.56,22876.0,326.68,AA
65.0017114,-54.9379858,56866.8700708,,,,,,,,,0000,1.0,71.40499877929688,00,1,neowise,9.022,0.019,8.877,0.016,56.4,67.2,49574.0,879.74,20231.0,301.12,AA
65.0014919,-54.937944,56866.343657,,,,,,,,,0000,1.0,4.10699987411499,00,1,neowise,9.007,0.015,8.88,0.013,71.5,83.9,50224.0,702.2,20163.0,240.33,AA
65.0015737,-54.9379139,56867.00161054,,,,,,,,,0000,1.0,47.9640007019043,00,1,neowise,8.916,0.015,8.89,0.014,72.0,75.4,54638.0,758.38,19980.0,265.03,AA
65.0016165,-54.9379116,56865.817498,,,,,,,,,0000,0.5,70.91400146484375,00,1,neowise,8.944,0.016,8.729,0.014,67.1,75.8,53261.0,794.3,23183.0,305.67,AA
65.0015732,-54.9379209,56865.68583089,,,,,,,,,0000,1.0,56.85900115966797,00,1,neowise,8.967,0.014,8.862,0.013,76.7,81.9,52132.0,679.48,20511.0,250.42,AA
65.0015995,-54.9379611,56866.73840365,,,,,,,,,0000,0.5,64.05999755859375,00,1,neowise,8.975,0.015,8.877,0.012,71.5,87.7,51763.0,723.86,20233.0,230.66,AA
65.00154,-54.93796,56867.39622986,,,,,,,,,0000,1.0,5.513000011444092,00,1,neowise,9.002,0.016,8.838,0.014,67.7,76.2,50464.0,745.21,20964.0,275.23,AA
65.0016192,-54.9379415,56866.93577699,,,,,,,,,0000,1.0,61.13800048828125,00,1,neowise,8.981,0.015,8.857,0.013,73.6,82.1,51459.0,698.77,20600.0,251.01,AA
65.0016297,-54.9379711,56866.8042372,,,,,,,,,0000,1.0,70.33599853515625,00,1,neowise,9.003,0.014,8.993,0.016,79.3,69.5,50425.0,636.02,18177.0,261.38,AA
65.0016111,-54.9379857,56866.86994344,,,,,,,,,0000,1.0,72.15499877929688,00,1,neowise,8.979,0.018,8.748,0.014,61.2,78.4,51569.0,843.15,22790.0,290.79,AA
65.0018451,-54.9379495,57039.20739771,,,,,,,,,0000,1.0,45.89500045776367,00,1,neowise,8.895,0.018,8.822,0.014,61.4,77.8,55582.0,905.21,21435.0,275.35,AA
65.0018458,-54.9379338,57038.61616641,,,,,,,,,0000,0.5,42.7239990234375,00,1,neowise,9.004,0.016,8.887,0.012,65.9,89.5,50246.0,762.24,20184.0,225.55,AA
65.0019479,-54.9379089,57039.33881072,,,,,,,,,0000,1.0,62.76599884033203,00,1,neowise,8.904,0.016,8.93,0.013,70.0,85.2,55130.0,787.37,19395.0,227.69,AA
65.001717,-54.9379299,57039.07611203,,,,,,,,,0000,0.5,23.48200035095215,00,1,neowise,8.929,0.017,8.918,0.016,63.5,70.0,53865.0,848.44,19622.0,280.19,AA
65.0017176,-54.9378894,57039.40451725,,,,,,,,,0000,1.0,67.26699829101562,00,1,neowise,8.997,0.015,8.863,0.013,72.1,81.6,50569.0,701.07,20642.0,252.93,AA
65.0017879,-54.9379893,57039.27310419,,,,,,,,,0000,1.0,55.36399841308594,00,1,neowise,8.983,0.016,8.818,0.012,66.8,87.5,51239.0,766.92,21505.0,245.86,AA
65.0015228,-54.9379765,57039.20752503,,,,,,,,,0000,1.0,46.43199920654297,00,1,neowise,8.89,0.018,8.861,0.015,59.4,72.5,55818.0,939.08,20667.0,284.94,AA
65.0017789,-54.9379667,57038.87899248,,,,,,,,,0000,1.0,10.859999656677246,00,1,neowise,8.9,0.014,8.789,0.014,78.2,77.5,55310.0,707.51,22099.0,285.31,AA
65.0016788,-54.9379783,57039.01040554,,,,,,,,,0000,1.0,13.074999809265137,00,1,neowise,8.992,0.016,8.932,0.015,69.8,72.4,50809.0,727.51,19359.0,267.27,AA
65.0017242,-54.9379788,57038.94469902,,,,,,,,,0000,1.0,9.079000473022461,00,1,neowise,8.923,0.015,8.875,0.015,70.2,72.6,54130.0,771.34,20415.0,281.12,AA
65.0016251,-54.9379834,57039.1418185,,,,,,,,,0000,0.5,34.946998596191406,00,1,neowise,8.888,0.017,8.928,0.014,62.5,79.4,55908.0,894.22,19447.0,244.95,AA
65.0016196,-54.9379519,57039.27323156,,,,,,,,,0000,1.0,56.0260009765625,00,1,neowise,8.982,0.018,8.799,0.014,58.9,76.5,51302.0,871.62,21901.0,286.35,AA
65.0016392,-54.9379406,57038.74757942,,,,,,,,,0000,1.0,23.048999786376953,00,1,neowise,8.95,0.014,8.805,0.013,77.0,83.7,52819.0,685.52,21773.0,260.26,AA
65.0016461,-54.9378907,57596.82014545,,,,,,,,,0000,1.0,71.2229995727539,00,1,neowise,9.008,0.017,8.686,0.015,65.3,73.7,50299.0,770.61,24168.0,328.09,AA
65.0017812,-54.937924,57596.36147491,,,,,,,,,0000,1.0,2.6510000228881836,00,1,neowise,8.915,0.018,8.756,0.015,62.0,73.8,54808.0,883.5,22652.0,306.95,AA
65.0016388,-54.9379811,57596.23044437,,,,,,,,,0000,1.0,14.642000198364258,00,1,neowise,8.949,0.016,8.704,0.013,69.1,83.9,53116.0,768.24,23773.0,283.31,AA
65.0017031,-54.9379441,57596.29602332,,,,,,,,,0000,1.0,7.432000160217285,00,1,neowise,9.033,0.015,8.691,0.013,70.8,85.5,49162.0,694.65,24054.0,281.43,AA
65.0016939,-54.9379514,57596.68911487,,,,,,,,,0000,1.0,52.91299819946289,00,1,neowise,8.933,0.015,8.763,0.014,70.7,76.2,53900.0,762.32,22518.0,295.58,AA
65.0016338,-54.9379089,57596.95117598,,,,,,,,,0000,1.0,65.54499816894531,00,1,neowise,8.993,0.017,8.702,0.015,64.6,72.8,50995.0,789.84,23820.0,327.1,AA
65.0015942,-54.9379886,57596.42705381,,,,,,,,,0000,0.5,3.2279999256134033,00,1,neowise,8.973,0.016,8.787,0.014,68.7,76.2,51953.0,756.27,22017.0,288.83,AA
65.0017507,-54.9379255,58853.23679661,,,,,,,,,0000,0.0,41.74599838256836,00,1,neowise,9.039,0.017,8.579,0.014,65.6,77.1,48840.0,744.27,26646.0,345.76,AA
65.0016872,-54.9379381,58853.30224831,,,,,,,,,0000,1.0,53.67399978637695,00,1,neowise,8.897,0.016,8.587,0.014,69.3,77.5,55667.0,803.78,26451.0,341.09,AA
