ra,dec,mjd,w1mpro_ep,w1sigmpro_ep,w2mpro_ep,w2sigmpro_ep,w1flux_ep,w1sigflux_ep,w2flux_ep,w2sigflux_ep,cc_flags,qi_fact,saa_sep,moon_masked,nb,source_table,w1mpro,w1sigmpro,w2mpro,w2sigmpro,w1snr,w2snr,w1flux,w1sigflux,w2flux,w2sigflux,ph_qual
243.5295069,51.5651588,55222.5950371,14.941,0.101,14.289,0.159,167.332,15.509,121.402,17.757,0000,1.0,81.0,0000,1,allwise,,,,,,,,,,,
243.5295069,51.5651588,55222.5951644,15.014,0.094,14.073,0.134,156.448,13.606,148.145,18.311,0000,1.0,80.0,0000,1,allwise,,,,,,,,,,,
243.5295069,51.5651588,55222.6612529,14.903,0.089,14.416,0.172,173.316,14.198,108.092,17.096,0000,1.0,92.0,0000,1,allwise,,,,,,,,,,,
243.5295069,51.5651588,55222.7274687,14.885,0.088,14.033,0.124,176.132,14.302,153.803,17.532,0000,1.0,105.0,0000,1,allwise,,,,,,,,,,,
243.5295069,51.5651588,55585.5379678,14.975,0.105,14.792,0.248,162.167,15.739,76.432,17.424,0000,1.0,73.0,0000,1,allwise,,,,,,,,,,,
243.5295069,51.5651588,55585.6040563,15.062,0.102,14.768,0.251,149.652,14.05,78.147,18.097,0000,1.0,82.0,0000,1,allwise,,,,,,,,,,,
243.5295069,51.5651588,55585.6701448,14.973,0.104,14.925,0.296,162.501,15.578,67.596,18.45,0000,0.5,94.0,0000,1,allwise,,,,,,,,,,,
243.5295069,51.5651588,55585.6702721,14.872,0.088,14.411,0.176,178.294,14.439,108.539,17.616,0000,1.0,94.0,0000,1,allwise,,,,,,,,,,,
243.5295069,51.5651588,55585.7363606,14.963,0.098,15.035,0.363,163.973,14.808,61.081,20.418,0000,1.0,107.0,0000,1,allwise,,,,,,,,,,,
243.5295069,51.5651588,55585.8024491,15.113,0.103,14.564,0.215,142.763,13.576,94.284,18.645,0000,1.0,119.0,0000,1,allwise,,,,,,,,,,,
243.5295069,51.5651588,55585.8685376,15.218,0.159,14.539,0.202,129.638,18.988,96.484,17.926,0000,1.0,127.0,0000,1,allwise,,,,,,,,,,,
243.5295069,51.5651588,55585.8686649,15.148,0.109,14.643,0.265,138.307,13.829,87.624,21.399,0000,1.0,128.0,0000,1,allwise,,,,,,,,,,,
243.5295069,51.5651588,55585.9347534,15.103,0.133,14.312,0.167,144.08,17.676,118.916,18.343,0000,1.0,115.0,0000,1,allwise,,,,,,,,,,,
243.5295069,51.5651588,55586.0008419,15.1,0.109,14.525,0.196,144.491,14.548,97.706,17.634,0000,1.0,103.0,0000,1,allwise,,,,,,,,,,,
243.5295069,51.5651588,55221.0070035,14.997,0.097,14.03,0.12,158.917,14.256,154.135,17.092,0000,1.0,102.0,0000,1,allwise,,,,,,,,,,,
243.5295069,51.5651588,55221.2717395,14.915,0.099,14.011,0.139,171.45,15.556,156.865,20.012,0000,1.0,66.0,0000,1,allwise,,,,,,,,,,,
243.5295069,51.5651588,55221.337828,15.108,0.112,14.208,0.145,143.514,14.825,130.837,17.431,0000,1.0,63.0,0000,1,allwise,,,,,,,,,,,
243.5295069,51.5651588,55221.3379553,15.029,0.101,14.448,0.213,154.38,14.373,104.869,20.588,0000,1.0,62.0,0000,1,allwise,,,,,,,,,,,
243.5295069,51.5651588,55221.4040438,14.842,0.088,14.093,0.144,183.389,14.804,145.459,19.247,0000,1.0,64.0,0000,1,allwise,,,,,,,,,,,
243.5295069,51.5651588,55221.6025638,14.936,0.09,14.324,0.149,168.152,13.88,117.573,16.185,0000,1.0,82.0,0000,1,allwise,,,,,,,,,,,
243.5295069,51.5651588,55221.6687796,14.85,0.081,14.413,0.181,181.886,13.487,108.364,18.016,0000,1.0,93.0,0000,1,allwise,,,,,,,,,,,
243.5295069,51.5651588,55221.7348681,14.907,0.087,14.451,0.182,172.595,13.816,104.639,17.581,0000,1.0,106.0,0000,1,allwise,,,,,,,,,,,
243.5295069,51.5651588,55221.8010839,14.962,0.092,14.537,0.191,164.062,13.958,96.678,16.981,0000,1.0,119.0,0000,1,allwise,,,,,,,,,,,
243.5295069,51.5651588,55221.8672998,14.784,0.083,14.452,0.203,193.398,14.756,104.521,19.543,0000,1.0,128.0,0000,1,allwise,,,,,,,,,,,
243.5295069,51.5651588,55221.9333882,14.895,0.085,13.954,0.117,174.548,13.617,165.298,17.853,0000,1.0,115.0,0000,1,allwise,,,,,,,,,,,
243.5295069,51.5651588,55221.999604,15.202,0.112,14.174,0.142,131.546,13.589,135.029,17.671,0000,1.0,103.0,0000,1,allwise,,,,,,,,,,,
243.5295069,51.5651588,55222.7935572,15.042,0.114,14.359,0.163,152.479,15.982,113.83,17.094,0000,1.0,118.0,0000,1,allwise,,,,,,,,,,,
243.5295069,51.5651588,55401.9362053,15.095,0.106,14.154,0.14,145.201,14.137,137.542,17.797,0000,1.0,67.0,0000,1,allwise,,,,,,,,,,,
243.5295069,51.5651588,55402.0022935,14.91,0.098,14.601,0.227,172.158,15.595,91.098,19.031,0000,1.0,76.0,0000,1,allwise,,,,,,,,,,,
243.5295069,51.5651588,55402.0685091,15.05,0.098,14.333,0.155,151.288,13.619,116.669,16.633,0000,1.0,87.0,0000,1,allwise,,,,,,,,,,,
243.5295069,51.5651588,55402.1345973,14.911,0.087,14.423,0.162,172.084,13.73,107.399,16.065,0000,1.0,99.0,0000,1,allwise,,,,,,,,,,,
243.5295069,51.5651588,55402.2008129,14.931,0.108,14.146,0.15,168.827,16.725,138.564,19.17,0000,1.0,112.0,0000,1,allwise,,,,,,,,,,,
243.5295069,51.5651588,55402.2669011,15.091,0.106,14.277,0.161,145.696,14.278,122.802,18.186,0000,1.0,125.0,0000,1,allwise,,,,,,,,,,,
243.5295069,51.5651588,55402.3329893,14.909,0.096,14.51,0.174,172.331,15.296,99.054,15.915,0000,1.0,122.0,0000,1,allwise,,,,,,,,,,,
243.5295069,51.5651588,55402.3331166,15.046,0.091,14.375,0.151,151.968,12.783,112.177,15.584,0000,1.0,122.0,0000,1,allwise,,,,,,,,,,,
243.5295069,51.5651588,55402.3992049,15.126,0.103,14.789,0.283,141.134,13.445,76.622,19.946,0000,1.0,109.0,0000,1,allwise,,,,,,,,,,,
243.5295069,51.5651588,55402.5315087,15.383,0.169,14.627,0.211,111.37,17.297,88.979,17.276,0000,1.0,88.0,0000,1,allwise,,,,,,,,,,,
243.5295069,51.5651588,55402.6638125,14.901,0.092,14.445,0.191,173.698,14.7,105.163,18.52,0000,1.0,71.0,0000,1,allwise,,,,,,,,,,,
243.5295069,51.5651588,55584.8104848,15.106,0.107,14.407,0.179,143.711,14.145,108.988,17.957,0000,1.0,120.0,0000,1,allwise,,,,,,,,,,,
243.5295069,51.5651588,55584.9427897,15.101,0.104,14.492,0.188,144.415,13.796,100.768,17.444,0000,1.0,113.0,0000,1,allwise,,,,,,,,,,,
243.5295069,51.5651588,55585.075094,15.047,0.097,14.721,0.228,151.756,13.557,81.597,17.107,0000,0.5,92.0,0000,1,allwise,,,,,,,,,,,
243.5295069,51.5651588,55585.2072709,15.018,0.097,14.452,0.191,155.951,13.96,104.481,18.425,0000,1.0,75.0,0000,1,allwise,,,,,,,,,,,
243.5295069,51.5651588,55585.2734867,14.995,0.119,14.773,0.242,159.29,17.5,77.8,17.365,0000,1.0,67.0,0000,1,allwise,,,,,,,,,,,
243.5295069,51.5651588,55585.3395751,14.925,0.092,14.319,0.185,169.819,14.366,118.157,20.174,0000,1.0,63.0,0000,1,allwise,,,,,,,,,,,
243.5295069,51.5651588,55585.4056635,14.854,0.084,14.32,0.167,181.303,13.998,117.991,18.187,0000,1.0,64.0,0000,1,allwise,,,,,,,,,,,
243.5295069,51.5651588,55222.0656926,14.938,0.104,14.162,0.134,167.757,16.107,136.544,16.846,0000,1.0,93.0,0000,1,allwise,,,,,,,,,,,
243.5295069,51.5651588,55222.0658199,14.803,0.081,14.16,0.126,189.943,14.154,136.809,15.843,0000,1.0,92.0,0000,1,allwise,,,,,,,,,,,
243.5295069,51.5651588,55222.2642127,14.859,0.079,14.419,0.17,180.525,13.16,107.788,16.834,0000,1.0,67.0,0000,1,allwise,,,,,,,,,,,
243.5295069,51.5651588,55222.3304285,15.053,0.103,14.082,0.143,150.964,14.298,147.025,19.346,0000,1.0,63.0,0000,1,allwise,,,,,,,,,,,
243.5295069,51.5651588,55222.3966443,14.967,0.093,14.218,0.137,163.352,14.043,129.63,16.302,0000,1.0,63.0,0000,1,allwise,,,,,,,,,,,
243.5295069,51.5651588,55400.9439906,15.094,0.105,14.38,0.187,145.317,14.054,111.728,19.211,0000,1.0,69.0,0000,1,allwise,,,,,,,,,,,
243.5295069,51.5651588,55401.0100788,14.915,0.1,14.571,0.213,171.414,15.85,93.635,18.331,0000,1.0,77.0,0000,1,allwise,,,,,,,,,,,
243.5295069,51.5651588,55401.0762944,15.059,0.103,14.733,0.262,150.148,14.191,80.674,19.448,0000,1.0,88.0,0000,1,allwise,,,,,,,,,,,
243.5295069,51.5651588,55401.1423827,15.217,0.109,14.464,0.202,129.81,13.063,103.399,19.202,0000,1.0,101.0,0000,1,allwise,,,,,,,,,,,
243.5295069,51.5651588,55401.2085982,15.063,0.096,14.262,0.132,149.547,13.276,124.52,15.1,0000,1.0,114.0,0000,1,allwise,,,,,,,,,,,
243.5295069,51.5651588,55401.2746864,15.044,0.097,14.264,0.152,152.143,13.537,124.312,17.436,0000,1.0,126.0,0000,1,allwise,,,,,,,,,,,
243.5295069,51.5651588,55401.3407746,15.262,0.114,14.455,0.171,124.493,13.069,104.242,16.464,0000,1.0,121.0,0000,1,allwise,,,,,,,,,,,
243.5295069,51.5651588,55401.3409019,14.993,0.095,14.55,0.218,159.576,13.97,95.525,19.189,0000,1.0,120.0,0000,1,allwise,,,,,,,,,,,
243.5295069,51.5651588,55401.4069902,15.023,0.095,14.67,0.21,155.221,13.593,85.482,16.5,0000,1.0,108.0,0000,1,allwise,,,,,,,,,,,
243.5295069,51.5651588,55401.4730784,15.181,0.114,14.577,0.186,134.146,14.105,93.125,15.926,0000,1.0,96.0,0000,1,allwise,,,,,,,,,,,
243.5295069,51.5651588,55401.4732057,15.039,0.095,14.305,0.165,152.883,13.309,119.718,18.142,0000,1.0,96.0,0000,1,allwise,,,,,,,,,,,
243.5295069,51.5651588,55401.539294,14.892,0.082,14.542,0.187,175.095,13.23,96.205,16.548,0000,1.0,88.0,0000,1,allwise,,,,,,,,,,,
243.5295069,51.5651588,55401.6053821,15.06,0.095,14.392,0.162,150.015,13.093,110.436,16.503,0000,1.0,80.0,0000,1,allwise,,,,,,,,,,,
243.5295069,51.5651588,55401.6715977,15.163,0.111,14.102,0.156,136.391,13.991,144.234,20.769,0000,1.0,70.0,0000,1,allwise,,,,,,,,,,,
243.5295069,51.5651588,55401.7376859,15.112,0.102,14.465,0.167,142.988,13.428,103.298,15.879,0000,1.0,63.0,0000,1,allwise,,,,,,,,,,,
243.5295069,51.5651588,55401.8039015,14.859,0.084,14.24,0.175,180.524,13.989,127.038,20.525,0000,1.0,62.0,0000,1,allwise,,,,,,,,,,,
243.5295069,51.5651588,55401.8699897,14.89,0.092,14.247,0.144,175.389,14.937,126.185,16.702,0000,1.0,63.0,0000,1,allwise,,,,,,,,,,,
243.5295069,51.5651588,55222.9259889,14.951,0.094,14.125,0.123,165.785,14.311,141.192,15.94,0000,1.0,116.0,0000,1,allwise,,,,,,,,,,,
243.5295069,51.5651588,55223.0582932,14.919,0.088,14.085,0.132,170.716,13.835,146.6,17.776,0000,1.0,93.0,0000,1,allwise,,,,,,,,,,,
243.5295069,51.5651588,55400.2163829,15.096,0.104,14.795,0.283,145.052,13.845,76.182,19.83,0000,1.0,115.0,0000,1,allwise,,,,,,,,,,,
243.5295069,51.5651588,55400.3486872,15.306,0.118,14.276,0.154,119.548,12.981,122.944,17.383,0000,1.0,119.0,0000,1,allwise,,,,,,,,,,,
243.5295069,51.5651588,55400.4808636,15.062,0.113,14.489,0.173,149.754,15.554,101.01,16.12,0000,1.0,95.0,0000,1,allwise,,,,,,,,,,,
243.5295069,51.5651588,55400.480991,14.953,0.096,14.454,0.16,165.519,14.612,104.301,15.418,0000,1.0,95.0,0000,1,allwise,,,,,,,,,,,
243.5295069,51.5651588,55400.6131674,14.915,0.089,14.482,0.164,171.447,14.12,101.701,15.389,0000,1.0,79.0,0000,1,allwise,,,,,,,,,,,
243.5295069,51.5651588,55400.679383,14.877,0.09,14.346,0.153,177.555,14.778,115.266,16.27,0000,1.0,69.0,0000,1,allwise,,,,,,,,,,,
243.5295069,51.5651588,55400.7454712,15.3,0.119,14.744,0.214,120.275,13.164,79.856,15.738,0000,1.0,63.0,0000,1,allwise,,,,,,,,,,,
243.5295069,51.5651588,55400.8116868,15.088,0.107,14.396,0.167,146.136,14.395,110.072,16.95,0000,1.0,63.0,0000,1,allwise,,,,,,,,,,,
243.5295069,51.5651588,55400.877775,15.087,0.101,14.779,0.253,146.343,13.645,77.366,18.029,0000,1.0,63.0,0000,1,allwise,,,,,,,,,,,
243.5295069,51.5651588,55586.2653231,14.755,0.085,14.556,0.218,198.6,15.518,94.979,19.065,0000,1.0,68.0,0000,1,allwise,,,,,,,,,,,
243.5295069,51.5651588,55586.3315389,14.907,0.093,14.577,0.219,172.607,14.724,93.127,18.821,0000,1.0,63.0,0000,1,allwise,,,,,,,,,,,
243.5295069,51.5651588,55586.3976274,14.957,0.092,14.451,0.18,164.877,13.98,104.61,17.328,0000,1.0,64.0,0000,1,allwise,,,,,,,,,,,
243.5295069,51.5651588,55586.5299317,14.942,0.099,14.695,0.237,167.143,15.264,83.56,18.203,0000,1.0,72.0,0000,1,allwise,,,,,,,,,,,
243.5295069,51.5651588,55586.5960202,15.313,0.131,14.441,0.194,118.791,14.31,105.622,18.904,0000,1.0,81.0,0000,1,allwise,,,,,,,,,,,
243.5295069,51.5651588,55586.6621086,15.002,0.098,14.364,0.172,158.168,14.257,113.363,17.951,0000,1.0,92.0,0000,1,allwise,,,,,,,,,,,
243.5295069,51.5651588,55586.7283245,14.872,0.108,14.286,0.171,178.301,17.725,121.757,19.154,0000,1.0,105.0,0000,1,allwise,,,,,,,,,,,
243.5295069,51.5651588,55586.8605014,14.955,0.095,14.605,0.248,165.247,14.427,90.802,20.777,0000,1.0,127.0,0000,1,allwise,,,,,,,,,,,
243.5295069,51.5651588,55586.9928057,15.098,0.1,14.778,0.299,144.754,13.35,77.421,21.332,0000,1.0,104.0,0000,1,allwise,,,,,,,,,,,
243.5295069,51.5651588,55587.7863768,15.107,0.108,15.117,0.335,143.599,14.284,56.668,17.497,0000,1.0,117.0,0000,1,allwise,,,,,,,,,,,
243.5295069,51.5651588,55587.8524653,15.171,0.111,14.663,0.23,135.359,13.785,86.043,18.19,0000,1.0,127.0,0000,1,allwise,,,,,,,,,,,
243.5295069,51.5651588,55587.9185538,15.167,0.109,14.519,0.201,135.941,13.674,98.289,18.219,0000,1.0,118.0,0000,1,allwise,,,,,,,,,,,
243.5295069,51.5651588,55587.9847696,15.047,0.098,14.665,0.231,151.715,13.633,85.891,18.312,0000,1.0,105.0,0000,1,allwise,,,,,,,,,,,
243.5295069,51.5651588,55588.050858,14.795,0.081,14.736,0.244,191.402,14.257,80.461,18.101,0000,1.0,94.0,0000,1,allwise,,,,,,,,,,,
243.5295069,51.5651588,55588.1831623,15.116,0.108,14.562,0.213,142.43,14.119,94.407,18.489,0000,1.0,78.0,0000,1,allwise,,,,,,,,,,,
243.5295069,51.5651588,55588.2492507,15.081,0.104,14.45,0.181,147.05,14.123,104.737,17.472,0000,1.0,69.0,0000,1,allwise,,,,,,,,,,,
243.5295069,51.5651588,55588.3153392,15.064,0.101,14.348,0.167,149.352,13.907,114.978,17.647,0000,1.0,63.0,0000,1,allwise,,,,,,,,,,,
243.5295069,51.5651588,55588.381555,14.952,0.094,14.683,0.254,165.595,14.373,84.517,19.763,0000,1.0,62.0,0000,1,allwise,,,,,,,,,,,
243.5295069,51.5651588,55588.4476435,14.947,0.093,13.53,0.097,166.451,14.295,244.292,21.853,0000,1.0,64.0,0000,1,allwise,,,,,,,,,,,
243.5295069,51.5651588,55588.5137302,15.254,0.133,14.485,0.206,125.45,15.37,101.429,19.226,0000,1.0,69.0,0000,1,allwise,,,,,,,,,,,
243.5295069,51.5651588,55588.579946,15.143,0.111,14.467,0.207,138.893,14.158,103.093,19.641,0000,1.0,78.0,0000,1,allwise,,,,,,,,,,,
243.5295069,51.5651588,55588.6460344,14.982,0.094,15.064,0.312,161.141,14.011,59.501,17.126,0000,1.0,89.0,0000,1,allwise,,,,,,,,,,,
243.5295069,51.5651588,55588.7121229,14.935,0.104,14.622,0.221,168.284,16.138,89.339,18.211,0000,0.5,102.0,0000,1,allwise,,,,,,,,,,,
243.5295069,51.5651588,55588.7783387,15.347,0.147,14.416,0.19,115.135,15.559,108.01,18.891,0000,1.0,115.0,0000,1,allwise,,,,,,,,,,,
243.5295069,51.5651588,55588.8444271,15.139,0.106,15.007,0.303,139.436,13.639,62.704,17.491,0000,1.0,127.0,0000,1,allwise,,,,,,,,,,,
243.5295069,51.5651588,55588.9105156,15.228,0.118,14.339,0.189,128.477,13.938,116.014,20.217,0000,1.0,119.0,0000,1,allwise,,,,,,,,,,,
243.5295069,51.5651588,55588.9767314,14.932,0.09,14.189,0.165,168.712,14.003,133.205,20.244,0000,1.0,106.0,0000,1,allwise,,,,,,,,,,,
243.5295069,51.5651588,55586.0669303,15.065,0.144,14.336,0.188,149.323,19.767,116.338,20.152,0000,1.0,93.0,0000,1,allwise,,,,,,,,,,,
243.5295069,51.5651588,55589.5056938,15.147,0.104,14.239,0.152,138.359,13.309,127.213,17.824,0000,1.0,68.0,0000,1,allwise,,,,,,,,,,,
243.5295069,51.5651588,55589.637998,15.008,0.098,14.71,0.229,157.29,14.192,82.442,17.404,0000,1.0,88.0,0000,1,allwise,,,,,,,,,,,
243.5295069,51.5651588,55589.0428199,14.924,0.097,14.489,0.192,170.019,15.16,100.973,17.88,0000,1.0,95.0,0000,1,allwise,,,,,,,,,,,
243.5295069,51.5651588,55589.1749968,15.203,0.12,14.272,0.171,131.462,14.554,123.415,19.426,0000,1.0,79.0,0000,1,allwise,,,,,,,,,,,
243.5295069,51.5651588,55589.1751241,14.987,0.109,14.853,0.316,160.431,16.173,72.229,21.003,0000,1.0,79.0,0000,1,allwise,,,,,,,,,,,
243.5295069,51.5651588,55589.2412126,15.07,0.108,14.36,0.205,148.574,14.83,113.806,21.455,0000,1.0,69.0,0000,1,allwise,,,,,,,,,,,
243.5295069,51.5651588,55589.3733896,15.024,0.106,14.594,0.222,154.998,15.174,91.742,18.788,0000,1.0,63.0,0000,1,allwise,,,,,,,,,,,
243.5295069,51.5651588,55589.3735169,15.22,0.127,14.299,0.196,129.436,15.124,120.379,21.703,0000,1.0,62.0,0000,1,allwise,,,,,,,,,,,
243.5293342,51.5652967,57778.56992911,,,,,,,,,0000,1.0,65.74800109863281,00,1,neowise,15.191,0.106,15.558,0.542,10.3,2.0,169.28,16.506,43.09,21.526,AC
243.5291644,51.5653205,57778.89731677,,,,,,,,,0000,0.5,129.61900329589844,00,1,neowise,14.943,0.102,14.81,0.261,10.7,4.2,212.56,19.889,85.808,20.661,AB
243.5293016,51.5652671,57779.09380022,,,,,,,,,0000,1.0,92.55500030517578,00,1,neowise,15.145,0.102,14.593,0.258,10.7,4.2,176.51,16.57,104.81,24.926,AB
243.5292991,51.5652109,57779.68325058,,,,,,,,,0000,1.0,84.08699798583984,00,1,neowise,15.031,0.1,15.37,0.471,10.8,2.3,196.1,18.122,51.231,22.21,AC
243.5295088,51.5653325,57779.29028367,,,,,,,,,0000,1.0,66.50299835205078,00,1,neowise,15.009,0.096,14.583,0.208,11.4,5.2,200.12,17.616,105.78,20.276,AB
243.5294409,51.5653282,57945.92691887,,,,,,,,,0000,1.0,59.71699905395508,00,1,neowise,15.322,0.117,14.668,0.255,9.3,4.3,149.84,16.185,97.805,22.999,BB
243.5293422,51.5650975,57944.55205905,,,,,,,,,0000,1.0,92.80699920654297,00,1,neowise,15.154,0.129,14.472,0.231,8.4,4.7,174.89,20.737,117.13,24.973,BB
243.5295239,51.5651146,57944.22467372,,,,,,,,,0000,1.0,103.2750015258789,00,1,neowise,15.281,0.124,14.424,0.298,8.8,3.6,155.65,17.788,122.45,33.578,BB
243.5295231,51.5651298,57944.42115584,,,,,,,,,0000,1.0,117.75499725341797,00,1,neowise,15.045,0.096,14.619,0.493,11.4,2.2,193.32,17.031,102.25,46.427,AC
243.5295134,51.565086,57945.14124517,,,,,,,,,0000,0.5,85.77100372314453,00,1,neowise,15.125,0.097,14.96,0.302,11.2,3.6,179.6,16.012,74.707,20.758,AB
243.5295142,51.5650728,57945.20669676,,,,,,,,,0000,1.0,99.29199981689453,00,1,neowise,15.146,0.104,15.079,0.45,10.5,2.4,176.26,16.805,66.934,27.736,AC
243.5294466,51.5652112,57944.8139929,,,,,,,,,0000,1.0,60.52000045776367,00,1,neowise,14.925,0.087,14.841,0.364,12.5,3.0,215.9,17.304,83.378,27.979,AC
243.5294263,51.5652,57944.94489625,,,,,,,,,0000,1.0,60.6510009765625,00,1,neowise,15.133,0.101,14.511,,10.8,1.5,178.24,16.523,48.521,32.226,AU
243.5293929,51.5651942,57945.07579359,,,,,,,,,0000,1.0,74.42500305175781,00,1,neowise,15.082,0.097,14.942,0.318,11.2,3.4,186.94,16.737,75.995,22.268,AB
243.5294089,51.5651656,57943.76638437,,,,,,,,,0000,1.0,64.72599792480469,00,1,neowise,14.963,0.103,14.795,0.31,10.6,3.5,208.51,19.716,86.956,24.797,AB
243.5294622,51.5651747,57943.89741499,,,,,,,,,0000,1.0,60.27000045776367,00,1,neowise,15.244,0.121,14.63,0.21,9.0,5.2,161.01,17.888,101.25,19.586,BB
243.5296969,51.5651066,57945.27227561,,,,,,,,,0000,0.0,113.4800033569336,00,1,neowise,15.173,0.133,14.513,0.208,8.1,5.2,171.9,21.119,112.73,21.605,BB
243.5297589,51.5650996,57945.46863037,,,,,,,,,0000,1.0,107.87300109863281,00,1,neowise,15.239,0.113,14.767,0.27,9.6,4.0,161.68,16.802,89.284,22.199,BB
243.5296743,51.5653106,57944.81386559,,,,,,,,,0000,0.5,59.85499954223633,00,1,neowise,15.431,0.153,14.312,0.177,7.1,6.1,135.54,19.062,135.69,22.081,BB
243.5296726,51.5651562,57944.29012525,,,,,,,,,0000,1.0,117.2239990234375,00,1,neowise,15.358,0.135,14.199,0.205,8.0,5.3,144.93,18.012,150.53,28.443,BB
243.5295994,51.5651637,57944.61751072,,,,,,,,,0000,0.5,84.2969970703125,00,1,neowise,15.015,0.173,14.744,0.32,6.3,3.4,198.8,31.608,91.165,26.833,BB
243.5296367,51.5652039,57944.74841392,,,,,,,,,0000,1.0,66.88400268554688,00,1,neowise,15.138,0.101,14.841,0.258,10.7,4.2,177.47,16.511,83.353,19.843,AB
243.5296454,51.5651822,57945.3377272,,,,,,,,,0000,1.0,126.44100189208984,00,1,neowise,15.155,0.116,14.495,0.189,9.4,5.7,174.75,18.599,114.65,19.988,BB
243.529878,51.5653443,57945.2721483,,,,,,,,,0000,0.5,113.43699645996094,00,1,neowise,14.982,0.112,14.698,0.223,9.7,4.9,204.85,21.073,95.127,19.519,BB
243.5291864,51.5650256,57943.63548108,,,,,,,,,0000,1.0,82.5780029296875,00,1,neowise,15.132,0.094,14.813,0.322,11.5,3.4,178.48,15.525,85.572,25.415,AB
243.5293129,51.5650471,57944.15922209,,,,,,,,,0000,0.5,89.53299713134766,00,1,neowise,15.045,0.174,15.319,0.494,6.2,2.2,193.37,30.984,53.66,24.398,BC
243.5293123,51.5650483,57944.35570422,,,,,,,,,0000,1.0,129.3679962158203,00,1,neowise,15.026,0.103,14.972,,10.5,1.7,196.79,18.672,34.174,19.85,AU
243.529476,51.5650573,57944.02831885,,,,,,,,,0000,1.0,68.38500213623047,00,1,neowise,15.22,0.11,14.676,0.281,9.9,3.9,164.53,16.681,97.052,25.12,BB
243.5293859,51.5650027,57944.09377047,,,,,,,,,0000,1.0,77.51000213623047,00,1,neowise,15.023,0.097,15.003,0.301,11.2,3.6,197.28,17.615,71.835,19.929,AB
243.5293166,51.5651637,58304.48867654,,,,,,,,,0000,1.0,106.52200317382812,00,1,neowise,15.165,0.11,14.835,0.275,9.8,3.9,173.18,17.592,83.837,21.242,BB
243.5293367,51.5651777,58304.81593446,,,,,,,,,0000,1.0,61.430999755859375,00,1,neowise,15.003,0.116,14.36,0.272,9.3,4.0,201.01,21.56,129.83,32.5,BB
243.5293893,51.565231,58304.81580709,,,,,,,,,0000,1.0,60.79499816894531,00,1,neowise,15.019,0.107,14.881,0.338,10.2,3.2,198.0,19.471,80.34,25.04,AB
243.5293573,51.5652421,58306.19003634,,,,,,,,,0000,1.0,93.10099792480469,00,1,neowise,14.941,0.088,14.721,0.402,12.3,2.7,212.73,17.296,93.08,34.469,AC
243.5293383,51.5651527,59037.03446175,,,,,,,,,0000,0.5,64.19000244140625,00,1,neowise,15.144,0.123,14.078,0.33,8.8,3.3,176.5,19.95,168.3,51.189,BB
243.52954,51.5650584,59037.23056186,,,,,,,,,0000,1.0,98.4749984741211,00,1,neowise,15.318,0.118,14.595,0.269,9.2,4.0,150.38,16.358,104.53,25.936,BB
243.5297625,51.5650414,59037.29601336,,,,,,,,,0000,1.0,112.8949966430664,00,1,neowise,15.328,0.129,15.265,0.47,8.4,2.3,149.06,17.74,56.39,24.393,BC
243.5292812,51.5648671,59037.09978598,,,,,,,,,0000,1.0,72.87100219726562,00,1,neowise,15.083,0.095,15.099,0.342,11.4,3.2,186.62,16.399,65.746,20.681,AB
243.5296289,51.5654432,56687.48088066,,,,,,,,,0000,1.0,63.23400115966797,00,1,neowise,14.874,0.083,15.048,0.359,13.1,3.0,228.06,17.344,70.264,23.214,AC
243.5291046,51.5651514,57581.26010823,,,,,,,,,0000,1.0,114.2969970703125,00,1,neowise,15.033,0.119,14.235,0.298,9.1,3.6,195.64,21.465,145.73,40.007,BB
243.5293704,51.5650878,58511.53441153,,,,,,,,,0000,1.0,55.0260009765625,00,1,neowise,14.991,0.09,14.765,0.243,12.0,4.5,203.15,16.88,89.446,20.047,AB
243.5294909,51.5652178,58511.14131893,,,,,,,,,0000,1.0,86.99700164794922,00,1,neowise,15.167,0.101,14.737,0.258,10.7,4.2,172.85,16.158,91.734,21.765,AB
243.5296236,51.5650479,58511.86154354,,,,,,,,,0000,1.0,117.95500183105469,00,1,neowise,15.192,0.106,14.858,0.319,10.2,3.4,168.84,16.547,82.107,24.122,AB
243.5295721,51.5653516,58511.73063997,,,,,,,,,0000,1.0,87.71700286865234,00,1,neowise,15.14,0.109,14.904,0.319,10.0,3.4,177.08,17.797,78.651,23.086,AB
243.5296047,51.5653682,58511.27260447,,,,,,,,,0000,1.0,68.77899932861328,00,1,neowise,15.043,0.105,14.851,0.321,10.4,3.4,193.78,18.715,82.603,24.414,AB
243.5295118,51.5652329,58511.0763765,,,,,,,,,0000,1.0,96.60800170898438,00,1,neowise,15.077,0.104,14.889,0.304,10.5,3.6,187.79,17.945,79.779,22.364,AB
243.5295802,51.5652439,58511.3380562,,,,,,,,,0000,1.0,58.7859992980957,00,1,neowise,15.162,0.12,14.446,0.214,9.0,5.1,173.58,19.235,119.92,23.684,BB
243.5295996,51.5652424,58511.46895973,,,,,,,,,0000,0.5,52.89099884033203,00,1,neowise,15.184,0.129,14.688,0.292,8.4,3.7,170.1,20.237,95.96,25.782,BB
243.5296099,51.5651462,58511.20728003,,,,,,,,,0000,0.5,75.8759994506836,00,1,neowise,15.212,0.102,14.499,0.259,10.6,4.2,165.83,15.621,114.23,27.28,AB
243.529608,51.5651238,58511.40350795,,,,,,,,,0000,0.5,52.71099853515625,00,1,neowise,15.107,0.104,14.628,0.232,10.4,4.7,182.55,17.494,101.42,21.717,AB
243.5293189,51.5649487,58511.59986328,,,,,,,,,0000,1.0,62.875,00,1,neowise,15.201,0.114,14.856,0.436,9.5,2.5,167.54,17.651,82.247,33.049,BC
243.5293284,51.5652748,59602.34510664,,,,,,,,,0000,1.0,61.01599884033203,00,1,neowise,15.012,0.099,14.877,0.304,10.9,3.6,199.3,18.242,80.656,22.596,AB
243.5295441,51.5654308,59602.47575558,,,,,,,,,0000,1.0,56.40599822998047,00,1,neowise,15.148,0.104,14.899,0.377,10.4,2.9,175.9,16.925,79.029,27.467,AC
243.529451,51.5653347,59603.9782181,,,,,,,,,0000,1.0,120.61199951171875,00,1,neowise,15.034,0.12,14.814,0.313,9.0,3.5,195.28,21.617,85.476,24.656,BB
243.5294337,51.5650744,59602.6065317,,,,,,,,,0000,1.0,65.58300018310547,00,1,neowise,15.033,0.16,14.588,,6.8,1.9,195.49,28.817,50.574,27.336,BU
243.5295155,51.565082,59602.802505,,,,,,,,,0000,1.0,103.61399841308594,00,1,neowise,15.028,0.156,14.34,0.191,7.0,5.7,196.36,28.179,132.26,23.295,BB
243.5295893,51.5650499,59603.32497314,,,,,,,,,0000,1.0,63.74599838256836,00,1,neowise,15.101,0.1,14.858,0.353,10.8,3.1,183.62,16.931,82.079,26.654,AB
243.5295469,51.5651438,59603.39029758,,,,,,,,,0000,1.0,56.691001892089844,00,1,neowise,14.996,0.11,15.318,0.51,9.9,2.1,202.31,20.53,53.74,25.263,BC
243.5294424,51.5652011,59602.47588291,,,,,,,,,0000,1.0,55.66600036621094,00,1,neowise,15.25,0.146,14.414,0.209,7.4,5.2,160.16,21.572,123.55,23.737,BB
243.5294747,51.5652561,59603.45562204,,,,,,,,,0000,1.0,56.053001403808594,00,1,neowise,14.885,0.088,14.209,0.193,12.3,5.6,224.01,18.232,149.18,26.559,AB
243.5294404,51.5651563,59602.8678294,,,,,,,,,0000,1.0,118.7020034790039,00,1,neowise,15.0,0.099,14.714,0.32,11.0,3.4,201.59,18.372,93.72,27.618,AB
243.5294619,51.5651755,59603.65159529,,,,,,,,,0000,0.5,72.63899993896484,00,1,neowise,14.984,0.094,14.606,,11.5,2.0,204.55,17.721,51.566,25.99,AU
243.5294856,51.5651446,59603.78224476,,,,,,,,,0000,0.5,99.31999969482422,00,1,neowise,15.298,0.168,14.257,0.217,6.5,5.0,153.2,23.692,142.7,28.57,BB
243.5297197,51.5653512,59603.12899988,,,,,,,,,0000,1.0,89.66000366210938,00,1,neowise,14.56,0.077,14.59,0.252,14.0,4.3,302.29,21.552,105.01,24.332,AB
243.5295584,51.5651965,59603.06367549,,,,,,,,,0000,1.0,101.85199737548828,00,1,neowise,14.831,0.079,14.667,0.227,13.7,4.8,235.45,17.212,97.899,20.444,AB
243.5295264,51.5652057,59603.25964874,,,,,,,,,0000,1.0,73.5739974975586,00,1,neowise,15.222,0.106,15.159,0.431,10.2,2.5,164.31,16.099,62.229,24.71,AC
243.5296622,51.5650935,59603.52094648,,,,,,,,,0000,1.0,57.183998107910156,00,1,neowise,14.945,0.1,15.309,0.502,10.8,2.2,212.07,19.625,54.161,25.029,AC
243.5296616,51.5651615,59602.60640434,,,,,,,,,0000,1.0,66.08399963378906,00,1,neowise,14.969,0.09,14.367,0.194,12.1,5.6,207.29,17.108,129.02,23.067,AB
243.5295692,51.565163,59603.58627083,,,,,,,,,0000,0.5,63.24800109863281,00,1,neowise,15.107,0.11,15.083,0.426,9.9,2.5,182.54,18.52,66.691,26.175,BC
243.5297598,51.5654921,59602.73718056,,,,,,,,,0000,1.0,89.35900115966797,00,1,neowise,15.204,0.113,14.623,0.243,9.6,4.5,167.05,17.321,101.95,22.775,BB
243.529878,51.565175,59603.71691973,,,,,,,,,0000,1.0,85.09500122070312,00,1,neowise,15.428,0.143,14.55,0.22,7.6,4.9,135.92,17.843,109.04,22.098,BB
243.5293229,51.5649288,59603.84756916,,,,,,,,,0000,1.0,113.9000015258789,00,1,neowise,15.311,0.121,14.705,0.486,9.0,2.2,151.36,16.887,94.468,42.317,BC
243.5294976,51.5650334,59602.9331539,,,,,,,,,0000,0.5,131.1199951171875,00,1,neowise,14.745,0.11,14.637,0.245,9.9,4.4,254.95,25.719,100.56,22.699,BB
243.5295451,51.5650108,59603.91289365,,,,,,,,,0000,1.0,129.125,00,1,neowise,15.023,0.161,14.578,0.256,6.7,4.2,197.33,29.35,106.18,25.014,BB
243.5293347,51.5651953,58143.24373242,,,,,,,,,0000,0.5,71.79900360107422,00,1,neowise,15.187,0.11,14.528,0.263,9.8,4.1,169.68,17.263,111.23,26.961,BB
243.5293557,51.5652054,58143.50554021,,,,,,,,,0000,1.0,54.87300109863281,00,1,neowise,15.059,0.103,15.059,0.352,10.5,3.1,190.88,18.131,68.211,22.088,AB
243.5292986,51.5652388,58144.02915582,,,,,,,,,0000,1.0,105.18199920654297,00,1,neowise,15.101,0.106,14.885,0.328,10.3,3.3,183.69,17.897,80.059,24.182,AB
243.5294831,51.5653138,58144.09460778,,,,,,,,,0000,1.0,91.58100128173828,00,1,neowise,15.07,0.099,14.693,0.359,10.9,3.0,189.01,17.284,95.553,31.604,AC
243.5293384,51.5653103,58143.04737612,,,,,,,,,0000,0.5,101.28299713134766,00,1,neowise,15.258,0.121,14.802,0.283,9.0,3.8,158.87,17.651,86.45,22.521,BB
243.5294143,51.5653815,58143.30918438,,,,,,,,,0000,1.0,62.34299850463867,00,1,neowise,15.094,0.103,14.942,0.29,10.6,3.7,184.81,17.456,75.994,20.304,AB
243.5293908,51.565284,59239.36005652,,,,,,,,,0000,1.0,59.33100128173828,00,1,neowise,15.184,0.115,14.879,0.407,9.4,2.7,170.15,18.053,80.474,30.16,BC
243.529433,51.5652921,59239.55628498,,,,,,,,,0000,1.0,58.50400161743164,00,1,neowise,15.152,0.107,14.438,,10.1,1.7,175.25,17.327,55.129,32.847,AU
243.5293611,51.565289,59240.07926223,,,,,,,,,0000,0.5,99.09700012207031,00,1,neowise,15.25,0.123,14.86,0.354,8.8,3.1,160.16,18.158,81.915,26.696,BB
243.5293252,51.5652293,59239.81770992,,,,,,,,,0000,0.0,106.12000274658203,00,1,neowise,15.273,0.119,14.869,0.424,9.1,2.6,156.7,17.136,81.274,31.734,BC
243.5292481,51.5652265,59240.4715906,,,,,,,,,0000,1.0,55.382999420166016,00,1,neowise,15.127,0.102,14.628,0.208,10.7,5.2,179.21,16.755,101.45,19.455,AB
243.5292012,51.5653999,59239.29473215,,,,,,,,,0000,1.0,68.36100006103516,00,1,neowise,15.249,0.116,15.063,0.481,9.3,2.3,160.2,17.189,67.97,30.084,BC
243.529323,51.5653413,59238.64085147,,,,,,,,,0000,0.5,70.26000213623047,00,1,neowise,15.043,0.096,14.952,0.339,11.4,3.2,193.78,17.05,75.26,23.503,AB
243.5293326,51.5651407,60334.10396593,,,,,,,,,0000,1.0,94.072998046875,00,1,neowise,14.795,0.086,14.467,0.294,12.6,3.7,243.42,19.275,117.7,31.829,AB
243.5295631,51.5650934,60335.32908001,,,,,,,,,0000,0.5,63.40399932861328,00,1,neowise,15.137,0.122,14.453,,8.9,1.9,177.66,20.033,58.37,30.397,BU
243.5294808,51.5651892,60334.23283205,,,,,,,,,0000,1.0,77.63800048828125,00,1,neowise,15.091,0.115,15.373,0.534,9.4,2.0,185.37,19.697,51.089,25.124,BC
243.529523,51.565172,60334.36182553,,,,,,,,,0000,1.0,59.915000915527344,00,1,neowise,15.1,0.101,14.069,0.227,10.7,4.8,183.8,17.103,169.75,35.48,AB
243.5297262,51.565111,60334.87766595,,,,,,,,,0000,1.0,121.28800201416016,00,1,neowise,15.223,0.126,14.578,0.287,8.6,3.8,164.12,19.085,106.2,28.109,BB
243.529649,51.5650442,60335.8449265,,,,,,,,,0000,1.0,113.8740005493164,00,1,neowise,15.11,0.1,14.606,,10.9,1.7,182.08,16.721,46.935,28.27,AU
243.5298324,51.5650905,60335.20008654,,,,,,,,,0000,0.0,80.78299713134766,00,1,neowise,15.435,0.136,14.544,0.295,8.0,3.7,135.02,16.963,109.58,29.823,BB
243.5297523,51.5650872,60335.2645196,,,,,,,,,0000,0.5,73.37799835205078,00,1,neowise,15.073,0.116,14.575,0.257,9.4,4.2,188.44,20.14,106.54,25.19,BB
243.5295752,51.5653354,60333.71711269,,,,,,,,,0000,1.0,85.88999938964844,00,1,neowise,15.299,0.124,14.773,0.256,8.7,4.2,153.06,17.507,88.73,20.917,BB
243.5295522,51.565333,60333.97497238,,,,,,,,,0000,1.0,121.19000244140625,00,1,neowise,15.184,0.133,14.491,0.323,8.1,3.4,170.16,20.916,115.05,34.265,BB
243.5297543,51.5652955,60334.42638601,,,,,,,,,0000,0.5,56.29499816894531,00,1,neowise,15.133,0.131,14.388,0.229,8.3,4.7,178.25,21.528,126.52,26.647,BB
243.5296242,51.5653429,60335.26464691,,,,,,,,,0000,1.0,72.91400146484375,00,1,neowise,14.761,0.08,15.015,0.374,13.6,2.9,251.14,18.532,71.009,24.462,AC
243.5296807,51.5652361,60333.84597885,,,,,,,,,0000,0.5,114.07599639892578,00,1,neowise,15.018,0.094,14.698,0.255,11.5,4.3,198.18,17.203,95.124,22.301,AB
243.529679,51.5652509,60334.61980628,,,,,,,,,0000,1.0,68.68299865722656,00,1,neowise,15.002,0.147,14.941,0.351,7.4,3.1,201.21,27.239,76.02,24.551,BB
243.5297461,51.5652122,60335.45807352,,,,,,,,,0000,0.5,56.66999816894531,00,1,neowise,15.209,0.112,14.984,0.362,9.7,3.0,166.28,17.157,73.096,24.359,BC
243.5295214,51.5652665,60334.81323285,,,,,,,,,0000,0.5,106.77999877929688,00,1,neowise,15.305,0.129,15.187,0.49,8.4,2.2,152.18,18.136,60.61,27.381,BC
243.5295556,51.5651498,60334.94222631,,,,,,,,,0000,1.0,128.5709991455078,00,1,neowise,14.94,0.095,14.615,0.22,11.5,4.9,212.94,18.539,102.7,20.813,AB
243.5296653,51.5651986,60335.13565345,,,,,,,,,0000,1.0,88.78600311279297,00,1,neowise,15.343,0.161,15.067,0.369,6.7,2.9,146.91,21.796,67.717,23.042,BC
243.5302838,51.5655519,60335.07109303,,,,,,,,,0000,0.0,100.50499725341797,00,1,neowise,15.203,0.179,15.002,,6.1,1.8,167.22,27.615,34.043,18.913,BU
243.5297874,51.5654484,60334.74879975,,,,,,,,,0000,1.0,92.71199798583984,00,1,neowise,15.508,0.167,13.791,0.184,6.5,5.9,126.26,19.385,219.24,37.098,BB
243.5288821,51.5647645,60334.42625863,,,,,,,,,0000,0.0,57.05099868774414,00,1,neowise,16.345,0.36,15.325,0.458,3.0,2.4,58.418,19.391,53.37,22.498,CC
243.5292913,51.5647331,60335.00665941,,,,,,,,,0000,0.5,113.99199676513672,00,1,neowise,15.691,0.244,14.556,0.366,4.4,3.0,106.69,23.976,108.42,36.561,BC
243.5290691,51.5648808,60334.29739247,,,,,,,,,0000,0.0,68.15699768066406,00,1,neowise,15.402,0.162,15.148,0.418,6.7,2.6,139.24,20.789,62.808,24.157,BC
243.5294541,51.5650272,60333.71698537,,,,,,,,,0000,1.0,86.03900146484375,00,1,neowise,15.454,0.15,15.028,0.439,7.2,2.5,132.64,18.337,70.206,28.372,BC
243.5295027,51.5650562,60335.3935131,,,,,,,,,0000,1.0,57.28200149536133,00,1,neowise,15.05,0.095,14.434,,11.4,1.4,192.43,16.919,50.015,35.606,AU
243.5294142,51.5648332,60334.03940545,,,,,,,,,0000,0.0,107.11699676513672,00,1,neowise,15.333,0.12,14.848,,9.0,1.4,148.29,16.455,34.699,24.071,BU
243.5294972,51.5648912,60333.58811925,,,,,,,,,0000,1.0,64.63700103759766,00,1,neowise,14.954,0.091,14.328,0.176,11.9,6.2,210.31,17.628,133.78,21.727,AB
243.5294881,51.5652179,57049.81836175,,,,,,,,,0000,1.0,119.50299835205078,00,1,neowise,14.944,0.086,14.428,0.171,12.6,6.4,211.51,16.764,122.61,19.257,AB
243.5294565,51.5651285,57049.55553571,,,,,,,,,0000,0.5,70.06999969482422,00,1,neowise,15.053,0.101,14.327,0.308,10.8,3.5,191.28,17.786,134.58,38.191,AB
243.5295066,51.5653053,57049.68694875,,,,,,,,,0000,1.0,92.01899719238281,00,1,neowise,14.911,0.138,14.497,0.224,7.9,4.8,217.89,27.741,115.09,23.778,BB
243.5296245,51.5651487,57049.94977475,,,,,,,,,0000,1.0,115.23200225830078,00,1,neowise,14.777,0.089,14.662,0.247,12.3,4.4,246.65,20.135,98.912,22.47,AB
243.529594,51.5651243,57049.62124223,,,,,,,,,0000,1.0,79.72000122070312,00,1,neowise,15.04,0.12,14.074,0.152,9.1,7.2,193.64,21.366,169.92,23.738,BB
243.5294544,51.5650501,57050.08106043,,,,,,,,,0000,1.0,91.63899993896484,00,1,neowise,14.962,0.109,14.229,0.184,9.9,5.9,207.96,20.934,147.28,24.936,BB
243.5293641,51.5652037,57585.58399035,,,,,,,,,0000,1.0,86.19300079345703,00,1,neowise,15.04,0.094,14.69,0.265,11.6,4.1,194.54,16.826,95.811,23.383,AB
243.5295484,51.5653679,57585.12544701,,,,,,,,,0000,1.0,86.24099731445312,00,1,neowise,15.131,0.135,14.47,0.178,8.0,6.1,178.86,22.235,117.38,19.222,BB
243.5293375,51.5653879,57585.05986804,,,,,,,,,0000,1.0,74.58300018310547,00,1,neowise,14.986,0.099,15.289,0.45,11.0,2.4,204.31,18.609,55.223,22.897,AC
243.5292398,51.5651713,58507.28094182,,,,,,,,,0000,1.0,70.44400024414062,00,1,neowise,15.163,0.148,14.714,0.249,7.4,4.4,173.37,23.577,93.721,21.532,BB
243.5293298,51.5652194,58507.08471387,,,,,,,,,0000,1.0,97.23100280761719,00,1,neowise,15.372,0.13,15.4,0.538,8.4,2.0,143.13,17.09,49.84,24.676,BC
243.5294757,51.5652899,58507.3463936,,,,,,,,,0000,1.0,60.74599838256836,00,1,neowise,15.304,0.122,15.096,0.446,8.9,2.4,152.3,17.08,65.891,27.085,BC
243.5294751,51.5653902,58507.73897247,,,,,,,,,0000,1.0,90.2959976196289,00,1,neowise,15.077,0.105,14.695,0.272,10.3,4.0,187.77,18.237,95.356,23.864,AB
243.529469,51.5653376,58507.86987604,,,,,,,,,0000,1.0,119.52799987792969,00,1,neowise,14.847,0.123,14.908,0.337,8.9,3.2,231.94,26.199,78.378,24.333,BB
243.5291905,51.5653638,58508.52413959,,,,,,,,,0000,1.0,57.430999755859375,00,1,neowise,14.992,0.096,14.644,0.285,11.4,3.8,203.02,17.867,99.962,26.253,AB
243.5292684,51.5651213,59036.90369156,,,,,,,,,0000,1.0,58.3380012512207,00,1,neowise,15.396,0.122,14.916,0.318,8.9,3.4,139.88,15.726,77.81,22.808,BB
243.5295456,51.5653687,59036.57668822,,,,,,,,,0000,1.0,92.13500213623047,00,1,neowise,15.196,0.107,14.328,0.308,10.2,3.5,168.23,16.531,133.74,37.977,AB
243.5291678,51.56541,59035.26880162,,,,,,,,,0000,1.0,107.08300018310547,00,1,neowise,15.514,0.142,14.672,0.257,7.6,4.2,125.51,16.467,97.435,23.042,BB
243.5292006,51.5653367,59036.24968484,,,,,,,,,0000,0.5,102.79399871826172,00,1,neowise,15.484,0.145,15.062,0.412,7.5,2.6,129.07,17.261,68.038,25.788,BC
243.5289046,51.5650326,58874.85548596,,,,,,,,,0000,0.5,115.05999755859375,00,1,neowise,15.062,0.148,14.476,0.331,7.3,3.3,190.32,25.964,116.7,35.567,BB
243.5291339,51.5651783,58874.07057429,,,,,,,,,0000,1.0,99.44300079345703,00,1,neowise,15.032,0.134,15.196,0.496,8.1,2.2,195.74,24.158,60.104,27.481,BC
243.5292147,51.5651205,58875.50962154,,,,,,,,,0000,1.0,53.38399887084961,00,1,neowise,15.147,0.101,14.889,0.305,10.7,3.6,175.98,16.392,79.783,22.387,AB
243.5280024,51.5651437,59401.33157355,,,,,,,,,0000,1.0,120.4229965209961,00,1,neowise,14.896,0.114,14.783,0.352,9.5,3.1,221.79,23.321,87.908,28.519,BB
243.5291933,51.5650642,59969.89502912,,,,,,,,,0000,0.5,126.93800354003906,00,1,neowise,15.255,0.123,14.807,0.31,8.9,3.5,159.38,17.99,85.98,24.54,BB
243.5290813,51.5652812,59971.19680747,,,,,,,,,0000,1.0,77.73999786376953,00,1,neowise,15.002,0.126,14.941,0.369,8.6,2.9,201.12,23.33,76.029,25.835,BC
243.529458,51.565184,56862.42878861,,,,,,,,,0000,1.0,106.50900268554688,00,1,neowise,14.986,0.089,14.471,0.212,12.3,5.1,203.93,16.641,117.1,22.918,AB
243.529533,51.5651213,59239.09863167,,,,,,,,,0000,1.0,95.18800354003906,00,1,neowise,14.966,0.108,14.517,0.215,10.0,5.1,207.91,20.744,112.37,22.21,AB
243.5294956,51.5650812,59239.62160935,,,,,,,,,0000,1.0,67.11699676513672,00,1,neowise,15.179,0.108,14.608,0.249,10.1,4.4,170.93,16.932,103.32,23.737,AB
243.5294998,51.5652375,59238.57552705,,,,,,,,,0000,1.0,61.071998596191406,00,1,neowise,15.043,0.096,14.736,0.313,11.3,3.5,193.72,17.151,91.814,26.468,AB
243.5294943,51.5652324,59238.77162758,,,,,,,,,0000,0.5,96.0790023803711,00,1,neowise,15.157,0.107,14.606,0.306,10.2,3.5,174.44,17.128,103.48,29.16,AB
243.5294989,51.5651847,59239.09850435,,,,,,,,,0000,1.0,95.58000183105469,00,1,neowise,15.046,0.105,14.708,0.245,10.4,4.4,193.18,18.647,94.212,21.292,AB
243.5294755,51.565197,59239.88316166,,,,,,,,,0000,1.0,121.34700012207031,00,1,neowise,15.051,0.097,14.649,0.3,11.1,3.6,192.34,17.267,99.451,27.437,AB
243.5294903,51.5651862,59240.01393786,,,,,,,,,0000,1.0,113.09400177001953,00,1,neowise,15.085,0.1,14.977,0.299,10.9,3.6,186.41,17.161,73.555,20.252,AB
243.5295146,51.5651854,59240.34081444,,,,,,,,,0000,1.0,61.183998107910156,00,1,neowise,14.915,0.166,14.812,0.409,6.5,2.7,217.86,33.4,85.618,32.244,BC
243.5295047,51.5651468,59238.44475095,,,,,,,,,0000,1.0,55.41999816894531,00,1,neowise,14.915,0.089,15.02,0.322,12.3,3.4,217.91,17.781,70.696,20.957,AB
243.5294492,51.5651649,59238.83707936,,,,,,,,,0000,1.0,110.53199768066406,00,1,neowise,15.145,0.146,14.776,0.239,7.5,4.5,176.33,23.653,88.495,19.476,BB
243.5294888,51.5651598,59239.03317993,,,,,,,,,0000,1.0,108.9260025024414,00,1,neowise,15.033,0.101,13.61,,10.8,1.7,195.49,18.137,117.73,70.609,AU
243.5294171,51.565157,59239.22928046,,,,,,,,,0000,1.0,77.30000305175781,00,1,neowise,15.446,0.151,14.842,0.27,7.2,4.0,133.66,18.548,83.309,20.711,BB
243.5294199,51.5650812,59239.75238556,,,,,,,,,0000,1.0,91.76899719238281,00,1,neowise,15.23,0.124,15.22,0.513,8.8,2.1,163.13,18.569,58.781,27.772,BC
243.5296385,51.5652853,59239.4255083,,,,,,,,,0000,1.0,54.89699935913086,00,1,neowise,14.904,0.124,14.631,0.244,8.8,4.4,220.25,25.099,101.13,22.733,BB
243.529547,51.5652795,59239.49083329,,,,,,,,,0000,1.0,56.000999450683594,00,1,neowise,14.923,0.115,14.157,0.272,9.5,4.0,216.29,22.821,156.52,39.194,BB
243.5297927,51.5652812,59240.21003838,,,,,,,,,0000,1.0,78.80500030517578,00,1,neowise,14.921,0.112,14.605,0.314,9.7,3.5,216.81,22.415,103.56,29.984,BB
243.529691,51.5652242,59238.31397479,,,,,,,,,0000,1.0,65.7770004272461,00,1,neowise,15.163,0.106,14.868,,10.3,1.5,173.38,16.887,35.195,23.082,AU
243.5295564,51.5652413,59239.68706113,,,,,,,,,0000,0.0,77.7979965209961,00,1,neowise,15.254,0.146,15.427,0.456,7.4,2.4,159.53,21.503,48.615,20.417,BC
243.5293482,51.5650469,59239.68693377,,,,,,,,,0000,1.0,78.07599639892578,00,1,neowise,14.944,0.143,14.396,0.217,7.6,5.0,212.25,27.955,125.65,25.124,BB
243.5294109,51.5649224,59238.18319863,,,,,,,,,0000,1.0,82.41699981689453,00,1,neowise,15.139,0.106,14.32,0.229,10.2,4.7,177.28,17.296,134.72,28.384,AB
243.5295138,51.5650478,59238.90240378,,,,,,,,,0000,1.0,125.78800201416016,00,1,neowise,15.125,0.109,14.655,0.243,10.0,4.5,179.59,18.019,98.914,22.161,AB
243.5295233,51.5649929,59238.96785552,,,,,,,,,0000,1.0,123.87100219726562,00,1,neowise,15.322,0.117,14.696,0.277,9.3,3.9,149.84,16.109,95.319,24.314,BB
243.5293655,51.5649957,59238.70630321,,,,,,,,,0000,1.0,81.87899780273438,00,1,neowise,15.411,0.154,15.394,0.539,7.0,2.0,138.02,19.6,50.104,24.879,BC
243.5290825,51.5649777,60335.84479919,,,,,,,,,0000,0.0,113.82099914550781,00,1,neowise,15.352,0.142,14.678,0.38,7.6,2.9,145.69,19.098,96.845,33.91,BC
243.5290281,51.5650508,60335.58693957,,,,,,,,,0000,0.0,64.31900024414062,00,1,neowise,15.561,0.148,14.449,,7.3,0.8,120.17,16.406,33.319,43.177,BU
243.5289505,51.5649717,60335.45794616,,,,,,,,,0000,0.0,57.16999816894531,00,1,neowise,15.773,0.272,15.399,0.473,4.0,2.3,98.922,24.822,49.868,21.724,BC
243.5289782,51.5652449,60335.71593299,,,,,,,,,0000,0.0,85.62200164794922,00,1,neowise,15.341,0.121,14.69,0.271,9.0,4.0,147.28,16.372,95.806,23.933,BB
243.5293526,51.5652368,57048.76718429,,,,,,,,,0000,1.0,108.70899963378906,00,1,neowise,15.025,0.099,14.468,0.194,10.9,5.6,196.3,17.957,118.23,21.177,AB
243.5293508,51.5652154,57047.91299955,,,,,,,,,0000,0.5,123.36399841308594,00,1,neowise,14.883,0.083,14.311,0.201,13.1,5.4,223.76,17.123,136.64,25.235,AB
243.5293501,51.56523,57048.83289081,,,,,,,,,0000,1.0,121.93199920654297,00,1,neowise,15.066,0.1,14.284,0.2,10.9,5.4,188.89,17.358,140.1,25.809,AB
243.5294868,51.5652966,57049.22713046,,,,,,,,,0000,1.0,72.9990005493164,00,1,neowise,14.976,0.096,14.454,0.293,11.3,3.7,205.26,18.221,119.73,32.295,AB
243.5295291,51.5653565,57048.43865168,,,,,,,,,0000,1.0,61.457000732421875,00,1,neowise,14.995,0.104,14.345,0.169,10.4,6.4,201.65,19.395,132.38,20.666,AB
243.5295899,51.5655899,57048.37307252,,,,,,,,,0000,1.0,60.08399963378906,00,1,neowise,15.378,0.22,13.94,0.127,4.9,8.6,141.79,28.711,192.29,22.429,BB
243.529269,51.5651838,57411.27833012,,,,,,,,,0000,1.0,67.44300079345703,00,1,neowise,15.128,0.102,14.79,0.252,10.7,4.3,179.29,16.831,87.224,20.267,AB
243.5294365,51.5652669,57411.8682888,,,,,,,,,0000,1.0,125.93399810791016,00,1,neowise,15.111,0.105,14.927,0.444,10.4,2.4,182.16,17.54,76.839,31.426,AC
243.5293697,51.5652561,57412.45837484,,,,,,,,,0000,1.0,59.96699905395508,00,1,neowise,15.213,0.147,14.409,0.224,7.4,4.8,165.81,22.474,123.83,25.535,BB
243.5292161,51.5653553,57412.32721633,,,,,,,,,0000,1.0,61.729000091552734,00,1,neowise,15.103,0.105,14.376,0.198,10.3,5.5,183.42,17.722,127.67,23.249,AB
243.5294529,51.5653147,57413.3106511,,,,,,,,,0000,1.0,62.74700164794922,00,1,neowise,15.126,0.102,14.474,0.203,10.7,5.4,179.71,16.862,116.6,21.794,AB
243.5295155,51.5651097,57779.15937962,,,,,,,,,0000,1.0,82.88800048828125,00,1,neowise,15.044,0.099,14.823,0.361,11.0,3.0,193.79,17.619,84.799,28.206,AC
243.5294975,51.5650757,57779.61779855,,,,,,,,,0000,1.0,72.39399719238281,00,1,neowise,14.947,0.129,14.808,0.324,8.4,3.4,211.87,25.126,85.956,25.625,BB
243.5294955,51.5650821,57780.07621763,,,,,,,,,0000,1.0,95.3280029296875,00,1,neowise,15.187,0.13,14.617,0.242,8.3,4.5,169.86,20.408,102.5,22.831,BB
243.5294006,51.5652206,57779.22483164,,,,,,,,,0000,1.0,76.13800048828125,00,1,neowise,15.056,0.106,14.804,0.328,10.3,3.3,191.63,18.669,86.285,26.064,AB
243.5294219,51.5652217,57779.35586302,,,,,,,,,0000,1.0,58.362998962402344,00,1,neowise,14.853,0.087,15.223,,12.4,-0.6,231.03,18.561,-16.5,29.328,AU
243.5295002,51.565218,57779.87973413,,,,,,,,,0000,1.0,126.572998046875,00,1,neowise,15.414,0.145,14.956,0.438,7.5,2.5,137.74,18.339,74.993,30.263,BC
243.5295091,51.5651819,57780.0107656,,,,,,,,,0000,1.0,107.96800231933594,00,1,neowise,15.029,0.101,14.272,0.215,10.7,5.1,196.46,18.334,140.88,27.861,AB
243.5294176,51.5651836,57778.70083322,,,,,,,,,0000,1.0,87.71900177001953,00,1,neowise,15.127,0.101,14.654,0.252,10.7,4.3,179.44,16.776,99.068,23.005,AB
243.5294591,51.56513,57780.33815316,,,,,,,,,0000,1.0,60.26300048828125,00,1,neowise,15.104,0.129,14.59,0.24,8.4,4.5,183.34,21.774,105.13,23.288,BB
243.5298776,51.5650161,57779.48676713,,,,,,,,,0000,1.0,58.57500076293945,00,1,neowise,15.216,0.12,14.463,0.198,9.1,5.5,165.42,18.255,118.17,21.564,BB
243.5298617,51.5650259,57780.40373256,,,,,,,,,0000,1.0,56.66299819946289,00,1,neowise,14.867,0.088,15.059,0.467,12.4,2.3,227.95,18.454,68.208,29.367,AC
243.5296762,51.5650782,57779.02834819,,,,,,,,,0000,0.5,104.64399719238281,00,1,neowise,15.263,0.112,14.936,0.294,9.7,3.7,158.41,16.406,76.39,20.693,BB
243.5297355,51.5651046,57778.83186469,,,,,,,,,0000,0.5,116.2300033569336,00,1,neowise,15.132,0.106,14.798,0.271,10.3,4.0,178.71,17.369,86.787,21.624,AB
243.5295678,51.5653049,57779.81428205,,,,,,,,,0000,1.0,112.31300354003906,00,1,neowise,15.473,0.16,14.741,0.271,6.8,4.0,130.55,19.242,91.443,22.838,BB
243.5298229,51.5652401,57779.74870266,,,,,,,,,0000,1.0,97.99299621582031,00,1,neowise,14.98,0.089,14.644,0.225,12.2,4.8,205.55,16.906,99.985,20.677,AB
243.5298053,51.5652338,57779.74882998,,,,,,,,,0000,0.5,97.99099731445312,00,1,neowise,15.187,0.125,14.631,0.251,8.7,4.3,169.9,19.56,101.16,23.434,BB
243.5297672,51.5652906,57780.14166971,,,,,,,,,0000,1.0,85.37300109863281,00,1,neowise,14.935,0.094,14.562,0.244,11.5,4.4,214.27,18.615,107.86,24.284,AB
243.5296698,51.5652529,57780.2072491,,,,,,,,,0000,1.0,77.48899841308594,00,1,neowise,14.901,0.106,15.252,0.463,10.2,2.3,221.11,21.576,57.121,24.353,AC
243.5295392,51.5652432,57778.43889769,,,,,,,,,0000,1.0,57.941001892089844,00,1,neowise,15.06,0.103,14.345,0.256,10.6,4.2,190.98,18.053,131.71,31.08,AB
243.5295618,51.5651997,57779.94518616,,,,,,,,,0000,0.5,122.66799926757812,00,1,neowise,14.873,0.125,14.406,0.199,8.7,5.4,226.79,26.173,124.47,22.863,BB
243.5295858,51.5651563,57779.42131509,,,,,,,,,0000,0.5,57.48099899291992,00,1,neowise,15.135,0.104,14.719,0.277,10.5,3.9,178.21,17.031,93.305,23.785,AB
243.529368,51.5648714,57779.94531352,,,,,,,,,0000,1.0,122.4280014038086,00,1,neowise,15.413,0.168,15.006,0.398,6.5,2.7,137.91,21.349,71.666,26.302,BC
243.5295432,51.565045,57780.46918458,,,,,,,,,0000,1.0,57.95399856567383,00,1,neowise,15.183,0.148,14.293,0.211,7.3,5.1,170.44,23.244,138.13,26.893,BB
243.5294012,51.5650508,57778.96289616,,,,,,,,,0000,1.0,118.54399871826172,00,1,neowise,15.052,0.099,14.384,0.235,11.0,4.6,192.37,17.542,127.04,27.553,AB
243.5295569,51.5649721,57780.27270109,,,,,,,,,0000,1.0,68.85900115966797,00,1,neowise,15.002,0.103,14.543,0.207,10.5,5.2,201.39,19.091,109.69,20.946,AB
243.5292883,51.5651238,58305.01216197,,,,,,,,,0000,0.5,64.48999786376953,00,1,neowise,15.182,0.119,14.929,0.307,9.2,3.5,170.4,18.605,76.854,21.73,BB
243.5295703,51.5650852,58305.79783558,,,,,,,,,0000,1.0,64.2509994506836,00,1,neowise,15.251,0.118,15.339,0.535,9.2,2.0,160.0,17.378,52.679,25.969,BC
243.5295486,51.5651219,58306.05964251,,,,,,,,,0000,1.0,72.66899871826172,00,1,neowise,15.17,0.109,14.804,0.349,9.9,3.1,172.26,17.315,86.232,27.722,BB
243.5295051,51.5651455,58306.45222462,,,,,,,,,0000,0.5,113.96299743652344,00,1,neowise,15.197,0.126,14.854,0.259,8.6,4.2,168.17,19.582,82.342,19.631,BB
243.5297676,51.5651661,58306.12458479,,,,,,,,,0000,0.5,80.26699829101562,00,1,neowise,15.087,0.099,14.986,,11.0,1.1,186.06,16.938,25.861,23.553,AU
243.5297642,51.5650229,58304.88125874,,,,,,,,,0000,1.0,59.194000244140625,00,1,neowise,15.334,0.226,14.748,,4.8,1.7,148.13,30.879,41.228,24.819,BU
243.529674,51.5650851,58305.27396825,,,,,,,,,0000,1.0,111.13899993896484,00,1,neowise,15.072,0.094,14.719,0.347,11.6,3.1,188.64,16.255,93.269,29.833,AB
243.5297292,51.5654212,58304.55412814,,,,,,,,,0000,1.0,94.72100067138672,00,1,neowise,15.208,0.105,14.771,,10.3,0.3,166.47,16.168,12.002,38.441,AU
243.5295992,51.5652868,58305.14306516,,,,,,,,,0000,1.0,83.91200256347656,00,1,neowise,15.037,0.096,14.592,0.457,11.3,2.4,194.71,17.226,104.88,44.139,AC
243.5297278,51.5652726,58305.60160816,,,,,,,,,0000,1.0,89.50599670410156,00,1,neowise,15.179,0.107,14.507,0.204,10.2,5.3,170.94,16.774,113.38,21.288,AB
243.5297093,51.565295,58305.86328773,,,,,,,,,0000,1.0,61.395999908447266,00,1,neowise,15.326,0.122,14.733,0.262,8.9,4.2,149.27,16.836,92.049,22.18,BB
243.5296892,51.5651964,58305.40525343,,,,,,,,,0000,0.5,123.447998046875,00,1,neowise,15.204,0.117,14.683,0.22,9.2,4.9,166.95,18.066,96.416,19.582,BB
243.5295183,51.5652074,58304.75048287,,,,,,,,,0000,1.0,68.78199768066406,00,1,neowise,15.226,0.114,14.649,0.286,9.5,3.8,163.63,17.176,99.482,26.245,BB
243.5295973,51.5651427,58305.33929248,,,,,,,,,0000,0.5,124.47699737548828,00,1,neowise,15.141,0.1,14.897,0.281,10.9,3.9,177.07,16.268,79.18,20.506,AB
243.529594,51.5650823,58305.33941984,,,,,,,,,0000,1.0,124.34400177001953,00,1,neowise,15.12,0.112,14.466,0.232,9.7,4.7,180.4,18.581,117.8,25.193,BB
243.5296239,51.5651855,58304.61957969,,,,,,,,,0000,1.0,85.90599822998047,00,1,neowise,15.084,0.098,14.984,0.33,11.1,3.3,186.48,16.779,73.057,22.222,AB
243.5296425,51.5652194,58304.68503127,,,,,,,,,0000,1.0,78.68900299072266,00,1,neowise,15.31,0.125,14.783,0.493,8.7,2.2,151.52,17.489,87.91,39.912,BC
243.5295874,51.5651907,58305.47070502,,,,,,,,,0000,1.0,110.3499984741211,00,1,neowise,15.283,0.115,15.043,0.413,9.4,2.6,155.35,16.461,69.189,26.338,BC
243.5302372,51.5651983,58306.32144884,,,,,,,,,0000,1.0,120.4000015258789,00,1,neowise,15.037,0.135,15.107,0.46,8.0,2.4,194.85,24.261,65.265,27.641,BC
243.5300723,51.5649824,58305.92873933,,,,,,,,,0000,1.0,62.37300109863281,00,1,neowise,14.224,0.063,14.953,,17.3,1.6,411.72,23.797,33.267,20.969,AU
243.5298927,51.5652004,58305.07761352,,,,,,,,,0000,0.5,73.01899719238281,00,1,neowise,15.187,0.121,14.574,0.257,9.0,4.2,169.67,18.951,106.6,25.204,BB
243.5292524,51.5650663,58304.94671034,,,,,,,,,0000,1.0,60.22600173950195,00,1,neowise,14.873,0.123,14.597,0.291,8.9,3.7,226.51,25.562,104.39,28.011,BB
243.5294086,51.5649324,58305.99419093,,,,,,,,,0000,1.0,65.14099884033203,00,1,neowise,15.298,0.115,14.616,0.246,9.4,4.4,153.2,16.295,102.54,23.278,BB
243.5295307,51.565006,58305.2085167,,,,,,,,,0000,1.0,97.14700317382812,00,1,neowise,14.969,0.142,14.552,0.223,7.7,4.9,207.46,27.105,108.84,22.345,BB
243.529554,51.5649942,58305.7325113,,,,,,,,,0000,1.0,72.72799682617188,00,1,neowise,14.847,0.135,14.981,0.298,8.1,3.6,232.04,28.781,73.292,20.087,BB
243.5293122,51.5653024,58669.12203972,,,,,,,,,0000,1.0,80.16100311279297,00,1,neowise,15.241,0.137,14.568,0.435,7.9,2.5,161.36,20.308,107.25,42.994,BC
243.5292241,51.565326,58669.25294293,,,,,,,,,0000,0.5,105.29199981689453,00,1,neowise,15.213,0.12,14.844,0.357,9.0,3.0,165.7,18.367,83.104,27.314,BC
243.5290874,51.5654964,58669.18698201,,,,,,,,,0000,0.5,90.5199966430664,00,1,neowise,15.17,0.131,14.593,0.257,8.3,4.2,172.3,20.845,104.78,24.848,BB
243.5292028,51.5653824,58670.03785262,,,,,,,,,0000,1.0,68.26399993896484,00,1,neowise,15.058,0.095,14.482,0.227,11.5,4.8,191.04,16.657,116.08,24.294,AB
243.5293865,51.5653817,58669.44917037,,,,,,,,,0000,0.5,116.2979965209961,00,1,neowise,15.256,0.144,14.526,0.376,7.5,2.9,159.2,21.161,111.4,38.537,BC
243.5290245,51.5651517,59765.93329059,,,,,,,,,0000,1.0,62.84700012207031,00,1,neowise,14.999,0.121,14.371,,9.0,1.8,201.75,22.485,60.552,33.987,BU
243.5294069,51.56524,57221.79730591,,,,,,,,,0000,1.0,61.12300109863281,00,1,neowise,15.148,0.113,14.337,0.191,9.6,5.7,175.69,18.23,132.76,23.361,BB
243.5294097,51.565261,57223.56857392,,,,,,,,,0000,1.0,86.79399871826172,00,1,neowise,15.173,0.15,14.177,0.151,7.3,7.2,171.79,23.668,153.84,21.333,BB
243.5292155,51.5652977,57222.65008649,,,,,,,,,0000,0.5,77.35299682617188,00,1,neowise,14.893,0.096,14.301,0.176,11.3,6.2,222.37,19.735,137.34,22.244,AB
243.5293473,51.565177,57584.99428912,,,,,,,,,0000,1.0,65.40799713134766,00,1,neowise,15.027,0.101,14.448,0.242,10.7,4.5,196.8,18.389,119.82,26.655,AB
243.5294663,51.5651977,57584.79780684,,,,,,,,,0000,0.5,60.43299865722656,00,1,neowise,15.0,0.093,14.826,0.269,11.7,4.0,201.69,17.195,84.558,20.958,AB
243.5293942,51.5652163,57584.92883747,,,,,,,,,0000,1.0,60.55400085449219,00,1,neowise,15.199,0.111,14.683,0.378,9.8,2.9,167.95,17.1,96.438,33.576,BC
243.5293655,51.5651965,57585.45295982,,,,,,,,,0000,1.0,107.85199737548828,00,1,neowise,15.097,0.104,14.385,0.182,10.4,6.0,184.54,17.673,126.98,21.24,AB
243.5296656,51.5650624,57584.66677626,,,,,,,,,0000,0.5,76.83399963378906,00,1,neowise,15.272,0.11,14.94,0.347,9.9,3.1,157.11,15.851,76.118,24.324,BB
243.5295563,51.5653336,57584.47029409,,,,,,,,,0000,1.0,104.51899719238281,00,1,neowise,14.95,0.116,14.4,0.178,9.4,6.1,211.2,22.506,125.2,20.579,BB
243.5295434,51.5653257,57584.86338581,,,,,,,,,0000,1.0,59.84000015258789,00,1,neowise,14.954,0.123,14.519,0.252,8.8,4.3,210.55,23.809,112.16,26.013,BB
243.5296777,51.5652908,57584.73222787,,,,,,,,,0000,1.0,66.84700012207031,00,1,neowise,15.23,0.134,14.443,0.186,8.1,5.9,163.25,20.075,120.28,20.557,BB
243.5297271,51.5651698,57584.99441644,,,,,,,,,0000,1.0,65.89299774169922,00,1,neowise,15.163,0.118,14.649,0.204,9.2,5.3,173.66,18.92,99.576,18.691,BB
243.5295763,51.565218,57585.19089862,,,,,,,,,0000,1.0,99.38500213623047,00,1,neowise,15.245,0.109,14.517,0.241,10.0,4.5,160.98,16.123,112.4,24.913,AB
243.5295363,51.5651958,57585.32192919,,,,,,,,,0000,1.0,126.4800033569336,00,1,neowise,15.024,0.098,14.543,0.219,11.1,5.0,197.38,17.762,109.71,22.144,AB
243.5296302,51.5650893,57584.73235523,,,,,,,,,0000,1.0,67.28299713134766,00,1,neowise,15.19,0.177,14.536,,6.1,2.0,169.37,27.642,54.607,27.901,BU
243.5295686,51.5651539,57585.1253197,,,,,,,,,0000,1.0,85.73500061035156,00,1,neowise,15.06,0.108,14.738,0.237,10.0,4.6,190.98,19.082,91.659,19.976,AB
243.5296398,51.5652353,57584.53574565,,,,,,,,,0000,1.0,92.91400146484375,00,1,neowise,15.196,0.112,14.734,0.399,9.7,2.7,168.37,17.321,92.051,33.859,BC
243.5296618,51.5651819,57584.86325845,,,,,,,,,0000,1.0,59.082000732421875,00,1,neowise,15.231,0.12,14.557,0.22,9.1,4.9,163.08,18.018,108.38,21.992,BB
243.5295384,51.5650299,57584.60132462,,,,,,,,,0000,1.0,84.77300262451172,00,1,neowise,15.115,0.153,14.44,0.195,7.1,5.6,181.41,25.647,120.64,21.616,BB
243.5294722,51.564952,57584.40471512,,,,,,,,,0000,0.5,117.87000274658203,00,1,neowise,15.277,0.122,14.547,0.237,8.9,4.6,156.38,17.568,109.34,23.917,BB
243.5286584,51.5652569,57944.48660748,,,,,,,,,0000,1.0,104.4219970703125,00,1,neowise,15.048,0.172,14.431,,6.3,1.4,192.76,30.613,49.131,36.251,BU
243.529352,51.5651063,57945.79601565,,,,,,,,,0000,1.0,61.520999908447266,00,1,neowise,15.432,0.163,14.654,0.212,6.7,5.1,135.43,20.295,99.069,19.321,BB
243.5295516,51.5653029,57945.53408196,,,,,,,,,0000,1.0,95.5790023803711,00,1,neowise,15.151,0.109,14.648,0.247,10.0,4.4,175.31,17.522,99.563,22.63,AB
243.5295304,51.5652375,57946.05782204,,,,,,,,,0000,1.0,71.58699798583984,00,1,neowise,15.12,0.101,14.773,0.253,10.8,4.3,180.42,16.742,88.754,20.653,AB
243.529659,51.5651669,57945.59953354,,,,,,,,,0000,1.0,86.05000305175781,00,1,neowise,14.947,0.085,14.681,0.243,12.8,4.5,211.61,16.596,96.606,21.622,AB
243.5297898,51.5653537,57945.66498512,,,,,,,,,0000,1.0,78.83100128173828,00,1,neowise,15.288,0.144,15.057,0.348,7.5,3.1,154.51,20.541,68.31,21.892,BB
243.5293596,51.5650945,58509.11307815,,,,,,,,,0000,0.5,91.63500213623047,00,1,neowise,15.229,0.107,14.452,0.201,10.1,5.4,163.15,16.151,119.25,22.044,AB
243.5294255,51.5651888,58508.72036745,,,,,,,,,0000,0.5,86.2750015258789,00,1,neowise,15.265,0.15,14.406,0.286,7.3,3.8,157.86,21.755,124.43,32.785,BB
243.529504,51.5651607,58507.80442425,,,,,,,,,0000,1.0,104.5510025024414,00,1,neowise,15.378,0.13,14.393,0.334,8.3,3.3,142.27,17.05,126.01,38.758,BB
243.5293683,51.5651865,58508.4586878,,,,,,,,,0000,0.5,56.071998596191406,00,1,neowise,14.793,0.116,14.536,0.239,9.4,4.5,243.79,26.002,110.44,24.297,BB
243.5294368,51.5651473,58508.65504303,,,,,,,,,0000,0.5,73.34500122070312,00,1,neowise,15.207,0.103,15.064,0.472,10.5,2.3,166.6,15.824,67.892,29.488,AC
243.5294674,51.5651524,58509.11295083,,,,,,,,,0000,0.5,92.05799865722656,00,1,neowise,14.949,0.102,14.385,,10.6,1.9,211.14,19.925,62.548,32.141,AU
243.5296594,51.5650854,58508.1315564,,,,,,,,,0000,1.0,88.8290023803711,00,1,neowise,15.021,0.114,14.526,0.285,9.5,3.8,197.63,20.721,111.44,29.292,BB
243.5296243,51.5650467,58508.39323601,,,,,,,,,0000,1.0,56.56399917602539,00,1,neowise,15.199,0.119,15.028,0.435,9.1,2.5,167.8,18.458,70.147,28.119,BC
243.5298082,51.5650925,58506.82303389,,,,,,,,,0000,1.0,108.7229995727539,00,1,neowise,15.061,0.136,14.456,0.192,8.0,5.7,190.58,23.852,118.88,21.009,BB
243.5298209,51.56507,58506.95381022,,,,,,,,,0000,0.5,126.02400207519531,00,1,neowise,15.416,0.132,14.363,0.225,8.2,4.8,137.43,16.77,129.46,26.87,BB
243.5296998,51.5654157,58508.58959133,,,,,,,,,0000,1.0,63.85100173950195,00,1,neowise,15.04,0.114,14.811,,9.5,1.8,194.22,20.372,40.555,22.578,BU
243.5297498,51.5653048,58508.98217457,,,,,,,,,0000,0.5,119.25,00,1,neowise,15.212,0.159,14.775,0.289,6.8,3.8,165.81,24.213,88.584,23.599,BB
243.5297171,51.5652151,58508.26245984,,,,,,,,,0000,1.0,72.6500015258789,00,1,neowise,15.063,0.1,14.666,0.427,10.9,2.5,190.1,17.467,97.948,38.554,AC
243.5294866,51.5652817,58507.5427445,,,,,,,,,0000,1.0,58.55699920654297,00,1,neowise,15.044,0.095,14.841,0.267,11.5,4.1,193.54,16.884,83.384,20.53,AB
243.529505,51.5652718,58508.72049481,,,,,,,,,0000,1.0,86.1449966430664,00,1,neowise,15.057,0.1,14.789,0.432,10.9,2.5,191.22,17.569,87.436,34.793,AC
243.5296532,51.5651273,58507.41184537,,,,,,,,,0000,1.0,55.80099868774414,00,1,neowise,15.219,0.12,14.808,0.337,9.1,3.2,164.69,18.189,85.912,26.671,BB
243.5295692,51.5651035,58507.9353284,,,,,,,,,0000,1.0,130.21400451660156,00,1,neowise,15.191,0.124,15.187,0.389,8.7,2.8,169.09,19.341,60.61,21.742,BC
243.5296215,51.5652224,58507.47729719,,,,,,,,,0000,1.0,56.21799850463867,00,1,neowise,15.225,0.116,14.866,0.288,9.4,3.8,163.79,17.431,81.468,21.599,BB
243.5296185,51.5652083,58507.67352072,,,,,,,,,0000,1.0,76.9530029296875,00,1,neowise,15.057,0.096,14.538,0.204,11.3,5.3,191.22,16.976,110.2,20.702,AB
243.5296351,51.5652317,58508.85127104,,,,,,,,,0000,1.0,115.18199920654297,00,1,neowise,15.138,0.106,14.515,0.236,10.2,4.6,177.52,17.362,112.57,24.421,AB
243.5295264,51.5650029,58506.82290657,,,,,,,,,0000,0.5,108.72200012207031,00,1,neowise,15.116,0.135,14.607,0.23,8.0,4.7,181.15,22.595,103.43,21.889,BB
243.5295016,51.5650479,58508.06610462,,,,,,,,,0000,0.5,101.00700378417969,00,1,neowise,15.253,0.137,14.652,0.335,7.9,3.2,159.57,20.138,99.226,30.612,BB
243.5294565,51.5649649,58508.19700815,,,,,,,,,0000,1.0,80.28600311279297,00,1,neowise,15.146,0.133,15.103,0.435,8.1,2.5,176.19,21.645,65.495,26.249,BC
243.5297133,51.5648161,58508.00065287,,,,,,,,,0000,1.0,115.25499725341797,00,1,neowise,15.514,0.148,14.219,0.172,7.4,6.3,125.57,17.067,147.86,23.412,BB
243.529441,51.5652541,59035.72658141,,,,,,,,,0000,1.0,73.36499786376953,00,1,neowise,15.055,0.099,15.013,0.331,10.9,3.3,191.65,17.544,71.182,21.685,AB
243.5294542,51.5651887,59036.18436058,,,,,,,,,0000,1.0,88.86900329589844,00,1,neowise,15.067,0.131,15.018,0.455,8.3,2.4,189.41,22.939,70.853,29.721,BC
243.5294928,51.5651622,59035.79203293,,,,,,,,,0000,1.0,64.01899719238281,00,1,neowise,15.148,0.11,14.327,0.366,9.8,3.0,175.86,17.884,133.85,45.08,BC
243.5294278,51.5650995,59036.31513646,,,,,,,,,0000,1.0,117.21800231933594,00,1,neowise,15.163,0.101,14.761,0.282,10.8,3.9,173.48,16.094,89.756,23.307,AB
243.5297044,51.5650454,59035.85735725,,,,,,,,,0000,0.5,58.349998474121094,00,1,neowise,15.03,0.168,14.856,0.464,6.5,2.3,196.05,30.302,82.245,35.162,BC
243.529705,51.5651066,59036.70746405,,,,,,,,,0000,1.0,76.04900360107422,00,1,neowise,15.196,0.107,14.265,,10.1,2.0,168.29,16.608,70.821,35.469,AU
243.529602,51.5653486,59035.3995775,,,,,,,,,0000,0.5,128.17999267578125,00,1,neowise,15.202,0.135,14.387,0.251,8.0,4.3,167.27,20.802,126.63,29.263,BB
243.5295854,51.5652581,59035.66112921,,,,,,,,,0000,0.5,81.19100189208984,00,1,neowise,15.258,0.136,14.735,0.306,8.0,3.5,158.91,19.835,91.91,25.906,BB
243.5295166,51.5652704,59035.92280887,,,,,,,,,0000,0.5,58.91899871826172,00,1,neowise,15.481,0.148,14.341,0.298,7.3,3.6,129.41,17.672,132.14,36.268,BB
243.5295166,51.5652396,59035.98813313,,,,,,,,,0000,1.0,60.10100173950195,00,1,neowise,15.262,0.173,14.184,0.19,6.3,5.7,158.38,25.22,152.72,26.706,BB
243.5295825,51.5651686,59036.44591234,,,,,,,,,0000,1.0,117.93000030517578,00,1,neowise,15.324,0.152,14.36,,7.1,1.8,149.5,20.938,60.772,34.533,BU
243.5296546,51.5652228,59036.83823993,,,,,,,,,0000,1.0,59.00600051879883,00,1,neowise,15.187,0.136,14.926,0.322,8.0,3.4,169.62,21.258,77.105,22.876,BB
243.5299285,51.5653701,59036.64213979,,,,,,,,,0000,0.5,83.59500122070312,00,1,neowise,15.452,0.145,15.318,0.403,7.5,2.7,132.94,17.742,53.745,19.965,BC
243.5293304,51.5650764,59036.96901582,,,,,,,,,0000,1.0,58.926998138427734,00,1,neowise,15.432,0.136,15.261,0.508,8.0,2.1,135.37,16.994,56.624,26.488,BC
243.5295438,51.5650017,59036.05358475,,,,,,,,,0000,1.0,67.0250015258789,00,1,neowise,14.779,0.155,14.459,0.239,7.0,4.5,247.13,35.21,118.5,26.114,BB
243.5293384,51.5651402,57049.2270031,,,,,,,,,0000,1.0,73.66300201416016,00,1,neowise,14.816,0.086,14.178,0.16,12.7,6.8,237.98,18.762,154.45,22.728,AB
243.5293966,51.5650998,57048.96430385,,,,,,,,,0000,1.0,112.39600372314453,00,1,neowise,15.187,0.104,14.389,0.223,10.4,4.9,169.08,16.231,127.15,26.156,AB
243.529529,51.5651339,57049.29270963,,,,,,,,,0000,1.0,64.41799926757812,00,1,neowise,14.793,0.078,14.568,,13.9,1.9,243.03,17.482,52.108,27.871,AU
243.5295203,51.5651135,57048.307366,,,,,,,,,0000,1.0,62.85100173950195,00,1,neowise,14.924,0.09,14.339,0.168,12.0,6.5,215.47,17.957,133.16,20.628,AB
243.5294668,51.5652426,57048.70147777,,,,,,,,,0000,1.0,94.9990005493164,00,1,neowise,14.903,0.088,14.57,0.242,12.3,4.5,219.68,17.826,107.64,23.997,AB
243.5295018,51.5652244,57048.6357712,,,,,,,,,0000,1.0,82.3759994506836,00,1,neowise,14.822,0.078,14.286,0.223,13.9,4.9,236.62,17.003,139.8,28.749,AB
243.5294811,51.5652517,57048.04453997,,,,,,,,,0000,0.5,97.52899932861328,00,1,neowise,14.92,0.085,14.762,0.342,12.8,3.2,216.15,16.895,90.14,28.425,AB
243.5294699,51.5651945,57049.09571751,,,,,,,,,0000,1.0,89.5199966430664,00,1,neowise,14.736,0.08,14.577,0.221,13.6,4.9,256.2,18.839,106.88,21.801,AB
243.5294145,51.5651514,57049.16142395,,,,,,,,,0000,1.0,81.81600189208984,00,1,neowise,14.807,0.094,14.346,0.185,11.5,5.9,239.94,20.778,132.26,22.531,AB
243.5294594,51.5651143,57049.42412266,,,,,,,,,0000,1.0,60.89699935913086,00,1,neowise,15.046,0.097,14.581,0.249,11.2,4.4,192.46,17.124,106.49,24.382,AB
243.5297045,51.5650813,57048.17595301,,,,,,,,,0000,1.0,80.57099914550781,00,1,neowise,14.902,0.101,14.258,0.157,10.7,6.9,219.83,20.505,143.45,20.69,AB
243.5297183,51.5654444,57049.35841615,,,,,,,,,0000,1.0,60.28200149536133,00,1,neowise,15.109,0.166,14.72,0.249,6.5,4.4,181.59,27.767,93.707,21.448,BB
243.529684,51.5652144,57049.03001095,,,,,,,,,0000,1.0,99.77400207519531,00,1,neowise,14.833,0.077,14.593,0.273,14.2,4.0,234.3,16.538,105.36,26.506,AB
243.529546,51.56517,57048.57006468,,,,,,,,,0000,1.0,72.44999694824219,00,1,neowise,14.874,0.079,14.013,0.14,13.8,7.8,225.6,16.405,179.72,23.124,AB
243.529543,51.5651612,57048.89859734,,,,,,,,,0000,1.0,126.14800262451172,00,1,neowise,14.947,0.086,14.321,0.225,12.6,4.8,210.92,16.732,135.41,28.09,AB
243.5296764,51.5651805,57048.37294516,,,,,,,,,0000,1.0,60.57600021362305,00,1,neowise,15.025,0.112,14.374,0.175,9.7,6.2,196.21,20.278,128.85,20.788,BB
243.5293435,51.5651805,57584.07720241,,,,,,,,,0000,1.0,77.85199737548828,00,1,neowise,15.084,0.149,14.9,0.319,7.3,3.4,186.71,25.631,78.954,23.172,BB
243.5292407,51.5651599,57584.33926346,,,,,,,,,0000,1.0,129.25599670410156,00,1,neowise,14.93,0.085,14.801,0.282,12.7,3.8,215.2,16.911,86.567,22.523,AB
243.529398,51.565227,57581.45659046,,,,,,,,,0000,0.5,107.26200103759766,00,1,neowise,15.042,0.095,14.434,0.205,11.5,5.3,194.14,16.942,121.32,22.963,AB
243.5293765,51.5652609,57583.74956223,,,,,,,,,0000,1.0,64.99199676513672,00,1,neowise,15.201,0.103,14.626,0.23,10.5,4.7,167.59,15.941,101.62,21.494,AB
243.5294404,51.5652688,57583.8151412,,,,,,,,,0000,1.0,60.05799865722656,00,1,neowise,15.138,0.1,14.68,0.254,10.9,4.3,177.6,16.339,96.769,22.62,AB
243.5292735,51.565331,57581.84968219,,,,,,,,,0000,1.0,60.196998596191406,00,1,neowise,15.317,0.133,14.686,0.243,8.2,4.5,150.7,18.43,96.193,21.563,BB
243.5294909,51.5651076,58304.16141868,,,,,,,,,0000,1.0,87.45500183105469,00,1,neowise,15.493,0.151,15.101,0.42,7.2,2.6,127.93,17.813,65.599,25.353,BC
243.5295605,51.5650507,58304.29232182,,,,,,,,,0000,1.0,114.99800109863281,00,1,neowise,15.341,0.169,14.413,0.228,6.4,4.8,147.26,22.916,123.62,25.948,BB
243.5295045,51.5651875,58304.0306428,,,,,,,,,0000,0.5,67.15899658203125,00,1,neowise,15.042,0.09,14.511,0.321,12.0,3.4,193.97,16.112,113.02,33.436,AB
243.5294693,51.5651764,58304.161546,,,,,,,,,0000,1.0,87.77799987792969,00,1,neowise,15.124,0.101,15.042,0.325,10.7,3.3,179.76,16.745,69.275,20.735,AB
243.529336,51.5651044,60130.76705053,,,,,,,,,0000,1.0,67.06700134277344,00,1,neowise,15.134,0.1,14.899,0.384,10.8,2.8,178.21,16.45,79.0,27.958,AC
243.5293644,51.5650819,60131.28595265,,,,,,,,,0000,0.5,113.11599731445312,00,1,neowise,15.002,0.112,14.893,0.319,9.7,3.4,201.1,20.726,79.49,23.367,BB
243.5293415,51.5651432,60131.99942628,,,,,,,,,0000,1.0,63.48099899291992,00,1,neowise,15.488,0.145,14.186,,7.5,1.4,128.61,17.231,61.975,45.196,BU
243.5294381,51.5650678,60131.02643829,,,,,,,,,0000,1.0,66.16500091552734,00,1,neowise,15.011,0.095,14.479,0.252,11.4,4.3,199.48,17.447,116.31,27.044,AB
243.529548,51.5650916,60132.77771535,,,,,,,,,0000,1.0,65.31099700927734,00,1,neowise,15.334,0.124,14.483,0.204,8.7,5.3,148.16,16.989,115.98,21.845,BB
243.5294892,51.565214,60131.1561955,,,,,,,,,0000,1.0,86.27899932861328,00,1,neowise,14.969,0.106,14.347,0.338,10.3,3.2,207.32,20.202,131.42,40.948,AB
243.5295016,51.5652164,60132.0642412,,,,,,,,,0000,1.0,71.13800048828125,00,1,neowise,14.961,0.087,14.54,0.41,12.4,2.6,208.89,16.831,109.97,41.536,AC
243.5294449,51.5652546,60132.12918348,,,,,,,,,0000,1.0,81.2490005493164,00,1,neowise,14.938,0.093,14.784,0.368,11.6,2.9,213.31,18.333,87.87,29.792,AC
243.5294718,51.5651591,60133.03710244,,,,,,,,,0000,0.5,66.80899810791016,00,1,neowise,15.036,0.098,14.744,0.273,11.1,4.0,194.89,17.538,91.16,22.904,AB
243.529665,51.5650886,60131.54533965,,,,,,,,,0000,1.0,96.60399627685547,00,1,neowise,15.351,0.246,14.408,0.237,4.4,4.6,145.91,33.036,124.17,27.083,BB
243.5297415,51.565106,60132.64795763,,,,,,,,,0000,0.5,82.7239990234375,00,1,neowise,14.998,0.096,15.16,0.416,11.3,2.6,201.86,17.922,62.122,23.794,AC
243.5297553,51.5653759,60131.41558249,,,,,,,,,0000,0.5,122.23600006103516,00,1,neowise,15.316,0.152,14.985,0.356,7.1,3.0,150.69,21.114,72.993,23.945,BC
243.5295507,51.5653174,60131.93461131,,,,,,,,,0000,0.5,60.92100143432617,00,1,neowise,15.02,0.102,14.834,0.304,10.6,3.6,197.82,18.671,83.879,23.514,AB
243.5297714,51.5652854,60131.48052478,,,,,,,,,0000,0.0,108.72899627685547,00,1,neowise,15.269,0.113,14.616,0.262,9.6,4.1,157.3,16.42,102.53,24.753,BB
243.5297163,51.5652683,60131.93448395,,,,,,,,,0000,1.0,60.154998779296875,00,1,neowise,14.911,0.101,14.49,0.197,10.7,5.5,218.82,20.381,115.14,20.91,AB
243.5297686,51.5652828,60132.71289986,,,,,,,,,0000,1.0,74.91100311279297,00,1,neowise,15.082,0.098,14.679,0.264,11.1,4.1,186.85,16.806,96.824,23.588,AB
243.5297303,51.5653347,60131.86966898,,,,,,,,,0000,0.5,59.55699920654297,00,1,neowise,15.134,0.102,14.721,0.317,10.6,3.4,178.09,16.79,93.12,27.229,AB
243.529769,51.5652353,60130.89680836,,,,,,,,,0000,1.0,60.53499984741211,00,1,neowise,14.983,0.097,15.048,0.365,11.2,3.0,204.66,18.248,68.866,23.171,AC
243.5297719,51.5651938,60132.25881332,,,,,,,,,0000,0.5,107.2959976196289,00,1,neowise,15.313,0.129,15.096,0.425,8.4,2.6,151.11,17.962,65.9,25.77,BC
243.5295995,51.5652202,60131.09138052,,,,,,,,,0000,1.0,75.46600341796875,00,1,neowise,15.029,0.093,14.692,0.265,11.6,4.1,196.19,16.88,95.662,23.37,AB
243.529498,51.565251,60131.73991177,,,,,,,,,0000,1.0,70.66100311279297,00,1,neowise,14.775,0.103,14.409,0.227,10.5,4.8,248.05,23.62,124.1,25.959,AB
243.5295233,51.565194,60133.16685965,,,,,,,,,0000,1.0,87.89199829101562,00,1,neowise,15.169,0.104,15.311,0.519,10.5,2.1,172.55,16.469,54.067,25.827,AC
243.5296177,51.565112,60131.61028193,,,,,,,,,0000,0.5,87.49299621582031,00,1,neowise,15.128,0.113,14.586,0.387,9.6,2.8,179.05,18.675,105.47,37.591,BC
243.5295777,51.5651729,60131.67509685,,,,,,,,,0000,1.0,80.0790023803711,00,1,neowise,14.998,0.097,14.579,0.223,11.2,4.9,201.91,17.953,106.08,21.831,AB
243.5299316,51.5651919,60132.38857053,,,,,,,,,0000,1.0,128.04200744628906,00,1,neowise,15.108,0.1,14.991,0.434,10.9,2.5,182.41,16.742,72.61,29.025,AC
243.5299496,51.5652641,60131.35076757,,,,,,,,,0000,1.0,125.79499816894531,00,1,neowise,15.039,0.135,15.291,0.484,8.0,2.2,194.35,24.166,55.095,24.559,BC
243.5293231,51.5650247,60131.80485406,,,,,,,,,0000,1.0,62.6870002746582,00,1,neowise,15.129,0.127,14.243,0.331,8.6,3.3,178.92,20.875,144.64,44.09,BB
243.5295436,51.5650242,60132.32375561,,,,,,,,,0000,1.0,120.77100372314453,00,1,neowise,15.055,0.097,14.445,0.257,11.2,4.2,191.53,17.169,120.08,28.46,AB
243.5293509,51.5649717,60131.22101037,,,,,,,,,0000,1.0,99.3010025024414,00,1,neowise,15.127,0.107,14.959,0.419,10.2,2.6,179.3,17.654,74.752,28.873,AC
243.5294256,51.5649892,60132.9074726,,,,,,,,,0000,1.0,59.8849983215332,00,1,neowise,15.377,0.143,15.021,,7.6,0.8,142.35,18.712,20.012,25.294,BU
243.5295258,51.5653392,60334.55537328,,,,,,,,,0000,1.0,60.22800064086914,00,1,neowise,15.249,0.111,14.416,0.315,9.8,3.4,160.25,16.334,123.27,35.781,BB
243.52937,51.5656635,60333.91053933,,,,,,,,,0000,0.5,128.47000122070312,00,1,neowise,15.574,0.301,15.036,0.353,3.6,3.1,118.75,32.881,69.674,22.666,BB
243.5300123,51.5658797,60334.68423937,,,,,,,,,0000,0.0,79.33200073242188,00,1,neowise,15.525,0.336,14.969,0.328,3.2,3.3,124.26,38.409,74.078,22.401,BB
243.5295444,51.5651138,60496.09432056,,,,,,,,,0000,0.5,76.3280029296875,00,1,neowise,15.188,0.12,14.638,,9.0,0.5,169.55,18.777,18.871,40.827,BU
243.5295294,51.5650532,60496.28583655,,,,,,,,,0000,0.5,110.6240005493164,00,1,neowise,14.95,0.096,14.033,,11.3,1.8,210.96,18.688,84.26,45.585,AU
243.5293835,51.5651998,60496.4773526,,,,,,,,,0000,0.5,112.06700134277344,00,1,neowise,14.933,0.102,14.508,0.274,10.7,4.0,214.4,20.109,113.3,28.577,AB
243.5298345,51.5652097,60495.77495727,,,,,,,,,0000,1.0,69.15499877929688,00,1,neowise,15.234,0.148,13.951,,7.4,1.3,162.49,22.107,73.791,57.705,BU
243.5297981,51.5651312,60496.86051197,,,,,,,,,0000,0.5,62.483001708984375,00,1,neowise,15.285,0.118,14.083,0.316,9.2,3.4,154.96,16.827,167.63,48.763,BB
243.5297415,51.565124,60496.66899593,,,,,,,,,0000,1.0,84.23699951171875,00,1,neowise,15.194,0.118,14.561,0.319,9.2,3.4,168.55,18.275,107.91,31.733,BB
243.5295547,51.5652802,60495.51964442,,,,,,,,,0000,0.5,103.53800201416016,00,1,neowise,15.247,0.117,15.027,0.507,9.3,2.1,160.47,17.313,70.238,32.8,BC
243.5297394,51.5651837,60496.15760742,,,,,,,,,0000,0.5,83.9219970703125,00,1,neowise,15.267,0.138,14.176,0.258,7.8,4.2,157.53,20.086,153.88,36.517,BB
243.5295742,51.5651324,60496.03039696,,,,,,,,,0000,0.5,67.90299987792969,00,1,neowise,15.218,0.121,14.643,0.351,9.0,3.1,164.85,18.307,100.08,32.334,BB
243.5295874,51.5651497,60496.73279215,,,,,,,,,0000,1.0,75.13700103759766,00,1,neowise,14.946,0.091,14.573,0.345,11.9,3.1,211.75,17.838,106.73,33.927,AB
243.5295832,51.5651977,60496.79658833,,,,,,,,,0000,0.5,66.32499694824219,00,1,neowise,15.09,0.108,14.25,0.217,10.0,5.0,185.54,18.519,143.66,28.699,AB
243.5297451,51.5654944,60495.58344069,,,,,,,,,0000,0.0,92.36399841308594,00,1,neowise,15.057,0.139,14.44,,7.8,0.4,191.15,24.488,18.773,50.919,BU
243.5303013,51.5655416,60495.83888086,,,,,,,,,0000,0.5,63.68199920654297,00,1,neowise,14.879,0.143,14.63,0.33,7.6,3.3,225.34,29.647,101.27,30.806,BB
243.529319,51.5650676,60495.71116109,,,,,,,,,0000,0.5,78.61399841308594,00,1,neowise,15.458,0.229,14.44,,4.7,1.4,132.12,27.857,49.463,35.587,BU
243.5293448,51.5650187,60496.34963278,,,,,,,,,0000,0.5,122.60900115966797,00,1,neowise,15.096,0.138,14.471,0.353,7.8,3.1,184.51,23.534,117.27,38.139,BB
243.5293148,51.5650387,60496.92430877,,,,,,,,,0000,1.0,62.569000244140625,00,1,neowise,15.312,0.189,14.174,,5.8,1.4,151.26,26.281,64.781,44.692,BU
243.5294071,51.5649552,60495.90267714,,,,,,,,,0000,0.5,62.672000885009766,00,1,neowise,15.245,0.131,14.302,,8.3,1.4,160.76,19.367,56.608,40.157,BU
243.5295743,51.5650406,60495.96660068,,,,,,,,,0000,0.5,64.02999877929688,00,1,neowise,15.346,0.123,14.289,0.298,8.9,3.6,146.51,16.545,138.64,38.064,BB
243.5294645,51.5650558,60496.60507233,,,,,,,,,0000,1.0,91.19200134277344,00,1,neowise,14.995,0.092,14.777,0.354,11.8,3.1,202.55,17.115,88.42,28.811,AB
243.5294042,51.565004,60496.41355633,,,,,,,,,0000,1.0,124.61499786376953,00,1,neowise,14.798,0.084,14.766,0.39,12.9,2.8,242.67,18.851,89.3,32.054,AC
243.5295674,51.5649609,60497.05202859,,,,,,,,,0000,0.5,70.09300231933594,00,1,neowise,15.111,0.107,14.921,0.458,10.1,2.4,181.99,17.987,77.455,32.658,AC
243.5295927,51.5649499,60497.1792391,,,,,,,,,0000,0.5,88.05000305175781,00,1,neowise,15.089,0.108,14.377,,10.1,1.8,185.75,18.425,60.75,33.535,AU
243.5290435,51.5649648,56687.34921311,,,,,,,,,0000,0.0,59.856998443603516,00,1,neowise,15.293,0.116,14.136,0.155,9.4,7.0,155.06,16.523,162.7,23.175,BB
243.5296762,51.5654864,57227.96401747,,,,,,,,,0000,1.0,63.775001525878906,00,1,neowise,15.227,0.132,13.566,0.16,8.3,6.8,163.36,19.792,270.11,39.927,BB
243.5293514,51.5651045,57411.60609899,,,,,,,,,0000,0.5,74.4489974975586,00,1,neowise,15.134,0.161,14.849,0.268,6.7,4.1,178.38,26.449,82.561,20.378,BB
243.5293283,51.5651472,57411.73725756,,,,,,,,,0000,0.5,99.10800170898438,00,1,neowise,15.097,0.096,14.645,0.269,11.3,4.0,184.44,16.327,99.65,24.647,AB
243.5293633,51.5651211,57411.80283683,,,,,,,,,0000,1.0,113.2239990234375,00,1,neowise,14.919,0.086,14.696,,12.6,1.9,217.36,17.237,46.385,24.349,AU
243.5292766,51.5651244,57412.72056454,,,,,,,,,0000,1.0,95.54100036621094,00,1,neowise,15.074,0.112,14.253,0.168,9.7,6.5,188.41,19.487,142.99,22.091,BB
243.52951,51.5650917,57412.58953339,,,,,,,,,0000,1.0,71.75900268554688,00,1,neowise,14.914,0.091,14.555,0.188,12.0,5.8,218.36,18.225,108.27,18.704,AB
243.5295006,51.5651209,57412.98288164,,,,,,,,,0000,1.0,111.30899810791016,00,1,neowise,14.856,0.082,14.525,0.236,13.2,4.6,230.42,17.448,111.32,24.242,AB
243.5294799,51.5652535,57413.17949264,,,,,,,,,0000,1.0,80.8550033569336,00,1,neowise,15.251,0.107,14.489,0.199,10.2,5.5,160.14,15.749,115.07,21.047,AB
243.5294401,51.5651769,57411.93386802,,,,,,,,,0000,1.0,121.95099639892578,00,1,neowise,14.936,0.086,14.619,0.34,12.6,3.2,214.09,17.002,102.08,31.978,AB
243.5293857,51.5651637,57412.3927956,,,,,,,,,0000,1.0,59.308998107910156,00,1,neowise,15.16,0.104,14.449,0.193,10.5,5.6,174.14,16.612,119.37,21.202,AB
243.5294733,51.5651547,57412.91730236,,,,,,,,,0000,1.0,125.40799713134766,00,1,neowise,14.88,0.091,13.885,0.169,11.9,6.4,225.37,18.909,200.58,31.15,AB
243.5297282,51.5651283,57411.14717166,,,,,,,,,0000,0.5,85.0199966430664,00,1,neowise,15.062,0.095,14.599,0.253,11.4,4.3,190.57,16.75,104.0,24.242,AB
243.5296929,51.5651899,57412.85172309,,,,,,,,,0000,1.0,123.24500274658203,00,1,neowise,14.795,0.104,14.876,0.307,10.5,3.5,243.69,23.299,80.541,22.775,AB
243.5295139,51.5652542,57411.40948858,,,,,,,,,0000,0.5,59.37200164794922,00,1,neowise,14.862,0.092,14.525,0.195,11.8,5.6,229.01,19.433,111.31,19.971,AB
243.5296279,51.56525,57412.26176436,,,,,,,,,0000,0.5,69.41699981689453,00,1,neowise,15.392,0.188,14.381,0.205,5.8,5.3,140.66,24.316,127.12,24.049,BB
243.5295469,51.5651798,57412.65511262,,,,,,,,,0000,0.5,82.36100006103516,00,1,neowise,14.951,0.085,14.829,0.27,12.8,4.0,211.14,16.488,84.153,20.895,AB
243.5295456,51.5652471,57413.04846093,,,,,,,,,0000,1.0,98.25800323486328,00,1,neowise,15.228,0.112,14.493,0.206,9.7,5.3,163.5,16.839,114.63,21.802,BB
243.5295842,51.5650956,57411.67167828,,,,,,,,,0000,0.5,85.6729965209961,00,1,neowise,15.011,0.094,14.694,0.243,11.5,4.5,199.77,17.348,95.211,21.349,AB
243.5296259,51.5650993,57411.9994473,,,,,,,,,0000,0.5,108.21700286865234,00,1,neowise,15.08,0.092,14.793,,11.7,1.5,187.35,15.95,37.435,24.763,AU
243.5296711,51.5651401,57413.04833355,,,,,,,,,0000,1.0,98.83799743652344,00,1,neowise,14.98,0.11,,,9.9,,205.46,20.841,,,BX
243.5296621,51.5652368,57411.54051972,,,,,,,,,0000,1.0,65.70999908447266,00,1,neowise,15.055,0.1,14.491,0.2,10.8,5.4,191.74,17.701,114.82,21.123,AB
243.5295813,51.56518,57412.19618508,,,,,,,,,0000,1.0,78.87000274658203,00,1,neowise,15.009,0.095,14.118,0.138,11.5,7.8,200.01,17.438,161.92,20.651,AB
243.5296239,51.5652132,57412.78614381,,,,,,,,,0000,1.0,109.677001953125,00,1,neowise,14.859,0.081,13.953,0.185,13.4,5.9,229.7,17.196,188.46,32.197,AB
243.5295724,51.5651909,57413.44180961,,,,,,,,,0000,1.0,59.15299987792969,00,1,neowise,14.986,0.099,14.755,0.289,11.0,3.8,204.44,18.657,90.038,23.929,AB
243.5299596,51.5651769,57413.44168229,,,,,,,,,0000,1.0,59.8849983215332,00,1,neowise,15.048,0.12,14.919,0.312,9.0,3.5,192.96,21.39,77.454,22.223,BB
243.5294931,51.5649277,57412.06502653,,,,,,,,,0000,1.0,95.7959976196289,00,1,neowise,14.958,0.115,14.901,0.261,9.4,4.2,209.76,22.26,78.75,18.895,BB
243.5293828,51.5649701,57780.60021605,,,,,,,,,0000,1.0,69.48400115966797,00,1,neowise,14.954,0.118,15.058,0.328,9.2,3.3,210.46,22.788,68.282,20.623,BB
243.5293525,51.5651053,58143.3746363,,,,,,,,,0000,1.0,54.667999267578125,00,1,neowise,15.062,0.097,14.514,0.195,11.2,5.6,190.32,17.032,112.66,20.271,AB
243.5293803,51.5651043,58143.83279995,,,,,,,,,0000,1.0,113.4219970703125,00,1,neowise,15.027,0.152,14.691,0.286,7.1,3.8,196.55,27.513,95.685,25.215,BB
243.5295154,51.5650946,58143.89825191,,,,,,,,,0000,1.0,129.28399658203125,00,1,neowise,15.311,0.134,14.709,0.457,8.1,2.4,151.32,18.736,94.145,39.63,BC
243.5294479,51.5651808,58144.29096352,,,,,,,,,0000,1.0,64.94100189208984,00,1,neowise,15.214,0.142,14.531,0.201,7.6,5.4,165.45,21.643,110.88,20.539,BB
243.5293663,51.5651885,58144.55226184,,,,,,,,,0000,1.0,60.92399978637695,00,1,neowise,15.202,0.107,14.745,0.255,10.1,4.3,167.32,16.496,91.059,21.369,AB
243.5298266,51.5651422,58143.96370387,,,,,,,,,0000,0.5,120.51100158691406,00,1,neowise,15.055,0.092,14.698,0.244,11.7,4.5,191.58,16.321,95.062,21.341,AB
243.5297242,51.5650802,58144.22551161,,,,,,,,,0000,1.0,73.88600158691406,00,1,neowise,15.13,0.109,14.743,0.448,9.9,2.4,178.8,18.018,91.274,37.622,BC
243.5297285,51.5650836,58144.74861763,,,,,,,,,0000,1.0,94.75199890136719,00,1,neowise,15.135,0.123,14.446,,8.8,1.6,178.05,20.238,52.966,33.487,BU
243.529717,51.565261,58142.85089288,,,,,,,,,0000,1.0,117.71600341796875,00,1,neowise,15.003,0.108,14.661,0.231,10.1,4.7,201.0,19.929,98.398,20.892,AB
243.5295576,51.5652421,58143.70189603,,,,,,,,,0000,0.5,83.9749984741211,00,1,neowise,15.281,0.113,14.605,0.392,9.6,2.8,155.55,16.126,103.63,37.384,BC
243.5296459,51.565103,58143.44008825,,,,,,,,,0000,1.0,53.792999267578125,00,1,neowise,14.969,0.09,14.823,0.302,12.0,3.6,207.28,17.216,84.734,23.545,AB
243.5296204,51.5651342,58143.76734799,,,,,,,,,0000,1.0,98.23699951171875,00,1,neowise,15.175,0.13,14.299,0.17,8.3,6.4,171.49,20.55,137.36,21.557,BB
243.529637,51.5651046,58144.35641543,,,,,,,,,0000,1.0,55.987998962402344,00,1,neowise,15.208,0.124,14.785,0.392,8.7,2.8,166.33,19.067,87.789,31.695,BC
243.5293127,51.5647741,58142.98192417,,,,,,,,,0000,1.0,116.09500122070312,00,1,neowise,15.206,0.127,14.913,0.312,8.6,3.5,166.66,19.429,78.043,22.44,BB
243.5295112,51.5650337,58144.42135802,,,,,,,,,0000,1.0,56.33300018310547,00,1,neowise,15.302,0.181,14.537,0.265,6.0,4.1,152.55,25.417,110.35,26.911,BB
243.5294155,51.5650475,58142.72011638,,,,,,,,,0000,1.0,87.96600341796875,00,1,neowise,15.1,0.105,14.578,0.202,10.3,5.4,183.74,17.772,106.23,19.768,AB
243.5294305,51.5650474,58143.63644412,,,,,,,,,0000,1.0,70.947998046875,00,1,neowise,15.469,0.182,15.162,0.389,6.0,2.8,130.83,21.897,62.015,22.238,BC
243.5294186,51.5650655,58144.48680993,,,,,,,,,0000,1.0,57.17900085449219,00,1,neowise,15.06,0.174,14.875,0.459,6.2,2.4,190.68,30.558,80.822,34.162,BC
243.5296318,51.564997,58142.85102024,,,,,,,,,0000,1.0,117.83999633789062,00,1,neowise,15.229,0.217,14.76,0.292,5.0,3.7,163.17,32.612,89.808,24.141,BB
243.5296902,51.5649238,58142.71998902,,,,,,,,,0000,1.0,88.12000274658203,00,1,neowise,14.985,0.096,15.243,0.501,11.3,2.2,204.4,18.045,57.566,26.541,AC
243.529458,51.5649083,58144.61771375,,,,,,,,,0000,1.0,69.58699798583984,00,1,neowise,15.396,0.197,14.585,0.225,5.5,4.8,139.91,25.359,105.53,21.84,BB
243.529317,51.5651843,58675.20509116,,,,,,,,,0000,0.5,93.63300323486328,00,1,neowise,15.129,0.115,14.921,0.313,9.4,3.5,178.98,18.953,77.433,22.347,BB
243.5292269,51.5651488,59399.69757557,,,,,,,,,0000,0.5,79.24299621582031,00,1,neowise,15.112,0.113,14.648,0.304,9.6,3.6,181.87,18.939,99.544,27.859,BB
243.5291704,51.5652412,59605.7424803,,,,,,,,,0000,1.0,89.87100219726562,00,1,neowise,15.095,0.105,14.133,0.196,10.4,5.5,184.72,17.808,160.05,28.886,AB
243.5291369,51.5651885,59606.59169763,,,,,,,,,0000,1.0,61.59400177001953,00,1,neowise,14.927,0.096,14.772,0.313,11.3,3.5,215.64,19.146,88.84,25.623,AB
243.5293642,51.5652251,60132.1939984,,,,,,,,,0000,1.0,93.59500122070312,00,1,neowise,15.117,0.108,14.394,0.212,10.1,5.1,181.02,17.956,125.85,24.517,AB
243.5295576,51.5654221,60132.58314271,,,,,,,,,0000,1.0,90.63899993896484,00,1,neowise,15.139,0.112,14.976,0.347,9.7,3.1,177.28,18.29,73.652,23.546,BB
243.5294628,51.5653091,60132.51832773,,,,,,,,,0000,1.0,101.44300079345703,00,1,neowise,14.918,0.089,14.913,0.37,12.2,2.9,217.33,17.833,78.044,26.62,AC
243.5293257,51.5653826,60132.4533855,,,,,,,,,0000,1.0,114.23999786376953,00,1,neowise,14.945,0.09,14.868,0.31,12.1,3.5,212.06,17.528,81.324,23.194,AB
243.5294395,51.5652459,56680.89291655,,,,,,,,,0000,0.5,125.3219985961914,00,1,neowise,15.119,0.1,14.715,0.239,10.9,4.5,182.06,16.704,95.498,21.009,AB
243.5294912,51.5652216,56680.95887766,,,,,,,,,0000,1.0,112.18499755859375,00,1,neowise,14.89,0.088,14.357,0.173,12.3,6.3,224.82,18.317,132.76,21.175,AB
243.5293639,51.5651662,57221.53486287,,,,,,,,,0000,0.5,91.3479995727539,00,1,neowise,15.128,0.099,14.81,0.342,10.9,3.2,179.04,16.354,85.882,27.032,AB
243.5295535,51.565117,57223.30613094,,,,,,,,,0000,1.0,126.4219970703125,00,1,neowise,14.964,0.094,14.317,0.216,11.6,5.0,208.22,17.965,135.28,26.941,AB
243.5294937,51.5652046,57221.27241988,,,,,,,,,0000,1.0,120.09600067138672,00,1,neowise,14.999,0.088,14.504,0.196,12.3,5.5,201.69,16.43,113.86,20.533,AB
243.5294288,51.5652337,57222.97810902,,,,,,,,,0000,1.0,66.63700103759766,00,1,neowise,15.134,0.104,14.201,0.161,10.4,6.7,177.97,17.083,150.48,22.35,AB
243.5294355,51.5650851,57223.69973171,,,,,,,,,0000,1.0,69.6719970703125,00,1,neowise,15.17,0.104,14.731,0.276,10.5,3.9,172.23,16.433,92.412,23.465,AB
243.5294506,51.5650971,57221.73159968,,,,,,,,,0000,0.5,65.66699981689453,00,1,neowise,14.973,0.114,14.662,0.217,9.6,5.0,206.53,21.607,98.458,19.709,BB
243.5296666,51.5650797,57222.5189287,,,,,,,,,0000,1.0,93.54299926757812,00,1,neowise,14.934,0.086,14.172,0.17,12.6,6.4,214.06,16.945,154.68,24.283,AB
243.5296642,51.5650489,57221.66602071,,,,,,,,,0000,1.0,75.04100036621094,00,1,neowise,15.07,0.097,14.195,0.184,11.2,5.9,188.93,16.861,151.31,25.624,AB
243.5296555,51.5650766,57222.25648571,,,,,,,,,0000,1.0,117.0,00,1,neowise,14.938,0.113,14.572,0.211,9.6,5.1,213.2,22.195,107.0,20.802,BB
243.5296358,51.565063,57223.43728877,,,,,,,,,0000,1.0,107.64900207519531,00,1,neowise,15.095,0.194,14.451,0.199,5.6,5.5,184.53,33.007,119.57,21.936,BB
243.5296702,51.5650809,57221.99404272,,,,,,,,,0000,1.0,68.8290023803711,00,1,neowise,14.909,0.095,14.315,0.247,11.4,4.4,219.1,19.254,135.48,30.79,AB
243.5296713,51.565061,57223.04368794,,,,,,,,,0000,0.5,75.55699920654297,00,1,neowise,15.032,0.101,14.691,0.249,10.7,4.4,195.51,18.212,95.849,21.977,AB
243.529486,51.5652875,57222.12532787,,,,,,,,,0000,1.0,90.21399688720703,00,1,neowise,14.931,0.097,14.234,0.222,11.1,4.9,214.55,19.244,146.01,29.875,AB
243.5295797,51.5653333,57223.17497314,,,,,,,,,0000,1.0,100.07099914550781,00,1,neowise,15.316,0.122,14.307,0.162,8.9,6.7,150.62,16.89,136.59,20.377,BB
243.529607,51.5652846,57222.45322242,,,,,,,,,0000,0.5,104.61900329589844,00,1,neowise,15.045,0.103,14.313,0.257,10.5,4.2,193.26,18.408,135.78,32.131,AB
243.5297241,51.5652691,57222.45334978,,,,,,,,,0000,1.0,104.71800231933594,00,1,neowise,14.982,0.091,14.462,0.222,12.0,4.9,204.83,17.124,118.32,24.152,AB
243.5297538,51.5652096,57221.40370508,,,,,,,,,0000,1.0,114.4520034790039,00,1,neowise,14.703,0.081,14.296,0.169,13.5,6.4,264.79,19.676,137.88,21.402,AB
243.5296921,51.5651886,57222.84695118,,,,,,,,,0000,1.0,60.74300003051758,00,1,neowise,14.876,0.132,14.353,0.18,8.3,6.0,225.71,27.344,130.92,21.695,BB
243.5295741,51.565236,57222.71566542,,,,,,,,,0000,1.0,67.43599700927734,00,1,neowise,15.204,0.106,13.995,0.163,10.3,6.7,166.99,16.242,181.99,27.249,AB
243.5295207,51.5652468,57223.10926691,,,,,,,,,0000,0.5,86.55999755859375,00,1,neowise,15.228,0.108,14.589,0.219,10.0,4.9,163.23,16.28,105.3,21.284,AB
243.5295419,51.5651939,57222.32206463,,,,,,,,,0000,1.0,128.74000549316406,00,1,neowise,14.92,0.087,14.361,0.195,12.5,5.6,216.87,17.343,129.86,23.349,AB
243.529583,51.5652494,57221.9284638,,,,,,,,,0000,0.5,62.64099884033203,00,1,neowise,14.987,0.094,14.36,0.195,11.5,5.6,203.82,17.663,130.05,23.389,AB
243.5296092,51.5652617,57221.86288483,,,,,,,,,0000,1.0,61.125999450683594,00,1,neowise,15.065,0.111,14.16,0.169,9.8,6.4,189.69,19.453,156.34,24.329,BB
243.5296354,51.5652065,57222.78124433,,,,,,,,,0000,1.0,60.957000732421875,00,1,neowise,15.101,0.111,14.289,0.221,9.8,4.9,183.53,18.765,138.87,28.217,BB
243.5297012,51.5651441,57222.9125301,,,,,,,,,0000,0.5,61.757999420166016,00,1,neowise,14.737,0.114,14.34,0.187,9.5,5.8,256.58,27.03,132.4,22.779,BB
243.5295734,51.5651584,57223.24055201,,,,,,,,,0000,0.5,113.7760009765625,00,1,neowise,15.133,0.101,14.637,0.235,10.8,4.6,178.24,16.499,100.71,21.792,AB
243.5302686,51.5649513,57222.05962169,,,,,,,,,0000,0.5,78.12799835205078,00,1,neowise,15.059,0.114,14.938,0.318,9.5,3.4,190.86,20.09,76.377,22.356,BB
243.5292325,51.565071,57222.3876435,,,,,,,,,0000,1.0,117.7979965209961,00,1,neowise,14.822,0.106,14.127,0.165,10.2,6.6,237.3,23.175,161.23,24.516,AB
243.5294561,51.5650129,57223.37170985,,,,,,,,,0000,0.5,121.1709976196289,00,1,neowise,14.975,0.089,14.507,0.185,12.2,5.9,206.18,16.882,113.56,19.332,AB
243.5295459,51.5650488,57221.40357772,,,,,,,,,0000,1.0,114.48400115966797,00,1,neowise,15.093,0.132,14.582,0.295,8.2,3.7,184.96,22.559,105.97,28.807,BB
243.5294073,51.5649868,57222.58450757,,,,,,,,,0000,1.0,85.15399932861328,00,1,neowise,15.046,0.15,14.96,0.381,7.2,2.8,192.99,26.727,74.833,26.258,BC
243.5294514,51.5649842,57222.19090679,,,,,,,,,0000,1.0,103.53199768066406,00,1,neowise,15.13,0.113,14.509,,9.6,1.9,178.69,18.546,55.764,28.821,BU
243.5293426,51.5652352,58875.96752963,,,,,,,,,0000,1.0,123.00499725341797,00,1,neowise,15.441,0.189,15.091,0.341,5.8,3.2,134.24,23.325,66.243,20.801,BB
243.5293572,51.5654268,58875.7713011,,,,,,,,,0000,1.0,95.17900085449219,00,1,neowise,15.267,0.157,14.426,0.216,6.9,5.0,157.58,22.821,122.13,24.251,BB
243.5293969,51.5653696,58874.52848192,,,,,,,,,0000,1.0,54.52899932861328,00,1,neowise,15.157,0.102,14.442,0.183,10.6,5.9,174.44,16.438,120.42,20.255,AB
243.5294149,51.5653983,58874.65925804,,,,,,,,,0000,0.5,71.75299835205078,00,1,neowise,14.852,0.133,14.888,0.318,8.1,3.4,231.03,28.35,79.83,23.372,BB
243.5293895,51.5653403,58875.11716566,,,,,,,,,0000,1.0,89.59600067138672,00,1,neowise,15.433,0.198,14.523,0.291,5.5,3.7,135.25,24.642,111.7,29.931,BB
243.5295473,51.5651154,60342.87233536,,,,,,,,,0000,1.0,120.76899719238281,00,1,neowise,15.087,0.096,14.576,0.225,11.3,4.8,186.06,16.434,106.37,22.077,AB
243.5300315,51.5667063,59401.46222204,,,,,,,,,0000,1.0,114.13600158691406,00,1,neowise,16.278,0.259,11.508,0.033,4.2,33.2,62.117,14.814,1795.5,54.12,BA
243.5292431,51.5651055,59401.07014924,,,,,,,,,0000,0.5,72.19000244140625,00,1,neowise,15.19,0.115,14.932,0.403,9.4,2.7,169.24,17.967,76.694,28.501,BC
243.5293859,51.565228,59401.85442209,,,,,,,,,0000,1.0,61.277000427246094,00,1,neowise,15.072,0.112,14.811,0.274,9.7,4.0,188.56,19.502,85.722,21.664,BB
243.5292614,51.5652217,59400.3512,,,,,,,,,0000,1.0,123.93399810791016,00,1,neowise,15.181,0.154,14.485,,7.0,0.2,170.65,24.227,8.2866,53.74,BU
243.5295083,51.5654456,59399.95899993,,,,,,,,,0000,1.0,61.9739990234375,00,1,neowise,15.122,0.156,14.493,0.245,7.0,4.4,180.1,25.819,114.85,25.908,BB
243.5294379,51.5653238,59401.39689779,,,,,,,,,0000,0.5,127.59300231933594,00,1,neowise,15.11,0.1,14.398,0.178,10.9,6.1,182.04,16.714,125.41,20.505,AB
243.5295827,51.5655005,59401.13496417,,,,,,,,,0000,0.5,79.5770034790039,00,1,neowise,14.985,0.09,14.52,0.266,12.1,4.1,204.42,16.898,112.02,27.49,AB
243.5294477,51.5650735,59399.76302716,,,,,,,,,0000,0.5,69.63700103759766,00,1,neowise,14.985,0.092,15.047,0.497,11.8,2.2,204.4,17.392,68.96,31.572,AC
243.5294583,51.5650811,59399.89367565,,,,,,,,,0000,1.0,61.25899887084961,00,1,neowise,15.457,0.154,14.295,0.191,7.1,5.7,132.28,18.733,137.86,24.248,BB
243.5295104,51.5652092,59399.43615125,,,,,,,,,0000,1.0,119.427001953125,00,1,neowise,14.92,0.084,14.211,0.193,12.9,5.6,217.03,16.816,148.88,26.416,AB
243.5296496,51.5651345,59399.82835137,,,,,,,,,0000,0.5,62.71699905395508,00,1,neowise,14.906,0.089,14.894,0.322,12.2,3.4,219.78,17.951,79.384,23.565,AB
243.5291312,51.564987,59399.56641778,,,,,,,,,0000,0.5,94.11599731445312,00,1,neowise,15.095,0.135,14.663,,8.0,1.4,184.69,23.035,40.225,28.992,BU
243.5293739,51.565158,59970.22050542,,,,,,,,,0000,1.0,75.125,00,1,neowise,15.205,0.109,14.231,0.189,10.0,5.8,166.8,16.738,146.22,25.403,AB
243.5293482,51.5651492,59970.741191,,,,,,,,,0000,1.0,91.00800323486328,00,1,neowise,15.069,0.097,14.788,0.52,11.2,2.1,189.1,16.954,87.516,41.907,AC
243.5295004,51.5650912,59969.30914635,,,,,,,,,0000,1.0,63.08300018310547,00,1,neowise,15.137,0.112,15.252,0.477,9.7,2.3,177.66,18.322,57.104,25.063,BC
243.5295237,51.5650891,59969.82995929,,,,,,,,,0000,1.0,111.11499786376953,00,1,neowise,14.95,0.124,14.588,0.241,8.8,4.5,211.06,24.11,105.21,23.395,BB
243.5295047,51.5651361,59971.32707433,,,,,,,,,0000,1.0,60.12200164794922,00,1,neowise,15.138,0.105,14.624,,10.3,1.9,177.46,17.208,48.935,26.449,AU
243.5294869,51.5650956,59971.45721389,,,,,,,,,0000,1.0,53.724998474121094,00,1,neowise,15.085,0.107,14.872,0.352,10.1,3.1,186.39,18.426,81.003,26.285,AB
243.5293805,51.5651994,59969.9600989,,,,,,,,,0000,1.0,123.05699920654297,00,1,neowise,15.409,0.14,14.773,0.329,7.7,3.3,138.32,17.878,88.792,26.93,BB
243.5294772,51.5652263,59970.35077234,,,,,,,,,0000,1.0,56.946998596191406,00,1,neowise,15.057,0.094,14.773,0.361,11.6,3.0,191.15,16.527,88.749,29.525,AC
243.5294478,51.565109,59970.35064498,,,,,,,,,0000,1.0,57.69599914550781,00,1,neowise,15.135,0.124,14.449,0.188,8.7,5.8,178.03,20.412,119.61,20.702,BB
243.5293854,51.565146,59971.00159814,,,,,,,,,0000,1.0,112.84500122070312,00,1,neowise,15.153,0.103,14.704,0.272,10.6,4.0,175.12,16.543,94.554,23.691,AB
243.529774,51.5651423,59969.43928601,,,,,,,,,0000,1.0,53.80400085449219,00,1,neowise,15.269,0.128,15.107,0.377,8.5,2.9,157.34,18.502,65.245,22.677,BC
243.5298486,51.5651025,59970.48091189,,,,,,,,,0000,1.0,54.0880012512207,00,1,neowise,15.319,0.126,14.41,0.315,8.6,3.4,150.17,17.386,123.96,36.009,BB
243.5295722,51.5653447,59970.54585435,,,,,,,,,0000,0.5,58.06100082397461,00,1,neowise,15.064,0.094,15.271,0.503,11.5,2.2,190.05,16.481,56.081,26.002,AC
243.5295444,51.5652805,59970.93640095,,,,,,,,,0000,1.0,128.822998046875,00,1,neowise,15.182,0.128,14.801,0.273,8.5,4.0,170.5,20.067,86.513,21.735,BB
243.529631,51.5652832,59970.93652831,,,,,,,,,0000,0.5,128.6540069580078,00,1,neowise,15.149,0.117,15.297,0.538,9.3,2.0,175.7,18.888,54.784,27.172,BC
243.5296654,51.5652663,59971.06666791,,,,,,,,,0000,1.0,98.37899780273438,00,1,neowise,15.245,0.121,14.606,0.234,9.0,4.6,160.9,17.962,103.48,22.289,BB
243.529503,51.565241,59970.09023851,,,,,,,,,0000,1.0,94.12100219726562,00,1,neowise,14.989,0.089,14.328,0.29,12.3,3.7,203.68,16.618,133.66,35.699,AB
243.5299556,51.5650106,59969.76476216,,,,,,,,,0000,0.5,96.27999877929688,00,1,neowise,15.123,0.101,14.574,0.242,10.8,4.5,179.98,16.663,106.58,23.796,AB
243.5293196,51.5650733,59969.56955282,,,,,,,,,0000,1.0,60.0890007019043,00,1,neowise,15.03,0.094,14.561,0.262,11.6,4.1,196.13,16.976,107.92,26.088,AB
243.5294613,51.5650151,59970.41584212,,,,,,,,,0000,0.5,53.22600173950195,00,1,neowise,15.017,0.093,14.561,0.263,11.7,4.1,198.44,16.966,107.94,26.168,AB
243.5294575,51.5650506,59971.13173773,,,,,,,,,0000,1.0,86.11000061035156,00,1,neowise,14.979,0.091,14.721,0.342,11.9,3.2,205.43,17.264,93.079,29.349,AB
243.52957,51.5649982,59970.80626082,,,,,,,,,0000,0.5,105.5260009765625,00,1,neowise,15.173,0.149,14.029,,7.3,1.3,171.8,23.622,70.48,52.838,BU
243.5294965,51.5651226,57228.02959634,,,,,,,,,0000,1.0,72.13999938964844,00,1,neowise,14.888,0.085,14.609,0.205,12.8,5.3,223.39,17.419,103.33,19.505,AB
243.529366,51.5652027,57945.40317883,,,,,,,,,0000,1.0,121.63600158691406,00,1,neowise,15.065,0.096,14.696,0.259,11.4,4.2,189.81,16.716,95.294,22.694,AB
243.5292884,51.5652441,57945.01034196,,,,,,,,,0000,0.5,65.49400329589844,00,1,neowise,15.043,0.119,14.9,0.423,9.1,2.6,193.77,21.296,78.983,30.761,BC
243.5294328,51.5654873,57944.87944458,,,,,,,,,0000,1.0,59.69200134277344,00,1,neowise,15.031,0.151,14.81,0.303,7.2,3.6,195.89,27.188,85.81,23.956,BB
243.5294164,51.5653005,57944.68296235,,,,,,,,,0000,0.5,76.72799682617188,00,1,neowise,15.101,0.154,14.529,0.28,7.0,3.9,183.57,26.105,111.17,28.664,BB
243.528994,51.5649881,58305.79796289,,,,,,,,,0000,0.5,64.83499908447266,00,1,neowise,15.289,0.116,14.849,0.314,9.4,3.5,154.39,16.442,82.748,23.932,BB
243.529121,51.5651513,58305.66705975,,,,,,,,,0000,1.0,82.25800323486328,00,1,neowise,15.226,0.131,14.624,,8.3,0.9,163.71,19.693,31.982,34.899,BU
243.5286704,51.5655805,58304.42322495,,,,,,,,,0000,1.0,120.03600311279297,00,1,neowise,15.645,0.176,14.677,,6.2,2.0,111.29,17.999,48.416,24.251,BU
243.5293124,51.5651447,58670.10330422,,,,,,,,,0000,1.0,77.22899627685547,00,1,neowise,15.099,0.1,14.846,0.318,10.9,3.4,183.96,16.944,82.975,24.321,AB
243.5293615,51.5651553,58670.49524966,,,,,,,,,0000,1.0,106.7030029296875,00,1,neowise,15.329,0.118,15.221,0.506,9.2,2.1,148.88,16.2,58.775,27.393,BC
243.5295388,51.5651553,58669.90707677,,,,,,,,,0000,0.5,61.84700012207031,00,1,neowise,15.249,0.109,14.638,0.233,9.9,4.7,160.19,16.121,100.49,21.558,BB
243.5294593,51.5651325,58668.79503644,,,,,,,,,0000,1.0,65.68099975585938,00,1,neowise,15.023,0.091,14.772,0.268,12.0,4.1,197.28,16.479,88.811,21.884,AB
243.5294717,51.5651554,58668.86036067,,,,,,,,,0000,1.0,61.297000885009766,00,1,neowise,15.168,0.131,14.957,0.314,8.3,3.5,172.6,20.82,74.925,21.683,BB
243.5294826,51.5651387,58669.51411257,,,,,,,,,0000,1.0,103.13999938964844,00,1,neowise,15.133,0.122,14.447,0.254,8.9,4.3,178.25,20.075,119.89,28.064,BB
243.5294564,51.5651641,58670.36498313,,,,,,,,,0000,1.0,126.5469970703125,00,1,neowise,15.263,0.113,14.702,0.337,9.6,3.2,158.22,16.54,94.775,29.395,BB
243.5298916,51.5651084,58669.57943681,,,,,,,,,0000,1.0,91.50599670410156,00,1,neowise,15.283,0.203,14.829,0.318,5.4,3.4,155.23,28.982,84.28,24.689,BB
243.5296282,51.5650575,58669.84162517,,,,,,,,,0000,1.0,61.8120002746582,00,1,neowise,15.318,0.117,14.76,0.364,9.3,3.0,150.36,16.24,89.851,30.089,BC
243.5296162,51.5653084,58668.46790521,,,,,,,,,0000,1.0,112.56199645996094,00,1,neowise,14.985,0.131,14.609,0.248,8.3,4.4,204.42,24.735,103.21,23.612,BB
243.5296356,51.5653099,58668.20584431,,,,,,,,,0000,0.5,94.71199798583984,00,1,neowise,15.019,0.097,14.805,,11.2,1.9,198.1,17.714,41.479,22.359,AU
243.5296538,51.5652821,58668.66413266,,,,,,,,,0000,1.0,83.13700103759766,00,1,neowise,15.491,0.145,14.697,0.267,7.5,4.1,128.18,17.123,95.22,23.38,BB
243.5296572,51.5653094,58669.77617356,,,,,,,,,0000,1.0,67.27799987792969,00,1,neowise,15.264,0.112,14.977,0.421,9.7,2.6,158.06,16.293,73.578,28.558,BC
243.5297186,51.5651491,58669.71084933,,,,,,,,,0000,0.5,77.05799865722656,00,1,neowise,15.246,0.113,14.954,0.292,9.6,3.7,160.67,16.754,75.143,20.241,BB
243.5294933,51.5652706,58668.99126388,,,,,,,,,0000,0.5,64.08499908447266,00,1,neowise,15.205,0.121,14.55,0.218,9.0,5.0,166.9,18.597,108.98,21.92,BB
243.5296084,51.5652421,58669.05671553,,,,,,,,,0000,1.0,71.23200225830078,00,1,neowise,15.235,0.102,14.9,0.268,10.7,4.0,162.36,15.179,78.988,19.531,AB
243.5295947,51.5651974,58668.92581228,,,,,,,,,0000,1.0,62.14899826049805,00,1,neowise,15.169,0.106,15.202,0.515,10.2,2.1,172.46,16.887,59.799,28.376,AC
243.530003,51.5650059,58670.16824641,,,,,,,,,0000,0.5,86.7020034790039,00,1,neowise,15.612,0.222,15.231,0.403,4.9,2.7,114.68,23.397,58.223,21.586,BC
243.5298818,51.5652332,58669.31826712,,,,,,,,,0D00,0.5,118.30400085449219,00,1,neowise,15.393,0.18,14.803,,6.0,-30.4,140.39,23.237,-1314.3,43.178,BU
243.5293801,51.5650539,58669.38371873,,,,,,,,,0000,0.5,128.83999633789062,00,1,neowise,15.475,0.149,14.885,0.35,7.3,3.1,130.07,17.894,80.082,25.845,BB
243.5294217,51.5649196,58668.59880841,,,,,,,,,0000,1.0,90.7760009765625,00,1,neowise,15.179,0.104,14.517,0.26,10.4,4.2,170.86,16.406,112.38,26.961,AB
243.5294908,51.5650555,58668.72958426,,,,,,,,,0000,1.0,74.25499725341797,00,1,neowise,15.42,0.161,14.418,0.265,6.8,4.1,136.83,20.264,123.06,30.089,BB
243.5303859,51.5648334,58670.23357071,,,,,,,,,0000,0.5,100.22799682617188,00,1,neowise,16.047,0.232,15.441,0.527,4.7,2.1,76.805,16.418,47.989,23.284,BC
243.5297463,51.5645992,58668.33712942,,,,,,,,,0000,1.0,121.68599700927734,00,1,neowise,15.413,0.14,14.293,,7.7,1.6,137.81,17.792,61.383,38.343,BU
243.5292885,51.565257,59763.91091132,,,,,,,,,0000,1.0,63.15999984741211,00,1,neowise,15.08,0.145,14.37,0.221,7.5,4.9,187.26,24.956,128.6,26.209,BB
243.5293189,51.5651679,59970.09036587,,,,,,,,,0000,1.0,93.5260009765625,00,1,neowise,15.322,0.176,14.585,0.229,6.2,4.8,149.88,24.352,105.51,22.21,BB
243.5292616,51.5651283,59971.58748084,,,,,,,,,0000,1.0,62.11899948120117,00,1,neowise,15.263,0.122,14.63,0.246,8.9,4.4,158.18,17.791,101.24,22.963,BB
243.5293242,51.5653001,59970.02516868,,,,,,,,,0000,1.0,107.71499633789062,00,1,neowise,15.244,0.124,14.403,0.188,8.8,5.8,161.04,18.391,124.76,21.559,BB
243.5295317,51.5654101,59970.61092413,,,,,,,,,0000,0.5,66.48300170898438,00,1,neowise,15.342,0.137,15.18,0.377,7.9,2.9,147.12,18.589,61.005,21.209,BC
243.5292526,51.5654621,59970.67612122,,,,,,,,,0000,0.5,77.2490005493164,00,1,neowise,15.664,0.237,14.628,,4.6,1.2,109.3,23.901,38.684,31.396,BU
243.5293465,51.5653512,59969.69969238,,,,,,,,,0000,1.0,82.072998046875,00,1,neowise,15.013,0.09,14.217,0.164,12.0,6.6,199.13,16.558,148.07,22.334,AB
243.52938,51.5653113,59970.2855752,,,,,,,,,0000,0.5,67.03800201416016,00,1,neowise,15.042,0.098,14.453,0.23,11.1,4.7,193.92,17.431,119.23,25.265,AB
243.5293124,51.5653877,59971.26187719,,,,,,,,,0000,0.5,70.37200164794922,00,1,neowise,15.137,0.126,14.566,0.246,8.6,4.4,177.62,20.571,107.36,24.349,BB
243.5296028,51.5655415,59970.87133112,,,,,,,,,0000,0.5,121.13899993896484,00,1,neowise,15.128,0.103,14.697,0.512,10.6,2.1,179.2,16.951,95.191,44.873,AC
243.5293625,51.5652203,60496.22153102,,,,,,,,,0000,1.0,96.88099670410156,00,1,neowise,15.168,0.128,14.751,,8.5,-0.3,172.71,20.391,-14.427,45.285,BU
243.5294598,51.5653533,60495.64723745,,,,,,,,,0000,1.0,83.9520034790039,00,1,neowise,15.041,0.123,14.887,0.43,8.8,2.5,194.11,22.038,79.913,31.639,BC
243.5293715,51.5651689,60495.20028124,,,,,,,,,0000,1.0,92.40799713134766,00,1,neowise,15.018,0.14,14.844,0.465,7.7,2.3,198.17,25.608,83.148,35.614,BC
243.5293455,51.5651653,60495.26471419,,,,,,,,,0000,1.0,106.54000091552734,00,1,neowise,14.994,0.094,14.608,,11.6,1.2,202.6,17.463,38.416,32.45,AU
243.5297326,51.5653423,60495.39243396,,,,,,,,,0000,0.5,127.7699966430664,00,1,neowise,15.134,0.114,13.575,0.395,9.5,2.7,178.21,18.775,267.62,97.458,BC
243.5296045,51.5650845,60495.32851037,,,,,,,,,0000,1.0,118.77400207519531,00,1,neowise,15.089,0.126,14.479,0.389,8.6,2.8,185.6,21.54,116.4,41.673,BC
243.5296571,51.5651555,60494.94535101,,,,,,,,,0000,0.5,63.75699996948242,00,1,neowise,15.928,0.306,14.441,0.263,3.5,4.1,85.713,24.193,120.53,29.149,BB
243.529675,51.5651613,60495.45623018,,,,,,,,,0000,1.0,116.15899658203125,00,1,neowise,15.16,0.161,14.496,0.484,6.8,2.2,173.92,25.755,114.5,51.058,BC
243.5298155,51.5646763,60494.81763113,,,,,,,,,0000,0.5,65.22699737548828,00,1,neowise,14.851,0.112,14.221,,9.7,2.0,231.12,23.745,72.926,37.354,BU
243.5293408,51.5651362,56862.82366256,,,,,,,,,0000,1.0,60.29600143432617,00,1,neowise,14.964,0.112,14.597,0.261,9.7,4.2,208.07,21.412,104.23,25.056,BB
243.5294986,51.5650912,56863.2841159,,,,,,,,,0000,1.0,125.15599822998047,00,1,neowise,15.183,0.123,14.146,0.219,8.8,5.0,170.09,19.236,157.93,31.887,BB
243.5295547,51.565051,56863.61302895,,,,,,,,,0000,1.0,79.875,00,1,neowise,14.875,0.088,14.714,0.251,12.3,4.3,225.92,18.348,93.538,21.658,AB
243.5294206,51.565192,56863.34994946,,,,,,,,,0000,1.0,122.7239990234375,00,1,neowise,15.053,0.092,14.793,0.219,11.8,5.0,191.65,16.277,86.981,17.521,AB
243.5294409,51.565232,56864.20514892,,,,,,,,,0000,1.0,109.33300018310547,00,1,neowise,15.015,0.135,15.028,0.399,8.0,2.7,198.65,24.693,70.074,25.727,BC
243.5294581,51.565102,56863.87623583,,,,,,,,,0000,0.5,60.84199905395508,00,1,neowise,15.035,0.118,14.734,0.236,9.2,4.6,194.87,21.161,91.863,19.973,BB
243.5294388,51.5651241,56863.74456874,,,,,,,,,0000,1.0,62.12900161743164,00,1,neowise,15.274,0.114,14.833,0.262,9.6,4.1,156.47,16.374,83.887,20.243,BB
243.5294589,51.5651263,56863.54719544,,,,,,,,,0000,0.5,86.94599914550781,00,1,neowise,14.994,0.11,15.048,0.397,9.8,2.7,202.34,20.581,68.825,25.147,BC
243.529686,51.5650352,56863.54732275,,,,,,,,,0000,1.0,87.4540023803711,00,1,neowise,15.008,0.096,14.064,0.155,11.3,7.0,199.8,17.619,170.36,24.379,AB
243.5296639,51.5650469,56862.9552023,,,,,,,,,0000,1.0,65.37300109863281,00,1,neowise,15.001,0.145,14.215,0.247,7.5,4.4,201.12,26.787,148.18,33.762,BB
243.5298214,51.5650632,56864.07348186,,,,,,,,,0000,0.5,82.08599853515625,00,1,neowise,15.071,0.1,14.9,0.306,10.9,3.5,188.63,17.376,78.874,22.264,AB
243.529578,51.5652917,56864.73143521,,,,,,,,,0000,1.0,63.4739990234375,00,1,neowise,15.214,0.176,14.525,0.192,6.2,5.7,165.3,26.757,111.35,19.658,BB
243.5296094,51.5652788,56864.00777563,,,,,,,,,0000,1.0,72.13899993896484,00,1,neowise,15.087,0.096,14.778,0.274,11.3,4.0,185.8,16.38,88.248,22.273,AB
243.5297794,51.5652433,56864.40252216,,,,,,,,,0000,1.0,111.75499725341797,00,1,neowise,15.303,0.161,14.283,0.153,6.8,7.1,152.33,22.538,139.16,19.633,BB
243.5296942,51.5652257,56863.41565569,,,,,,,,,0000,1.0,109.06700134277344,00,1,neowise,15.119,0.122,14.447,0.3,8.9,3.6,180.42,20.218,119.68,33.03,BB
243.5297935,51.5651979,56863.15257565,,,,,,,,,0000,1.0,98.31400299072266,00,1,neowise,15.099,0.096,14.218,0.235,11.3,4.6,183.79,16.198,147.79,32.053,AB
243.5295196,51.5652652,56864.33668862,,,,,,,,,0000,1.0,125.71199798583984,00,1,neowise,15.007,0.129,14.571,0.256,8.4,4.2,199.95,23.765,106.78,25.213,BB
243.5295659,51.565221,56863.08674209,,,,,,,,,0000,1.0,85.01300048828125,00,1,neowise,15.297,0.149,14.747,0.273,7.3,4.0,153.11,21.053,90.808,22.816,BB
243.5295953,51.565222,56863.81040229,,,,,,,,,0000,1.0,59.69599914550781,00,1,neowise,14.892,0.083,14.469,0.231,13.0,4.7,222.4,17.08,117.22,24.956,AB
243.5295625,51.5651463,56864.27085507,,,,,,,,,0000,1.0,122.85900115966797,00,1,neowise,15.153,0.107,15.08,0.343,10.1,3.2,174.93,17.239,66.775,21.112,AB
243.5295957,51.5650672,56864.13931542,,,,,,,,,0000,1.0,95.25499725341797,00,1,neowise,15.035,0.09,14.37,0.194,12.1,5.6,194.85,16.154,128.42,22.953,AB
243.5296058,51.5651011,56864.46822836,,,,,,,,,0000,1.0,98.98300170898438,00,1,neowise,15.319,0.117,14.348,0.207,9.3,5.2,150.09,16.142,131.09,24.975,BB
243.5296047,51.5651683,56864.59976806,,,,,,,,,0000,1.0,81.0199966430664,00,1,neowise,15.153,0.1,14.867,0.285,10.9,3.8,174.84,16.067,81.242,21.33,AB
243.5298463,51.5652951,56862.56045572,,,,,,,,,0000,0.5,86.25399780273438,00,1,neowise,14.73,0.096,14.437,0.249,11.3,4.4,258.16,22.778,120.77,27.753,AB
243.529989,51.5650205,56863.48148925,,,,,,,,,0000,1.0,96.83999633789062,00,1,neowise,15.039,0.107,14.212,0.169,10.2,6.4,194.25,19.084,148.6,23.133,AB
243.5292715,51.5649471,56863.02090854,,,,,,,,,0000,1.0,73.88700103759766,00,1,neowise,15.191,0.124,14.515,0.277,8.8,3.9,168.77,19.235,112.43,28.671,BB
243.5294895,51.5649603,56864.862975,,,,,,,,,0000,1.0,59.994998931884766,00,1,neowise,15.256,0.11,14.251,0.262,9.8,4.1,158.98,16.162,143.4,34.653,BB
243.5294515,51.5650368,56862.69199541,,,,,,,,,0000,1.0,68.81099700927734,00,1,neowise,15.135,0.121,14.856,0.273,9.0,4.0,177.84,19.856,82.076,20.621,BB
243.5294815,51.5649766,56863.21828245,,,,,,,,,0000,0.5,112.11699676513672,00,1,neowise,15.05,0.207,14.751,0.239,5.3,4.5,192.21,36.596,90.435,19.892,BB
243.5294314,51.5650433,56863.02103586,,,,,,,,,0000,1.0,74.3479995727539,00,1,neowise,15.099,0.135,14.777,0.3,8.0,3.6,183.81,22.932,88.291,24.42,BB
243.529413,51.5650317,56863.6788625,,,,,,,,,0000,1.0,70.57499694824219,00,1,neowise,14.582,0.114,14.529,0.2,9.5,5.4,295.97,31.07,110.98,20.44,BB
243.5295365,51.5649312,56863.94194203,,,,,,,,,0000,1.0,63.59600067138672,00,1,neowise,15.222,0.121,14.565,0.209,9.0,5.2,164.08,18.332,107.35,20.682,BB
243.5286105,51.5650769,59035.66125653,,,,,,,,,0000,0.0,81.75,00,1,neowise,14.527,0.115,15.099,0.455,9.4,2.4,311.64,32.994,65.709,27.517,BC
243.5292008,51.5651165,59036.38046072,,,,,,,,,0000,1.0,130.22000122070312,00,1,neowise,15.29,0.127,15.046,,8.5,0.7,154.31,18.087,17.603,25.696,BU
243.5292092,51.5651527,59036.77291568,,,,,,,,,0000,0.5,66.4229965209961,00,1,neowise,15.179,0.11,14.089,0.26,9.9,4.2,170.97,17.303,166.59,39.819,BB
243.5293536,51.5651171,58874.46303022,,,,,,,,,0000,1.0,53.40999984741211,00,1,neowise,15.475,0.139,15.04,0.362,7.8,3.0,130.17,16.704,69.388,23.142,BC
243.5293045,51.5651404,58874.9209377,,,,,,,,,0000,1.0,131.22799682617188,00,1,neowise,15.031,0.093,15.23,0.463,11.6,2.3,195.91,16.862,58.254,24.827,AC
243.5295013,51.5652139,58873.93979817,,,,,,,,,0000,1.0,130.08700561523438,00,1,neowise,15.263,0.12,14.656,0.231,9.0,4.7,158.16,17.53,98.836,21.069,BB
243.5294116,51.5652056,58875.70584936,,,,,,,,,0000,0.5,80.99500274658203,00,1,neowise,15.348,0.158,14.841,,6.9,0.8,146.31,21.296,23.1,30.136,BU
243.5294492,51.5650983,58874.59393366,,,,,,,,,0000,1.0,61.4370002746582,00,1,neowise,15.089,0.112,14.546,0.366,9.7,3.0,185.73,19.141,109.38,36.921,BC
243.5294103,51.5651526,58875.31339362,,,,,,,,,0000,0.0,63.10499954223633,00,1,neowise,15.264,0.139,14.8,,7.8,1.6,158.1,20.202,38.517,24.023,BU
243.5294308,51.5651357,58875.37884532,,,,,,,,,0000,1.0,54.185001373291016,00,1,neowise,15.174,0.112,14.898,,9.7,0.5,171.71,17.714,14.913,32.087,BU
243.5294195,51.5651249,58875.8366261,,,,,,,,,0000,0.5,110.47799682617188,00,1,neowise,15.391,0.167,14.373,0.239,6.5,4.6,140.63,21.681,128.28,28.19,BB
243.5298555,51.5651568,58874.65938536,,,,,,,,,0000,1.0,71.38200378417969,00,1,neowise,15.07,0.129,14.771,0.277,8.4,3.9,188.97,22.536,88.937,22.658,BB
243.5298659,51.5651404,58875.05171392,,,,,,,,,0000,1.0,103.30799865722656,00,1,neowise,15.176,0.107,14.377,0.336,10.1,3.2,171.35,16.889,127.82,39.605,AB
243.5297916,51.5651835,58875.24794183,,,,,,,,,0000,0.5,72.23600006103516,00,1,neowise,15.18,0.167,14.601,,6.5,1.7,170.76,26.227,48.128,27.95,BU
243.529647,51.5650775,58874.98638949,,,,,,,,,0000,1.0,118.4729995727539,00,1,neowise,15.345,0.124,14.338,,8.8,1.5,146.64,16.71,56.348,38.103,BU
243.529777,51.5650407,58875.64039762,,,,,,,,,0000,1.0,68.23200225830078,00,1,neowise,15.803,0.274,14.411,0.227,4.0,4.8,96.164,24.302,123.93,25.947,BB
243.529624,51.5653832,58874.3977058,,,,,,,,,0000,0.5,53.249000549316406,00,1,neowise,14.976,0.095,15.162,0.396,11.4,2.7,206.0,18.034,62.02,22.612,AC
243.5297292,51.5652728,58874.72470978,,,,,,,,,0000,1.0,85.19499969482422,00,1,neowise,15.105,0.106,15.203,0.538,10.2,2.0,183.01,17.882,59.744,29.612,AC
243.5296365,51.5653201,58876.22908193,,,,,,,,,0000,1.0,74.15899658203125,00,1,neowise,15.477,0.135,14.478,0.204,8.0,5.3,129.84,16.179,116.47,21.911,BB
243.5296036,51.5652315,58874.79016157,,,,,,,,,0000,1.0,99.51300048828125,00,1,neowise,15.031,0.096,14.575,0.384,11.4,2.8,195.94,17.236,106.53,37.699,AC
243.5295517,51.5652559,58875.77117378,,,,,,,,,0000,0.5,95.37899780273438,00,1,neowise,15.296,0.147,14.756,0.287,7.4,3.8,153.5,20.72,90.189,23.867,BB
243.5296298,51.5651196,58874.332254,,,,,,,,,0000,1.0,60.38800048828125,00,1,neowise,15.177,0.119,14.476,0.235,9.1,4.6,171.15,18.719,116.71,25.26,BB
243.5296304,51.5650814,58875.57507329,,,,,,,,,0000,0.5,58.54399871826172,00,1,neowise,15.307,0.115,14.903,,9.5,1.9,151.86,16.066,38.728,20.008,BU
243.5296911,51.5651603,58875.44416979,,,,,,,,,0000,1.0,52.76100158691406,00,1,neowise,15.034,0.115,15.312,0.467,9.4,2.3,195.36,20.739,54.016,23.24,BC
243.5294265,51.5646905,58874.07070166,,,,,,,,,0000,1.0,98.91400146484375,00,1,neowise,15.464,0.16,14.827,0.283,6.8,3.8,131.41,19.326,84.457,21.999,BB
243.529301,51.5650863,58876.09830586,,,,,,,,,0000,1.0,93.12300109863281,00,1,neowise,15.206,0.106,14.707,0.285,10.2,3.8,166.69,16.298,94.282,24.71,AB
243.5300147,51.5646592,58874.26692957,,,,,,,,,0000,0.5,69.80400085449219,00,1,neowise,14.726,0.146,15.017,0.334,7.4,3.2,259.5,34.834,70.89,21.824,BB
243.529153,51.5650618,59239.94848608,,,,,,,,,0000,0.5,128.52999877929688,00,1,neowise,15.372,0.139,14.6,0.443,7.8,2.5,143.12,18.271,104.1,42.474,BC
243.5293381,51.5651423,59400.28587576,,,,,,,,,0000,1.0,111.4540023803711,00,1,neowise,15.021,0.095,14.868,0.457,11.5,2.4,197.67,17.219,81.35,34.229,AC
243.5293257,51.5651402,59401.2002884,,,,,,,,,0000,1.0,92.4280014038086,00,1,neowise,15.185,0.118,14.469,0.258,9.2,4.2,169.98,18.399,117.39,27.918,BB
243.5295129,51.5651405,59400.21991485,,,,,,,,,0000,0.5,96.72599792480469,00,1,neowise,15.007,0.101,14.474,0.197,10.7,5.5,200.32,18.66,116.86,21.196,AB
243.5295932,51.5650438,59400.54679072,,,,,,,,,0000,1.0,97.38999938964844,00,1,neowise,14.795,0.12,14.659,0.359,9.0,3.0,243.34,26.992,98.565,32.591,BC
243.529507,51.565154,59400.41652424,,,,,,,,,0000,1.0,123.49299621582031,00,1,neowise,15.289,0.136,15.349,0.529,8.0,2.1,154.46,19.361,52.199,25.43,BC
243.5297873,51.5651069,59400.74327274,,,,,,,,,0000,1.0,72.1780014038086,00,1,neowise,15.192,0.109,14.679,0.406,10.0,2.7,168.82,16.959,96.81,36.225,AC
243.5298032,51.5652488,59400.67794851,,,,,,,,,0000,1.0,81.677001953125,00,1,neowise,15.053,0.128,14.768,0.342,8.5,3.2,192.02,22.635,89.134,28.055,BB
243.5296799,51.5653376,59401.26612196,,,,,,,,,0000,0.5,107.30000305175781,00,1,neowise,15.505,0.203,15.133,0.426,5.3,2.6,126.63,23.706,63.736,24.987,BC
243.5295672,51.5652265,59400.15459066,,,,,,,,,0000,0.5,83.3479995727539,00,1,neowise,15.156,0.118,14.884,0.44,9.2,2.5,174.62,18.931,80.1,32.448,BC
243.5295035,51.5652696,59400.80872487,,,,,,,,,0000,0.5,64.09600067138672,00,1,neowise,15.18,0.108,15.216,0.504,10.1,2.2,170.74,16.986,59.038,27.406,AC
243.5295288,51.5651868,59400.87404916,,,,,,,,,0000,1.0,60.87900161743164,00,1,neowise,15.04,0.091,14.297,0.187,11.9,5.8,194.26,16.269,137.56,23.746,AB
243.5295613,51.565139,59400.02445154,,,,,,,,,0000,0.5,66.71099853515625,00,1,neowise,15.014,0.158,14.909,0.321,6.9,3.4,199.02,29.014,78.289,23.168,BB
243.5296372,51.5650823,59401.72364631,,,,,,,,,0000,1.0,75.06300354003906,00,1,neowise,15.052,0.096,14.652,0.248,11.3,4.4,192.2,17.045,99.237,22.656,AB
243.5296767,51.5651927,59400.48146648,,,,,,,,,0000,1.0,110.0790023803711,00,1,neowise,15.239,0.111,14.534,,9.8,1.9,161.78,16.523,53.473,28.558,BU
243.529249,51.565032,59400.48133912,,,,,,,,,0000,1.0,110.02100372314453,00,1,neowise,15.046,0.107,14.766,0.331,10.1,3.3,193.12,19.041,89.323,27.267,AB
243.5291212,51.5649873,59400.93937345,,,,,,,,,0000,1.0,61.52399826049805,00,1,neowise,15.473,0.136,13.692,,8.0,1.9,130.4,16.359,117.67,61.32,BU
243.5295279,51.565049,59400.61262427,,,,,,,,,0000,0.0,88.98799896240234,00,1,neowise,15.024,0.12,14.404,0.207,9.1,5.2,197.05,21.712,124.68,23.776,BB
243.5295464,51.5650372,59401.00469769,,,,,,,,,0000,1.0,63.94200134277344,00,1,neowise,15.211,0.106,14.413,0.21,10.2,5.2,165.9,16.242,123.7,23.871,AB
243.529416,51.5649758,59401.59299787,,,,,,,,,0000,0.0,91.36199951171875,00,1,neowise,15.027,0.12,15.231,0.538,9.0,2.0,196.62,21.734,58.188,28.851,BC
243.5296939,51.5649833,59400.08977573,,,,,,,,,0000,0.5,75.05000305175781,00,1,neowise,14.967,0.138,14.933,0.393,7.9,2.8,207.76,26.327,76.592,27.751,BC
243.5292474,51.5650821,59763.7803901,,,,,,,,,0000,0.5,67.30400085449219,00,1,neowise,14.919,0.146,14.399,0.24,7.4,4.5,217.11,29.296,125.28,27.745,BB
243.5293858,51.565327,56862.8893688,,,,,,,,,0000,0.5,60.70399856567383,00,1,neowise,15.228,0.105,15.002,0.356,10.4,3.0,163.21,15.749,71.745,23.549,AC
243.5295179,51.5655411,56864.4023948,,,,,,,,,0000,0.5,111.74099731445312,00,1,neowise,14.638,0.185,15.074,0.328,5.9,3.3,280.9,47.964,67.164,20.311,BB
243.5294565,51.5651446,57419.07958914,,,,,,,,,0000,0.5,91.98999786376953,00,1,neowise,15.102,0.098,14.616,0.283,11.1,3.8,183.6,16.588,102.39,26.697,AB
243.5295773,51.5649745,57419.01400987,,,,,,,,,0000,1.0,104.14800262451172,00,1,neowise,15.181,0.119,14.479,0.286,9.1,3.8,170.83,18.755,116.09,30.558,BB
243.5294008,51.5651041,57580.86701655,,,,,,,,,0000,1.0,61.19200134277344,00,1,neowise,14.997,0.087,14.439,0.266,12.4,4.1,202.37,16.261,120.79,29.577,AB
243.529386,51.5650833,57581.98071281,,,,,,,,,0000,1.0,64.88700103759766,00,1,neowise,15.319,0.117,14.749,0.364,9.3,3.0,150.34,16.22,90.796,30.466,BC
243.5295399,51.5651532,57580.53937644,,,,,,,,,0000,1.0,93.03600311279297,00,1,neowise,15.146,0.109,14.695,0.288,9.9,3.8,176.39,17.733,95.371,25.324,BB
243.5295507,51.5650817,57583.15998791,,,,,,,,,0000,0.5,93.25399780273438,00,1,neowise,15.025,0.087,14.713,0.242,12.5,4.5,197.11,15.712,93.813,20.903,AB
243.5294332,51.5650766,57583.61853167,,,,,,,,,0000,1.0,82.5469970703125,00,1,neowise,15.144,0.149,14.553,0.201,7.3,5.4,176.69,24.214,108.71,20.149,BB
243.5295475,51.5650929,57584.01162344,,,,,,,,,0000,1.0,68.0739974975586,00,1,neowise,14.987,0.107,14.712,0.381,10.2,2.8,204.19,20.063,93.896,32.984,AC
243.5294992,51.5651882,57581.12907775,,,,,,,,,0000,1.0,87.60900115966797,00,1,neowise,15.198,0.108,14.873,0.288,10.0,3.8,168.08,16.754,80.994,21.504,AB
243.5294642,51.5652355,57583.94617183,,,,,,,,,0000,1.0,61.77000045776367,00,1,neowise,15.01,0.089,14.669,0.295,12.2,3.7,199.95,16.368,97.718,26.521,AB
243.5294225,51.5652164,57584.20823299,,,,,,,,,0000,1.0,103.31500244140625,00,1,neowise,14.987,0.09,14.901,0.347,12.0,3.1,204.13,17.007,78.949,25.223,AB
243.5294454,51.5651767,57581.39113885,,,,,,,,,0000,0.5,120.54499816894531,00,1,neowise,15.494,0.134,14.298,,8.1,1.6,128.01,15.825,61.454,38.034,BU
243.5293773,51.5651661,57583.42204953,,,,,,,,,0000,0.5,114.20999908447266,00,1,neowise,15.355,0.158,14.142,0.183,6.9,5.9,145.48,21.119,158.83,26.725,BB
243.5296765,51.5650807,57581.58762104,,,,,,,,,0000,0.5,86.66200256347656,00,1,neowise,15.013,0.11,15.016,,9.8,-1.8,199.41,20.276,-62.314,35.508,BU
243.5296879,51.5650559,57581.9152612,,,,,,,,,0000,1.0,61.558998107910156,00,1,neowise,15.127,0.11,15.079,0.31,9.9,3.5,179.55,18.135,66.955,19.118,BB
243.5296717,51.5650822,57583.29101895,,,,,,,,,0000,0.5,120.53700256347656,00,1,neowise,15.07,0.109,14.396,0.195,10.0,5.6,189.17,18.919,125.62,22.587,AB
243.5297671,51.5650147,57584.14265406,,,,,,,,,0000,1.0,89.43099975585938,00,1,neowise,15.004,0.146,14.112,0.186,7.4,5.8,200.95,27.012,163.25,28.021,BB
243.5297781,51.565101,57580.67040701,,,,,,,,,0000,1.0,76.96700286865234,00,1,neowise,15.176,0.125,14.321,0.203,8.7,5.4,171.54,19.702,134.62,25.15,BB
243.5294857,51.5652906,57580.27731528,,,,,,,,,0000,0.5,117.75399780273438,00,1,neowise,15.099,0.096,14.533,0.26,11.3,4.2,184.12,16.34,110.71,26.464,AB
243.5297332,51.5653137,57581.52216939,,,,,,,,,0000,0.5,95.68299865722656,00,1,neowise,15.13,0.098,14.66,0.249,11.0,4.4,179.05,16.226,98.541,22.579,AB
243.5296872,51.5652569,57581.65319997,,,,,,,,,0000,0.5,79.55999755859375,00,1,neowise,15.115,0.107,14.938,0.356,10.1,3.1,181.45,17.917,76.237,24.991,AB
243.5297039,51.5651637,57580.99804713,,,,,,,,,0000,1.0,67.56700134277344,00,1,neowise,15.063,0.114,14.428,0.245,9.5,4.4,190.44,20.069,122.03,27.528,BB
243.5295496,51.5651848,57580.60495536,,,,,,,,,0000,1.0,85.13500213623047,00,1,neowise,15.203,0.108,14.797,0.283,10.0,3.8,167.28,16.712,86.851,22.666,AB
243.5295699,51.5652383,57580.73598594,,,,,,,,,0000,0.5,67.42500305175781,00,1,neowise,15.159,0.105,14.475,0.186,10.3,5.9,174.35,16.902,116.83,19.97,AB
243.5296165,51.5652456,57580.80143758,,,,,,,,,0000,1.0,61.17499923706055,00,1,neowise,15.207,0.11,14.92,,9.9,1.3,166.81,16.861,30.497,23.509,BU
243.5295852,51.5652226,57581.06349878,,,,,,,,,0000,0.5,76.26200103759766,00,1,neowise,15.315,0.115,14.27,,9.5,1.6,150.92,15.936,63.559,38.773,BU
243.5296411,51.565141,57581.78423053,,,,,,,,,0000,1.0,62.23699951171875,00,1,neowise,15.228,0.108,14.56,0.239,10.0,4.6,163.57,16.297,107.99,23.725,AB
243.5296328,51.5652067,57580.40834586,,,,,,,,,0000,1.0,117.0009994506836,00,1,neowise,15.22,0.122,14.961,0.398,8.9,2.7,164.75,18.541,74.653,27.364,BC
243.5296737,51.5652088,57580.93246821,,,,,,,,,0000,0.5,61.7400016784668,00,1,neowise,15.053,0.095,14.596,0.275,11.5,3.9,192.12,16.736,104.55,26.5,AB
243.5296561,51.5651948,57581.32555988,,,,,,,,,0000,0.5,126.75399780273438,00,1,neowise,15.285,0.115,14.54,0.216,9.5,5.0,155.24,16.419,110.04,21.893,BB
243.5296847,51.5651412,57583.88059286,,,,,,,,,0000,1.0,60.00899887084961,00,1,neowise,15.191,0.144,14.739,0.274,7.6,4.0,169.23,22.391,91.642,23.159,BB
243.5292402,51.5650208,57584.27368454,,,,,,,,,0000,0.5,117.0979995727539,00,1,neowise,14.961,0.096,14.239,0.244,11.3,4.4,209.15,18.498,145.13,32.653,AB
243.5294696,51.5650236,57581.71865162,,,,,,,,,0000,0.5,69.55599975585938,00,1,neowise,15.124,0.107,14.609,0.235,10.2,4.6,179.95,17.653,103.26,22.366,AB
243.5294511,51.565,57583.68411064,,,,,,,,,0000,1.0,74.51200103759766,00,1,neowise,15.189,0.122,13.821,,8.9,1.6,169.49,18.993,95.164,59.086,BU
243.5296317,51.5650061,57583.55308006,,,,,,,,,0000,1.0,90.64199829101562,00,1,neowise,15.202,0.104,14.57,0.3,10.5,3.6,167.49,15.975,107.02,29.576,AB
243.529783,51.5649235,57581.19452936,,,,,,,,,0000,1.0,100.62699890136719,00,1,neowise,15.013,0.098,14.471,0.217,11.1,5.0,199.31,17.904,117.22,23.481,AB
243.5295204,51.564856,57580.14628424,,,,,,,,,0000,0.5,90.94499969482422,00,1,neowise,15.248,0.112,14.776,0.238,9.7,4.6,160.61,16.624,88.546,19.45,BB
243.5285224,51.5646829,58143.11231928,,,,,,,,,0000,0.0,90.82099914550781,00,1,neowise,15.895,0.231,15.102,,4.7,0.5,88.422,18.849,12.404,26.576,BU
243.5290208,51.5651195,58508.32791159,,,,,,,,,0000,0.5,62.63800048828125,00,1,neowise,15.261,0.107,15.21,0.351,10.1,3.1,158.51,15.628,59.368,19.195,AB
243.529125,51.5651295,58507.60806892,,,,,,,,,0000,1.0,66.84100341796875,00,1,neowise,14.903,0.108,14.819,0.289,10.1,3.8,220.45,21.897,85.046,22.623,AB
243.5294087,51.5652515,59037.55756501,,,,,,,,,0000,1.0,95.2249984741211,00,1,neowise,15.162,0.106,14.738,,10.3,1.5,173.54,16.908,39.64,25.995,AU
243.5294218,51.5652584,59037.68834074,,,,,,,,,0000,1.0,78.01599884033203,00,1,neowise,15.277,0.11,14.787,0.271,9.9,4.0,156.16,15.816,87.622,21.848,BB
243.5293673,51.5653858,59037.42678919,,,,,,,,,0000,1.0,122.18399810791016,00,1,neowise,15.075,0.095,14.68,,11.4,1.5,188.17,16.513,40.83,27.923,AU
243.5292304,51.5651734,59764.49755657,,,,,,,,,0000,1.0,105.98500061035156,00,1,neowise,15.04,0.103,15.289,0.437,10.6,2.5,194.22,18.39,55.182,22.23,AC
243.5292706,51.5651264,59765.41133303,,,,,,,,,0000,0.5,123.21600341796875,00,1,neowise,15.394,0.12,14.676,,9.0,1.6,140.24,15.541,43.106,26.952,BU
243.5292886,51.5651532,59765.5413449,,,,,,,,,0000,1.0,97.88099670410156,00,1,neowise,15.082,0.096,14.891,0.391,11.3,2.8,186.85,16.468,79.63,28.684,AC
243.529353,51.5652843,59764.62845978,,,,,,,,,0000,1.0,87.40599822998047,00,1,neowise,15.578,0.165,15.272,0.435,6.6,2.5,118.35,18.0,56.062,22.461,BC
243.5293507,51.5652221,59765.01989612,,,,,,,,,0000,1.0,67.55799865722656,00,1,neowise,14.82,0.097,14.28,0.161,11.2,6.8,237.92,21.231,139.79,20.696,AB
243.5292052,51.5652473,59764.6285871,,,,,,,,,0000,1.0,87.7490005493164,00,1,neowise,15.036,0.09,14.117,0.197,12.1,5.5,195.05,16.163,162.34,29.439,AB
243.5294874,51.5653794,59765.34613551,,,,,,,,,0000,1.0,123.48799896240234,00,1,neowise,15.289,0.117,14.721,0.336,9.3,3.2,154.51,16.639,93.098,28.791,BB
243.529142,51.5651498,57780.73112012,,,,,,,,,0000,1.0,94.11000061035156,00,1,neowise,15.358,0.137,14.369,0.198,7.9,5.5,145.13,18.288,128.8,23.473,BB
243.5294912,51.5651354,58670.62653481,,,,,,,,,0000,1.0,86.80999755859375,00,1,neowise,15.128,0.101,15.049,0.384,10.7,2.8,179.15,16.686,68.857,24.373,AC
243.5295601,51.5650021,58675.27041539,,,,,,,,,0000,0.5,107.65299987792969,00,1,neowise,15.307,0.137,14.661,0.292,7.9,3.7,151.95,19.155,98.368,26.458,BB
243.5293116,51.5651297,59766.06368449,,,,,,,,,0000,1.0,72.56999969482422,00,1,neowise,15.134,0.106,15.071,,10.2,-0.8,178.16,17.456,-28.398,33.724,AU
243.529454,51.565078,59764.36754466,,,,,,,,,0000,1.0,126.61699676513672,00,1,neowise,15.115,0.109,14.551,0.244,10.0,4.4,181.29,18.166,108.86,24.478,AB
243.5295316,51.5650688,59764.43274167,,,,,,,,,0000,1.0,118.97100067138672,00,1,neowise,14.982,0.116,14.109,0.283,9.4,3.8,204.99,21.906,163.55,42.704,BB
243.5295156,51.5650599,59764.95469917,,,,,,,,,0000,1.0,63.665000915527344,00,1,neowise,15.377,0.122,14.668,0.279,8.9,3.9,142.47,16.069,97.744,25.127,BB
243.5294792,51.5651026,59765.21510499,,,,,,,,,0000,1.0,97.302001953125,00,1,neowise,15.142,0.121,14.419,0.254,9.0,4.3,176.88,19.703,123.01,28.753,BB
243.5294519,51.5650917,59765.28081125,,,,,,,,,0000,1.0,111.50399780273438,00,1,neowise,14.927,0.11,14.916,0.299,9.9,3.6,215.52,21.746,77.778,21.389,BB
243.5295072,51.5652105,59764.23715081,,,,,,,,,0000,1.0,102.92500305175781,00,1,neowise,15.082,0.102,14.899,,10.6,1.2,186.95,17.609,29.3,24.877,AU
243.5295278,51.5651723,59764.43286898,,,,,,,,,0000,1.0,118.8489990234375,00,1,neowise,15.017,0.091,14.409,0.237,12.0,4.6,198.34,16.575,124.15,27.149,AB
243.5293753,51.5651929,59765.73757237,,,,,,,,,0000,1.0,72.94999694824219,00,1,neowise,15.035,0.131,15.019,0.314,8.3,3.5,195.07,23.581,70.769,20.485,BB
243.529438,51.5651193,59764.693784,,,,,,,,,0000,1.0,79.79299926757812,00,1,neowise,15.058,0.092,14.121,0.189,11.8,5.8,191.07,16.143,161.8,28.104,AB
243.529493,51.5651709,59765.15041738,,,,,,,,,0000,1.0,86.31900024414062,00,1,neowise,15.074,0.096,14.108,0.253,11.3,4.3,188.31,16.676,163.71,38.147,AB
243.5295019,51.5651505,59769.06401785,,,,,,,,,0000,1.0,69.39299774169922,00,1,neowise,15.06,0.108,14.597,0.21,10.0,5.2,190.73,19.005,104.37,20.169,AB
243.5297635,51.5653643,59765.67224806,,,,,,,,,0000,1.0,82.25199890136719,00,1,neowise,14.807,0.155,14.415,0.202,7.0,5.4,240.72,34.309,123.47,22.998,BB
243.5297407,51.5652765,59764.88950218,,,,,,,,,0000,1.0,62.779998779296875,00,1,neowise,15.222,0.105,14.214,0.244,10.3,4.4,164.24,15.927,148.52,33.437,AB
243.529672,51.5652537,59764.82417795,,,,,,,,,0000,1.0,63.38999938964844,00,1,neowise,15.078,0.125,14.447,,8.7,1.0,187.58,21.612,39.527,40.129,BU
243.529717,51.5652272,59765.80276933,,,,,,,,,0000,1.0,64.77799987792969,00,1,neowise,15.352,0.126,14.839,0.326,8.6,3.3,145.75,16.869,83.497,25.099,BB
243.5296151,51.5651834,59765.28093856,,,,,,,,,0000,0.5,111.54199981689453,00,1,neowise,15.1,0.107,15.084,0.378,10.2,2.9,183.78,18.036,66.639,23.198,AC
243.5300336,51.565088,59765.08522039,,,,,,,,,0000,1.0,76.4280014038086,00,1,neowise,15.145,0.109,14.141,0.224,10.0,4.8,176.31,17.628,158.86,32.787,AB
243.529247,51.5650506,59764.56275352,,,,,,,,,0000,1.0,94.23300170898438,00,1,neowise,15.102,0.154,15.14,0.416,7.1,2.6,183.43,25.944,63.281,24.259,BC
243.5293944,51.5645523,59764.30234771,,,,,,,,,0000,1.0,115.64700317382812,00,1,neowise,14.66,0.151,14.51,0.301,7.2,3.6,275.68,38.437,113.12,31.354,BB
243.5293338,51.5649609,59765.47614794,,,,,,,,,0000,0.5,110.24299621582031,00,1,neowise,15.188,0.112,14.64,0.259,9.7,4.2,169.52,17.497,100.34,23.891,BB
243.5294182,51.5649908,59764.75898095,,,,,,,,,0000,1.0,70.02899932861328,00,1,neowise,15.057,0.092,14.683,0.374,11.8,2.9,191.15,16.246,96.4,33.17,AC
243.5295021,51.5648028,59765.60705116,,,,,,,,,0000,1.0,89.71600341796875,00,1,neowise,15.276,0.112,14.591,,9.7,1.7,156.31,16.193,48.991,28.001,BU
243.5295747,51.5648713,59768.99882094,,,,,,,,,0000,1.0,61.762001037597656,00,1,neowise,15.352,0.194,14.99,0.365,5.6,3.0,145.79,26.022,72.692,24.414,BC
243.5295337,51.5650935,56686.95395559,,,,,,,,,0000,1.0,112.05599975585938,00,1,neowise,15.107,0.1,14.58,0.237,10.8,4.6,184.06,17.005,108.1,23.567,AB
243.5294627,51.5652151,56686.82216065,,,,,,,,,0000,1.0,122.32099914550781,00,1,neowise,14.947,0.084,14.606,0.428,12.9,2.5,213.33,16.573,105.58,41.641,AC
243.5295305,51.5651668,56686.16331341,,,,,,,,,0000,1.0,81.12000274658203,00,1,neowise,14.776,0.088,14.292,0.21,12.4,5.2,249.72,20.204,140.94,27.259,AB
243.5295114,51.565198,56685.43875971,,,,,,,,,0000,1.0,61.45800018310547,00,1,neowise,15.127,0.142,14.68,0.209,7.7,5.2,180.72,23.583,98.622,18.99,BB
243.5294354,51.565253,56686.95382828,,,,,,,,,0000,1.0,112.31900024414062,00,1,neowise,15.045,0.116,14.583,0.232,9.4,4.7,194.95,20.796,107.84,23.039,BB
243.5294142,51.5651594,56685.96568468,,,,,,,,,0000,0.5,110.04299926757812,00,1,neowise,14.896,0.081,14.159,0.183,13.4,5.9,223.52,16.686,159.38,26.809,AB
243.5294323,51.5651103,56685.57042725,,,,,,,,,0000,1.0,74.33200073242188,00,1,neowise,15.167,0.105,14.096,0.168,10.4,6.5,174.27,16.801,168.87,26.108,AB
243.5294087,51.5651692,56685.63638836,,,,,,,,,0000,0.5,84.65499877929688,00,1,neowise,15.129,0.126,14.338,0.17,8.6,6.4,180.4,20.903,135.08,21.103,BB
243.5293955,51.5651664,56686.03164579,,,,,,,,,0000,1.0,97.51300048828125,00,1,neowise,14.953,0.091,14.841,0.369,11.9,2.9,212.18,17.868,84.979,28.858,AC
243.5297945,51.5651475,56686.88799444,,,,,,,,,0000,0.5,125.89700317382812,00,1,neowise,15.092,0.139,14.506,,7.8,2.0,186.57,23.924,57.238,29.237,BU
243.5298513,51.5651779,56686.36094211,,,,,,,,,0000,1.0,60.75400161743164,00,1,neowise,15.14,0.107,14.487,0.191,10.1,5.7,178.57,17.624,117.76,20.763,AB
243.5296261,51.5653068,56686.49273701,,,,,,,,,0000,1.0,64.36699676513672,00,1,neowise,14.899,0.099,14.131,0.192,11.0,5.7,223.02,20.341,163.43,28.879,AB
243.5296457,51.5652749,56686.22927453,,,,,,,,,0000,1.0,71.36900329589844,00,1,neowise,15.035,0.095,14.504,0.3,11.5,3.6,196.64,17.144,115.92,32.06,AB
243.5296707,51.5652791,56687.01978939,,,,,,,,,0000,1.0,99.61900329589844,00,1,neowise,14.963,0.101,14.87,0.313,10.8,3.5,210.29,19.534,82.754,23.852,AB
243.5295261,51.5652173,56685.83401705,,,,,,,,,0000,1.0,124.38999938964844,00,1,neowise,14.73,0.084,14.498,0.22,12.9,4.9,260.54,20.246,116.61,23.679,AB
243.5295716,51.5651911,56685.76805589,,,,,,,,,0000,0.5,111.21600341796875,00,1,neowise,15.037,0.091,14.312,0.171,11.9,6.3,196.34,16.472,138.4,21.795,AB
243.5295678,51.5651945,56687.21741817,,,,,,,,,0000,1.0,73.0009994506836,00,1,neowise,15.28,0.115,14.531,,9.5,1.6,156.93,16.576,50.813,31.122,BU
243.5296908,51.5651351,56685.70222215,,,,,,,,,0000,1.0,97.61499786376953,00,1,neowise,14.881,0.098,14.334,0.178,11.1,6.1,226.62,20.469,135.59,22.227,AB
243.5296321,51.5651456,56686.69036569,,,,,,,,,0000,1.0,95.18399810791016,00,1,neowise,15.117,0.107,14.817,0.263,10.2,4.1,182.39,17.908,86.898,21.049,AB
243.5296286,51.5650959,56686.75619949,,,,,,,,,0000,1.0,108.8270034790039,00,1,neowise,14.938,0.108,14.646,0.255,10.0,4.3,215.17,21.474,101.73,23.851,AB
243.52964,51.5651221,56686.29510832,,,,,,,,,0000,1.0,63.32600021362305,00,1,neowise,15.09,0.097,14.347,0.187,11.2,5.8,186.93,16.739,133.98,23.103,AB
243.5295959,51.5651713,56686.75632685,,,,,,,,,0000,1.0,109.0999984741211,00,1,neowise,14.907,0.1,14.498,0.216,10.8,5.0,221.24,20.451,116.56,23.145,AB
243.5296048,51.5651795,56685.43863235,,,,,,,,,0000,1.0,62.18299865722656,00,1,neowise,14.98,0.136,14.614,0.203,8.0,5.4,206.96,25.943,104.8,19.558,BB
243.5296322,51.5652108,56685.89985084,,,,,,,,,0000,1.0,123.44300079345703,00,1,neowise,14.925,0.089,14.698,0.242,12.1,4.5,217.66,17.918,96.958,21.58,AB
243.5296097,51.5651746,56686.62453191,,,,,,,,,0000,0.5,82.45800018310547,00,1,neowise,15.125,0.12,14.526,0.217,9.0,5.0,181.01,20.018,113.65,22.674,BB
243.5293119,51.5648084,56687.08562323,,,,,,,,,0000,1.0,89.68000030517578,00,1,neowise,14.676,0.088,14.677,0.267,12.3,4.1,273.85,22.195,98.879,24.273,AB
243.5298834,51.5649662,56686.09747963,,,,,,,,,0000,0.5,88.13999938964844,00,1,neowise,15.592,0.236,15.057,0.375,4.6,2.9,117.8,25.56,69.679,24.087,BC
243.5295545,51.56495,56686.55857075,,,,,,,,,0000,1.0,72.59200286865234,00,1,neowise,15.017,0.092,15.364,0.454,11.8,2.4,199.92,16.91,52.502,21.965,AC
243.5296017,51.5650204,56685.30696477,,,,,,,,,0000,1.0,62.5369987487793,00,1,neowise,15.087,0.097,14.453,0.207,11.2,5.2,187.59,16.73,121.54,23.177,AB
243.5294136,51.5652837,58144.87952145,,,,,,,,,0000,1.0,124.06600189208984,00,1,neowise,15.237,0.11,15.019,0.372,9.9,2.9,161.97,16.343,70.779,24.277,BC
243.5290878,51.5653575,58669.97240102,,,,,,,,,0000,1.0,62.507999420166016,00,1,neowise,14.77,0.102,15.265,0.489,10.7,2.2,249.12,23.318,56.416,25.433,AC
243.5289007,51.5653152,58669.64539772,,,,,,,,,0000,0.5,85.31999969482422,00,1,neowise,15.048,0.095,15.321,0.477,11.5,2.3,192.85,16.805,53.578,23.544,AC
243.5292551,51.5651791,59605.80780466,,,,,,,,,0000,1.0,104.4749984741211,00,1,neowise,15.164,0.129,14.895,0.296,8.4,3.7,173.33,20.535,79.326,21.617,BB
243.5293449,51.5652755,59606.65702205,,,,,,,,,0000,1.0,71.75800323486328,00,1,neowise,15.235,0.112,14.792,0.367,9.7,3.0,162.31,16.759,87.205,29.453,BC
243.5294652,51.5651039,59604.04353619,,,,,,,,,0000,1.0,106.0270004272461,00,1,neowise,15.112,0.098,14.779,0.31,11.1,3.5,181.82,16.438,88.286,25.205,AB
243.5294477,51.5650904,59605.87312913,,,,,,,,,0000,1.0,120.38200378417969,00,1,neowise,14.998,0.101,14.224,0.178,10.8,6.1,201.9,18.752,147.11,24.103,AB
243.529538,51.5651068,59606.06910235,,,,,,,,,0000,0.5,98.47899627685547,00,1,neowise,15.211,0.111,15.167,0.46,9.8,2.4,165.91,16.909,61.731,26.137,BC
243.5294626,51.565092,59606.39572441,,,,,,,,,0000,1.0,52.93600082397461,00,1,neowise,15.304,0.124,13.999,,8.7,1.4,152.35,17.436,74.206,53.454,BU
243.5295778,51.5650708,59607.37559119,,,,,,,,,0000,1.0,54.2859992980957,00,1,neowise,15.204,0.141,14.953,0.435,7.7,2.5,167.04,21.684,75.222,30.144,BC
243.5294834,51.5652505,59606.33040003,,,,,,,,,0000,1.0,59.86399841308594,00,1,neowise,15.271,0.113,14.419,0.28,9.6,3.9,156.97,16.364,122.97,31.748,BB
243.5294052,51.5651904,59606.78767094,,,,,,,,,0000,1.0,99.79399871826172,00,1,neowise,15.334,0.12,14.477,,9.1,1.7,148.18,16.324,52.742,31.924,BU
243.5294794,51.5651605,59605.61183146,,,,,,,,,0000,1.0,64.48600006103516,00,1,neowise,15.187,0.116,14.786,0.307,9.4,3.5,169.62,18.127,87.722,24.825,BB
243.5293987,51.5651679,59606.26507561,,,,,,,,,0000,1.0,69.69400024414062,00,1,neowise,14.976,0.094,14.858,0.363,11.6,3.0,205.96,17.788,82.101,27.442,AC
243.5294563,51.5651743,59606.91831972,,,,,,,,,0000,0.5,131.5850067138672,00,1,neowise,15.074,0.103,14.393,0.223,10.6,4.9,188.18,17.834,125.94,25.827,AB
243.5294907,51.56513,59607.24494235,,,,,,,,,0000,1.0,71.9520034790039,00,1,neowise,15.173,0.107,15.107,0.404,10.1,2.7,171.79,16.997,65.27,24.295,AC
243.5297796,51.5651659,59605.21988502,,,,,,,,,0000,1.0,74.87799835205078,00,1,neowise,15.285,0.139,14.553,0.216,7.8,5.0,154.97,19.79,108.73,21.624,BB
243.5298337,51.565136,59606.46104883,,,,,,,,,0000,1.0,52.77299880981445,00,1,neowise,15.243,0.107,14.583,0.438,10.1,2.5,161.15,15.885,105.77,42.689,AC
243.5296748,51.565097,59606.98364419,,,,,,,,,0000,0.0,118.25900268554688,00,1,neowise,15.152,0.119,14.817,0.371,9.2,2.9,175.16,19.128,85.259,29.097,BC
243.5296739,51.5650873,59607.04896861,,,,,,,,,0000,1.0,102.86499786376953,00,1,neowise,14.966,0.099,14.37,0.193,11.0,5.6,208.03,18.929,128.6,22.825,AB
243.5297598,51.565122,59604.10886066,,,,,,,,,0000,1.0,93.04499816894531,00,1,neowise,15.153,0.181,14.911,0.326,6.0,3.3,174.97,29.194,78.172,23.501,BB
243.5297171,51.5651692,59604.23950941,,,,,,,,,0000,1.0,75.80500030517578,00,1,neowise,15.005,0.125,15.209,0.526,8.7,2.1,200.56,23.016,59.386,28.782,BC
243.5295426,51.565255,59605.93845355,,,,,,,,,0000,1.0,129.4459991455078,00,1,neowise,14.954,0.112,14.756,0.36,9.7,3.0,210.23,21.696,90.162,29.905,BC
243.5296387,51.565257,59606.13442682,,,,,,,,,0000,1.0,85.85600280761719,00,1,neowise,14.905,0.099,14.293,0.184,10.9,5.9,219.89,20.093,138.15,23.436,AB
243.5296227,51.5652413,59607.50623999,,,,,,,,,0000,0.5,53.387001037597656,00,1,neowise,15.237,0.11,14.798,0.349,9.8,3.1,161.99,16.457,86.746,27.863,BB
243.5296503,51.5651517,59605.48118266,,,,,,,,,0000,0.5,53.20100021362305,00,1,neowise,15.197,0.11,14.139,0.235,9.9,4.6,168.04,16.989,159.11,34.372,BB
243.5296288,51.5651917,59605.67715588,,,,,,,,,0000,0.5,75.75700378417969,00,1,neowise,15.012,0.093,14.277,0.186,11.7,5.9,199.25,16.984,140.21,23.968,AB
243.5293979,51.5650532,59604.30483383,,,,,,,,,0000,1.0,66.69000244140625,00,1,neowise,15.184,0.103,14.499,0.218,10.6,5.0,170.08,16.063,114.24,22.888,AB
243.5292732,51.5650804,59605.35053377,,,,,,,,,0000,1.0,57.165000915527344,00,1,neowise,15.02,0.096,14.938,0.288,11.3,3.8,197.86,17.562,76.259,20.201,AB
243.5294807,51.565051,59606.00377797,,,,,,,,,0000,1.0,113.4000015258789,00,1,neowise,15.131,0.123,14.582,0.272,8.8,4.0,178.59,20.295,105.84,26.481,BB
243.5295028,51.5649823,59607.1142936,,,,,,,,,0000,1.0,89.38700103759766,00,1,neowise,15.299,0.115,14.834,0.258,9.5,4.2,153.08,16.18,83.888,19.906,BB
243.5294584,51.5649529,59606.72234652,,,,,,,,,0000,0.0,85.46499633789062,00,1,neowise,15.28,0.147,14.535,0.28,7.4,3.9,155.69,21.031,110.46,28.472,BB
243.5298262,51.5649952,59606.8529953,,,,,,,,,0000,1.0,115.40599822998047,00,1,neowise,15.829,0.335,14.298,0.205,3.2,5.3,93.929,29.006,137.46,26.005,BB
243.5293767,51.5652363,60495.07307082,,,,,,,,,0000,1.0,73.32599639892578,00,1,neowise,15.187,0.143,14.859,,7.6,0.4,169.63,22.27,13.448,34.284,BU
