ra,dec,mjd,w1mpro_ep,w1sigmpro_ep,w2mpro_ep,w2sigmpro_ep,w1flux_ep,w1sigflux_ep,w2flux_ep,w2sigflux_ep,cc_flags,qi_fact,saa_sep,moon_masked,nb,source_table,w1mpro,w1sigmpro,w2mpro,w2sigmpro,w1snr,w2snr,w1flux,w1sigflux,w2flux,w2sigflux,ph_qual
240.2968913,47.7527051,55588.58071,14.613,0.075,13.971,0.127,226.42,15.645,162.707,18.975,0000,0.5,76.0,0000,1,allwise,,,,,,,,,,,
240.2968913,47.7527051,55589.6387621,14.744,0.083,13.934,0.185,200.587,15.397,168.429,28.69,0000,0.5,87.0,0000,1,allwise,,,,,,,,,,,
240.2968913,47.7527051,55588.7130142,14.63,0.091,13.829,0.118,222.812,18.667,185.463,20.081,0000,0.5,103.0,0000,1,allwise,,,,,,,,,,,
240.2968913,47.7527051,55588.9112797,15.067,0.133,13.988,0.13,149.073,18.278,160.238,19.183,0000,0.5,117.0,0000,1,allwise,,,,,,,,,,,
240.2968913,47.7527051,55588.911407,14.649,0.09,14.086,0.168,218.937,18.219,146.363,22.662,0000,1.0,117.0,0000,1,allwise,,,,,,,,,,,
240.2968913,47.7527051,55588.9774955,14.569,0.074,14.312,0.167,235.774,15.972,118.906,18.314,0000,0.5,103.0,0000,1,allwise,,,,,,,,,,,
240.2968913,47.7527051,55589.1758882,14.745,0.088,13.895,0.135,200.441,16.178,174.548,21.718,0000,1.0,75.0,0000,1,allwise,,,,,,,,,,,
240.2968913,47.7527051,55589.2419767,14.641,0.077,14.006,0.13,220.584,15.664,157.679,18.948,0000,1.0,65.0,0000,1,allwise,,,,,,,,,,,
240.2968913,47.7527051,55589.3742809,14.113,0.064,13.875,0.118,358.606,21.294,177.839,19.299,0000,1.0,58.0,0000,1,allwise,,,,,,,,,,,
240.2968913,47.7527051,55589.5064579,14.484,0.073,14.16,0.149,254.809,17.117,136.801,18.723,0000,0.5,66.0,0000,1,allwise,,,,,,,,,,,
240.2968913,47.7527051,55588.5146216,14.475,0.07,13.874,0.12,256.972,16.609,177.999,19.755,0000,0.5,67.0,0000,1,allwise,,,,,,,,,,,
240.2968913,47.7527051,55588.3823191,14.559,0.073,13.859,0.138,237.828,16.089,180.448,22.894,0000,0.5,59.0,0000,1,allwise,,,,,,,,,,,
240.2968913,47.7527051,55588.3162307,14.453,0.07,13.839,0.111,262.284,16.793,183.893,18.82,0000,1.0,58.0,0000,1,allwise,,,,,,,,,,,
240.2968913,47.7527051,55588.1839264,14.536,0.072,14.247,0.158,242.984,16.147,126.217,18.38,0000,0.5,74.0,0000,1,allwise,,,,,,,,,,,
240.2968913,47.7527051,55588.0516221,14.414,0.067,13.819,0.111,271.828,16.864,187.3,19.124,0000,1.0,91.0,0000,1,allwise,,,,,,,,,,,
240.2968913,47.7527051,55587.9855336,14.69,0.087,14.087,0.145,210.946,16.952,146.219,19.517,0000,0.5,102.0,0000,1,allwise,,,,,,,,,,,
240.2968913,47.7527051,55587.8532293,14.475,0.068,13.938,0.127,257.113,16.11,167.813,19.579,0000,0.5,130.0,0000,1,allwise,,,,,,,,,,,
240.2968913,47.7527051,55586.9935697,14.527,0.072,13.961,0.121,244.918,16.193,164.361,18.388,0000,0.5,101.0,0000,1,allwise,,,,,,,,,,,
240.2968913,47.7527051,55586.8613928,14.456,0.068,13.814,0.111,261.679,16.44,188.09,19.253,0000,1.0,128.0,0000,1,allwise,,,,,,,,,,,
240.2968913,47.7527051,55586.8612655,14.522,0.076,13.746,0.109,246.084,17.229,200.269,20.124,0000,0.5,129.0,0000,1,allwise,,,,,,,,,,,
240.2968913,47.7527051,55586.795177,14.41,0.066,13.915,0.12,272.968,16.523,171.445,18.973,0000,0.5,120.0,0000,1,allwise,,,,,,,,,,,
240.2968913,47.7527051,55588.6467985,14.597,0.08,14.044,0.133,229.618,16.926,152.173,18.704,0000,0.5,89.0,0000,1,allwise,,,,,,,,,,,
240.2968913,47.7527051,55222.0003681,14.405,0.064,13.98,0.136,274.045,16.043,161.416,20.217,0000,0.5,100.0,0000,1,allwise,,,,,,,,,,,
240.2968913,47.7527051,55585.2081622,14.664,0.08,13.901,0.117,215.903,15.967,173.684,18.642,0000,0.5,71.0,0000,1,allwise,,,,,,,,,,,
240.2968913,47.7527051,55222.265104,14.307,0.057,13.829,0.109,299.938,15.769,185.609,18.684,0000,1.0,63.0,0000,1,allwise,,,,,,,,,,,
240.2968913,47.7527051,55222.3311925,14.375,0.062,14.038,0.142,281.787,16.198,153.108,20.093,0000,1.0,58.0,0000,1,allwise,,,,,,,,,,,
240.2968913,47.7527051,55222.3974083,14.482,0.066,13.676,0.116,255.484,15.587,213.661,22.732,0000,0.5,59.0,0000,1,allwise,,,,,,,,,,,
240.2968913,47.7527051,55222.5959284,14.569,0.079,13.7,0.118,235.67,17.104,208.891,22.78,0000,0.5,79.0,0000,1,allwise,,,,,,,,,,,
240.2968913,47.7527051,55222.6620169,14.353,0.063,14.006,0.132,287.712,16.736,157.591,19.109,0000,1.0,92.0,0000,1,allwise,,,,,,,,,,,
240.2968913,47.7527051,55222.7282328,14.539,0.071,13.926,0.127,242.414,15.913,169.698,19.818,0000,1.0,106.0,0000,1,allwise,,,,,,,,,,,
240.2968913,47.7527051,55222.7944486,14.456,0.069,13.711,0.089,261.48,16.565,206.833,17.011,0000,1.0,121.0,0000,1,allwise,,,,,,,,,,,
240.2968913,47.7527051,55222.9267529,14.361,0.066,13.805,0.121,285.407,17.354,189.599,21.13,0000,0.5,114.0,0000,1,allwise,,,,,,,,,,,
240.2968913,47.7527051,55223.0590572,14.375,0.064,13.814,0.109,281.817,16.54,188.064,18.938,0000,0.5,89.0,0000,1,allwise,,,,,,,,,,,
240.2968913,47.7527051,55400.7447072,14.553,0.067,13.979,0.118,239.307,14.751,161.533,17.513,0000,1.0,59.0,0000,1,allwise,,,,,,,,,,,
240.2968913,47.7527051,55400.877011,14.449,0.067,13.798,0.11,263.331,16.253,190.876,19.349,0000,1.0,59.0,0000,1,allwise,,,,,,,,,,,
240.2968913,47.7527051,55401.0093148,14.499,0.067,14.017,0.149,251.499,15.518,156.04,21.406,0000,1.0,73.0,0000,1,allwise,,,,,,,,,,,
240.2968913,47.7527051,55401.075403,14.581,0.081,13.83,0.098,233.037,17.293,185.437,16.773,0000,1.0,85.0,0000,1,allwise,,,,,,,,,,,
240.2968913,47.7527051,55401.1416186,14.379,0.061,13.829,0.111,280.759,15.85,185.595,18.955,0000,1.0,99.0,0000,1,allwise,,,,,,,,,,,
240.2968913,47.7527051,55401.2077068,14.441,0.067,13.855,0.105,265.184,16.464,181.165,17.588,0000,1.0,113.0,0000,1,allwise,,,,,,,,,,,
240.2968913,47.7527051,55401.2739223,14.355,0.059,13.75,0.096,287.171,15.522,199.499,17.641,0000,1.0,127.0,0000,1,allwise,,,,,,,,,,,
240.2968913,47.7527051,55401.3400105,14.475,0.07,14.48,0.222,256.953,16.607,101.876,20.786,0000,1.0,121.0,0000,1,allwise,,,,,,,,,,,
240.2968913,47.7527051,55401.4062262,14.491,0.067,13.858,0.113,253.359,15.712,180.648,18.869,0000,1.0,107.0,0000,1,allwise,,,,,,,,,,,
240.2968913,47.7527051,55401.4723144,14.645,0.079,13.842,0.119,219.881,15.988,183.393,20.141,0000,1.0,94.0,0000,1,allwise,,,,,,,,,,,
240.2968913,47.7527051,55401.5385299,14.561,0.077,14.04,0.131,237.357,16.895,152.736,18.469,0000,1.0,85.0,0000,1,allwise,,,,,,,,,,,
240.2968913,47.7527051,55401.6046181,14.379,0.06,13.805,0.116,280.877,15.573,189.641,20.234,0000,1.0,77.0,0000,1,allwise,,,,,,,,,,,
240.2968913,47.7527051,55401.6708337,14.648,0.078,13.87,0.105,219.239,15.796,178.605,17.201,0000,0.5,68.0,0000,1,allwise,,,,,,,,,,,
240.2968913,47.7527051,55401.7369219,14.585,0.074,13.592,0.08,232.23,15.755,230.683,16.95,0000,1.0,60.0,0000,1,allwise,,,,,,,,,,,
240.2968913,47.7527051,55401.8030101,14.342,0.068,13.987,0.115,290.596,18.096,160.346,16.969,0000,0.5,57.0,0000,1,allwise,,,,,,,,,,,
240.2968913,47.7527051,55401.8031374,14.412,0.068,13.852,0.115,272.399,16.991,181.695,19.197,0000,1.0,58.0,0000,1,allwise,,,,,,,,,,,
240.2968913,47.7527051,55401.8692257,14.569,0.07,13.763,0.108,235.618,15.227,197.231,19.582,0000,1.0,59.0,0000,1,allwise,,,,,,,,,,,
240.2968913,47.7527051,55585.3403392,14.485,0.068,14.125,0.146,254.601,15.952,141.202,19.043,0000,0.5,59.0,0000,1,allwise,,,,,,,,,,,
240.2968913,47.7527051,55585.6048203,14.492,0.072,13.908,0.12,253.009,16.838,172.462,19.022,0000,1.0,81.0,0000,1,allwise,,,,,,,,,,,
240.2968913,47.7527051,55585.6710362,14.651,0.078,13.671,0.099,218.563,15.627,214.488,19.557,0000,0.5,94.0,0000,1,allwise,,,,,,,,,,,
240.2968913,47.7527051,55585.7371247,14.624,0.076,13.822,0.113,224.039,15.755,186.778,19.41,0000,0.5,108.0,0000,1,allwise,,,,,,,,,,,
240.2968913,47.7527051,55585.8032131,14.664,0.08,13.957,0.13,215.89,15.993,164.898,19.748,0000,0.5,122.0,0000,1,allwise,,,,,,,,,,,
240.2968913,47.7527051,55586.0016059,14.627,0.076,14.052,0.136,223.435,15.693,151.075,18.868,0000,0.5,100.0,0000,1,allwise,,,,,,,,,,,
240.2968913,47.7527051,55586.0678217,14.514,0.07,13.878,0.127,248.055,16.032,177.379,20.746,0000,0.5,89.0,0000,1,allwise,,,,,,,,,,,
240.2968913,47.7527051,55586.2662145,14.572,0.075,13.768,0.104,235.09,16.132,196.261,18.874,0000,1.0,63.0,0000,1,allwise,,,,,,,,,,,
240.2968913,47.7527051,55586.3983914,14.603,0.092,13.865,0.174,228.42,19.327,179.516,28.834,0000,0.5,60.0,0000,1,allwise,,,,,,,,,,,
240.2968913,47.7527051,55586.5306957,14.451,0.069,13.964,0.129,262.879,16.616,163.894,19.528,0000,1.0,69.0,0000,1,allwise,,,,,,,,,,,
240.2968913,47.7527051,55586.5967842,14.615,0.075,14.123,0.146,225.979,15.581,141.456,18.984,0000,0.5,79.0,0000,1,allwise,,,,,,,,,,,
240.2968913,47.7527051,55586.663,14.608,0.08,14.023,0.138,227.423,16.854,155.186,19.69,0000,1.0,92.0,0000,1,allwise,,,,,,,,,,,
240.2968913,47.7527051,55586.7290885,14.532,0.081,13.821,0.111,243.98,18.173,186.939,19.118,0000,1.0,106.0,0000,1,allwise,,,,,,,,,,,
240.2968913,47.7527051,55401.9353139,14.475,0.072,13.678,0.088,256.94,17.129,213.206,17.328,0000,0.5,63.0,0000,1,allwise,,,,,,,,,,,
240.2968913,47.7527051,55401.9354413,14.441,0.065,13.795,0.097,265.32,15.989,191.399,17.183,0000,1.0,63.0,0000,1,allwise,,,,,,,,,,,
240.2968913,47.7527051,55402.0015295,14.479,0.068,13.776,0.103,256.209,16.046,194.773,18.468,0000,1.0,72.0,0000,1,allwise,,,,,,,,,,,
240.2968913,47.7527051,55402.0676177,14.389,0.064,13.914,0.119,278.138,16.521,171.627,18.836,0000,0.5,83.0,0000,1,allwise,,,,,,,,,,,
240.2968913,47.7527051,55402.1338334,14.483,0.066,13.825,0.121,255.117,15.417,186.186,20.687,0000,1.0,97.0,0000,1,allwise,,,,,,,,,,,
240.2968913,47.7527051,55402.1999215,14.486,0.066,13.876,0.104,254.516,15.411,177.686,17.071,0000,0.5,112.0,0000,1,allwise,,,,,,,,,,,
240.2968913,47.7527051,55402.266137,14.563,0.074,13.729,0.1,237.046,16.154,203.405,18.774,0000,1.0,126.0,0000,1,allwise,,,,,,,,,,,
240.2968913,47.7527051,55402.3322253,14.319,0.058,13.639,0.088,296.89,15.736,221.087,17.982,0000,0.5,123.0,0000,1,allwise,,,,,,,,,,,
240.2968913,47.7527051,55402.3984409,14.513,0.077,13.85,0.113,248.251,17.582,182.024,18.894,0000,0.5,109.0,0000,1,allwise,,,,,,,,,,,
240.2968913,47.7527051,55402.5307446,14.427,0.064,13.757,0.101,268.752,15.929,198.229,18.47,0000,1.0,86.0,0000,1,allwise,,,,,,,,,,,
240.2968913,47.7527051,55402.6630484,14.501,0.071,14.064,0.125,250.951,16.339,149.393,17.165,0000,1.0,69.0,0000,1,allwise,,,,,,,,,,,
240.2968913,47.7527051,55402.7952248,14.412,0.071,13.818,0.103,272.272,17.685,187.486,17.87,0000,1.0,57.0,0000,1,allwise,,,,,,,,,,,
240.2968913,47.7527051,55402.7953522,14.631,0.072,13.767,0.095,222.601,14.67,196.47,17.105,0000,1.0,58.0,0000,1,allwise,,,,,,,,,,,
240.2968913,47.7527051,55585.2080349,14.581,0.083,14.025,0.144,233.09,17.796,154.817,20.544,0000,1.0,72.0,0000,1,allwise,,,,,,,,,,,
240.2968913,47.7527051,55222.0665839,14.49,0.067,13.824,0.105,253.511,15.543,186.442,18.06,0000,1.0,88.0,0000,1,allwise,,,,,,,,,,,
240.2968913,47.7527051,55221.4048079,14.337,0.064,13.653,0.093,291.884,17.337,218.134,18.779,0000,1.0,59.0,0000,1,allwise,,,,,,,,,,,
240.2968913,47.7527051,55221.6695437,14.383,0.069,13.694,0.105,279.711,17.728,210.163,20.39,0000,1.0,93.0,0000,1,allwise,,,,,,,,,,,
240.2968913,47.7527051,55221.7357595,14.301,0.093,13.961,0.128,301.659,25.864,164.324,19.427,0000,1.0,108.0,0000,1,allwise,,,,,,,,,,,
240.2968913,47.7527051,55221.9342796,14.545,0.073,13.795,0.101,240.945,16.254,191.346,17.79,0000,1.0,113.0,0000,1,allwise,,,,,,,,,,,
240.2968913,47.7527051,55221.8680638,14.537,0.075,13.895,0.121,242.796,16.865,174.597,19.431,0000,1.0,127.0,0000,1,allwise,,,,,,,,,,,
240.2968913,47.7527051,55221.9341523,14.426,0.062,13.903,0.122,268.898,15.258,173.38,19.411,0000,1.0,113.0,0000,1,allwise,,,,,,,,,,,
240.2968913,47.7527051,55221.801848,14.535,0.069,13.612,0.09,243.131,15.561,226.484,18.761,0000,1.0,122.0,0000,1,allwise,,,,,,,,,,,
240.2965365,47.7525099,56687.08638726,,,,,,,,,0000,0.5,85.66799926757812,00,1,neowise,14.656,0.089,13.908,0.123,12.2,8.8,278.8,22.912,200.74,22.734,AB
240.2962321,47.7526722,56686.625296,,,,,,,,,0000,0.0,81.24600219726562,00,1,neowise,14.404,0.083,14.071,0.195,13.1,5.6,351.61,26.92,172.84,30.976,AB
240.2975299,47.7528536,56686.16420477,,,,,,,,,0000,1.0,76.43199920654297,00,1,neowise,14.71,0.091,13.939,0.132,11.9,8.2,265.34,22.228,195.16,23.801,AB
240.2966614,47.7525989,57222.32130054,,,,,,,,,0000,0.5,130.72900390625,00,1,neowise,14.321,0.088,14.029,0.177,12.4,6.1,376.56,30.479,176.42,28.839,AB
240.2971242,47.7526547,58306.1892723,,,,,,,,,0000,1.0,90.8030014038086,00,1,neowise,14.238,0.056,13.351,0.097,19.6,11.2,406.67,20.791,328.95,29.466,AA
240.2968316,47.7526049,58304.94594634,,,,,,,,,0000,1.0,55.92100143432617,00,1,neowise,14.247,0.069,13.683,0.109,15.8,9.9,403.09,25.48,242.15,24.387,AB
240.2968505,47.7526885,58305.07684948,,,,,,,,,0000,1.0,69.28600311279297,00,1,neowise,14.265,0.06,13.428,0.107,18.2,10.2,396.53,21.827,306.33,30.179,AA
240.2968173,47.7526719,58305.79707154,,,,,,,,,0000,1.0,61.185001373291016,00,1,neowise,14.205,0.056,13.585,0.101,19.3,10.8,419.31,21.678,265.07,24.549,AA
240.2968425,47.7526575,58305.99342689,,,,,,,,,0000,1.0,60.80799865722656,00,1,neowise,14.251,0.06,13.487,0.112,18.2,9.7,401.92,22.095,290.24,30.012,AB
240.2969069,47.7526614,58306.05887852,,,,,,,,,0000,1.0,68.95099639892578,00,1,neowise,14.272,0.056,13.493,0.122,19.4,8.9,394.06,20.31,288.48,32.418,AB
240.2968973,47.7526887,58306.32055744,,,,,,,,,0000,1.0,120.94100189208984,00,1,neowise,14.226,0.056,13.455,0.113,19.3,9.6,411.05,21.298,298.87,31.176,AB
240.2968015,47.7526138,58305.20762535,,,,,,,,,0000,1.0,94.7509994506836,00,1,neowise,14.374,0.073,13.451,0.088,14.9,12.3,358.87,24.013,299.96,24.428,AA
240.2968978,47.7526436,58305.73161994,,,,,,,,,0000,0.5,70.24700164794922,00,1,neowise,14.219,0.056,13.692,0.107,19.6,10.1,413.85,21.162,240.31,23.703,AA
240.2969102,47.7526555,58305.92797529,,,,,,,,,0000,1.0,58.073001861572266,00,1,neowise,14.181,0.053,13.422,0.118,20.6,9.2,428.62,20.784,308.01,33.59,AB
240.2969029,47.7525673,58305.46994098,,,,,,,,,0000,1.0,110.08599853515625,00,1,neowise,14.245,0.062,13.329,0.149,17.4,7.3,403.82,23.181,335.69,45.952,AB
240.2968693,47.7527127,58304.55336405,,,,,,,,,0000,1.0,92.90399932861328,00,1,neowise,14.275,0.072,13.502,0.082,15.1,13.3,393.15,26.016,286.08,21.576,AA
240.2968304,47.7527493,58304.68426723,,,,,,,,,0000,1.0,75.56600189208984,00,1,neowise,14.274,0.062,13.609,0.109,17.5,10.0,393.49,22.486,259.28,25.931,AA
240.2969138,47.7527214,58304.8804947,,,,,,,,,0000,1.0,55.141998291015625,00,1,neowise,14.154,0.054,13.628,0.151,20.1,7.2,439.46,21.903,254.79,35.453,AB
240.2967974,47.7527349,58305.14230112,,,,,,,,,0000,1.0,81.04000091552734,00,1,neowise,14.289,0.058,13.326,0.101,18.7,10.8,387.92,20.772,336.58,31.3,AA
240.2968212,47.7527163,58305.20775271,,,,,,,,,0000,1.0,95.05999755859375,00,1,neowise,14.239,0.057,13.552,0.095,19.2,11.4,406.2,21.201,273.2,23.907,AA
240.2968965,47.7527174,58305.2730769,,,,,,,,,0000,0.5,109.22100067138672,00,1,neowise,14.368,0.066,13.818,0.144,16.4,7.5,360.77,22.032,213.98,28.38,AB
240.2968337,47.7527405,58305.33852844,,,,,,,,,0000,1.0,124.72899627685547,00,1,neowise,14.308,0.064,13.554,0.094,16.9,11.5,381.35,22.61,272.86,23.674,AA
240.2968858,47.752714,58305.40448939,,,,,,,,,0000,1.0,124.45500183105469,00,1,neowise,14.275,0.072,13.615,0.104,15.2,10.4,392.9,25.914,257.92,24.697,AA
240.2968656,47.7527019,58306.12382071,,,,,,,,,0000,1.0,77.12200164794922,00,1,neowise,14.38,0.063,13.777,0.138,17.3,7.9,356.75,20.569,222.1,28.131,AB
240.2968057,47.7527814,58305.60084412,,,,,,,,,0000,1.0,86.70600128173828,00,1,neowise,14.69,0.096,13.494,0.1,11.3,10.9,268.17,23.8,288.21,26.494,AA
240.2967624,47.7527601,58305.66616836,,,,,,,,,0000,1.0,78.81900024414062,00,1,neowise,14.324,0.064,13.65,0.125,16.9,8.7,375.52,22.261,249.62,28.653,AB
240.2968093,47.7528126,58305.8625237,,,,,,,,,0000,0.5,57.42100143432617,00,1,neowise,14.267,0.055,13.996,0.177,19.7,6.1,395.91,20.095,181.58,29.605,AB
240.2969917,47.7527319,58304.81504311,,,,,,,,,0000,1.0,57.45000076293945,00,1,neowise,14.343,0.076,13.568,0.097,14.3,11.2,369.24,25.901,269.28,23.991,AA
240.2969416,47.7526974,58305.01139788,,,,,,,,,0000,1.0,60.26900100708008,00,1,neowise,14.201,0.066,13.639,0.133,16.5,8.2,420.84,25.496,252.12,30.928,AB
240.2969475,47.752752,58305.66629567,,,,,,,,,0000,1.0,79.38200378417969,00,1,neowise,14.178,0.053,13.552,0.09,20.3,12.1,429.61,21.113,273.35,22.537,AA
240.2969767,47.7527421,58306.5818544,,,,,,,,,0000,1.0,87.5,00,1,neowise,14.21,0.057,13.514,0.092,19.2,11.8,417.15,21.761,283.1,23.913,AA
240.2968874,47.7528543,58306.45146063,,,,,,,,,0000,1.0,114.04199981689453,00,1,neowise,14.22,0.055,13.522,0.093,19.7,11.7,413.42,21.016,281.03,23.954,AA
240.2967527,47.7527116,59399.82746001,,,,,,,,,0000,1.0,58.66400146484375,00,1,neowise,14.153,0.072,13.649,0.107,15.0,10.2,439.88,29.356,249.91,24.545,AA
240.2969107,47.7527975,59399.82758733,,,,,,,,,0000,1.0,59.297000885009766,00,1,neowise,14.306,0.061,13.812,0.135,17.9,8.0,381.95,21.297,215.1,26.82,AB
240.2968733,47.7528165,56680.9596417,,,,,,,,,0000,0.5,109.99600219726562,00,1,neowise,14.503,0.069,13.865,0.191,15.7,5.7,321.01,20.394,208.93,36.806,AB
240.2969421,47.7526186,57780.73201152,,,,,,,,,0000,1.0,93.36199951171875,00,1,neowise,14.471,0.073,13.996,0.135,14.8,8.1,328.53,22.15,181.7,22.563,AB
240.2969158,47.752703,57780.60098009,,,,,,,,,0000,1.0,66.91300201416016,00,1,neowise,14.345,0.062,13.715,0.117,17.4,9.3,368.87,21.144,235.21,25.38,AB
240.2963321,47.7525842,59607.50700403,,,,,,,,,0000,0.0,49.492000579833984,00,1,neowise,14.692,0.075,13.976,0.168,14.5,6.5,267.66,18.408,184.93,28.565,AB
240.2962387,47.7527528,59970.35153638,,,,,,,,,0000,0.5,52.95800018310547,00,1,neowise,14.716,0.084,13.99,0.129,13.0,8.4,261.73,20.134,182.64,21.736,AB
240.2968307,47.7526893,59037.3605736,,,,,,,,,0000,0.5,126.90799713134766,00,1,neowise,14.312,0.06,13.545,0.098,18.0,11.1,379.88,21.157,274.96,24.724,AA
240.2968735,47.7526845,59037.55680097,,,,,,,,,0000,0.5,93.5530014038086,00,1,neowise,14.164,0.055,13.522,0.108,19.7,10.0,435.14,22.082,280.82,27.992,AA
240.2967606,47.7526634,59037.81835253,,,,,,,,,0000,0.5,56.90599822998047,00,1,neowise,14.222,0.055,13.484,0.092,19.8,11.8,412.77,20.9,290.93,24.674,AA
240.2969501,47.7526166,59037.09902199,,,,,,,,,0000,0.5,69.25800323486328,00,1,neowise,14.372,0.061,14.412,0.347,17.7,3.1,359.28,20.27,123.74,39.517,AB
240.2968741,47.7527968,59037.6875767,,,,,,,,,0000,0.5,74.92900085449219,00,1,neowise,14.298,0.058,13.602,0.113,18.8,9.6,384.88,20.499,260.9,27.104,AB
240.296834,47.7527857,59037.22979778,,,,,,,,,0000,0.5,96.0979995727539,00,1,neowise,14.206,0.056,14.354,0.204,19.2,5.3,418.75,21.757,130.56,24.512,AB
240.2969263,47.7527636,59037.03369772,,,,,,,,,0000,0.5,60.305999755859375,00,1,neowise,14.397,0.083,13.605,0.162,13.1,6.7,351.08,26.848,260.22,38.812,AB
240.2969798,47.7527478,59037.29524932,,,,,,,,,0000,1.0,111.12899780273438,00,1,neowise,14.063,0.054,13.412,0.094,20.0,11.6,477.69,23.876,311.01,26.913,AA
240.2969331,47.7527077,59037.4260251,,,,,,,,,0000,1.0,122.87200164794922,00,1,neowise,14.286,0.059,13.481,0.096,18.3,11.3,388.95,21.234,291.74,25.758,AA
240.2971591,47.7525761,59401.0039336,,,,,,,,,0000,1.0,59.861000061035156,00,1,neowise,14.353,0.084,13.72,0.13,12.9,8.4,365.78,28.458,234.12,28.002,AB
240.2968532,47.7526907,59400.21915086,,,,,,,,,0000,1.0,94.55500030517578,00,1,neowise,14.421,0.083,13.647,0.143,13.0,7.6,343.45,26.367,250.31,32.909,AB
240.2968091,47.7526677,59400.35030865,,,,,,,,,0000,1.0,125.16100311279297,00,1,neowise,14.387,0.06,13.943,0.158,18.0,6.9,354.48,19.669,190.56,27.785,AB
240.2968463,47.752638,59400.61186023,,,,,,,,,0000,0.5,86.17500305175781,00,1,neowise,14.443,0.064,13.755,0.123,16.9,8.8,336.67,19.979,226.65,25.65,AB
240.2968352,47.7526768,59400.74250928,,,,,,,,,0000,0.5,69.8499984741211,00,1,neowise,14.305,0.06,14.136,0.294,18.2,3.7,382.31,21.008,159.62,43.28,AB
240.296823,47.7526335,59400.80783352,,,,,,,,,0000,1.0,60.45500183105469,00,1,neowise,14.256,0.085,13.702,0.116,12.8,9.4,399.78,31.188,237.91,25.31,AB
240.2969065,47.7526746,59401.06925788,,,,,,,,,0000,1.0,67.75199890136719,00,1,neowise,14.322,0.082,13.565,0.115,13.2,9.4,376.37,28.434,270.09,28.691,AB
240.296841,47.7526508,59401.461458,,,,,,,,,0000,1.0,114.197998046875,00,1,neowise,14.425,0.07,13.733,0.159,15.6,6.8,342.35,21.937,231.37,33.898,AB
240.2967723,47.7526847,59401.72288227,,,,,,,,,0000,1.0,72.71800231933594,00,1,neowise,14.271,0.058,13.764,0.124,18.7,8.8,394.46,21.131,224.81,25.631,AB
240.2969117,47.7526581,59399.95823589,,,,,,,,,0000,1.0,57.9109992980957,00,1,neowise,14.288,0.06,13.917,0.153,17.9,7.1,388.24,21.631,195.25,27.554,AB
240.2969249,47.7526365,59400.08888438,,,,,,,,,0000,1.0,70.64299774169922,00,1,neowise,14.1,0.069,13.784,0.122,15.7,8.9,461.86,29.493,220.74,24.891,AB
240.2969156,47.7526431,59400.35043601,,,,,,,,,0000,1.0,125.09300231933594,00,1,neowise,14.247,0.068,13.743,0.122,16.1,8.9,403.29,25.099,229.27,25.835,AB
240.2968265,47.7525611,59401.39613381,,,,,,,,,0000,1.0,129.02200317382812,00,1,neowise,14.508,0.12,13.672,0.152,9.0,7.1,317.03,35.157,244.6,34.352,BB
240.2966795,47.7529773,59400.4157602,,,,,,,,,0000,1.0,124.51000213623047,00,1,neowise,14.522,0.068,13.756,0.132,15.9,8.2,312.97,19.686,226.47,27.457,AB
240.296892,47.7527529,59400.67718447,,,,,,,,,0000,1.0,78.5530014038086,00,1,neowise,14.293,0.079,13.918,0.244,13.8,4.4,386.55,28.106,195.06,43.843,AB
240.2968473,47.7527104,59400.87328512,,,,,,,,,0000,0.5,56.89899826049805,00,1,neowise,14.393,0.09,13.705,0.131,12.1,8.3,352.46,29.074,237.36,28.594,AB
240.2968192,47.7527129,59401.26535792,,,,,,,,,0000,1.0,105.92500305175781,00,1,neowise,14.26,0.055,14.354,0.223,19.8,4.9,398.37,20.128,130.51,26.835,AB
240.2967673,47.7527454,59400.93860941,,,,,,,,,0000,0.5,57.46799850463867,00,1,neowise,14.365,0.085,13.73,0.133,12.7,8.2,361.65,28.375,231.95,28.427,AB
240.2970724,47.7527835,59400.61173287,,,,,,,,,0000,1.0,85.68199920654297,00,1,neowise,14.394,0.108,13.966,0.133,10.1,8.2,352.06,34.893,186.67,22.888,AB
240.2969524,47.7526998,59401.3306822,,,,,,,,,0000,1.0,120.63700103759766,00,1,neowise,14.447,0.071,13.897,0.137,15.3,7.9,335.52,21.867,198.84,25.053,AB
240.2969841,47.752701,59401.59210647,,,,,,,,,0000,0.5,88.46600341796875,00,1,neowise,14.288,0.058,13.411,0.107,18.7,10.1,388.31,20.738,311.24,30.757,AA
240.2971035,47.7526761,59400.48057513,,,,,,,,,0000,1.0,109.63800048828125,00,1,neowise,14.309,0.063,13.813,0.141,17.2,7.7,380.89,22.146,214.89,27.962,AB
240.2969347,47.7527103,59400.08901174,,,,,,,,,0000,1.0,71.33999633789062,00,1,neowise,14.33,0.065,13.607,0.107,16.6,10.1,373.7,22.535,259.81,25.627,AA
240.2969119,47.7527884,59400.28498441,,,,,,,,,0000,1.0,110.34500122070312,00,1,neowise,14.362,0.059,13.705,0.13,18.3,8.3,362.58,19.781,237.37,28.44,AB
240.2969945,47.7527537,59400.54589936,,,,,,,,,0000,1.0,95.4990005493164,00,1,neowise,14.236,0.071,13.811,0.13,15.3,8.3,407.53,26.555,215.25,25.844,AB
240.2969297,47.7527574,59401.19952432,,,,,,,,,0000,0.5,90.18000030517578,00,1,neowise,14.338,0.061,13.444,0.118,17.8,9.2,370.97,20.83,301.83,32.892,AB
240.2968683,47.7528565,59401.13420013,,,,,,,,,0000,0.5,76.43599700927734,00,1,neowise,14.415,0.063,14.156,0.2,17.3,5.4,345.4,20.001,156.65,28.831,AB
240.296931,47.7528224,59401.85353074,,,,,,,,,0000,0.5,56.54999923706055,00,1,neowise,14.184,0.058,13.664,0.116,18.7,9.3,427.22,22.904,246.53,26.405,AB
240.2967554,47.7524088,60132.06347716,,,,,,,,,0000,1.0,67.10700225830078,00,1,neowise,14.684,0.095,13.832,0.168,11.5,6.5,269.6,23.544,211.12,32.597,AB
240.2968501,47.7524487,57583.81424985,,,,,,,,,0000,1.0,55.59299850463867,00,1,neowise,14.202,0.087,13.636,0.118,12.5,9.2,420.88,33.756,252.93,27.528,AB
240.2970193,47.7525976,57580.93170417,,,,,,,,,0000,1.0,57.637001037597656,00,1,neowise,14.346,0.062,13.819,0.128,17.6,8.5,368.44,20.988,213.79,25.178,AB
240.2966667,47.7526681,57581.65230861,,,,,,,,,0000,0.5,76.14399719238281,00,1,neowise,14.384,0.062,13.657,0.125,17.5,8.7,355.91,20.29,248.19,28.606,AB
240.2967707,47.7525805,57581.9143698,,,,,,,,,0000,0.5,56.50299835205078,00,2,neowise,14.421,0.068,13.623,0.109,15.9,10.0,343.85,21.563,256.02,25.602,AA
240.2969097,47.7526678,57581.97994882,,,,,,,,,0000,0.5,60.89699935913086,00,1,neowise,14.536,0.083,13.722,0.109,13.1,10.0,309.29,23.674,233.77,23.495,AA
240.2967963,47.7526393,57580.66964297,,,,,,,,,0000,1.0,74.6259994506836,00,1,neowise,14.308,0.059,13.575,0.147,18.4,7.4,381.46,20.689,267.76,36.337,AB
240.2967532,47.7526809,57580.99728309,,,,,,,,,0000,0.5,63.47700119018555,00,1,neowise,14.413,0.066,13.921,0.192,16.4,5.7,346.52,21.132,194.64,34.371,AB
240.2968001,47.7526287,57583.94528047,,,,,,,,,0000,1.0,56.880001068115234,00,1,neowise,14.345,0.061,13.822,0.125,17.9,8.7,368.83,20.64,213.28,24.584,AB
240.2967882,47.7526331,57584.20734163,,,,,,,,,0000,1.0,101.11599731445312,00,1,neowise,14.434,0.09,13.71,0.133,12.1,8.1,339.79,28.055,236.35,29.046,AB
240.2968986,47.752592,57580.80067355,,,,,,,,,0000,1.0,57.58599853515625,00,1,neowise,14.332,0.059,13.672,0.128,18.3,8.5,373.29,20.429,244.72,28.803,AB
240.2969369,47.7526606,57581.1281864,,,,,,,,,0000,1.0,84.47000122070312,00,1,neowise,14.344,0.066,13.785,0.124,16.5,8.8,369.11,22.362,220.54,25.116,AB
240.2969818,47.7525691,57581.71788753,,,,,,,,,0000,0.5,67.197998046875,00,1,neowise,14.375,0.063,13.851,0.133,17.3,8.1,358.76,20.689,207.52,25.507,AB
240.2969314,47.7525882,57581.78333919,,,,,,,,,0000,0.5,58.308998107910156,00,1,neowise,14.395,0.07,13.76,0.126,15.6,8.6,352.19,22.579,225.64,26.132,AB
240.297321,47.7527882,57584.07631105,,,,,,,,,0000,1.0,73.60099792480469,00,1,neowise,14.212,0.066,13.721,0.117,16.3,9.3,416.77,25.504,233.95,25.113,AB
240.2969147,47.7526943,57581.25921689,,,,,,,,,0000,1.0,113.19100189208984,00,1,neowise,14.361,0.066,13.696,0.11,16.4,9.9,363.48,22.154,239.44,24.291,AB
240.296829,47.7527493,57581.39024745,,,,,,,,,0000,1.0,121.37799835205078,00,1,neowise,14.242,0.094,14.037,0.14,11.5,7.7,405.59,35.134,174.96,22.638,AB
240.2968717,47.7527581,57581.45582647,,,,,,,,,0000,0.5,106.6969985961914,00,1,neowise,14.468,0.07,13.831,0.116,15.6,9.4,329.33,21.15,211.48,22.515,AB
240.2969151,47.7526993,57581.586857,,,,,,,,,0000,0.5,83.62899780273438,00,1,neowise,14.335,0.063,14.179,0.189,17.1,5.7,372.16,21.761,153.42,26.688,AB
240.2968544,47.7527612,57584.2729205,,,,,,,,,0000,1.0,116.14700317382812,00,1,neowise,14.407,0.066,13.833,0.132,16.4,8.2,348.46,21.206,211.05,25.731,AB
240.2968344,47.7527541,57584.33837211,,,,,,,,,0000,1.0,131.25399780273438,00,1,neowise,14.377,0.079,13.81,0.111,13.7,9.8,358.16,26.173,215.56,22.084,AB
240.2968238,47.752802,57580.99715578,,,,,,,,,0000,0.5,62.99599838256836,00,1,neowise,14.382,0.073,13.989,0.187,15.0,5.8,356.52,23.84,182.77,31.477,AB
240.2970849,47.7528159,57580.5386124,,,,,,,,,0000,0.5,90.85099792480469,00,1,neowise,14.494,0.067,13.885,0.116,16.1,9.3,321.68,19.977,201.17,21.582,AB
240.2970022,47.7526918,57583.68321928,,,,,,,,,0000,1.0,71.7969970703125,00,1,neowise,14.292,0.061,13.861,0.135,17.9,8.1,387.41,21.606,205.72,25.539,AB
240.297044,47.7527539,57583.6833466,,,,,,,,,0000,1.0,72.10299682617188,00,1,neowise,14.585,0.094,13.833,0.164,11.6,6.6,295.57,25.465,211.06,31.932,AB
240.2969996,47.7527743,57581.06273475,,,,,,,,,0000,0.5,72.46800231933594,00,1,neowise,14.375,0.065,14.024,0.164,16.7,6.6,358.84,21.48,177.07,26.768,AB
240.2970119,47.7527855,57581.12831372,,,,,,,,,0000,1.0,84.96700286865234,00,1,neowise,14.375,0.064,14.051,0.152,17.0,7.1,358.91,21.086,172.66,24.154,AB
240.2969359,47.7527098,57581.19376532,,,,,,,,,0000,0.5,98.81600189208984,00,1,neowise,14.375,0.06,13.736,0.155,18.2,7.0,358.71,19.73,230.78,32.958,AB
240.2969346,47.7527514,57581.32479586,,,,,,,,,0000,1.0,128.13800048828125,00,1,neowise,14.257,0.063,13.691,0.133,17.2,8.2,399.98,23.247,240.58,29.365,AB
240.2969871,47.7527688,57581.52127803,,,,,,,,,0000,0.5,93.60299682617188,00,1,neowise,14.481,0.083,13.903,0.143,13.1,7.6,325.33,24.744,197.89,26.077,AB
240.2969228,47.7527457,57581.84891816,,,,,,,,,0000,0.5,56.15299987792969,00,1,neowise,14.472,0.067,13.816,0.149,16.3,7.3,328.05,20.182,214.45,29.406,AB
240.2969114,47.7527997,57584.0108594,,,,,,,,,0000,0.5,64.3030014038086,00,1,neowise,14.365,0.059,13.856,0.122,18.3,8.9,362.05,19.742,206.71,23.273,AB
240.2969389,47.7527665,57584.14189002,,,,,,,,,0000,1.0,87.00599670410156,00,1,neowise,14.447,0.066,13.785,0.131,16.5,8.3,335.91,20.308,220.57,26.669,AB
240.2969987,47.7526483,58143.83356395,,,,,,,,,0000,0.5,113.70600128173828,00,1,neowise,14.306,0.068,13.686,0.152,16.0,7.1,381.9,23.853,241.64,33.818,AB
240.2969545,47.7526698,58144.55302588,,,,,,,,,0000,1.0,57.90599822998047,00,1,neowise,14.363,0.077,13.564,0.103,14.1,10.5,362.23,25.72,270.19,25.707,AA
240.296741,47.7527069,58143.44085229,,,,,,,,,0000,1.0,49.840999603271484,00,1,neowise,14.193,0.056,13.556,0.103,19.4,10.6,423.62,21.877,272.27,25.787,AA
240.2967029,47.7525474,58144.61847779,,,,,,,,,0000,0.5,67.08300018310547,00,1,neowise,14.164,0.074,13.763,0.122,14.6,8.9,435.32,29.841,225.05,25.221,AB
240.2968349,47.7526881,58143.50630425,,,,,,,,,0000,0.5,51.125,00,1,neowise,14.278,0.06,13.762,0.158,18.1,6.9,391.79,21.692,225.27,32.798,AB
240.2969014,47.7526645,58143.70266002,,,,,,,,,0000,1.0,82.81199645996094,00,1,neowise,14.232,0.058,13.578,0.097,18.8,11.2,408.96,21.73,266.69,23.731,AA
240.2968855,47.7526722,58144.09537177,,,,,,,,,0000,0.5,88.27100372314453,00,1,neowise,14.364,0.064,13.769,0.164,17.1,6.6,361.92,21.18,223.69,33.818,AB
240.2969004,47.7526578,58144.48757392,,,,,,,,,0000,0.5,52.992000579833984,00,1,neowise,14.21,0.063,13.635,0.145,17.3,7.5,417.17,24.096,253.09,33.714,AB
240.2967863,47.7526868,58144.68392971,,,,,,,,,0000,0.5,79.6240005493164,00,1,neowise,14.507,0.079,13.75,0.11,13.8,9.8,317.39,22.998,227.71,23.154,AB
240.2967703,47.7527095,58144.74938167,,,,,,,,,0000,1.0,93.88300323486328,00,1,neowise,14.355,0.087,13.692,0.104,12.5,10.4,365.02,29.217,240.11,23.0,AA
240.2968051,47.7526645,58144.74950898,,,,,,,,,0000,1.0,93.73799896240234,00,1,neowise,14.264,0.058,13.632,0.121,18.7,9.0,397.03,21.263,253.88,28.194,AB
240.2967725,47.7526485,58143.11308271,,,,,,,,,0000,0.5,87.10900115966797,00,1,neowise,14.322,0.063,13.7,0.105,17.1,10.4,376.18,21.982,238.48,23.017,AA
240.2968011,47.7526183,58143.63720811,,,,,,,,,0000,0.5,68.74500274658203,00,1,neowise,14.296,0.057,13.649,0.097,18.9,11.2,385.62,20.395,249.88,22.225,AA
240.2967247,47.7527659,58144.22627565,,,,,,,,,0000,0.5,69.61199951171875,00,1,neowise,14.297,0.059,13.571,0.137,18.3,7.9,385.21,21.107,268.54,33.921,AB
240.2967894,47.7528178,58143.96446786,,,,,,,,,0000,0.5,118.81800079345703,00,1,neowise,14.234,0.055,13.785,0.158,19.8,6.9,408.07,20.559,220.41,31.988,AB
240.2970557,47.7527188,58143.2444965,,,,,,,,,0000,0.5,67.7770004272461,00,1,neowise,14.219,0.057,13.586,0.112,19.2,9.7,413.75,21.578,264.91,27.361,AB
240.2969879,47.7527298,58143.8990159,,,,,,,,,0000,1.0,130.8070068359375,00,1,neowise,14.21,0.054,13.458,0.095,20.0,11.4,417.31,20.871,298.06,26.175,AA
240.2969679,47.752689,58144.35717947,,,,,,,,,0000,1.0,51.930999755859375,00,1,neowise,14.229,0.058,13.581,0.178,18.7,6.1,409.92,21.966,266.19,43.711,AB
240.2969594,47.7527867,58143.37540034,,,,,,,,,0000,0.5,50.29399871826172,00,1,neowise,14.338,0.061,13.716,0.11,17.8,9.9,370.8,20.89,234.87,23.753,AB
240.2969461,47.7527179,58143.76811198,,,,,,,,,0000,0.5,97.39399719238281,00,1,neowise,14.302,0.057,13.803,0.184,18.9,5.9,383.19,20.25,216.84,36.717,AB
240.2969277,47.7527945,58144.02991981,,,,,,,,,0000,0.5,102.66600036621094,00,1,neowise,14.22,0.055,13.759,0.139,19.9,7.8,413.31,20.808,225.9,28.973,AB
240.2969739,47.7527565,58144.29172756,,,,,,,,,0000,1.0,61.159000396728516,00,1,neowise,14.207,0.059,13.733,0.138,18.5,7.9,418.41,22.562,231.35,29.326,AB
240.2969911,47.7527485,58144.42212206,,,,,,,,,0000,0.5,52.145999908447266,00,1,neowise,14.327,0.07,13.783,0.136,15.5,8.0,374.7,24.223,220.93,27.578,AB
240.2965128,47.7527761,59603.71768377,,,,,,,,,0000,0.0,84.11599731445312,00,1,neowise,14.533,0.069,14.24,0.185,15.6,5.9,309.76,19.807,144.96,24.757,AB
240.296886,47.75269,60334.55613731,,,,,,,,,0000,0.5,56.82600021362305,00,1,neowise,14.258,0.059,13.638,0.099,18.5,11.0,399.02,21.54,252.4,23.041,AA
240.2968797,47.7526359,60334.94299035,,,,,,,,,0000,1.0,127.61399841308594,00,1,neowise,14.227,0.074,13.614,0.12,14.6,9.1,410.81,28.181,258.11,28.52,AB
240.296857,47.7526602,60335.00742345,,,,,,,,,0000,0.5,111.99400329589844,00,1,neowise,14.267,0.083,13.501,0.136,13.1,8.0,396.06,30.26,286.32,35.793,AB
240.2969441,47.7526259,60334.74956383,,,,,,,,,0000,1.0,91.87999725341797,00,1,neowise,14.288,0.058,13.757,0.146,18.6,7.4,388.28,20.905,226.27,30.44,AB
240.2969311,47.7526141,60335.20085058,,,,,,,,,0000,0.5,76.72799682617188,00,1,neowise,14.356,0.07,13.703,0.113,15.5,9.6,364.75,23.546,237.73,24.792,AB
240.2966771,47.752859,60335.45883751,,,,,,,,,0000,0.5,52.4119987487793,00,1,neowise,14.341,0.087,13.735,0.133,12.5,8.2,369.91,29.614,230.96,28.259,AB
240.2967584,47.7527242,60333.97573638,,,,,,,,,0000,1.0,119.62200164794922,00,1,neowise,14.145,0.052,13.42,0.113,21.0,9.6,443.05,21.134,308.6,32.03,AB
240.2968959,47.7527098,60334.42715003,,,,,,,,,0000,0.5,52.277000427246094,00,1,neowise,14.203,0.055,13.562,0.097,19.9,11.2,419.99,21.095,270.88,24.108,AA
240.2968742,47.7527994,60335.32984405,,,,,,,,,0000,1.0,59.3650016784668,00,1,neowise,14.434,0.074,13.599,0.154,14.6,7.0,339.38,23.194,261.66,37.169,AB
240.2969044,47.7527068,60335.84569054,,,,,,,,,0000,1.0,114.25499725341797,00,1,neowise,14.268,0.057,13.853,0.164,19.2,6.6,395.33,20.612,207.02,31.312,AB
240.2968485,47.7528284,60335.07198443,,,,,,,,,0000,0.5,97.03399658203125,00,1,neowise,14.309,0.068,13.713,0.103,16.0,10.6,380.94,23.742,235.56,22.26,AA
240.2968169,47.7527934,60334.10472995,,,,,,,,,0000,1.0,90.74600219726562,00,1,neowise,14.234,0.058,13.625,0.104,18.7,10.4,408.09,21.813,255.45,24.484,AA
240.2968428,47.75281,60334.36258957,,,,,,,,,0000,1.0,55.569000244140625,00,1,neowise,14.373,0.062,13.594,0.102,17.4,10.6,359.2,20.605,262.91,24.774,AA
240.2967728,47.7527274,60334.62057032,,,,,,,,,0000,1.0,65.98200225830078,00,1,neowise,14.385,0.061,13.761,0.133,17.9,8.2,355.24,19.816,225.53,27.663,AB
240.2968141,47.7527606,60335.58770361,,,,,,,,,0000,1.0,61.5629997253418,00,1,neowise,14.331,0.068,13.518,0.096,16.0,11.3,373.23,23.321,282.01,25.055,AA
240.2969497,47.752687,60334.81399689,,,,,,,,,0000,0.5,106.57499694824219,00,1,neowise,14.322,0.06,13.817,0.144,18.0,7.5,376.3,20.871,214.0,28.365,AB
240.2970635,47.7527398,60335.39427714,,,,,,,,,0000,1.0,53.10499954223633,00,1,neowise,14.393,0.079,13.838,0.138,13.7,7.9,352.39,25.707,209.93,26.601,AB
240.2968906,47.7527933,60334.68513073,,,,,,,,,0000,1.0,77.6520004272461,00,1,neowise,14.197,0.058,13.521,0.1,18.7,10.9,422.19,22.554,281.21,25.855,AA
240.2969459,47.7527258,60334.8785573,,,,,,,,,0000,0.5,122.45700073242188,00,1,neowise,14.297,0.06,13.76,0.134,18.2,8.1,385.03,21.125,225.53,27.82,AB
240.2969451,47.7527871,60335.13641748,,,,,,,,,0000,0.5,84.88999938964844,00,1,neowise,14.424,0.068,13.661,0.137,16.0,7.9,342.47,21.409,247.23,31.307,AB
240.2969726,47.7527801,60335.26541095,,,,,,,,,0000,1.0,68.90499877929688,00,1,neowise,14.154,0.059,13.631,0.134,18.5,8.1,439.41,23.713,254.11,31.436,AB
240.2970153,47.7527823,60335.71669707,,,,,,,,,0000,1.0,84.69599914550781,00,1,neowise,14.321,0.062,13.7,0.113,17.4,9.6,376.53,21.671,238.4,24.767,AB
240.2968771,47.7528225,60334.23372345,,,,,,,,,0000,1.0,72.82499694824219,00,1,neowise,14.394,0.064,13.607,0.165,16.9,6.6,352.12,20.794,259.89,39.417,AB
240.2970706,47.752645,56864.0070116,,,,,,,,,0000,1.0,68.14900207519531,00,1,neowise,14.487,0.07,13.889,0.136,15.6,8.0,322.88,20.75,200.13,25.028,AB
240.2969539,47.7526665,56863.34905811,,,,,,,,,0000,1.0,123.71600341796875,00,1,neowise,14.511,0.093,13.839,0.12,11.6,9.1,315.95,27.136,209.44,23.119,AB
240.2970284,47.7525456,56863.87534449,,,,,,,,,0000,0.5,55.80699920654297,00,1,neowise,14.52,0.082,13.868,0.128,13.2,8.5,313.27,23.747,203.89,24.087,AB
240.2967153,47.7525309,56863.7438047,,,,,,,,,0000,0.5,58.79899978637695,00,1,neowise,14.344,0.074,13.858,0.182,14.7,6.0,368.21,24.986,205.9,34.447,AB
240.2968901,47.7526629,56863.0859781,,,,,,,,,0000,1.0,82.03099822998047,00,1,neowise,14.493,0.081,13.892,0.11,13.5,9.9,321.22,23.835,199.52,20.224,AB
240.296792,47.7526862,56864.53329782,,,,,,,,,0000,1.0,86.18299865722656,00,1,neowise,14.324,0.087,13.757,0.109,12.5,10.0,375.31,30.017,225.9,22.65,AA
240.2968274,47.7526937,56864.40163082,,,,,,,,,0000,0.5,111.56400299072266,00,1,neowise,14.586,0.071,13.768,0.108,15.3,10.1,294.69,19.281,223.68,22.237,AA
240.2967915,47.7526422,56864.07271782,,,,,,,,,0000,1.0,79.08000183105469,00,1,neowise,14.683,0.09,13.856,0.143,12.1,7.6,269.52,22.32,206.27,27.097,AB
240.2967518,47.7526913,56864.53317051,,,,,,,,,0000,1.0,85.72200012207031,00,1,neowise,14.582,0.071,13.847,0.113,15.4,9.6,295.8,19.227,208.0,21.594,AB
240.2969189,47.7526034,56863.21751841,,,,,,,,,0000,1.0,110.625,00,1,neowise,14.431,0.079,13.808,0.18,13.8,6.0,340.04,24.725,215.52,35.689,AB
240.2968997,47.7526104,56863.80963825,,,,,,,,,0000,0.5,55.44599914550781,00,1,neowise,14.345,0.068,13.812,0.142,16.0,7.6,367.86,23.04,214.75,28.086,AB
240.2969207,47.7526325,56863.67797115,,,,,,,,,0000,1.0,67.88500213623047,00,1,neowise,14.387,0.095,14.077,0.149,11.4,7.3,354.18,31.105,168.23,23.079,AB
240.2969487,47.7526253,56864.46746437,,,,,,,,,0000,0.5,97.55599975585938,00,1,neowise,14.498,0.066,13.977,0.154,16.3,7.0,319.67,19.563,184.51,26.24,AB
240.2966497,47.7527973,56863.54643135,,,,,,,,,0000,1.0,84.25199890136719,00,1,neowise,14.39,0.072,13.87,0.126,15.1,8.6,353.19,23.428,203.65,23.67,AB
240.2966408,47.752732,56863.94117804,,,,,,,,,0000,0.5,59.32500076293945,00,1,neowise,14.455,0.086,13.989,0.168,12.7,6.5,332.67,26.207,182.47,28.263,AB
240.2968906,47.7527144,56864.59900406,,,,,,,,,0000,1.0,77.83799743652344,00,1,neowise,14.458,0.063,13.953,0.121,17.1,8.9,331.5,19.334,188.69,21.115,AB
240.2968147,47.7527482,56864.27009103,,,,,,,,,0000,0.5,122.86100006103516,00,1,neowise,14.43,0.069,13.783,0.146,15.8,7.5,340.18,21.581,220.5,29.553,AB
240.2968401,47.7527486,56863.61226491,,,,,,,,,0000,1.0,76.90599822998047,00,1,neowise,14.357,0.062,14.035,0.141,17.5,7.7,364.08,20.811,174.88,22.667,AB
240.2968065,47.7527289,56863.48072521,,,,,,,,,0000,0.5,95.26300048828125,00,1,neowise,14.316,0.061,14.159,0.17,17.7,6.4,378.1,21.401,155.95,24.481,AB
240.2968683,47.7527301,56864.20425757,,,,,,,,,0000,1.0,107.40399932861328,00,1,neowise,14.453,0.065,13.96,0.141,16.8,7.7,333.12,19.813,187.32,24.293,AB
240.2968458,47.7527899,56864.86221091,,,,,,,,,0000,0.5,55.965999603271484,00,1,neowise,14.424,0.064,13.854,0.146,17.0,7.4,342.24,20.115,206.65,27.792,AB
240.2970103,47.7527266,56862.95443826,,,,,,,,,0000,0.5,61.441001892089844,00,1,neowise,14.546,0.07,13.94,0.147,15.5,7.4,305.73,19.764,190.85,25.842,AB
240.2970193,47.7527159,56864.73054385,,,,,,,,,0000,1.0,60.05400085449219,00,1,neowise,14.446,0.08,14.06,0.136,13.6,8.0,335.36,24.682,170.91,21.45,AB
240.2969872,47.7527109,56863.28335187,,,,,,,,,0000,1.0,126.02200317382812,00,1,neowise,14.362,0.072,13.892,0.107,15.0,10.1,362.22,24.151,199.42,19.673,AA
240.296918,47.7527247,56862.8227712,,,,,,,,,0000,1.0,55.513999938964844,00,1,neowise,14.508,0.068,13.726,0.118,15.9,9.2,316.8,19.905,232.42,25.257,AB
240.2969772,47.7527385,56863.41489167,,,,,,,,,0000,1.0,108.6719970703125,00,1,neowise,14.498,0.086,13.768,0.153,12.7,7.1,319.51,25.177,223.74,31.527,AB
240.296899,47.7528167,56864.13855138,,,,,,,,,0000,1.0,93.23799896240234,00,1,neowise,14.471,0.07,13.912,0.142,15.4,7.6,327.82,21.276,195.8,25.697,AB
240.2969554,47.7526586,57050.08195183,,,,,,,,,0000,0.5,87.30999755859375,00,1,neowise,14.484,0.061,13.792,0.103,17.9,10.6,322.99,18.085,220.39,20.811,AA
240.2967757,47.752569,57049.95053878,,,,,,,,,0000,0.5,113.18900299072266,00,1,neowise,14.453,0.064,14.131,0.186,16.9,5.8,332.26,19.697,161.19,27.634,AB
240.2969122,47.7529301,57049.62200627,,,,,,,,,0000,1.0,78.18900299072266,00,1,neowise,14.504,0.076,13.919,0.142,14.4,7.6,317.0,22.064,196.06,25.642,AB
240.2968755,47.752702,57049.75341932,,,,,,,,,0000,0.0,106.1449966430664,00,1,neowise,14.459,0.061,13.917,0.108,17.9,10.1,330.54,18.451,196.45,19.459,AA
240.2970548,47.7527942,57049.68771279,,,,,,,,,0000,0.5,91.80400085449219,00,1,neowise,14.44,0.101,13.797,0.213,10.8,5.1,336.28,31.136,219.24,42.997,AB
240.2970291,47.7527299,57049.55629975,,,,,,,,,0000,0.5,67.60299682617188,00,1,neowise,14.548,0.097,14.029,0.155,11.2,7.0,304.53,27.163,177.1,25.291,AB
240.2969839,47.7527494,57049.81912583,,,,,,,,,0000,0.5,121.23699951171875,00,1,neowise,14.493,0.061,13.768,0.104,17.7,10.5,320.19,18.069,225.3,21.514,AA
240.2968259,47.7528467,57419.08035318,,,,,,,,,0000,0.0,88.3010025024414,00,1,neowise,14.488,0.064,13.707,0.156,16.8,7.0,323.43,19.207,236.35,33.986,AB
240.29697,47.7526616,58507.34715763,,,,,,,,,0000,1.0,56.58300018310547,00,1,neowise,14.233,0.06,13.748,0.118,18.1,9.2,408.65,22.567,228.23,24.864,AB
240.2967002,47.7525601,58508.85203507,,,,,,,,,0000,0.0,115.68000030517578,00,1,neowise,14.388,0.071,13.619,0.106,15.3,10.2,354.24,23.198,256.9,25.138,AA
240.2968719,47.7526764,58507.67428476,,,,,,,,,0000,1.0,75.25700378417969,00,1,neowise,14.087,0.057,13.629,0.104,19.0,10.4,467.31,24.54,254.5,24.424,AA
240.2969022,47.752671,58507.87064008,,,,,,,,,0000,1.0,120.37999725341797,00,1,neowise,14.168,0.054,13.596,0.143,20.2,7.6,433.74,21.52,262.43,34.682,AB
240.2968602,47.7526662,58508.32867567,,,,,,,,,0000,0.0,58.88800048828125,00,1,neowise,14.415,0.087,13.484,0.105,12.5,10.3,345.36,27.577,290.92,28.138,AA
240.2967094,47.7526451,58508.52490363,,,,,,,,,0000,1.0,53.53799819946289,00,1,neowise,14.302,0.067,13.921,0.156,16.2,7.0,383.19,23.654,194.51,27.905,AB
240.2969501,47.7526348,58508.26322388,,,,,,,,,0000,1.0,68.66699981689453,00,1,neowise,14.292,0.063,13.602,0.115,17.2,9.5,386.82,22.496,261.01,27.57,AB
240.2966963,47.7527264,58508.06686866,,,,,,,,,0000,0.0,98.1760025024414,00,1,neowise,14.372,0.062,13.797,0.137,17.6,7.9,359.25,20.443,218.14,27.583,AB
240.2969147,47.7527031,58507.67441207,,,,,,,,,0000,1.0,75.06400299072266,00,1,neowise,14.181,0.065,13.678,0.103,16.7,10.6,428.64,25.677,243.29,23.045,AA
240.2968308,47.7527189,58507.73973649,,,,,,,,,0000,0.5,89.46700286865234,00,1,neowise,14.166,0.054,13.62,0.117,20.2,9.3,434.29,21.505,256.77,27.703,AB
240.2969324,47.7526903,58508.39412736,,,,,,,,,0000,1.0,51.672000885009766,00,1,neowise,14.276,0.057,13.529,0.119,18.9,9.1,392.73,20.784,279.23,30.54,AB
240.2968481,47.7527482,58508.65580707,,,,,,,,,0000,1.0,71.38800048828125,00,1,neowise,14.263,0.056,13.619,0.129,19.3,8.4,397.21,20.611,256.92,30.628,AB
240.2968486,47.7528198,58509.11384219,,,,,,,,,0000,1.0,88.02999877929688,00,1,neowise,14.364,0.064,13.485,0.1,16.9,10.8,362.06,21.441,290.77,26.879,AA
240.296844,47.7527855,58507.47806123,,,,,,,,,0000,0.5,52.27199935913086,00,1,neowise,14.226,0.057,13.547,0.106,19.0,10.2,410.97,21.624,274.47,26.823,AA
240.2968268,47.7527797,58507.60896028,,,,,,,,,0000,0.5,63.41299819946289,00,1,neowise,14.24,0.058,14.184,0.235,18.6,4.6,405.82,21.805,152.62,33.038,AB
240.2969442,47.7526939,58507.80518829,,,,,,,,,0000,0.5,104.18800354003906,00,1,neowise,14.281,0.06,13.599,0.198,18.2,5.5,390.92,21.464,261.65,47.655,AB
240.2970001,47.7526928,58508.00154422,,,,,,,,,0000,0.5,112.97699737548828,00,1,neowise,14.217,0.084,13.612,0.147,12.9,7.4,414.56,32.246,258.59,34.933,AB
240.2969076,47.7527545,58507.93609186,,,,,,,,,0000,0.0,129.33399963378906,00,1,neowise,14.265,0.059,13.51,0.112,18.5,9.7,396.66,21.467,284.18,29.316,AB
240.29694,47.75277,58508.06699597,,,,,,,,,0000,0.5,97.63999938964844,00,1,neowise,14.351,0.079,13.669,0.108,13.8,10.0,366.53,26.509,245.31,24.435,AA
240.2969246,47.7527556,58508.13232039,,,,,,,,,0000,0.5,85.24600219726562,00,1,neowise,14.152,0.073,13.433,0.122,14.9,8.9,440.01,29.459,304.87,34.296,AB
240.2969741,47.752769,58508.19777214,,,,,,,,,0000,1.0,76.02300262451172,00,1,neowise,14.222,0.062,13.668,0.119,17.6,9.1,412.75,23.416,245.51,26.99,AB
240.2969022,47.7527717,58508.45945184,,,,,,,,,0000,1.0,52.125999450683594,00,1,neowise,14.261,0.069,13.506,0.111,15.7,9.8,398.23,25.343,285.08,29.021,AB
240.2969484,47.7527348,58508.59035537,,,,,,,,,0000,1.0,60.92100143432617,00,1,neowise,14.099,0.061,13.41,0.127,17.8,8.6,462.33,26.004,311.42,36.422,AB
240.2969539,47.7527061,58508.72125885,,,,,,,,,0000,0.5,85.22100067138672,00,1,neowise,14.285,0.065,13.579,0.109,16.7,10.0,389.46,23.333,266.59,26.779,AA
240.2969656,47.7527249,58508.7867106,,,,,,,,,0000,1.0,99.68800354003906,00,1,neowise,14.282,0.057,13.718,0.104,19.0,10.4,390.56,20.61,234.5,22.537,AA
240.29689,47.7528848,58508.98293861,,,,,,,,,0000,0.5,117.61100006103516,00,1,neowise,14.287,0.064,13.63,0.113,16.9,9.6,388.56,22.931,254.23,26.472,AB
240.2965732,47.7526488,58875.24870587,,,,,,,,,0000,0.5,68.20700073242188,00,1,neowise,14.025,0.057,13.634,0.115,18.9,9.5,494.61,26.115,253.44,26.752,AB
240.2956545,47.7527467,58875.96829362,,,,,,,,,0000,0.0,121.54299926757812,00,1,neowise,14.73,0.091,13.995,0.144,11.9,7.6,258.42,21.735,181.72,24.062,AB
240.2969715,47.7526238,57049.16218803,,,,,,,,,0000,0.0,77.8479995727539,00,1,neowise,14.487,0.062,13.43,0.184,17.6,5.9,322.05,18.349,307.48,51.975,AB
240.2969489,47.7526644,57048.76794833,,,,,,,,,0000,0.5,109.43599700927734,00,1,neowise,14.365,0.059,13.87,0.124,18.4,8.7,360.56,19.562,205.13,23.461,AB
240.2968832,47.7526681,57049.3593075,,,,,,,,,0000,1.0,55.5,00,1,neowise,14.542,0.064,13.869,0.174,17.0,6.2,306.3,18.035,205.28,32.942,AB
240.2968055,47.7526042,57048.57082872,,,,,,,,,0000,1.0,69.87000274658203,00,1,neowise,14.321,0.058,13.797,0.107,18.6,10.1,375.39,20.134,219.28,21.677,AA
240.2967629,47.752691,57048.43954303,,,,,,,,,0000,1.0,56.823001861572266,00,1,neowise,14.452,0.061,13.749,0.114,17.7,9.5,332.55,18.834,229.14,24.092,AB
240.2967689,47.7526709,57049.42501402,,,,,,,,,0000,1.0,56.2599983215332,00,1,neowise,14.475,0.061,13.949,0.143,17.8,7.6,325.55,18.263,190.67,25.147,AB
240.2967947,47.7526375,57049.29360097,,,,,,,,,0000,0.5,59.71799850463867,00,1,neowise,14.456,0.061,13.675,0.157,17.8,6.9,331.49,18.658,245.38,35.442,AB
240.2969476,47.7525851,57048.70224176,,,,,,,,,0000,0.5,95.06900024414062,00,1,neowise,14.299,0.061,13.43,0.128,17.7,8.5,383.03,21.655,307.49,36.128,AB
240.2968856,47.7526263,57049.22789446,,,,,,,,,0000,1.0,69.14399719238281,00,1,neowise,14.391,0.058,14.077,0.192,18.6,5.6,351.79,18.931,169.5,30.028,AB
240.2968419,47.7527642,57049.0964815,,,,,,,,,0000,1.0,85.50900268554688,00,1,neowise,14.502,0.071,13.75,0.122,15.2,8.9,317.73,20.901,229.06,25.799,AB
240.2971133,47.7528176,57049.4248867,,,,,,,,,0000,0.5,56.75,00,1,neowise,14.512,0.097,13.9,0.114,11.2,9.5,314.87,28.234,199.48,21.03,AB
240.2969735,47.7526981,57048.83365485,,,,,,,,,0000,0.5,124.52200317382812,00,1,neowise,14.532,0.066,13.792,0.109,16.6,9.9,308.95,18.657,220.24,22.2,AB
240.296981,47.7527076,57049.03077442,,,,,,,,,0000,0.5,96.50199890136719,00,1,neowise,14.593,0.074,14.038,0.148,14.6,7.4,292.26,20.0,175.74,23.887,AB
240.2969758,47.7527622,57048.96506789,,,,,,,,,0000,0.5,110.25299835205078,00,1,neowise,14.484,0.063,13.911,0.167,17.2,6.5,323.12,18.793,197.4,30.38,AB
240.296935,47.752735,57048.89936138,,,,,,,,,0000,0.5,125.16600036621094,00,1,neowise,14.501,0.066,14.028,0.179,16.4,6.1,317.98,19.34,177.22,29.151,AB
240.2968934,47.7527765,57048.57095603,,,,,,,,,0000,0.5,69.39800262451172,00,1,neowise,14.629,0.124,14.051,0.138,8.7,7.8,282.66,32.343,173.56,22.117,BB
240.296659,47.7525266,58304.68413992,,,,,,,,,0000,1.0,74.98600006103516,00,1,neowise,14.052,0.07,13.534,0.096,15.5,11.3,482.69,31.137,277.81,24.659,AA
240.2969746,47.75268,59765.54058086,,,,,,,,,0000,1.0,96.37200164794922,00,1,neowise,14.425,0.066,14.366,0.242,16.4,4.5,342.39,20.878,129.12,28.758,AB
240.2969855,47.7526681,59765.73668102,,,,,,,,,0000,1.0,70.32499694824219,00,1,neowise,14.397,0.063,13.858,0.166,17.3,6.6,351.25,20.302,206.09,31.439,AB
240.296948,47.7526672,59765.93239919,,,,,,,,,0000,1.0,58.027000427246094,00,1,neowise,14.299,0.056,13.634,0.111,19.3,9.8,384.52,19.968,253.37,25.821,AB
240.2968781,47.7526596,59764.69301997,,,,,,,,,0000,1.0,77.55999755859375,00,1,neowise,14.495,0.085,14.186,0.248,12.7,4.4,320.86,25.263,152.4,34.764,AB
240.2967815,47.7527021,59769.06325381,,,,,,,,,0000,1.0,65.35299682617188,00,1,neowise,14.446,0.063,13.68,0.163,17.1,6.7,335.77,19.609,242.91,36.509,AB
240.2969333,47.7526635,59764.43197763,,,,,,,,,0000,1.0,119.5469970703125,00,1,neowise,14.595,0.112,14.014,0.27,9.7,4.0,292.64,30.067,178.64,44.345,BB
240.2968619,47.7527518,59764.82341391,,,,,,,,,0000,1.0,59.93600082397461,00,1,neowise,14.263,0.057,13.722,0.13,18.9,8.4,397.42,20.974,233.66,27.944,AB
240.296809,47.7527144,59765.14965336,,,,,,,,,0000,1.0,83.4749984741211,00,1,neowise,14.426,0.064,13.413,0.123,17.0,8.8,341.87,20.087,310.48,35.171,AB
240.2968399,47.7527171,59765.47525659,,,,,,,,,0000,1.0,109.85399627685547,00,1,neowise,14.416,0.063,13.853,0.132,17.2,8.2,345.03,20.1,207.13,25.232,AB
240.2968338,47.7527285,59765.60628716,,,,,,,,,0000,1.0,87.06300354003906,00,1,neowise,14.467,0.068,13.865,0.143,15.9,7.6,329.29,20.657,204.83,26.922,AB
240.2968144,47.7527477,59766.06292045,,,,,,,,,0000,1.0,68.62200164794922,00,1,neowise,14.482,0.065,13.825,0.126,16.6,8.6,324.76,19.517,212.43,24.716,AB
240.2967623,47.7528108,59764.62769574,,,,,,,,,0000,0.5,84.33899688720703,00,1,neowise,14.385,0.071,13.756,0.145,15.3,7.5,355.22,23.244,226.44,30.215,AB
240.2968221,47.7527727,59768.99805685,,,,,,,,,0000,0.5,57.41999816894531,00,1,neowise,14.37,0.063,13.585,0.132,17.1,8.2,359.99,21.043,265.18,32.166,AB
240.2969689,47.7527076,59765.67148407,,,,,,,,,0000,1.0,79.16000366210938,00,1,neowise,14.419,0.076,13.609,0.144,14.4,7.6,344.13,23.949,259.26,34.301,AB
240.2970049,47.75269,59765.80200534,,,,,,,,,0000,1.0,61.50699996948242,00,1,neowise,14.37,0.058,13.877,0.128,18.6,8.5,359.9,19.357,202.58,23.96,AB
240.29712,47.7527585,59764.49679253,,,,,,,,,0000,1.0,105.26899719238281,00,1,neowise,14.591,0.091,13.908,0.12,11.9,9.1,293.74,24.628,196.92,21.725,AB
240.2970516,47.7527631,59764.69289265,,,,,,,,,0000,1.0,77.0,00,1,neowise,14.499,0.076,13.759,0.134,14.3,8.1,319.67,22.379,225.94,27.799,AB
240.2969301,47.7527034,59764.56198948,,,,,,,,,0000,0.5,92.34400177001953,00,1,neowise,14.37,0.089,13.703,0.201,12.2,5.4,359.95,29.587,237.85,44.039,AB
240.2969269,47.7527425,59764.88861082,,,,,,,,,0000,1.0,57.96099853515625,00,1,neowise,14.295,0.097,13.784,0.117,11.2,9.3,385.85,34.342,220.62,23.69,AB
240.2969116,47.752751,59765.01913208,,,,,,,,,0000,1.0,63.34400177001953,00,1,neowise,14.359,0.074,13.567,0.111,14.7,9.8,363.72,24.755,269.51,27.497,AB
240.2969993,47.7527703,59765.2143409,,,,,,,,,0000,1.0,95.375,00,1,neowise,14.427,0.062,13.891,0.141,17.5,7.7,341.59,19.484,199.92,25.936,AB
240.2969797,47.7527282,59765.28004721,,,,,,,,,0000,1.0,110.86599731445312,00,1,neowise,14.442,0.082,14.242,0.24,13.2,4.5,336.87,25.435,144.68,31.973,AB
240.296933,47.7527782,59765.34537147,,,,,,,,,0000,0.5,124.72799682617188,00,1,neowise,14.484,0.086,13.753,0.12,12.7,9.0,324.02,25.572,227.09,25.159,AB
240.2969845,47.7527595,59765.41056904,,,,,,,,,0000,0.5,124.28700256347656,00,1,neowise,14.429,0.076,13.858,0.166,14.2,6.5,340.95,23.991,206.18,31.568,AB
240.2970397,47.7528903,59764.30158367,,,,,,,,,0000,1.0,115.76399993896484,00,1,neowise,14.445,0.069,13.789,0.131,15.8,8.3,336.0,21.216,219.59,26.489,AB
240.2969355,47.7528341,59764.75821692,,,,,,,,,0000,1.0,67.6760025024414,00,1,neowise,14.362,0.062,14.028,0.167,17.5,6.5,362.56,20.748,176.3,27.089,AB
240.2969885,47.7528287,59764.95393514,,,,,,,,,0000,0.5,59.33599853515625,00,1,neowise,14.452,0.082,14.024,0.219,13.3,5.0,333.97,25.095,177.01,35.689,AB
240.2969955,47.7526585,58670.23280667,,,,,,,,,0000,1.0,98.03399658203125,00,1,neowise,14.139,0.054,13.476,0.092,19.9,11.9,445.58,22.357,293.02,24.703,AA
240.2968128,47.7526936,58668.59791701,,,,,,,,,0000,1.0,87.87300109863281,00,1,neowise,14.217,0.07,13.551,0.122,15.5,8.9,414.55,26.741,273.43,30.818,AB
240.2967854,47.7526933,58669.12127573,,,,,,,,,0000,1.0,76.85700225830078,00,1,neowise,14.16,0.061,13.686,0.126,17.7,8.6,436.84,24.647,241.49,28.004,AB
240.2968202,47.7526708,58669.44840633,,,,,,,,,0000,0.5,116.60199737548828,00,1,neowise,14.252,0.061,13.21,0.116,17.7,9.4,401.41,22.722,374.52,39.928,AB
240.2968608,47.7526823,58669.57867278,,,,,,,,,0000,1.0,89.26799774169922,00,1,neowise,14.162,0.058,13.63,0.129,18.7,8.4,436.0,23.364,254.26,30.28,AB
240.296824,47.7526228,58669.64463374,,,,,,,,,0000,1.0,82.2300033569336,00,1,neowise,14.307,0.064,13.461,0.114,17.0,9.5,381.67,22.464,297.09,31.146,AB
240.2969318,47.7526812,58669.51322117,,,,,,,,,0000,1.0,101.9990005493164,00,1,neowise,14.126,0.054,13.602,0.135,20.0,8.0,450.57,22.565,261.05,32.546,AB
240.2966994,47.7527534,58669.31750312,,,,,,,,,0000,1.0,118.28299713134766,00,1,neowise,14.355,0.074,13.152,0.106,14.7,10.3,365.09,24.855,394.87,38.497,AA
240.2968321,47.7527254,58668.72882022,,,,,,,,,0000,1.0,72.1520004272461,00,1,neowise,14.396,0.063,14.065,0.229,17.3,4.8,351.43,20.314,170.35,35.864,AB
240.2968682,47.7527345,58669.25205157,,,,,,,,,0000,1.0,103.63700103759766,00,1,neowise,14.249,0.066,13.71,0.154,16.4,7.1,402.64,24.514,236.26,33.469,AB
240.2968209,47.7527228,58669.77540953,,,,,,,,,0000,1.0,64.82099914550781,00,1,neowise,14.27,0.065,13.456,0.124,16.8,8.7,394.74,23.536,298.49,34.181,AB
240.2967864,47.7527171,58669.84086113,,,,,,,,,0000,1.0,58.16999816894531,00,1,neowise,14.239,0.059,13.508,0.116,18.5,9.4,406.37,21.936,284.56,30.351,AB
240.2968042,47.7527286,58669.97163698,,,,,,,,,0000,1.0,58.13999938964844,00,1,neowise,14.232,0.056,13.439,0.138,19.4,7.8,408.77,21.076,303.14,38.661,AB
240.2968613,47.7527561,58670.10241287,,,,,,,,,0000,1.0,73.02100372314453,00,1,neowise,14.308,0.061,13.477,0.097,17.9,11.2,381.36,21.364,292.85,26.154,AA
240.2968475,47.7527442,58670.16735507,,,,,,,,,0000,1.0,83.60399627685547,00,1,neowise,14.248,0.056,13.735,0.141,19.5,7.7,402.77,20.625,230.81,29.965,AB
240.2968017,47.7527167,58670.36409177,,,,,,,,,0000,1.0,128.3939971923828,00,1,neowise,14.17,0.054,13.579,0.098,19.9,11.1,433.02,21.73,266.6,23.97,AA
240.2967167,47.752841,58670.49448563,,,,,,,,,0000,1.0,106.07099914550781,00,1,neowise,14.28,0.058,13.7,0.136,18.7,8.0,391.15,20.867,238.54,29.866,AB
240.2967999,47.7527685,58668.99049988,,,,,,,,,0000,0.5,59.9739990234375,00,1,neowise,14.393,0.065,13.522,0.142,16.8,7.7,352.44,20.993,280.84,36.636,AB
240.2967765,47.7527405,58669.70995793,,,,,,,,,0000,1.0,74.50900268554688,00,1,neowise,14.195,0.071,13.45,0.099,15.2,11.0,423.2,27.79,300.13,27.339,AA
240.2971014,47.7526999,58669.05582409,,,,,,,,,0000,1.0,66.81800079345703,00,1,neowise,14.068,0.056,13.463,0.102,19.5,10.6,475.64,24.354,296.53,27.856,AA
240.2971184,47.7527585,58669.18621797,,,,,,,,,0000,0.5,88.06099700927734,00,1,neowise,14.486,0.076,13.464,0.113,14.2,9.6,323.6,22.748,296.39,30.836,AB
240.2970733,47.7527657,58669.38295473,,,,,,,,,0000,1.0,131.3040008544922,00,1,neowise,14.26,0.058,13.598,0.184,18.6,5.9,398.4,21.434,262.03,44.459,AB
240.2970535,47.7527621,58669.90618537,,,,,,,,,0000,1.0,57.04199981689453,00,1,neowise,14.143,0.052,13.54,0.1,20.7,10.9,443.94,21.412,276.22,25.423,AA
240.2969676,47.7527828,58668.85959663,,,,,,,,,0000,1.0,57.1879997253418,00,1,neowise,14.012,0.07,13.571,0.103,15.5,10.6,500.47,32.212,268.58,25.363,AA
240.296911,47.7527765,58670.10254019,,,,,,,,,0000,1.0,73.68499755859375,00,1,neowise,14.172,0.056,13.728,0.129,19.4,8.4,432.03,22.227,232.42,27.665,AB
240.2968778,47.7528131,58670.03708858,,,,,,,,,0000,1.0,64.1969985961914,00,1,neowise,14.22,0.065,13.399,0.102,16.8,10.6,413.22,24.581,314.49,29.556,AA
240.2969542,47.752658,59035.66036575,,,,,,,,,0000,0.5,78.11100006103516,00,1,neowise,14.209,0.056,13.679,0.119,19.3,9.1,417.69,21.637,243.04,26.628,AB
240.2969918,47.7526664,59036.05269339,,,,,,,,,0000,1.0,62.5099983215332,00,1,neowise,14.203,0.083,13.488,0.132,13.1,8.2,419.81,32.049,289.88,35.242,AB
240.2970026,47.7526088,59036.37969668,,,,,,,,,0000,1.0,131.5489959716797,00,1,neowise,14.286,0.073,13.598,0.105,15.0,10.3,389.0,26.012,261.94,25.375,AA
240.2968447,47.7526858,59036.96825183,,,,,,,,,0000,1.0,54.577999114990234,00,1,neowise,14.222,0.055,13.559,0.125,19.9,8.7,412.55,20.733,271.53,31.359,AB
240.2967952,47.7526402,59036.18359654,,,,,,,,,0000,1.0,86.45899963378906,00,1,neowise,14.247,0.054,13.843,0.243,19.9,4.5,403.1,20.233,209.07,46.841,AB
240.2969228,47.75258,59035.79114159,,,,,,,,,0000,1.0,60.87900161743164,00,1,neowise,14.296,0.066,13.516,0.122,16.5,8.9,385.52,23.319,282.45,31.713,AB
240.2969063,47.7526491,59036.31437242,,,,,,,,,0000,1.0,115.81900024414062,00,1,neowise,14.164,0.059,13.384,0.117,18.4,9.3,435.33,23.723,319.15,34.469,AB
240.2972788,47.752864,59036.90280021,,,,,,,,,0000,1.0,53.266998291015625,00,1,neowise,14.516,0.164,13.766,0.128,6.6,8.5,314.62,47.584,224.33,26.539,BB
240.2968742,47.7527535,59036.44514831,,,,,,,,,0000,1.0,118.25700378417969,00,1,neowise,14.193,0.058,13.346,0.134,18.6,8.1,423.63,22.821,330.33,40.819,AB
240.2968101,47.7527298,59036.70670002,,,,,,,,,0000,1.0,73.08999633789062,00,1,neowise,14.188,0.053,13.474,0.105,20.4,10.3,425.85,20.843,293.67,28.454,AA
240.2968431,47.752715,59036.77202428,,,,,,,,,0000,1.0,63.54899978637695,00,1,neowise,14.242,0.057,13.632,0.097,19.2,11.2,405.05,21.134,253.78,22.567,AA
240.2968528,47.7527092,59036.90292752,,,,,,,,,0000,1.0,54.02799987792969,00,1,neowise,14.182,0.056,13.475,0.091,19.5,11.9,428.28,21.98,293.38,24.652,AA
240.2967674,47.7527453,59036.8374759,,,,,,,,,0000,1.0,55.290000915527344,00,1,neowise,14.249,0.057,13.717,0.13,19.2,8.4,402.53,20.976,234.77,28.004,AB
240.297146,47.7526859,59035.92191747,,,,,,,,,0000,1.0,53.8489990234375,00,1,neowise,14.291,0.064,13.427,0.097,17.0,11.2,387.32,22.804,306.73,27.282,AA
240.2970404,47.7527159,59036.64124839,,,,,,,,,0000,1.0,79.98799896240234,00,1,neowise,14.314,0.095,13.884,0.155,11.5,7.0,379.0,33.089,201.23,28.654,AB
240.2969467,47.7527031,59036.05282071,,,,,,,,,0000,1.0,63.22999954223633,00,1,neowise,14.211,0.061,13.804,0.149,17.7,7.3,417.01,23.524,216.64,29.71,AB
240.2969962,47.7527711,59036.24892084,,,,,,,,,0000,1.0,100.49199676513672,00,1,neowise,14.18,0.052,13.445,0.105,20.7,10.4,428.96,20.728,301.6,29.086,AA
240.2968887,47.7527834,59036.57592414,,,,,,,,,0000,1.0,90.13300323486328,00,1,neowise,14.178,0.062,13.732,0.108,17.5,10.0,429.52,24.611,231.56,23.1,AA
240.2967536,47.752461,59604.24027344,,,,,,,,,0000,0.5,71.54000091552734,00,1,neowise,14.528,0.089,13.596,0.13,12.2,8.4,311.41,25.582,262.37,31.397,AB
240.2966807,47.7526483,59606.06986644,,,,,,,,,0000,0.0,95.61100006103516,00,1,neowise,14.388,0.086,14.183,0.201,12.7,5.4,354.26,27.924,152.89,28.299,AB
240.2968448,47.7526961,59604.04430023,,,,,,,,,0000,0.5,103.36699676513672,00,1,neowise,14.327,0.068,13.845,0.175,16.0,6.2,374.46,23.463,208.62,33.711,AB
240.2968379,47.7526198,59605.74324433,,,,,,,,,0000,0.5,88.48699951171875,00,1,neowise,14.453,0.066,13.572,0.109,16.5,9.9,333.65,20.254,268.39,27.023,AB
240.2968943,47.7526686,59606.91908376,,,,,,,,,0000,0.5,133.09500122070312,00,1,neowise,14.526,0.105,13.683,0.102,10.3,10.7,311.91,30.144,242.18,22.71,AA
240.2967266,47.7526277,59606.59246171,,,,,,,,,0000,0.5,58.685001373291016,00,1,neowise,14.523,0.067,13.867,0.132,16.1,8.2,312.84,19.428,204.41,24.842,AB
240.2969558,47.7526264,59606.26583965,,,,,,,,,0000,1.0,65.7509994506836,00,1,neowise,14.475,0.071,13.825,0.143,15.4,7.6,326.9,21.281,212.43,28.045,AB
240.2969256,47.7526235,59606.39648845,,,,,,,,,0000,1.0,48.808998107910156,00,1,neowise,14.276,0.058,13.607,0.122,18.8,8.9,392.43,20.824,259.67,29.103,AB
240.2967338,47.7527561,59606.00454201,,,,,,,,,0000,0.5,111.38300323486328,00,1,neowise,14.304,0.058,13.919,0.16,18.6,6.8,382.61,20.531,194.96,28.652,AB
240.2968848,47.7527676,59605.6125955,,,,,,,,,0000,1.0,61.689998626708984,00,1,neowise,14.454,0.066,13.674,0.106,16.5,10.2,333.18,20.221,244.16,23.858,AA
240.296857,47.7527105,59606.33116407,,,,,,,,,0000,1.0,56.06399917602539,00,1,neowise,14.346,0.068,13.666,0.121,15.9,9.0,368.18,23.194,245.95,27.348,AB
240.2968385,47.7527156,59606.7231105,,,,,,,,,0000,0.5,84.0999984741211,00,1,neowise,14.362,0.083,13.779,0.166,13.0,6.5,362.79,27.85,221.69,33.894,AB
240.2968561,47.7527661,59607.04973265,,,,,,,,,0000,0.5,100.24600219726562,00,1,neowise,14.322,0.06,13.649,0.157,18.2,6.9,376.49,20.671,249.96,36.107,AB
240.2967804,47.7528303,59606.13519086,,,,,,,,,0000,0.5,82.26399993896484,00,1,neowise,14.429,0.064,13.645,0.145,17.0,7.5,340.94,20.037,250.85,33.445,AB
240.2967712,47.7527694,59604.30559786,,,,,,,,,0000,0.0,62.7140007019043,00,1,neowise,14.483,0.063,13.551,0.106,17.1,10.3,324.44,18.971,273.42,26.638,AA
240.2968143,47.7527892,59606.98440818,,,,,,,,,0000,1.0,116.5270004272461,00,1,neowise,14.553,0.099,13.698,0.123,11.0,8.8,304.28,27.657,238.8,27.009,AB
240.2970911,47.7527867,59606.78843497,,,,,,,,,0000,1.0,99.05799865722656,00,1,neowise,14.393,0.069,14.169,0.248,15.7,4.4,352.4,22.429,154.87,35.384,AB
240.2971468,47.7527839,59607.24570639,,,,,,,,,0000,1.0,67.91899871826172,00,1,neowise,14.451,0.088,13.842,0.181,12.4,6.0,334.28,27.052,209.23,34.84,AB
240.2969663,47.7527074,59604.1096247,,,,,,,,,0000,0.5,89.51499938964844,00,1,neowise,14.528,0.072,13.722,0.157,15.1,6.9,311.16,20.575,233.56,33.778,AB
240.2971225,47.7527103,59606.85375939,,,,,,,,,0000,1.0,115.75599670410156,00,1,neowise,14.421,0.071,13.747,0.12,15.3,9.0,343.53,22.428,228.33,25.265,AB
240.2969141,47.7527347,59605.87389312,,,,,,,,,0000,0.0,121.07599639892578,00,1,neowise,14.432,0.065,13.876,0.136,16.8,8.0,339.95,20.286,202.76,25.318,AB
240.2969111,47.7527676,59606.46181287,,,,,,,,,0000,0.5,48.801998138427734,00,1,neowise,14.407,0.064,13.976,0.131,16.9,8.3,348.11,20.612,184.93,22.287,AB
240.2969348,47.752764,59606.65778608,,,,,,,,,0000,0.5,69.85199737548828,00,1,neowise,14.336,0.061,13.805,0.132,17.9,8.2,371.36,20.696,216.39,26.258,AB
240.2969444,47.7527658,59607.11505764,,,,,,,,,0000,0.5,86.0,00,1,neowise,14.442,0.068,13.778,0.182,15.9,6.0,336.79,21.128,221.91,37.25,AB
240.2969425,47.7527701,59607.37635523,,,,,,,,,0000,0.5,50.191001892089844,00,1,neowise,14.532,0.094,13.602,0.115,11.6,9.5,310.23,26.741,260.91,27.609,AB
240.2967513,47.7527019,59970.67688521,,,,,,,,,0000,0.5,75.697998046875,00,1,neowise,14.599,0.074,13.609,0.132,14.6,8.3,291.6,19.941,259.23,31.416,AB
240.2967239,47.7527156,59971.00236212,,,,,,,,,0000,1.0,110.79299926757812,00,1,neowise,14.515,0.07,14.086,0.181,15.4,6.0,315.02,20.412,167.18,27.874,AB
240.2968669,47.7526636,59970.28646655,,,,,,,,,0000,0.5,62.29199981689453,00,1,neowise,14.417,0.095,13.953,0.139,11.5,7.8,344.89,30.116,188.97,24.123,AB
240.2968855,47.7526583,59970.2212695,,,,,,,,,0000,0.5,71.08599853515625,00,1,neowise,14.451,0.063,13.964,0.134,17.1,8.1,334.32,19.499,186.98,23.147,AB
240.2968785,47.7526786,59970.61181549,,,,,,,,,0000,1.0,63.22200012207031,00,1,neowise,14.459,0.069,13.685,0.121,15.7,8.9,331.57,21.149,241.88,27.048,AB
240.2968128,47.7526674,59970.80702481,,,,,,,,,0000,0.0,105.1780014038086,00,1,neowise,14.552,0.072,13.871,0.15,15.0,7.3,304.6,20.295,203.73,28.082,AB
240.2968691,47.7526486,59971.19769882,,,,,,,,,0000,1.0,72.94000244140625,00,1,neowise,14.391,0.066,13.84,0.136,16.5,8.0,353.29,21.42,209.65,26.23,AB
240.2968714,47.7526744,59971.32783837,,,,,,,,,0000,0.5,56.323001861572266,00,1,neowise,14.54,0.079,13.977,0.19,13.7,5.7,307.97,22.52,184.75,32.329,AB
240.2969059,47.7526268,59971.13250177,,,,,,,,,0000,1.0,82.48100280761719,00,1,neowise,14.478,0.07,14.106,0.188,15.6,5.8,325.84,20.95,164.04,28.392,AB
240.2969941,47.7529594,59970.54661839,,,,,,,,,0000,1.0,54.60200119018555,00,1,neowise,14.293,0.083,13.838,0.117,13.0,9.3,386.35,29.702,209.93,22.557,AB
240.2967004,47.7527351,59969.70045638,,,,,,,,,0000,1.0,80.81099700927734,00,1,neowise,14.397,0.073,13.761,0.165,14.9,6.6,351.36,23.608,225.5,34.193,AB
240.296846,47.7527542,59970.74195503,,,,,,,,,0000,0.5,89.697998046875,00,1,neowise,14.341,0.085,13.717,0.152,12.8,7.2,369.81,28.825,234.73,32.809,AB
240.2969003,47.752722,59971.58824488,,,,,,,,,0000,0.5,59.21500015258789,00,1,neowise,14.439,0.071,13.926,0.149,15.4,7.3,338.01,21.998,193.73,26.608,AB
240.296835,47.7527898,59969.96086289,,,,,,,,,0000,1.0,121.55699920654297,00,1,neowise,14.381,0.062,13.746,0.114,17.5,9.5,356.51,20.395,228.66,24.114,AB
240.2968058,47.7527608,59971.45797793,,,,,,,,,0000,0.0,49.74300003051758,00,1,neowise,14.442,0.1,13.884,0.156,10.8,7.0,337.06,31.146,201.36,28.91,AB
240.2969711,47.7527107,59970.09112986,,,,,,,,,0000,1.0,90.33799743652344,00,1,neowise,14.553,0.092,13.923,0.139,11.8,7.8,304.24,25.71,194.09,24.934,AB
240.2969808,47.7526916,59970.41660615,,,,,,,,,0000,0.5,48.944000244140625,00,1,neowise,14.536,0.071,13.694,0.11,15.3,9.8,309.03,20.205,239.83,24.386,AB
240.2970236,47.7527284,59970.93729235,,,,,,,,,0000,0.5,127.53399658203125,00,1,neowise,14.471,0.079,14.248,0.222,13.8,4.9,328.21,23.756,143.89,29.422,AB
240.2970233,47.7527499,59971.26276859,,,,,,,,,0000,0.5,65.83899688720703,00,1,neowise,14.406,0.06,13.918,0.129,18.1,8.4,348.36,19.202,195.14,23.206,AB
240.2969761,47.7527292,59970.48167593,,,,,,,,,0000,0.5,50.106998443603516,00,1,neowise,14.421,0.066,13.854,0.127,16.4,8.6,343.5,20.98,206.89,24.121,AB
240.2969689,47.7527269,59971.06743194,,,,,,,,,0000,0.5,95.29000091552734,00,1,neowise,14.373,0.071,13.713,0.175,15.2,6.2,359.09,23.572,235.66,37.983,AB
240.2969598,47.7528144,59969.83072333,,,,,,,,,0000,0.5,111.19100189208984,00,1,neowise,14.46,0.064,13.759,0.116,16.9,9.4,331.33,19.566,225.81,24.135,AB
240.2969515,47.7528176,59970.87209521,,,,,,,,,0000,0.5,121.93599700927734,00,1,neowise,14.487,0.098,13.817,0.122,11.1,8.9,323.21,29.055,214.03,24.047,AB
240.2969861,47.7526382,57223.43652469,,,,,,,,,0000,1.0,107.12300109863281,00,1,neowise,14.41,0.061,14.083,0.218,17.7,5.0,346.91,19.616,167.79,33.665,AB
240.2970326,47.7526571,57222.91176606,,,,,,,,,0000,0.5,57.417999267578125,00,1,neowise,14.395,0.058,13.798,0.107,18.8,10.1,351.54,18.743,218.15,21.55,AA
240.2970401,47.7526698,57221.79641456,,,,,,,,,0000,1.0,56.66899871826172,00,1,neowise,14.545,0.067,13.798,0.121,16.1,9.0,306.32,19.013,218.29,24.358,AB
240.2970039,47.7525682,57223.83012552,,,,,,,,,0000,1.0,55.60100173950195,00,1,neowise,14.437,0.067,13.865,0.118,16.1,9.2,338.36,20.953,205.05,22.223,AB
240.2966855,47.7526864,57222.12443652,,,,,,,,,0000,1.0,87.33699798583984,00,1,neowise,14.536,0.071,14.007,0.176,15.2,6.2,308.75,20.315,180.03,29.194,AB
240.2969143,47.752683,57222.84605978,,,,,,,,,0000,0.5,55.95199966430664,00,1,neowise,14.377,0.06,13.816,0.128,18.0,8.5,357.64,19.818,214.6,25.298,AB
240.2968172,47.7526903,57223.37094581,,,,,,,,,0000,1.0,121.91600036621094,00,1,neowise,14.47,0.062,14.057,0.144,17.4,7.6,328.15,18.824,171.93,22.733,AB
240.2968283,47.7526958,57222.45245838,,,,,,,,,0000,0.5,103.75599670410156,00,1,neowise,14.638,0.14,13.837,0.162,7.7,6.7,281.24,36.366,210.54,31.478,BB
240.2967428,47.7526479,57222.71490138,,,,,,,,,0000,0.5,65.12100219726562,00,1,neowise,14.479,0.074,14.307,0.258,14.7,4.2,325.34,22.161,136.58,32.416,AB
240.2969542,47.7525941,57222.78048087,,,,,,,,,0000,1.0,57.21200180053711,00,1,neowise,14.32,0.062,14.166,0.214,17.6,5.1,376.9,21.357,155.42,30.696,AB
240.2969394,47.7526215,57222.19014275,,,,,,,,,0000,1.0,101.91999816894531,00,1,neowise,14.475,0.069,13.817,0.12,15.8,9.0,326.6,20.723,214.41,23.728,AB
240.2967376,47.7527469,57221.92769976,,,,,,,,,0000,1.0,58.275001525878906,00,1,neowise,14.581,0.085,13.956,0.117,12.8,9.3,296.22,23.183,188.6,20.299,AB
240.2968461,47.752729,57223.69896768,,,,,,,,,0000,1.0,67.44300079345703,00,1,neowise,14.356,0.059,13.866,0.125,18.4,8.7,364.54,19.794,204.89,23.548,AB
240.2968319,47.7527577,57222.38687947,,,,,,,,,0000,1.0,118.2030029296875,00,1,neowise,14.31,0.068,13.933,0.132,16.1,8.2,380.29,23.675,192.7,23.375,AB
240.2968758,47.7527316,57222.0588576,,,,,,,,,0000,0.5,74.51300048828125,00,1,neowise,14.314,0.081,13.933,0.167,13.3,6.5,378.84,28.391,192.76,29.675,AB
240.2968402,47.7527477,57223.17408175,,,,,,,,,0000,1.0,97.94100189208984,00,1,neowise,14.423,0.062,14.097,0.179,17.4,6.1,342.8,19.732,165.73,27.309,AB
240.2968818,47.7527018,57223.3053669,,,,,,,,,0000,1.0,127.7249984741211,00,1,neowise,14.362,0.061,14.128,0.143,17.8,7.6,362.62,20.349,160.95,21.145,AB
240.2968065,47.7527359,57223.56768252,,,,,,,,,0000,0.5,83.45500183105469,00,1,neowise,14.441,0.061,14.102,0.138,17.9,7.9,337.06,18.873,164.88,20.986,AB
240.2968189,47.752712,57222.25572168,,,,,,,,,0000,1.0,116.50399780273438,00,1,neowise,14.465,0.063,14.006,0.139,17.3,7.8,329.71,19.08,180.11,23.093,AB
240.2968898,47.7527087,57223.23978797,,,,,,,,,0000,1.0,112.71199798583984,00,1,neowise,14.416,0.076,13.945,0.135,14.2,8.1,345.03,24.242,190.54,23.655,AB
240.2968557,47.7526995,57223.10850287,,,,,,,,,0000,1.0,83.87699890136719,00,1,neowise,14.346,0.057,13.936,0.143,18.9,7.6,367.88,19.481,192.19,25.363,AB
240.2967458,47.7528539,57222.5180373,,,,,,,,,0000,0.5,91.18299865722656,00,1,neowise,14.421,0.069,13.548,0.103,15.8,10.5,343.45,21.749,274.62,26.149,AA
240.2968563,47.7528145,57222.19001544,,,,,,,,,0000,0.5,101.47599792480469,00,1,neowise,14.434,0.088,13.76,0.112,12.4,9.7,339.19,27.345,226.01,23.218,AB
240.2967788,47.7527289,57223.56780988,,,,,,,,,0000,1.0,83.97899627685547,00,1,neowise,14.516,0.071,13.797,0.103,15.3,10.5,314.7,20.629,218.31,20.804,AA
240.2968207,47.7528095,57222.58374354,,,,,,,,,0000,1.0,82.20999908447266,00,1,neowise,14.351,0.058,14.046,0.145,18.6,7.5,366.34,19.675,173.57,23.176,AB
240.2970715,47.7527298,57223.04292395,,,,,,,,,0000,0.5,71.73600006103516,00,1,neowise,14.663,0.071,13.588,0.123,15.4,8.8,274.72,17.884,264.69,30.069,AB
240.2969454,47.7527377,57222.97734499,,,,,,,,,0000,1.0,62.76900100708008,00,1,neowise,14.339,0.061,13.779,0.127,17.7,8.6,370.13,20.953,222.0,25.875,AB
240.2969417,47.7527194,57222.64932245,,,,,,,,,0000,0.5,74.83799743652344,00,1,neowise,14.378,0.064,13.717,0.151,17.1,7.2,357.21,20.911,235.14,32.612,AB
240.2970092,47.7526737,59239.75314954,,,,,,,,,0000,0.5,90.7239990234375,00,1,neowise,14.198,0.075,13.614,0.128,14.5,8.5,421.71,29.027,258.17,30.328,AB
240.2969587,47.7526823,59239.81860127,,,,,,,,,0000,0.5,105.81300354003906,00,1,neowise,14.301,0.055,13.679,0.109,19.7,10.0,383.6,19.451,243.21,24.396,AA
240.2967227,47.7526917,59238.70706725,,,,,,,,,0000,0.5,80.71399688720703,00,1,neowise,14.495,0.072,13.642,0.112,15.0,9.7,320.86,21.426,251.61,25.903,AB
240.2967382,47.7526945,59239.09939571,,,,,,,,,0000,1.0,91.83300018310547,00,1,neowise,14.329,0.058,13.683,0.107,18.7,10.1,373.75,19.937,242.23,23.931,AA
240.2967089,47.7526872,59240.21080242,,,,,,,,,0000,0.0,74.79100036621094,00,1,neowise,14.515,0.074,13.667,0.145,14.7,7.5,314.95,21.471,245.72,32.862,AB
240.2968071,47.7526644,59239.49159733,,,,,,,,,0000,0.5,51.801998138427734,00,1,neowise,14.329,0.063,13.644,0.133,17.3,8.2,373.85,21.621,251.01,30.752,AB
240.296849,47.7526436,59239.55704902,,,,,,,,,0000,0.5,55.27199935913086,00,1,neowise,14.331,0.073,13.638,0.115,14.9,9.4,373.06,24.997,252.53,26.743,AB
240.2968311,47.7526801,59240.0147019,,,,,,,,,0000,0.5,110.9229965209961,00,1,neowise,14.358,0.06,13.698,0.132,18.2,8.2,364.18,19.971,238.97,29.039,AB
240.2969562,47.7526264,59238.57629109,,,,,,,,,0000,1.0,58.012001037597656,00,1,neowise,14.153,0.053,13.622,0.12,20.5,9.1,439.57,21.408,256.22,28.287,AB
240.2969055,47.7526147,59239.36094792,,,,,,,,,0000,0.5,54.608001708984375,00,1,neowise,14.35,0.069,13.68,0.111,15.7,9.8,366.6,23.415,242.79,24.787,AB
240.2969291,47.7526645,59239.68782513,,,,,,,,,0000,0.5,76.36199951171875,00,1,neowise,14.4,0.062,13.839,0.232,17.4,4.7,350.21,20.084,209.74,44.861,AB
240.2969116,47.7526574,59239.88392569,,,,,,,,,0000,0.5,122.302001953125,00,1,neowise,14.336,0.062,13.398,0.131,17.6,8.3,371.4,21.118,314.97,37.949,AB
240.2969991,47.7529027,59238.96861955,,,,,,,,,0000,0.5,122.55400085449219,00,1,neowise,14.239,0.062,13.631,0.109,17.5,10.0,406.31,23.252,254.01,25.493,AA
240.29665,47.7527466,59239.42627234,,,,,,,,,0000,0.0,50.88199996948242,00,1,neowise,14.389,0.061,13.761,0.126,17.9,8.6,353.71,19.797,225.35,26.256,AB
240.296868,47.7527609,59238.90316782,,,,,,,,,0000,1.0,127.06800079345703,00,1,neowise,14.221,0.058,13.568,0.098,18.8,11.1,412.87,21.913,269.35,24.338,AA
240.29681,47.7527383,59239.03394392,,,,,,,,,0000,1.0,106.61799621582031,00,1,neowise,14.381,0.072,13.509,0.112,15.1,9.7,356.38,23.557,284.4,29.383,AB
240.296877,47.752708,59239.23017182,,,,,,,,,0000,1.0,72.28399658203125,00,1,neowise,14.304,0.057,13.92,0.184,19.0,5.9,382.54,20.164,194.8,33.085,AB
240.296878,47.7527445,59239.94937748,,,,,,,,,0000,1.0,127.29900360107422,00,1,neowise,14.335,0.067,13.547,0.133,16.1,8.1,371.99,23.102,274.42,33.724,AB
240.2967955,47.7527167,59240.34157853,,,,,,,,,0000,1.0,57.38600158691406,00,1,neowise,14.177,0.075,13.796,0.136,14.5,8.0,429.91,29.631,218.23,27.405,AB
240.2968678,47.7527377,59240.47235463,,,,,,,,,0000,1.0,51.18199920654297,00,1,neowise,14.302,0.059,13.664,0.142,18.5,7.6,383.18,20.735,246.46,32.251,AB
240.2967991,47.7528237,59240.08002632,,,,,,,,,0000,0.5,95.99199676513672,00,1,neowise,14.498,0.079,13.51,0.103,13.7,10.5,319.97,23.284,284.05,27.001,AA
240.2967636,47.7527517,59238.83784336,,,,,,,,,0000,0.5,110.61499786376953,00,1,neowise,14.241,0.07,13.805,0.15,15.6,7.2,405.55,26.022,216.5,29.871,AB
240.2968216,47.7528017,59239.94925012,,,,,,,,,0000,0.5,127.50800323486328,00,1,neowise,14.376,0.071,13.499,0.096,15.3,11.3,358.15,23.471,286.91,25.293,AA
240.2969498,47.7526927,59239.29549613,,,,,,,,,0000,0.5,64.3759994506836,00,1,neowise,14.571,0.076,13.684,0.15,14.2,7.3,299.19,21.077,241.91,33.319,AB
240.2970346,47.7527529,59239.36082056,,,,,,,,,0000,0.5,55.10499954223633,00,1,neowise,14.283,0.074,13.723,0.105,14.6,10.3,390.22,26.639,233.49,22.582,AA
240.2970856,47.7527682,59239.62237339,,,,,,,,,0000,0.5,64.39600372314453,00,1,neowise,14.381,0.062,13.539,0.104,17.5,10.4,356.57,20.333,276.65,26.584,AA
240.296695,47.7527058,59603.91365769,,,,,,,,,0000,1.0,130.73800659179688,00,1,neowise,14.601,0.202,13.858,0.14,5.4,7.8,291.08,54.232,206.12,26.498,BB
240.2968432,47.7526903,59603.78300822,,,,,,,,,0000,0.5,98.48400115966797,00,1,neowise,14.374,0.066,13.799,0.142,16.4,7.7,358.79,21.879,217.76,28.414,AB
240.2967551,47.7527265,59603.26041278,,,,,,,,,0000,1.0,69.43199920654297,00,1,neowise,14.44,0.065,13.653,0.107,16.8,10.2,337.62,20.065,248.99,24.446,AA
240.2968368,47.7527598,59603.12976397,,,,,,,,,0000,0.5,85.9020004272461,00,1,neowise,14.478,0.075,13.945,0.18,14.5,6.0,325.98,22.409,190.21,31.475,AB
240.2968468,47.7527109,59603.39106162,,,,,,,,,0000,1.0,52.30500030517578,00,1,neowise,14.461,0.068,13.614,0.145,15.9,7.5,331.16,20.829,258.18,34.387,AB
240.2969201,47.7526913,59603.58703492,,,,,,,,,0000,1.0,60.31100082397461,00,1,neowise,14.297,0.069,13.737,0.12,15.7,9.0,385.24,24.508,230.46,25.515,AB
240.2968479,47.7527675,59603.97898214,,,,,,,,,0000,0.5,119.0790023803711,00,1,neowise,14.394,0.063,13.578,0.101,17.3,10.7,352.18,20.351,266.81,24.907,AA
240.2970024,47.7526804,59602.99924238,,,,,,,,,0000,0.5,113.78700256347656,00,1,neowise,14.379,0.064,13.666,0.12,16.9,9.0,356.94,21.18,245.99,27.221,AB
240.2970123,47.7527428,59603.32573722,,,,,,,,,0000,0.5,59.77399826049805,00,1,neowise,14.438,0.064,13.646,0.11,17.0,9.9,338.06,19.844,250.58,25.382,AB
240.2970007,47.7527129,59603.45638608,,,,,,,,,0000,1.0,51.84700012207031,00,1,neowise,14.276,0.06,13.663,0.132,18.2,8.2,392.69,21.545,246.62,30.05,AB
240.2969965,47.7526875,59603.52171052,,,,,,,,,0000,0.5,53.202999114990234,00,1,neowise,14.309,0.079,14.101,0.222,13.7,4.9,380.97,27.833,164.75,33.712,AB
240.2969379,47.7526937,59602.7379446,,,,,,,,,0000,0.5,88.28600311279297,00,1,neowise,14.101,0.058,13.71,0.111,18.8,9.8,461.06,24.473,236.35,24.149,AB
240.2969169,47.7527693,59602.86859344,,,,,,,,,0000,0.5,119.43900299072266,00,1,neowise,14.384,0.062,13.787,0.115,17.7,9.4,355.47,20.139,220.18,23.385,AB
240.2969685,47.7527181,59603.84833324,,,,,,,,,0000,1.0,114.27300262451172,00,1,neowise,14.447,0.069,13.712,0.143,15.8,7.6,335.3,21.273,235.74,31.079,AB
240.2969923,47.7528441,59603.65235933,,,,,,,,,0000,1.0,70.4219970703125,00,1,neowise,14.471,0.073,13.784,0.114,14.9,9.5,328.09,22.059,220.62,23.116,AB
240.2970333,47.7526301,60131.73914774,,,,,,,,,0000,1.0,68.3290023803711,00,1,neowise,14.442,0.067,13.756,0.135,16.3,8.1,336.93,20.66,226.52,28.082,AB
240.2969565,47.7526794,60132.64719354,,,,,,,,,0000,1.0,79.4729995727539,00,1,neowise,14.412,0.062,13.869,0.147,17.5,7.4,346.49,19.798,204.01,27.589,AB
240.2967275,47.7526857,60132.38780649,,,,,,,,,0000,1.0,129.32400512695312,00,1,neowise,14.479,0.068,13.981,0.154,16.0,7.1,325.69,20.371,184.02,26.019,AB
240.2966757,47.752638,60132.51743638,,,,,,,,,0000,1.0,100.05599975585938,00,1,neowise,14.471,0.092,13.601,0.103,11.8,10.6,327.92,27.79,261.23,24.713,AA
240.2967481,47.7525588,60131.60939053,,,,,,,,,0000,1.0,84.21099853515625,00,1,neowise,14.317,0.076,14.008,0.158,14.4,6.9,378.02,26.301,179.59,26.197,AB
240.2968318,47.752639,60131.60951789,,,,,,,,,0000,1.0,84.72599792480469,00,1,neowise,14.294,0.061,13.834,0.175,17.7,6.2,386.24,21.832,210.8,34.061,AB
240.296824,47.7527012,60131.86890494,,,,,,,,,0000,1.0,55.266998291015625,00,1,neowise,14.463,0.063,13.865,0.186,17.1,5.8,330.49,19.277,204.91,35.054,AB
240.2968962,47.7526899,60132.32286426,,,,,,,,,0000,1.0,120.46900177001953,00,1,neowise,14.408,0.064,13.73,0.117,16.8,9.3,347.69,20.635,232.0,24.984,AB
240.2968728,47.7526611,60133.03633845,,,,,,,,,0000,1.0,62.99800109863281,00,1,neowise,14.339,0.059,13.766,0.131,18.5,8.3,370.64,20.08,224.36,27.048,AB
240.2969336,47.7525785,60131.28506125,,,,,,,,,0000,1.0,111.62200164794922,00,1,neowise,14.422,0.093,13.604,0.115,11.6,9.4,343.22,29.543,260.41,27.566,AB
240.2969022,47.7526058,60131.9986622,,,,,,,,,0000,1.0,59.12900161743164,00,1,neowise,14.413,0.066,13.937,0.188,16.6,5.8,346.09,20.89,191.65,33.143,AB
240.2969003,47.7526133,60132.45262146,,,,,,,,,0000,1.0,114.25800323486328,00,1,neowise,14.262,0.057,13.738,0.125,19.1,8.7,397.61,20.793,230.29,26.561,AB
240.2966089,47.7529182,60131.41481846,,,,,,,,,0000,1.0,123.0260009765625,00,1,neowise,14.42,0.071,13.635,0.148,15.2,7.3,343.73,22.564,253.27,34.561,AB
240.2966738,47.7527566,60132.9065812,,,,,,,,,0000,1.0,55.027000427246094,00,1,neowise,14.622,0.082,13.841,0.117,13.2,9.2,285.47,21.598,209.44,22.653,AB
240.2968892,47.7527037,60131.15543146,,,,,,,,,0000,1.0,83.39700317382812,00,1,neowise,14.375,0.06,13.672,0.129,18.1,8.4,358.45,19.75,244.71,29.13,AB
240.2968559,47.752726,60131.54457561,,,,,,,,,0000,1.0,94.95099639892578,00,1,neowise,14.621,0.077,13.87,0.144,14.2,7.5,285.72,20.141,203.95,27.051,AB
240.2968814,47.7527155,60131.67433277,,,,,,,,,0000,1.0,77.0479965209961,00,1,neowise,14.372,0.06,13.789,0.189,18.0,5.7,359.46,19.981,219.66,38.218,AB
240.2968473,47.7527126,60132.71200846,,,,,,,,,0000,1.0,71.9739990234375,00,1,neowise,14.432,0.079,13.928,0.15,13.7,7.2,339.93,24.771,193.32,26.751,AB
240.2969097,47.7526925,60132.77695131,,,,,,,,,0000,1.0,62.53300094604492,00,1,neowise,14.527,0.069,13.729,0.111,15.8,9.8,311.53,19.767,232.26,23.744,AB
240.2967735,47.7528733,60132.90670856,,,,,,,,,0000,1.0,55.79499816894531,00,1,neowise,14.349,0.07,13.78,0.116,15.6,9.4,366.91,23.534,221.55,23.669,AB
240.2968284,47.7527764,60133.16609566,,,,,,,,,0000,1.0,85.35299682617188,00,1,neowise,14.326,0.059,13.748,0.103,18.3,10.6,375.01,20.548,228.05,21.604,AA
240.2970736,47.7527612,60131.80409002,,,,,,,,,0000,0.5,59.32899856567383,00,1,neowise,14.506,0.077,14.621,0.262,14.1,4.1,317.75,22.509,102.12,24.612,AB
240.2969151,47.7527322,60131.28518861,,,,,,,,,0000,0.5,111.93699645996094,00,1,neowise,14.399,0.086,14.162,0.163,12.6,6.7,350.68,27.814,155.81,23.326,AB
240.2969441,47.7527662,60131.93371991,,,,,,,,,0000,0.5,55.808998107910156,00,1,neowise,14.206,0.088,13.828,0.158,12.3,6.9,418.67,33.97,212.0,30.767,AB
240.2969831,47.7527542,60132.12829213,,,,,,,,,0000,1.0,77.53500366210938,00,1,neowise,14.475,0.067,13.773,0.186,16.1,5.8,326.84,20.273,222.99,38.218,AB
240.2969387,47.7527452,60132.25804928,,,,,,,,,0000,1.0,105.5199966430664,00,1,neowise,14.675,0.077,14.29,0.233,14.1,4.7,271.8,19.212,138.45,29.743,AB
240.296914,47.7527993,60132.58237867,,,,,,,,,0000,1.0,88.18099975585938,00,1,neowise,14.334,0.059,13.687,0.114,18.4,9.6,372.03,20.207,241.41,25.277,AB
240.2969299,47.752793,60132.71213582,,,,,,,,,0000,1.0,72.44499969482422,00,1,neowise,14.359,0.066,13.778,0.126,16.6,8.6,363.66,21.961,221.89,25.672,AB
240.2968835,47.7528321,60132.19323436,,,,,,,,,0000,0.5,91.49500274658203,00,1,neowise,14.563,0.076,13.936,0.128,14.3,8.5,301.46,21.126,191.82,22.6,AB
240.296868,47.7526362,60495.19951725,,,,,,,,,0000,1.0,90.19599914550781,00,1,neowise,14.254,0.062,13.432,0.139,17.6,7.8,400.53,22.775,305.19,39.194,AB
240.2968413,47.7527793,60495.4554662,,,,,,,,,0000,0.5,116.47200012207031,00,1,neowise,14.197,0.087,13.521,0.219,12.5,5.0,422.34,33.812,281.31,56.616,AB
240.2968407,47.7528286,60495.32774633,,,,,,,,,0000,1.0,119.32499694824219,00,1,neowise,14.251,0.064,13.509,0.189,17.0,5.7,401.89,23.601,284.22,49.469,AB
240.29672,47.75248,56864.33592458,,,,,,,,,0000,0.0,126.79299926757812,00,1,neowise,14.521,0.076,13.943,0.173,14.4,6.3,312.86,21.794,190.28,30.307,AB
240.297046,47.7526145,57228.09441123,,,,,,,,,0000,1.0,79.89399719238281,00,1,neowise,14.415,0.061,13.866,0.16,17.7,6.8,345.4,19.561,204.88,30.202,AB
240.2968325,47.7526968,57227.96325343,,,,,,,,,0000,1.0,59.54800033569336,00,1,neowise,14.507,0.068,13.92,0.135,15.9,8.0,317.26,20.01,194.92,24.283,AB
240.2968769,47.7526487,57227.96312606,,,,,,,,,0000,1.0,59.05099868774414,00,1,neowise,14.602,0.077,13.933,0.148,14.1,7.3,290.56,20.631,192.6,26.255,AB
240.2969136,47.7525969,57228.0288323,,,,,,,,,0000,1.0,68.39399719238281,00,1,neowise,14.611,0.071,13.825,0.138,15.4,7.9,288.2,18.768,212.81,27.039,AB
240.2966018,47.7526797,58669.44827897,,,,,,,,,0000,1.0,116.64600372314453,00,1,neowise,14.273,0.069,13.573,0.12,15.6,9.0,393.86,25.171,267.94,29.613,AB
240.2969251,47.752629,58675.26965135,,,,,,,,,0000,1.0,105.47699737548828,00,1,neowise,14.129,0.055,14.11,0.26,19.7,4.2,449.44,22.836,163.5,39.128,AB
240.2968707,47.7527602,58670.62577078,,,,,,,,,0000,1.0,83.9280014038086,00,1,neowise,14.212,0.055,13.546,0.092,19.8,11.8,416.45,21.027,274.69,23.234,AA
240.2969969,47.7526867,58675.2041998,,,,,,,,,0000,1.0,90.8030014038086,00,1,neowise,14.269,0.082,13.613,0.106,13.2,10.2,395.01,29.862,258.39,25.276,AA
240.2968342,47.7525935,57584.7970428,,,,,,,,,0000,1.0,56.69599914550781,00,1,neowise,14.376,0.074,13.897,0.156,14.7,7.0,358.35,24.342,199.04,28.551,AB
240.2968754,47.7526661,57585.19013458,,,,,,,,,0000,1.0,97.42500305175781,00,1,neowise,14.299,0.059,13.738,0.156,18.4,7.0,384.83,20.903,230.4,33.082,AB
240.2968312,47.7526601,57585.32116515,,,,,,,,,0000,1.0,127.44499969482422,00,1,neowise,14.366,0.064,13.762,0.117,17.0,9.3,361.85,21.294,225.37,24.316,AB
240.2968839,47.7526088,57584.86249446,,,,,,,,,0000,1.0,55.03499984741211,00,1,neowise,14.421,0.064,13.785,0.13,17.1,8.4,343.77,20.121,220.66,26.366,AB
240.2969002,47.7526457,57584.99352503,,,,,,,,,0000,1.0,61.284000396728516,00,1,neowise,14.358,0.064,13.778,0.108,17.1,10.0,364.54,21.332,222.04,22.178,AA
240.2968788,47.7526123,57585.059104,,,,,,,,,0000,0.5,70.97200012207031,00,1,neowise,14.485,0.065,13.906,0.153,16.7,7.1,324.29,19.469,197.36,27.76,AB
240.2968534,47.7525633,57584.60043326,,,,,,,,,0000,1.0,81.03600311279297,00,1,neowise,14.301,0.068,13.745,0.114,15.9,9.5,384.25,24.121,228.8,23.983,AB
240.2968486,47.7527143,57584.53498161,,,,,,,,,0000,1.0,90.92500305175781,00,1,neowise,14.246,0.063,13.785,0.111,17.1,9.8,404.03,23.572,220.5,22.571,AB
240.2968647,47.7527017,57584.92807343,,,,,,,,,0000,0.5,56.207000732421875,00,1,neowise,14.491,0.075,13.88,0.139,14.5,7.8,322.45,22.224,202.03,25.849,AB
240.29681,47.7527181,57585.71425689,,,,,,,,,0000,1.0,67.15499877929688,00,1,neowise,14.492,0.07,13.776,0.101,15.5,10.7,322.09,20.754,222.5,20.784,AA
240.2968319,47.7528143,57585.45219578,,,,,,,,,0000,1.0,107.30400085449219,00,1,neowise,14.452,0.064,13.622,0.134,17.1,8.1,334.16,19.598,256.23,31.555,AB
240.2969509,47.7526982,57584.66601223,,,,,,,,,0000,1.0,74.2229995727539,00,1,neowise,14.351,0.063,13.569,0.117,17.3,9.3,366.77,21.178,269.1,28.935,AB
240.2969688,47.7527047,57584.73146383,,,,,,,,,0000,1.0,64.50399780273438,00,1,neowise,14.399,0.062,13.722,0.136,17.5,8.0,350.97,20.039,233.69,29.318,AB
240.2969439,47.7526896,57585.12455566,,,,,,,,,0000,1.0,82.86199951171875,00,1,neowise,14.447,0.064,13.651,0.116,17.1,9.4,335.62,19.642,249.44,26.638,AB
240.297014,47.7526767,57585.58322635,,,,,,,,,0000,1.0,83.40299987792969,00,1,neowise,14.451,0.085,13.754,0.147,12.8,7.4,334.4,26.22,226.91,30.752,AB
240.296971,47.7527361,57584.40395108,,,,,,,,,0000,1.0,118.26799774169922,00,1,neowise,14.417,0.065,13.762,0.135,16.6,8.1,345.19,20.818,225.28,27.95,AB
240.2969619,47.7527517,57584.46940269,,,,,,,,,0000,1.0,103.53800201416016,00,1,neowise,14.443,0.081,13.783,0.101,13.4,10.7,337.03,25.189,220.96,20.612,AA
240.2970455,47.7527922,57585.25558619,,,,,,,,,0000,1.0,111.94100189208984,00,1,neowise,14.465,0.062,13.693,0.108,17.5,10.0,330.35,18.839,240.02,23.935,AA
240.2970313,47.7526687,57779.42207914,,,,,,,,,0000,1.0,53.30099868774414,00,1,neowise,14.481,0.074,13.766,0.13,14.7,8.3,325.27,22.162,224.44,26.942,AB
240.2970276,47.7526336,57779.48765853,,,,,,,,,0000,1.0,54.025001525878906,00,1,neowise,14.538,0.068,14.137,0.175,16.0,6.2,308.73,19.315,159.55,25.77,AB
240.296943,47.7526828,57779.94607756,,,,,,,,,0000,0.5,121.03299713134766,00,1,neowise,14.498,0.067,13.896,0.144,16.3,7.5,320.23,19.688,199.07,26.425,AB
240.2968144,47.7527012,57779.81504609,,,,,,,,,0000,0.5,112.6240005493164,00,1,neowise,14.458,0.065,13.754,0.173,16.8,6.3,332.49,19.754,226.87,36.178,AB
240.2968483,47.7526894,57780.4044966,,,,,,,,,0000,1.0,52.71799850463867,00,1,neowise,14.46,0.064,13.786,0.114,17.0,9.5,331.64,19.478,220.32,23.177,AB
240.2968792,47.7525894,57778.83262873,,,,,,,,,0000,0.5,116.89700317382812,00,1,neowise,14.322,0.06,13.663,0.106,18.2,10.3,376.72,20.748,246.85,24.024,AA
240.2968245,47.7525574,57780.20801314,,,,,,,,,0000,0.5,73.48699951171875,00,1,neowise,14.468,0.076,13.662,0.121,14.2,9.0,329.38,23.165,247.02,27.553,AB
240.2969891,47.7525166,57780.14256107,,,,,,,,,0000,1.0,80.76399993896484,00,1,neowise,14.417,0.062,13.451,0.143,17.5,7.6,345.13,19.742,300.03,39.571,AB
240.2969209,47.7525544,57779.61856259,,,,,,,,,0000,0.5,70.01899719238281,00,1,neowise,14.259,0.067,13.763,0.143,16.2,7.6,399.08,24.644,225.04,29.704,AB
240.2967245,47.7527608,57779.68401462,,,,,,,,,0000,1.0,83.10900115966797,00,1,neowise,14.367,0.065,14.008,0.145,16.8,7.5,361.6,21.541,179.56,23.954,AB
240.2967157,47.7527765,57780.27346517,,,,,,,,,0000,0.5,64.91899871826172,00,1,neowise,14.278,0.058,13.844,0.13,18.7,8.3,392.21,20.951,208.86,25.068,AB
240.2967278,47.7527541,57780.46994862,,,,,,,,,0000,1.0,53.77299880981445,00,1,neowise,14.383,0.068,13.737,0.116,15.9,9.3,356.11,22.409,230.62,24.712,AB
240.29687,47.7527,57779.29117503,,,,,,,,,0000,0.5,62.104000091552734,00,1,neowise,14.307,0.079,13.591,0.108,13.7,10.1,381.98,27.819,263.62,26.18,AA
240.2968918,47.752754,57779.88049813,,,,,,,,,0000,1.0,128.64599609375,00,1,neowise,14.442,0.074,13.671,0.116,14.7,9.4,337.34,22.916,245.08,26.128,AB
240.2967376,47.7527726,57779.09469162,,,,,,,,,0000,1.0,88.45700073242188,00,1,neowise,14.495,0.069,13.81,0.129,15.7,8.4,321.13,20.432,215.61,25.54,AB
240.2967568,47.7527621,57779.35662706,,,,,,,,,0000,1.0,54.25299835205078,00,1,neowise,14.341,0.064,13.519,0.115,17.0,9.4,370.16,21.729,281.9,29.838,AB
240.2967815,47.7527667,57780.0115296,,,,,,,,,0000,1.0,105.55799865722656,00,1,neowise,14.38,0.077,13.786,0.133,14.1,8.1,357.02,25.379,220.4,27.047,AB
240.2970049,47.7527399,57778.9636602,,,,,,,,,0000,1.0,116.86699676513672,00,1,neowise,14.379,0.07,13.686,0.113,15.4,9.6,357.48,23.143,241.54,25.12,AB
240.2969941,47.7527156,57779.22559568,,,,,,,,,0000,1.0,71.88899993896484,00,1,neowise,14.382,0.062,14.021,0.142,17.5,7.6,356.37,20.405,177.55,23.296,AB
240.2970079,47.7527305,57780.33904451,,,,,,,,,0000,0.5,55.4640007019043,00,1,neowise,14.428,0.064,13.757,0.156,16.9,7.0,341.74,20.211,226.34,32.478,AB
240.2969171,47.7527693,57779.74959402,,,,,,,,,0000,0.5,97.28800201416016,00,1,neowise,14.508,0.067,13.92,0.163,16.3,6.7,317.32,19.512,194.87,29.263,AB
240.2969122,47.7527888,57780.07698167,,,,,,,,,0000,1.0,91.86900329589844,00,1,neowise,14.457,0.077,13.691,0.115,14.0,9.4,332.65,23.732,240.48,25.488,AB
240.2969558,47.7526503,58874.85637731,,,,,,,,,0000,1.0,115.48400115966797,00,1,neowise,14.231,0.06,13.329,0.087,18.0,12.5,409.11,22.71,335.72,26.898,AA
240.2969817,47.7526662,58875.51038558,,,,,,,,,0h00,1.0,49.492000579833984,00,1,neowise,14.408,0.073,13.419,0.115,15.0,9.4,347.76,23.232,308.78,32.747,AB
240.2969564,47.7526786,58875.83751693,,,,,,,,,0000,1.0,110.4990005493164,00,1,neowise,14.114,0.058,13.497,0.089,18.6,12.2,455.97,24.457,287.35,23.516,AA
240.2969555,47.752683,58876.22984597,,,,,,,,,0000,0.5,69.875,00,1,neowise,14.179,0.069,13.415,0.117,15.8,9.3,429.23,27.154,310.15,33.361,AB
240.2968799,47.7526489,58874.46392157,,,,,,,,,0000,0.5,48.45600128173828,00,1,neowise,14.376,0.066,13.452,0.086,16.3,12.6,357.99,21.896,299.55,23.744,AA
240.2968694,47.7526567,58874.72547382,,,,,,,,,0000,1.0,83.86000061035156,00,1,neowise,14.157,0.054,13.46,0.085,20.1,12.8,438.28,21.773,297.49,23.213,AA
240.2968721,47.7526611,58875.05260528,,,,,,,,,0000,1.0,100.20700073242188,00,1,neowise,14.196,0.056,13.546,0.107,19.3,10.1,422.75,21.906,274.71,27.178,AA
240.2968645,47.7526283,58875.44506115,,,,,,,,,0000,1.0,48.053001403808594,00,1,neowise,14.208,0.069,13.735,0.147,15.8,7.4,417.86,26.411,230.87,31.305,AB
240.2968794,47.7526902,58876.09906984,,,,,,,,,0000,1.0,89.75199890136719,00,1,neowise,14.117,0.054,13.66,0.164,20.1,6.6,454.61,22.672,247.37,37.282,AB
240.2967537,47.752655,58874.33301804,,,,,,,,,0000,1.0,56.59400177001953,00,1,neowise,14.156,0.055,13.286,0.095,19.8,11.5,438.32,22.184,349.13,30.414,AA
240.2967486,47.7526485,58875.7066134,,,,,,,,,0000,1.0,79.58799743652344,00,1,neowise,14.434,0.095,13.574,0.108,11.4,10.1,339.42,29.787,267.8,26.568,AA
240.2968517,47.7525912,58874.92170174,,,,,,,,,0000,0.5,132.822998046875,00,1,neowise,14.279,0.06,13.48,0.095,18.2,11.5,391.68,21.482,292.09,25.496,AA
240.2967377,47.7527343,58875.83738957,,,,,,,,,0000,0.5,110.50199890136719,00,1,neowise,14.117,0.071,13.582,0.124,15.3,8.8,454.59,29.705,265.74,30.319,AB
240.2968587,47.7527578,58874.6601494,,,,,,,,,0000,0.5,69.46499633789062,00,1,neowise,14.117,0.055,13.269,0.086,19.8,12.7,454.54,22.988,354.78,28.026,AA
240.296886,47.752771,58874.98715353,,,,,,,,,0000,0.5,116.63300323486328,00,1,neowise,14.275,0.055,13.515,0.137,19.8,7.9,393.04,19.838,282.83,35.61,AB
240.2968765,47.7526967,58875.57583727,,,,,,,,,0000,1.0,55.63399887084961,00,1,neowise,14.208,0.055,13.74,0.139,19.7,7.8,417.83,21.249,229.79,29.419,AB
240.2968853,47.752752,58875.6411617,,,,,,,,,0000,0.5,65.93000030517578,00,1,neowise,14.173,0.077,13.603,0.111,14.1,9.8,431.8,30.658,260.8,26.738,AB
240.2967761,47.7527795,58874.59469765,,,,,,,,,0000,1.0,58.540000915527344,00,1,neowise,14.375,0.073,13.523,0.101,14.9,10.7,358.38,24.087,280.65,26.202,AA
240.2968158,47.752759,58875.31415766,,,,,,,,,0000,0.5,59.06700134277344,00,1,neowise,14.373,0.074,13.627,0.109,14.6,10.0,359.05,24.542,255.0,25.616,AA
240.2969995,47.7527093,58875.37960941,,,,,,,,,0000,1.0,49.840999603271484,00,1,neowise,14.238,0.056,13.472,0.098,19.3,11.1,406.43,21.038,294.22,26.51,AA
240.2969835,47.7527686,58874.79092557,,,,,,,,,0000,1.0,98.71900177001953,00,1,neowise,14.155,0.055,13.347,0.084,19.9,13.0,439.08,22.085,329.95,25.452,AA
240.2969266,47.7527607,58875.24883323,,,,,,,,,0000,0.5,67.4489974975586,00,1,neowise,14.205,0.055,13.552,0.098,19.8,11.0,418.99,21.172,273.21,24.758,AA
240.296952,47.7527043,58875.77206514,,,,,,,,,0000,1.0,94.0510025024414,00,1,neowise,14.254,0.058,13.375,0.083,18.6,13.1,400.67,21.508,321.69,24.5,AA
240.2969642,47.7528505,58875.11792975,,,,,,,,,0000,1.0,86.21600341796875,00,1,neowise,14.204,0.055,13.162,0.132,19.9,8.2,419.45,21.087,391.56,47.572,AB
240.2965222,47.752562,59765.08432904,,,,,,,,,0000,1.0,72.05000305175781,00,1,neowise,14.525,0.066,13.508,0.11,16.3,9.9,312.16,19.107,284.64,28.802,AB
240.296908,47.7526375,57945.53331796,,,,,,,,,0000,1.0,93.89600372314453,00,1,neowise,14.347,0.06,13.672,0.113,18.0,9.6,367.85,20.424,244.59,25.549,AB
240.2967571,47.7525165,57945.59876955,,,,,,,,,0000,1.0,83.09300231933594,00,1,neowise,14.401,0.062,13.703,0.114,17.4,9.5,349.98,20.074,237.89,24.96,AB
240.2968169,47.7527227,57946.057058,,,,,,,,,0000,0.0,67.57099914550781,00,1,neowise,14.549,0.076,14.057,0.139,14.3,7.8,305.41,21.333,171.59,22.002,AB
240.2968163,47.7527667,57945.79512431,,,,,,,,,0000,1.0,57.70800018310547,00,1,neowise,14.416,0.06,13.966,0.126,18.1,8.6,345.19,19.112,186.65,21.641,AB
240.2969773,47.7527021,57945.92615478,,,,,,,,,0000,1.0,55.672000885009766,00,1,neowise,14.35,0.057,14.599,0.296,18.9,3.7,366.83,19.427,104.19,28.367,AB
240.2969199,47.7527929,57945.66422109,,,,,,,,,0000,1.0,75.61900329589844,00,1,neowise,14.368,0.06,13.931,0.167,18.2,6.5,360.72,19.773,192.68,29.7,AB
240.2969303,47.7527674,57945.72967267,,,,,,,,,0000,1.0,66.88800048828125,00,1,neowise,14.301,0.058,13.641,0.119,18.6,9.1,383.69,20.612,251.8,27.598,AB
240.2969412,47.7526798,57411.93463206,,,,,,,,,0000,0.5,120.57599639892578,00,1,neowise,14.322,0.058,13.891,0.159,18.6,6.8,376.66,20.233,199.48,29.168,AB
240.2970301,47.7525869,57412.72145589,,,,,,,,,0000,1.0,95.36299896240234,00,1,neowise,14.493,0.064,13.838,0.177,16.9,6.1,321.78,19.054,209.5,34.239,AB
240.2966692,47.7526974,57412.78703516,,,,,,,,,0000,0.5,110.00199890136719,00,1,neowise,14.432,0.06,13.744,0.144,18.0,7.5,340.52,18.891,228.56,30.323,AB
240.296693,47.7526671,57413.18025668,,,,,,,,,0000,0.5,76.62699890136719,00,1,neowise,14.442,0.074,13.737,0.116,14.6,9.4,337.37,23.107,229.96,24.488,AB
240.2969082,47.7526654,57411.54128381,,,,,,,,,0000,0.5,62.847999572753906,00,1,neowise,14.403,0.065,13.795,0.119,16.8,9.2,349.76,20.874,217.93,23.787,AB
240.296903,47.7526727,57411.67244231,,,,,,,,,0000,0.5,84.79499816894531,00,1,neowise,14.359,0.062,13.854,0.117,17.5,9.2,363.98,20.803,206.39,22.326,AB
240.2968671,47.7526891,57411.80360087,,,,,,,,,0000,0.5,113.88899993896484,00,1,neowise,14.449,0.063,13.769,0.111,17.2,9.8,335.03,19.507,223.31,22.788,AB
240.296901,47.7526667,57411.93475942,,,,,,,,,0000,0.5,120.2979965209961,00,1,neowise,14.507,0.069,13.676,0.101,15.7,10.7,317.66,20.198,243.22,22.676,AA
240.2967756,47.7527086,57412.85248713,,,,,,,,,0000,1.0,125.46199798583984,00,1,neowise,14.289,0.061,13.726,0.105,17.8,10.3,388.19,21.818,232.38,22.497,AA
240.2968784,47.752652,57413.04922492,,,,,,,,,0000,0.5,95.14199829101562,00,1,neowise,14.469,0.067,13.669,0.269,16.1,4.0,329.02,20.397,244.93,60.731,AB
240.2968786,47.7526201,57411.54141117,,,,,,,,,0000,1.0,62.516998291015625,00,1,neowise,14.377,0.069,13.971,0.132,15.6,8.2,358.23,22.921,185.42,22.584,AB
240.2969559,47.752645,57412.39368696,,,,,,,,,0000,0.5,54.41400146484375,00,1,neowise,14.416,0.065,13.934,0.121,16.7,9.0,345.52,20.693,191.74,21.357,AB
240.2969111,47.7526043,57412.59029743,,,,,,,,,0000,1.0,69.29000091552734,00,1,neowise,14.375,0.088,13.857,0.118,12.3,9.2,358.72,29.123,206.01,22.478,AB
240.2968824,47.7526188,57413.31141509,,,,,,,,,0000,0.5,58.529998779296875,00,1,neowise,14.578,0.099,13.692,0.128,11.0,8.5,297.5,27.129,239.67,28.182,AB
240.2968552,47.7525229,57412.78690785,,,,,,,,,0000,0.5,109.98400115966797,00,1,neowise,14.467,0.078,13.787,0.122,13.9,8.9,329.53,23.72,219.65,24.696,AB
240.2968804,47.7525558,57412.32810769,,,,,,,,,0000,0.5,56.900001525878906,00,1,neowise,14.408,0.066,13.699,0.136,16.3,8.0,348.0,21.312,238.1,29.775,AB
240.296871,47.7528017,57412.2625284,,,,,,,,,0000,0.5,65.53099822998047,00,1,neowise,14.445,0.064,13.942,0.126,17.0,8.6,336.42,19.74,190.42,22.052,AB
240.2969047,47.7527209,57412.98364568,,,,,,,,,0000,0.5,108.95999908447266,00,1,neowise,14.302,0.058,13.855,0.112,18.8,9.7,383.82,20.469,206.33,21.216,AB
240.2968148,47.7527568,57411.86918015,,,,,,,,,0000,1.0,129.36599731445312,00,1,neowise,14.486,0.084,13.634,0.117,13.0,9.3,323.98,24.961,252.84,27.201,AB
240.2968211,47.7527918,57412.6558767,,,,,,,,,0000,0.5,81.13200378417969,00,1,neowise,14.345,0.056,13.931,0.127,19.4,8.6,368.81,19.033,192.34,22.459,AB
240.2971027,47.7527853,57412.00021134,,,,,,,,,0000,0.5,105.61599731445312,00,1,neowise,14.5,0.107,13.925,0.17,10.2,6.4,319.67,31.479,193.46,30.289,AB
240.297063,47.7527656,57412.45913888,,,,,,,,,0000,0.5,56.051998138427734,00,1,neowise,14.314,0.082,14.124,0.173,13.3,6.3,379.56,28.524,161.04,25.62,AB
240.2969175,47.7527383,57412.06579061,,,,,,,,,0000,0.5,92.48600006103516,00,1,neowise,14.362,0.065,13.708,0.119,16.6,9.1,363.02,21.809,236.29,25.907,AB
240.296957,47.7527547,57412.3935596,,,,,,,,,0000,0.5,55.1510009765625,00,1,neowise,14.368,0.061,13.736,0.1,17.7,10.9,361.04,20.443,230.08,21.152,AA
240.29697,47.75278,57412.9180664,,,,,,,,,0000,0.5,124.31400299072266,00,1,neowise,14.326,0.063,13.844,0.114,17.2,9.6,375.46,21.871,208.34,21.792,AB
240.2969774,47.7527645,57413.44257365,,,,,,,,,0000,0.5,54.98899841308594,00,1,neowise,14.572,0.066,13.846,0.128,16.4,8.5,299.35,18.305,208.03,24.552,AB
240.2969212,47.7528562,57412.19694912,,,,,,,,,0000,0.5,74.88999938964844,00,1,neowise,14.516,0.07,13.916,0.12,15.6,9.1,315.03,20.238,194.94,21.479,AB
240.2969745,47.752676,57944.68219831,,,,,,,,,0000,1.0,73.90599822998047,00,1,neowise,14.367,0.063,13.891,0.157,17.1,6.9,360.96,21.088,200.07,28.914,AB
240.2970606,47.7525079,57944.87855323,,,,,,,,,0000,1.0,54.88800048828125,00,1,neowise,14.57,0.08,13.764,0.124,13.6,8.7,299.54,22.064,224.84,25.714,AB
240.2967337,47.7527064,57944.28936126,,,,,,,,,0000,1.0,116.1729965209961,00,1,neowise,14.332,0.078,13.709,0.119,13.9,9.1,372.81,26.791,236.54,26.004,AB
240.2966679,47.7527073,57944.42039182,,,,,,,,,0000,1.0,118.1449966430664,00,1,neowise,14.307,0.065,13.89,0.135,16.6,8.0,381.54,22.988,200.12,24.962,AB
240.2967417,47.7526972,57945.14048119,,,,,,,,,0000,1.0,82.9020004272461,00,1,neowise,14.35,0.085,13.863,0.133,12.7,8.2,366.69,28.875,205.16,25.051,AB
240.2968869,47.7526818,57944.94413221,,,,,,,,,0000,1.0,56.30500030517578,00,1,neowise,14.395,0.064,13.801,0.103,17.0,10.5,351.82,20.725,217.2,20.684,AA
240.2967632,47.7526612,57945.00957797,,,,,,,,,0000,1.0,61.61600112915039,00,1,neowise,14.437,0.076,13.876,0.111,14.3,9.7,338.55,23.711,202.8,20.817,AB
240.2969384,47.752662,57944.48584344,,,,,,,,,0000,1.0,103.53500366210938,00,1,neowise,14.333,0.058,13.894,0.111,18.7,9.7,372.47,19.946,199.51,20.478,AB
240.2968564,47.7527158,57944.15845806,,,,,,,,,0000,1.0,87.12200164794922,00,1,neowise,14.31,0.057,13.543,0.147,19.1,7.4,380.47,19.896,275.56,37.206,AB
240.296896,47.7527071,57944.55129506,,,,,,,,,0000,1.0,90.80999755859375,00,1,neowise,14.33,0.066,13.985,0.188,16.5,5.8,373.55,22.573,183.39,31.825,AB
240.2968278,47.7527527,57944.61674669,,,,,,,,,0000,1.0,81.29499816894531,00,1,neowise,14.269,0.058,14.3,0.254,18.7,4.3,395.2,21.134,137.18,32.148,AB
240.2969152,47.7527122,57944.74764993,,,,,,,,,0000,1.0,64.38700103759766,00,1,neowise,14.36,0.06,13.799,0.156,18.2,7.0,363.3,19.992,217.58,31.194,AB
240.2968011,47.7527395,57944.81310155,,,,,,,,,0000,1.0,56.34299850463867,00,1,neowise,14.338,0.083,13.547,0.098,13.1,11.0,370.93,28.404,274.42,24.86,AA
240.2968759,47.7527432,57945.33683584,,,,,,,,,0000,1.0,127.35600280761719,00,1,neowise,14.406,0.061,13.639,0.106,17.7,10.2,348.22,19.713,252.29,24.651,AA
240.2968387,47.752721,57945.40241479,,,,,,,,,0000,1.0,122.375,00,1,neowise,14.502,0.077,13.614,0.092,14.1,11.8,318.95,22.628,258.16,21.904,AA
240.2967691,47.7527473,57944.02755477,,,,,,,,,0000,1.0,64.38400268554688,00,1,neowise,14.409,0.062,14.017,0.143,17.5,7.6,347.2,19.858,178.15,23.449,AB
240.2967709,47.752732,57944.4202645,,,,,,,,,0000,1.0,118.18199920654297,00,1,neowise,14.584,0.091,13.821,0.141,11.9,7.7,295.75,24.763,213.37,27.661,AB
240.2968035,47.7527859,57945.27138426,,,,,,,,,0000,1.0,111.83000183105469,00,1,neowise,14.323,0.062,13.758,0.164,17.6,6.6,375.96,21.421,226.07,34.186,AB
240.2971243,47.7527743,57945.07502956,,,,,,,,,0000,1.0,70.81700134277344,00,1,neowise,14.221,0.057,13.703,0.138,19.2,7.9,413.04,21.518,237.7,30.25,AB
240.2969631,47.7527178,57945.20593267,,,,,,,,,0000,1.0,97.12899780273438,00,1,neowise,14.377,0.06,13.924,0.15,18.1,7.2,357.59,19.804,193.98,26.762,AB
240.2969343,47.7528219,57945.46786633,,,,,,,,,0000,1.0,107.35600280761719,00,1,neowise,14.379,0.061,13.635,0.107,17.9,10.2,357.21,19.968,253.14,24.874,AA
240.2968122,47.75264,58145.01131671,,,,,,,,,0000,1.0,108.25399780273438,00,1,neowise,14.342,0.079,13.306,0.108,13.7,10.0,369.5,26.885,342.69,34.156,AA
240.2967625,47.7526841,58144.88028549,,,,,,,,,0000,1.0,125.27200317382812,00,1,neowise,14.198,0.062,13.484,0.113,17.4,9.6,421.68,24.213,290.94,30.171,AB
240.2969707,47.7526198,58145.0111894,,,,,,,,,0000,1.0,108.53700256347656,00,1,neowise,14.393,0.065,13.626,0.11,16.6,9.9,352.58,21.227,255.17,25.794,AB
240.2969197,47.752724,58144.88041289,,,,,,,,,0000,1.0,125.4800033569336,00,1,neowise,14.38,0.089,13.623,0.119,12.2,9.1,356.87,29.136,256.0,28.07,AB
240.2967989,47.7526718,58511.40427204,,,,,,,,,0000,0.5,48.61600112915039,00,1,neowise,14.252,0.058,13.423,0.126,18.6,8.6,401.42,21.612,307.88,35.629,AB
240.2968268,47.7526812,58511.99321116,,,,,,,,,0000,0.5,113.63300323486328,00,1,neowise,14.23,0.053,13.608,0.113,20.7,9.6,409.64,19.829,259.42,26.926,AB
240.2969277,47.7526728,58511.20804407,,,,,,,,,0000,1.0,71.59400177001953,00,1,neowise,14.171,0.06,13.779,0.175,18.0,6.2,432.43,24.075,221.8,35.799,AB
240.2967045,47.7527389,58511.14208293,,,,,,,,,0000,0.5,83.09400177001953,00,1,neowise,14.228,0.059,13.585,0.12,18.5,9.0,410.22,22.231,265.06,29.398,AB
240.2968232,47.7527118,58511.46972377,,,,,,,,,0000,0.5,48.930999755859375,00,1,neowise,14.145,0.053,13.588,0.105,20.6,10.3,443.03,21.544,264.38,25.687,AA
240.2968856,47.7527202,58511.53517557,,,,,,,,,0000,0.5,51.35200119018555,00,1,neowise,14.198,0.057,13.56,0.104,19.0,10.4,421.99,22.239,271.21,25.958,AA
240.2968731,47.7527321,58511.86230758,,,,,,,,,0000,1.0,118.52300262451172,00,1,neowise,14.161,0.055,13.589,0.109,19.6,9.9,436.39,22.284,264.17,26.615,AB
240.2968821,47.7527998,58511.27349582,,,,,,,,,0000,1.0,64.0270004272461,00,1,neowise,14.406,0.063,13.665,0.112,17.2,9.7,348.33,20.261,246.16,25.39,AB
240.2969703,47.7527742,58511.33894756,,,,,,,,,0000,1.0,54.244998931884766,00,1,neowise,14.176,0.061,13.343,0.124,17.8,8.7,430.43,24.18,331.19,37.857,AB
240.2969716,47.7527704,58511.73153137,,,,,,,,,0000,1.0,86.052001953125,00,1,neowise,14.144,0.063,13.49,0.11,17.2,9.8,443.44,25.731,289.37,29.401,AB
240.2968643,47.7528441,58511.60062727,,,,,,,,,0000,1.0,59.79999923706055,00,1,neowise,14.297,0.082,13.861,0.183,13.2,5.9,385.1,29.109,205.56,34.618,AB
240.2968695,47.752701,60342.8730994,,,,,,,,,0000,1.0,121.52400207519531,00,1,neowise,14.224,0.055,13.593,0.127,19.6,8.5,412.01,21.053,263.2,30.883,AB
240.2970473,47.7526792,60342.80866578,,,,,,,,,0000,0.5,104.62200164794922,00,1,neowise,14.24,0.067,13.58,0.125,16.3,8.7,405.78,24.922,266.28,30.613,AB
240.2970219,47.7526463,56686.49350104,,,,,,,,,0000,0.5,61.108001708984375,00,1,neowise,14.373,0.071,13.76,0.111,15.3,9.8,362.1,23.621,229.96,23.44,AB
240.2970074,47.7525636,56687.08651458,,,,,,,,,0000,0.0,84.95899963378906,00,1,neowise,14.398,0.081,14.114,0.148,13.3,7.3,353.61,26.538,166.05,22.621,AB
240.2966308,47.7526845,56687.21818216,,,,,,,,,0000,0.0,69.17500305175781,00,1,neowise,14.529,0.096,13.72,0.102,11.3,10.7,313.61,27.758,238.71,22.394,AA
240.2968077,47.7526754,56687.34997715,,,,,,,,,0000,1.0,55.61399841308594,00,1,neowise,14.577,0.076,13.563,0.134,14.2,8.1,300.01,21.111,275.92,34.123,AB
240.2969058,47.7526799,56685.70298619,,,,,,,,,0000,1.0,97.87899780273438,00,1,neowise,14.435,0.065,13.767,0.112,16.6,9.7,341.8,20.578,228.5,23.582,AB
240.2968998,47.7526891,56686.2958723,,,,,,,,,0000,0.0,59.04199981689453,00,1,neowise,14.724,0.088,14.398,0.204,12.4,5.3,261.89,21.148,127.82,24.003,AB
240.296826,47.7526999,56685.83478113,,,,,,,,,0000,0.0,127.30999755859375,00,1,neowise,14.647,0.074,14.107,0.158,14.6,6.9,281.15,19.239,167.14,24.357,AB
240.296895,47.7525969,56686.82292469,,,,,,,,,0000,0.0,124.802001953125,00,1,neowise,14.398,0.063,13.829,0.125,17.3,8.7,353.82,20.43,215.98,24.905,AB
240.2969357,47.7526243,56687.61343362,,,,,,,,,0000,0.0,78.86599731445312,00,1,neowise,14.508,0.078,13.827,0.122,14.0,8.9,319.53,22.859,216.22,24.205,AB
240.2967308,47.7527244,56687.02055343,,,,,,,,,0000,0.0,96.33699798583984,00,1,neowise,14.574,0.074,13.697,0.127,14.8,8.6,300.83,20.376,243.83,28.466,AB
240.2968279,47.7527421,56686.36183346,,,,,,,,,0000,0.5,55.87300109863281,00,1,neowise,14.402,0.072,14.358,0.237,15.1,4.6,352.55,23.361,132.63,28.969,AB
240.2968483,47.7527209,56687.48177206,,,,,,,,,0000,1.0,59.35300064086914,00,1,neowise,14.364,0.061,14.11,0.14,17.8,7.8,364.96,20.46,166.64,21.465,AB
240.296758,47.7527498,56687.48164475,,,,,,,,,0000,0.5,59.75600051879883,00,1,neowise,14.566,0.081,13.691,0.102,13.4,10.6,303.02,22.654,245.25,23.073,AA
240.296778,47.7527288,56686.55946215,,,,,,,,,0000,0.5,69.72100067138672,00,1,neowise,14.441,0.063,13.721,0.112,17.2,9.7,339.84,19.755,238.44,24.703,AB
240.2967738,47.7527292,56685.96657603,,,,,,,,,0000,1.0,107.26499938964844,00,1,neowise,14.563,0.097,13.76,0.134,11.2,8.1,303.94,27.089,230.15,28.341,AB
240.2970433,47.7527563,56686.75709089,,,,,,,,,0000,0.0,109.69000244140625,00,1,neowise,14.715,0.074,14.043,0.232,14.6,4.7,264.25,18.095,177.33,37.971,AB
240.296949,47.7527187,56686.23003856,,,,,,,,,0000,0.5,67.5510025024414,00,1,neowise,14.52,0.067,13.994,0.151,16.1,7.2,315.99,19.598,185.44,25.718,AB
240.2969292,47.7527277,56686.88875847,,,,,,,,,0000,0.0,124.90299987792969,00,1,neowise,14.528,0.086,13.77,0.124,12.6,8.7,313.76,24.905,227.98,26.112,AB
240.2969283,47.752757,56686.03240983,,,,,,,,,0000,0.0,94.27899932861328,00,1,neowise,14.547,0.067,13.792,0.115,16.3,9.4,308.49,18.983,223.33,23.702,AB
240.2969857,47.752768,56686.09824367,,,,,,,,,0000,0.5,84.2750015258789,00,1,neowise,14.523,0.069,14.104,0.19,15.7,5.7,315.11,20.05,167.59,29.285,AB
240.2969221,47.752715,56686.95471963,,,,,,,,,0000,0.0,109.75499725341797,00,1,neowise,14.5,0.067,14.294,0.202,16.2,5.4,321.96,19.933,140.65,26.173,AB
240.2970016,47.7527899,56686.69112973,,,,,,,,,0000,0.5,95.2770004272461,00,1,neowise,14.469,0.083,13.969,0.14,13.0,7.7,331.27,25.387,189.76,24.498,AB
240.2970281,47.7526535,60495.83798951,,,,,,,,,0000,0.5,59.38199996948242,00,1,neowise,14.221,0.111,13.545,0.159,9.8,6.8,413.13,42.251,275.09,40.32,BB
240.2967575,47.7525633,60496.28507251,,,,,,,,,0000,1.0,110.0989990234375,00,1,neowise,14.428,0.088,13.243,0.16,12.3,6.8,341.38,27.644,363.1,53.665,AB
240.2969309,47.7526867,60495.58267723,,,,,,,,,0000,0.5,90.22200012207031,00,1,neowise,14.143,0.067,13.601,0.125,16.3,8.7,443.72,27.218,261.2,30.08,AB
240.2968498,47.7526329,60495.96570933,,,,,,,,,0000,0.5,58.80799865722656,00,1,neowise,14.174,0.087,13.492,0.132,12.4,8.2,431.29,34.723,288.72,35.214,AB
240.2968356,47.7526526,60496.09342916,,,,,,,,,0000,1.0,71.85900115966797,00,1,neowise,14.281,0.068,13.4,0.15,16.0,7.2,390.67,24.379,314.42,43.542,AB
240.2968316,47.7526375,60496.22063961,,,,,,,,,0000,1.0,94.52300262451172,00,1,neowise,14.215,0.058,13.792,0.244,18.6,4.4,415.38,22.302,219.17,49.31,AB
240.296878,47.7526588,60496.41279229,,,,,,,,,0000,0.5,125.86499786376953,00,1,neowise,14.222,0.061,13.573,0.143,17.7,7.6,412.67,23.325,268.15,35.408,AB
240.2967492,47.7526907,60497.17847506,,,,,,,,,0000,0.5,85.31199645996094,00,1,neowise,14.211,0.058,13.559,0.13,18.7,8.3,416.81,22.254,271.47,32.54,AB
240.2969426,47.7526293,60496.92354473,,,,,,,,,0000,1.0,58.41899871826172,00,1,neowise,14.197,0.063,13.532,0.141,17.3,7.7,422.35,24.437,278.28,36.124,AB
240.2969042,47.7525789,60496.73202811,,,,,,,,,0000,1.0,73.02200317382812,00,1,neowise,14.278,0.067,13.307,0.176,16.3,6.2,391.75,24.027,342.56,55.452,AB
240.2968984,47.7525641,60497.30657688,,,,,,,,,0000,1.0,114.43800354003906,00,1,neowise,14.19,0.077,13.695,0.186,14.1,5.8,425.0,30.126,239.65,41.137,AB
240.2972088,47.7530633,60496.60430829,,,,,,,,,0000,1.0,88.50700378417969,00,1,neowise,14.56,0.123,13.459,0.157,8.9,6.9,302.11,34.09,297.6,43.092,BB
240.296845,47.7527205,60495.71026964,,,,,,,,,0000,1.0,76.11199951171875,00,1,neowise,14.253,0.07,13.547,0.153,15.6,7.1,401.01,25.777,274.54,38.645,AB
240.2968317,47.7527021,60496.34886874,,,,,,,,,0000,1.0,123.64299774169922,00,1,neowise,14.24,0.058,13.895,0.374,18.6,2.9,406.02,21.822,199.3,68.676,AC
240.2968017,47.7527221,60496.85974851,,,,,,,,,0000,0.5,58.573001861572266,00,1,neowise,14.147,0.071,13.523,0.141,15.3,7.7,442.23,28.963,280.66,36.379,AB
240.2968555,47.7527904,60496.79582434,,,,,,,,,0000,1.0,63.474998474121094,00,1,neowise,14.384,0.069,13.151,0.164,15.7,6.6,355.37,22.68,395.46,59.725,AB
240.2968457,47.7527565,60497.05126455,,,,,,,,,0000,1.0,66.01799774169922,00,1,neowise,14.257,0.057,13.35,0.12,19.1,9.0,399.55,20.948,329.19,36.403,AB
240.2967895,47.7528216,60495.710397,,,,,,,,,0000,0.5,76.5469970703125,00,1,neowise,14.246,0.064,13.639,0.189,16.8,5.7,403.62,23.972,252.17,43.865,AB
240.2968261,47.7528354,60495.64647341,,,,,,,,,0000,0.5,80.83200073242188,00,1,neowise,14.286,0.068,13.261,0.161,16.0,6.8,388.98,24.272,357.29,52.84,AB
240.296817,47.7528409,60495.77419328,,,,,,,,,0000,1.0,66.74800109863281,00,1,neowise,14.283,0.068,13.373,0.147,15.9,7.4,389.94,24.489,322.21,43.725,AB
240.2968449,47.7527917,60497.30670424,,,,,,,,,0000,0.5,114.71299743652344,00,1,neowise,14.076,0.075,13.875,0.171,14.4,6.3,472.14,32.821,202.93,32.003,AB
240.2970011,47.7527053,60496.47658852,,,,,,,,,0000,1.0,111.93000030517578,00,1,neowise,14.067,0.051,13.772,0.246,21.4,4.4,475.88,22.264,223.17,50.512,AB
240.2969338,47.7527493,60495.9019131,,,,,,,,,0000,1.0,58.263999938964844,00,1,neowise,14.21,0.058,13.412,0.157,18.9,6.9,417.06,22.113,310.77,44.843,AB
240.2969466,47.7527238,60496.66810457,,,,,,,,,0000,1.0,80.72599792480469,00,1,neowise,14.201,0.058,13.483,0.144,18.8,7.5,420.52,22.374,291.15,38.742,AB
240.2969476,47.752817,60496.02963296,,,,,,,,,0000,1.0,63.61000061035156,00,1,neowise,14.213,0.066,14.414,0.331,16.5,3.3,416.07,25.167,123.5,37.625,AB
240.2969009,47.7528204,60496.15684338,,,,,,,,,0000,1.0,80.99500274658203,00,1,neowise,14.276,0.086,13.709,0.158,12.6,6.9,392.6,31.043,236.58,34.431,AB
