source_id,label,z,n_epochs,n_seasons,baseline_days,color_slope_early,color_slope_late,color_asymmetry,color_range,color_flux_corr,color_flux_corr_pval,dust_lag_proxy,is_turnon_color_signal,is_turnoff_color_signal,wavelet_d1,wavelet_d2,wavelet_d3,wavelet_approx_power,wavelet_power_ratio_3_1,wavelet_power_ratio_3_2,wavelet_entropy,wavelet_hurst,break_mjd,break_magnitude,break_significance,pre_break_slope,post_break_slope,slope_change,break_fractional_position,break_duration_yr,n_detected_breaks,mean_season_coherence,coherence_trend,min_season_coherence,max_season_coherence,coherence_drop_amplitude,coherence_recovery,n_coherent_seasons,flux_ratio_mean,flux_ratio_std,flux_ratio_trend,flux_ratio_skewness,flux_ratio_peak_to_trough,flux_ratio_percentile_90_10,flux_ratio_late_minus_early,drw_sigma,drw_tau,drw_residual_rms,drw_residual_skewness,drw_residual_autocorr,drw_fit_quality,drw_residual_trend,drw_chi2_per_dof,z_corrected_amplitude,z_corrected_color_slope,luminosity_change_proxy,z_corrected_drw_sigma,intrinsic_variability_proxy,composite_score
4FGL J0026.6-4600,blazar,,153,21,3651.451482720004,0.0233909799716767,0.1499324342418321,0.1560101394335296,0.961000499999999,-0.3192060985255968,5.777766812538437e-05,0.4498708192262838,0.0,0.0,0.000102830178715,0.0005629266472253,0.0008814391003105,0.0051180974084014,8.571793832834052,1.5658151965078313,0.7434556776080115,1.274899288159978,56994.59304032,0.0300279134700442,0.0688478472368029,4.318931797920468e-07,-3.952279858725523e-09,4.3584545965077236e-07,0.0261437908496732,0.4930795653114251,31.0,-0.3143782483348258,0.0184716778053448,-0.8640003989885132,0.6605886782275452,1.5245890772160584,0.5862636273639332,1.0,1.9292066272072124,0.2518011006663264,0.0113126060703368,1.654041738603454,1.8155618268178528,0.5289788502619639,0.0569284279254269,0.0067379469990854,8103.083927575384,0.0,,,-1.7160347079187654,0.0,0.0,,,,,,
4FGL J0325.2+4705,blazar,,221,21,3634.2402402700022,-0.0260923999184767,-0.0464191344449019,0.5621044043690122,0.5670003000000001,-0.3806459021585443,4.967298993008951e-09,0.9950007502450384,0.0,0.0,1.800349252766695e-05,8.81478418183202e-05,0.0001980685286724,0.0020730421774537,11.00167189040618,2.2470036967402396,0.4856082511598091,1.3649127211328769,56706.23915623,0.0076805666797039,0.0421118971805505,0.0002906227343061,-2.2400560504405647e-08,0.0002906451348666,0.0180995475113122,0.0009019115674315,48.0,-0.0633072941461163,-0.0037320992419145,-0.6318115909084995,0.4790227961171107,1.1108343870256103,0.4356660403426898,0.0,1.8629689032538008,0.1010403888910883,0.0036393357275577,2.717716213613705,1.1033399600008755,0.2009094510882036,0.0102555917185878,0.0067379469990854,259.52816664258694,0.0,,,-2.3669184907584775,0.0,0.0,,,,,,
4FGL J0442.6-0017,blazar,,195,21,3634.3549881200015,-0.0048964609780383,-0.0374649054663967,0.1306946038454593,1.052000099999999,-0.2250318091275995,0.0015622650108979,-4.7264027908473665,0.0,0.0,0.0009944499705292,0.0080243220426176,0.012396875408901,1.6700327831559956,12.46606241019595,1.5449124974690307,0.0783682890479546,1.4099834839008518,56713.14583231,0.2107049416658725,0.3196107563558349,0.0004844569278165,2.120617787861005e-07,0.0004842448660377,0.0205128205128205,0.0014426395345696,41.0,0.0926495552126602,0.0319244002812692,-0.5431793600249119,0.8744916627374215,1.4176710227623333,0.6711527438618816,5.0,0.6545562144623848,0.0730424744383004,0.0069600346232423,0.4359133017348267,0.6206911265342018,0.1499470589874566,0.033164433985191,0.5386518097813391,16.649758675891896,7.013740582704381e-15,-1.5965840766049686,0.2488712772235893,-0.7542040455691124,-1.7653386082587044e-16,4.4726744727296044e-26,,,,,,
4FGL J0511.4-6804,blazar,,216,17,3654.4623702000026,-0.0815677295398331,0.012057668654022,-6.764801047391949,1.1149998000000014,-0.2686168315327201,6.369752403424727e-05,-2.7014506227351145,0.0,0.0,0.0001362145641865,0.0003297826109466,0.0013362236426629,0.006302002575613,9.809697229023865,4.051831704453717,0.691748907442881,1.3235521525531515,56805.75195976,0.0095317393701507,0.0057691909457708,-1.490959737607169e-05,-8.434622593332317e-09,1.4901162753478358e-05,0.0185185185185185,0.0021618640930857,46.0,-0.0831101101295719,-0.0121058039896607,-0.8273080891551603,0.4648390082837494,1.2921470974389098,,0.0,2.1764255017547063,0.3062902658882761,0.0042042532903332,1.9644000440572824,2.7289520366878652,0.6517126323317204,0.0814141047454071,0.0104627580053715,174.1445149289321,0.0,,,-1.5075502352841494,0.0,0.0,,,,,,
4FGL J0538.8-4405,blazar,,295,21,3638.01458427,0.0114258064574205,0.0108934597947629,1.0488684653624438,0.3730001999999981,0.0280329955465998,0.6315597835865135,-6.5738251214735115,0.0,0.0,0.0002700280549256,0.0008622160221339,0.006578300004856,5.131701590244336,24.3615426638016,7.629526508850565,0.0120010423212418,1.6516333970194657,56723.01629459,0.5397682835958041,0.4092455801275822,-0.0001354382258746,3.540839918867092e-06,0.0001389790657935,0.0135593220338983,0.0025244442710425,67.0,-0.1122150142583183,-0.0098810456069625,-0.7908427823145476,0.680601800750552,1.4714445830650995,0.7232625830948547,2.0,0.6593968003363327,0.0347012555245443,0.0015922020787179,1.1615804903614142,0.2401290824121129,0.0846780984518205,0.0117799229405926,1.0069892111983227,310.979331747928,1.344274396209409e-13,0.2526414812845641,0.1682122900624977,-1.363061395938346,2.907074991653669e-15,4.033124416015932e-23,,,,,,
4FGL J0602.7-0007,blazar,,13,9,3633.5360054600023,,,,,,,,,,,,,,,,,,,,,,,,,,,,,,,,,,1.8699817665282197,0.5564049924593458,-0.0128496272915111,0.5385076776834306,1.8672210190273075,1.4237535783838515,0.4117764212573707,,,,,,,,,,,,,,
4FGL J0639.6+3503,blazar,,175,21,3634.0978337600022,0.1334316904879746,-0.1911110413964507,-0.6981893328244548,1.2589997999999998,-0.3818768976194714,1.842706609564031e-07,-4.02959513394333,0.0,0.0,0.0002659361256485,0.0010252654712646,0.0032247524474054,0.0133525406918415,12.126041271811436,3.1452853281820023,0.7533163222541739,1.400009183301465,56742.58722508,0.0102200868744963,0.0036054933877461,0.0002010304173012,-1.2029109036913092e-08,0.0002010424464102,0.0228571428571428,0.0016225342915924,38.0,-0.0073256034578808,0.0124075482677875,-0.6716234773956204,0.6721989666743542,1.3438224440699746,0.7535320167137276,2.0,2.031335715530652,0.3953688724211922,-0.0043519692832136,1.277038267970385,2.653949032160587,0.8473112702492922,-0.0031548823269615,0.0234365762521363,391.1250243349045,0.0,,,-1.287723731931203,0.0,0.0,,,,,,
4FGL J0746.5-0710,blazar,,137,20,3442.1553644899977,0.062973657261304,-0.0114484352892798,-5.500634424712319,0.594999399999999,-0.4149298516290505,4.624117554429259e-07,1.6020983215969875,0.0,1.0,6.55023137900961e-05,0.0002156462822456,0.0006851574913582,0.0058545558781745,10.460050054014278,3.17722838087481,0.5157846633509295,1.3467044630647655,57124.00309708,0.012798983195113,0.028291532152598,7.393692277554157e-05,-3.2336694939680723e-09,7.394015644503554e-05,0.0364963503649635,0.4583942747980781,28.0,0.0126831295856036,0.0024905773052993,-0.8278562470228308,0.7598006326115666,1.5876568796343973,1.3520171631275244,3.0,1.886045348587252,0.1631259655518336,0.0004556473911501,1.3208645062050297,1.1151660701417987,0.3364295750630239,-0.0198261530905479,0.0067379469990854,7.38905609893065,0.0,,,-1.862129453203815,0.0,0.0,,,,,,
4FGL J0825.9-3218,blazar,,121,21,3636.530590909999,-0.0076213535179728,-0.0455563096599462,0.1672952347295523,0.194000299999999,-0.218026101014569,0.0162892858976488,1.2943161582978775,0.0,0.0,2.915909496458956e-05,0.0001001986210873,0.0003768052575224,0.0004650736355776,12.922391626269947,3.760583226324383,1.059537874611486,1.4229503004696396,56787.20356946,0.0122863972264085,0.6723118636587819,-3.497007973582966e-05,-4.672672370836523e-08,3.4923353012121295e-05,0.0330578512396694,0.0086484984804907,26.0,-0.1031028818015607,0.1009627005948982,-0.7656679997379309,0.9666918171875564,1.7323598169254872,0.8585866939098378,2.0,1.911357962429536,0.0534017295468014,0.0019613425788473,0.6960633111355998,0.3483228830375247,0.1283532361389232,0.0126866283984523,0.0067379469990854,2844.918135530094,0.0,,,-2.5753215124039106,0.0,0.0,,,,,,
4FGL J1120.8+4212,blazar,,220,21,3633.559954110002,-0.0071913643554464,-0.0242233132489323,0.2968778169007673,0.5620004000000005,0.1149186923922413,0.0890467727911683,2.288073345503902,0.0,0.0,7.809993853712872e-05,0.0003202382348631,0.0015532582579885,0.4413129570060303,19.888085281424473,4.850321054892722,0.0309531899533086,1.578458120926047,56798.40597981,0.3517552149046866,8.850959939197848,0.0001271337441804,-1.0171614458645503e-07,0.000127235460325,0.0318181818181818,0.0016214861601667,46.0,-0.0817399578565091,-0.0164568984168738,-0.7824891478522207,0.7481036936506507,1.5305928415028711,0.7059208925623157,1.0,0.9461006063143308,0.0664347711263316,-0.0008914226331476,1.703001871672153,0.5202072960441367,0.1348131877987398,-0.0093993281565173,0.2246042858572715,424.5808180071898,5.058719973013887e-15,-0.0212778437383475,0.3322603025410175,-1.6771378443722489,2.554356209161724e-16,2.962561162336699e-26,,,,,,
4FGL J1136.8-7413,blazar,,322,22,3814.971279850004,-0.033950688299443,-0.0942574616222162,0.3601909887571271,2.076999599999999,-0.4011939702776225,6.988933994787462e-14,8.408081807746072,0.0,0.0,0.0007969200345118,0.0014534206182602,0.0028904261377476,0.0823290711419333,3.626996447505728,1.988705884204933,0.2805774013995479,0.9646938331868457,56701.6017631,0.0031429186110412,0.0027235328053665,-7.793364775169874e-05,-8.489248768779311e-09,7.792515850292996e-05,0.015527950310559,0.0019833478713234,72.0,-0.0083698311563435,0.0121478035182974,-0.5068882509906808,0.5568276494191905,1.0637159004098713,0.6185879754286563,1.0,1.9224595795396624,0.2940787614184758,0.0019016982958138,11.178126148340718,5.479614595817062,0.3357426305778244,-0.0071298315061665,0.0067379469990854,255.09117288963705,0.0,,,-1.892370652032759,0.0,0.0,,,,,,
5BZB J0502+1338,blazar,,215,21,3634.353094519997,-0.1671770635016678,0.0050252935259993,-10.0,0.4869994000000002,-0.1284941098895388,0.0599835331626674,2.2388212081232015,0.0,0.0,0.0002039047779365,0.000983874445083,0.0096563477898882,0.4647399276308281,47.35714307554887,9.814613875105335,0.117775140170285,1.8913775362144845,56719.20723825,0.1497663378353521,0.6823017537782032,0.0005587417806967,-8.436052486882737e-08,0.0005588261412216,0.0186046511627906,0.0014415934017663,43.0,-0.0782778314850112,-0.0076503179167772,-0.5816728732976999,0.3805743503012724,0.9622472235989724,0.448705091461258,0.0,0.7222565167122128,0.0461888592018595,-0.0024666801834281,0.4023122341995819,0.3405376179025045,0.1116377358547583,-0.0244321680649601,0.3050076933368619,50.20286933622992,9.408824091452764e-15,0.9074718669710076,0.7401563923912335,-1.4246235726126713,-5.438561130888736e-16,1.2015814604512716e-25,,,,,,
5BZB J0503+6534,blazar,,270,21,3637.3241615699953,-0.0155460713849297,-0.0357521477187606,0.4348290208247293,1.0480003999999994,-0.4046482372330057,4.637163596581509e-12,-3.286288770206977,0.0,0.0,0.0001937802854823,0.0008659889470487,0.0015237226685224,0.0656415703631636,7.863145917381525,1.7595174533760358,0.1941284141067422,1.2437766569637243,56727.25078749,0.0419449495146167,0.0749548631945437,5.4930754573711954e-06,1.1265204170756852e-08,5.481810253200439e-06,0.0185185185185185,0.0082929103901309,58.0,0.000416566919501,0.0096362685253203,-0.5394359971611543,0.4588543593106313,0.9982903564717855,0.5687956557184417,0.0,1.2500139920723463,0.1577017809182023,-0.0027310393541019,1.0472529048996615,1.385142372696634,0.3671528012010474,-0.0410491772538801,0.0434278998424394,94.03779986970687,0.0,,,-1.1363453127589402,0.0,0.0,,,,,,
5BZB J0505+0415,blazar,0.424,173,21,3634.3558956299967,0.0880751234716187,-0.0371557371714387,-2.3704313297630204,0.4610003999999996,-0.0502466779730067,0.5114924617586547,-0.3980129659827511,0.0,0.0,0.0001540209346272,0.0017884712150838,0.0019281128524858,0.0303536046157632,12.518511490883824,1.0780787720518723,0.4470535861044993,1.4114977812419705,56719.07391549,0.0573119431063531,0.3695790599464867,-6.044550096654538e-06,7.923174169389204e-08,6.12378183834843e-06,0.0346820809248554,0.0014419418480438,36.0,-0.058584297729858,-0.0136154945732835,-0.6654954905560563,0.5204850299388446,1.1859805204949008,0.5242046014310462,1.0,1.0384623821355838,0.0776993870115615,-0.0023892946711452,0.4001838566354977,0.4520232992860573,0.1812713975552461,-0.0219694605723344,0.0778124445835927,390.9731022952675,3.57319058427534e-16,1.8943116211855209,0.1364016736401673,-1.448324466876406,2.3774629225765595e-19,1.0408069536219876e-28,0.068391184837077,0.1254189758235851,0.0220383113817435,0.0928547348371334,0.0652069767114701,
5BZB J0506-5435,blazar,,494,21,3640.5970680299943,-0.0043734682987741,-0.0050878837572006,0.8595849487686592,2.064999499999999,0.0844793489473505,0.0606215306837822,0.8472299816086228,0.0,0.0,9.566631856994052e-05,0.000431841568483,0.0011522908530166,0.241969954864811,12.044895823280882,2.6683185094849917,0.0464991756054224,1.3975875029626472,56699.69908678,0.1199721704517272,0.2418803837683311,-1.6503697322359375e-05,2.8330218034482676e-07,1.6786999502704202e-05,0.0080971659919028,0.0129844712114867,106.0,-0.0369783710480515,0.0037170013346723,-0.4246105445518381,0.4026157101549015,0.8272262547067397,0.4080338668460911,0.0,0.9777480890310212,0.1676938403067526,-0.0070494868842687,9.52842850528464,3.173316100765832,0.2433561491859335,-0.0412677649839344,0.3231723072362609,857.8292644781482,9.146081695985232e-15,0.0580696545020517,0.0199586260808221,-1.2973901614282948,-5.4540441562921204e-17,5.623283348459765e-26,,,,,,
5BZB J0515+1527,blazar,,232,21,3634.287523290004,0.046584394446091,-0.0505009075848332,-0.9224466781678516,0.6179999000000009,0.0028371153018782,0.9657172157210436,-2.1392794456053412,0.0,0.0,0.0001034876447481,0.0007197493439528,0.0043217943899597,0.466246590856999,41.761452381245945,6.004582595685494,0.0656223240025007,1.846024995524968,56722.17102617,0.3923373232974935,3.8797745346938473,0.0006165947213956,2.972718643858097e-07,0.0006162974495312,0.0172413793103448,0.0012620479397731,48.0,0.1255220404889269,-0.0018947410709485,-0.5212648442824167,0.4616913495590577,0.9829561938414744,0.6455458825139627,0.0,0.8026291683633906,0.0528443052834544,-0.0041920719214359,1.0148342134977972,0.4742829007385819,0.1116144631615276,-0.0251344846597709,0.3120400712503046,309.0714161386799,1.0411027248901381e-14,0.6713775376541485,0.3139308846620369,-1.4792042137974273,5.096657448978944e-16,1.238261900155768e-25,,,,,,
5BZB J0516+7351,blazar,,329,21,3639.760014419997,0.0323570776438939,0.0012100788491467,10.0,1.4429998999999984,-0.206872606118983,0.0001574553033134,-4.285001522794246,0.0,0.0,0.00033765783402,0.0013716197937109,0.0030630620081564,0.0794028493549691,9.071496913360386,2.2331713350651574,0.2648532464579892,1.2953351585143535,56730.34726148,0.0356998026627918,0.0219803626198798,-3.209161405808184e-06,2.0821304484112853e-08,3.229982710292297e-06,0.0151975683890577,0.0153244688021792,70.0,-0.0019399612072463,0.0010716678368819,-0.5127361840064808,0.6062995851546386,1.1190357691611197,0.5702950565298258,1.0,1.037488845019215,0.1673791359055862,-0.0015400965921185,0.6914773701768337,1.2947152126137649,0.3668838859292891,-0.0223206927467685,0.1310017359136655,7.38905609893065,0.0,,,-0.9389123113960106,0.0,0.0,,,,,,
5BZB J0521+2112,blazar,,174,21,3633.725591760005,-0.0008060595770323,-0.0135323872836533,0.0595652164053879,0.2039995999999995,0.2403702880731386,0.0013991756355152,0.3979439388648876,0.0,0.0,9.153856075547682e-05,0.0004358691067294,0.0047325768543723,0.4367612866369498,51.70036281555669,10.85779370560502,0.068985783469556,1.9230256250277251,56917.90139384,0.4036721070544641,18.204218152158692,-0.001656950978837,-2.331333093366755e-07,0.0016567178455277,0.0344827586206896,0.523257273073251,36.0,0.1131764591833994,0.0086824196220027,-0.7429874381652779,0.9500810388479362,1.693068477013214,0.9390657121243462,5.0,0.8344289955422902,0.0277099789924259,0.0033035975172089,-0.0113406709047659,0.1536987110834788,0.0704954696546233,0.0232638396688934,0.2625346316511423,135.68989509107368,1.2505756326658028e-14,-0.1753265389241049,0.4399900813464896,-2.0002982396563747,-1.0795417706773916e-15,5.088449545338177e-25,,,,,,
5BZB J0536-3343,blazar,,263,21,3637.341477759998,-0.0222223789248131,0.0167756623213969,-1.324679675774655,0.7959995000000006,-0.0578993663820854,0.3496428781064824,-4.979249113976724,0.0,0.0,3.603943576785475e-05,0.00026755409601,0.0003620491160268,0.039098321465979,10.045914933658002,1.3531809831089243,0.0993845909315815,1.3321342656646884,56724.0059642,0.1933914831052347,3.787442646163473,4.125825852022179e-06,-1.4683915405469637e-07,4.272665006076876e-06,0.0190114068441064,0.0016225331690531,54.0,0.0712623594692786,-0.0043694165051418,-0.5413046490107323,0.7568374372555442,1.2981420862662765,0.6957208200238063,3.0,0.9953467095202974,0.0860849984402338,0.002052987164172,1.9249944401639936,0.8252740174004011,0.1647022237284491,0.0070703984640551,0.1504851351810298,1962.112297067078,2.524677427749093e-15,0.4456325093589106,0.0130801160086112,-1.6276626106919792,2.1112832723788008e-16,5.369157130836152e-27,,,,,,
5BZB J0537-5718,blazar,,572,21,3637.1119874299984,0.0095857360099487,0.0483879661027546,0.1981016517535136,1.909999899999999,-0.3696276381738939,5.865193992108903e-20,1.0455763413556465,0.0,0.0,9.988051678664348e-05,0.0002904076791369,0.0008984009038573,0.108388199237899,8.994756172333757,3.093585209019383,0.0731256330658945,1.2922710438464518,56713.79385463,0.1866665160524931,1.8517449370346524,-0.0001957788649433,-5.506324442213293e-08,0.0001957238016989,0.0069930069930069,0.0014426395619403,124.0,0.0164432396492287,-0.0023113302318213,-0.3566350058497767,0.4179536401302109,0.7745886459799877,0.373519144557189,0.0,0.8665835445375935,0.0908298073589885,0.0013858834622331,7.799941520704116,1.9627209186809105,0.1557571325624545,0.0095568744338478,0.1261811792718119,541.5981914454408,1.3173814904902173e-15,0.1436429170150626,0.1043600562587904,-1.4254239383222318,7.039077211602729e-18,1.0996997794915476e-27,,,,,,
5BZB J0540+5823,blazar,,272,21,3634.199682959996,0.1207870396961656,-0.034049584444387,-3.5473866030126247,0.759000799999999,0.2075299773862084,0.0005721475209792,-1.2934865401363431,0.0,0.0,9.255683464679524e-05,0.0003370597412647,0.0012486401772005,0.3028692243326313,13.49052361692051,3.7045070076031936,0.0380264088611014,1.4384686104312752,56731.9905561,0.3045229239094715,3.1092266765154553,7.426544832832562e-05,1.631647455327486e-08,7.424913185377234e-05,0.0183823529411764,0.0010818050923922,55.0,-0.0408294616406606,0.0154384784776496,-0.5846953622417327,0.4509576938915187,1.035653056133251,0.572490421685339,0.0,0.960258627449154,0.0865087882891785,-0.0004403052544688,0.8480588008213704,0.6976730188208996,0.1829954722634474,0.0045312842829244,0.2105429016866569,89.59390353647471,2.082963028648268e-15,0.2680597564042358,0.4260239026864882,-1.392678422975716,7.548209244767514e-17,3.1921026950202967e-27,,,,,,
5BZB J0543-5532,blazar,0.273,454,21,3639.6888187199943,0.018493844215507,-0.0008349931353777,-10.0,1.6270008000000011,-0.005645777715783,0.9045105040926676,1.2456156121560558,0.0,0.0,0.00141846075452,0.0023828871548434,0.0061403853658456,0.7738713254211685,4.32890747378792,2.5768678767635698,0.07963986576478,1.0285007412257632,56719.72142821,0.4199661920080956,2.8455889441771003,1.736795290272011e-05,8.042117645265775e-07,1.6563741138193535e-05,0.0088105726872246,0.0014426389869953,100.0,0.0021358120392618,0.0039757765174347,-0.821624170660894,0.6211372816534027,1.4427614523142966,0.9854033114636496,2.0,0.9338947711953676,0.1169358931799528,-0.0023602302863073,16.575969739284922,2.5020186752784745,0.0946667537239409,-0.0255137533319429,0.3964352963495398,266.0460199191649,1.4346762261578967e-14,-0.3395844776855556,0.0835752904251364,-1.524808115891087,-6.289686580807463e-16,3.900520439777997e-25,0.4738365223292847,0.0235426636863404,0.1497597070936516,0.4472872477011775,0.3513646879035172,
5BZB J0546-2204,blazar,0.247,166,21,3634.354523400005,-0.0466053308183448,-0.1114787274902707,0.4180647901853052,1.8280001000000008,-0.225845457084356,0.0034365455352531,-2.2885736902997973,0.0,0.0,0.00023917466015,0.0017461578486832,0.0017994818432829,0.0189839424889747,7.523714404485586,1.0305378998865362,0.5969513507764602,1.2278612717241757,56731.18565355,0.0645320179519656,0.0351262279981671,3.502153378485145e-05,1.535829539503522e-09,3.5019997955311946e-05,0.0240963855421686,0.0021632613004754,34.0,0.0498227875368154,-0.0010864742264712,-0.9178721639377024,0.8148331975678029,1.7327053615055052,0.9233556305651032,3.0,1.226307337385406,0.2541082403341923,0.0097567029983958,2.7580295104585213,2.559255696977404,0.4870887606642162,0.0360238784480864,0.0484067414838253,52.98184489962055,0.0,,,-1.0311503430703994,0.0,0.0,0.0720623586358936,-0.058116847530476,0.0226896557813174,0.0540553987913244,0.0433483550852642,
5BZB J0556-4351,blazar,,379,21,3635.2152069500007,-0.040632797364609,0.0429253568033892,-0.9465919538122712,1.5939998000000006,-0.0493029497255894,0.3384472531885198,-3.782017189982205,0.0,0.0,0.0002148641195012,0.0005680090721176,0.0018412052894629,0.3323124598489917,8.569161222301041,3.2415068290317084,0.0519435235052675,1.2747884990735332,56732.63030118,0.2855947767477141,2.0978976232378925,6.309508836404131e-05,-1.24320523602021e-07,6.321940888764333e-05,0.0105540897097625,0.0010818050376308,78.0,-0.0261361108614417,5.733122941245117e-05,-0.4423432067159276,0.3670287573429071,0.8093719640588348,0.4361997161227414,0.0,0.8155811824941707,0.1261991223199214,0.0006180658855547,7.190119902206353,1.949916994797139,0.2007780646610748,-0.0129692728728401,0.3002440700551505,29.09030385697196,2.0753747956710674e-15,-0.9346659857423802,0.4106170340239933,-1.0082057705313905,2.239853148761905e-16,2.5665305610483273e-27,,,,,,
5BZB J0558-7459,blazar,,682,21,3655.646989820001,-0.0101174099729759,-0.0349808047284273,0.289227479228173,2.1929990000000004,-0.1762024548272477,3.667680607077526e-06,-4.103532555307873,0.0,0.0,0.0001034054061706,0.0001292595515516,0.0005625649356527,0.323809572262043,5.440382191273347,4.352211689947966,0.0191477950623149,1.110927002025038,56737.43131663,0.2237031822825265,2.9265572454365296,8.553719042957261e-05,1.9104468280550066e-07,8.534614574676712e-05,0.0087976539589442,0.002163261136211,146.0,0.0012999718910931,0.0129339973767429,-0.549921947844119,0.4603180526707269,1.010240000514846,0.6091545967385654,0.0,0.7120545265729281,0.0605709649116797,-0.0015488848306332,5.122003582388671,1.367434264189184,0.0893739178888559,-0.0081885136276338,0.2446061370537171,14.297484488305995,9.890336306082088e-16,-0.7701821249864715,0.4533877143332779,-1.1054610423402496,7.02665830121828e-17,1.2665040612137384e-27,,,,,,
5BZB J0607-2518,blazar,0.275,155,21,3634.088658990004,0.03642084246063,0.0827086788524472,0.4403509155986519,1.178999899999999,-0.198215015932021,0.013422298100124,2.785885898746615,0.0,0.0,0.0004733581654923,0.0023822837186538,0.0038042833549478,0.054728072991584,8.03679670964217,1.5969060794742505,0.4383304904387055,1.2516551474614102,56737.24298406,0.0046086735784904,0.0002497520157176,-0.0001623333454849,-1.4194476799923336e-08,0.0001623191510081,0.0258064516129032,0.0018027755783825,32.0,0.0044840427657427,-0.0073265671777494,-0.752949942851908,0.5724221568498112,1.325372099701719,0.8327363535686205,2.0,1.1664105051812608,0.1876920834288434,0.0093192488713367,1.382686068766546,1.463012060953544,0.4068680337366018,0.065478237146654,0.0598228045131798,314.45351903438444,0.0,,,-0.967295274546898,0.0,0.0,0.0052039251527257,0.0464365741373032,0.0016452107507695,0.0675494568688248,0.0529799661716273,
5BZB J0609-0247,blazar,,212,21,3634.085857940001,0.0079179508237776,-0.010216268982933,-0.775033511451696,0.4700001999999994,-0.060649047843692,0.3795901488885127,1.2934460274666673,0.0,0.0,5.230943778961433e-05,0.0002010588231581,0.0015712346947678,0.170987431096007,30.037307436756063,7.814800973530816,0.0635520347584625,1.7271708975893616,56737.31289252,0.1185941072953144,0.8902153925573809,-4.151940198320446e-05,4.672117815784285e-07,4.198661376478289e-05,0.0283018867924528,0.001622532977418,44.0,0.0655524120178132,-0.0228133918733565,-0.5563405223200438,0.3945052639378674,0.9508457862579112,0.4011969634896729,0.0,0.8547203948479122,0.0505523804928447,0.0008907131085586,0.6709836145245475,0.3918193401921929,0.1174861240006198,0.0091592202593311,0.2299179009904357,716.4646591926067,6.4818771827358075e-15,0.4262104377049606,0.189783981303536,-1.7136219022731365,2.2274207479255223e-16,5.487113190863045e-26,,,,,,
5BZB J0610-1847,blazar,,156,21,3633.936614439998,0.0164445448303527,-0.0364125683319969,-0.4516172734759399,0.4440001999999996,-0.1898658961677776,0.0175971169387934,3.3329740337779583,0.0,0.0,0.0003503161022386,0.0017453545857088,0.0313347736629174,3.255390005010515,89.4471403775837,17.953242224552707,0.0594270133139025,2.1207408637575775,56928.82647647,0.6216994035780534,9.79517368781921,-0.0010305287534053,2.3331374221974026e-07,0.0010307620671475,0.0448717948717948,0.5234424217932908,31.0,-0.0802098987909566,-0.0067701672197506,-0.896248169773668,0.8929536009281975,1.7892017707018657,0.8079580037662998,2.0,0.7160122689988552,0.0424593098267725,0.0026955425495082,-0.1254383701614449,0.2892060633840788,0.0955619157585531,0.0096530825882084,0.7476001880161336,112.85635311767372,4.4232300507257114e-14,1.1559174940805763,0.3687770751459862,-1.0650315783803823,3.632002285781954e-15,3.5061698009179195e-24,,,,,,
5BZB J0612+4122,blazar,,206,21,3634.214469489998,0.0242529610794982,-0.0394472108752911,-0.6148206816489978,0.2530003,0.0980570630238739,0.160855172430839,-0.5472465320245035,0.0,0.0,8.443821291498601e-05,0.0004763368435168,0.0063285474583303,0.4564176228684852,74.94885508476163,13.285865939573132,0.0820461449530466,2.0569586337285437,56737.25508127,0.0232621064188353,0.0208128740476403,0.000898424446179,-7.498267214496951e-07,0.0008991742729005,0.0194174757281553,0.0014419417111502,41.0,-0.0142393488886318,0.0439949342289318,-0.8172528414689111,0.7166451622825751,1.5338980037514862,0.9968963058272248,5.0,0.7444830531754644,0.0299734285552646,0.00410707472448,0.1202245665166995,0.1721493358485288,0.0779670980259583,0.0136670600876999,0.3111119624097698,152.2548708528,2.4943111648904344e-14,-1.5359487788840256,0.8368724699222804,-1.9008099675011585,2.675873179664249e-15,1.543504897616224e-24,,,,,,
5BZB J0613+7107,blazar,0.267,345,21,3634.49257065,-0.0537595320691562,-0.0717374084804556,0.7493932831962096,0.8429994000000018,-0.2532054472719393,1.8991657647690215e-06,-2.43792109461807,0.0,0.0,8.144564212206863e-05,0.0004327842305455,0.0006323292425037,0.034880529763744,7.7638191346351695,1.4610727388232092,0.1691570549604155,1.2391916279515132,56736.27292792,0.0427921199637668,0.142892611062463,5.506177362839683e-05,2.6934776809290573e-08,5.503483885158754e-05,0.0115942028985507,0.0012620476933567,74.0,-0.1962163867456719,0.0319801759673281,-0.5722109596870097,0.3066784339270578,0.8788893936140676,0.3957837609908818,0.0,1.4329307926001298,0.135107212446695,-0.0021907622047443,0.1189452091851873,1.0511966131970971,0.3205652027462564,-0.0211213782433119,0.0372387766501466,242.78721259280223,0.0,,,-1.573472168693122,0.0,0.0,0.048167278600401,-0.068113327131621,0.0152105240905572,0.0419163745840235,0.0330831685746042,
5BZB J0615-3117,blazar,,187,21,3634.285397110005,0.0468828786433177,0.0142855500325967,3.281839238695066,0.3330002000000007,0.0094853978288363,0.8974810635057102,-0.3980052454056131,0.0,0.0,0.0001429075473602,0.0004080945655608,0.0023651472649904,0.2340324276941764,16.5501913098957,5.795586265512875,0.0736487062357689,1.512193997320414,56740.07306681,0.0918068564247187,0.4925884594273238,-1.106577192086975e-05,-4.132231413226959e-07,1.0652548779547054e-05,0.0267379679144385,0.0019830184257436,37.0,-0.041171446009908,-0.0071055774822382,-0.991638710925335,0.7453171804201623,1.7369558913454972,1.129987914346586,3.0,0.7864597705337055,0.0416465280591224,0.0029347917717035,0.556045914192174,0.2500044480815175,0.1008997083085464,0.0114925402420704,0.287973935004535,445.0528498300769,8.974393877460757e-15,-0.2711058422409992,0.1576828019258471,-1.6202012738780818,-2.876436822143627e-16,9.960650217926438e-26,,,,,,
5BZB J0617+5701,blazar,,251,21,3634.208733979998,0.0329173243939133,-0.0084764049908987,-3.8834062824106543,0.2999993000000014,-0.0927569386699219,0.1428194652410029,-0.845743305649007,0.0,0.0,8.755598038519204e-05,0.0004159187315336,0.0022168012781576,0.6029641822073027,25.318673185845014,5.329890444350509,0.0312945395484852,1.665532474618394,56737.38967732,0.1126295252675871,0.4080605781824372,0.0006655919438825,7.214658208314692e-08,0.0006655197973004,0.0159362549800796,0.0010818047364928,53.0,0.1963230959954489,-0.0093427551093393,-0.6556636910303942,0.8918021962039558,1.54746588723435,0.792982829549447,3.0,0.7207788402367726,0.0295019921748705,0.0029614999073837,0.1031306809447589,0.201234709391174,0.0722782842936202,0.0102090710172876,0.3126673144233549,275.0561247588767,1.8481795690914297e-14,-0.3470760868320411,0.6200055021065813,-1.923668036904695,2.6437749402552248e-15,7.114411258467323e-25,,,,,,
5BZB J0621+1747,blazar,,150,21,3633.772988079996,-0.1517004395837672,0.0226123855044365,-6.70873223676482,0.7580003000000008,-0.2578147237158568,0.0014466341382987,2.9348748295238845,0.0,1.0,0.0001008227991412,0.0006642731262321,0.0012702273056831,0.045167466929451,12.59861166227339,1.9122063705569892,0.2125950316925929,1.4137982142166583,56739.62114495,0.0858470726078018,0.2754408490020892,-3.424723108406916e-05,3.4902280252413867e-08,3.4282133364321575e-05,0.0266666666666666,0.0010814561533018,32.0,-0.0373630781682529,-0.0076905693133774,-0.6379242830244483,0.8271977563023246,1.465122039326773,0.6401559224798948,2.0,1.2511795436952815,0.1332347494660985,-0.0039726496729191,0.2328355654040272,0.8702741838193052,0.2933110522760076,-0.0232406321174747,0.0567557820279309,95.43561217879852,0.0,,,-1.0896138019270742,0.0,0.0,,,,,,
5BZB J0625+4440,blazar,,240,21,3634.168117310001,-0.0506899985336454,-0.0260852669949047,1.9432424649341995,0.6960002000000003,-0.2246143970714163,0.0004541174010683,-6.8653689279778245,0.0,0.0,0.0002839767393086,0.0016117882090238,0.0179442760930898,0.7615868546767843,63.18924596988539,11.133147631613612,0.1273581224192945,1.9954017863407392,56739.29681564,1.002404421872126,21.64140692374099,5.322569635551614e-05,5.559682267598353e-08,5.3170099532840155e-05,0.0208333333333333,0.0012616988637892,52.0,0.086998145022314,-0.0129862866815468,-0.7020587344775243,0.655053461787202,1.3571121962647263,0.8693305593832266,4.0,0.7457498514648068,0.0506494782783428,0.0031556513534658,3.3290580671943495,0.5696687187597176,0.0972755228772713,0.0100631670965288,0.3311682333700062,8.54248952050063,2.278311821580676e-15,0.0671791404198214,0.312238383351473,-1.0322655935558516,-1.9886517099740323e-16,7.174870112369668e-27,,,,,,
5BZB J0629-1959,blazar,,188,21,3634.202634940004,-0.0793351629850108,-0.026985467644658,2.9399217397188866,0.7380008999999994,-0.2588720219063392,0.0003343175652631,3.8307132496971974,0.0,0.0,0.0006817500978781,0.0030716201356607,0.0136163392415132,0.8669802680024861,19.972625253621416,4.43295024635305,0.1089016415697144,1.5799880179534929,56743.56467358,0.0650675335010532,0.0655148182228821,-1.57313329803337e-05,-2.3168268281259605e-08,1.570816471205244e-05,0.0319148936170212,0.0014419514579055,38.0,-0.1800926272467004,0.0286030474186812,-0.918808896041334,0.9352768082430912,1.8540857042844257,1.0268790067036448,2.0,0.6292233436008714,0.0625062295034585,-0.0010035589904194,0.5590235253581672,0.4566544906378181,0.1426609933888468,-0.0083989209802064,0.41498838987901,25.95629526256746,4.911110115876853e-15,0.982198586193086,0.4753073308394633,-0.8330648123578563,1.0182843240881221e-16,1.6933427709556476e-26,,,,,,
5BZB J0648+1516,blazar,0.179,154,21,3634.0234708299977,0.0260750008696354,-0.0943052977396093,-0.2764956104760127,0.5469990000000013,-0.0410593387855905,0.6131410330177507,-2.5868476452177944,0.0,0.0,4.797052966809688e-05,0.0005387332952097,0.0012382697625004,0.06153363370469,25.813134548538972,2.298483816040902,0.1512689081200798,1.6725083594781245,56936.8434063,0.1990952663601608,7.00889390190838,-5.8608817578153296e-05,-2.8468206136969817e-08,5.858034937201633e-05,0.0389610389610389,0.5244638896372356,31.0,-0.0198779129781399,0.0067875757460216,-0.6145993104559403,0.7677606868021247,1.3823599972580651,0.6984343523376165,2.0,1.0782474555955763,0.0816999676791367,0.0054746905868441,0.8978331455405529,0.576994973553841,0.1880001238639411,0.0194404489932682,0.1050815935941172,16.156427246385817,1.4314291334922663e-16,-12.288471668507537,-0.006578947368421,-1.6147411732770252,4.1050011732894714e-18,1.6946528479339105e-29,0.2161811570826665,0.0307424260253001,0.0673454133541285,0.1140994505121615,0.096776463538729,
5BZB J0650+2502,blazar,0.203,188,21,3634.0323833500006,-0.0216530696269645,-0.0406593937769667,0.5325477734798615,0.2349997999999988,-0.0907433196933932,0.2155424339862975,0.746207881591376,0.0,0.0,6.261748730159574e-05,0.0002234805842507,0.002117291811591,0.769880798873716,33.813106673859984,9.474164430056591,0.0224020350673643,1.7698776673841097,56745.28475337,0.3503618307813281,3.6295928903824617,8.780278173037193e-05,-1.0232898322849078e-06,8.882607156265683e-05,0.0212765957446808,0.0010814567008761,40.0,0.0319993811132777,-0.029389655777526,-0.6361522246606177,0.758046125531247,1.3941983501918649,0.444359948909785,3.0,0.9143457845430392,0.0348555502856685,-0.0005942019924004,0.0485091011693025,0.1948574156895791,0.0915002032113817,-0.0116723819937665,0.3711493027322751,938.9774625088552,3.559463092775737e-14,0.0948215496123309,0.1241518030847208,-1.9120560800817328,3.195627710680053e-16,2.7760153588357593e-24,0.3842816092392896,-0.0260486427612384,0.1201791872062796,0.4070815904915631,0.3383886870254058,
5BZB J0702-1951,blazar,,167,20,3445.0516515800045,-0.0632296558346558,-0.049791719660669,1.2698829497267092,0.3640002999999989,0.2499366624955542,0.0011240149012425,-0.1886407475197812,0.0,0.0,0.0001125552373439,0.0013005283064927,0.0065173496429203,0.8696933963081915,57.90356574080301,5.011309331270845,0.0562066804756475,1.9638950720491863,56944.80678598,0.1472453281765918,0.5260959358619465,-0.0006658777298374,2.854111666414714e-07,0.0006661631410041,0.0239520958083832,0.0007199256947322,33.0,-0.0167192179891018,-0.010055841103312,-0.8151526468232749,0.6860807931749366,1.5012334399982117,0.8469469307012252,2.0,0.7517245658768175,0.0329260940637114,9.875117293437335e-05,0.1909504008198722,0.2518464971082245,0.0780050036334862,-0.0063274120145125,0.3696262099179587,77.40187955368573,1.3597290992599502e-14,0.0470743611637139,0.4878038405063479,-1.5427442303168928,1.5750269477426692e-15,3.9872081418932422e-25,,,,,,
5BZB J0706+7741,blazar,,384,21,3634.533961870002,-0.0594254048803988,0.0166791579150874,-3.562854023142531,0.8000002000000013,0.2260520106019273,7.702533893255454e-06,0.6468027584436691,0.0,0.0,8.231423896373808e-05,0.0002707466211335,0.0005873399649923,0.5250509226562723,7.135338493692933,2.1693344144574143,0.0146452955152815,1.2087454684664138,56740.15889271,0.2975712120358458,1.7816714843646388,0.0002827823035625,5.768022165841481e-07,0.0002822055013459,0.0104166666666666,0.0010814565366317,81.0,0.0583821360138156,0.0045458541330434,-0.4758683776675139,0.5240390172751038,0.9999073949426178,0.7554487006162576,1.0,0.8118703668950955,0.0582771507927265,-0.0056924140350768,3.364601732355776,0.733960481245471,0.1158502021028778,-0.0302516415632175,0.3726099239462076,981.26027270703,2.1397174864270536e-14,0.2816330338456992,0.1599337591284086,-1.5320097968770685,2.1064099408594655e-16,5.411481275034219e-25,,,,,,
5BZB J0707+6110,blazar,,299,21,3634.3195286300033,0.0161687341904562,-0.0334717421327233,-0.4830562486512782,0.4220009000000004,0.0800469951764289,0.1674141388554914,2.885565128823274,0.0,0.0,4.035451650236525e-05,0.000122854801281,0.0005890135861753,0.1791540543186937,14.595976426698904,4.794387970506783,0.0297678441660526,1.466874705835533,56744.1720753,0.1001014734751109,1.252030689183819,0.0002890839969564,-1.838465023168646e-07,0.0002892678434588,0.0167224080267558,0.0016221848870598,60.0,0.0044308958637097,0.0039658345244573,-0.5951026558131399,0.3932255162569632,0.9883281720701032,0.6091608793925651,0.0,0.7333398419220503,0.0312409133571782,-0.000149390900507,-0.658894060124521,0.261364108695633,0.0753284171327011,0.0048721120558258,0.191641924600208,98.9350981540578,6.408439648292389e-15,2.322956577527598,0.7625823424802768,-1.863466918236383,1.7718089786238398e-16,6.303658552069563e-26,,,,,,
5BZB J0708+2241,blazar,,213,21,3633.8126055899993,-0.1172742996627219,-0.0234989231538492,4.990624416911288,0.427000099999999,0.3725899123053811,2.0344437108473786e-08,1.5420696888882954,1.0,0.0,0.0001038746748623,0.0011156874404382,0.0039751235821588,0.4369380820066506,38.26845714950489,3.562936566745375,0.071099125644306,1.8145209582513495,56749.23439148,0.8765278077778706,69.0410749888201,0.0020101636380385,-4.741922351446099e-07,0.0020106378302737,0.0187793427230046,0.0007209709787833,42.0,-0.0725116752568293,-0.0073220011685197,-0.7067344729484706,0.5111133382047484,1.217847811153219,0.7228192371000213,2.0,0.8811428842490522,0.0532656545548029,0.0058971222177534,0.7794838069800646,0.36494331709435,0.1247540534796783,0.0336977777306412,0.3227970238680281,406.5573974521125,2.413950648767818e-14,-2.766566209150031,0.7487726582038134,-1.6541881720632836,3.956432734523814e-15,1.1337620528433884e-24,,,,,,
5BZB J0710+4732,blazar,1.292,25,6,3112.542619699998,-0.0008662551375675,0.0296386145405003,-0.0292272480005395,0.2639999999999993,0.0342627214325961,0.870841017432921,1.491293520732374,0.0,0.0,7.833472345130059e-05,0.0016346235565945,0.000778190085251,0.0066186678807478,9.934165093474606,0.4760668483184083,0.7914097813478214,1.3280996811566097,56746.67146256,0.0199139784650384,0.140488110086817,0.0002228884088475,-4.972248667658795e-09,0.0002228933810961,0.16,0.0012616992197085,4.0,,,,,,,,1.4807259940880244,0.0825574622894868,0.0046531464236715,1.7872440966800367,0.3811319139350904,0.1609616385960486,0.0288493494390122,0.0541949513400452,652.8539079547093,0.0,,,-1.9362122173513865,0.0,0.0,0.0301484743527327,-0.0019854567753049,0.0103046838422447,0.082047648258306,0.0357974032540602,
5BZB J0710+5908,blazar,0.125,246,21,3634.1700351100008,0.0220891034963935,0.0655723069751008,0.3368663467152563,0.6239996000000012,0.2090797819948071,0.0009698702024424,0.3979926116479125,0.0,0.0,9.360036374806618e-05,0.0005116520113548,0.0018903053021206,0.0489387222023308,20.195490767675206,3.694513568745065,0.2260791331125518,1.5839903252098222,56745.02765832,0.0127326645807175,0.0217308043906724,0.0003473132827408,-1.419610273624976e-07,0.0003474552437682,0.016260162601626,0.0014419421218509,51.0,-0.0362546537756576,-0.0212949895998033,-0.7662303380428774,0.7494899569873601,1.5157202950302375,0.6943566765871363,2.0,1.1801530549230956,0.0866287727152726,0.0049884924636946,0.5042724941884896,0.6943001864189977,0.2018339075938917,0.0309353265932412,0.0823611151849408,426.405884639452,1.0731900677991189e-15,-0.314657514432508,0.4113342674762573,-1.6183177027356492,1.3676544844175998e-16,1.5209154167492219e-27,0.0135050302013987,0.0248502414334427,0.0041681515090422,0.0873571545800369,0.0776508040711439,
5BZB J0721+7120,blazar,,377,21,3634.3313737299977,-0.0518793811705148,0.0553522982175365,-0.9372579430510184,0.2820000699999987,0.2519099974876456,7.229292991055249e-07,-0.3980102804906226,0.0,0.0,0.0003896721202016,0.0013479885586721,0.0084874195356912,1.704596266232855,21.78092574217906,6.2963587300439725,0.0397446730190354,1.6112483421135322,56743.51564866,0.8245677063772856,6.603615435111806,-0.0010470272659781,-2.058123250691658e-05,0.0010264460334712,0.0106100795755968,0.0012617102806382,83.0,0.0160616587227429,-0.0101399281059684,-0.8611426097743444,0.8903826522055365,1.751525261979881,1.1037776061345912,5.0,0.7759056592411122,0.0329304429209697,0.0063359924842572,-0.1053637700350261,0.1994671463449746,0.080360743384427,0.038290223373759,0.5715636815020886,81.70501963580219,3.446155159556842e-14,-0.4344294844372565,0.2671511379713626,-1.5099364120775445,-8.729012165469232e-16,4.8248682863166746e-24,,,,,,
5BZB J0722-0731,blazar,,142,20,3446.836550400003,-0.0523503662823873,0.0463924121157808,-1.1284251862510908,0.562998799999999,0.0742722834347852,0.3797007674445519,-0.2359231040657086,0.0,0.0,6.194992434374429e-05,0.0001422301567765,0.0006807587760036,0.1039677853388752,10.98885547038688,4.78631808222467,0.0544564594922445,1.3644923072842272,56950.92002066,0.092314863843734,0.8959527807630844,-3.5094354375167834e-05,1.188876230589666e-08,3.510624313747373e-05,0.0352112676056338,0.0147631690622859,32.0,-0.0413643003988507,-0.0029671604981575,-0.9000384011429436,0.741596813361157,1.6416352145041009,1.6416352145041009,1.0,0.9987324411021108,0.0718328615975184,0.0006504030143037,0.4949373325718526,0.5315749272722777,0.1682914005763902,-0.003787267302255,0.1293743383353369,621.9520810621426,1.1352722885253054e-15,-0.2602137323374144,0.1990658924514011,-1.4790064477449665,-7.744177106081663e-17,1.1057335793166583e-27,,,,,,
5BZB J0724+2621,blazar,,146,20,3442.3296721399965,-0.041144954635075,-0.036194934926276,1.1367600112800722,0.3620005000000024,-0.6216212952046412,5.635815543756821e-17,-3.816956925986854,0.0,0.0,6.49564910097182e-05,0.0007889402686388,0.0010649122524703,0.0084340795986137,16.394238967077577,1.3498008574943632,0.6289331019137193,1.508779257134225,56943.74618815,0.010564781350279,0.0079465916999559,-0.0001811648109921,-4.4637533560233434e-08,0.0001811201734586,0.0273972602739726,0.0012603054072478,31.0,-0.1771851701076985,-0.0242482879713201,-0.8232011491725331,0.5283278634961751,1.351529012668708,0.6406071559249219,1.0,0.5794711290632983,0.0314394711390971,-0.001902269544861,-0.2442954056487334,0.1910385697026355,0.0831366035754725,-0.0103599477557404,0.039737125892987,2922.3404787267727,0.0,,,-1.6620256638346231,0.0,0.0,,,,,,
5BZB J0731+2804,blazar,0.248,206,20,3438.5721894699964,-0.007600231945214,-0.1175220145074219,0.0646707085227348,0.7790002000000005,-0.2872169163700029,2.841768860325e-05,4.895434739286511,0.0,0.0,0.0002103335270019,0.0004389158110313,0.0014055878530345,0.036634591517984,6.682661896022244,3.2024087866179074,0.2512747832109659,1.1851057212621725,56947.82290742,0.1525509834445729,1.0510771654522302,-0.0001293720651792,-3.5619092217106726e-08,0.0001293364460869,0.0194174757281553,0.0009001682135447,43.0,-0.0226089635107072,-0.0165942031131146,-0.4073150377504559,0.639586173044198,1.0469012107946538,0.259467483929522,1.0,1.15938740803318,0.1319988020652728,-0.0010828582882999,0.9091709151539054,0.9024337545163912,0.3258069138605628,-0.0145312252543154,0.0663683719754952,380.0469606202116,1.7763568394002506e-16,-9.849370589540278,-0.0101522842639593,-1.1413678129356857,-9.186335457657708e-18,1.2018292082156659e-29,0.170420684138643,-0.0094850894676271,0.0536668725893097,0.074142710206397,0.0594092229217924,
5BZB J0733+3515,blazar,0.177,218,20,3442.3245790900037,0.0757585447246124,0.0053835433328784,10.0,0.7070008000000012,-0.2517966600219079,0.0001719115949593,-6.8328140173586664,0.0,0.0,0.0001092610124532,0.0003828003567531,0.0009550849610659,0.0147799823131766,8.741315231115658,2.4949949542152416,0.3738632146286361,1.2819625918952708,56944.07331939,0.0395292035196429,0.0819055865025745,0.0007509766358294,2.7859177961314015e-08,0.0007509487766514,0.018348623853211,0.0010804116358707,48.0,-0.0925163141991348,0.0066225493451184,-0.506283969678253,0.6940704950015176,1.2003544646797706,0.4473874265555037,1.0,1.1927568414150334,0.1216111585753529,-0.0017515803324508,0.710700623420163,0.7981198615205543,0.282316869954972,-0.0276585091785068,0.0424413241200121,329.7209041715918,0.0,,,-1.3876755582704303,0.0,0.0,0.0428850869728182,0.0891678071408688,0.0133552746023922,0.0460444358618012,0.0391201664076476,
5BZB J0742+3018,blazar,0.495,197,20,3442.3313377500017,0.2124790953028665,-0.0837921585549638,-2.535787345345567,1.3699999999999992,-0.161760320454299,0.0231504385071609,0.5183524259445588,0.0,0.0,0.0004471517770458,0.0015147016017028,0.0039299583057587,0.0547702515417291,8.788868788431044,2.594542911122689,0.3978766705028908,1.283919372254685,56949.66357733,0.1300322657961899,0.1380518326827228,-8.617850059102653e-06,1.2698421541687565e-08,8.63054848064434e-06,0.0253807106598984,0.0012603050787191,42.0,-0.0032960493533284,0.0139086568309411,-0.6509155361119052,0.5070953972678881,1.1580109333797934,0.6787187993789313,1.0,1.2695156673386447,0.3011541314714836,-0.0175759535593345,1.284200624052291,1.8178626759659864,0.6909380278092333,-0.0563296752111237,0.0866689230015855,249.0080650822588,0.0,,,-0.7853743910746176,0.0,0.0,0.1589907018394347,0.3176562474777854,0.0516319832921611,0.1059702590839093,0.0708831164440864,
5BZB J0744+7433,blazar,0.314,399,21,3634.433369840001,-0.0614613648104402,0.0300201052730526,-2.0473400826349084,1.3050002999999997,-0.2767364442843796,1.902901011722099e-08,-2.1891179777270366,0.0,0.0,5.404644242805715e-05,0.0002624873835566,0.0005703988420205,0.0418733527579217,10.553864525421483,2.17305240396221,0.1178118738703823,1.3499248667596029,56744.70129135,0.2404241944913862,4.801862010627029,7.776114142260983e-05,-1.4135355046849564e-08,7.777527677765668e-05,0.012531328320802,0.0012616990828149,87.0,-0.0206121440832039,-0.0175771338558102,-0.5922082689843922,0.4138672899611508,1.006075558945543,0.6630387801972504,0.0,1.051812621763357,0.1133668542306238,0.0029286812995783,1.1221548529221783,1.2637102367926232,0.2363232594606009,0.0150340873681273,0.075891907693635,16.453282360366657,0.0,,,-1.3671434085428558,0.0,0.0,0.2755978671761396,-0.0807602333609185,0.0876017660356663,0.0869947716391065,0.066206066696428,
5BZB J0745+2226,blazar,,170,20,3442.285498190002,-0.0673400903177611,0.014344111498847,-4.694615649297877,1.4699993000000011,0.0706965356255698,0.3596059544642245,3.769785624301165,0.0,0.0,0.0007221028618034,0.0028906862097126,0.005836184350455,0.257853774560896,8.0822063601808,2.018961563114889,0.1831467021367099,1.2536872970181352,56951.50628425,0.5029573102072601,3.0547921914678073,0.0003929672786731,-1.3336699893739574e-07,0.000393100645672,0.0235294117647058,0.0009001683230675,36.0,-0.0220186498202651,0.0222155766471794,-0.8406018245157013,0.6562732377672511,1.4968750622829523,1.0494671758470393,1.0,0.9414870363436334,0.1915578194390852,0.0059258734362492,1.578052452346416,1.3905855058881358,0.4100118290224633,0.0077961192740922,0.3409955693936555,838.6141410537892,4.452371335858839e-15,-0.3197930183572391,0.1511847682483477,-0.6526641876374055,5.437508083195405e-16,4.33430478017821e-27,,,,,,
5BZB J0746-1555,blazar,,52,12,3442.1079965700046,0.3237500819296609,-0.0108211182338623,-10.0,0.7230004999999995,0.8353369916310268,1.3572842702813006e-14,-0.0471198904390144,0.0,0.0,0.0009198405927975,0.0073530327881052,0.0698891514966276,0.1135572852899872,75.97963382773676,9.50480618013568,0.8287567739160309,2.061885213519715,56958.81178795,0.2698937776810466,1.0181628598506374,0.0001019565865289,-7.100828237173876e-07,0.0001026666693526,0.0961538461538461,0.0007202738945933,10.0,0.1311766966835336,0.1612142274341001,-0.5078000397768634,0.7208210247672071,1.2286210645440705,0.7667720837524764,1.0,1.1706995572969885,0.1655947110179085,0.0210244425359479,-0.7135531140485437,0.739495291586005,0.4448972680602563,0.1670428427527932,0.3452048218910122,7.38905609893065,1.5185193800439662e-15,-1.953961536582557,0.3065968982932728,-0.8240118918511187,1.8208281866538631e-16,4.473247871117022e-27,,,,,,
5BZB J0749+7451,blazar,0.607,407,21,3634.427385379997,-0.0021850876188024,-0.0957225945305643,0.022827292025654,2.6199999,-0.297916236615731,8.703967519851507e-10,-3.4329293578537956,0.0,0.0,0.0002136187900958,0.0007103307515681,0.001811671494023,0.0502786267543757,8.480862028705143,2.550461862270622,0.245629094560505,1.2710527285816775,56745.03058711,0.0467195805625298,0.042971514423825,-3.392439513519367e-05,-2.5356402481107972e-08,3.389903873271256e-05,0.0122850122850122,0.0014419421492017,88.0,-0.0508718446384815,0.0037389994236973,-0.4234471794252805,0.5025730528434962,0.9260202322687768,0.45939643672179,1.0,1.0625471070275616,0.1590947344078152,0.0010987986419498,1.2442853939680465,2.162664285319136,0.334897781508661,-0.0041923630252123,0.0801342370945438,412.24787805174503,1.7763568394002506e-16,0.0,0.0,-1.0281062325941912,-4.2056410506017354e-19,7.697279294424197e-30,0.0592252460286787,-0.0035114358034155,0.019441934431043,0.1015841719917152,0.0632135482213536,
5BZB J0754+4823,blazar,,272,20,3445.388589009999,0.0377801516197907,0.0150478050942876,2.510675236891031,0.3499993999999997,-0.2277638570423726,0.0001512557982253,1.367779179757563,0.0,0.0,2.223580881571772e-05,0.0001950090703697,0.0005592979954462,0.5226032229686312,25.153030183363708,2.868061426670364,0.0121628129563997,1.6631650773284474,56947.88479419,0.1418994699019806,0.6827221096139926,-0.0005460921568754,2.571469995378968e-07,0.000546349303875,0.0147058823529411,0.0079216108145104,60.0,0.0237867629015746,-0.0049241672200494,-0.5324441995374359,0.4074626940930825,0.9399068936305184,0.5554848324171175,0.0,0.7375618124427779,0.0275803690968538,0.000223952477625,-0.5095069219863962,0.2292704666498299,0.0630730766173404,-0.0026765934047686,0.2842079738310091,249.18845100169617,1.2013741765962691e-14,-0.0620942798029895,0.2640847503723185,-1.8747488976777509,-1.0486395535037538e-15,3.295835597151207e-25,,,,,,
5BZB J0757+0956,blazar,0.266,170,20,3442.4393272099987,0.0936781108617793,-0.0318970388736787,-2.9368905130275884,0.3870000999999998,-0.2553486941609033,0.0007775514034762,-3.063087697038329,0.0,0.0,9.190991465118772e-05,0.0004175374352914,0.0082688434854402,0.6978649020425455,89.96682704858274,19.803837372964328,0.0699503081538985,2.1228303094740824,56956.24274553,0.5325311471916367,25.409958905835666,0.0012659090133634,-2.7981976664570762e-08,0.0012659369953401,0.0411764705882352,0.0016204426009509,33.0,-0.0797096077362845,-0.0259886719130846,-0.786636272539231,0.9008035721068774,1.6874398446461083,0.59408984515981,1.0,0.6977149360079056,0.0325887946168338,-0.0017099227124724,-0.7398711468515714,0.2285650543329631,0.0787024672668218,-0.0046931436313961,0.3296463093912921,109.06160932188074,1.12585978875799e-14,0.2775960815051202,0.3752156804270692,-1.7955421188924694,4.0929664157901927e-16,3.0173276540741577e-25,0.5991862892083051,0.1185964883510126,0.1891869650416873,0.3709070350476641,0.292975541111899,
5BZB J0800+1645,blazar,0.308,230,20,3442.32548657,0.0251569611621431,0.0191243101462268,1.3154441111752502,0.8850002000000003,-0.4594684262582317,2.057056356478884e-13,-1.1309488251564683,0.0,0.0,0.000379792249129,0.0009581173024236,0.0030555713792762,0.0291711724495844,8.045375802791579,3.189141213041363,0.4923211205029969,1.2520399529674329,56955.58389907,0.0469317414407258,0.0765106678939459,-0.0002916973246777,4.997164662988493e-10,0.0002916978243941,0.0217391304347826,0.0012603050513284,49.0,-0.0229331634829015,0.0173106120223628,-0.6362381873588565,0.4967699853454701,1.1330081727043266,0.6072003015760881,0.0,1.2120188426976384,0.1575164506839177,0.0010728296715269,0.5444930920690504,0.970739471843816,0.3777365472321148,-0.0109681835508821,0.0437906835694869,201.7925326593425,0.0,,,-1.1939536488055658,0.0,0.0,0.0536748131612412,0.0329053052000832,0.0170472888580427,0.0500824535088655,0.0382893375450042,
5BZB J0801+4401,blazar,,210,19,3446.919574970001,-0.0007270065206629,0.0123112282561866,-0.0590523143210882,1.2339992000000013,-0.1747840214413544,0.0111709654153358,-1.69868726487228,0.0,0.0,0.000888230820753,0.008406908322495,0.0252346379887633,0.7841280273614203,28.410000385890218,3.001654950636169,0.2029528596281581,1.707081736516992,56950.3844373,0.5072430918825204,1.6733425512378997,4.854667112862616e-05,-8.877338160007337e-08,4.8635444510226226e-05,0.019047619047619,0.0133229694182189,43.0,0.1749140633266427,-0.0121037157880394,-0.6423227577644703,0.7360495905316609,1.3783723482961312,0.8470599136374662,4.0,0.6713751378599039,0.0737520250244286,-0.0030269468358574,1.0285845082232483,0.7842335741475398,0.1549145206985058,-0.0089337345423587,0.4067402396771172,18.84917693137715,8.820286983590511e-15,-3.9102424515810257,0.8019532667749061,-0.9563816459812746,6.38392835461107e-16,8.440603428286507e-26,,,,,,
5BZB J0801+6444,blazar,0.2,277,21,3634.1776853400006,-0.1192375709401189,0.0412987730603717,-2.887194027914921,1.4039994,0.0626129751609539,0.2990864594365682,0.2984950870915812,0.0,0.0,0.0001352243552223,0.0006080821397507,0.001906712126364,0.1118853298826931,14.100360169056174,3.135616060044076,0.1268171344881115,1.4544150274655068,56750.42729251,0.0206655123389897,0.0060945706614287,-0.0001731112344148,5.667057731341629e-08,0.0001731679049921,0.0180505415162454,0.0014419422587245,58.0,-0.1906999817097837,0.0015283523446702,-0.7266604587443469,0.5047677500840947,1.2314282088284416,0.5528023669850164,1.0,1.1864623310829443,0.2557510724645239,-0.0122745320567053,1.5879447847321635,1.8570239011605023,0.5427953468075477,-0.0674208913307401,0.1467599641033761,504.54469194332984,1.1783018260144472e-15,-0.2503578967067212,0.1114327708803229,-0.8866751720606452,-4.1267479557351464e-19,3.69824645143153e-28,0.022637934540932,-0.1430850851281427,0.0070763401356812,0.160767485756135,0.1339729047967792,
5BZB J0802+1006,blazar,,223,20,3442.416025600003,-0.0232358028327271,0.056992842598506,-0.4076968575934164,0.7330007000000016,0.0218928322855134,0.7450816476744108,-0.3769928570130051,0.0,0.0,0.000420432508586,0.0012856613176074,0.0092132227424525,0.3210944849349606,21.913678253672337,7.166135131476158,0.1617652922969273,1.6134399397191717,56957.09743766,0.0025395754015906,0.0001310599183688,0.0001178484682906,1.7499643087396673e-07,0.0001176734718597,0.0179372197309417,0.0010804113073221,48.0,0.0473885609735356,0.0119434029171536,-0.4499573253969683,0.8113842680407067,1.261341593437675,0.5862820469301874,1.0,0.8229152274338838,0.0891181419010209,-0.0052153723612285,0.4144744105331582,0.5684904532157772,0.2123753526163022,-0.0211016648413872,0.2841093694087718,54.97934349452987,2.524677427749093e-15,0.1630530755363791,0.3729824648799442,-1.0860223406049063,3.040651377067043e-17,3.4806549373662226e-27,,,,,,
5BZB J0806+5931,blazar,,290,20,3445.4155835400015,0.0048358186364635,0.0382666927353005,0.1263714810661582,0.8059998000000004,-0.1235299925555727,0.0354995130825837,1.5092854027827525,0.0,0.0,6.315330821084564e-05,0.0001480127667163,0.0005114786796408,0.0581035069240235,8.099000448784864,3.4556389123195617,0.0758642247911847,1.2544359673167005,56944.52906179,0.024774415358999,0.0691559275326291,-8.175305844698898e-05,-1.9185369619235117e-08,8.173387307736974e-05,0.0241379310344827,0.0016204427378644,61.0,-0.0281345504331429,-0.0119829625477352,-0.5845273721788289,0.5507467051718175,1.1352740773506462,0.5396809553129175,2.0,1.0075950975189716,0.0808026548958662,-0.0013561195246983,0.6226811102230435,0.7336078539405642,0.182040547818843,0.0115150341744354,0.0912982593871599,240.04290944390823,7.215595591812694e-16,-0.1133528592707282,-0.0635247414098475,-1.5192108705372704,-2.2421047026078624e-17,3.8789166541268478e-28,,,,,,
5BZB J0906-0905,blazar,,164,21,3633.672117770002,0.07971916227744,-0.0115764521535374,-6.88632071554671,0.5009995000000007,-0.163357030502613,0.0366132832998046,-4.824999252891036,0.0,0.0,0.0002237705450473,0.0010368981961639,0.0054400982676722,0.3800885359174509,24.311055962300756,5.246511453632921,0.0973340622053769,1.6508851635066888,56788.59015159,0.0206210787503131,0.0164703565750142,0.0002177227052209,1.669958214473452e-07,0.0002175557093995,0.0365853658536585,0.0014412449828795,31.0,0.1414190235623645,0.0087800279137835,-0.7453596795722005,0.8702614139844638,1.6156210935566642,1.022158763757935,5.0,0.7050082803679867,0.0511791848724618,0.00617890723749,0.4788434838430889,0.3375090486850159,0.1237091549702015,0.0313800707615998,0.2852862172923588,96.32573520798668,3.522801282334608e-15,0.0443176645148616,0.4568544221694201,-1.2791351153192023,1.0572183167979611e-16,1.0801240109834656e-26,,,,,,
5BZB J0908+1609,blazar,,182,21,3633.6446003699966,0.115657188810022,0.0411779301938247,2.8087178803214026,1.2889996000000004,-0.186326983636436,0.011786797287075,-1.7409659276242286,0.0,0.0,0.0002565886923624,0.0017986687806184,0.0054358092643208,0.2001313505334427,21.18491346243009,3.022129098960453,0.1802058486629458,1.6012413326620378,56778.92049471,0.1365362704524926,0.1441748471802253,-8.86920061050365e-05,2.2240557559830033e-08,8.871424666259633e-05,0.0219780219780219,0.0012617015468795,38.0,0.0735224322477374,0.0204050398892904,-0.8695067906451307,0.786758476712387,1.6562652673575178,1.0419766514518838,3.0,0.8455283217453912,0.1708037497392522,0.0032298454584725,1.4532459196048884,1.1750792905700869,0.4030489022322387,0.0176961293306234,0.1771728823403475,7.38905609893065,0.0,,,-0.6114583724939786,0.0,0.0,,,,,,
5BZB J0909+0200,blazar,,201,21,3633.011098670002,-0.0093594071407929,-0.0253093405536876,0.3698005138039538,0.7319995000000006,-0.0344544080393274,0.6272697742665779,-2.0390616707114315,0.0,0.0,0.0001987916211702,0.0012026557707037,0.0073049585539636,0.9793853919338026,36.74681294017742,6.074022780113335,0.0549324221431865,1.7998868062939322,56977.28230237,0.5247703176733838,4.666222493920341,3.126238364753864e-06,1.2519945110381853e-08,3.1137184196434824e-06,0.0199004975124378,0.5232719202190214,43.0,-0.1048832098843732,-0.0089100454406615,-0.5880987809463005,0.8849003879832873,1.4729991689295878,0.4060435908113345,2.0,0.7379289446998348,0.059350951808404,0.0025955130469767,3.109838803563827,0.6046541881491835,0.1208112580448914,0.0100647178099381,0.3779194356939605,9.350534300011304,3.6447795055286734e-15,-0.4761506879699728,0.327928247778422,-0.9013212762085112,-2.5286955838237617e-17,1.1823046270598887e-26,,,,,,
5BZB J0909+2311,blazar,0.223,198,21,3633.820074569994,0.0189696993111261,-0.0302219573419613,-0.6276793755111236,0.7380008,-0.0145732648731972,0.8385281865766556,0.5471871433301839,0.0,0.0,9.411965504344573e-05,0.0003134809829367,0.0010069643007219,0.0947611858094023,10.69876732504384,3.2122021823343707,0.0877803610693035,1.3548431700475736,56777.07880352,0.0336076916050563,0.0723998532913841,-0.0002632046261329,1.0054936355679241e-07,0.0002633051754965,0.0202020202020202,0.0016214909514023,42.0,-0.1295294858248951,-0.0209001020502478,-0.6054820112274353,0.4936458792208578,1.099127890448293,0.4218631896114003,0.0,0.9027338576592546,0.0766725988189977,-0.0062042931438186,0.6597609205797801,0.6109246540249499,0.1787286303257541,-0.0236084856145796,0.126317893908935,255.04657812031672,1.2624018355444048e-15,-0.8714083061648875,0.1350396230456201,-1.374339938844246,-8.5684740923309e-17,1.4576090619145709e-27,0.037166521111481,0.0231999422575072,0.0116598344680116,0.1396941130588662,0.1142224963686559,
5BZB J0909+3106,blazar,0.272,166,21,3633.738204159999,0.073428012608103,-0.0459729031362894,-1.5972019950626384,0.6289997000000014,-0.430293073481945,7.2031820346730325e-09,-1.5917812803986309,0.0,0.0,0.0001574407578608,0.0018875853035971,0.0014146077681247,0.0183096758014261,8.985016195044446,0.7494271992262146,0.5708729997546398,1.291880276285852,56966.62664765,0.0172611818571258,0.028933124096974,-4.530898949314258e-07,4.5713131889908265e-08,4.98803026821334e-07,0.036144578313253,0.5259772700068435,35.0,-0.022428094172721,0.0029432208997927,-0.5515495600727472,0.5658341934928084,1.1173837535655555,0.711012508789931,1.0,1.1807548110268693,0.1205118078709605,-0.0038229797433823,0.4729633530210676,0.7061696888316468,0.2968956429541787,-0.0154277678864249,0.0384711403641244,199.14607795478477,0.0,,,-0.9738218790410564,0.0,0.0,0.0194676748396223,0.093400432037507,0.0061520289484138,0.0433888975573863,0.0341107685199577,
5BZB J0910+3329,blazar,,236,21,3633.4213874899942,-0.0125873610705816,0.0053696117548447,-2.344184578936211,0.2740001999999997,0.2303010903693355,0.0003607635683869,1.6911201529727558,0.0,0.0,2.255435057605673e-05,0.0001220821650276,0.0009922887496109,0.5430787091637249,43.99544567995437,8.128040170799776,0.015889973218112,1.8648205707329424,56774.97466851,0.3022126508648779,7.6669479022034,0.0001180367709006,7.239135492928578e-08,0.0001179643795456,0.0211864406779661,0.0018020829568794,48.0,-0.0171525139517293,-0.0010592167669619,-0.6735348325475379,0.6868626488016178,1.3603974813491555,0.5522581620059144,2.0,0.8579692345502693,0.0345066570418923,0.0036333960582687,0.0221419119130545,0.2136510011234055,0.0840009568533749,0.0208403829458172,0.2691113739129372,543.7573400540613,1.2927802264117576e-14,-0.1615801098237715,0.3252161315199775,-2.010365370619015,5.59523137227064e-16,2.9181790612439166e-25,,,,,,
5BZB J0910+3902,blazar,,265,21,3633.9187779300046,0.0328855022307745,-0.0228993254109194,-1.4360904367555405,0.7040004,0.4150324372397682,1.860067394987395e-12,-0.2487281846632447,0.0,0.0,0.0001533902055003,0.0005198876325061,0.0023694815171111,1.0119776815199193,15.447410699628891,4.557680091621491,0.0223500558083996,1.4873232822112237,56772.80368072,0.0704190880913937,0.1269273213500066,-1.253829881407456e-06,-2.571848094682563e-07,9.966450719391997e-07,0.0226415094339622,0.0014416143189542,59.0,0.0322862032666074,0.013200167182133,-0.6050755179865462,0.552960845810482,1.158036363797028,0.6949621175312903,2.0,0.9321610215880712,0.0976702683053485,0.0053984719095974,1.0094882367842763,0.6539680100128726,0.2251245058724749,0.0234310837144252,0.4476083484438282,94.34343430089992,1.2758274145953423e-14,1.203046619879217,0.5416654941013456,-1.2119950988926245,-1.0636813141371953e-15,1.5859493019856091e-25,,,,,,
5BZB J0913-2103,blazar,0.198,161,21,3633.522892109999,-0.0231183076810534,-0.0524913355957022,0.4404214032409995,0.2530003,0.2364027522363364,0.0025348015271522,-0.149220652653388,0.0,0.0,5.117559132839115e-05,0.000344452440473,0.0005392403349071,0.0225791798299859,10.537060938090134,1.5655001096843204,0.2007412389522084,1.3493501538162986,56794.57655109,0.1410588914437916,7.08452093601475,0.0003977069172804,-1.7074206500830188e-07,0.0003978776593454,0.031055900621118,0.0012610009582576,34.0,0.0106039826110493,-0.0204520007312046,-0.9787124968420924,0.8465208620855407,1.825233358927633,1.1711312436856098,2.0,1.0243207009000097,0.0448049697912284,0.0048391734027977,0.4394443083606256,0.241160064497497,0.1073266503478407,0.0254776433497831,0.091469028263657,917.672668281394,8.042188428143946e-16,-0.0776633252801316,-0.0017074558907228,-1.8994654827436983,7.531821310604063e-18,1.010945677549454e-27,0.1543934513012484,-0.027695732601902,0.0482460465247016,0.1001157659488965,0.0835690867686949,
5BZB J0915+2933,blazar,,208,21,3633.829498179999,-0.0247544595204866,0.0240629722644486,-1.028736568718056,0.3059997999999986,0.1756185079875201,0.011171330868833,0.1492332442784394,0.0,0.0,5.645264254241697e-05,0.0003330065651885,0.0031398102576559,0.2723393273546537,55.61848056409951,9.428673715334456,0.0735016945894502,1.9493731069308151,56776.61936764,0.3502719674581334,17.21365585717433,0.0011779811678437,7.917157182078097e-08,0.0011779019962719,0.0192307692307692,0.0014415964407959,43.0,-0.0710741861837361,0.0047179936383559,-0.8492757619027624,0.5242622969506474,1.3735380588534098,0.8756186234522483,1.0,0.8942099472110768,0.0367597694513521,0.0033737069564114,-0.0605997712433577,0.2486334744433636,0.0933376349710192,0.0183747807928343,0.1846587234042652,174.93116889340627,4.374673194726864e-15,1.142824214614967,0.4623425238624324,-1.8693051360484825,6.961620999807601e-17,3.430217980281919e-26,,,,,,
5BZB J0917+4029,blazar,,242,21,3633.64053687,0.0506999712794554,0.0269293752617333,1.8827013544387776,1.6809996999999992,-0.2274742141526531,0.000360781363688,-0.4974182802012321,0.0,0.0,0.0003627590566252,0.0010105330902485,0.0034326642263547,0.045151628939283,9.462656146552291,3.396884531622258,0.3900819939922137,1.310561300530865,56773.52798002,0.1075600842745661,0.1482253788171899,-0.0002501525533371,-1.7905611935586285e-08,0.0002501346477252,0.0165289256198347,0.0009008672689863,49.0,0.0639967898811625,0.0130201883366498,-0.4963852080411816,0.8464145309823956,1.3427997390235773,0.6114173561707968,2.0,1.0104535009655866,0.1789291646546524,0.0091646689158146,2.7247579879891486,1.9693000789582271,0.3454674298636886,0.057526714828069,0.0756251662785709,173.84840574217858,0.0,,,-1.031502426423038,0.0,0.0,,,,,,
5BZB J0925+3127,blazar,,213,21,3633.797789199998,0.0123700779139564,0.0768570701654201,0.1609491213668721,0.8649998000000014,-0.0346862345397926,0.6146819685791425,2.735918937796029,0.0,0.0,0.0001693626997835,0.000570574731623,0.0047718390786533,0.212269399668696,28.175265607940144,8.36321485305876,0.1298451115900644,1.7040893264806647,56777.9360441,0.1530651075279376,0.3365164273754393,-0.0002077677410553,-3.7751051070419194e-08,0.0002077299900042,0.0187793427230046,0.0014412474743347,46.0,0.0389594707880448,-0.0200966182485951,-0.7107823790059279,0.5927082594782453,1.3034906384841731,,2.0,0.7536271714639867,0.0888857467586008,0.004458895347035,1.0977507246838591,0.6665669479751967,0.2059474833326262,0.0322414414158802,0.2052263814786858,13.16101669425538,9.729507111180987e-16,-1.927540065323608,0.3546580188679245,-0.9627674867595576,8.759668912208141e-17,4.114773209623726e-28,,,,,,
5BZB J0929+8612,blazar,,542,21,3634.7762872800017,-0.0425432168295468,0.0139889688806215,-3.041197474424324,0.4989995,0.0049597070374127,0.9082861710372724,2.338596653006982,0.0,0.0,9.422974138925428e-05,0.0002870919958177,0.0009582588105787,0.6084322669223574,10.16938799026146,3.3378109498019883,0.0173026339920965,1.336540238636933,56741.01651282,0.5013360337604702,33.11294592492473,-2.339081696893489e-05,-8.738530569135507e-08,2.3303431663243534e-05,0.014760147601476,0.0016221841204797,115.0,0.1058752173695927,-0.0017843246161132,-0.5054561316208539,0.7334703436216723,1.2389264752425262,0.6307485193502453,2.0,0.723436074472858,0.0377987185321478,0.0029460674919604,0.2255098277370215,0.3296991642661968,0.0901122814302819,0.0127863511058192,0.3036883604980743,161.81847831041392,7.902292658291978e-15,-1.218773496586755,0.4813472084375848,-1.5804231915390852,8.341004533619069e-16,1.047833473675001e-25,,,,,,
5BZB J0932+1042,blazar,0.361,220,21,3633.412093729996,-0.1027334662991589,0.0892917032000452,-1.1505376492707209,1.2089995999999985,-0.2364229890845413,0.0004046706022139,2.238241536178642,0.0,0.0,0.000102943314833,0.0010938574131032,0.0020791536128851,0.038490246153308,20.19707249626139,1.900753778397679,0.3348207227794213,1.5840185723722229,56789.05468023,0.0086848073886663,0.0024268814532344,0.0002030058766823,-4.0668528624152116e-08,0.0002030465452109,0.0227272727272727,0.0023424591923339,49.0,-0.0333540894986821,-0.0095620333375598,-0.6259984748092423,0.6407482134409404,1.2667466882501826,0.5751110906691476,1.0,1.1640918470629271,0.1652197609258158,0.0096437774933352,1.0194350053409584,1.4336351162940306,0.3819372290966202,0.0452752000400296,0.0738214796355176,326.4054913685489,0.0,,,-1.2320820807917163,0.0,0.0,0.0101318617160804,-0.1398202476331553,0.0032402667852631,0.0861215441944725,0.0632781368071069,
5BZB J0934-1721,blazar,,187,21,3633.168390220002,0.0640927191855066,0.0011654148234736,10.0,1.684000000000001,-0.2395459278430332,0.0009600300041208,-6.117449856222591,0.0,0.0,0.0007154213854398,0.0008396069702588,0.0037758824315561,0.0900288456220039,5.277843943617418,4.497202334914944,0.2605407805471598,1.0999871734428015,56798.39413727,0.1631792183370232,0.7492888340753343,0.0002789216825039,-4.5069851081199294e-10,0.0002789221332024,0.0267379679144385,0.0009008641478445,41.0,0.1335231599066094,0.005641777467541,-0.4272895740218572,0.5862771740765421,1.0135667480983992,0.5760314089872496,1.0,1.21337880242821,0.2309172851464676,-0.0029373918281759,2.3757045660507297,2.266914816380887,0.442544273758783,0.0093848219121348,0.0786462931827948,571.6462375311024,0.0,,,-1.1225975173538332,0.0,0.0,,,,,,
5BZB J0936+1850,blazar,,210,21,3633.58170671,0.0460662920150464,0.0749313039289807,0.6147803334465887,0.7629994999999994,-0.1792168719508765,0.0092491691439807,0.6466332948286104,0.0,0.0,0.0004065615385606,0.0021927099647084,0.0046526277384182,0.1534619037262392,11.443846221769126,2.1218619020208673,0.2203540087955016,1.3791250279229397,56787.21350133,0.0271815235229184,0.0211040688688227,-3.8755804910348264e-05,-3.395013955093706e-08,3.8721854770797326e-05,0.0333333333333333,0.0019819737166376,42.0,-0.0130078934887226,0.0193815705470084,-0.5944020099988898,0.7830433290871364,1.3774453390860262,,2.0,0.8462648024373443,0.1135801151938108,0.001244507524498,0.708518465342672,0.6121057728910559,0.2782790954710189,0.0031640076374525,0.1429863782318265,8.370306522999822,0.0,,,-0.9333955530495222,0.0,0.0,,,,,,
5BZB J0940+2603,blazar,0.498,221,21,3633.688911819998,-0.0543204926725511,-0.0387271848633683,1.4026450118746538,1.0369997000000009,-0.1742518465338227,0.0094415457802857,-4.874764043235589,0.0,0.0,0.0002396073238904,0.0007483778661919,0.0038406251072997,0.2461142497088687,16.028830124685907,5.131933045682594,0.1070051896900425,1.500649307124232,56782.47640983,0.1508348396315242,0.5309120687199606,-0.0001276936976033,-7.50002358438197e-08,0.0001276186973675,0.0180995475113122,0.0012610039698765,45.0,-0.0033850307889924,-0.0066313799912406,-0.5762497577275831,0.7018559550991879,1.278105712826771,0.5893684439179224,1.0,0.750837917082818,0.0847524479393978,0.0011960071540129,1.8630509112999631,0.8355348791375723,0.1753175083706077,0.010479706610984,0.2351294036407956,175.78638197007135,3.053577557507318e-15,0.6926919497705586,0.5955642253990278,-1.009973808723141,1.5867302840385518e-16,3.2581931393664664e-27,0.1846109990556037,-0.0813720980234816,0.0599707910268467,0.2877814848314626,0.192110470514995,
5BZB J0942-0759,blazar,,188,21,3633.5992987800055,-0.0180370444266731,0.0682076682801502,-0.2644430586981713,1.2850009,0.2747466750041827,0.000135794225051,-0.3979301080114996,0.0,0.0,0.0016270085188325,0.0043723904742338,0.0227097854980272,1.3474931770274654,13.958000355379184,5.193906085620794,0.1146130111968206,1.4507550921472832,56796.6850101,0.640108207502617,3.41140517967007,0.0002525469252111,-1.3235776705733011e-06,0.0002538705028817,0.0212765957446808,0.0012613494866672,42.0,-0.0343070084100213,-0.0127917618268433,-0.8825359532951069,0.9215868522786438,1.8041228055737508,0.6122954113458203,4.0,0.7447390852119846,0.1223244979873699,0.0136707380508414,4.834974508560723,1.265212353681521,0.1938190131189374,0.065547985542691,1.0189901737918887,108.23620971350536,8.95697994563282e-14,-0.8866577254437698,0.5677212195993767,-0.8771611703533068,8.910261644438179e-16,1.4832764467648002e-23,,,,,,
5BZB J0945+5757,blazar,0.229,277,21,3633.441514459999,-0.0478095994530151,0.0102232492063956,-4.676556199285978,0.6530000000000005,0.2937174760850378,6.473596390859474e-07,0.5968692426217657,0.0,0.0,6.562869312561841e-05,0.000244565727568,0.0006107734001267,0.1002073530943973,9.306499363794948,2.4973793495228707,0.0592574650808554,1.3045596507476631,56771.03036494,0.5252587445415089,30.922467646143723,-0.0001266869666454,-2.170142701198689e-07,0.0001264699523752,0.0180505415162454,0.0009008675427735,57.0,-0.0010926412942376,0.0212924624405216,-0.5478453794741214,0.5875499465700571,1.1353953260441785,0.7832423337865891,1.0,1.055326117333889,0.0908331957451306,0.0122478629643513,0.877339706849774,0.6861853239452148,0.2189728723564065,0.0585710136509345,0.2418048409731854,1264.9946877393354,7.896300776228625e-15,0.0834488194546403,0.3183161029029722,-1.4203469276657887,-4.433718869570717e-16,5.664551373886965e-26,0.5823032750840312,-0.0587579977277556,0.1828478575321883,0.268065505416316,0.2181167660018844,
5BZB J0950+0615,blazar,,163,21,3633.5425010699983,0.0294864730997283,-0.0509932805326333,-0.5782423251012137,0.7709998999999979,-0.1608548563702026,0.0402446007667381,-2.785467215057083,0.0,0.0,0.0003469069907226,0.0015025414257953,0.0039793485654034,0.1767324040211934,11.470937918093789,2.6484118803237,0.1662200488615613,1.379977863247729,56793.85798418,0.2005218315636173,1.8040910366744576,-2.2049310235965808e-05,-3.756542750071886e-08,2.201174480846509e-05,0.0429447852760736,0.0014412438056186,33.0,-0.2082788170581788,-0.015829468989285,-0.7835942349814466,0.6319627443139936,1.4155569792954403,0.6227015604560319,1.0,0.7261451147110213,0.0719546017928492,0.0006693152276772,0.2157961123953754,0.4942463002021936,0.1762232314150164,0.0076117693093402,0.2000813919576852,15.84908319492442,5.736683248736737e-16,0.9046833261414582,0.2813308687615526,-1.0668731645893206,-1.0865539409595834e-17,1.6023758386725827e-28,,,,,,
5BZB J0950+4553,blazar,0.399,303,21,3640.880837320001,0.0492681411245377,0.1157520934118918,0.4256349900232224,1.0620001999999982,-0.1485795489617809,0.009597313118944,-2.4422061742461336,0.0,0.0,0.000146313394977,0.0004475200472273,0.0014305325890429,0.117635599408935,9.777181231359036,3.1965776610663745,0.0987955723382439,1.322354649018672,56777.34659553,0.0003461079200816,3.36866917649963e-06,-8.768625147606493e-05,-8.867182740687558e-08,8.759757964865806e-05,0.0198019801980198,0.0016218393702891,61.0,0.0723370727745102,-0.0147971308819757,-0.397306264739147,0.6271711344666482,1.0244773992057952,0.4787827646431298,3.0,0.8604198113450671,0.1026737442527319,-1.280902783984742e-05,1.8725942694877384,0.950832713653588,0.2026555842489267,0.0158329293508442,0.1650978542220343,9.50152286612317,1.7763568394002506e-16,9.849370589540278,-0.0101522842639593,-1.0280309819900542,-8.210403742324613e-18,1.6101624024779326e-29,0.0004093741303358,0.0689261294332282,0.0001315314786922,0.1952766364794811,0.1395830139238607,
5BZB J0952+7502,blazar,0.179,386,20,3447.25472859,-0.0325550156737377,0.0211625753668284,-1.5383295799039,2.351000899999999,-0.3241348795556497,6.819810438625964e-11,-0.5190937989663245,0.0,0.0,0.0001444346623976,0.0006019588101452,0.0009683976904703,0.0205831794082355,6.704745714704638,1.6087441076373488,0.3402444204347052,1.1862956546915608,56949.98370483,0.0174689315637419,0.0103605800622134,-1.9433575607196135e-05,2.203797503111477e-08,1.945561358222725e-05,0.0103626943005181,0.0124224522381931,84.0,-0.032755357820473,0.0072116316798288,-0.3306560768468203,0.4856579929646274,0.8163140698114477,0.3416213057434993,0.0,1.2903328808125625,0.1669121957890697,-0.0064465237087923,-0.0073804723073112,1.7155858394477232,0.3883794169558048,-0.0327180302228877,0.0411602207007227,455.98082225474576,0.0,,,-1.211811230250331,0.0,0.0,0.0189680744675068,-0.0383823634793368,0.0059089924061127,0.0446924947013239,0.0379071201877217,
5BZB J0953-0840,blazar,,178,21,3633.5297774900023,0.0275816689159424,-0.0610284002852348,-0.45194808952932,0.3150005,-0.0599195392483579,0.4268995197635958,-6.416500223082962,0.0,0.0,0.0001131321376525,0.0004291574672377,0.0049457124753206,0.3605912189548658,43.71624663183299,11.524237235412192,0.0834389350785096,1.8625244088248267,56799.38291492,0.3464980415635165,10.84539442341853,0.0001742471521133,-1.1491360162241765e-07,0.0001743620657149,0.0224719101123595,0.0010807584668159,35.0,0.0356357396075636,-0.017217555047519,-0.8033383214656215,0.8655794087297365,1.668917730195358,0.9056243280986712,5.0,0.84197529424731,0.0378955833498883,-0.0014754354871174,0.6180520086657387,0.2466241059711809,0.0879363945037861,-0.0056712432567095,0.2537460305713035,75.97309753101457,4.1467330529807114e-15,-0.6195471606183237,0.0528042411141375,-1.6030201146456926,-2.278776665444889e-16,2.9485163592070495e-26,,,,,,
5BZB J0955+0833,blazar,,208,21,3633.664363879994,0.0419670095076693,-0.0764209784829958,-0.5491556159151679,1.4459991,0.0312811569490011,0.6537676149524723,-0.646648004523476,0.0,0.0,0.0002518815299658,0.0012912812394305,0.0059126803565453,0.4942432997421236,23.474052797257773,4.578925311866343,0.0862476645643281,1.6382487599803028,56794.12170074,0.2402072556970104,0.7954093480236278,7.354620727421678e-05,1.3074182358959904e-08,7.353313309185782e-05,0.0240384615384615,0.0014415926351662,42.0,0.0279183361493117,-0.0063589980080609,-0.5591055463067877,0.6956891787509911,1.254794725057779,0.5782100388814868,2.0,0.9591514912271012,0.2146175301568901,0.0050388242858539,3.1312950304770304,1.683470435354944,0.3431470169564276,0.0706380093798638,0.2681114243976305,194.3646030959497,2.8030438127152557e-15,0.4719751798610231,0.2281556412155579,-0.7967511211477024,3.309001086715473e-16,2.2298537120140168e-27,,,,,,
5BZB J1001+2911,blazar,0.558,211,21,3633.5404504100006,-0.2086091501583086,0.0699924726962843,-2.9804512131399967,0.7609997000000011,0.0371315280258659,0.5917183595610443,-4.227938922448324,0.0,0.0,0.0011150374635009,0.00274722461166,0.0208305288411584,2.4813957279100896,18.68146094129847,7.582390149376436,0.0605247467544376,1.555883844277687,56788.59753728,0.0233283358284686,0.0032689947227583,0.0013667648182734,1.2769148054555966e-06,0.001365487903468,0.0189573459715639,0.0010807594798124,46.0,0.1447554354813858,0.0044989185334493,-0.8311950108613282,0.786003473169157,1.6171984840304852,0.9873994337799942,6.0,0.7390529282038845,0.0656398695388283,-0.0018580282396912,1.856088772168597,0.5536566778495463,0.1182798368919115,-0.0096969016119793,0.8351790557657277,73.66830320818008,6.908098502264066e-14,2.1849830094125164,0.7010584416334487,-0.9997726293395616,1.0601029870735781e-14,7.429036020630825e-24,0.0291183985039565,-0.3250130559466449,0.0095156407850611,1.0424694134532693,0.6691074540778364,
5BZB J1011+0106,blazar,,200,21,3633.257153159997,0.0279237568668669,-0.0535530136986458,-0.5214226975908355,2.1139993000000015,-0.3266776531168286,2.345310384775288e-06,-3.929189802869811,0.0,0.0,0.0007608345466377,0.004151304936805,0.0104667235392529,0.1460747045333707,13.75689835819206,2.521309249998672,0.38730896104859,1.4455208326243243,56800.10873594,0.1214790411162526,0.0474309241006791,0.0001151989403799,-9.372880702669276e-12,0.0001151989497528,0.02,0.0012610022450214,44.0,-0.0699252157651897,-0.0049605263305686,-0.4121383548711976,0.3917229958428929,0.8038613507140906,0.3969988615059304,0.0,0.7913308660781085,0.2102223889245982,0.0020391904992823,1.892327819674419,1.712628029082791,0.4133238520421302,0.0162960176263358,0.1082117149235756,98.30022357721406,2.175583928816829e-16,-2.6058287220290985,-0.3355704697986575,-0.3261253954905909,7.9750011891991e-19,5.042679821986189e-30,,,,,,
5BZB J1736+2033,blazar,,300,21,3652.3804991,0.0684520027569136,0.0541001014553441,1.2652841846039058,2.1779995999999997,0.0706103192910298,0.222683479054164,6.849775884691306,0.0,0.0,0.0001432662069658,0.0008123707125348,0.0018669064426364,0.1162753799072109,13.031031316764375,2.298096683610125,0.1306667633297455,1.4259698408758588,56730.82388703,0.3382996092322065,1.7083008554042696,0.0001489758838344,-9.37854092616784e-08,0.0001490696692436,0.0133333333333333,0.0012620475564632,66.0,-0.0494385367970732,-0.012219145502815,-0.6270409371944758,0.4061140721583667,1.0331550093528423,0.4539107920584215,0.0,0.9968055940296052,0.236853739718969,0.0071952889426097,5.603756687339909,3.210563388872327,0.3827975703813397,0.0466943998206194,0.2057430682323172,319.92262560429293,1.6473255640462454e-15,0.0602373287624792,0.2221063004144004,-0.9611426420901488,1.787869355938569e-16,7.109274997380962e-28,,,,,,
5BZB J1745-0753,blazar,,142,21,3651.77857966,0.0051211290520952,-0.0628541196013697,-0.0814764264390979,0.4630003000000009,-0.4636659722908424,6.205435511219562e-09,-6.698676655365367,0.0,0.0,0.0012140032445058,0.004587428481578,0.0339035102676552,1.5715317118630054,27.927034291847683,7.390526173086448,0.1276906317905648,1.7008976174625845,56734.64809683,0.571459170558902,2.1219381218738436,0.001279267835415,5.64724077477711e-07,0.0012787031113375,0.028169014084507,0.0012616990006828,30.0,0.0145822158054455,-0.0193551150067364,-0.7978413341743421,0.9700720832600668,1.7679134174344089,0.3169229446355717,4.0,0.6945744934424483,0.0381404760907478,0.000426136033028,-0.6266628573958422,0.2695685937308947,0.0966372106465746,-0.0008881354412039,0.5738550599616311,21.58788336845881,1.567914933239706e-14,-0.9419910683537668,0.7050560750171857,-0.8822345402515559,-3.937047281859395e-16,5.3788077859689325e-25,,,,,,
5BZB J1754+3212,blazar,,365,21,3652.523000310001,-0.035804361684858,-0.0365657312594119,0.9791780569311628,1.8319997499999976,0.091130730424541,0.0820879432066007,0.8000050377133472,0.0,0.0,2.6138639878177377e-05,0.0001146965944634,0.0005446106561511,0.6448562091015262,20.83546190061567,4.748272204163934,0.0089762744940813,1.59524229524664,56735.82597176,0.2211310375627722,1.7286885166016237,0.0001563804104556,-3.663715418314168e-07,0.0001567467819974,0.0136986301369863,0.0012616993839928,79.0,0.0763448251539032,0.0124830497216602,-0.4987906848144584,0.6026596698471859,1.1014503546616443,0.6054057999666964,1.0,0.8556575384987399,0.0555005534774069,0.0023283644141603,-4.98893426307677,0.8242855581068511,0.0966027798874999,0.0083075053698182,0.3413743738399781,45.79801750614441,6.3004349652005225e-15,-0.4098242768421564,0.1602644041927902,-1.203772084588454,2.146446399710717e-16,6.799262877366587e-26,,,,,,
5BZB J1800+7828,blazar,0.68,623,21,3636.556078200003,-0.0798200829686139,-0.0091146361047988,8.757352685379168,1.433000700000001,-0.4214897091890693,3.175275247298033e-28,2.4890869802874764,0.0,0.0,0.0002239474769866,0.0009430039381128,0.0054522746396554,1.1692804299938817,24.34622032216184,5.781815338740811,0.0378776337373125,1.6514064776890591,56733.24954532,0.5341272515509233,3.460848999689407,0.0007801225663907,-5.463005019582059e-08,0.0007801771964408,0.0064205457463884,0.0012620479397731,144.0,-0.007079681105444,0.0232234411699463,-0.93499960522807,0.8143539574162022,1.7493535626442722,1.064774993590333,6.0,0.7035014825488974,0.0514050555979958,0.0031727919264253,8.798054262145818,1.1790322835920437,0.0853338391477678,0.0240853279873283,0.4659875413995127,73.92598982902554,1.6311560505143056e-14,0.2774453187331233,0.4954229446654675,-1.381383080149614,1.0017002538547762e-15,7.7034975083216525e-25,0.6923080434509604,-0.1340977393872714,0.2286784608279176,0.603988884899768,0.359517193392719,
5BZB J1806+6949,blazar,0.046,1571,20,3648.388935450006,-0.0015142421945312,0.0113221343683867,-0.1337417615144384,0.9129991900000008,0.2626761924756332,3.3300888379051405e-26,3.496060581540047,0.0,0.0,0.0002579048285826,0.0004323931056645,0.0019192926439525,0.3869981516917781,7.441863911810251,4.4387679044143225,0.045245868507782,1.2239160022800704,56716.85403464,0.0697948552955758,0.2665652103734653,0.0005787128011274,1.5409300442368805e-06,0.0005771718710832,0.0031826861871419,0.002163609828885,333.0,0.1793248043115575,0.0246225729059961,-0.5046595538172194,0.8094032208723002,1.3140627746895197,0.9114347931807196,4.0,0.8148473117492804,0.0340374387922738,-0.0033461815489351,0.3640715716579998,0.6388423370618317,0.0713946293783052,-0.0238922714448522,0.2718365440162605,91.46524989491056,5.7847627090033106e-15,-1.3582527586036006,0.270140293461532,-1.5411896035373196,-5.117336503992312e-16,1.2923548300096684e-25,0.0713820889979689,-0.0015838973354796,0.0216996134128877,0.2780184914159285,0.2657920568029909,
5BZB J1809+2910,blazar,,327,21,3653.2583885400018,-0.0669114676855376,-0.0205982600791272,3.2484038665644848,0.6539993000000024,0.2500416958371949,4.71387109522219e-06,-1.5503218349724852,0.0,0.0,7.187388609864297e-05,0.000167499859305,0.0006377197122857,0.8581734405182452,8.872759468407796,3.807285039668005,0.0088208279552042,1.287345715317716,56743.79337212,0.1181660769521636,0.2798932954566469,-3.3778975633304974e-05,7.905339885156445e-07,3.456950962182062e-05,0.0122324159021406,0.0109958607255395,69.0,-0.0572144713209939,-0.0297196541775536,-0.6789922751306547,0.7237657604348451,1.4027580355654998,,2.0,0.7926322891579081,0.049918506547202,-0.0050547297908976,0.4375824348500576,0.4748162311067374,0.1150542730575983,-0.0204739267851474,0.4489157872799473,484.9304621319301,2.6570937750758834e-14,0.3528635367954207,0.1309964724695538,-1.518404194896741,1.4203583533690293e-15,1.0193889064626421e-24,,,,,,
5BZB J1811+0341,blazar,,161,21,3649.251194500001,-0.0373713757200306,-0.0849452512356326,0.4399466147479499,0.3709992999999993,0.3829221730423576,5.350523399079227e-07,0.0499555262765229,0.0,0.0,8.656535736112443e-05,0.0004863207583665,0.0046775159975989,0.3897796168440605,54.03450163153925,9.618170533562004,0.075825591737977,1.9389522433878283,56743.79808365,0.50482691035762,8.090291173644733,-8.515875516543652e-05,5.740460814472779e-07,8.57328012468838e-05,0.0372670807453416,0.0010814665297636,34.0,-0.0354730506259449,0.0160611197860441,-0.6124946409102228,0.7531670604900326,1.3656617014002554,0.6873305868753952,1.0,0.9293882574120876,0.048322284704236,-0.0026878801734102,0.2463420903425393,0.3218741652499143,0.1236753647268562,-0.0083270938188387,0.3513077085349602,145.45652372863907,9.01755898683468e-15,0.1071230736883253,0.4817229477675509,-1.3908359115727282,-2.162017399085274e-16,1.2064793458060618e-25,,,,,,
5BZB J1813+0615,blazar,,210,21,3649.367833190001,0.0051331495899937,-0.0055236296952348,-0.9293073347081804,0.8429994999999995,-0.1688870125907171,0.0142687562527051,0.749356844597536,0.0,0.0,0.0003085928175289,0.0014682760570429,0.0127378101852592,1.1601223400352378,41.27707911668457,8.675351011469273,0.0718616173075021,1.8418172450440928,56744.32424361,0.0331872759028505,0.0205544701396052,0.0007394068629977,-2.2443548989158453e-09,0.0007394091073526,0.019047619047619,0.0010814565639825,43.0,0.0306269998393901,0.0045566281696947,-0.935332364789932,0.7384001659102368,1.6737325307001687,0.9249522463902627,2.0,0.7114708014080442,0.0497216933150436,-0.0009213925700978,-0.6463356087371095,0.4858299316556919,0.1064502956598405,-0.0015773844248045,0.4852731321089433,36.72813539710843,8.948149634417873e-15,1.193129753518991,0.3021227382793803,-1.000822096564546,1.7683128172684938e-16,1.25489508525216e-25,,,,,,
5BZB J1813+3144,blazar,0.117,313,21,3662.1297753499966,0.0868087710826788,0.0437954187327418,1.9821427353491603,0.2489995,-0.1247838699183312,0.0272823564270214,-3.7598868330082102,0.0,0.0,3.988340273305589e-05,0.0005294448727032,0.000633707987097,0.6477866930007473,15.88901467233053,1.1969291206174084,0.0150177146809716,1.4974894396441858,56745.70216701,0.356266721473354,4.454537019051363,-3.778793252624653e-05,-2.5901768074551e-07,3.752891484550102e-05,0.0127795527156549,0.0160426594113611,68.0,0.0512762354074838,-0.0195342852915147,-0.4519056558734996,0.6814656104866428,1.1333712663601423,0.1159052433932016,2.0,0.8659830801292873,0.0372230847085822,0.0029207677723558,0.06529950476054,0.1997800454364982,0.0963857246840751,0.0160772558315128,0.299657999179292,415.9026078201922,1.7624915524845222e-14,-0.938067743217854,0.5481731146999756,-1.7982125676851024,-1.3950546324451913e-15,6.7990756636753935e-25,0.3765319589602043,0.0969653972993522,0.1160435022020637,0.3167032075924975,0.2835301768957005,
5BZB J1824+5651,blazar,0.663,589,20,3472.754714860006,-0.0339404686926717,-0.0765638606998157,0.443296202443896,1.400000499999999,0.1299352158052384,0.0015768944025841,0.2852365268878855,0.0,0.0,0.0002419232278726,0.0005100372899075,0.0021939617539387,0.6534179600466891,9.068834622300995,4.301571263612895,0.032012060638102,1.295229292961773,56938.99388909,0.4665856959677619,8.722285886967267,0.0001509991348655,-8.39420108781232e-07,0.0001518385549742,0.0067911714770797,0.0014401998357419,130.0,0.1354788650084972,-0.0252907352803063,-0.3806448394146092,0.9000870997600381,1.2807319391746472,0.4128385345199437,3.0,0.7196818590494907,0.0467631220088037,0.0049383604266775,-3.0614462909129463,0.6782837001880744,0.0873898076733245,0.028336362959069,0.4168856982992801,133.8593348657274,2.5942413008050233e-14,2.388071658741671,0.8282261044444287,-1.3906775422329023,-2.3799105206651825e-15,1.2694524006560676e-24,0.6016965830272777,-0.0564429994359131,0.1984721017375321,0.5376047794593103,0.3232740706309742,
5BZB J1834-5856,blazar,,209,21,3662.194081070003,-0.0218541645275953,0.0977688081285513,-0.2235290062947318,2.6990003,-0.1516884537747876,0.0283444767956131,-4.461810721632173,0.0,0.0,0.0008674818026673,0.0016921990265761,0.013113817580873,0.9095260617008571,15.117109690869974,7.749571632632886,0.0951932022213671,1.4795276063697775,56745.65301416,0.4289859820287303,1.0859194877482163,-8.094374535996519e-06,4.008204513708014e-07,8.49519498736732e-06,0.0239234449760765,0.0158627636961031,45.0,0.1707512747779296,0.0355297654091887,-0.7961865603014817,0.7837999928520928,1.5799865531535744,1.195388676244674,5.0,0.7020105800154519,0.1103611889134795,-0.0021462187332973,-0.7620799039773666,1.0813740421628415,0.1940095018388596,-0.0185186930837121,0.4857581131735766,24.52429305084233,1.2367705103306522e-14,3.4126812287591295,0.6882754746724075,-0.6106125380937821,1.5094992392926485e-15,2.193506594281335e-25,,,,,,
5BZB J1834-5948,blazar,0.435,68,20,3649.337146340003,0.5472011819361804,0.0234701666925957,10.0,3.5830011000000006,-0.3381346382472119,0.0047991043874982,-6.29454456452896,0.0,0.0,0.0009954009370756,0.0032694815361768,0.0201471412030315,0.0415191648748001,20.240227261569537,6.162182283013641,0.8657758053567532,1.5847883959920996,56925.22765663,0.1198546747090934,0.1131330556034128,6.743891919706535e-08,9.3821197874925e-09,5.8056799409572836e-08,0.0588235294117647,0.4927296839698828,13.0,-0.1049146041593993,-0.1276316140264884,-0.6363707442278947,0.7263557710129876,1.3627265152408825,0.312651184704201,1.0,0.8990692998083849,0.1995901085804286,0.0027266111364383,-0.6182215486353116,1.3323142469465938,0.4018573296898806,0.0324535732437823,0.0552070752549654,7.38905609893065,0.0,,,-0.6560049408541672,0.0,0.0,0.1435756952837367,0.7852336960784189,0.0463237077914746,0.0661333755529508,0.0460859759950877,
5BZB J1836+3136,blazar,,271,20,3473.300866769998,-0.0630358389462991,0.0154558886913584,-4.078435100373292,0.4429999000000002,0.1654219951487818,0.0063443616006704,6.6090187608628295,0.0,0.0,6.104279189776731e-05,0.0002545981300941,0.0011893213761091,0.5649983521303251,19.483403685361868,4.671367268085934,0.0200465389890157,1.5710434573822825,56935.3723983,0.2867442883648498,1.856625744215195,-6.723665708913163e-07,-1.1522878155051096e-07,5.571377893408054e-07,0.014760147601476,0.0097229981656386,54.0,-0.0080368066071632,0.0141639425134813,-0.5044182160078642,0.6113556625125488,1.115773878520413,0.5867364736702323,1.0,0.8891946615503771,0.0730986834624722,-0.012272437688704,0.5600034589892171,0.370522251237023,0.1866462406103821,-0.0561601305452602,0.3029742681420479,210.4721194416651,1.4688011450153568e-14,1.2771164943881317,0.7846357097857567,-1.4757092106712053,-1.1924604366458821e-15,2.8189413245231537e-25,,,,,,
5BZB J1844+5709,blazar,,633,21,3657.9711339299974,0.0400189034774996,0.0142889484596286,2.800689189310702,1.5599995,-0.1021764531405488,0.0101007258054082,-0.6008987489002049,0.0,0.0,0.0001160630483988,0.0003067145653567,0.0011591678126862,0.1783154123095745,9.987397528238075,3.779304734220396,0.0568672743288406,1.3300271992891075,56774.33186574,0.4812646063154197,39.235461510803034,0.0001084410246653,-1.0213813581824552e-07,0.0001085431628011,0.0110584518167456,0.0021622206433955,132.0,-0.0625193719909147,-0.0029110408608954,-0.5609270144530917,0.3604665412421021,0.9213935556951938,0.5267395819263716,0.0,0.8182120130839099,0.0562331970031779,0.0022979587594248,-0.0384676353777733,0.9312396927891348,0.1121312542280669,0.0120655787808287,0.1677355667461698,235.62479782268,1.888293221827313e-15,0.886495812293834,0.28262836507527,-1.6237649703429995,-1.549311719856489e-16,3.7850904172485176e-27,,,,,,
5BZB J1849-4314,blazar,,130,21,3648.9906653800062,0.0462806861985311,-0.0052264244992235,-8.855133410117597,0.3309993999999996,-0.4964262250619582,1.894645305805059e-09,-4.845340103242445,0.0,0.0,0.0001762352548307,0.0012460078050013,0.0092312158079937,1.7531333268675702,52.380074375477164,7.4086340097804735,0.0395585322572004,1.9277365508110256,56749.73190073,0.2679996834305058,1.2483520529704524,-0.000171476727504,6.695799241621203e-07,0.0001721463074282,0.0384615384615384,0.0018024274332829,28.0,0.1309092259605297,-0.0093612384468133,-0.7529291156830464,0.7420841120948708,1.4950132277779171,0.9015443070159987,3.0,0.751004915138839,0.0456483879862175,0.0052052306087412,0.0413675492367602,0.2264173829225582,0.1206417899700886,0.0330727010292214,0.5708190307692725,165.71776192817447,3.277699593217883e-14,0.9966284542486156,0.3154451319800787,-1.097585955336151,-1.241770328613245e-15,1.6632380425255422e-24,,,,,,
5BZB J1903+5540,blazar,,564,21,3653.676016849997,0.013918984519648,-0.0193522081753075,-0.7192452868199318,1.3029993999999991,-0.2412495337129031,6.5306231432307605e-09,1.3504346674188898,0.0,0.0,0.0001011346150027,0.0006125100459937,0.0008582427254528,0.1965169888014254,8.48614212792703,1.4011896289133186,0.0532189107672339,1.2712772107779269,56781.57180047,0.1620815997475893,2.0481023415946926,0.0004846066450308,-8.190932605575646e-08,0.0004846885543568,0.0070921985815602,0.0014412468172575,118.0,0.0066981712726665,-0.0228034319261127,-0.7026417034684365,0.6884418979587404,1.391083601427177,,2.0,0.815487484184492,0.0649175100555256,0.0026758695710735,15.946197659029586,1.5139198584905182,0.0763711158380815,0.0136739945438747,0.1913095422518529,57.89920862462738,3.099729960108126e-15,-1.0173354167207531,0.7119024069925157,-1.6458621233284594,3.7464171072668013e-16,2.0992144500614807e-26,,,,,,
5BZB J1917-1921,blazar,0.137,77,17,3469.417446610001,0.0248769989260362,-0.0481550844274242,-0.5166017092863591,0.213999600000001,0.4960652146041318,4.479655183294336e-06,0.3799498914836414,0.0,0.0,0.0001079965482548,0.0006102767171763,0.0151058125479444,0.211196637787181,139.873103836808,24.75239853993369,0.267085265581441,2.28199369089572,56940.22924169,0.0920149841937375,0.4547261766017008,0.0001281387752806,-1.873896990383109e-06,0.000130012672271,0.0649350649350649,0.0019803594798128,15.0,0.0504635535558677,-0.0549088918852885,-0.8357525688070432,0.8044557871058399,1.640208355912883,,1.0,0.8476854004251175,0.0338043054287536,0.0065493568124489,-0.1050026178836964,0.1650128817005003,0.0863588678391886,0.0361311767205638,0.3358733781994493,461.68978778245554,1.4223825428559536e-14,-0.3238374568378666,0.5180988937113139,-1.5403439192683357,-7.663690070422719e-16,5.594912202386079e-25,0.0981157636085536,0.0282851477789032,0.03034695789395,0.3581424619759523,0.3149889727141181,
5BZB J1918-4111,blazar,,137,19,3469.674923049999,0.0471874551725348,-0.0209501239188195,-2.2523711723798527,0.3950004000000007,-0.2045967945423555,0.0164745893634698,-2.7073438824620117,0.0,0.0,0.0001495820267914,0.0008691321296204,0.0046663930912352,0.4975337672703874,31.196214947300067,5.369026097221968,0.0680382189014367,1.7408247729939323,56937.39758066,0.2121299222739766,1.6459121923594495,1.5686627556978156e-05,2.6045365383529714e-07,1.542617390314286e-05,0.0291970802919708,0.0010804112525607,29.0,0.0306449786329998,0.0005968966575525,-0.7928188806370631,0.8248144221867322,1.6176333028237952,0.7386836141305457,6.0,0.7344951029633849,0.046961788566403,0.0007228626757282,-0.1874180486002914,0.2603706928653789,0.1125244404206171,0.003404283030757,0.3031640900931012,72.63178656278974,4.499501142468302e-15,-0.0201777587782632,0.5315551039107481,-1.2647236747109836,-3.2340402665728564e-16,2.267179937912339e-26,,,,,,
5BZB J1921-1607,blazar,,59,17,3469.0589384699997,0.0033699556510787,0.0501195846658438,0.0672382996297127,0.4210004999999999,-0.0340914850832436,0.7976934627952701,-6.126058905717042,0.0,0.0,0.0009177882651894,0.0119499856388382,0.0586723624988816,0.1286851666493261,63.92799369998881,4.909827029689717,0.8367240577670632,1.9995939780718337,56941.67656455,0.7476136667866997,9.91693124468503,0.0005292522518269,1.6026246586606594e-06,0.0005276496271683,0.0677966101694915,0.0016200940451705,11.0,-0.3160363453430304,-0.0775508415093435,-0.9249989421670382,0.9012850200831366,1.8262839622501748,0.0601693805273463,1.0,0.9725720316275088,0.0790405245576609,-0.0027789574453019,0.6308704366175688,0.3883309720426563,0.1738583493011415,-0.0123999258725321,0.5029015243153357,7.38905609893065,4.894893122491141e-15,1.2325925042776893,0.6004160041808327,-0.2346001680680081,1.8088858947915908e-17,4.778337845545797e-26,,,,,,
5BZB J1925-1018,blazar,,86,19,3469.544096229998,-0.0737693413622217,-0.043247118967597,1.7057631380599827,0.4689998000000006,0.4337133339879304,3.024378291578858e-05,0.1424864105227925,0.0,0.0,0.0002277946451,0.0010964364725429,0.0104834987926363,0.0806448332864341,46.02170846470825,9.561428359603042,0.4334251918572123,1.8810606591937415,56942.7297766,0.0070899722255991,0.0061013297126386,0.0001227011245955,2.866683935850436e-07,0.0001224144562019,0.0465116279069767,0.0012603053524863,16.0,-0.0534787213270649,0.0303910424518784,-0.8194104764114183,0.7538232069963267,1.573233683407745,0.8355619146374763,3.0,1.006113545066845,0.0695743613699782,-0.0129705833658638,0.1239297610776481,0.4300768522831767,0.1652888752173082,-0.0732522883812202,0.1520915347890253,13.378523283394436,3.8309896838284776e-16,4.306829516919014,0.4753086419753086,-1.3733632581199364,-8.879229986393179e-18,1.831935703594515e-28,,,,,,
5BZB J1925-2219,blazar,,102,20,3469.125663580002,-0.0132869869613687,0.0727510461087341,-0.182636369812606,1.1280002000000025,-0.0635057533551942,0.5260073863611642,-2.421976849316634,0.0,0.0,0.0010506353836292,0.011388143962557,0.0397714929103283,0.5410616449644224,37.85470534514963,3.492359513332467,0.3522841465180621,1.8106001833688476,56941.34663198,0.032609200254066,0.011747650201124,-0.0001389730779584,1.893700912605665e-07,0.0001391624480497,0.0392156862745098,0.0007202743874062,20.0,-0.1486616764607891,-0.0220877153284048,-0.8920686197378415,0.6889957724442831,1.5810643921821246,0.8220104664363093,3.0,0.7413335339484398,0.1130571266413429,-0.0018200559559893,0.8090333780525981,0.748980219629447,0.2243687396874213,-0.0151140778499319,0.3649815022322901,9.104146735078452,9.633647560509935e-16,3.687817782917155,0.0,-0.5335361526029099,2.7233338776437346e-17,7.613374646838455e-28,,,,,,
5BZB J1925-5935,blazar,0.436,235,20,3473.0773877600004,0.1594901640765258,0.0071380910289976,10.0,2.083999799999999,-0.424882115596583,1.019595932516675e-11,1.9968412085683775,0.0,0.0,0.0004137763751246,0.0011237293649824,0.0033728336448861,0.0192248115723483,8.151344154722995,3.0014643623175696,0.6687104465348941,1.2567594948648573,56935.35558958,0.0288016596006553,0.0300864871405561,-6.90867675816977e-06,1.9770125786198162e-10,6.908874459427632e-06,0.025531914893617,0.0097229967419613,50.0,0.0345505946981681,-0.0107618929157342,-0.6479095778235157,0.6673535428980766,1.315263120721592,0.6693836837605064,3.0,1.166070854956589,0.1737921220108673,0.0036263624208333,1.421579239488168,2.081772322773048,0.3545040653114959,0.0079602677927543,0.0254884601908046,7.38905609893065,0.0,,,-1.004990742484416,0.0,0.0,0.0345139553731516,0.2290278756138911,0.0111369475079459,0.030543641920404,0.0212699456270222,
5BZB J1927+6117,blazar,,449,21,3653.9092260800026,0.0147375910277185,-0.0188601410337488,-0.7814146777241316,0.5080002999999991,-0.1938426920153255,3.5450507254768166e-05,0.5001929125366191,0.0,0.0,0.0002485575315366,0.000802871207835,0.0041792032337662,0.428828959305874,16.8138265258537,5.205322083762571,0.0725962405897342,1.5178940471830829,56812.49920171,0.2463947990772932,6.5276903415525265,0.0001223490578624,4.077994993317269e-07,0.0001219412583631,0.0155902004454342,0.0036027593702947,95.0,0.1285009027981171,-0.0191508242439306,-0.7085315747733534,0.8253451707136636,1.533876745487017,0.814619819218394,3.0,0.7194433693213231,0.0380904700546486,0.0019892673764263,1.5052425966347458,0.3724092187138899,0.0869444852927325,0.0007959917651886,0.2767234189003237,27.053742641266396,4.216743388407884e-15,1.7874784121261773,0.6791187275504592,-1.3132439134806873,-3.7491256153181597e-16,2.204201207722212e-26,,,,,,
5BZB J1931+0937,blazar,,15,4,2174.116278760004,,,,,,,,,,,,,,,,,,56947.40218338,0.0429279045357683,1.1023701821969367,0.0013238422698821,-1.0718064309323465e-07,0.0013239494505252,0.3333333333333333,0.0014401993702997,2.0,,,,,,,,1.775434956554535,0.1487775199997141,-0.0357484128817104,0.1481630952885238,0.5423240657266315,0.3886144465434362,-0.1855206076696602,0.2589868448391217,7.38905609893065,4.586533637279208e-16,3.4743961448615144,-0.0769230769230769,-0.8890619270478591,-4.1317469799487746e-17,5.504000891399932e-28,,,,,,
5BZB J1936-4719,blazar,0.265,186,20,3469.8865596500036,0.0026152703235401,-0.0268236741476098,-0.097498586850869,3.58799928,-0.1166107477684935,0.1129550122182707,4.41751471659754,0.0,0.0,0.0002491071792059,0.000553550185756,0.0020872096334114,0.1411217099211994,8.378761429864117,3.770587894917422,0.1136073826678154,1.2666842493682529,56939.56652817,0.0694253098017313,0.1976607285542652,0.0001055990782201,3.7606564052123384e-08,0.0001055614716561,0.021505376344086,0.0012603054620092,40.0,0.1948820600757329,0.0001541029734581,-0.4047503862184795,0.72104785811989,1.1257982443383696,0.5967786040144376,2.0,1.0047993912572686,0.1185367736987872,0.0014899739464056,-2.370934446372246,1.3966348924487944,0.194241963101893,0.0017663914118162,0.1552999614301246,11.203586182411454,3.907464086197441e-16,4.209217756815843,0.7664141414141414,-1.1269803349147256,3.193349499465147e-17,7.10424041608445e-29,0.0780841863372409,0.0033083169592782,0.024650720226514,0.1746693124036124,0.1380785078289425,
5BZB J1942+1033,blazar,,107,20,3648.988973880005,-0.0304497902529827,0.041513126985393,-0.7334978707746328,0.3350008999999989,0.4064091107143492,1.4019626803472968e-05,0.0,0.0,0.0,0.0001015956182957,0.00041590852576,0.0099208929114178,0.3585675184203936,97.65079419948222,23.85354536657742,0.1350142157635906,2.152389968178415,56771.37914329,0.3404413086537112,10.121599439672144,-0.0003041969922789,-1.2111552461852715e-06,0.0003029858370327,0.0467289719626168,0.0016218378918703,22.0,0.0352027396937889,0.0349063782867551,-0.9242606229553076,0.9268409041538592,1.8511015271091669,1.6492194363761394,3.0,0.8665195135565582,0.0363753743367447,0.0044906864851899,1.0900688455983882,0.2765473863192528,0.0783475490124447,0.0210996118262919,0.429640302056258,1474.828100665811,3.467182644705825e-14,0.6418746374403946,0.4065583226237545,-1.7083438221558374,-5.748041071177883e-15,2.9673181636108887e-24,,,,,,
5BZB J1945-3111,blazar,,130,19,3469.5216849599965,-0.0653428379990815,0.0661686176631253,-0.98752007079477,0.447999900000001,0.3148671250326369,0.0002636521747804,0.0949903267613962,0.0,0.0,0.0001335316768901,0.0005065879266537,0.0035061793163452,0.3000223842326039,26.257284950994507,6.921166346351295,0.0790333912305979,1.678661460515302,56944.23834903,0.1644352528474837,2.13368308327065,-0.0005468575266966,8.931425143651312e-08,0.0005469468409481,0.0307692307692307,0.0018003371115573,26.0,-0.1081584104106821,-0.0149371474301803,-0.8715144817367204,0.8056506171197493,1.6771650988564697,0.7539527615632637,2.0,0.8017250928316266,0.04041901218883,0.0005009846642598,-0.0427099376508046,0.3194159059224453,0.095807792456715,-0.0062844448702955,0.2545654804143732,28.633203174289815,2.078588582737668e-15,-0.508369821628882,0.415907978751332,-1.3652635096014356,4.2036725288204026e-17,6.1911377353850756e-27,,,,,,
5BZB J2001+7040,blazar,,513,22,3843.204028690001,-0.0460185760324873,-0.0276077695641758,1.666870477367416,1.298999700000001,-0.0143938071543936,0.7450038551096065,3.840573498896236,0.0,0.0,0.0003817216180182,0.0019403339013522,0.0034766089570167,0.132581815761763,9.107707773947984,1.7917580849368486,0.2096559609811478,1.2967720007326005,56677.65903786,0.3685450085862801,1.2389986600584089,0.0005071179281103,1.0549215220919445e-07,0.0005070124359581,0.0077972709551656,0.0012623988501152,110.0,-0.0875257970247643,0.0080574711622963,-0.5639019237636572,0.4563329176466447,1.020234841410302,0.7188515086668227,0.0,0.8828113647121225,0.1435046412934242,-0.007129985178324,2.547440902496177,1.320115223175729,0.2844042431049374,-0.043991444284498,0.2318412466568399,36.51910993187766,8.881784197001252e-16,-0.4847948449258376,0.2290052356020942,-0.8216318768224091,-7.651328160042015e-17,2.453140711413902e-28,,,,,,
5BZB J2005+7004,blazar,,477,22,3840.4865144299984,-0.0435608871938953,-0.0023757347135608,10.0,4.217001,-0.362237955293911,3.090677419068519e-16,-1.9977890150354545,0.0,0.0,0.0020342999413825,0.0224244307227748,0.009177920763894,1.6976677923148935,4.511586798328625,0.4092822188865374,0.1112399322362253,1.0434087355406352,56675.28736572,0.1745585025164284,0.3733760184511837,2.5129712443421884e-06,2.0104040673639985e-07,2.3119308376057884e-06,0.0146750524109014,0.0019840688843402,100.0,0.0228835912607522,0.0119056189395703,-0.4231122671022009,0.6591180696630171,1.082230336765218,0.4846853884318571,1.0,0.9489375638565748,0.5319524409569517,-0.0064828272688691,19.796251965206032,11.94264967877644,0.3036898131202981,-0.0601003961932837,0.6772400018536269,7.38905609893065,2.5925074565915948e-15,-1.285753984075904,0.560536494073612,-0.1242141585844761,-2.1781091940171654e-16,4.591001075512326e-27,,,,,,
5BZB J2009+7229,blazar,,592,21,3644.1701698199977,-0.0055467203047152,-0.0717821452674932,0.0772715873013493,0.7019998000000012,0.0870148395500791,0.0342849886877528,5.287912908979052,0.0,0.0,0.0001189242599917,0.000725761277163,0.0014753853482707,0.5904901899784044,12.406092213374809,2.0328796708541095,0.0287460161688691,1.4082442123376695,56685.10335113,0.0922831319537572,0.2532350795012022,1.809872249189839e-05,-6.785864588516579e-07,1.8777308950750047e-05,0.0118243243243243,0.0014429907460496,129.0,-0.0333756007761321,0.0255594365769385,-0.602293640066098,0.7475075499201024,1.3498011899862004,0.5988610939894378,1.0,0.6862539930900446,0.0487618876647336,0.0034187854831829,1.3531412051104452,0.4706283306719739,0.1009769898948741,0.0189518539571231,0.5552092014745476,364.4695134437425,3.5332313574294165e-14,0.785872859139481,0.3568091224985999,-1.2317411171460442,-1.7476458325862074e-15,1.5866856843809422e-24,,,,,,
5BZB J2012+4628,blazar,,329,21,3652.8487265899967,0.0178945887641523,-0.0359905590703099,-0.4972023004475716,0.756999050000001,-0.2489055061965784,4.884869558482875e-06,1.20011457136427,0.0,0.0,0.0002590623134535,0.0044155228728484,0.0070971420755775,0.8290021211658481,27.39550169829812,1.6073163424452903,0.0842647892430959,1.693966779821607,56796.11772014,0.131128587941482,0.5093853754983518,-0.0190930449419061,2.1478105187217795e-06,0.0190951927524248,0.0121580547112462,0.0009008645311346,73.0,-0.1394409810439409,-0.0291178744384418,-0.937822322383893,0.766403780472027,1.70422610285592,0.718048550112621,2.0,0.7353588670423372,0.0388852514769331,-3.147948447275254e-07,-1.0237419337181195,0.4430560894948953,0.0913459035688122,-0.0033782944579794,0.4069276577970264,44.30674212432223,2.0012218876541485e-14,-0.4553664829346063,0.5966340055227515,-1.574678529643396,1.416545050883921e-15,1.1582374970587595e-24,,,,,,
5BZB J2014-0047,blazar,,147,21,3649.2451676000055,-0.0702833068556536,0.1057295921163754,-0.6647458431343757,1.3690005000000005,-0.243312392556536,0.0029820497196514,-3.097237513911025,0.0,0.0,0.0004010029501774,0.0013276207347449,0.0034578368998197,0.0673339269337709,8.622971201749383,2.604536677321105,0.3159770945380664,1.2770462655605712,56776.77815847,0.0076543460195698,0.0028036108243267,4.786119114724491e-05,-2.0399967853380073e-08,4.7881591115098294e-05,0.0408163265306122,0.0019819771663279,30.0,0.0137580932379889,-0.0023272755593053,-0.8017484314447803,0.9667506107356996,1.7684990421804798,1.0751868556594149,2.0,0.9516176249650762,0.1081702156536122,0.0008188253718697,-0.9814562842022824,0.8851225070048893,0.2453825277455595,0.0210459916465974,0.111524496623484,7.38905609893065,0.0,,,-0.8782652757078321,0.0,0.0,,,,,,
5BZB J2014+0648,blazar,0.341,175,21,3649.327808419999,0.1161009152945913,-0.0136687124870117,-8.493917434060636,0.7040004000000017,0.4478180409947196,5.172119107839736e-10,-0.1498697251917864,0.0,0.0,0.0001114387375322,0.0003402641397338,0.0018571605536385,0.7951578891163549,16.665304884983275,5.45799668937611,0.0215604243356093,1.5146939517183793,56778.55376069,0.468934844980699,7.044434102121762,6.172221482893362e-06,8.470740756659602e-08,6.087514075326766e-06,0.04,0.0018020821355379,34.0,0.0595796795168133,-0.0094827483022754,-0.9387617553131722,0.7657480503581736,1.704509805671346,0.9735158113529064,2.0,1.057581632003673,0.1033011185651658,-0.0054694406273203,0.5618104312816801,0.6692006349480505,0.2681714307683099,-0.0497057759034249,0.332753948321654,508.90075130796936,8.847204807414002e-15,-0.1882035987266178,0.1057327248051583,-1.37595139451752,5.183831582256075e-16,6.741011072520263e-26,0.5430338395813965,0.1556913274100469,0.1732251946674776,0.3853342444629268,0.2873484298754115,
5BZB J2015-0137,blazar,,128,19,3648.667562570001,0.0188799680337684,-0.0887321228204797,-0.2127748940703898,0.3800001000000002,-0.0557469762427848,0.5319682586379665,0.5494229046991103,0.0,0.0,6.079849006210733e-05,0.0005451359801736,0.0013995896816476,0.148544003933165,23.020138447481656,2.567413874671296,0.0802318667499359,1.631206151514045,56776.44924412,0.2576162133263674,11.55335730737266,-0.0004601261275413,-1.4026967875339885e-07,0.0004599858578625,0.03125,0.0010811100616059,27.0,0.0492829030808308,0.0212432069312936,-0.7846725403452202,0.5288074366282264,1.3134799769734469,0.9189976820329508,1.0,0.7552683685780184,0.0373064947226625,0.0040224972045019,1.2766069439103491,0.2813196434114696,0.0805097521058718,0.0286163079316961,0.1538184788780516,155.53579390570025,1.7832822334594722e-15,-1.3532239689861525,0.3291294375301721,-1.7317974557282143,1.5618615077628938e-16,5.7560124957455154e-27,,,,,,
5BZB J2016-0903,blazar,,184,21,3649.277767259998,0.0461337970502178,-0.0419892861024502,-1.0987040107720654,0.4849996000000001,0.1015679539553251,0.1700957520923298,0.0499558900377823,0.0,0.0,0.0001003739891882,0.0006951998479054,0.0010312419369839,0.3850681646948015,10.273995634224104,1.4833748002213043,0.0340110603652723,1.3402313655082496,56775.26589108,0.1786260318926936,2.025596336599015,-0.0002730147799006,-2.1260102198861885e-07,0.0002728021788786,0.0380434782608695,0.001441596714583,38.0,0.0011071187649849,-0.0111798750049548,-0.6102460481871781,0.6065518098450512,1.2167978580322294,0.5328595791453999,2.0,0.8312218288772383,0.0540080007172239,0.0021016685931073,0.6781173815354543,0.3857879233200176,0.1158619393614348,0.0118226041354014,0.2451436329260042,435.87440707621187,5.5110021639452246e-15,0.2422825431455824,0.2203273876945155,-1.356933341550102,1.0746953079740592e-16,2.7967201093959897e-26,,,,,,
5BZB J2022-4513,blazar,,26,10,3109.9667262199946,,,,0.2370004000000012,0.2308094115583174,0.2566179654174902,1.8732174668539323,0.0,0.0,0.0004470920182635,0.0103405233972792,0.0915294062869634,0.0241013619649945,204.7216285312784,8.851525475218672,0.7745194379423285,2.419379929689716,59485.16411514,0.1608921131036332,2.5969329320036265,2.4239516344716856e-06,6.808444837326227e-07,1.743107150739063e-06,0.2692307692307692,5.963155228473652,4.0,,,,,,,,0.9426903355387714,0.0533445474503219,0.0009581222321274,0.3516230257791921,0.2096104298156561,0.1361327179035716,-0.0043509438296558,0.2681481739788083,7.556022360937978,2.090233427816742e-15,1.9188064472004935,0.1402116402116402,-0.7808647630658583,1.8781632200078282e-16,1.2615964182522488e-26,,,,,,
5BZB J2039+5219,blazar,0.053,288,21,3652.4258711999937,-0.0125452703691026,-0.0873565490199117,0.1436099583815189,1.0900002000000004,-0.707631735610361,4.813658043868613e-45,4.599906641347014,0.0,0.0,3.59635898747281e-05,6.034409857906473e-05,0.0001827391566248,0.0086749264556134,5.081226656742629,3.0282854148055325,0.165956164552008,1.0862942068319263,56814.47560961,0.0400613701993846,0.5245790512325345,-0.0009558435601796,-1.432680397412664e-07,0.0009557002921399,0.0138888888888888,0.0014412428473635,63.0,-0.03690865054031,0.0140224877724205,-0.5683831843397175,0.5567857750112356,1.125168959350953,0.6286881689947794,1.0,1.600533675875383,0.1701866337064104,0.0074011357904371,8.441712635140872,2.367641052498586,0.2130106296020604,0.0577042264018738,0.4114359358833657,7.38905609893065,1.1849778104645677e-15,1.2523764055655249,0.189013890483297,-0.806475233791113,-3.158428179286276e-17,2.97205833764847e-27,0.0411092908174235,-0.013210169698665,0.0125147293469321,0.4221982287871903,0.4009479855528873,
5BZB J2051+7441,blazar,,58,17,3638.493573190004,-0.0522865582630957,0.0297152367725945,-1.7595874689889053,0.9300004000000008,-0.5917479605717565,9.98356816752262e-07,4.980826246666672,0.0,0.0,0.0019664604271621,0.0119281458014765,0.0108285803219791,0.0078325382587749,5.506635255355435,0.9078175687398936,1.2463016536781657,1.1152927628910665,56695.31331006,0.0149663063863441,0.0030273288656687,4.6305023489987216e-05,-3.1927132497688695e-08,4.63369506224849e-05,0.0689655172413793,0.0124437422039813,12.0,0.0919252679145253,0.1621987403986775,-0.4231331997243001,0.7048301627862761,1.1279633625105765,0.686744623518434,1.0,0.9655686762296832,0.1608721719228479,-0.0116945380533222,1.1931669294846894,0.8743431876431373,0.3525584985631829,-0.0315247760276697,0.0474305805994427,824.0218503855311,0.0,,,-0.6387922237313277,0.0,0.0,,,,,,
5BZB J2056-3208,blazar,,138,21,3649.334302999996,-0.019738605244774,0.0070282445480333,-2.8084687591437554,0.9919996999999992,0.1693680864722641,0.0470446077980739,0.4995666396988358,0.0,0.0,0.0008127274223853,0.0030056705207598,0.0082319285306976,0.9784825798345412,10.128769245177557,2.73879936975847,0.0753236170575602,1.335096744206832,56778.1003099,0.4588583471522607,2.7604353991446686,0.0002333610229243,-4.288422739968402e-07,0.0002337898651983,0.0289855072463768,0.0012610044353187,26.0,-0.0502651332148779,0.0174708249562066,-0.7375660888071647,0.6343626303339012,1.3719287191410658,0.7564870603300684,1.0,0.6732382188196296,0.1051586339441987,0.0124502389795685,2.1109417652056925,0.724963160459908,0.1982664816792008,0.0682111135514128,0.6970775003860508,556.303301799799,7.385926063921436e-14,-1.606348860192325,0.7355404516007805,-0.791782880866644,1.0901358119917975e-14,3.9716812667558975e-24,,,,,,
5BZB J2108-0250,blazar,0.149,198,21,3651.885521299999,-0.0765933722861507,0.0067346818614807,-10.0,0.3359995000000015,0.3453970313050908,6.240357098581041e-07,-0.0999831764900752,0.0,0.0,4.5576685538089205e-05,0.0002336884045397,0.0008861646811482,0.0703508546067644,19.443376613341176,3.792078084068684,0.0939612648100653,1.5703017203295648,56789.28325146,0.1002609365475897,2.129014037089147,-6.696964574904151e-05,2.1060038935650487e-07,6.718024613839801e-05,0.0353535353535353,0.0023421106639242,42.0,0.0414360475718639,0.0226095383933062,-0.3405093370590978,0.7336511331314024,1.0741604701905003,0.4721413561994823,2.0,1.0428069895905645,0.0564556546430923,-0.002708865193188,-0.3317795692218573,0.3093657315192449,0.1426793146124403,-0.0105258495747988,0.1318245856511506,176.63650320896852,1.400071364286348e-15,0.4344941415161604,0.2104041853008184,-1.7731773257080985,7.318367019489773e-17,2.9388344656103775e-27,0.1074711191512044,-0.0880057847567871,0.0333103341723862,0.1413046420611512,0.1229805413935171,
5BZB J2108-6637,blazar,,325,21,3652.11206662,0.0394503119844955,-0.04034296474822,-0.977873397027326,0.6560001,0.0207084025104315,0.7099468242897834,-1.449845994962081,0.0,0.0,0.0001728186021906,0.000360400039398,0.001936379637842,0.0932098205577913,11.204694414209015,5.3728618778821575,0.1368411759284468,1.371507849593694,56946.20431993,0.0049598411091504,0.0009427960306636,5.52660245556622e-07,-3.427339992812204e-08,5.869336454847441e-07,0.0123076923076923,0.4993296275701599,69.0,0.1453790137521742,0.0014262460599918,-0.3785702299808452,0.7310516533739052,1.1096218833547504,0.5960566746398037,1.0,0.7749326339053438,0.0598963437021026,-0.0003367489638116,0.8642323157537094,0.5099081241536745,0.1420293892646476,0.0098842468648635,0.1608366572984931,7.38905609893065,2.175583928816829e-16,2.605828722029099,-0.3355704697986576,-1.141580962148112,1.832118145855964e-18,2.9380000949327314e-29,,,,,,
5BZB J2116-0108,blazar,0.305,224,21,3651.83178511,0.1036755264394463,-0.0763268330779445,-1.3583103380376522,0.7130003999999985,0.2526899637078873,0.0001318457081658,0.2999451158201232,0.0,0.0,0.0001849170533469,0.0004886070561076,0.0023437939405359,0.1859193977681011,12.674839261380114,4.79688925168229,0.0924848186133066,1.415973886752303,56791.05986995,0.1396253795671629,0.8647965462851435,2.0996414879904913e-05,2.6527053644519536e-07,2.0731144343459716e-05,0.03125,0.0014412450650117,44.0,0.0180720252021227,0.015272443496683,-0.7007694764502217,0.6703307818755895,1.3711002583258112,0.7728076849844135,1.0,0.8431253270842233,0.0863946940018163,-0.0090479618431685,1.5092283467077192,0.619823278027421,0.1892659150195453,-0.0567165858185801,0.2603978216675968,64.63992700320095,2.9777166713245527e-15,-0.8699871419588447,0.4170553841187724,-1.254737152999261,-3.3638407613776783e-16,6.831944350949338e-27,0.1595032815905459,0.1352965620034774,0.0506380662209221,0.2974696090622445,0.2279460605840954,
5BZB J2116+3339,blazar,,189,20,3448.5971120600007,0.0319618962400023,0.1098481872313223,0.2909642575411451,0.7510003999999988,-0.3367916883598133,2.1522531221128177e-06,-0.8497569885979468,0.0,0.0,0.0008726333604122,0.016062501381067,0.0092938885477537,0.4918340540317151,10.650393348144394,0.5786077975457741,0.2399121918929341,1.3532087022874586,56807.5045084,0.1360538547479247,0.6563150622593589,-0.004114551114617,-2.867092514139677e-07,0.0041142644053656,0.0211640211640211,0.0010811062833669,38.0,-0.0076880729117129,-0.0264054912903605,-0.8312555895922579,0.9585969786745774,1.7898525682668351,0.7489420243532617,2.0,0.7644394683399955,0.0795538973362044,-0.0035315473485009,0.6769997693811922,0.5316988200569495,0.1853044931893619,-0.0139733512511297,0.7226687089835702,7.38905609893065,5.101787530373055e-15,0.3460430619681018,-0.0532019714881443,0.0178509816782208,1.730942822491881e-17,4.037653564731497e-26,,,,,,
5BZB J2131-0915,blazar,0.449,151,21,3652.064687109996,-0.040058626260579,-0.0503813032994626,0.7951089717245632,0.7060004000000006,-0.1343746955996718,0.0999756410420411,1.9497675947609836,0.0,0.0,0.0001180735866224,0.0003113261321482,0.0011748646353184,0.0646656342936304,9.950274731005615,3.773742420650197,0.1318662724857775,1.3286840902031622,56791.98281468,0.0802441510246659,0.3825259624347539,-9.7652644401787e-05,-3.5138333301789366e-08,9.76175060684852e-05,0.0331125827814569,0.0014415936755535,33.0,0.0161251058671956,-0.0154166121650402,-0.5515746310259837,0.5117442065473189,1.0633188375733025,0.6374365253419183,1.0,0.950686324266395,0.0969226827073324,0.0038499410744454,1.161488410758401,0.6761323773005518,0.2195712514840286,0.0136944669688092,0.1175018853869252,11.70716521520621,0.0,,,-1.3605599689192338,0.0,0.0,0.096593428078969,-0.058044949451579,0.0312140748204488,0.1414422081900576,0.0976136702484869,
5BZB J2131-2746,blazar,,145,21,3652.080606399999,-0.0025581749367419,-0.0608309344810881,0.0420538490582817,0.9859991000000008,0.0833495316141758,0.3189052624068958,4.449489034491443,0.0,0.0,0.0001968108372122,0.0005679007757715,0.002883637327161,0.5301537135244921,14.651821786617363,5.0777132997674705,0.0452131900834166,1.4682520384578277,56967.64611918,0.8277278826048231,33.73684605139031,-2.4085013769357146e-05,-1.891195049316907e-07,2.389589426442545e-05,0.0413793103448275,0.4978674007665939,29.0,-0.0193620374866047,-0.0177818561300903,-0.9350513038057222,0.8285941452746546,1.7636454490803768,0.9477985663190102,3.0,0.9780920476584822,0.1389494902157805,0.0107810494404706,1.4560949318408916,0.9330420777819406,0.3097554895215693,0.0389521208967077,0.4417418895984386,2198.2747597102125,1.7941537634507832e-14,-0.63109260560758,-0.0497498449337861,-0.9910726204796474,4.4389095076835563e-16,1.820827037697943e-25,,,,,,
5BZB J2134-0153,blazar,1.283,162,21,3651.404577950001,0.0441486109041707,0.1002992845371262,0.4401687520296211,0.4759998000000003,-0.4687717762328398,3.147927454224916e-10,6.897930619535935,0.0,0.0,7.206017985854582e-05,0.0009671153214481,0.0063194167519017,1.0089823645162634,87.69637650933466,6.534294933829369,0.0461004203212863,2.113611332222897,56975.80288846,0.0361398663577732,0.0352384344721145,-0.0004900907045891,1.294876534119192e-06,0.0004913855811233,0.037037037037037,0.4958886266392793,33.0,-0.0729687902518246,0.0173796430570992,-0.6915481023035741,0.9800069692605302,1.6715550715641043,0.6796589107907411,2.0,0.6742498740441001,0.0376894016404921,0.0042930472419329,-0.1914857979299594,0.2768734589361523,0.088498577632341,0.0220244523221432,0.4870488270057579,202.232161339266,2.269317266837103e-14,-0.0151316033451395,0.2914687866859022,-1.427292597697314,3.234057957479701e-16,8.916698364646512e-25,0.0546058910176974,0.1007912786942217,0.0186579607062479,0.7359112760541071,0.3223439667341687,
5BZB J2143-3929,blazar,0.429,167,21,3651.7291453299986,0.0048772107594303,0.0622303860785656,0.0783734613709914,1.1309994999999995,0.1875921980659434,0.0151987212286034,7.998311611947977,0.0,0.0,0.0001025305194842,0.00072778094606,0.0040011373915985,0.1776674761635688,39.02386696860599,5.497722093112628,0.1361100043196367,1.8215712100978645,56961.26635639,0.1487692456529291,0.4409956590452823,0.0001435189805153,-2.189193783719497e-07,0.0001437378998937,0.029940119760479,0.4839980767693286,34.0,-0.1475114101942902,0.0113962048020145,-0.7883086604013113,0.5902487105801623,1.3785573709814736,0.6745234212705484,1.0,0.9137533204712638,0.1317862693291703,0.0068332398983537,2.880173573247977,1.241440361648058,0.2928329690044035,0.0442555522216676,0.3209329256658511,677.9976688910796,1.088269532694218e-14,0.9554835922468932,0.4720964547436261,-1.118701730737935,-1.6779371559972846e-15,6.053211675857547e-26,0.1778399285821671,0.0069695341752259,0.0573397606314424,0.3836457483506582,0.2684714824007406,
5BZB J2145+0719,blazar,0.237,253,21,3649.329505959998,0.0312190268597416,-0.000569951202102,-10.0,0.9899997000000004,-0.2112093341657601,0.000722024973872,6.993923762277889,0.0,0.0,0.000119745876243,0.0005481698636915,0.0017096508059193,0.0297124439258438,14.277324992571184,3.118833989316848,0.317879241964791,1.4589134490710882,56803.56136975,0.0777211422527745,0.2684871207098051,-9.392989717057846e-05,-3.8176273443103616e-08,9.389172089713536e-05,0.0276679841897233,0.0018013792470958,53.0,-0.1029644484901045,-0.0110837029388266,-0.5627449707805313,0.6295371618120073,1.1922821325925386,0.4491266699775476,2.0,1.0386528013399872,0.1337030748348046,0.0052144343602966,0.5557428427150102,0.933639894959971,0.3220352578145004,0.0105298364952401,0.0636691276882093,421.8521598632587,0.0,,,-1.209388246473159,0.0,0.0,0.086441844346098,0.0386179362255003,0.0271764396909305,0.0708131232474205,0.0572458554950853,
5BZB J2146-1344,blazar,,137,21,3651.753991700003,-0.0565646770785852,-0.0366460110376036,1.5435425432946133,0.9349995,0.2416276603943452,0.0044475524192115,1.1997549048706375,0.0,0.0,0.0002441493623599,0.0012228510503838,0.0018849578656872,0.4159415171136185,7.7205110828328944,1.5414451854575053,0.0536209216196994,1.2371740887571303,56975.01173697,0.3261714946344324,5.370076788689942,-7.893653717239125e-05,-3.692259995155422e-07,7.856731117287571e-05,0.0437956204379562,0.4967793765640029,28.0,0.0258152744295474,0.0204297822351471,-0.7620665954736051,0.9307397629239718,1.692806358397577,0.851928111855451,2.0,0.9174176048948643,0.1101726284368607,0.0073345878354641,4.000590335859704,1.0241213580227964,0.1838684477062038,0.0420268734737465,0.3550309994544938,569.2193152570433,8.671845299120116e-15,-0.2951535857801598,0.2412076861016101,-1.3178714681722787,6.543406350166362e-16,6.038625271455294e-26,,,,,,
5BZB J2152-1205,blazar,,179,21,3652.096915020003,0.0726817128862627,-0.0204529662132501,-3.5536025497943147,0.7329997000000006,-0.0838587969291277,0.2643959674259845,-2.999668924041071,0.0,0.0,0.00019754951371,0.0005857752274517,0.0015990796357521,0.0203537223097266,8.094576380505197,2.729851926273206,0.4212905287474472,1.2542388954428696,56795.73443358,0.1917832243341176,0.8226183403280377,-9.877732358202392e-05,1.0552283709596301e-07,9.88828464191199e-05,0.0223463687150838,0.0016214862970603,39.0,0.0011752950449022,-0.0029669595193612,-0.565222733859019,0.5018778210874065,1.0671005549464256,,1.0,0.9504135141466972,0.1036511035778996,-0.0075598862899061,0.5957780067501723,0.6949003991675942,0.2590038486399771,-0.0361845675078271,0.1290092698207955,1488.3565267194394,1.3733953916732192e-15,-0.7811949460743379,0.2214040971057811,-1.1950010938312574,-1.4019652600889275e-16,7.520304053409599e-28,,,,,,
5BZB J2156-0855,blazar,,191,21,3649.018412310005,0.0248219477733179,0.0677186904759937,0.3665450055050503,1.0990000000000002,-0.0728478144825318,0.3165854444030313,0.399618717296099,0.0,0.0,0.000212607617522,0.0008441661251621,0.0026553854652523,0.1014864682464202,12.4896063636454,3.1455721604522298,0.1787865795868633,1.410664025877045,56800.99818926,0.2045801777952084,0.8747690420981659,-2.11578756355657e-05,8.348181726876374e-08,2.1241357452834465e-05,0.0366492146596858,0.0023421065845274,40.0,-0.0350880976985991,-0.0040026378295152,-0.7324355885310355,0.7338823503629678,1.4663179388940033,0.7486033583749582,2.0,0.7788919192590263,0.1136081347228886,0.000203336679786,1.3232779824701688,0.8518920179956073,0.2497126792995511,0.0066839932356271,0.16143972021547,547.0001432647286,1.2125747826210916e-15,-0.1581778097762872,0.3702005508234042,-0.9553857687485956,-1.711410378894524e-16,4.07960236014802e-28,,,,,,
5BZB J2158-3013,blazar,0.116,155,21,3652.088243680002,0.0010365844609839,-0.0465829171594842,-0.0222524591458067,0.3289995099999991,0.4439513483377956,7.205991514893549e-09,-0.3999549069054075,0.0,0.0,4.861831965743034e-05,0.0005385640928604,0.0111692978788396,0.5598229392250493,229.73434145411184,20.73903181843667,0.104616285172204,2.460955680399315,56972.11593786,0.49029812231887,26.705411123992903,0.0018136896053666,-5.220325324854455e-07,0.0018142116378991,0.0451612903225806,0.4971304032306568,30.0,0.0981627433579722,-0.0065689774602221,-0.3908731478366609,0.6113611772094383,1.0022343250460992,0.5115874442897564,2.0,0.8793983156137521,0.0338606561471806,0.0044569365004357,0.7521826523588853,0.2705563293388874,0.0778247199100253,0.0277838586994185,0.311150596363626,138.4993194726095,1.5427969325823693e-14,-0.5887084093885032,0.5219524702446268,-1.785437996388166,-1.5739589761230834e-15,9.170344650917635e-25,0.5179553548370179,0.001156828258458,0.1595997185323329,0.3287022939942208,0.2945361057295885,
5BZB J2201-1707,blazar,0.169,122,21,3652.086091609999,0.0122153589105881,0.0931742985262345,0.1311022363870943,0.8600007000000005,-0.4069117667719425,3.3014861688970543e-06,5.449382395420806,0.0,0.0,0.000135149815196,0.0008666821772773,0.0032953925915831,0.0119627655450217,24.383256184402754,3.802308013455646,0.7453774940119325,1.6519547235674117,56796.13019936,0.0261526856617706,0.0499597923826579,0.00012123833916,-2.4957593239285792e-08,0.0001212632967532,0.0573770491803278,0.0016214864613247,24.0,0.0199245892372928,-0.0104536702339659,-0.7637730206345572,0.7484066832513405,1.5121797038858975,0.6213971111085106,2.0,1.3623689462267434,0.1708473797825308,0.0046496796288045,0.4964088048205661,1.0969717146455595,0.4034080795649604,0.0189288450532651,0.0370675068136903,117.691031724254,0.0,,,-1.3495508198852086,0.0,0.0,0.0282763630759161,0.0142797545664774,0.008794090364595,0.0400775008172503,0.0342835764048335,
5BZB J2202+4216,blazar,0.069,220,22,3836.649527379995,-0.0349112288311518,-0.1124995285644422,0.310323334476499,0.8020000500000002,-0.19938114080695,0.0029747588780653,0.3676460874970564,0.0,0.0,0.0002439894977689,0.0021261645666125,0.010475645701863,0.8684863667929975,42.934822009622266,4.927015463166215,0.0839606243353519,1.8560190764955744,56640.09733992,0.123251372636108,0.1281856434633841,0.1549308899789361,6.33825586861714e-05,0.1548675074202499,0.0181818181818181,0.000541077618067,43.0,0.0813926801176309,-0.0192852963163011,-0.605993465767159,0.8455894886748632,1.451582954442022,0.5749805670785945,2.0,0.7656258062341076,0.0587759386229576,0.0004595540898321,1.7400553393525096,0.562348553276199,0.0942705705756691,-0.0028434506778212,0.4501992777153811,34.18926108298697,1.6846967702970814e-14,0.6968800773396311,0.4070042935348741,-1.2458874284468286,-1.7528806031408869e-15,1.1763616213262775e-24,0.1274326214742363,-0.0373201036205013,0.0389179138988027,0.4654720910448627,0.4354275875068875,
5BZB J2225-1113,blazar,0.997,166,21,3649.131757139999,-0.0458989430752523,0.0812234829269196,-0.56509449510494,1.1020002000000009,-0.0944707023935739,0.2260172395021927,0.4995389126817248,0.0,0.0,0.0003704092239051,0.0017552227048578,0.0074780783591735,0.3044858964628549,20.188693629563097,4.260472664931015,0.1560328262375357,1.58386891370677,56805.99988669,0.3782383317565619,2.2786939043438745,0.0001048836235076,4.431024183488066e-08,0.0001048393132658,0.0421686746987951,0.0012613505544053,32.0,0.0639532501410304,-0.0201249585322113,-0.5687932044325117,0.7778029096220955,1.3465961140546072,0.0201004439437574,3.0,0.8345740254745909,0.1275792807095038,-0.0054195813157564,1.7299639687529995,1.0439220766637916,0.2805813092640409,-0.0151042546560352,0.2210731068240426,34.57586963215506,7.29550205481289e-16,0.0887347259269016,0.4889380530973451,-0.8740340560326015,4.1959415361851824e-17,2.0287330128943912e-28,0.5345084456892556,-0.0916601893212789,0.1803011984222297,0.3124100145097571,0.1564396667550111,
5BZB J2227+0037,blazar,,178,20,3448.1423942600013,-0.1234504626680691,-0.0193511939463991,6.37947524116676,1.0069990000000004,-0.2378578202828191,0.0013882997480981,1.9825048673363457,0.0,0.0,0.0003286477598642,0.0012088111040078,0.0063372087419394,0.1746352125315591,19.2826773724967,5.242513669576576,0.2034922643878551,1.5673083691895326,56810.86698715,0.1125418039207629,0.3825770215953521,-1.547559719211476e-05,-3.3919044621590405e-08,1.544167814749317e-05,0.0280898876404494,0.0019816212457246,38.0,0.0913159827983934,0.0140444267269058,-0.6153452148274293,0.8576567649887589,1.4730019798161882,0.7868221132486808,4.0,0.7515428424387195,0.0875129380765682,0.0018765458489108,1.1125390342722083,0.7390729562540638,0.1761052487889089,0.0217620866912049,0.1810734663225872,7.38905609893065,1.8829344838990634e-16,9.27423116146906,-0.0114285714285714,-0.8808858647066091,5.422720270259293e-18,2.3621379281720377e-29,,,,,,
5BZB J2236-1706,blazar,0.647,133,21,3649.1281915,-0.0514177085163739,0.1115196723523527,-0.4610640206502475,0.7859992000000009,0.3121345910972491,0.0002546371184729,0.1498615273716632,0.0,0.0,0.0001351744852971,0.0008560273148624,0.003319171218211,0.5353484602061878,24.554716715649416,3.8774127375445695,0.0515713241129195,1.6544820684448185,56806.13257253,0.0055649112610574,0.0009623204039427,-0.0002993721061697,-7.562664263050179e-08,0.0002992964795271,0.037593984962406,0.0012610004106633,26.0,-0.1306268767672163,-0.0327944341083115,-0.9636569889230976,0.9159094793564933,1.8795664682795907,,1.0,0.77498746239323,0.0766393877436595,0.0042185932411537,2.339643702136457,0.6386556660921295,0.1555334126109637,0.0112379549532772,0.2987789718863763,176.364484302801,4.4402242449592145e-15,0.5278485170771425,0.3157793320552807,-1.1906124547958898,-5.696500543034591e-17,1.5876841905018854e-26,0.0071417565699659,-0.0846849659264679,0.0023525881686042,0.3834394809436264,0.2328108566749401,
5BZB J2247+4413,blazar,,259,22,3839.9023381700026,0.0033589476293575,0.0509867719608679,0.065878805426935,0.692998900000001,-0.0149944901802894,0.8102064154951717,-0.5256539819534569,0.0,0.0,4.0534139391681454e-05,0.0001328652322736,0.0005150846953571,0.0440256052832471,12.707428611532697,3.8767455011835814,0.0903390510961916,1.416900055912138,56651.62832325,0.1408695058064644,1.767653875626366,5.690307930885914e-05,2.152456802957987e-07,5.668783362856334e-05,0.027027027027027,0.0021650104585943,53.0,-0.0179875127254907,0.0314491609214754,-0.674621404635871,0.7103700909950853,1.384991495630956,0.8422400125954028,3.0,1.0341149887721313,0.0871748151112372,-0.0005101199004057,1.625659786277326,0.7597694928998894,0.1859644918827241,-0.0144662095397001,0.1782676181385412,1729.8811734725268,3.480934286106927e-15,-0.2284903690238126,0.0702700649523303,-1.402919508343569,-2.4184954731508534e-16,9.705944831210028e-27,,,,,,
5BZB J2250+3824,blazar,0.119,200,22,3836.496695920003,0.0245215389609936,-0.1301657104727538,-0.1883870865217337,0.5209998999999996,0.4699120404967267,2.218084947096293e-12,0.0525187774937714,0.0,0.0,3.487013642429793e-05,0.000210090847026,0.000649131034671,0.0383435320491446,18.615671821777617,3.089763503599357,0.1246287956167952,1.5546114449304809,56647.54204146,0.122798749864763,1.7104252613435595,0.0006055604773508,-4.060403950947833e-07,0.0006059665177459,0.02,0.0007216700889864,43.0,0.0438610167332686,0.0212742248195462,-0.5497731481753028,0.8294289708609446,1.3792021190362471,0.8503362039617766,1.0,1.119976888693275,0.0835755780842795,0.0116763707356477,0.8648917629363979,0.5536031436241697,0.1847091945209849,0.0675130550827147,0.1720950030403094,739.5811613552596,3.846950816158972e-15,0.0308354386437199,-0.0883769396063017,-1.5239542959714776,1.5000291579604747e-16,2.1101057805286702e-26,0.1298999514687442,0.0274396020973518,0.0400484737762847,0.182046906565165,0.1626871372342851,
5BZB J2252+1245,blazar,0.497,217,21,3651.6794277999943,-0.1009027205247083,0.0269614697883533,-3.7424784819518906,0.6370000999999998,0.2214618261436733,0.0010220974660733,-1.999550679151263,0.0,0.0,0.0002062239649367,0.0014405341403774,0.0034412651170223,0.2476234489173303,16.687028112325667,2.3888813310122083,0.1136932297204516,1.5151637837812515,56820.53764424,0.1506304787706454,0.5764269156860318,0.0001612265527448,1.428018980890199e-07,0.0001610837508467,0.0184331797235023,0.0010810980698118,45.0,0.0850082495051999,-0.0014449535117559,-0.464716211465919,0.6297913472280762,1.0945075586939952,0.5581084341295504,2.0,0.8956107538827751,0.0889042445100995,-0.0073432051427351,0.708488710819248,0.5456984228450709,0.2157564643899561,-0.0477458633100026,0.2120264924012885,155.54940452872248,2.2921198984285136e-15,1.1079283954363015,0.1270567298385837,-1.1771407828489815,-2.6447876054554658e-18,3.3127174358593964e-27,0.1842993301089474,-0.1510513726254884,0.0598633453067155,0.2594185508392769,0.1732922851297775,
5BZB J2254-2725,blazar,0.333,82,20,3649.38783385,0.0090771799573853,-0.0669287262792935,-0.1356245735128183,0.9400005,0.3255028723028648,0.002844880067527,-1.0990627288802188,0.0,0.0,0.0002879976739865,0.0023092820306596,0.0082912345731071,0.1058314769898112,28.789241348893643,3.5903949623460316,0.369081041255188,1.7118644666783296,56984.08025278,0.1186111811404433,0.4857579088927558,6.800281847310753e-05,-1.4165437959953744e-07,6.814447285270707e-05,0.073170731707317,0.4888097564955355,17.0,0.1256033056932384,0.0392312130225533,-0.4187515467250887,0.7768938461760598,1.1956453929011486,0.6048387249092524,2.0,1.0539558259868145,0.1597270293667941,0.0230236678404581,1.785416453654937,0.966073905982582,0.3043981970805405,0.1076760006375938,0.2172418016068511,338.6400913071548,1.0193073794031528e-15,-0.1328454719872353,0.3598524762908325,-0.9501239109402484,1.0924219333185756e-16,4.995204294772609e-28,0.1369432736011919,0.0120998808831946,0.0436388017273047,0.2508178671607457,0.1881604404806794,
5BZB J2255+2410,blazar,,221,22,3837.215161610002,-0.0774717318347458,-0.0545328830869546,1.4206425086899277,0.4500007999999997,-0.3615388320616214,3.15767746869597e-08,5.568032951822865,0.0,0.0,0.0001782477105883,0.0005640860854152,0.0037228480864249,0.2616126487924619,20.885811398369892,6.599787117749182,0.0943215130858278,1.5961128218756748,56640.7524942,0.1676026390047271,1.8725470916483091,0.0002555420410454,3.8166510833800436e-08,0.0002555038745345,0.0180995475113122,0.0007216695140413,45.0,-0.0112479475862476,0.0167238721973374,-0.9543190928245578,0.7197176702332413,1.6740367630577992,1.0330290536168076,4.0,0.8314951981562521,0.0569132907835857,0.0047911754741376,0.6484172860527915,0.3616758507356834,0.1355523780576263,0.0266018312811386,0.2277808554403855,37.330964295450734,2.044740276336181e-15,-0.0379559988474346,0.4707446808510638,-1.3748401930917464,1.0233109408990323e-16,4.318536884272578e-27,,,,,,
5BZB J2256-2011,blazar,,111,21,3649.171614430001,0.0838080313830109,-0.0671450245589776,-1.2481644311470497,0.5080014000000013,-0.0412177912192679,0.6675425196783625,-0.7493165532710474,0.0,0.0,0.0003149148544485,0.0034987459408572,0.0572295241126016,1.697741242941771,181.73015061826896,16.357153409722134,0.1594733713540392,2.376413496232499,56809.5550273,0.5429030184686664,6.460096558523911,-0.0002932028781752,-5.586590632862405e-07,0.0002926442191119,0.045045045045045,0.0019816229157984,21.0,0.0135509453780484,-0.0033354752824998,-0.8473257682791764,0.8384450643987628,1.6857708326779393,0.9515523731508724,4.0,0.7315065799955696,0.0578751840574719,0.0044708016457584,0.4647487432689859,0.3462752096441214,0.1513809330098133,0.0310876329179965,0.6386389667396818,485.91272531503733,3.2933134614911246e-14,0.2451135644187004,0.3885419956821185,-1.2066696997308848,9.895906362119306e-17,1.1581824571756579e-24,,,,,,
5BZB J2256-3303,blazar,0.243,143,21,3649.3120625999945,0.1455142694048689,-0.1147118054764862,-1.2685204351935395,0.9050007000000004,0.3649799076208159,7.400924389289088e-06,0.299738157092402,0.0,0.0,0.0001652763147482,0.000795597547035,0.0048694057300208,0.9967064721702548,29.462211254986308,6.12043833222862,0.0387751567473371,1.7201984523914076,56804.03009978,0.888854749818276,5.809569763888736,-0.0001583932713022,2.9222120132204714e-07,0.0001586854925035,0.0349650349650349,0.0012613489938344,30.0,-0.123185751004069,0.0471389398890922,-0.9688774260665588,0.9501275275987224,1.9190049536652811,1.056717431227944,1.0,0.981035267998361,0.1310099608457395,-0.0112593199402101,1.8291898583679376,0.93530163392748,0.279774030856703,-0.0406700514389796,0.4754199872985938,438.9618629130211,1.6806765577212928e-14,-0.8192148891407208,0.1589533617160124,-1.1082774542263294,1.4567726120949535e-16,1.8955113111665595e-25,0.9909833593351683,0.180874236870252,0.3118362661995162,0.5300453152830263,0.4264242279026762,
5BZB J2256+1305,blazar,,153,21,3651.905967060003,0.0667331537776751,0.1262236931223175,0.5286895996063682,0.7659997000000001,-0.1588422377802919,0.0498642568789744,0.7498780219835736,0.0,0.0,0.0008217729252982,0.0017104426106693,0.0045848419346668,0.130198046262193,5.579207817565568,2.680500300557924,0.2492305113998943,1.1200150727605864,56821.65617792,0.39091089526649,3.5710739129634144,0.0001285417940049,-1.876512624134635e-07,0.0001287294452673,0.0326797385620915,0.0012609997809768,31.0,0.0553212892353889,0.0018122290538471,-0.9361728245678812,0.7723515628994206,1.7085243874673015,1.0061710094599203,5.0,0.8023092093413396,0.1102912587233798,-0.0002282584486914,0.3954899092747869,0.5717429046779985,0.287984570089852,0.0045263961034383,0.3285816303063218,1908.3228848810525,1.2559918679262487e-14,0.169958856064822,0.2917315766544811,-0.7955024037230699,-1.0320626415527981e-15,5.628995157651068e-26,,,,,,
5BZB J2257+0743,blazar,0.19,152,20,3447.3375192800013,-0.0730497357169407,0.0669196942201632,-1.0916029513914085,0.291999800000001,0.3426760469694613,1.5497368241477808e-05,0.8494466166603699,0.0,0.0,0.000158091912112,0.0014429408179062,0.0058195299488436,0.3188897426956036,36.81105398932266,4.033103695309434,0.1219626719161758,1.800516788322432,56819.74891714,0.1873603657070194,0.6605142853321873,-0.0002577887459491,1.6572676446884535e-06,0.0002594460135938,0.0263157894736842,0.0014408938809024,32.0,-0.0842221925682143,-0.0210800927620331,-0.8492464084800471,0.6545778266130712,1.503824235093118,0.706014373904753,1.0,0.7868165203793932,0.0413328011223863,-0.0070927470238464,0.2074914366257914,0.211004995617386,0.1046088029451334,-0.0402460081910567,0.3809820801408642,36.44883159347096,1.3637607493787407e-14,-1.1926396074477208,0.7198861800534047,-1.422783930819503,-5.519941460200701e-16,4.063259833523556e-25,0.204386029119074,-0.0869291855031594,0.063785733859247,0.4156023833091761,0.3492457002598118,
5BZB J2300+3137,blazar,,259,22,3836.87018831,0.013227098677505,-0.0271133419995548,-0.4878446440767897,0.3599996000000001,-0.2691631153971952,1.1223791080674362e-05,-3.361528980860233,0.0,0.0,5.345834415730192e-05,9.389238786315076e-05,0.0003280460714161,0.0948782325556775,6.136480103356122,3.4938515825202643,0.0355015240211067,1.1543528411559447,56645.8275605,0.1288161557509291,1.12503768169827,0.000725021912456,3.674409799038374e-07,0.0007246544714761,0.0193050193050193,0.0007216701163571,54.0,0.0024667569185922,0.0100665851335909,-0.563189719078275,0.6540304350662176,1.2172201541444925,0.6703077463294697,3.0,0.7977390639625325,0.0427065983119382,0.0020479297379889,0.2235191962826446,0.2680970224660528,0.0980527750491884,0.0125187268980201,0.2004037181229957,1225.300842110221,6.3515625394860545e-15,0.8754168745607674,0.098829084285735,-1.725234935604549,4.533494602361849e-16,4.258458652721967e-26,,,,,,
5BZB J2304+3705,blazar,,182,22,3840.056928029997,0.0590904833340742,-0.0197714436878142,-2.988678230436642,1.427000099999999,0.171097531006835,0.0209222689022469,0.9987827738887056,0.0,0.0,0.0001673663224826,0.0007169971179251,0.0032627951291465,0.2434063103462512,19.49493220172607,4.550639107222252,0.0955308637159294,1.571256808189471,56650.63852361,0.0232946012154968,0.015436714031463,0.0001549179286034,-1.0357468758556977e-07,0.000155021503291,0.0274725274725274,0.0016235832443596,39.0,0.0035528608989289,-0.0043828007541734,-0.942814883620611,0.9459153459159616,1.8887302295365729,0.9399217427191764,7.0,1.0310163567192323,0.1768910015878372,0.014730088932049,3.1817878468402845,1.7339919987942471,0.3239917705991676,0.1096387931498258,0.212782744329601,530.2932426154293,2.765118916038589e-15,0.1780869470000643,0.1106138739432863,-1.1737995002588,-2.2903305491684887e-16,3.55546007790147e-27,,,,,,
5BZB J2315-5018,blazar,0.808,129,21,3652.09691452,-0.191502505245037,0.2741778210826359,-0.6984609640884084,1.005999599999999,0.1034927300848694,0.2431508556113906,-1.8497958362387403,0.0,0.0,0.0007175802477834,0.0045218505828322,0.0189053458069301,1.0823700968848478,26.345967352058008,4.180886886118207,0.1183474833557168,1.679877561868569,56795.87374113,0.1333378641931231,0.2341532138534512,-0.0001816874907579,-8.920259883214576e-09,0.000181678570498,0.0387596899224806,0.0019819715537309,26.0,-0.0831822265402778,-0.0330126354278522,-0.6666313032265011,0.8098485561013424,1.4764798593278434,0.8758167985726814,3.0,0.6952788645507747,0.0864074188464311,-0.0002639323793714,0.9937441198752872,0.6836371743746963,0.174318119648941,-0.0108498159556148,0.4604952133465971,90.47615182874792,8.123745884915139e-15,-2.329802921675354,0.5426241811127891,-0.9020064584196616,-6.24739744273022e-16,5.887635802363332e-26,0.1792886129620936,-0.346236529483027,0.0597883120854416,0.6191905695820563,0.3424726601670665,
5BZB J2322-4916,blazar,,228,21,3652.304995630002,-0.0406606289185468,0.0712668211146564,-0.5705407970018853,1.1540012999999991,0.2836136299932435,1.370357382076099e-05,0.4999733053566053,0.0,0.0,0.0002452958102155,0.001060975053505,0.00681867655883,0.5445571546559353,27.797770068066864,6.426801959081741,0.0842519540940691,1.6992243124905628,56797.452984,0.5421000237771076,6.7810872373456075,-0.0001242616852639,-4.460819088022297e-07,0.0001238156033551,0.0175438596491228,0.0012613500342415,47.0,-0.1005090906458933,0.0027453345590199,-0.5619954571535294,0.4720872423016384,1.0340826994551675,0.4748770065499886,0.0,0.9566861164492032,0.1293380720081787,0.0127685838222376,3.92456197720206,1.3831265888779107,0.2107750148575454,0.0747837863610328,0.4862306126164104,484.00863722791433,3.8727227246787135e-14,1.6251524317530175,0.6315234976331418,-1.2248316892334483,-7.466124265551078e-15,1.7415788449820213e-24,,,,,,
5BZB J2324-4040,blazar,0.174,128,21,3655.150760119999,0.0223496112919089,-0.0171099103583312,-1.306237778214099,0.3240004000000009,0.1203673658543148,0.175937977443004,-2.7019594941338805,0.0,0.0,6.676841194451803e-05,0.0003600654400892,0.0021242324511887,0.2839492938996487,31.81493100568178,5.899573268577443,0.0555707199125284,1.7479080221275658,56983.68321252,0.0099566596140739,0.0096747239007496,-0.0003808226555786,-4.81780024561291e-08,0.0003807744775761,0.046875,0.487715398220404,24.0,-0.1510258971636918,-0.0301925294528775,-0.8820728651616481,0.9772347210811798,1.859307586242828,0.3646590856774684,2.0,0.9447198470054752,0.0499714903508107,0.0021998564292259,-0.0019072553813471,0.2801288251821668,0.1241273185905521,0.014477748529988,0.2395746668852264,96.83077848551046,2.834875741886945e-15,0.8225130517980304,0.3978421791088102,-1.4535175680252568,1.158969709542109e-16,1.463211612707017e-26,0.0107881681933127,0.0262384436567011,0.0033579784388927,0.2595822194786428,0.2211092159102579,
5BZB J2324+0802,blazar,,165,22,3836.779411539995,0.0630431163490524,0.0073262078178432,8.605149883341907,0.5659989000000003,0.1650604962241611,0.0341178280019214,-1.5756794297905528,0.0,0.0,6.391690680888265e-05,0.0005228465629274,0.0023255181204986,0.4348307765604376,36.383457839546814,4.447802244372128,0.0437841884348957,1.7963026892484122,56640.74931125,0.1550564481863703,0.9179523847255684,0.0001768509913846,4.865782233167955e-07,0.0001763644131613,0.0363636363636363,0.0012630972484597,33.0,0.0868894574894302,0.009716436709802,-0.9532377431239228,0.8484815899736773,1.8017193330976,1.4815814832683265,5.0,0.7895881323957972,0.057026651891017,-0.0070211015275098,1.6849108956005086,0.4661483894023801,0.12853720552771,-0.038138616830044,0.329152383374185,387.0515340643052,1.143710981897058e-14,-0.7459536790118988,0.1957080681272031,-1.5798080004574375,-9.785298984926163e-16,1.6813990491061442e-25,,,,,,
5BZB J2325+1646,blazar,,141,22,3836.343782969998,-0.0252161899399736,0.1091575085819697,-0.2310073788560137,1.2360001,-0.1184935332643943,0.1616800768672126,1.4179504741983564,0.0,0.0,0.0003342933621905,0.0032632594276264,0.0093754063378899,0.0375889689686698,28.04544561821381,2.8730189992390662,0.7429293059424998,1.7024236503592325,56644.37500775,0.2340413951649697,1.0865107014585718,-0.000192785504128,-5.536546203033573e-08,0.000192730138666,0.0283687943262411,0.0007216694866506,29.0,-0.0973721969117863,-0.0182482079780265,-0.860855977432247,0.7733272289372841,1.634183206369531,0.9967146585237164,2.0,0.9825291564612204,0.1619739813768576,0.0086617188753107,1.4920308570190233,1.1858330664356065,0.3179430716062156,0.0353279731348838,0.1390174367830293,2819.917926782861,5.793837170506341e-16,0.1392826545552238,-0.0671748451643639,-1.0585734194112544,-9.97233181264481e-19,1.021458223801896e-28,,,,,,
5BZB J2325+3957,blazar,,198,21,3634.634961069998,0.0650078576592458,-0.1006167186226343,-0.6460939946079888,0.9940003999999992,-0.1757622083553087,0.0132548815568729,-5.920897472516493,0.0,0.0,0.0003557127333132,0.0016905333506209,0.0070012656904817,0.3004214976263988,19.682358867467247,4.141453751130433,0.1507586033301099,1.5747078071243277,56655.84385353,0.4443635346432574,4.616036882114467,-0.0001304939743685,1.0254402142734953e-07,0.0001305965183899,0.0202020202020202,0.0014433402053436,41.0,-0.0662299491063562,-0.0107044202110298,-0.8598032925743548,0.8274881339401827,1.6872914265145376,,2.0,0.7422413148039267,0.0635612727302794,0.001521546082962,-0.6402439177825912,0.551126151342884,0.1418972079470554,0.0004842348813858,0.2581185804089457,27.397360370931743,2.0394725811707184e-15,-0.3140374104811057,0.4073358304112209,-1.2786065284125592,2.8909630902013415e-17,3.203215640205352e-27,,,,,,
5BZB J2329+3754,blazar,,267,22,3839.900926220005,0.0120425099841056,0.0703825452684061,0.1711008025950349,0.9919996000000016,-0.0580110344532459,0.3450387421470888,2.4705728067397708,0.0,0.0,8.812551935356376e-05,0.0002997477280882,0.0015962296802835,0.3886834265659326,18.11313764593304,5.325243614485846,0.0349366814060507,1.5447411435973872,56655.57988148,0.0929829125558101,0.4367564899148891,-5.4677245857981114e-05,-9.316440921368013e-08,5.458408144876743e-05,0.0187265917602996,0.0010825051334796,53.0,-0.0017972304205868,-0.003635113034318,-0.8630863685579501,0.9329593502106126,1.7960457187685628,1.7960457187685628,4.0,0.9289663320593208,0.087296100823422,0.0034574221739385,1.4364668705361756,0.8533278381883221,0.1648662990025984,0.0228041336586506,0.2791545416754223,174.17987956887856,4.399846203462529e-15,-0.4759580087317346,0.2379041553128924,-1.381962163451257,-3.365956476188357e-16,1.4569946947543276e-26,,,,,,
5BZB J2334+1432,blazar,,256,22,3836.822953899995,0.0607913582719413,0.0939547550060585,0.647028011174328,1.3260003000000005,-0.1534882294768077,0.0139566217987738,3.624103816825457,0.0,0.0,5.237609701898658e-05,0.0004994159835039,0.0006553771503868,0.1088990328325799,12.51290522156176,1.3122870927684886,0.0695157851729181,1.4113362218905618,56645.56053229,0.0091173191371316,0.0027915109520196,9.58084588423571e-05,5.3687107761510466e-08,9.57547717345956e-05,0.01953125,0.0009019322929445,53.0,-0.0128238163795619,0.0025187973246231,-0.5750542692107701,0.557062382434713,1.132116651645483,0.6253953600515049,1.0,0.8076071889355863,0.1026799209373851,0.0006950935513228,2.7069920230892803,1.145008090603291,0.1972174408623656,0.010113358812447,0.1237469935190365,211.63126514954584,5.17892563931115e-16,-0.1503898975588565,0.1173861620342992,-1.1038504852083384,-1.1654384679867145e-17,1.1327616808124515e-28,,,,,,
5BZB J2340+8015,blazar,,448,21,3635.1961780400015,-0.0418352553588751,-0.0216491324129034,1.9324217969095236,1.0639992000000014,0.329998773819058,7.666568108504594e-13,0.1492893707613963,0.0,0.0,4.297182167269227e-05,0.0001545202251364,0.0005923336568542,0.4790430464238076,13.784233947113403,3.833372961357864,0.013336119861053,1.4462367974352703,56710.00033183,0.0675358445852494,0.2045369729527888,-0.0002801848530008,1.2818247408119274e-07,0.0002803130354749,0.0111607142857142,0.001442639589331,96.0,0.0142045966792654,0.0110415959772754,-0.371510811306535,0.501896188467865,0.8734069997744001,0.4816499779636148,1.0,0.9305206806641176,0.0569667512937596,-0.0018483691316425,-0.8166633280244217,0.7694579263297205,0.1305570852780131,-0.0178097223842448,0.266710478346532,392.75025022376394,8.932266898948617e-15,-0.7518514644202001,0.3818309600153631,-1.566530870639744,3.4372398478693993e-16,1.0922562582120933e-25,,,,,,
5BZB J2347+5142,blazar,0.044,199,22,3842.32645529,-0.0576475777854574,-0.0040753247561876,10.0,0.4409999999999989,0.1176726092214641,0.0978687289104363,0.2103943302006844,0.0,0.0,8.135454652675648e-05,0.0002646225951898,0.000888160207025,0.0164115365995066,10.917155021149636,3.3563279168640947,0.305671026394597,1.3621312599040345,56670.53816797,0.0387194052443911,1.8374958717676624,0.0001372008199357,-6.45425099051451e-08,0.0001372653624456,0.0351758793969849,0.0144306116084909,41.0,-0.0426193104153282,0.0042771013733077,-0.9197341062847812,0.5780302618895061,1.4977643681742874,0.8652749599678163,2.0,1.3641508632307158,0.0734084293382935,0.001583964543121,0.3622511853355971,0.563406706420944,0.1744737593745877,-0.0047300816495547,0.1326837249285785,7.38905609893065,2.518451953677697e-16,3.3398753634142153,-0.0050761421319796,-1.5425444861469575,-6.1735170524492536e-18,2.0955000912616534e-28,0.0395620627059368,-0.0601840712080176,0.0120216354571831,0.1355713449767439,0.1298576101309807,
5BZB J2352+1749,blazar,,157,22,3836.3469390300015,-0.0121148859834611,-0.0990573524399236,0.1223017341474833,0.7409991999999992,-0.2918136305358754,0.0002087061464353,3.9912712849593457,0.0,0.0,0.0001263440021055,0.0005371225986519,0.0017774697023553,0.2760590563032965,14.068492834363807,3.309243929611499,0.0565317270395576,1.4535989689529378,56838.43341685,0.1948367546958861,2.17965234782136,2.526229887945514e-07,-1.0966986838364817e-07,3.622928571781995e-07,0.0382165605095541,0.5147066307460711,32.0,-0.0949797205368211,-0.0019903142180528,-0.931961761440682,0.5491150376333723,1.4810767990740543,0.7749215146767174,2.0,0.8076732050585653,0.0777949749879019,-0.0008617715845744,0.3969146509757137,0.5465328004029638,0.196398255286464,-0.0201797561607833,0.2212276519890053,637.5210075139485,2.8775905214161593e-15,0.0211441691443988,0.2125149800569027,-1.2978542182743038,6.598718113939145e-17,4.734508154959041e-27,,,,,,
5BZB J2353-3037,blazar,0.737,155,21,3651.587356219999,-0.0393553241053438,-0.0544173277939057,0.7232130959166878,0.9939994999999991,-0.061248865914573,0.4490013777982441,4.34891307311622,0.0,0.0,0.0001757170374755,0.000538554893666,0.0022399491424973,0.2353937797589113,12.747478343195064,4.159184448386233,0.0752633990166547,1.4180349956231209,56816.79557441,0.2662828297495569,2.5626436292295063,-3.372121840246225e-05,-2.1047706042802087e-08,3.370017069641945e-05,0.0258064516129032,0.0007206212457221,31.0,-0.0090124745947864,-0.0119010782550258,-0.8948185974321144,0.7918090433131838,1.6866276407452985,0.5711341618466197,2.0,0.8094494240164433,0.098273165927314,0.0073646294995993,1.7378707177934696,0.8380130434939846,0.1910423971719159,0.0315222105570778,0.1773414636799682,179.52841463080466,1.462039186167455e-15,0.197036886789782,0.2204237235172801,-1.1397385043526729,9.298513288389608e-17,1.0547102033971343e-27,0.3509482431834538,-0.0683601979709822,0.1164387704325319,0.2337277066666394,0.1345582652081977,
5BZG J0550-3216,blazar,0.069,186,21,3634.340009,0.0504981187699512,0.0355602446762873,1.4200723091094187,0.447999900000001,-0.2563569627873966,0.0004126143939175,-0.3980112261738535,0.0,0.0,5.353043677120792e-05,0.0002767887764755,0.000570904691274,0.0082407480720037,10.66504805572649,2.062600573913826,0.4027380193706165,1.3537046409397004,56731.57887278,0.0123859705585514,0.1052477340265404,-0.0001394816469108,-1.0123989396379893e-07,0.0001393804070169,0.032258064516129,0.0014422905407377,39.0,-0.0476198817706464,0.0019530935791656,-0.7134770541197868,0.646272447453573,1.3597495015733598,1.0474551572019333,2.0,1.4243076387878604,0.0894869513624528,0.0046121957702825,0.6548888598715623,0.6024994004268387,0.2180402684954807,0.0339340179610678,0.0380188528544468,344.51446733403316,0.0,,,-1.5831138888303136,0.0,0.0,0.0128061591852529,0.0539824889650779,0.0039110001409395,0.0393086257869882,0.0367713992394651,
5BZG J0617-1715,blazar,0.098,167,21,3634.285269760003,0.0231762000927528,0.0340075308898224,0.6815019934213709,0.4109992000000009,-0.5309098328821207,1.578034029565823e-13,-1.9900261572950049,0.0,0.0,0.0003225222834846,0.0007845883105284,0.0018232736292764,0.0083479848990961,5.653171011701749,2.323860300346085,0.8043536246241241,1.1247650852016031,56930.93072691,0.0299376809946095,0.5314834584440268,4.811497140036603e-05,-6.216738043321755e-09,4.8121188138409354e-05,0.0419161676646706,0.5245154919644227,37.0,0.0797735614026372,-0.0106374472542372,-0.7177643088304514,0.6867303519004069,1.4044946607308582,0.7506011970709858,3.0,1.464914364051971,0.0846235308705668,0.0051585701579132,0.2258579064064981,0.5463021538103812,0.1945035412649334,0.0266307451373801,0.0538078173339343,7.38905609893065,0.0,,,-1.3307733368457422,0.0,0.0,0.031370347275442,0.0254474677018426,0.0096341099180429,0.0563827878386105,0.0513504442974595,
5BZG J0654+4247,blazar,0.126,237,21,3633.921470699999,-0.0518811328649463,-0.0167437652542424,3.09853441428301,0.430999700000001,-0.135886140850853,0.0365651150681801,0.3482197165626282,0.0,0.0,0.0002039771119957,0.0004006300238851,0.0017310923634275,0.0136523779457705,8.486699012470861,4.320925182589049,0.5235839546461067,1.2713008782172912,56744.49793281,0.039467305503584,0.3770717790323122,2.7988242321383496e-05,4.047409518173577e-08,2.794776822620176e-05,0.0168776371308016,0.0010814564544796,52.0,0.079835746849135,0.0102361940935421,-0.4682541388595332,0.813131232684402,1.2813853715439352,0.721957869124618,3.0,1.1098737788237694,0.0658871573759909,-0.0030900928288473,0.2128288630616225,0.4392653511922699,0.1613182988409993,-0.0202483083754212,0.057618695717617,7.38905609893065,0.0,,,-1.6590192761863738,0.0,0.0,0.0418799999687332,-0.0584181556059295,0.0129280392615612,0.061141011377965,0.054299299625191,
5BZG J0709+5010,blazar,0.02,242,21,3634.143296559996,0.0558971160075095,-0.0166476108590067,-3.3576659426339246,0.4410000000000007,-0.6827543024478935,1.4623792168861364e-34,1.989948417007527,0.0,1.0,0.0001731175253848,0.0003732890811733,0.0018899407405249,0.0098299430436865,10.917096495034246,5.062941379162977,0.6320207316823154,1.3621293261364391,56745.94780157,0.1222700202973161,20.83800074768883,0.0030408046259489,-2.449066830615503e-07,0.003041049532632,0.0165289256198347,0.0007213198357216,53.0,-0.0425227125765803,-0.0126499727500404,-0.8276628239270434,0.6006190291668294,1.4282818530938728,0.7895137403736234,1.0,1.9674946037646497,0.1213210195899526,-0.0003181701217046,0.4017213553083052,0.8002436050039299,0.2863150163313466,0.0107157279893623,0.3302881909674409,7.38905609893065,1.1648350771590544e-15,0.1167127571248967,0.5144730336379296,-0.9381023590457274,8.663684417811274e-18,4.8315572565377485e-27,0.1234866673806375,0.0570150583276597,0.0373353181400519,0.3335747215758346,0.3270340407606222,
5BZG J0737+3517,blazar,0.21,214,20,3441.9243560499963,-0.0261461151654111,0.0906324106736211,-0.288485266706263,0.9350003999999998,-0.4229848727223315,1.066949569748604e-10,3.9578596291334662,0.0,0.0,0.0001076844340494,0.0005330542049964,0.0011135796005331,0.0125045306686732,10.34113797431965,2.08905508671759,0.4740289626349016,1.3425807624215214,56947.75580094,0.020379337918911,0.0178693659094051,3.150675950326027e-06,-1.08008826017718e-08,3.161476832927799e-06,0.02803738317757,0.0093621594524293,46.0,-0.0313740117451553,-0.0062467436340648,-0.7565376916050855,0.406048315191005,1.1625860067960905,0.8608467516330931,0.0,1.4235750636526006,0.2099860939430272,-0.0047542440385245,0.907331842658338,1.3266359636107352,0.4887867544593547,-0.0075540141624674,0.0167589418576017,7.38905609893065,0.0,,,-1.2755099250607842,0.0,0.0,0.0224172717108021,-0.0316367993501475,0.0070184865220909,0.0184348360433618,0.0152354016887288,
5BZG J0737+5941,blazar,0.041,246,21,3633.958533459998,-0.0393249640127273,-0.0140887061433366,2.791240275199176,1.335001,-0.8101030995452659,1.6493961919742613e-58,3.581725043245994,0.0,0.0,0.0001516724158386,0.0004091002134875,0.0016589643765539,0.0073467508654461,10.937811970905091,4.0551540131359864,0.7070841185821085,1.3628130655459825,56749.04376683,0.0293355823056775,0.4051258304626418,0.0005789444076909,-1.714978589407794e-07,0.0005791159055498,0.024390243902439,0.0023431560301075,51.0,-0.0510605747612087,0.0142092856881345,-0.6937589272513733,0.3145959210639228,1.0083548483152962,0.7444074186708292,0.0,1.9697309354547097,0.2336002421356829,-0.0055896115801084,8.662710606925058,3.521319241542982,0.3242997939580649,-0.0117203521385327,0.5646564136356068,7.38905609893065,1.632896157031126e-15,1.3734683719541156,-0.0028885747649191,-0.6580229628248615,-2.588050048150817e-17,6.95493891172541e-27,0.0299309208206316,-0.0409372875372491,0.0090894249666867,0.5761155933870201,0.5534251617550626,
5BZG J0741+3205,blazar,0.179,206,20,3442.346235730002,0.0067630078284095,0.0107297076666902,0.6303068115643957,0.9720001000000008,-0.2340912995151617,0.0007077066295974,1.4136945526611917,0.0,0.0,0.0002360349289007,0.0010023310905281,0.0022379536091016,0.0143881985142346,9.481450944750168,2.232748867133047,0.6533035574088671,1.311276963006947,56949.00574987,0.0583715414402484,0.2447332547446437,-0.0002804160344322,1.6470467093775025e-08,0.0002804325048993,0.0194174757281553,0.0012603054620092,45.0,0.1118576757124188,-0.0116641447609788,-0.8348504345275201,0.7136475537041447,1.5484979882316647,1.2937752946530552,1.0,1.2660701958277063,0.1314436139762986,-0.0059246721467314,2.785908140628972,1.3604290451846963,0.2491602697750266,-0.0339349335629328,0.0360354338535224,106.23092757470324,0.0,,,-1.4556619348251445,0.0,0.0,0.0633808507853945,0.0079735862296948,0.0197445959327829,0.0391279106171114,0.0331873711765152,
5BZG J0745+3312,blazar,0.22,213,20,3442.46402372,-0.0080168878052054,-0.064256483950335,0.1247638730342276,0.9480009999999996,-0.4400737388169716,1.6789505768552845e-11,-2.450487737624093,0.0,0.0,0.0002723321281764,0.0009565797822633,0.0026738265481704,0.0200739131013286,9.81825595186455,2.7951944991445727,0.5727485157692684,1.3238666943285131,56949.53152802,0.0211326486114016,0.0144576167530726,0.0001912737937361,-5.270690129148286e-09,0.0001912790644263,0.0187793427230046,0.0012603050787191,46.0,-0.0536368945579856,-0.0019368200912311,-0.6630773618984847,0.5766818970220126,1.239759258920497,0.5637666453782773,1.0,1.4269152934999092,0.2014697541889268,0.0064493000297323,1.0605814922123775,1.3234884707612289,0.4206041116804619,0.0352306482843767,0.0143788907623584,146.4037019702345,0.0,,,-1.2024510524080558,0.0,0.0,0.0233417733162292,-0.0097806031223507,0.0073193557045791,0.0158820039496947,0.0130180360243399,
5BZG J0748+2115,blazar,0.263,211,20,3442.399212170006,-0.0193071856016876,-0.1494588728414538,0.1291805915207774,3.4090004,-0.4698556663929086,5.518075016473497e-13,2.8274326177987734,0.0,0.0,0.0003036266410269,0.0012400579508768,0.0016118282556868,0.025463819665003,5.308586377423503,1.2998007498338178,0.4501955369014939,1.102081934511447,56952.36123087,0.0195545937620756,0.0105118794532512,-2.972610440643102e-05,-1.4233091886008725e-08,2.971187131454501e-05,0.0236966824644549,0.0014401993976904,45.0,-0.1152805930403868,-0.0031405990555827,-0.7818979381602098,0.6282116374222929,1.4101095755825028,0.8049516464828689,2.0,1.441323619344655,0.2810473110881594,-0.0120013497789774,0.8356445992393141,2.573394688761634,0.5666631514799467,-0.0592120684339656,0.0276632174031501,259.27533646853584,0.0,,,-0.8794265544896852,0.0,0.0,0.0219760924480071,-0.0243849754149315,0.0069357123662677,0.031088829072991,0.0246150665661053,
5BZG J0751+1730,blazar,0.187,212,20,3442.3718360799976,0.0299133326075965,0.0302297734213039,0.9895321473536272,0.9530000999999988,-0.51627494451859,7.700208506123285e-16,1.9791870926127295,0.0,0.0,0.0003948109358499,0.0017535800371882,0.0045913750592071,0.0141828176796728,11.6293005858459,2.618286567604249,0.8790811579529468,1.3849231068665873,56953.54547337,0.0044115233211454,0.0015335894423111,4.625408423028372e-05,-5.092747243830553e-10,4.62545935050081e-05,0.0235849056603773,0.0014398509240223,47.0,-0.020766025628529,-0.0176401384051656,-0.7280083240914814,0.5688947659007781,1.2969030899922596,0.625720446999645,1.0,1.4595911416284597,0.1757152893371954,0.0034302189689445,1.623971285736989,1.530200235837245,0.3938336955358796,0.0048635382745041,0.0067379469990854,7.38905609893065,0.0,,,-1.2610941130575917,0.0,0.0,0.0048063339065698,0.035507125805217,0.0014992508320334,0.0073409615601819,0.0061844663523015,
5BZG J0753+2921,blazar,0.161,159,20,3442.0822677899996,0.1324803368625159,-0.0166412949799169,-7.960939159025537,0.8719988000000001,-0.4182623203466048,4.1093413914543014e-08,-1.9790206057108828,0.0,0.0,0.0002167113856377,0.0006794422917678,0.0015137328573927,0.0113972975494815,6.9850176351036435,2.227904964859167,0.614099083193258,1.2010659397426724,56952.03104373,0.0572503320650411,0.2076418190011672,0.0001663066551899,-9.680867605061971e-09,0.0001663163360575,0.0314465408805031,0.0007202740588576,35.0,0.0427809306274103,-0.0199711711646324,-0.4543148225573337,0.5249738054560978,0.9792886280134316,0.4519133287632411,2.0,1.5274634830549758,0.186414655763961,-0.0004775592177037,1.858836350533292,1.461935442943899,0.3942377823019289,0.0023471932928107,0.0179848160990747,88.93798804549722,0.0,,,-1.4183808183512112,0.0,0.0,0.0616870667606122,0.1538096710973809,0.0191590965312145,0.0193785871865433,0.0166912895663594,
5BZG J0809+3455,blazar,0.083,194,19,3442.366997680001,-0.0209464806960801,-0.0410170381754883,0.5106775532270819,0.5550002999999997,-0.392007381041757,1.5801211333717083e-08,-0.3298640517968516,0.0,0.0,8.996035002816726e-05,0.0003371418434809,0.0005893024389805,0.0084887397497929,6.550690745927307,1.7479362132810303,0.4359362624250629,1.1779117609837737,56954.00248907,0.0046994423023674,0.007480940335838,-0.000613556067361,-5.261557097864407e-08,0.00061350345179,0.0257731958762886,0.0012603053251156,41.0,-0.0656771285354744,0.0262153368080513,-0.6314993692885724,0.6318889112370618,1.2633882805256342,0.7785317783189658,2.0,1.3879291927838713,0.1095695500808109,0.0076200225533115,0.6227921776723125,0.7291442754569297,0.2534352089523715,0.046785785208371,0.0493472341577662,7.38905609893065,0.0,,,-1.3731462832875414,0.0,0.0,0.0048905820577312,-0.0226850385938548,0.001497661836503,0.0513543272675262,0.0474185847345579,
5BZG J0905+4705,blazar,0.174,213,20,3442.3549068100037,0.0444475273202169,0.0593282577966675,0.749179715887656,1.0900011999999997,-0.1016753406097295,0.1391386248474356,3.6284918251111606,0.0,0.0,0.0001118493152156,0.0001250019041101,0.0009079439687094,0.0152688930823195,8.11756387458916,7.263441048431499,0.2985198700887348,1.2552617083160582,56960.57503838,0.0771616072173246,0.6086280520518703,-9.32494063832036e-05,-1.5514440221937912e-08,9.323389194298164e-05,0.0234741784037558,0.0012599633949288,45.0,0.0329928890918274,-0.0145912987674286,-0.7387323872976425,0.8059614151539016,1.544693802451544,,4.0,1.1417225397077884,0.1288638175830637,-0.0010970953048263,3.3120863420868085,1.4385215501830828,0.2450324775223031,-0.0192230227110659,0.0566110400065299,7.38905609893065,0.0,,,-1.6060017281603058,0.0,0.0,0.0836055895242383,0.0521813970739347,0.0260234881365064,0.0613387867880428,0.0522476889165611,
5BZG J0906+4124,blazar,0.027,233,21,3633.82441976,0.0772551747077667,-0.0084950319257701,-9.094159431397657,0.5159998999999988,-0.6721700490119206,5.448278502987703e-32,-0.6964208333557836,0.0,0.0,6.533017041725328e-05,0.000264028445953,0.0004994920251082,0.0083182464399676,7.645656122927179,1.891811397114474,0.382776485212918,1.2336600791819032,56771.35635016,0.0612541352424541,3.2091027694686147,-0.001865592333927,-8.833173571565548e-08,0.0018655040021913,0.0171673819742489,0.0014415949623571,50.0,0.1909861668116165,0.0166676670925093,-0.4741739815988491,0.8354850131851408,1.3096589947839898,0.8270050672784591,4.0,1.9601579541014056,0.1316019413083945,-0.0051096380283127,0.3418882834383715,0.9237007871506852,0.3058339833751846,-0.0178798896716261,0.2562827814589931,7.38905609893065,6.023919126296979e-16,-1.9833473794736516,0.3228221415607986,-1.0998457378220032,2.0326612543583217e-17,9.230144699380408e-28,0.0620755583911814,0.0793410644248764,0.0187960610220955,0.2597195552943822,0.2528914851941404,
5BZG J0912+5320,blazar,0.102,209,20,3442.383174540002,0.0053791869584387,0.0801276775367564,0.0671326952658919,0.5650005,-0.4672149516159366,9.931195723602929e-13,0.5654838890414788,0.0,0.0,0.0003133235361327,0.0016676766704168,0.0035251380678925,0.0198940153723008,11.250792392272396,2.1138018707772184,0.6984668043919807,1.3729886772990412,56959.4561178,0.0040392099852929,0.0021945013096928,0.0003053618855313,-4.567528032875024e-08,0.0003054075608117,0.0239234449760765,0.0014398511978094,47.0,0.0625130929207717,0.0041142826230276,-0.5236222775257322,0.7744446289840613,1.2980669065097934,0.7478215216195035,2.0,0.9522316636215366,0.0890340876208022,0.0071942242342968,0.3840244480380878,0.5213631562148875,0.2293800490343112,0.0405860011538276,0.2363047579091391,7.38905609893065,2.175583928816829e-16,7.980093676960352,-0.0153061224489795,-1.0410664901184008,-2.7320301072314977e-18,4.4443151197209185e-29,0.0042402086588314,0.0059278640281994,0.0013031812706493,0.2480637263865226,0.22510319998777,
5BZG J0916+5238,blazar,0.19,176,20,3442.4915398099984,-0.0107369751602567,0.0714651704348342,-0.1502406710139629,1.2739991999999989,-0.2117168873458099,0.0047907584962239,1.9792559161125247,0.0,0.0,8.872163250271175e-05,0.0003593529715218,0.0008398025195152,0.0232228016929934,9.465589015440894,2.3369850362491116,0.2489852973326562,1.3106730712650134,56960.57401971,0.0054642702786592,0.0031462182104915,-3.9466967349885265e-05,1.4979265679461597e-08,3.9481946615564726e-05,0.0284090909090909,0.0019802377002028,38.0,-0.0494267490615467,0.003172133916809,-0.8534322230950225,0.9386442313171096,1.792076454412132,0.8522037180129388,2.0,1.193099680416189,0.1938443783260946,0.0043399070886957,5.111708938025715,1.8836782461235209,0.2453366134614432,0.0240907972170327,0.0353230533615845,137.38932673082542,0.0,,,-1.6420396993046522,0.0,0.0,0.0059608151386453,-0.0127770004407055,0.0018602786582653,0.0385329020131441,0.0323805899270118,
5BZG J0932+3630,blazar,0.154,240,21,3633.676055000003,-0.0341015653038923,0.0801262278444518,-0.425598037263071,1.3050003000000014,-0.3116149628005887,8.414337555655998e-07,-0.696392399315538,0.0,0.0,0.000119674046953,0.0006754282988162,0.001112968229276,0.0061852454395387,9.299996518150383,1.6477962643538795,0.747885734310126,1.30430754434568,56778.0028966,0.0587988446690105,0.2350792003059019,-9.467805786684926e-05,-9.515074170523462e-09,9.466854279267872e-05,0.0166666666666666,0.0023424646132958,54.0,-0.0015034699448095,-0.0068744970622495,-0.5939544924515121,0.658507553558126,1.252462046009638,0.6698725867552566,3.0,1.341515534298868,0.1699718717640972,0.0048492094968211,3.643337248884549,2.0195167663100166,0.300242541241204,0.0292002910791149,0.0147811941587574,858.8923951567301,0.0,,,-1.5173264741955768,0.0,0.0,0.0631643013980969,-0.0393532063606917,0.0195944620898803,0.0158786079577446,0.0137596256132969,
5BZG J0940+6148,blazar,0.211,282,20,3442.7781769400026,-0.0021132372724087,0.0858776742950244,-0.024607527972275,0.873001099999998,-0.0219995695832712,0.712993136437516,-0.3770325176662563,0.0,0.0,0.000107733418473,0.000311093524792,0.0008254768238149,0.047695301746743,7.662216866896537,2.65346834754329,0.1395809278447565,1.2344404653206156,56959.32292228,0.1429578164076055,0.7238274308064273,0.0001048700427409,-4.0620412029504614e-08,0.0001049106631529,0.0141843971631205,0.001799988254619,62.0,-0.0964700304485851,-0.0018465883156489,-0.7483526328957155,0.4896824986208916,1.2380351315166072,0.7423138575208298,0.0,1.1361162880217115,0.1304092173511656,0.0110469633458596,1.2986837987072537,1.0140366294910796,0.2884472971707937,0.0357586962224192,0.0975697876364742,7.38905609893065,0.0,,,-1.1183947647784105,0.0,0.0,0.1573185654537605,-0.0025591303368869,0.0492616541976954,0.1073711071441741,0.0886631768325137,
5BZG J0946+5819,blazar,0.147,311,21,3633.4413871,0.0327190197532595,0.0072212772883833,4.53091862375838,3.8640003000000007,-0.5293090476653887,7.440279100123852e-24,-7.411126169444215,0.0,0.0,8.589195107374089e-05,0.000156786703661,0.0003839779092856,0.0074223115736796,4.470475987738858,2.4490463659901245,0.3450624294636488,1.0401071130750736,56771.1621598,0.0506293530796683,0.3919626015514377,0.0002745744356493,5.4930372684321434e-11,0.0002745743807189,0.022508038585209,0.0012613535112827,66.0,0.0564520575528848,-0.0002670472037218,-0.5408223280732237,0.516307556894483,1.0571298849677069,0.7012441160125579,1.0,1.4986995112156851,0.2556946696327937,0.0035918830959061,7.509177778685294,4.825943737695317,0.28687992618877,0.0107113993761034,0.5884538178014845,7.38905609893065,1.867288194435147e-15,-4.111874061622644,0.0763980525094416,-0.3642067912072114,-3.694971506613327e-18,3.6460912679422136e-27,0.0542230680437375,0.0375287156569886,0.016800441740911,0.6302227751762536,0.5494531605721479,
5BZG J0948+5535,blazar,0.118,277,21,3634.0570668599976,-0.0251287940373794,-0.0500667809632361,0.5019055260579149,0.8339996000000003,-0.2818074043568966,1.8797294781448473e-06,1.989901200197124,0.0,0.0,8.88632047560795e-05,0.0002932258874366,0.000554972572653,0.0086971542977461,6.245245913999968,1.8926452081427656,0.4062925994418362,1.160689595846922,56772.41210936,0.047533812878699,0.3306953408965788,4.0494132360381406e-05,-3.2924774791071253e-08,4.0527057135172475e-05,0.0216606498194945,0.0014415947980729,60.0,0.0982139397416461,0.0216207468341767,-0.5711491620072986,0.7325895152194304,1.303738677226729,0.7057978665707213,1.0,1.424490035482445,0.1267731194662801,0.0056542829577922,0.4798689971461057,1.0504927994247568,0.2755795700722836,0.0486124022093552,0.0221110758469235,1050.4686895921343,0.0,,,-1.6852032054209007,0.0,0.0,0.050260123796784,-0.0280939917337902,0.015492503393952,0.0233792608260226,0.0209116823130793,
5BZG J1743+1935,blazar,0.084,300,21,3652.3263850099975,0.0344856774381963,0.0095684863787784,3.604089097590282,0.3779993000000008,0.0468904009706381,0.4183884647985447,0.1999904933612592,0.0,0.0,3.296211547677505e-05,0.0002153132651005,0.000251765373963,0.0234920793050982,7.638022095468957,1.1692980117885432,0.1197961193734192,1.2332997747906278,56733.26036914,0.0122391740439731,0.1032775203682788,0.0002416825120466,-7.828194627010483e-08,0.0002417607939929,0.0166666666666666,0.0014422905407178,66.0,-0.0297522947815029,-0.0097269413456621,-0.7109681020864399,0.5320933328005333,1.243061434886973,0.6353623794623412,1.0,1.2406877528358051,0.0612922816146424,0.0005958936052931,-0.0459933379538558,0.4204208727196521,0.1475306416309068,-0.0027093468971519,0.0622067102434106,7.38905609893065,0.0,,,-1.815245908028132,0.0,0.0,0.01274285530429,0.0373824743430048,0.003903044631551,0.0647667158535114,0.0597478928537928,
5BZG J1750+4700,blazar,0.16,612,21,3653.0431708000033,-0.0438952442789889,0.1711278702138363,-0.2565055255122312,2.8249999,-0.4044230957551527,1.744323452854464e-25,7.001040984421635,0.0,0.0,5.847288384420992e-05,0.0003209601719357,0.0006144357311066,0.0185857445013838,10.508045442665068,1.914367522570245,0.2428284198692663,1.3483556104633028,56732.79431262,0.0018113639030078,0.0001295527509072,-0.0001016283145932,5.285869959070574e-09,0.0001016336004631,0.0065359477124183,0.0012616991375763,132.0,0.0013422046431702,0.0035018905422468,-0.6735946267609121,0.5498374944686943,1.2234321212296064,0.8381581224804899,1.0,1.376239274206796,0.2257056703740806,-0.0012140561874877,3.667431352199188,3.560213240618302,0.3845474131175421,-0.0075737381654565,0.0461758809827654,7.38905609893065,0.0,,,-1.2584042432021143,0.0,0.0,0.0019508986286783,-0.0509184833636272,0.0006058174520603,0.049732945841364,0.0428732291735896,
5BZG J1757+5523,blazar,0.065,601,21,3654.5355770000024,-0.0074850556419439,0.0026215879970455,-2.8551609369509863,1.3229989,-0.4799463635421625,5.950558825423019e-36,-0.7003901174264207,0.0,0.0,5.0209740288284144e-05,0.0002470476024038,0.0004010933035817,0.0095096303978106,7.988356308764759,1.6235466284853803,0.3093980496444099,1.2494746717706997,56735.09747192,0.014300984743225,0.1203479045882974,-2.2095880545929365e-05,-3.1522872448335084e-08,2.206435767348103e-05,0.0066555740432612,0.0014422904038441,132.0,-0.0477830514514833,0.005716791561624,-0.5640505586359337,0.2763460327666784,0.8403965914026121,0.6654691985581801,0.0,1.7442535942888622,0.1236737010171233,-0.0020407808612516,1.0547173008624842,2.037536948552464,0.2526282698758775,-0.0096229509195366,0.0501571387910241,7.38905609893065,0.0,,,-1.7038655425315454,0.0,0.0,0.0147584499635511,-0.0079715842586703,0.0045036669160831,0.0517615840065071,0.0486024262971898,
5BZG J1804+0042,blazar,0.07,175,21,3652.1935849200017,0.0556877668077505,0.0553955183095704,1.0052756704350505,1.2949991000000018,-0.8129520064033279,1.7591990298549006e-42,1.3498867459663253,0.0,0.0,0.0001690761817106,0.0006055746349264,0.0013003160837686,0.0118975851677638,7.690711151163919,2.1472433068128747,0.5473101799213507,1.2357792524516098,56741.56011804,0.0947886605725299,2.9208596005390803,0.0002976381224154,-2.1427124141708378e-08,0.0002976595495395,0.0228571428571428,0.0082922101300377,39.0,0.048901748709627,0.0177514333036573,-0.5737415821040411,0.5367710115591979,1.110512593663239,0.7435699702260488,2.0,1.6704582518065392,0.1576145671895119,0.0043589333122114,-1.216401946898386,1.4666161397323472,0.3450805571467246,0.036692013330748,0.2876870999982896,7.38905609893065,6.153480596427406e-16,1.678305125203691,0.1721242653232578,-0.8819612750193971,-3.901045042994779e-17,6.175080413650781e-28,0.0980501529078547,0.0595859104842931,0.0299504058265008,0.2975858501858005,0.2781176169960752,
5BZG J1838+5735,blazar,0.164,622,21,3651.8782735299974,9.288288292454487e-05,-0.0420931182436122,-0.0022066049463712,1.5390005000000002,0.019469234190447,0.6279384590425672,-0.3999319122277889,0.0,0.0,6.28650112044096e-05,0.0003319695983192,0.0003900146273037,0.0390451830535136,6.204001456892671,1.174850432399624,0.1148922848507595,1.1582997572157077,56771.30439583,0.0490038302196274,0.1873308176842879,0.0006066978434923,8.712757051478017e-08,0.0006066107159217,0.0064308681672025,0.0014415949349665,136.0,0.0774521480745658,0.0065294002724735,-0.1042470476985829,0.5826649796824577,0.6869120273810405,0.2388798346767895,1.0,1.1637943844825347,0.1109821689432291,-0.0044318718773461,1.3900988664286955,1.576191478581944,0.2326814845642169,-0.0180557531174514,0.1431110878281616,7.38905609893065,0.0,,,-1.168482662311635,0.0,0.0,0.0528696598995104,0.0001081156757241,0.0164288896742158,0.1544008806538836,0.132646804685467,
5BZG J1958-3011,blazar,0.119,102,20,3650.9963360300026,0.0067629557479758,0.0769688313886807,0.0878661612234168,0.2569999999999997,0.2178266440245045,0.0278559767028709,-0.2998764957724848,0.0,0.0,7.152046359862223e-05,0.0003690164953981,0.0030228531835696,0.0510855241211883,42.26556972936487,8.191647834377628,0.2642421645214496,1.8503527481455204,56946.67151848,0.049243219531116,0.8049132733301617,2.8208490301044963e-06,-4.4306987918116594e-08,2.865156018022613e-06,0.0588235294117647,0.4979249884736474,19.0,0.1729899460235591,0.0132816046745717,-0.557777356536088,0.9315562333350712,1.4893335898711593,0.8757975820292784,5.0,1.140251835261149,0.0540276587190032,0.0040149907276122,0.1879488251587746,0.2716117679866774,0.1410680766815109,0.0189743963495034,0.0774853969325308,31.571951362810328,0.0,,,-1.7316521273834442,0.0,0.0,0.0520908546243451,0.0075677474819849,0.0160597382972025,0.0819662196248496,0.0732495260275689,
5BZG J2003-0856,blazar,0.057,157,21,3649.2174181999944,-0.0241485092015468,0.1021477705723128,-0.2364075991697886,0.6150008000000007,-0.6443350506258476,8.671216473984749e-20,-5.495057029459265,0.0,0.0,0.0001238836494003,0.0004266130605646,0.0014070507923884,0.005963976982103,11.357840908315206,3.298189669176411,0.7430136095298705,1.376404176198606,56772.56734076,0.0056587287723513,0.0091751124309767,-0.0001790532635503,-6.395175211775562e-08,0.0001789893117982,0.0254777070063694,0.0016218563449538,34.0,-0.0665954082812566,-0.0058098742857454,-0.7710483717849863,0.5308345426181567,1.301882914403143,0.7434535075371573,1.0,1.8626367301598623,0.1352664697096518,-0.0073279022021144,-0.7000702920536327,0.9630934326558036,0.318383915150247,-0.0365241289901208,0.2456513739077295,7.38905609893065,2.455506078917356e-16,2.280614916188854,0.3319057815845824,-0.8763686013469856,-1.3332781585985053e-18,1.1008918466732188e-28,0.0058177676443995,-0.025524974226035,0.0017725078989,0.2525554187904353,0.2389360631886806,
5BZG J2042+2426,blazar,0.104,180,21,3652.2098520299983,0.0698291203983002,-0.0531977077313414,-1.3126340095507616,0.3569993999999994,-0.073917338469436,0.3240614740392257,-2.249821264084188,0.0,0.0,6.712210958431065e-05,0.0001258608666501,0.0005175958637752,0.016658188344594,7.711257278257387,4.112444745048181,0.2019342809413445,1.2367415264072656,56791.51561197,0.0380518725221406,0.658947218945645,-1.1400413434425605e-05,4.9659198149054113e-08,1.1450072632574658e-05,0.0277777777777777,0.0019819730595404,37.0,0.0443180678147405,-0.0333707202759152,-0.9909466328417866,0.6070162722791917,1.5979629051209785,0.6624281352912333,4.0,1.3395353984484804,0.0752862836712261,-0.0017736179018736,0.419586160156508,0.4566929810692128,0.1894142607949249,-0.0068333039763364,0.0454167433524028,7.38905609893065,0.0,,,-1.7929972860285324,0.0,0.0,0.0399816368186087,0.0770913489197235,0.0122924951453708,0.0477200100242947,0.0432246467611365,
5BZG J2049-0039,blazar,0.257,199,21,3652.245628049998,0.1796885254514762,-0.2421669170090643,-0.7420027792018777,4.887999499999999,-0.6239514193212731,7.22136327254136e-23,9.199359282151944,0.0,0.0,0.0027378332992469,0.0126978494143818,0.0258344043845893,0.1787796842278907,9.436076470491974,2.034549594933312,0.6394152007619263,1.309546777590492,56785.33413051,0.1394129083871198,0.0447902543378946,-0.0002533485331109,-8.648098560518871e-08,0.0002532620521253,0.0201005025125628,0.0027026005749368,43.0,0.0376844011043489,0.0043431841102093,-0.785487714808179,0.7366667070038342,1.522154421812013,0.837064112884661,2.0,1.3863896594772072,2.441498668065172,-0.0643776962929919,12.269761355461467,33.73530509376949,0.98018945448562,-0.2790422180361438,40.56741625651696,7.38905609893065,1.2440044151549606e-12,2.6422900848799418,0.433771270963698,3.548718574544383,-8.486732952404829e-14,2.0575509481804472e-22,0.1563041921842438,0.2258684764925056,0.0492868628576636,45.482569012688835,36.18342801327671,
5BZG J2054+0015,blazar,0.151,201,21,3652.0774229900057,-0.0188257076728467,0.0188912310778874,-0.996531543933236,0.5689992999999998,-0.0643942810216323,0.3637748523766954,6.499247980680365,0.0,0.0,8.530868650703529e-05,0.0005156274565547,0.0009386953559524,0.0585663841922042,11.00351421858445,1.8204914075056216,0.1403711369660344,1.3649731126807765,56786.32111766,0.0329342559865638,0.0684153245287842,7.784708336318852e-05,3.1608360476958293e-08,7.781547500271156e-05,0.0199004975124378,0.0010811081451157,41.0,-0.0034470090108928,0.0237701968443509,-0.9133682369957268,0.5634643758732321,1.4768326128689588,1.018477990516021,1.0,1.1730695405981684,0.1076072861903802,0.0002272995097377,0.4100403812293098,0.6255651287813028,0.2714197446266928,-0.0081632213787499,0.0603406330041942,7.38905609893065,0.0,,,-1.4732086771891877,0.0,0.0,0.0353334072120731,-0.0216683895314465,0.0109552644271763,0.0647362478217593,0.0562434820345432,
5BZG J2103-6812,blazar,0.041,294,20,3470.163213369997,0.021546304739707,-0.0053421157893409,-4.033290476911463,1.1370000999999998,-0.5465791697504739,2.663002722537776e-24,7.17309575932744,0.0,0.0,0.0001634691118012,0.0003760393011551,0.0015940277132757,0.0210843572422786,9.751247106929084,4.238992318462834,0.3731080701194136,1.3213966851963344,56944.88891911,0.0671566591917074,6.375503611377143,-0.0004109354863193,-1.3248699213796711e-08,0.0004109222376201,0.0238095238095238,0.0018003371937093,62.0,0.0130226802328206,-0.0263286644824799,-0.5468876791334185,0.6638140646880131,1.2107017438214316,0.4779742737628603,2.0,1.8749923460129752,0.1558327396133632,-0.0051482469278853,-1.2892525243626047,1.6750556576610798,0.2856891761472326,-0.0185995841720603,0.2049815914602656,7.38905609893065,3.552713678800501e-16,1.104388868766947,0.3986522198677297,-1.174533728846988,-3.071154334793243e-17,2.750054111375696e-28,0.0685195414872033,0.022429703234035,0.0208080210706517,0.2091415033032041,0.2009044220011567,
5BZG J2133+2528,blazar,0.294,289,21,3649.345554569998,-0.0058807176424294,0.0165266258248812,-0.3558329271045706,1.4400005,-0.2013040321773802,0.0005760533789378,-0.4995681799548252,0.0,0.0,8.325729635847912e-05,0.0001912906854016,0.0003309498029977,0.0462165596609502,3.975024574395782,1.7300884283666749,0.0815819601862105,0.9977409459531704,56807.57199734,0.0758452647583827,0.1698740446590622,7.077814072864887e-05,-2.4039754675214746e-08,7.080218048332409e-05,0.0138408304498269,0.0012613486105244,60.0,0.0655535401144202,-0.0127830389698264,-0.4120933545642181,0.5439994860301984,0.9560928405944166,0.4745858008322359,1.0,1.1045420361762004,0.1726366690437593,0.0033675949833312,4.840229977542089,2.2107605954806284,0.3344249901561055,0.037226777444711,0.0601703708996325,230.4172919047468,0.0,,,-1.2771552361402991,0.0,0.0,0.0862771140977276,-0.0076096486293037,0.0273493029219853,0.0684462764016711,0.0528951131388493,
5BZG J2140-2339,blazar,0.313,148,21,3651.9970694499934,0.0762467710475829,-0.2199500832440991,-0.3466548860677846,2.024001199999999,-0.4431937659546686,1.6913897844731256e-08,-5.999173830718674,0.0,0.0,0.0001578295482282,0.0008881119523919,0.0031106814795217,0.0107236044787335,19.709119710045393,3.5025781013768293,0.7797302727936255,1.5751978591265263,56789.94540894,0.0263568033731744,0.0269649073108765,-1.5744680569028908e-05,-1.7381085515059933e-08,1.572729948351385e-05,0.0405405405405405,0.002342460533879,30.0,0.1651530258662316,-0.0115585749911736,-0.4701251114636607,0.7686191357363156,1.2387442471999763,0.846437046093195,6.0,1.5248400164923444,0.288927129102933,-0.0053545891910976,0.3391365584090647,2.2211153242705635,0.6451603058690973,-0.0431140528945999,0.0234945201333401,131.0873415804129,0.0,,,-1.1574357888972593,0.0,0.0,0.0302012626120252,0.1001120103854763,0.0095985055462366,0.0269214806683538,0.0205037933498506,
5BZG J2143-2845,blazar,0.172,151,21,3651.8955809699983,0.0265142079541955,-0.0236068333227086,-1.1231581801651536,0.7089996000000003,-0.3343626992691663,2.71682074537934e-05,0.8498593412250509,0.0,0.0,0.0001214277835743,0.0007325551877582,0.0013855772732867,0.0082750818561114,11.410710309374815,1.8914305632527737,0.6926874433534957,1.3780791742971332,56788.76180281,0.0180948411275319,0.018581710746773,-0.0001716459518601,-1.2266081744506114e-08,0.0001716336857783,0.0264900662251655,0.0019819734702211,33.0,-0.0617618720559907,0.039321970936952,-0.6912709829052348,0.9674135985920748,1.6586845814973097,0.8779585965376429,1.0,1.4052891562881649,0.1578770852261292,0.0076680438128269,0.9475119379515942,0.9579376117643584,0.3573219533621261,0.0519736000988051,0.018164479501424,7.38905609893065,0.0,,,-1.420043317288363,0.0,0.0,0.0195892847956399,0.0310746517223171,0.0060954249417385,0.019664674567192,0.0167787325658635,
5BZG J2145-0434,blazar,0.07,166,21,3652.204396169997,-0.0167180398959473,-0.0300604576979034,0.5561472171833679,0.3470001000000007,-0.5297694953934886,2.1484179428432745e-13,0.7999352544657077,0.0,0.0,4.853340379824632e-05,0.0001574117073241,0.0006373826692366,0.0100830495659402,13.132865330307334,4.049143967895448,0.3250301784490911,1.4287774537802096,56977.77446369,0.0173440152188463,0.1982827865966001,-2.556421045576133e-07,1.9132231025173845e-08,2.7477433558278717e-07,0.0301204819277108,0.4978618955236147,34.0,-0.1108324331018385,0.0185679251846087,-0.8036633032366132,0.9644976599893272,1.7681609632259403,0.7642163873033744,3.0,1.695672682560325,0.0992113444387723,-0.0053770421039878,-0.1159603113774925,0.5291495112852977,0.269490265879414,-0.0161273680598552,0.1425419201117841,7.38905609893065,0.0,,,-1.432220554178632,0.0,0.0,0.0179407888451256,-0.0178883026886636,0.0054801944803089,0.1474465086680421,0.1378004753906936,
5BZG J2147-1019,blazar,0.08,120,21,3651.719102709998,-0.0316362846731628,0.0011941921112813,-10.0,0.8070001000000016,-0.4660311996657222,8.134884194321129e-08,-4.249091358389457,0.0,0.0,0.000215756044639,0.0009782367175796,0.0027077525476736,0.0051989894097557,12.550065698752377,2.7679931618239833,1.0089814086768356,1.4124057530069432,56795.20763733,0.0679274265074351,1.3151937388398576,-0.000278673192115,-2.6219073665202712e-08,0.0002786469730413,0.0333333333333333,0.0009008645585253,24.0,0.175120417903457,0.0057754879891501,-0.9304516666316344,0.9274344464989376,1.8578861131305715,1.5426998990952852,7.0,1.8027069278488848,0.1813436211383259,-0.0107754380282115,3.212432821404258,1.6422047720789712,0.3809969439104765,-0.0517393533011809,0.0850139395539281,7.38905609893065,0.0,,,-1.2657010696540043,0.0,0.0,0.0705922523629671,-0.0341671874470159,0.0216052238103927,0.0883490775953958,0.0818047014772183,
5BZG J2147-1608,blazar,0.104,96,20,3652.027385469999,-0.0389301438329654,-0.010892775146468,3.573941746662091,0.8439998000000024,-0.343920430402076,0.0006016676371311,-1.8497606196083496,0.0,0.0,0.0001409471729128,0.000716848918828,0.0024276213681548,0.0058051406579862,17.2236257085673,3.3865174390400594,0.9039013581422116,1.5265792422075517,56793.89249301,0.0330761063154225,0.103118452305094,0.0001202068364866,-1.4000868036500642e-08,0.0001202208373546,0.0416666666666666,0.0027022464613208,20.0,-0.0239451800421823,-0.0050551503936865,-0.8663558536971228,0.9671950372966726,1.8335508909937952,0.9975548201188869,2.0,1.6671613240732033,0.2019023329250596,-0.00622942962702,1.6364871497866884,1.4710408087205864,0.4131779898372842,-0.0322739257561583,0.0238151919310898,130.7645957942271,0.0,,,-1.729657713131121,0.0,0.0,0.0347535293908978,-0.0429788787915938,0.0106850950915366,0.0250229565969525,0.0226657215552106,
5BZG J2150-1410,blazar,0.229,106,21,3652.1284930300026,0.0680122989462038,-0.0665040807942375,-1.0226785805315122,0.8419999999999987,-0.320252256865537,0.0008177858783357,2.9496999464581815,0.0,0.0,0.0003439822755654,0.0016971450391882,0.0038451428944531,0.0168999574387444,11.17831689715527,2.2656536733163146,0.778653564226346,1.3706577688277355,56794.61602612,0.0125320391922782,0.0094545852793789,-2.454365148194897e-05,-1.4983293131265844e-08,2.4528668188817705e-05,0.0471698113207547,0.0018013803696152,22.0,-0.0387281496621016,-0.0550334129059201,-0.9374476507139624,0.7963718496113859,1.7338195003253485,0.6891684824094986,3.0,1.205203626022857,0.1477578739473218,0.0067634796926648,0.7998657027637055,0.9561872415859975,0.3157661224658807,0.0282190429390021,0.045090018932975,329.6905837211814,0.0,,,-1.3402008586529517,0.0,0.0,0.0138930527877548,0.0835871154048845,0.0043625290214209,0.0499869178212176,0.0406728379342698,
5BZG J2239-0631,blazar,0.264,173,21,3648.620371019999,-0.0349702205790651,-0.1478084343875998,0.2365915093002227,0.9179993,-0.339847242651385,4.773931867879009e-06,3.945804371123613,0.0,0.0,0.0004047544288539,0.0019513241037831,0.0051929973504477,0.0705041982580979,12.829995096832183,2.661268488263182,0.3916946802753043,1.4203621785615352,56988.1595308,0.0657151034948771,0.0854624746114544,0.0001088082187554,2.3481896682645162e-08,0.0001087847368587,0.0231213872832369,0.4870178315674243,37.0,-0.0696969452275857,0.0202070697431094,-0.8375386981508504,0.5482404629810723,1.3857791611319228,0.8932163275060914,2.0,0.8748915629994286,0.1169702959979415,0.0066457897353863,0.5027280425390565,0.7313154698582428,0.2865084311365428,0.0320230006441197,0.0603948223553005,1147.618132934337,0.0,,,-1.0072973663236915,0.0,0.0,0.0738820152795036,-0.0442023588119383,0.023320740833546,0.0679005426569109,0.0537187837475561,
5BZG J2248-0036,blazar,0.212,178,21,3652.102305890003,-0.0917308837742621,-0.1143662959596518,0.8020796949358626,1.0750007999999998,-0.3267489580580988,8.52875080235705e-06,-2.949678795996032,0.0,0.0,0.0002669077516499,0.0008600574059851,0.0024603693052144,0.0128320960638313,9.218051108622047,2.8607035823795917,0.6985292744769693,1.3011154417927009,56814.55226689,0.0435374479362428,0.0645756180570984,-0.0006626259280624,-5.37228955431088e-09,0.0006626205557728,0.0224719101123595,0.0012610000547639,40.0,0.079203506415056,0.0270190878656328,-0.5381318901779941,0.9217789495761028,1.459910839754097,0.9541455043024888,4.0,1.2934970929056615,0.1726134413522191,0.0061999427651247,1.2593414850461726,1.3502295511771938,0.3760115309514316,0.0152690177073391,0.0247564991931097,7.38905609893065,0.0,,,-1.07849000381808,0.0,0.0,0.0479307558863292,-0.1111778311344056,0.0150110643258105,0.0272546457284939,0.0224873314591534,
5BZG J2256+2618,blazar,0.121,194,21,3837.23744338,0.0170710611348772,-0.0499906901579144,-0.3414848060899304,0.5279997999999999,0.036135583179098,0.6169193195221916,2.9416193953357967,0.0,0.0,4.415799552365676e-05,0.0003181068063889,0.0019984605848372,0.2180757319503048,45.257048375521315,6.282357178209769,0.0644359131029925,1.8750176479984129,56642.13665935,0.0736868741434587,0.3504005430594371,0.0006453727759769,1.9100141752910785e-07,0.0006451817745593,0.0206185567010309,0.0007216693771278,40.0,0.0486078643291164,0.0022488127944339,-0.982512048546513,0.7819130391731619,1.7644250877196748,1.213258222247943,2.0,0.8833033549663893,0.0667887948071616,-0.0083696102377821,0.66842168207148,0.4435136670238047,0.1565544511074149,-0.0450086324164556,0.1844564164660395,313.47017396248685,3.216310031859887e-15,-0.4603872190972495,0.2020231190515981,-1.5666880014825606,-1.5987836310877823e-16,1.09417294947149e-26,0.0780176635575497,0.0191366595321973,0.0240617611437007,0.1952974503011436,0.1742171724363458,
5BZG J2308-2219,blazar,0.137,57,20,3648.549189679994,-0.0210287838940374,0.1102743427112013,-0.190695164233352,0.6020003000000003,-0.4644231014346118,0.0002734891054856,1.9978366541711128,0.0,0.0,0.0007541208210542,0.002056326011267,0.0020052985798154,0.0076697165108249,2.6591210866620907,0.975185144696342,1.059640063735196,0.8527373686184181,56988.55084367,0.0030347808551075,0.0003920877538341,5.251552446765142e-05,-6.527493725917601e-10,5.251617721702401e-05,0.0701754385964912,0.4873598507323578,11.0,0.1750488688735903,-0.0212189411541075,-0.4707572071324635,0.7325466689114892,1.2033038760439527,0.6801335827296895,2.0,1.472579668208192,0.1562648814430266,0.0040364879410137,0.1179198209683651,0.827080266389963,0.3857974126817878,0.0309072459908339,0.0067379469990854,7.38905609893065,0.0,,,-1.4110051869666584,0.0,0.0,0.0032359929591094,-0.0239097272875206,0.0010008844497914,0.0071846865025514,0.0063189854903706,
5BZG J2310-4347,blazar,0.089,149,21,3652.148881649998,0.0226146681085372,0.0101015980420355,2.238721835340447,0.6769990999999997,-0.5041942723515347,5.5463925863592966e-11,-2.9497164136529763,0.0,0.0,0.0001029099648993,0.0003387782994345,0.0016907810277776,0.0064537400032662,16.42971128210085,4.990818554815287,0.7151459729297457,1.5095588059739664,56801.46577317,0.0423790272903359,0.5973142970359089,-3.682286923341065e-05,-3.164196901066341e-08,3.679122726439999e-05,0.0335570469798657,0.0093680695961648,31.0,0.024007673902497,0.0171256913629375,-0.9122657237503848,0.8474938915641363,1.7597596153145212,1.3229616414247012,3.0,1.591980442008146,0.1257735924633494,-0.0021350592773189,0.2421396204753592,0.9431987346135868,0.2674569500810759,-0.0200955758700287,0.0225771937548021,132.49645578974432,0.0,,,-1.2804103267132465,0.0,0.0,0.0442247029157655,0.0246273735701971,0.013558679879153,0.0235604672952343,0.0216349561939709,
5BZG J2319-0116,blazar,0.284,200,21,3652.044891940001,-0.0254482499011338,0.0063278093185782,-4.021652458208346,2.4900006999999995,-0.4139109726841343,1.1127387083654668e-09,-3.499563893713894,0.0,0.0,0.0003230630778922,0.0041363559233391,0.0050037958158675,0.030687911232712,15.488603132937502,1.2097111340018578,0.7379062702934835,1.4882837832916436,56821.2642328,0.0073946709954306,0.0018345647468748,-3.7167406126504624e-05,3.3033351896783566e-10,3.716773646002359e-05,0.025,0.0012609998904797,42.0,0.0272922834632679,0.0120317744097539,-0.8226482652910975,0.7184287447689128,1.5410770100600102,0.9684669513482658,3.0,1.219041976962489,0.1966052294531802,-0.004574410345945,0.472596808106389,2.030122550239253,0.4173059697520271,-0.0275677081419836,0.0339849577862813,7.38905609893065,0.0,,,-1.1048748850736818,0.0,0.0,0.0083791770672168,-0.0326755528730558,0.0026524396436925,0.03850962119736,0.0299919168203738,
5BZG J2319-4206,blazar,0.054,11,10,3648.982894239998,,,,,,,,,,,,,,,,,,,,,,,,,,,,,,,,,,1.720052406935726,0.0947970734762494,0.0090005584160325,0.4451978968781955,0.3548682415067201,0.2369202281554896,0.1001872153067264,,,,,,,,,,,,,,
5BZG J2322-4220,blazar,0.09,95,21,3648.64697863,-0.0095427529921226,-0.010862455104552,0.8785079340050486,0.264000900000001,-0.242737244663985,0.0177806812385737,-2.597257260626421,0.0,0.0,0.0002094060340306,0.000493166160109,0.0033103312913659,0.007753412195492,15.80819430959337,6.712405579331043,0.8363010278582595,1.495650170160766,56982.36819154,0.0141258512479755,0.0928325899479984,0.0004180670901594,4.290382124519417e-08,0.0004180241863382,0.0421052631578947,0.4869968551129385,20.0,-0.1730339780806684,0.0059994076896152,-0.9993230038376684,0.5455260163330327,1.544849020170701,0.8531683746288533,1.0,1.5517509838833348,0.0882990243481836,-0.0069434304797535,-0.0853597535435689,0.374176771755853,0.2211212999131806,-0.0309615374751623,0.0368840371590342,7.38905609893065,0.0,,,-1.6873179437125136,0.0,0.0,0.0147478216728141,-0.0104016007614136,0.0045223388151965,0.0385080653226363,0.0353285002959966,
5BZG J2322+3436,blazar,0.098,222,22,3839.8706275700024,-0.0763546118822932,0.0880057875363833,-0.8676089836787925,0.7880001000000014,-0.1934000247606458,0.0038195955538385,-1.4192540307240251,0.0,0.0,0.000162550348324,0.0004770231796583,0.0012813030768737,0.0090518538736547,7.882499682108642,2.6860394396459193,0.6082407517398927,1.24466330196312,56652.48276275,0.0180679050657026,0.1118518172822609,2.344660659926135e-05,2.0946802466854327e-08,2.3425659796794494e-05,0.0225225225225225,0.0012630981519534,48.0,0.114455937492529,-0.0073535731952735,-0.631281688044657,0.701974074595124,1.333255762639781,0.8648906470033746,2.0,1.3882608040018265,0.1134130915475968,-0.0076036506193479,2.5497096738132723,1.2023167172983895,0.2411346049180021,-0.033168706921401,0.0427634895688946,7.38905609893065,0.0,,,-1.6371356654245743,0.0,0.0,0.0189325437916472,-0.083837363846758,0.0058143509319605,0.0448099343007735,0.0408105048276626,
5BZG J2341+0018,blazar,0.277,161,22,3837.147289279994,0.0488550184396396,0.0159737763350018,3.05845139026945,0.5559996999999992,-0.4910078856523869,3.7717069800817973e-11,2.416273447048319,0.0,0.0,0.0001323601488671,0.0003883731436164,0.0010424953457994,0.0101326718236074,7.876202519002788,2.684262185092994,0.5035709731783645,1.244375052197377,56641.3407965,0.0663325044630457,0.3750829371255217,-0.0001062036703213,-5.6860420307256976e-08,0.000106146809901,0.0248447204968944,0.0010825040657017,36.0,0.0474096398500572,-0.0067401070431194,-0.6368496350380488,0.973182289883577,1.6100319249216255,0.3407808181875245,4.0,0.8662099816034943,0.0759942157970744,0.0023703191933896,1.561650676354373,0.4864205338340481,0.162581064823994,0.0231769557329899,0.0533361000048555,1929.2592815001915,0.0,,,-1.023393997476097,0.0,0.0,0.0749586650523483,0.0623878585474198,0.0237047848232064,0.0602721529637078,0.0471982403787845,
5BZQ J0451-4653,blazar,0.602,323,21,3635.498836030005,0.0430734509402152,-0.014328689381406,-3.006098450016683,1.6859998999999988,0.0096283177936708,0.8631425733038864,6.818115544642171,0.0,0.0,0.0006223851403531,0.0024538755177782,0.0134881469846674,2.293164486523043,21.67170468649538,5.49667123757883,0.0466691397407668,1.6094351836572984,56701.61067682,1.2075352524513003,1.0277297856077168,-0.0001786950929542,-2.6585569510671993e-07,0.0001784292372591,0.0123839009287925,0.0009018898288821,68.0,0.0112625783541316,0.0341812800450844,-0.9199431951728648,0.8481095317455586,1.7680527269184232,1.1323252922680591,3.0,0.6831683558892601,0.1377590647858404,-0.0039231360573468,2.886177264153656,1.4522805657685716,0.2578420216991045,-0.0161886648826631,0.6916865462634969,19.406745491033945,7.781578444298102e-15,-3.3664296982201485,0.4746152441293235,-0.2616204236529732,4.654585219384749e-16,9.34866738159943e-26,1.5283790433763564,0.0690036684062248,0.5014981959624666,0.8754686206870257,0.5464847819519512,
5BZQ J0453-2807,blazar,2.564,191,21,3634.338556999995,-0.0395744539848777,-0.0209197981849563,1.8917225508100823,1.0939998999999982,0.1868653077437602,0.0096417892047668,0.0995027667898698,0.0,0.0,0.0007523821731459,0.0016204087331216,0.0096557968715417,0.9056358313767626,12.833633229684766,5.958864987712842,0.077962322901832,1.4204644383539793,56711.23054336,0.0919987008741351,0.1132613911311497,0.0001644714380995,5.47089513372976e-08,0.0001644167291482,0.0209424083769633,0.0023442021628909,39.0,-0.170116160048936,-0.0159801165899293,-0.8521326069738004,0.7228471933463478,1.5749798003201485,0.5693432103972791,1.0,0.7213686234270363,0.0896253490063816,-0.0025983924615655,0.4215790464876032,0.6836575119367352,0.2039661821664523,-0.024819120785912,0.368040546725108,26.41056808867013,3.4151979363149865e-15,0.607632863340025,0.2971958462215676,-0.8079106991704893,2.1254341699663286e-16,6.971066979563339e-27,0.1736802926945136,-0.1410433540021043,0.060658941915679,0.6948075274032122,0.1949516070154916,
5BZQ J0456-3136,blazar,0.865,187,21,3634.789715909996,0.1461664915437556,0.2070826473402897,0.7058365025803768,1.407000700000001,0.0691664853356843,0.3468983280307297,-5.125028620653382,0.0,0.0,0.0025911602043387,0.0117223151023388,0.0583467440272096,2.8715080400571504,22.51761350262883,4.977407919242079,0.1302754016224082,1.6232455071104643,56711.16407304,1.2539879823668074,3.261231678502077,9.916107597751158e-05,3.944321687452449e-07,9.876664380876632e-05,0.0267379679144385,0.0021639594798141,39.0,-0.1703702179694498,-0.0148765952305252,-0.961979625069506,0.8479364316646015,1.8099160567341075,0.6735475595012516,4.0,0.7064882138260286,0.0849351595358632,0.0047816349242138,1.5158610143590183,0.8759330101320921,0.1506695492067329,0.0235784323747392,0.7611484524103913,28.356609721431298,2.1809677515055043e-14,-2.3302313647270125,0.0327028471737816,-0.7242614279480011,-4.334581752098021e-16,7.546915547916915e-25,1.7125087237008465,0.2726005067291043,0.5732287878283925,1.0394624056316604,0.5573524963172442,
5BZQ J0456+0400,blazar,1.349,202,21,3633.950573950002,0.0174626644073204,0.0472929914420164,0.3692442341849015,0.4710006000000017,-0.5009872795639221,3.116888439805071e-14,2.0395889600540738,0.0,0.0,0.0001377021740743,0.0010427309744182,0.0025753137377685,0.0120220378779794,18.70205562386941,2.469777726451012,0.7239391325558958,1.556281236782809,56717.29589679,0.0948607779972639,0.5208937374190878,0.0001255783222053,-5.465049723673525e-08,0.0001256329727026,0.0297029702970297,0.0023442014236814,44.0,0.1140105567280233,0.0129561391036604,-0.6184085827111031,0.785213139013015,1.403621721724118,0.7976153058228079,5.0,0.5708087416531962,0.043459541139447,-0.0010900321081749,-0.0857949373842371,0.2440190275364315,0.1127585549864882,-0.0060981920491035,0.0781213838818989,5490.4134968057015,3.0767402982137023e-16,-5.510377588549163,-0.0310880829015543,-1.4221040269587968,-9.769645445131329e-18,4.6044977284795697e-29,0.1453878755538999,0.0410197986927957,0.0497938592781803,0.1197323306609141,0.0509716179910234,
5BZQ J0503+3403,blazar,0.149,157,21,3634.307640049999,-0.0823025291107178,0.0595847758612273,-1.3812677470231651,0.6090001999999988,-0.5012306112546341,2.2911536910504777e-11,-1.7412836057734424,0.0,0.0,0.0001569873568535,0.000520729032852,0.0017889313676788,0.0153583312937532,11.395384903208562,3.4354361892315723,0.5039517088014502,1.3775944377985196,56911.97941403,0.0549440331092304,0.5160922738770926,-5.5267955404568594e-05,3.1018243769039915e-08,5.529897364833763e-05,0.0382165605095541,0.5234437742915794,33.0,-0.0503912084809884,-0.0124858359788446,-0.9762504448719876,0.4243816013996295,1.400632046271617,1.0451260503864963,0.0,1.0066083379451511,0.0769560568466785,-0.0003639179180235,-0.2603503960171842,0.5421232865990236,0.1690348625124147,-0.0058681949776993,0.0410369254193686,443.3295254249031,0.0,,,-1.4545399967830588,0.0,0.0,0.0588952879582071,-0.0945656059482147,0.0182544086128539,0.0439880620828898,0.0382837790103479,
5BZQ J0510+1800,blazar,0.416,209,21,3634.178773890002,-0.0352937655799164,0.0418597745076732,-0.8431427544705675,0.4670000000000005,-0.0403709371874382,0.5616636112776884,-0.596990353000411,0.0,0.0,0.0004348080328605,0.0029137247424267,0.018970083335505,2.464996284622053,43.62864036129756,6.510595545547203,0.0555403209312604,1.8618009023426296,56721.183776,0.669146086452848,1.9833830366857976,0.000250541491787,-2.3475176903800865e-06,0.0002528890094773,0.0191387559808612,0.0010818052292858,44.0,-0.0096337506624437,-0.0101614307036454,-0.9050251886662166,0.6455811647032278,1.5506063533694443,0.8132756482437977,4.0,0.6577127525153194,0.0311318430728633,0.0021261558414366,-0.3295291734088955,0.2647656784003051,0.0722809885350894,0.0167377602895468,0.7338783596000914,82.9595898923754,6.320049469963007e-14,-1.2199073199070007,0.5182697324397525,-1.304112249107125,4.293572919503585e-15,1.044209314363201e-23,0.7962557270007354,-0.0499759720611616,0.2563478114075372,0.8732844121545273,0.6167262797701466,
5BZQ J0513-2159,blazar,1.296,152,21,3640.3582327199983,0.2642963931125611,0.0202989530694405,10.0,1.4359998999999988,0.0686476047326168,0.4007122391846029,0.4485040943802872,0.0,0.0,0.0012609052338058,0.0036218950204369,0.0174884146408554,0.2788603072249196,13.86972958641772,4.8285260995546855,0.3127623348096803,1.4484669387880302,56718.608241,0.0167625086614277,0.0021978842357864,-2.9627778861352528e-05,3.4522939772143326e-09,2.9631231155329745e-05,0.0460526315789473,0.0016228817248534,29.0,0.0309414293257969,-0.0063805142357162,-0.864709403902372,0.929215169136853,1.793924573039225,0.9647809007440606,4.0,0.7891386614893687,0.1826973895259861,0.0041671038862642,1.567591109893989,1.2881366563750722,0.4061445905212735,0.0350537159322454,0.2341629412626932,7.38905609893065,2.4955659181325643e-16,6.905563039669871,-0.0202702702702702,-0.3537571201510843,-1.2051279206663562e-17,1.6089358413529134e-29,0.0253994877005367,0.6068245185864405,0.0086827649772166,0.3548167441195336,0.1545369094597271,
5BZQ J0515-4556,blazar,0.194,334,21,3635.086670899997,0.0199491392164894,0.057102403785127,0.3493572580859616,0.3609990099999987,0.3068669039778874,1.028827107984443e-08,-4.528307830963719,0.0,0.0,0.0016353524292691,0.0040001511101809,0.0148551354389749,2.588429774030274,9.083751712485451,3.713643566477488,0.0518104389403399,1.2958220683215498,56712.08357977,1.1798239347917665,3.0538104709076017,-2.2774540281269125e-05,8.737286699170205e-07,2.3648268951186146e-05,0.0119760479041916,0.0014429882546143,71.0,0.1108545382480074,-0.0307533186714752,-0.7118575732204377,0.6229442329407437,1.3348018061611815,0.6929150449957634,6.0,0.6954165558371129,0.0418801458774227,-0.0018917451521265,0.338413459527148,0.2357798362656377,0.1003943180022162,0.0001985021681186,0.6866441634451442,28.71702200101397,2.189103064507609e-14,-0.629259265946386,0.5159860680732496,-0.85631989753854,6.863921277780596e-16,1.2326568743840995e-24,1.2891972360451236,0.0238192722244883,0.4025991355245294,0.7502981856493981,0.628390440242377,
5BZQ J0517-0520,blazar,1.413,220,21,3638.1136492499936,-0.0767547569301125,-0.066520198271767,1.1538564063885133,1.2979994,-0.3955076910027744,1.1814116699638141e-09,-2.4403500179774085,0.0,0.0,0.0004097866533354,0.00126589739169,0.0052407608175928,0.087810424284202,12.788998280317095,4.139957035898732,0.3116354060374702,1.419207840576289,56721.04777912,0.160788197713022,0.1548924075844168,-0.0002045852971586,-3.96744318835277e-08,0.0002045456227267,0.0181818181818181,0.0014426389869953,49.0,-0.0397544135281991,-0.021747010619972,-0.7758317908724282,0.6240741272553745,1.3999059181278026,0.7757193359398593,1.0,0.5842028803574343,0.1124963837207983,0.0033284738234187,1.369784235425597,0.8333706144868092,0.2492875418135778,0.0107652275836772,0.1470903322227892,225.68377840161915,6.879800455918813e-16,0.2875321989402989,-0.006066734074823,-0.5287315978669146,4.1155188207235776e-17,5.908984662623961e-29,0.2497657178956589,-0.1852092284723615,0.0857220229277324,0.2284876809721249,0.0946902946424056,
5BZQ J0517+0648,blazar,0.84,228,21,3634.290451159999,0.0049413025248199,0.0859032982579015,0.0575216857213684,1.1810008000000014,-0.405222988412063,2.0171384765526534e-10,-3.5323014651931546,0.0,0.0,0.0008847638181939,0.0029090782374954,0.0070571037787799,0.0685546903332514,7.976257195065732,2.425889989961143,0.5132324854894164,1.2489279826275452,56722.10366443,0.1530375386200426,0.172076544834712,-6.049483729648824e-06,4.5819392557729864e-08,6.095303122206554e-06,0.0219298245614035,0.0014426390964982,47.0,-0.0540508182700608,0.0007452155647817,-0.6553095365402706,0.7093181513746016,1.3646276879148722,0.601489154097251,2.0,0.7011008134103934,0.1363472518755675,-0.0019154008749594,1.4579729267234502,0.940276733659702,0.3129848168003482,-0.0209362714888494,0.1759254907603302,4863.399421961329,1.0805156823142817e-15,-0.0278106517986287,0.0167247580808652,-0.6523305502261626,3.914363867950424e-17,1.972025858976641e-28,0.2075902173452812,0.0090919966456687,0.0693747229721221,0.238636946155963,0.1296939924760668,
5BZQ J0521-1737,blazar,0.347,219,21,3638.245316609995,0.0114927805925383,0.0205940686796642,0.5580626524707571,0.6479987999999999,-0.073654082970863,0.2778251865379306,-4.233413441640652,0.0,0.0,0.0001542457784651,0.0015548710274035,0.0019114867413941,0.0418516665134729,12.39247354464063,1.229353886255578,0.3443040234185234,1.4078480686497763,56721.50644998,0.0601972483809709,0.3144680691572502,7.481318121433014e-05,7.509260928530566e-08,7.473808860504484e-05,0.0319634703196347,0.003065172292942,47.0,-0.1176931923073838,0.0096506516024946,-0.6391408628081574,0.563440220590238,1.2025810833983954,0.5650141014093267,1.0,0.843886865377496,0.0685248870101403,-0.0039504092729028,0.9952594116369472,0.5400116368887855,0.1518750836060224,-0.0144678829427069,0.0987384126774796,320.86727438260385,6.280369834735102e-16,0.8147422168588763,0.0980634528224144,-1.2932120595952017,3.098737605272595e-17,2.62763255949946e-28,0.0698651246039573,0.0154807754581492,0.0223038684829674,0.1145961267407322,0.0850750755313528,
5BZQ J0522-0725,blazar,0.164,210,21,3637.1242345599967,0.0500812466407005,-0.0169621994548156,-2.9525207962628004,1.246999799999999,-0.8381682738291182,1.1399158936971365e-56,4.5308460690617345,0.0,0.0,0.0020189039979982,0.0030081783823964,0.0086184344617306,0.099820572348795,4.26886789367257,2.8650011280247636,0.4764341713462696,1.0234633792867107,56722.29861859,0.0113485188185571,0.023712191991414,8.810227342870265e-06,4.90913623455513e-07,8.319313719414751e-06,0.0285714285714285,0.001983367364814,45.0,0.0598118202751194,0.0106276981650265,-0.4293784666827376,0.5629626562025909,0.9923411228853284,0.5561090600173839,1.0,0.8505583243002067,0.1096308790025284,0.0086541023943777,10.519933751757558,1.549108415700262,0.1009474308080691,0.0544699937693254,0.4053522548837217,7.38905609893065,1.329303737937672e-15,-0.9869910031801826,0.5263462278790094,-0.9127505625244692,-1.4175298033690292e-17,3.55522560303146e-27,0.0122437843656554,0.0582945710897754,0.0038046732837051,0.4373298119586244,0.3757128968716705,
5BZQ J0522-1627,blazar,1.297,205,21,3637.586725330002,0.0604379109064191,0.0890045379085529,0.6790430277669169,0.9110003000000012,-0.6080546973233291,4.093474501080474e-22,-2.4897924198015073,0.0,0.0,0.0002430686112174,0.000657147854062,0.0012211444709215,0.0272400693981711,5.023867375476921,1.8582491923467348,0.3265531041274963,1.0821995950914332,56721.57253828,0.0967287936617786,0.3205158023237159,-4.2337318351706424e-05,-1.5100435705173344e-08,4.232221791600125e-05,0.0341463414634146,0.0014422902943213,45.0,0.079438622401073,-0.0144931067798052,-0.5246121769052062,0.7621999586817955,1.2868121355870017,0.4817214744019729,2.0,0.756566847647138,0.0886064708870468,-0.0021655367432411,0.933203275186612,0.6950026655939268,0.2000360535741359,-0.0103681596343665,0.034449118680383,295.41971969825767,0.0,,,-1.1624983196279417,0.0,0.0,0.1466007760038635,0.1388258813520447,0.050117020730468,0.0522105914899764,0.0227299048715613,
5BZQ J0522-6107,blazar,1.4,600,21,3641.88866081,-0.0075497461545296,0.0685294425232166,-0.1101679201895138,1.5679998000000008,-0.3617652347612954,5.445367476755256e-20,-6.381406551453526,0.0,0.0,0.001366351828599,0.0052818362169488,0.0057872134792647,0.2876152809885483,4.235522179498167,1.0956821151702012,0.2123899726031693,1.0206349611253716,56689.94894075,0.1133591972635848,0.0564123012116428,4.517868233141059e-05,5.3847705220982553e-08,4.512483462618961e-05,0.0083333333333333,0.0032464677344355,130.0,-0.0450461743025728,0.0033252551468937,-0.3480547305924399,0.3390730254673614,0.6871277560598013,0.3844582269099058,0.0,0.5299932625571183,0.1010065632862697,0.0059323376641694,0.860032741402351,0.7849720015965221,0.2345425156987129,0.0361353669794075,0.2657110784460105,12.952429968902017,3.552713678800501e-16,-2.2354477466674605,0.3686548223350254,-0.3239790062011987,-3.183969459630653e-17,1.787268309857406e-29,0.1756153132565222,-0.018119390770871,0.0602480233984294,0.4116378326896844,0.1715157636207018,
5BZQ J0525-2338,blazar,3.1,202,21,3637.5867253000033,-0.0635089461231856,0.1598295624387487,-0.397354188762946,1.5939998000000006,-0.4601891732467937,5.563530849651983e-12,-2.6889758133634523,0.0,0.0,0.0005623190782543,0.0010120065892201,0.0034891708652431,0.0357367684267495,6.2049661730664285,3.4477748455017374,0.4770975385128613,1.1583558364520534,56721.37363662,0.0480234458172842,0.0357946009554107,0.0001616935026213,6.170620844099039e-09,0.0001616873320004,0.0297029702970297,0.0009015621902896,44.0,-0.0412910405856777,-0.0019412285466107,-0.6059966411623674,0.9420215639854408,1.548018205147808,0.7985474257684043,2.0,0.963914535690525,0.1949574527355769,-0.0088690995475061,2.5043816201085822,1.9072871540239529,0.4049772866678963,-0.0262403681541344,0.0331021643083321,81.32340922558296,0.0,,,-0.821312314595552,0.0,0.0,0.0972400664720006,-0.2603866791050611,0.0339799580137655,0.0670267741710195,0.0163479937002486,
5BZQ J0525-4557,blazar,1.479,409,21,3642.6648305899944,0.0010683437604277,-0.0206703100977098,-0.0516849411246184,1.2029999999999994,-0.6132643852330059,1.301206438542411e-43,3.5903061985281264,0.0,0.0,4.678770017337173e-05,0.0001370477955992,0.0003143748317623,0.0228825578437253,6.719176704096711,2.2939065024274337,0.1215788795271318,1.1870711190083298,56716.23288053,0.095756686001893,0.7666731025617037,0.0001429071504596,-5.2661283479380095e-08,0.0001429598117431,0.0097799511002444,0.001622881861727,87.0,0.1389253863268828,0.0090878420919571,-0.2446811976201441,0.53708171059846,0.7817629082186042,0.417025221625577,2.0,0.6000117060484296,0.0394092460489496,-0.0017283080107707,-1.3295921809125335,0.515300306411706,0.091237878112108,-0.0170773452934458,0.059016561169268,1992.710772775407,1.25607396694702e-16,-14.035847859165036,-0.005050505050505,-1.8441847859547067,-4.509086206840357e-19,1.1036416170623245e-29,0.1507673740700138,0.0026484241821003,0.0518478817179172,0.0929206338026045,0.0374831116589772,
5BZQ J0529-0519,blazar,0.685,192,21,3636.6916721399975,0.0583860685307027,0.0483214021751054,1.2082858920178956,0.8729991000000012,0.3131047025953847,9.7849772938426e-06,-0.199134383142505,0.0,0.0,0.0005140162036792,0.0021859066854796,0.0085168620790323,0.3051034342347599,16.56924820949336,3.8962605914110022,0.176962779222787,1.5126090600551907,56724.20881345,0.0112759745210694,0.0024170726580249,-0.0002395025244717,-1.658326165397879e-08,0.0002394859412101,0.0260416666666666,0.001442639397676,40.0,-0.1069427778057754,-0.0328569786962319,-0.9820176129936076,0.7862248824779494,1.768242495471557,0.8641226209715259,1.0,0.8174668049361596,0.1073044628234539,-0.0015471643807206,1.3666367764198974,0.7656891877723461,0.258884229169153,-0.0239539658229839,0.2547121854027641,12.46443856692708,1.3198741729282636e-15,-0.3643503050420848,0.4833783003021829,-0.9185806089196076,-2.1831008811264034e-17,6.979953022309385e-28,0.014637066248353,0.0983805254742341,0.0048367648853993,0.3306356470597488,0.1962229359405037,
5BZQ J0532+0732,blazar,1.254,198,21,3634.148994160001,0.0785563352508792,-0.1130164080111743,-0.6950878782407607,0.5100011999999978,-0.0930372380259828,0.1923391151607885,2.139197902106503,0.0,0.0,0.0003155602322872,0.0012702783637958,0.0175853934992243,1.2601854347894952,55.727533586960035,13.84373219806048,0.0827146696710969,1.950079599595894,56728.42547891,0.093908027536483,0.1272747609045352,0.0003389228527058,-8.930173037084761e-07,0.0003398158700095,0.0202020202020202,0.0010818050376507,40.0,-0.1103125069379429,0.0147831799646083,-0.8224769246753703,0.7548389968820285,1.5773159215573989,0.8848158177868181,3.0,0.6407115662585176,0.0411079166831972,-0.0005131857502033,0.4673291822906246,0.2980977551494282,0.1004428219851134,0.000841246717084,0.6232573928457984,146.92892360197442,4.3777503797643457e-14,0.0150791883274525,0.7178927428751104,-1.3305523154734278,3.157332922711434e-15,3.539861438047029e-24,0.1409871964083161,0.1770659796554818,0.0481201212641848,0.9357167301160468,0.4151360825714494,
5BZQ J0533-8324,blazar,0.774,64,16,3653.7222799599986,-0.2026634702279895,0.0124217617964773,-10.0,1.3950014999999991,-0.0229135026236925,0.8573733988347865,0.3501171247052702,0.0,0.0,0.0068993115489688,0.0464132641557693,0.1255885734034272,0.9325245369199606,18.203058739099045,2.7058767721922883,0.5578015957569953,1.5465272470031703,56921.3405375,0.4703438169706497,0.4189653911753658,3.7965605858062033e-06,1.7271445051711304e-08,3.779289140754492e-06,0.0625,0.4986529386995214,14.0,-0.2050653042517852,-0.0391334573011248,-0.9054459837553006,0.9098033242121872,1.815249307967488,0.6879589067130265,1.0,0.6812235941585523,0.1778058555009764,-0.0156170156784205,2.029531145091749,1.0880504632552783,0.3684006220635412,-0.0924702107338012,0.5547941485217962,7.688100311601846,3.8459253727671276e-16,-1.3342564187643504,0.3297872340425531,0.2232280197187982,-1.7366472820592957e-17,2.522701316932042e-29,0.6264584145275012,-0.3595249961844535,0.2084123821861458,0.7389391550007077,0.4165384188279075,
5BZQ J0540-5418,blazar,1.185,83,20,3639.0355751399984,0.0224677469439199,-0.0110617442604653,-2.0311215315490223,1.5200005999999997,-0.4911576382164196,2.422717451352679e-06,-4.3837800220714565,0.0,0.0,0.0019278452213298,0.0181622136285447,0.0359793591612072,0.2553563125665036,18.662991584835463,1.981000768688195,0.6093138814791369,1.5555270891254211,56720.97290443,0.1269425142914236,0.1190149693781007,-1.977224123542556e-05,-2.4754573272096025e-08,1.9747486662153463e-05,0.0481927710843373,0.0037864918275057,17.0,0.1798904259925512,0.0134640074452757,-0.5388379113352985,0.8061286718931113,1.34496658322841,0.7372263556133075,2.0,0.6532715569487472,0.1410132556382895,-0.0033107434892281,2.615093282108653,1.1229235454454836,0.2465107324390106,-0.0342492024836003,0.288680130799274,7.38905609893065,5.158698975118586e-16,-1.9816500353494304,0.4025500910746811,-0.0811425379888594,3.806882587162929e-17,8.17163472053334e-29,0.1876431939270988,0.049092027072465,0.0638659768548053,0.4267196224120176,0.1952950216988639,
5BZQ J0541-0541,blazar,0.838,240,21,3639.115938269999,0.0667028496831912,0.0364440130539522,1.830282784292811,0.7749995999999992,-0.2349140539487725,0.0002408597809332,3.7860754457018473,0.0,0.0,0.0005646201389192,0.0019634659986576,0.0082770882839647,0.1812022385575371,14.659569680154346,4.215549587009829,0.2541998693409351,1.4684427125013708,56730.26678387,0.482501432796148,5.862369785781329,9.656505840517226e-06,-6.641744024969544e-08,9.722923280766922e-06,0.025,0.015143877371667,51.0,0.1438380965019771,0.0050266980581911,-0.690408351446473,0.8249999027967158,1.5154082542431886,0.9391364376247736,5.0,0.6170046061695958,0.0790204546766476,0.003285093311176,0.5658104832977926,0.4416564845226912,0.2001709756808595,0.0232602133831973,0.2115387144495102,13.006231214306476,5.891509130072236e-16,0.5592733540420646,0.2720398606431597,-0.786722056757536,3.266908071791439e-17,9.982414958697277e-29,0.6541409854238741,0.1225998377177055,0.2185791277905111,0.286789082310901,0.1560332330309581,
5BZQ J0544-2241,blazar,1.537,212,21,3639.053033129996,-0.0016675588618275,-0.0021143504003001,0.7886861428412552,0.4529999999999994,-0.6312809624637097,5.696472481247146e-25,-2.440980131736753,0.0,0.0,6.222544317595293e-05,0.0002960001893584,0.0004673522530351,0.0053947902665305,7.510629441449592,1.5788917313506003,0.5089504131636471,1.2272334558692293,56730.06622674,0.0280783889682616,0.098839805638792,1.4000000189724257e-05,-6.867864462233583e-09,1.4006868054186489e-05,0.0188679245283018,0.0147837405886248,48.0,-0.1082132607259855,-0.0304465395546475,-0.7514785644148698,0.6869540471711443,1.438432611586014,0.5257396143654762,3.0,0.7385458442936147,0.0416810527289049,0.0027070342387686,0.5078417106517027,0.3069347087593914,0.097463617406391,0.0152155652246392,0.0160834201572147,307.2811299250092,0.0,,,-1.729133862147401,0.0,0.0,0.0447231535888677,-0.0042305968324565,0.015404788611104,0.0256176118486878,0.0100976002556909,
5BZQ J0551-1909,blazar,0.73,206,21,3634.0561749099943,0.0053412617227869,0.1857468239418825,0.0287556018963648,1.2659997999999997,0.0376276142925201,0.5912939741273292,0.99495035589596,0.0,0.0,0.0005200784699162,0.0056092190766837,0.0048203608776779,0.0714745754925713,9.268526092199162,0.8593639882699048,0.5044888700833705,1.3030849839639227,56732.50321807,0.2422405954758633,0.4293223083672567,8.199147439877002e-06,-5.8181583640211755e-08,8.257329023517215e-06,0.0194174757281553,0.0007213195619344,43.0,0.0777722215853522,-0.0047708035535199,-0.540998271504748,0.6629929815169304,1.2039912530216783,0.5668602069072143,2.0,0.8507867913135377,0.177069242196465,0.0276086886956457,1.5684858133999766,1.1933455857863988,0.3980663596269405,0.1521968258188117,0.1952380729742913,7280.564058254139,3.5147634025295418e-15,0.1249098876569409,0.1437256590821815,-0.7292820989788897,-1.4113979702454116e-16,1.9556166734654547e-27,0.3186177577394996,0.0092403827804214,0.1056562993434815,0.2567955916482533,0.1484367581781811,
5BZQ J0555+3948,blazar,2.365,201,21,3634.024089300001,0.0408690542866107,0.1090766260678446,0.3746820538910928,0.9689999,-0.2258111465727375,0.0012677013332166,-1.193929885601643,0.0,0.0,0.0004086492119153,0.0023707974212072,0.006331777451972,0.0973215123985899,15.494407555076677,2.6707374458325535,0.3558089799843311,1.4884189220339843,56734.09430444,0.0020703805998407,7.180901264496113e-05,0.000236215524921,-1.4656699461553114e-09,0.0002362169905909,0.0199004975124378,0.0010818051745244,43.0,-0.0647238267718031,-0.0168503078325828,-0.5600049101075399,0.6224806267607739,1.1824855368683138,0.4813865659122947,2.0,0.8705725778465675,0.1161168361867401,0.0012059619934401,1.0710261369243663,0.905409264075728,0.2915659106372144,0.0067988425112499,0.1043375068838785,7.38905609893065,0.0,,,-0.9246108666914636,0.0,0.0,0.0037978929897883,0.1375243676744451,0.0013250109713489,0.1913960582883868,0.0568784720024923,
5BZQ J0557+2413,blazar,3.228,141,21,3634.14989968,0.0125164819121015,0.0399123229837453,0.3135994343701562,2.1320010000000007,-0.4966333263472957,3.768376945849172e-10,0.6467344106206707,0.0,0.0,0.0024294965994328,0.0094376912759361,0.0206989864034501,0.2340471428872979,8.519866378805439,2.1932256307254203,0.4738616507295301,1.2727077010531356,56734.35483821,0.1019948902217071,0.0682718512118062,0.0001393269237332,-6.010267487620047e-10,0.0001393275247599,0.0354609929078014,0.0014422922655729,29.0,-0.0073002829162363,0.005349964833874,-0.5483001919048116,0.9316187030221856,1.479918894926997,0.5479146118160122,2.0,1.0086797433818024,0.3306515778415088,-0.0131783818576924,1.5851534793373585,2.089539375231478,0.6233465690079115,-0.1111559251230186,0.8694961492007361,7.38905609893065,1.321198151767451e-15,0.1178075698329189,0.2262343404568901,0.1654804331463255,-3.5288608219140516e-17,2.230788495508855e-28,0.2097229240338248,0.0529196855243652,0.0732665585131196,1.7878667691111425,0.4228634742457763,
5BZQ J0558-1317,blazar,1.725,188,21,3634.0154305800024,-0.1042104648760577,-0.1696081868982797,0.6144188366246528,1.829999900000001,-0.4384711943385275,3.1034659306177934e-10,2.1888662415540057,0.0,0.0,0.0010787836260881,0.0036283692814315,0.0047865445919257,0.1033815218603841,4.436982979474528,1.3191999543988298,0.3694332364364948,1.0373947548019606,56734.41379554,0.0712521949624429,0.0261004964416543,0.0001141524050896,-3.16397798257827e-09,0.0001141555690676,0.0212765957446808,0.0009015622997926,41.0,-0.0702064846166584,0.0251701713702461,-0.7490902763118779,0.8298307842095076,1.5789210605213857,0.7390551161622312,5.0,0.5958163763096849,0.1210277317508274,-0.004797248798267,4.002127564826293,1.3749781844845557,0.2407522184588629,-0.0403664785228637,0.0868432049089885,69.90204337385028,0.0,,,-0.6762553515266858,0.0,0.0,0.1176200882374363,-0.2839735167872573,0.0406940008429856,0.1433570633101346,0.0526080966275723,
5BZQ J0559-4529,blazar,0.687,390,21,3635.057309790005,0.0574959455130823,-0.045411520106391,-1.2661092466929011,1.1890000999999994,-0.0215019087624131,0.6720657299668139,4.528271255179884,0.0,0.0,0.0002287794365478,0.0007660951133663,0.0019896564216563,0.2334625735642524,8.696832385733334,2.597140204062062,0.0780343901400407,1.280122507504032,56734.27614329,0.281135731999015,1.5336670178574168,0.0001062142827984,-5.310036763229805e-08,0.000106267383166,0.0153846153846153,0.0019830189185565,86.0,-0.0585331153419673,-0.0152579087130172,-0.6368944566007402,0.481294367400377,1.118188824001117,0.6094116841247913,0.0,0.6951590491668954,0.0924909597561344,0.0081959456630092,1.177694600263265,0.9004770570906464,0.2153442541558169,0.0520259364107453,0.1998983306315788,33.535275006494125,8.792517768629142e-16,-1.6039889385089785,0.2403670485517146,-0.8522954163210348,3.2440283867491533e-17,2.812078831440224e-28,0.3651519201288297,0.0969956600805699,0.1206824796261978,0.2596370754498202,0.1539046090396089,
5BZQ J0559+5804,blazar,0.904,252,21,3634.26998022,-0.0444786463607775,-0.0360115319034865,1.2351223069316648,1.4949998999999998,-0.4411725879691273,1.9965356289239022e-13,-0.9950088925995894,0.0,0.0,0.0003949877201359,0.0013997080229724,0.0027290360309788,0.0387382973483484,6.909166753666803,1.9497180727976196,0.427096909682259,1.197127933109794,56734.69024542,0.0774145888019847,0.0442307878640949,-4.440619451918169e-05,2.1922473638150448e-08,4.442811699281984e-05,0.0158730158730158,0.0012620474469602,55.0,-0.0238717635122539,-0.015022207488477,-0.6021998474875703,0.7580566906220071,1.3602565381095777,0.6074519397176456,2.0,0.845070171020928,0.1761551921907338,-0.000389527203624,1.0584310388956577,1.1413682887637866,0.42047037863138,0.0042860853555469,0.0723973085679646,281.0604517903222,0.0,,,-0.7718846127238611,0.0,0.0,0.1068209124519176,-0.0846873426709205,0.035842692336864,0.099897792909219,0.0524673282086234,
5BZQ J0601+2324,blazar,0.274,168,20,3634.12659847,0.0052567614755473,0.0046337080943573,1.1344610770688592,0.3890008999999992,-0.1598434841482834,0.038483579435778,1.3929574915422316,0.0,0.0,0.0001020835788231,0.0008297995567936,0.0014550322287842,0.046388742319415,14.253342518997671,1.7534743362034797,0.2347096362417048,1.458307094492786,56735.34234301,0.026939216129526,0.06153616155198,-0.0001402050584823,-7.466833268774168e-08,0.0001401303901496,0.0297619047619047,0.0012620477755088,33.0,0.0956552904544109,0.0081955746913849,-0.5479832842111474,0.8772342952164558,1.4252175794276032,,4.0,0.711372477823412,0.0469936645057574,0.0020849386687639,0.5921752186567126,0.2659948956397641,0.1138193691329667,0.0127906913701583,0.1263559144006595,7.38905609893065,0.0,,,-1.3121875623222763,0.0,0.0,0.0304067265562704,0.0066971141198473,0.0096116553243679,0.1426199529888092,0.1119465879033039,
5BZQ J0603+1742,blazar,1.738,158,21,3633.989074060002,0.0464080619026887,0.0856509686441381,0.5418276364801494,1.5830000999999996,-0.6320056614402065,5.343415379220717e-19,-3.63150174409829,0.0,0.0,0.0010330234359241,0.0026607803416095,0.0091760095667466,0.0911990324952715,8.88267316961206,3.448615964197743,0.4693342043729458,1.287748477409017,56736.13145562,0.0602796065872144,0.0270898940763814,-5.1540686036091546e-05,-3.823658739786201e-09,5.153686237735176e-05,0.0443037974683544,0.0023435043942528,35.0,-0.1151578842067421,0.0226339460813537,-0.7803619078382825,0.6990298172964692,1.4793917251347517,0.7152412613770188,1.0,0.7047076265491476,0.1749827750941562,0.0032500884116608,1.077367257230866,1.1394376199453968,0.4552813102343871,0.0318624441519366,0.0409535166191452,776.3279125313741,0.0,,,-0.259619048421191,0.0,0.0,0.099744080509607,0.1270652734895617,0.0345184715421197,0.0677653868377764,0.0247499586697503,
5BZQ J0604+2429,blazar,1.133,170,21,3634.112083799999,0.0493303974241022,-0.060271183946269,-0.8184740068832838,0.5010004000000006,-0.4719523802546117,8.200750142727263e-11,2.586910723581108,0.0,0.0,0.0001593613717474,0.000434415002992,0.0011090267945212,0.015591502876769,6.959194536298508,2.5529200979017306,0.4053253445426312,1.1997300845400931,56735.93510061,0.1354202258351944,1.3122914965173942,-0.0001703132906983,-4.329086923692072e-08,0.0001702699998291,0.0235294117647058,0.0010814563449568,37.0,0.0694803821545131,0.0013436983349095,-0.6515147509693762,0.8096817902641176,1.4611965412334935,0.7265607364651545,4.0,0.5124877031683356,0.0322068772669362,0.0024557068348936,0.4581217952784028,0.236530154481277,0.0724820394690525,0.0108670588059771,0.051767309164573,2864.3836876815526,0.0,,,-1.44127226489269,0.0,0.0,0.1977784465675899,0.1052217377056101,0.0671630686801927,0.0756050872490315,0.0354454229953265,
5BZQ J0606-0024,blazar,1.028,217,21,3634.0974412799983,-0.0297085287793559,0.017395861227206,-1.707792927946202,1.5290002000000005,-0.4919459148532335,1.261871317067343e-14,-8.506922141805335,0.0,0.0,0.001071019428492,0.0028511783638059,0.0062803955424556,0.1037347795210583,5.863941745141208,2.2027368122523776,0.3813222324572708,1.137967692858624,56736.58897708,0.0045241115724439,0.0001015523409772,-6.152914311206765e-05,-1.6956203631457558e-08,6.151218690843619e-05,0.0184331797235023,0.001081447419563,46.0,-0.0986399082476627,0.0098766167013825,-0.7777398021377229,0.7485468986314241,1.526286700769147,0.7718316586538158,1.0,0.7436749581165774,0.1550162736074608,-0.0056402940135758,0.8500289191179361,1.0556543112924706,0.3899134929099704,-0.0349949124934557,0.0710585367881258,704.5734004792763,1.25607396694702e-16,-14.03584785916504,-0.005050505050505,-0.3498275873363641,-2.35268690008117e-18,2.0119408416450723e-30,0.006442690698334,-0.0602488963645338,0.0021768028433624,0.1011929451056347,0.0498979019258554,
5BZQ J0607-0834,blazar,0.87,190,21,3634.2173978799983,-0.1303744606387717,-0.1826795038353822,0.7136786443007636,0.5320005000000005,0.7493377576883693,1.7073488465491653e-35,0.0497497248169746,0.0,0.0,7.508753441435853e-05,0.0003756716675891,0.0024161577253828,0.2288789133580701,32.17788028398718,6.4315675825571175,0.0728903522619129,1.7519993468057855,56737.24591285,0.0653909503484674,0.3439917963512972,7.713728260827928e-05,7.497255074112634e-08,7.706231005753816e-05,0.0210526315789473,0.0018024270225822,39.0,-0.0511673149945996,-0.019836568132174,-0.8322460245725727,0.7878867979261286,1.6201328224987013,0.8121173993002244,3.0,1.0988073159486669,0.121218512562882,0.0037469307564572,0.0722401642925394,0.5358585328370723,0.3120146812665371,0.0096057934699418,0.2056128153957933,29.345634569812113,2.1679368614691628e-15,0.516464071396339,0.2179668196258383,-1.6128243160065507,8.733850533732076e-17,9.963204838383436e-27,0.0894207797135522,-0.2438002413945032,0.0299413323747946,0.2811712962391808,0.1503589819460859,
5BZQ J0608-2220,blazar,1.926,143,21,3634.07121011,-0.364850396653862,0.0607638218732622,-6.004401721386887,1.2259998999999997,-0.2912981944235365,0.00041601083935,-2.039656668234223,0.0,0.0,0.0006077172855749,0.0019264824014202,0.0077310389589755,1.1108459764021277,12.721439935577644,4.013033780772245,0.0584500530934175,1.4172975182782896,56929.15589969,0.6905206123580891,1.1255095336923622,-7.5202040501728e-08,3.0855069370613555e-08,1.0605710987234153e-07,0.0419580419580419,0.5250670471184077,28.0,-0.003180847232727,0.0159465836888335,-0.8185568027198092,0.9055873760725168,1.7241441787923262,0.9268383313683374,5.0,0.635634969124551,0.1372338044380942,-0.0042897264424673,0.8271368457924513,0.7511477366102658,0.3175452622645775,-0.051786556882853,0.4247218694677546,414.65569063121,4.631219084246476e-15,0.701832150402583,0.2848872022082899,-0.3051765033097147,-1.6122808356048752e-16,2.6720102799525608e-27,1.181173807398136,-1.0675522606092005,0.4101349215959565,0.7265103150669256,0.2482947078150805,
5BZQ J0609-1542,blazar,0.324,193,21,3634.202877430005,-0.0822960793210805,-0.0143239534958273,5.745346726031619,0.4880010000000006,0.4765132797594323,2.472221184776929e-12,0.1989981041713897,0.0,0.0,0.0001599878365021,0.0011782766848708,0.0033837528175922,0.0805375911429367,21.150062844911325,2.87178118532602,0.2528349202074049,1.600647511365767,56737.57393502,0.1554206692598428,3.5055843436311704,0.0001464395271673,-1.322201177413527e-07,0.000146571747285,0.0207253886010362,0.0009015621081575,41.0,-0.0977756492623061,0.0264289875640548,-0.7513481946292826,0.5818128973426048,1.3331610919718877,0.729862037892697,2.0,0.9030103090397952,0.0782330991571499,0.0074172981540548,0.1512363704197204,0.4093288923480584,0.2004432504181732,0.0608292691463159,0.1465865432563957,7.38905609893065,3.3829889401252107e-16,-2.026812911806502,0.1370786516853932,-1.368854924837501,1.7474318291697753e-17,1.672091244029067e-28,0.1788351022297551,-0.1089600090211106,0.0569206634554277,0.1686700975720045,0.1273943335135986,
5BZQ J0612-4337,blazar,3.461,371,21,3635.06075828,0.0353647620651482,-0.1044905850858372,-0.338449268286676,0.5780000000000012,-0.4934892631823002,3.6156532939467184e-24,-6.518726342706092,0.0,0.0,5.6119531926621445e-05,0.0001994843385145,0.0003413551009286,0.0118383538176246,6.082643299526829,1.7111874634339856,0.2361955942624754,1.1511746019737614,56739.67577274,0.0150100450156499,0.0161406385475003,0.000128044588989,-6.142326287736827e-09,0.0001280507313153,0.013477088948787,0.0012620472826959,79.0,-0.0192007365581721,0.0146376757426643,-0.5452221520822134,0.5202949172767428,1.0655170693589562,0.5846963857421226,1.0,1.1408600625316272,0.1029700449031842,0.0027460539598403,0.9403671530794812,0.6460205927956595,0.2518238581113965,0.0109936892725428,0.0185005661257554,90.81568172942632,0.0,,,-1.7011423856824712,0.0,0.0,0.0317028354342284,0.1577622035726265,0.0110664885585847,0.039075192826761,0.008759290030657,
5BZQ J0623-4413,blazar,0.688,365,21,3634.6937764400063,0.0022019552846785,0.0066996020723197,0.3286695628948126,0.5910005999999992,-0.6765345825729646,3.586134654106581e-50,-4.97562460840521,0.0,0.0,4.027757722282668e-05,0.000115343971838,0.0002039016068006,0.005228992447198,5.062409802113725,1.7677699300931573,0.298658993383018,1.0849560763565618,56744.41618174,0.0244496673031043,0.2380836083327727,-0.0004882549363371,-1.7475290298311788e-10,0.0004882547615842,0.0136986301369863,0.0009015622450511,80.0,-0.0686238713674248,0.0110098232906125,-0.6478082954975304,0.6534955574629027,1.301303852960433,0.6307463426724074,1.0,0.6731442871903733,0.0295439140643982,-0.0005913160696436,-0.0091009952431132,0.3528079965839005,0.0579565957722283,-0.0021217471853219,0.018365911688446,359.5771282569482,0.0,,,-1.846408817250375,0.0,0.0,0.0317657544900234,0.0037169005205373,0.0104994026443515,0.0238615533883586,0.0141359913438143,
5BZQ J0630-1323,blazar,1.021,131,21,3633.5589405800056,0.129915631290981,0.0320106770199254,4.0585093283129705,0.5780010000000004,-0.3676048056088935,1.5650179504810702e-05,5.620700346140187,0.0,0.0,0.0002837140189618,0.0011694694084811,0.0042845831498127,0.0448638882772686,15.101767443106285,3.663698353352924,0.4318928734005807,1.479161375302637,56743.56581966,0.0575193579017806,0.0784113467246797,-9.796142591745932e-05,-3.275828101202876e-08,9.792866763644728e-05,0.0305343511450381,0.0014416029021251,29.0,-0.0694157814231192,-0.0347575431892209,-0.7775607508122722,0.8981940992164813,1.6757548500287536,0.6693379259729736,3.0,0.652851977687926,0.0587481788998945,-0.0031045107153703,0.3259360031537344,0.3418589318199857,0.1522119883470289,-0.0151231957287413,0.1283894839585352,7.38905609893065,0.0,,,-1.017347957932278,0.0,0.0,0.0817706003039501,0.2625594908390727,0.0276179614137933,0.1825209035526941,0.0903121739498734,
5BZQ J0631-4154,blazar,1.416,266,21,3634.898412920003,0.0100580624118796,0.0283503295205934,0.3547776192362619,1.9590005999999995,-0.3991259907648037,1.3611318334137508e-11,1.2937352325245737,0.0,0.0,0.0008482753835814,0.0027096137170125,0.0071389819592876,0.2340577032615082,8.415877778664942,2.6346862328863083,0.2153243589086175,1.2682784382864272,56747.37920628,0.0189037546153634,0.0010989021928573,-1.813272562824917e-05,-3.4964473057094325e-08,1.8097761155192077e-05,0.0225563909774436,0.0025233988227271,56.0,0.0365641151244857,-0.0042019719987591,-0.8800807736964437,0.4721632247938254,1.3522439984902692,1.0993274520392318,0.0,0.5552870990334965,0.1466952373094476,-9.922854211436846e-05,1.677643227378784,1.2428731210414012,0.3480534099641228,0.009444630319352,0.2514383787920848,9.081025850397436,2.51214793389404e-16,3.349196527381092,0.246212121212121,-0.1430583928408309,-6.66569851201429e-18,9.907264212704203e-30,0.0293830271339734,0.0243002787871012,0.010085490746482,0.3908229268150656,0.1617644564631894,
5BZQ J0632-5404,blazar,0.193,417,20,3446.842024419995,-0.0010543398970507,-0.0553031997198521,0.019064717817263,1.4239996999999995,-0.5957480105503726,2.0470950718522038e-41,-4.388176704600404,0.0,0.0,2.7072524523142582e-05,0.0001235508637892,0.0001162585255813,0.0242535906445267,4.294336170520687,0.9409770282037478,0.0703724216520792,1.025608786378892,56944.94469304,0.0054210582424768,0.010757997751038,-0.0005590519393818,-2.052736761710782e-07,0.0005588466657056,0.0095923261390887,0.0012603057357963,87.0,0.0024148303364822,-0.0082547495250131,-0.3951333913018653,0.5574061514145935,0.9525395427164588,0.3140925541870845,1.0,0.7803025140952545,0.0462343612116108,-0.004039234029028,0.7235377612605149,0.911601724706048,0.0833810729008096,-0.0273077917425742,0.0636941912253758,629.3734682119103,7.742959950613001e-16,1.2824705669676602,0.3880336444828742,-1.6418795375753796,-7.952895171726508e-17,1.1879939384409876e-27,0.0059211258941786,-0.0012578274971815,0.0018487902852584,0.0695696869696472,0.0583149094464771,
5BZQ J0633-2223,blazar,1.508,18,10,3441.6139443899956,,,,,,,,,,,,,,,,,,59282.15366913,0.5999685373278226,2.091643958588322,-1.2245950899905175e-08,-3.163378390831425e-07,3.040918881832374e-07,0.2777777777777778,6.421270617138939,3.0,,,,,,,,0.5740565356098328,0.1017653976308194,0.0159407794577681,1.6091497105082673,0.5006198310078978,0.1636123088738257,0.0299407039436752,0.4996145196449095,17.479238931306675,1.872444516574241e-15,1.4559769614087086,0.575,0.2017219463087938,7.835301352119006e-17,1.1459494077174703e-27,0.9501501525677316,,0.3270186017853714,0.7912228434176773,0.3154796026386273,
5BZQ J0642+6758,blazar,3.18,328,21,3634.4140085799954,-0.0307312051627608,0.0288537608107712,-1.065067578687652,2.8610000999999983,-0.7233172996877473,2.2650258353320237e-54,3.930440885391097,0.0,0.0,9.944059196731056e-05,0.0005130936700858,0.0009041993204577,0.0157321988932832,9.092859298968223,1.7622499972454586,0.3727914088772718,1.2961835076614432,56739.89377531,0.0144372272628652,0.0262521897875223,-8.055824219383951e-05,-3.0768459942933963e-08,8.052747373389658e-05,0.0182926829268292,0.0014422901574277,70.0,-0.039176573877023,0.0073834028286987,-0.5151443848076156,0.5574372801232286,1.0725816649308442,0.6276301082759432,1.0,1.031572243632412,0.1754871401955853,0.0009412705556866,13.673010242232266,3.659390456782661,0.1403388187078355,6.993277551514687e-05,0.6439966713671332,7.38905609893065,1.2497778171889608e-15,2.5286823640695673,0.3593977154724818,-0.4856337257453479,3.774141934046636e-17,1.6485515125906368e-27,0.0295169808711123,-0.1284564375803402,0.0103129410820698,1.3166543051308268,0.3149890682131164,
5BZQ J0644-3459,blazar,2.165,201,21,3638.227800000001,0.0164925184222395,-0.0469059636212543,-0.3516081357033745,0.8420010000000016,-0.6160265246122365,2.1752040476092904e-22,5.627922537987681,0.0,0.0,0.0002038703676302,0.0021639848700118,0.0019037209441988,0.0203029943267509,9.337899161066067,0.8797293223721401,0.6096208836667236,1.3057745024797112,56750.47466257,0.0011927448570712,5.056739366709984e-05,0.0004809524977277,1.1364342955181396e-08,0.0004809411333847,0.0298507462686567,0.0012616992197085,43.0,-0.1012012204543255,0.0198871020069557,-0.739411452854724,0.5699341036562435,1.3093455565109675,1.027559447520308,1.0,0.9619678414355228,0.1010809545416711,-2.607381421928642e-05,0.639841004472525,0.7887581972098364,0.2325543708798525,0.0139693381104938,0.0212042169162217,1309.141659333594,0.0,,,-1.2874629089339975,0.0,0.0,0.0021219464014746,0.0521988208063882,0.0007390426114638,0.037723249456675,0.0119188781853633,
5BZQ J0646-3903,blazar,0.681,249,20,3445.5161800200003,-0.0260825558884871,0.0470581471545531,-0.554262279023103,0.9060001,-0.3365430934950582,5.2257947262065334e-08,-5.0468204142661195,0.0,0.0,0.0003082263917739,0.0012114805587033,0.0084812326338417,0.1050703699610588,27.51624400984111,7.000717069631269,0.3390232331679364,1.6955529123663862,56944.02123828,0.0122241661973197,0.0026026180457281,-0.0002041180894905,-3.758831233924836e-08,0.0002040805011782,0.0160642570281124,0.0012599570431224,50.0,0.0314134560953723,-0.0127468596979,-0.4843300738515802,0.8948787823046827,1.379208856156263,0.5729567780181578,2.0,0.6412857204575331,0.0699994417184024,-0.0036236124964616,1.2934006142499517,0.5938249089206487,0.1635934669679593,-0.0278849037338313,0.1825401798627176,7.38905609893065,0.0,,,-0.9323598354790096,0.0,0.0,0.0158490451487876,-0.0438447764485469,0.0052355714359092,0.2366695204738258,0.1407909104543877,
5BZQ J0648-1744,blazar,1.232,169,21,3634.2163929000017,-0.1293995540289086,-0.046382634680437,2.789827592167505,0.5690003000000008,-0.68001035936801,2.7981791485217036e-24,-3.482479774168379,0.0,0.0,0.0014181722242732,0.0015456060498564,0.0275009096635016,6.332808732175753,19.39179824100939,17.792961957067394,0.0322000905802489,1.569343672160531,56748.56866913,2.0283814565453087,7.273742107782239,-0.000198389657082,-1.208914018545974e-07,0.0001982687656802,0.0236686390532544,0.0010814565640025,36.0,-0.0660590837403185,-0.0216701925494454,-0.9623325015411096,0.731845350488546,1.6941778520296558,0.7167892253731992,3.0,0.6017288791394757,0.0541647974129551,-0.0041878214017594,0.072216736173115,0.3120854147743122,0.1354565944421302,-0.0280313843790498,0.8989836174871637,100.6407692703031,8.09490876786049e-14,0.1792264634625462,0.5821154733062278,-1.027265466419902,7.809134575223054e-15,1.2228343870216762e-23,3.0303774576493483,-0.2888198045925242,1.0334022432458754,1.3430706933542276,0.601734181610317,
5BZQ J0648-3044,blazar,1.153,213,21,3638.09613269,-0.0519653211621372,0.0381316711886327,-1.3627863542898782,0.8530007000000008,-0.2644308848095396,9.372301534378066e-05,4.083831387824504,0.0,0.0,0.0006746766992235,0.0062637918499976,0.0181048401463811,1.5499544188990388,26.834838286814335,2.8903961972327665,0.0924129150153474,1.6865088222692823,56941.84974396,0.0628917190496093,0.0602664377837,-4.4573327495750416e-05,1.143500140009587e-07,4.468767750975137e-05,0.0328638497652582,0.5248555391649607,42.0,-0.042407530787516,0.0097706319374338,-0.8273838133617637,0.4719136504548099,1.2992974638165735,0.9295349720842015,0.0,0.6346314039707452,0.0623223934714183,-0.001403128507041,0.9638953756412948,0.5549626365962614,0.1466963924277533,-0.0022833041750955,0.5499067797848324,74.36841048907161,1.5596574903931673e-14,1.351739422567108,0.4603577638253293,-0.9237475987468484,-1.2983022234802355e-16,2.3459365687144214e-25,0.0922816775083617,-0.1118813364620814,0.0313656078515827,0.8068839726218429,0.3747719334054077,
5BZQ J0648-4347,blazar,1.029,317,20,3446.309370879994,0.0320722599942705,0.0061091041486605,5.249912133402181,2.1869993,-0.5190702784869909,2.883657217211922e-23,-0.518951445307049,0.0,0.0,5.930063149006771e-05,0.0001673619598222,0.0007553924890129,0.0161943017381995,12.738354673358696,4.513525566393382,0.2575951155673884,1.417776760829471,56949.54578994,0.0615205474064488,0.2596715586542416,-1.5946636625512343e-05,3.6054424171533613e-09,1.5950242067929498e-05,0.0220820189274447,0.0111621468309254,69.0,-0.1688043125872287,-0.0235919392198568,-0.7069332752225583,0.4733834635910436,1.180316738813602,0.520530119731112,0.0,0.5763652853908452,0.0511617573969708,-0.0010979974642714,-2.4838380973967036,0.6268133597286741,0.1106758769999655,-0.0065143247428223,0.0250565852558123,7.38905609893065,0.0,,,-1.230201498170703,0.0,0.0,0.0876316955286197,0.0650746155283748,0.0296097947617633,0.035691344480691,0.0175906084182804,
5BZQ J0650+6001,blazar,0.455,198,21,3634.238286579995,-0.0298104549679268,0.0327456647418792,-0.9103634084972926,0.5609998999999988,-0.3789136842881618,3.698417029602805e-08,2.537250549152358,0.0,0.0,0.0001404421838892,0.0004847390989484,0.0009173357724553,0.0183969995527762,6.531768023823307,1.8924319753716956,0.341201884721491,1.176868388992902,56742.32847422,0.0989130247249725,0.937366931317775,0.0002008687313722,-9.596395533962229e-08,0.0002009646953275,0.0202020202020202,0.0023435038740492,44.0,0.1893405208424918,0.0261248928775099,-0.7968017410926012,0.960440757471356,1.7572424985639572,0.9980890411187724,7.0,0.5167948828753862,0.0291776087033796,-8.660768285551365e-05,1.317668364848808,0.2852236462248421,0.0661694337265524,0.0026226899363764,0.0944265887149203,6668.940875851539,7.028755951515345e-16,-0.1300969640259447,-0.0337815677271236,-1.6894486261782589,-1.0216440725144736e-18,4.183606960607097e-28,0.1193122344927526,-0.0433742119783335,0.0385811733132603,0.1139005436991848,0.0782821606179964,
5BZQ J0654+5042,blazar,1.253,280,21,3634.19970641,0.1201439214920586,-0.2457755993174855,-0.4888358397892069,1.5649996000000002,0.6794626325347769,2.8932354936116732e-39,-0.0994989652678987,0.0,0.0,0.0001482745817739,0.0002608303007241,0.0009770646907397,0.303804920485593,6.589562907280008,3.7459784552674487,0.0326661356475668,1.1800456935965546,56743.70932955,0.0403123783426303,0.0466571728848146,-0.0001050482075333,-2.5780001117898985e-07,0.0001047904075221,0.0178571428571428,0.0014419517316927,57.0,-0.0305945022712473,-0.003867763863145,-0.4955275995823849,0.3891393424081837,0.8846669419905686,0.6097578195856971,0.0,1.1501759838663197,0.238073944693109,0.0417555627560364,3.1614309025648635,2.549665428193285,0.4694230324921959,0.2329936798043932,0.2919380700562671,228.37677801456636,8.384705353994055e-15,-1.7570262787884452,0.4752101418440403,-1.2290226022865516,7.095113978452146e-16,5.736117802334353e-26,0.0605088664637796,0.2706842551216082,0.020651388977918,0.438198945906588,0.1944957593904074,
5BZQ J0656-0323,blazar,0.634,142,21,3633.9472015400024,-0.0366641809529593,0.0388407595527892,-0.9439614820901814,0.478000699999999,0.236817102431998,0.0045462979866195,3.979682082453117,0.0,0.0,0.0013182591616591,0.0041326953689061,0.0166727524802343,0.9697486491582152,12.64755288831278,4.034353124995317,0.1223726813243266,1.4151965917635505,56749.29551363,0.1823789476904887,0.5041753543764224,-8.490159927937736e-05,-1.4929602173432956e-07,8.475230325764303e-05,0.028169014084507,0.0016221849144505,31.0,0.0228546752389539,-0.0068966063906752,-0.9304619446336996,0.9732498359399636,1.9037117805736632,0.634007324565927,3.0,0.6562204893978681,0.0557265461117996,0.0048616589586941,0.6527240380947894,0.296300508182848,0.141757405798917,0.0255685125203349,0.4370326357520772,8.012993251480554,2.772835398407401e-15,-1.2137613343050713,0.0752416897000278,-0.7245445911412165,1.917562992280156e-16,8.642320988610461e-27,0.2331313784889702,-0.0599092716771355,0.076711461628751,0.5586501189296161,0.3418911376558239,
5BZQ J0702+8549,blazar,1.059,462,21,3634.86719461,0.0396928527961878,0.0167557013077555,2.368916231385413,1.1589994000000008,-0.6022249850718202,6.193838942494375e-47,-8.110655068055168,0.0,0.0,8.911677060682819e-05,0.0008348567311592,0.0015443631103337,0.022348363224857,17.32965728546863,1.8498540538081256,0.4014779962903597,1.5287928048989468,56736.73656174,0.0121301373112284,0.0019216595513102,-0.000318740849726,1.102938304918606e-08,0.000318751879109,0.0086580086580086,0.0010817960574955,102.0,0.0066782987956908,-0.0153663502588142,-0.5291332661108847,0.4847973852815672,1.013930651392452,0.1848296168789978,0.0,0.5314483815533426,0.0648835364068773,0.0027921798790505,1.4364007696785237,0.6923299158953954,0.1525884307776287,0.0142607097771898,0.0351035677261775,262.70139688992145,0.0,,,-1.034407483436197,0.0,0.0,0.0174057960466817,0.0817275839073507,0.0058901457313386,0.0503708675900261,0.0244637530791773,
5BZQ J0713+1935,blazar,0.54,212,21,3633.9114214200017,0.0040483288201253,-0.024514932709603,-0.1651372601377574,0.9940004000000008,0.0553304666440426,0.4228567798315946,-7.511575970354829,0.0,0.0,0.0019179389134421,0.0057749486473643,0.0371294721018841,1.7161255715486603,19.359048310818565,6.429402989133162,0.1326870364140626,1.5687340316288676,56750.74818751,0.8810586795943047,2.6222293097949128,-4.385616500740612e-05,4.184865188914283e-07,4.427465152629754e-05,0.0235849056603773,0.0012620566187505,44.0,-0.1436392154924514,0.0005624002564896,-0.9184969635205048,0.7248372487754386,1.6433342122959431,0.7805985267915683,3.0,0.7450387493698448,0.0941298454301279,-0.0083193043821816,1.406578014818738,0.742080497630002,0.1917103519266215,-0.0394353865957929,0.6492189297515308,12.525015620871454,7.990644634107357e-15,-2.499596612058665,0.3655588046576705,-0.630638550942205,-6.400490087093773e-16,5.852752687325845e-26,1.0933650676732949,0.006234426382993,0.3566822598204175,0.8056595043015962,0.5231555222737637,
5BZQ J0717+4538,blazar,0.94,229,21,3633.967828460002,0.0019401720800082,0.0179775504855022,0.1079219375060498,1.6669998999999986,-0.0345491663496036,0.6029813070961582,0.8954335511605753,0.0,0.0,0.0007858405544155,0.0045362890057508,0.0265172722672092,5.620011156357336,33.74383274631091,5.845587048741105,0.0377302008214307,1.7691379860959782,56748.51442332,1.2995611562435474,3.942607150543962,-4.133497834182987e-06,-2.243692519303533e-07,3.909128582252634e-06,0.0305676855895196,0.001982321779605,49.0,0.0450663147210648,0.0012291504159229,-0.5714503720990064,0.5533524950720186,1.124802867171025,0.6401658984743349,1.0,0.6819845089800128,0.1319296831605566,-0.0035412051333308,5.916336948741039,1.6595381356472585,0.2035941704527321,-0.0363657313142485,0.9570499921202296,131.96902653867517,1.3189799416374444e-13,-2.551456021519738,0.6940146471151092,-0.6428401730212898,1.5618120817239982e-14,2.1986412066770626e-23,1.8100792374106465,0.0037639338352159,0.6086459982340018,1.3330163890926556,0.6871218500477607,
5BZQ J0719+3307,blazar,0.779,230,21,3634.054930940001,-0.0385659993641082,-0.010916453185083,3.5328323870620544,1.0459986999999984,-0.3186814477936042,7.973726264741517e-07,-3.333082551307051,0.0,0.0,0.0008734633368724,0.0085832680720254,0.0528298080616763,3.1614170231678265,60.48314310518881,6.154975891724047,0.1045180703380337,1.9796153021057,56750.09226656,1.536322520400527,3.67453659451933,0.0002839265162912,6.365820929089034e-07,0.0002832899341983,0.017391304347826,0.0012616993292313,50.0,0.158795665189995,0.0056633559418532,-0.5737446131417574,0.9127554106640584,1.4865000238058157,1.0547416920567472,6.0,0.6988698265785032,0.0787534028319574,0.0062895610391363,2.686337318045654,0.8421713927183744,0.1588361202684562,0.0229795590455431,0.8175687487161124,15.186397022693498,3.9071775283236135e-14,-2.9421937898920776,0.6648245595243217,-0.5257048088084573,-4.3525521419378476e-15,2.7521192907729345e-24,2.049134054038731,-0.0686089128687486,0.6819559709619393,1.0904663195819446,0.6129658907149772,
5BZQ J0724-0715,blazar,0.28,130,20,3442.283078319997,0.0386989267762038,0.2287375399408137,0.1691848517135282,0.455,0.0321119253555787,0.7168367164696636,-4.57086185622231,0.0,0.0,0.0002650273543422,0.0007656390295871,0.0053526021269395,0.4296625958722838,20.196413762753444,6.991025683258186,0.0841864935546814,1.5840068085926642,56951.18297338,0.1392842331931352,0.7011472445133992,-0.0004725372516743,8.963270249947758e-10,0.0004725381480013,0.0307692307692307,0.0010800624503639,29.0,-0.1073162966489106,0.0243642194145745,-0.8557888572947712,0.6898260749256911,1.5456149322204622,0.9517339728053194,1.0,0.8050372258065326,0.0614023667126054,-0.0057316329280649,-0.2221875239292626,0.3282363787044892,0.1515613112252024,-0.0398584177668593,0.2578774150466825,24.063536172309092,1.4021712100321905e-15,0.4290228779262587,0.4717756189409972,-1.1690438296793384,-6.36535288608968e-17,1.5453944366200978e-27,0.1575821212851749,0.0495346262735408,0.0498546806975604,0.2917549902309872,0.2279335861179587,
5BZQ J0725+1425,blazar,1.038,190,20,3442.09665272,0.0460345781365859,0.0270773182748831,1.7001158559814795,0.502999299999999,-0.0426587941475185,0.5589534054295932,0.7539157624027378,0.0,0.0,0.0003005363143592,0.0010477141232397,0.0075069337009452,0.7650231020265607,24.978457901072677,7.165059177180388,0.0683358279761756,1.6606531267218316,56948.21994765,0.4821730966872384,6.072912342079405,0.0005588796573825,-1.1110927071849374e-07,0.0005589907666532,0.0210526315789473,0.0009001700479226,38.0,0.0649707116575865,0.0187258694472496,-0.7397785332705453,0.9578492701151772,1.6976278033857226,0.9565812126314124,4.0,0.6702818031365182,0.0569533445609125,-0.0014416158109201,-0.1775731414738655,0.3014716381821085,0.1444530004473116,-0.0044678404260241,0.370054578419312,36.923603742475,7.904288942941303e-15,-2.382631848432591,0.661390022127928,-1.0570763940969463,5.329964857945422e-16,6.393695528392881e-26,0.6883432605570731,0.0938184702423621,0.2326908392561088,0.5282845037255353,0.2592171264600271,
5BZQ J0726-4728,blazar,1.686,418,21,3635.02342102,-0.0055637784198402,-0.0788241364052694,0.070584705060826,2.0230007000000008,-0.2377895409132851,8.753368135618688e-07,-1.29377972548282,0.0,0.0,0.0008096471930246,0.0024761618180859,0.0087792986733839,1.4214089254843936,10.843363304630357,3.545527035314996,0.0548006734207149,1.3596851010890565,56775.15663455,0.0485645723969993,0.0152396517621185,0.000181359795628,2.8791356927206065e-07,0.0001810718820587,0.0095693779904306,0.0018017342642055,88.0,-0.0923634599294581,-0.0065296810489595,-0.5741069877686784,0.5656832910991995,1.1397902788678778,0.444237934612841,1.0,0.6752715777962578,0.1583560764357302,0.0011165725877735,7.559457122603364,2.340438784785506,0.2205813078650724,0.0106686435918125,0.7796644311240929,7.38905609893065,5.3083059006141065e-15,0.8265076751160707,0.6004675504200051,-0.0118567440669832,-4.511198591542845e-16,9.832479873257961e-27,0.079592578303443,-0.0149443088356909,0.027514517383576,1.2777936512519965,0.4757236229530888,
5BZQ J0726+2153,blazar,1.857,106,20,3438.567987399998,0.2624926841552851,0.0255444138537183,10.0,1.8339997000000017,-0.6845602666131139,5.934595151299994e-16,-2.777214390918547,0.0,0.0,0.0033862005242747,0.0162248077647809,0.0539585655160654,0.0856679868095721,15.934840572292234,3.32568288604732,1.01480058341807,1.4985281699929698,57114.94821049,0.0536387904615878,0.0102505825278272,-3.215729826947605e-05,2.9194683692279295e-09,3.216021773784528e-05,0.0471698113207547,0.4582812789322441,23.0,-0.1053840636631329,-0.0009104649355009,-0.9813214733072452,0.5564888907899005,1.5378103640971457,0.9388532808897014,2.0,0.6350294911892995,0.1518856657128419,0.0058553919438801,1.077854921006679,1.0603738524629769,0.3343324011269083,0.00589271020244,0.3781513609530361,7.38905609893065,0.0,,,0.1071168871942565,0.0,0.0,0.090663837273272,0.7499415986316498,0.0314457215373171,0.6391764832703403,0.2237229552923837,
5BZQ J0730-1141,blazar,1.589,130,20,3442.486694940002,-0.0522601008542958,-0.0823374342977924,0.6347064527816718,0.3830003999999984,-0.1647227917698913,0.061095495895185,6.126259689831626,0.0,0.0,0.0001763601358299,0.0009746954884241,0.0041977138191974,0.4903065260505344,23.801942404058114,4.306692566800889,0.066221118441479,1.6432518518796744,56953.68236168,0.0528054431018508,0.0325563881276486,-0.0001064082267335,-5.146703235640912e-07,0.0001058935564099,0.0307692307692307,0.0014398509514129,27.0,0.0555529050394832,0.0084042778003523,-0.7147338669924246,0.7791518838946092,1.4938857508870338,0.7730180801434159,2.0,0.6357902239383363,0.0453931444513404,0.0014508891240003,0.2037469943924208,0.2265952197096992,0.1061047393671015,0.0047919506448388,0.4417488071008975,253.4256609161925,2.5866022852390128e-14,-1.6797045057571791,0.4673668022464805,-0.9632137684062024,4.297705825831812e-15,7.572419940210613e-25,0.0849659106468134,-0.1353014011117718,0.0293056193770532,0.7107901660833847,0.2745423584717593,
5BZQ J0731+2451,blazar,1.089,137,19,3285.140640040001,-0.188929109570936,-0.2335761118669938,0.8088545873154986,1.9890001999999996,-0.6821533470830403,4.4069137873520464e-20,1.3941048575118415,0.0,0.0,0.0012211953878473,0.0056001905212155,0.0136488709174214,0.0959941250577208,11.176647932075811,2.4372154595950493,0.6042964236030292,1.3706039147805755,56948.21803753,0.0147393307123666,0.0004359722872867,0.0001672683508995,2.783880437337717e-09,0.000167265567019,0.0291970802919708,0.0012603069130772,29.0,0.1204684571529284,0.0163591812743609,-0.6627232219867037,0.920183081654516,1.5829063036412196,0.8292617779125517,2.0,0.6607138719779017,0.2053387406319507,0.0094578583339493,1.429787830384902,1.3450929729382797,0.4691520739569603,0.0252253352349259,0.0595896543114164,7.38905609893065,0.0,,,-0.2662953248733035,0.0,0.0,0.0213033049105894,-0.3946729098936854,0.0072195881392947,0.0861271519097963,0.041228890334991,
5BZQ J0736+2604,blazar,0.997,223,20,3442.341269680001,0.0253806911447877,0.1327365651493097,0.1912109983879576,1.2889994999999992,-0.5615013371748032,6.305140481630407e-20,-2.026292602275702,0.0,0.0,0.0005885142822224,0.0015896443891451,0.0059322690078931,0.050789092678642,10.080076519826346,3.731821434195939,0.5024583285331984,1.3333586714473284,56949.0726023,0.0877585314858831,0.0504102312636429,-8.322918897692876e-05,-1.937615721662008e-08,8.320981281971214e-05,0.0179372197309417,0.0010804113347128,45.0,-0.1053993471152107,-0.0088336313989112,-0.4728243410766626,0.4817725590435591,0.9545969001202216,0.3216890298052919,0.0,0.6309660575124114,0.1179900131227128,-0.0004536193673178,1.8487073407539265,0.943772145673187,0.2550230871567901,0.0042412836847592,0.0611791326788382,183.73762769260364,0.0,,,-0.6709959281754634,0.0,0.0,0.1240161885302552,0.050685240216141,0.0418333285396984,0.0864554445471411,0.0432926612654687,
5BZQ J0739+0137,blazar,0.189,198,20,3442.365851130002,0.0121116817293542,-0.0527641303722998,-0.2295438519292382,0.2379998499999995,-0.083412877556578,0.2426740995727437,-4.995082549209859,0.0,0.0,0.0006107661578289,0.001832275442004,0.0127456328093078,0.9615566023152464,20.86826950881894,6.95617728108133,0.0884404289547282,1.59580976641703,56953.35128314,0.1168737389443912,0.268822052143388,0.0006115730769019,-3.760281773186926e-07,0.0006119491050793,0.0202020202020202,0.0009001683230675,41.0,-0.0627890730710167,0.0067084926603299,-0.92761086784542,0.9701132648680164,1.8977241327134364,0.9089806722996384,2.0,0.6878587977372633,0.0270436476257944,-0.0010552057330309,0.2224398364171376,0.1524221504056362,0.0678476550947421,0.00388395915159,0.4426520278526104,21.768886185646465,1.152456032081569e-14,0.7968442072197308,0.4800869540324127,-1.3398883669042696,-1.0743419289002152e-15,4.121489863071146e-25,0.1274406169414084,0.0144007895762021,0.039765794314426,0.4826734220143589,0.405949051315693,
5BZQ J0741+3112,blazar,0.631,202,20,3442.214441010001,0.007390858665629,-0.0266660149126117,-0.277163974063988,0.2430000000000003,-0.6294638326719648,1.0869942077044356e-23,6.549867314173719,0.0,0.0,3.212226350471202e-05,5.890326159931624e-05,0.0001921524275429,0.0054549312506083,5.981907891790086,3.262169514276378,0.2378865279367756,1.1451514259523536,56949.26895723,0.0554271348603767,1.719406114925667,3.4691415416517137e-06,-1.911754079406693e-07,3.660316949592383e-06,0.0346534653465346,0.0016204423545544,42.0,0.0360137625178556,-0.000472005200221,-0.8033569978882169,0.5846491014116487,1.3880060992998655,0.8460813216943036,3.0,0.6635046423427585,0.0250658770448821,-0.0033230947519125,0.1379847920289064,0.1480180007197653,0.0632125033906331,-0.0164622395799602,0.0557848185845688,2737.194822523302,3.0767402982137023e-16,3.5769712624280623,-0.0135823429541595,-2.13155983311246,-1.1233392697090665e-17,1.5157312425457583e-28,0.070786332238451,0.0120544904836409,0.0232860949045021,0.0712431323057958,0.0436806451905553,
5BZQ J0742+4900,blazar,2.312,251,20,3442.478020680006,-0.0330021971060551,-0.0109612379918228,3.0108092836479625,2.1460009000000007,0.0304939296052753,0.6306479451311775,-3.6286215960624295,0.0,0.0,0.0010376861667065,0.0018567636224917,0.0103553652378023,0.9091890204134102,9.979284257675966,5.577104757324321,0.0847945972975618,1.329734086316971,56943.74198602,0.3960954487050219,1.061590593940463,-3.183864819525731e-05,1.4068259113540466e-07,3.1979330786392716e-05,0.0239043824701195,0.0027005054894061,52.0,-0.0148236148268674,-9.025871203373312e-05,-0.477631279264994,0.4209830247810887,0.8986143040460828,0.4399684707831077,0.0,0.7148435968471848,0.1672223406026909,-0.0018330429150893,5.826091642178374,2.212879388723812,0.238069167355611,-0.0381531039930753,0.4410557741064683,433.19519181191066,1.2209788444877612e-14,1.103164035957026,0.3190637286516942,-0.7697233319895144,-2.7496564700876578e-17,4.958882796082684e-26,0.720850188356614,-0.1093032768152545,0.2513933651277585,0.8026730397429808,0.2423529709368903,
5BZQ J0743-6726,blazar,1.512,550,22,3813.054012519998,-0.011813258010259,0.0532096664941074,-0.2220133819400512,1.7270002000000009,-0.4835893912197334,1.3994485798802745e-33,3.3928612021054056,0.0,0.0,5.094073152209e-05,0.0002975426422721,0.0007043005708382,0.0139823126503184,13.82588227471666,2.367057585739343,0.3077940891653702,1.4473249108542734,56666.68988147,0.0947191415289119,1.016766658137232,-5.830738498980393e-05,-7.125322143839707e-08,5.823613176836553e-05,0.0109090909090909,0.0032468180424418,120.0,-0.0132475669808753,-0.0026030592765996,-0.5206905067520378,0.4341230319461092,0.954813538698147,,0.0,0.738077340354579,0.0610436330134012,-0.0033466858876241,-0.5532133715565332,0.8911476497994355,0.122716932290842,-0.0193141138353304,0.0825163484061368,5206.163087290657,5.47509948753431e-16,1.7193824568429987,-0.0467884828349944,-1.3754629159212022,1.0264042665764997e-17,2.1266525137300423e-28,0.1501231162053292,-0.0296749041217706,0.0516744545824391,0.1307825552539741,0.0520631191297667,
5BZQ J0743+2328,blazar,0.776,150,20,3442.3002688600027,0.0643196144486767,-0.058684079677522,-1.0960317483399724,0.9560003999999988,-0.5349287095503479,1.7693101446337717e-12,-6.173050447921429,0.0,0.0,0.000281589821273,0.0009850161020924,0.0039505607621166,0.0524712408478899,14.029487039788169,4.010656018428318,0.3653061478935757,1.4525975889769875,57117.96866988,0.0620997794595846,0.0632662895588478,-3.65783353596335e-05,1.4305210557802156e-08,3.6592640570191296e-05,0.04,0.4584503756605138,31.0,0.0990437727368125,0.0144722242108339,-0.5435951898908796,0.8407998126568783,1.384395002547758,,2.0,0.7496579426411407,0.1174847539480522,0.0106084189409145,1.0865752124601589,0.7224376668481705,0.2273817347838184,0.0290512866072846,0.0500787753190381,697.4002322636024,1.4503892858778863e-16,12.124632423681808,-0.0067567567567567,-0.8309333401264611,1.8037925617573127e-18,2.0492662285730396e-30,0.0827582957379983,0.1142316352608499,0.0275362507848006,0.0667383062245331,0.0375778751264263,
5BZQ J0744+2920,blazar,1.18,218,20,3442.3194963700007,-0.0071359183167807,0.0288420805836845,-0.2474134380172771,0.4890003000000007,-0.3801178245253922,6.660927798665545e-09,4.382419071354005,0.0,0.0,0.0001159263005828,0.0004506079237606,0.0010186735579057,0.0119141796029044,8.787251417472048,2.260664985967351,0.4595874599761678,1.283852993445791,56950.18986502,0.1116852280723225,0.6439138792092762,5.081059819605776e-05,-6.431098258565298e-08,5.087490917864342e-05,0.0275229357798165,0.0012603055989028,47.0,-0.0061283685134531,-0.0023192008568643,-0.5835351990988757,0.6117083333519507,1.1952435324508266,0.3357408118195306,4.0,0.6973949052914596,0.0544171931213046,-0.0006453565011555,0.5923587064003729,0.3176696250379011,0.1357006283441376,-0.0006751269671515,0.0819318783265001,3916.0161297578984,2.808666774861361e-16,-3.5597846340826855,-0.0091277890466531,-1.3482657720899385,-5.96771865833956e-18,3.449758137303286e-29,0.1649012630929653,-0.015556301930582,0.0561136874851815,0.1209709686483346,0.0554912700221718,
5BZQ J0745+3313,blazar,0.61,209,20,3442.3295550999974,-0.0360944818177155,-0.0302823574508986,1.1919310402514374,0.4579991999999997,-0.4313256287272731,7.035259920034175e-11,3.8169567962094426,0.0,0.0,9.464188750759788e-05,0.0005143029886379,0.0008595235527979,0.0736583385123873,9.08185124316256,1.6712396585582845,0.1130332224219755,1.2957466019766954,56949.72877436,0.16072157578497,1.1049927131451858,-0.0001910968570751,2.4737311952512592e-08,0.0001911215943871,0.0191387559808612,0.001080062340861,45.0,-0.107481866219157,-0.0181201375674842,-0.647373540301983,0.3844016801643696,1.0317752204663526,0.4949826938635164,0.0,0.7312970728794315,0.0541996606432798,-0.0008941812608899,-0.0269298605386719,0.307951373669613,0.1404158955361221,-0.0149362737671979,0.1003457903997914,707.2599019498332,8.140289677804162e-16,-0.8510733080655115,0.2402508862830652,-1.5111168929468612,-5.697169794037845e-17,4.181034512622142e-28,0.2039328176770826,-0.0581121157265219,0.0669631188752578,0.1273245342345448,0.0790835616363632,
5BZQ J0747-6744,blazar,1.025,30,16,3473.773264350006,0.655088981249219,0.2511812744794844,2.6080327150451024,1.8560007999999983,-0.4624069539778721,0.0100886929950635,-3.2811821388110936,0.0,0.0,0.0128269780856397,0.0180116172459011,0.0125340723756273,0.0229817930514921,0.977164870086,0.6958882261271537,1.3537033165073389,0.4916684759107118,57208.25519779,0.0812480513545089,0.0098835491470788,-1.017611073315994e-08,-1.5573721359675903e-08,5.397610626515962e-09,0.1333333333333333,0.9890417586310852,6.0,,,,,,,,0.9051114472628252,0.3388747308991065,-0.0425359681614914,1.4406890331169246,1.713278856591862,0.6652206074617134,-0.0514926320873722,0.0960108321986831,1152.7932025671705,0.0,,,-0.0817603435788272,0.0,0.0,0.1156180039787595,1.3265551870296683,0.0390580002794724,0.1366258094082317,0.0674695355102379,
5BZQ J0749+4510,blazar,0.192,236,20,3445.3931725099974,0.0393233560669337,0.0190626305561803,2.062850452409606,0.4529991999999989,-0.6602673770334573,6.290532042676769e-31,-2.452572826427377,0.0,0.0,4.388929900300726e-05,9.111206233437812e-05,0.0004497259255584,0.0381897590627075,10.246823839242554,4.9359646692228285,0.0885620714518514,1.3392762228963342,56947.62235078,0.0520426485098114,1.8929663633128435,0.0001565778520893,-1.0770720628259706e-07,0.0001566855592956,0.0254237288135593,0.0079216108966426,50.0,0.0521983893250173,-0.0030805751389589,-0.3654159088518353,0.8064824305355567,1.171898339387392,,2.0,0.752781399702816,0.0349657781221606,-0.0055315170241907,-0.3345187186091299,0.2974714046313014,0.0822315489965916,-0.0167905027788549,0.0795764863305208,1116.4052880713143,9.890336306082088e-16,-0.2041946839432792,-0.1097260948007216,-2.260697697285334,-2.0220349154484874e-17,2.2327756832780188e-27,0.0568195144170346,0.0468734404317849,0.017738244931774,0.0868806150682659,0.0728864220371358,
5BZQ J0750-6726,blazar,1.237,536,22,3814.7087674399954,-0.0707725977977883,-0.0466734834201601,1.5163341711756375,3.2500000000000018,-0.5057325475551574,3.786594664214946e-36,-7.363092898138801,0.0,0.0,0.0001620506794945,0.0003712400429625,0.0012587132073954,0.0139985020384766,7.767404638810217,3.390564212739843,0.4435744455411216,1.2393581563733171,56666.29449652,0.0950941671677366,0.2100433098863925,5.677581489313408e-05,5.7584564556177426e-08,5.671823032857791e-05,0.0074626865671641,0.0014433402327143,116.0,0.0314880151095942,-0.0004693371491215,-0.4397955554476884,0.4796181613035876,0.919413716751276,0.5182568538633583,0.0,0.563053969111095,0.0727415441078072,0.0023254653181559,3.638541605825925,1.297167233091144,0.125860209132261,0.0166882457409907,0.085899604444047,4344.777940542141,3.9720546451956367e-16,-1.540405150850606,0.0927051671732522,-1.1233899872117583,-1.4161878623842954e-17,7.371416914983476e-29,0.1422285790824087,-0.1583183012736526,0.0485115951363887,0.1284766358200239,0.0574325595976861,
5BZQ J0754+3033,blazar,0.796,203,20,3442.2800236299954,0.0305557924861966,0.0966811837975282,0.3160469419798087,1.1359996999999993,-0.3605151775782519,1.266781015440086e-07,0.4712224536112246,0.0,0.0,0.000136433524288,0.0006216130726476,0.0019318558144216,0.0176354301304559,14.159685534348432,3.1078107850684575,0.4870933580852648,1.4559293303224918,56951.9650827,0.0563286773167319,0.0781811570912116,0.0001855677609693,-2.0641811854566087e-08,0.0001855884027811,0.0197044334975369,0.0010804113073221,41.0,-0.1146707662265286,-0.0041054132582195,-0.8948845921660451,0.4156154967326286,1.3105000888986738,0.8413211073918764,0.0,0.7296507879986694,0.0939721726329756,0.003961401581983,2.9497608103645336,0.9732233278529911,0.1831040792633814,0.0268390285175159,0.0462351352951408,1444.957621987758,0.0,,,-1.2124391671163344,0.0,0.0,0.0754888344015292,0.0548782033052091,0.0251528479940189,0.0619619816776781,0.0344999897982617,
5BZQ J0756-1542,blazar,1.42,112,20,3442.699353810007,0.1925277219038637,-0.3877544921314157,-0.4965196427398531,1.1540003,-0.1963473951118095,0.0379979545147129,1.8851194271375808,0.0,0.0,0.0018024656720251,0.0135365667209924,0.0145748419581977,0.0909849659311833,8.086057990627987,1.07670151948636,0.776836830916304,1.2538591375735555,56961.63894697,8.095461387587725e-05,4.2390398282662146e-08,-6.039809464636795e-06,2.897838240535605e-08,6.068787847042151e-06,0.0535714285714285,0.0019802311841321,23.0,-0.134053911741868,-0.0373228832513499,-0.9561044922479304,0.5419505065088208,1.4980549987567513,0.8182782985560071,1.0,0.7666004473703342,0.181450136180641,-0.0123159723483756,0.9231353041816256,0.8872825873161638,0.4549754814119893,-0.0464669848333094,0.1829927732347332,7.38905609893065,0.0,,,-0.209998997330443,0.0,0.0,0.0001259358241679,0.4659170870073502,4.323187721541268e-05,0.2846699478973064,0.11763220987492,
5BZQ J0807+5117,blazar,1.136,256,20,3446.2161591900003,0.1297095714877564,0.0744861249941426,1.7413923935223694,0.9519996000000006,-0.53906864348501,1.064076274634113e-20,-1.7455167404521563,0.0,0.0,0.0001145720394813,0.0018216072480849,0.0010392082131139,0.0271008011724083,9.07034743160835,0.5704897219946831,0.4011923611952894,1.2952894535883983,56949.79116993,0.0213582208594181,0.0083080037264842,-9.178189858331989e-06,9.479867588824749e-09,9.187669725920814e-06,0.02734375,0.0118824210266965,54.0,0.1152906008918911,-0.0072191308611685,-0.6796263152092364,0.5746725584362737,1.25429887364551,0.8213676087741368,1.0,0.6486961718496541,0.084758078474682,0.0024350159864587,0.7122326952011474,0.6155499427133251,0.2137942080802159,0.0204619235895047,0.0262344272854539,949.5937446256954,0.0,,,-0.901861879520959,0.0,0.0,0.0312151694841691,0.2770596446978476,0.0106017093909233,0.0383417747866601,0.0179502690948783,
5BZQ J0808+4052,blazar,1.418,207,20,3442.4007404700023,-0.0076721935897259,-0.0136745894456039,0.5610547665979382,1.2730006000000014,-0.3794144322746037,1.720326018631624e-08,-7.916814844612736,0.0,0.0,0.000262390526765,0.0017438097301889,0.0287396328142337,2.2218909606852963,109.5299935520638,16.4809453119857,0.0758019220118501,2.193795544875325,56952.48907809,1.2616553899261111,1.664319233324955,-0.0001745974735903,1.1921375073056683e-06,0.0001757896110976,0.0193236714975845,0.0010800622313581,43.0,-0.0335704886643194,0.019439588294308,-0.7091224439071577,0.7642760450381354,1.4733984889452931,0.7483096728431009,3.0,0.6450769213243416,0.0828793981570039,0.0074792048813693,0.1014717054460831,0.7152005497173293,0.1806031187254827,0.0435962118807085,0.9169078763403676,157.5647062192935,1.2148105588468637e-13,0.8527618379115529,0.6868771642426237,-0.8282324356490948,1.0437619743820024e-14,2.4952384801858804e-23,1.961863989384532,-0.0185513640999573,0.6734363944530345,1.425784377048127,0.5896544156526581,
5BZQ J0808+4752,blazar,0.545,232,20,3447.3070645400003,-0.0291766721843615,0.1284832529691578,-0.2270854100445707,0.7179994000000001,-0.3764343955989838,3.180986233259717e-09,5.379781045278029,0.0,0.0,0.0002221699966111,0.0005544250638641,0.0030181315594959,0.0117369010809772,13.584784588142544,5.443714129763059,0.7097607719573868,1.4409799461278463,56950.646626,0.2103091920659857,1.536626558835102,6.2851953364082856e-06,-1.3017969732283557e-07,6.415375033731121e-06,0.0172413793103448,0.0140428947844025,51.0,-0.0383109862313045,0.0240654111490751,-0.6941917143548447,0.600540165087363,1.2947318794422076,0.7249784693376048,1.0,0.7469347493765162,0.0695578901613957,-0.0033628088001319,0.7522359624489351,0.5272433310115017,0.1621113163620902,-0.0217178308412635,0.1600748879481213,5523.751275873027,1.780792194218199e-15,-0.2463480472537777,-0.0818120805369127,-1.3350819185958938,-5.384636360308597e-17,1.4665445189051022e-27,0.2614101804314565,-0.0450779585248385,0.0853198706461898,0.1989699305579302,0.1287831265747121,
5BZQ J0904-2552,blazar,1.635,186,21,3633.522892109999,0.018311456660398,-0.0224568750549435,-0.8154053765538091,1.249000500000001,-0.7216425200883819,3.3015395729844675e-31,1.9398684844940448,0.0,0.0,0.0011893338779973,0.0031679633638453,0.0075425245017924,0.0604480473569641,6.341805808265689,2.3808749133564,0.5903736053190929,1.1662234254260184,56794.57565969,0.0516212417929883,0.0110182988951244,-1.2604552243270532e-05,3.208720836501355e-09,1.2607760964107031e-05,0.021505376344086,0.0012613495414087,42.0,0.1442462889207673,-0.0093086218059902,-0.6685957803749002,0.7139015624333568,1.382497342808257,0.8174017423300233,2.0,0.6013692086967287,0.1148161627538865,-0.0004135279930974,0.7724245363450936,0.7159010524618921,0.2804297117629976,-0.0035612908742905,0.0516438202727813,225.7993202179063,0.0,,,-0.403057389658413,0.0,0.0,0.0837951258260239,0.0482506883001489,0.0289339339428215,0.0838317767567164,0.0318147160367045,
5BZQ J0905+2849,blazar,1.216,205,21,3633.74075117,0.0488529582204174,0.0411468673891483,1.187282564147312,1.1419992000000008,-0.4845040894098094,1.8284296976829013e-13,2.984591992747433,0.0,0.0,0.0005618438464845,0.0021192338921323,0.0051058358944677,0.0458844180394424,9.08764226453245,2.409283803460237,0.5331460789242194,1.295976511121103,56774.97377711,0.0415329715286529,0.0159184479641232,-0.0001150144898459,2.219914979266401e-08,0.0001150366889957,0.0341463414634146,0.0016218397809698,44.0,-0.0396908054432393,0.0002976457212963,-0.5574421495473771,0.848937288092968,1.4063794376403451,0.5627494971076241,2.0,0.7115452705496355,0.1305601004832484,-0.0010366185969479,0.4360400670691552,0.7136842567239765,0.3199981171413598,0.0068996159049726,0.0762594939777148,958.9231239683078,1.25607396694702e-16,14.03584785916505,-0.005050505050505,-0.6447611061305303,-8.096026556147512e-19,5.998187119287935e-31,0.0618269584920993,0.1082581554164451,0.0210703426485226,0.113521676760738,0.0512281934840875,
5BZQ J0909-0231,blazar,0.957,215,21,3633.1804646100063,0.002434762267861,-0.0653796427152156,-0.0372403727941212,0.8269997,-0.5471199072083577,3.4759080316305675e-18,4.7746108775162295,0.0,0.0,0.0005483005341155,0.0010385732273226,0.003424177924342,0.0210321387070218,6.245074927056674,3.297001916631739,0.6491127947663775,1.160679720375273,56787.53846812,0.0757147846073164,0.1642952985638793,0.0004614967472308,-1.1094542195563009e-08,0.000461507841773,0.0186046511627906,0.0010811082820092,49.0,-0.0291134638570821,-0.0001193252355034,-0.6220123504743852,0.4834996986805438,1.105512049154929,0.6257896674897224,0.0,0.8372280821013897,0.0959081093920207,0.0021359243022763,0.9760871776559226,0.6738386037927945,0.219733700423174,0.0176362807484277,0.0277605187125742,197.95431851993348,0.0,,,-1.2803892771733296,0.0,0.0,0.1059195444009979,0.0047648297582041,0.0356504066185646,0.038834971394571,0.0198441345909918,
5BZQ J0909+5216,blazar,0.41,152,20,3442.642816700005,-0.0469720711502481,0.0043584971446336,-10.0,0.4639997000000022,-0.6133725441869583,4.445100649625628e-17,2.4506150098343635,0.0,1.0,3.912852679473604e-05,6.33070247369963e-05,0.0003708044059713,0.0346713573362679,9.476574429699816,5.857239408337864,0.0803513250997655,1.3110914137915963,56959.25912601,0.0938445896415564,1.0176350674355363,2.901407345735665e-06,-1.19573790369991e-08,2.913364724772664e-06,0.0263157894736842,0.0012599569336195,31.0,-0.0513633606109443,0.0043416869676563,-0.9906517294095248,0.7068024353994921,1.697454164809017,1.0695832417600015,1.0,0.6860383945978651,0.0355401726252936,-0.0014698330309228,-0.3974649988404876,0.2796531131958687,0.078041282547801,-0.0096740694409319,0.090237353771654,2644.2479568487433,9.665285240290245e-16,-0.6579008837481637,0.114196323816973,-1.8751580559448784,6.251969832908285e-17,9.819111726325015e-28,0.1114342760421536,-0.0662306203218499,0.0358502325965195,0.107150920771368,0.0759935608307575,
5BZQ J0914+0245,blazar,0.427,179,21,3633.453222730001,0.0236068857037488,-0.0265520768871374,-0.8890786888005988,1.3169994000000005,-0.1709088452741479,0.022170067512906,-4.078619634002191,0.0,0.0,0.0004002798383041,0.0014227085594297,0.0057530338973753,0.2250752718855503,14.372529746630246,4.0437191828223185,0.1656376316889189,1.4613105279547582,56786.88140404,0.0720377939590747,0.0555154438955252,1.889636119460879e-05,3.2306508462517366e-08,1.886405468614627e-05,0.0223463687150838,0.0010811081998771,38.0,-0.0295007295734086,-0.0062214386257311,-0.9410700866230136,0.6438744910985625,1.584944577721576,0.9775835517745256,2.0,0.6902395740251653,0.1112805625551334,0.0057813500029631,3.456411899152933,1.1399716736646943,0.2287787669783317,0.0517556675503608,0.3633263057020643,7.38905609893065,7.272175050076181e-16,-0.0808626996170949,0.2187022900763358,-0.5766569302653007,-4.177197212680746e-17,1.8627426491360834e-28,0.0860542633654218,0.0336870258992496,0.0277395772072669,0.4340190874839053,0.3041479239550843,
5BZQ J0920+4441,blazar,2.19,256,21,3633.922343340004,0.0064762417989744,-0.1121358640670771,-0.0577535283011733,0.8220005999999991,0.0220309963336486,0.7257282863399085,0.5969482288854215,0.0,0.0,0.000244491247451,0.0010044487211765,0.0031449537057473,4.020763930854879,12.863256765515038,3.1310246469648892,0.0093409147276339,1.4212960127419798,56772.60732528,0.7383098652312974,1.193041362216415,-0.0001109487197746,-6.857448855319161e-07,0.0001102629748891,0.015625,0.0012613705407288,57.0,-0.0650357438803746,0.0073820761379808,-0.8663633497881094,0.4424027835947213,1.3087661333828309,0.8194823372992471,0.0,0.6370301491576786,0.0662096820180162,0.0032064353638397,1.1080250494419748,0.5114433146438782,0.1388933601967021,0.0199427016471789,0.9476876246142584,320.3260391442069,1.5913817710559332e-13,0.2973982166944339,0.669800132371184,-1.0016972480870798,4.536182949170569e-15,3.673773397214618e-23,1.318663584141976,0.0206592113387285,0.4593867514412688,1.6926242199531412,0.5306032037470663,
5BZQ J0921-2618,blazar,2.3,167,21,3633.800115120001,0.0491876039801411,0.122801803444569,0.4005446386000649,1.324000400000001,-0.2094537914028609,0.0065954264408227,0.6466721628550308,0.0,0.0,0.0011358228238629,0.0031109496405434,0.0162195015907592,0.0674217963325559,14.279957433252614,5.213681820549231,0.6896865163648267,1.45897994346456,56988.7910033,0.107189843068694,0.1059305938883032,-4.2549733735611205e-05,-1.7050015690499017e-08,4.2532683719920705e-05,0.0359281437125748,0.5211028476933715,37.0,-0.1123052905161528,0.0278076116800014,-0.5364266073702277,0.3972688444665254,0.9336954518367532,0.4632495494821713,0.0,0.7897595948505645,0.1557287185862985,0.011641764112634,1.3765606110430877,1.1525861178957484,0.3592865201456574,0.0623284462451375,0.120519719078028,7.38905609893065,0.0,,,-0.5572423713227238,0.0,0.0,0.1947200197935515,0.1623190931344657,0.0679013843425438,0.2189349420853931,0.0663439218440585,
5BZQ J0921+7136,blazar,0.594,315,20,3447.3162328799954,0.0112220094209109,-0.0319664170231942,-0.3510562166779113,0.986001,-0.3171100039396174,8.665432822612626e-09,-1.0382061207852142,0.0,0.0,0.0002132892752961,0.0009611644413879,0.0020696028673992,0.078904227501343,9.703267334104014,2.1532245431984065,0.1989443397938869,1.3196176553754446,56950.3790891,0.1515360737143706,0.3861477151661679,-1.146786522550484e-05,-3.7278857727722596e-08,1.143058636777712e-05,0.0126984126984126,0.013322969308696,70.0,0.0316061998711027,0.005374311612399,-0.6103135469916329,0.6621443066182269,1.27245785360986,,1.0,0.5867659975850903,0.0649902724580854,0.0066931639375184,1.1891978433303116,0.6238813795445204,0.1475753267987727,0.0280048738741367,0.1268460826428153,7.38905609893065,0.0,,,-0.9359175756238444,0.0,0.0,0.1913199193210338,0.017887883016932,0.0627313841543501,0.1601478888990852,0.1004691900245202,
5BZQ J0922-0529,blazar,0.974,169,18,3633.093879100001,0.1394113641554943,-0.0699057774820184,-1.9942752827740824,0.5799999000000007,0.2661803406096491,0.0004687869570057,0.0994686893661875,0.0,0.0,0.0001722704560175,0.0009730663104631,0.0030789043908486,0.5470559364437807,17.872503760379153,3.1641259743326886,0.0503183980036278,1.539917462787174,56791.22337145,0.1870779402064775,1.037335534383361,2.75925783101245e-06,-1.4527281460909895e-09,2.7607105591585412e-06,0.0236686390532544,0.0014415936755734,36.0,-0.1065956862641199,0.0029238845165965,-0.7023136180806647,0.6311666770548985,1.333480295135563,0.6617781769842772,1.0,0.8340151229391848,0.078314913482723,0.0001482683271319,1.0894647536818716,0.463641054919404,0.1761238935459402,-0.0059733898635416,0.3194654018800275,7.38905609893065,6.231872044587513e-15,3.308387019705777,0.8255135876815182,-1.0277847047113902,2.8367815643375143e-16,7.035890044449327e-26,0.2628428415903454,0.2751980328429458,0.0885516525952528,0.4488460474135618,0.2273789500575287,
5BZQ J0923+2815,blazar,0.744,233,21,3633.782889790003,0.0807783504997662,-0.1242365411276209,-0.6501979994499958,1.4089995000000002,0.3983810894281701,2.762923672212928e-10,0.2984626603523617,0.0,0.0,0.0005930321597231,0.0021584865040964,0.0068383458743677,0.3149062364048094,11.531155183942664,3.168120744893,0.1553178498056569,1.381866285904576,56778.52791142,0.8589001528550069,13.121152621074586,-0.0008963884477519,-4.803584675092315e-07,0.0008959080892844,0.0171673819742489,0.0012617015468994,51.0,0.0307958834741589,0.0019165237399019,-0.6234787992662898,0.4089736585195469,1.0324524577858367,0.6862109958768394,0.0,0.7552521868249645,0.1426644100136376,0.0201318337127143,3.447893122622899,1.458718640438085,0.2860003432573211,0.1093492565343496,0.6040968462103147,64.40599300159504,1.3622468181067291e-14,-0.0061455059802013,0.3269606378744693,-0.8786220851914134,8.93922703102796e-16,1.460967634480181e-25,1.1342686278698155,0.1408774432715923,0.3765281765413216,0.7977738722874907,0.4574391469538363,
5BZQ J0924+0309,blazar,0.128,217,21,3633.6615496499944,-0.0321491702615594,0.0183112268411844,-1.7557081532763008,0.3350000999999984,0.4862230045382604,2.8147619575768176e-14,-0.0497421156694044,0.0,0.0,6.303078680060919e-05,0.0003181893456466,0.0006329626407633,0.0164486511719074,10.042118508269471,1.98926408892684,0.2698790104980509,1.3319979382015603,56788.98744582,0.1206307118758685,2.820223351510796,0.0002562487757614,-2.796444627117977e-07,0.0002565284202241,0.0230414746543778,0.0014415938124471,46.0,0.0778909760140334,0.0075333606588615,-0.5885180402441894,0.6444289139902409,1.2329469542344302,0.8374665996567437,2.0,0.9758180476676772,0.0676920422340845,0.0155894539205272,0.1992869383630888,0.3007243209201053,0.1776579600142873,0.0857128445527346,0.1464360565724483,3954.1896761478088,2.8835037612303305e-15,0.0656197670686804,-0.1019515828184544,-1.7772771327320975,1.121224287071117e-16,1.1340382798537831e-26,0.1281186755886186,-0.036264264055039,0.0395634504327282,0.1555258468986551,0.1378775238463254,
5BZQ J0925+1658,blazar,1.545,167,21,3633.695278389998,-0.0055877289862152,-0.0359222246294278,0.1555507500957437,0.3039999000000009,-0.68993086175301,6.243583063390119e-25,0.9948515478138256,0.0,0.0,0.0001208783597278,0.0002994096280892,0.0010137066785906,0.0051190280961665,8.386171623162172,3.385684961683125,0.6962728947110794,1.2670030891727817,56782.21141934,0.0353435746995765,0.1313764531256635,5.617301658150303e-05,-9.735901302521071e-09,5.618275248280555e-05,0.0239520958083832,0.0012613525804183,35.0,-0.1671883972780713,0.0187205070598746,-0.8862614795737158,0.6514157740412554,1.5376772536149712,1.2127622699089948,1.0,0.5117727707940729,0.0236227906928448,0.0004604658886754,0.1463998663244715,0.1434476159551878,0.0619479549682923,0.0002739080923633,0.0138512173839494,225.8346596273664,0.0,,,-1.789193349072583,0.0,0.0,0.0563838031142444,-0.0142207702699179,0.0194254026175431,0.0220969248444063,0.0086824852040889,
5BZQ J0927+3902,blazar,0.695,253,21,3633.587938550001,-0.0548507313968209,0.0589388074533914,-0.9306386363551156,0.2580003000000008,-0.6602420338264161,4.7105960964360665e-33,-6.018674066592062,0.0,0.0,3.4679714471357434e-05,0.000124824359523,0.0006149669757446,0.0199198045495673,17.732757244002084,4.926658331495159,0.1827384552503105,1.5370862434348258,56775.89723323,0.0250039885342314,0.1689987687871161,-6.088713108195771e-05,-1.4535294911130036e-07,6.0741778132846406e-05,0.0197628458498023,0.0012613532375155,53.0,-0.0215569811367805,0.019837352464738,-0.437658739716572,0.4086000310439039,0.8462587707604758,0.470088136205454,0.0,0.5845963778862051,0.0246063333815673,-0.002585619104963,0.0712744923375428,0.1386255846681195,0.0634041303534502,-0.0159663634856895,0.0721610419961905,672.7307276227064,6.023919126296979e-16,-0.970320914564848,-0.0271543985637343,-1.9359498503131496,3.5487815624991304e-18,5.022800178385112e-28,0.032553234174823,-0.0929719897176114,0.0107656865364598,0.0939480233397663,0.05542656244234,
5BZQ J0932-2016,blazar,1.236,162,21,3633.6717585000006,-0.0953069529492553,0.3716065260785363,-0.2564727642299611,1.7230014999999987,-0.6812743628460719,1.937688462970028e-23,1.691236684312115,0.0,0.0,0.0019057068715757,0.0084622527262789,0.0186853507048839,0.1498728424115966,9.804944807502832,2.208082328320177,0.5770382775653853,1.32337737737975,56799.18324933,0.0114334051535486,0.000263485279732,7.833178884500995e-05,-7.61321820108857e-09,7.833940206321104e-05,0.0246913580246913,0.0019816229979505,33.0,-0.0373732942490035,-0.0270086773707924,-0.6103888455750099,0.8563661008874308,1.4667549464624408,0.6059350720082053,2.0,0.5676391372280212,0.1709473695750226,0.0142985335409479,1.896566660519167,1.175816929822652,0.3668231625377206,0.0703998106678691,0.0758348016300582,295.53125994455036,0.0,,,-0.139877270198206,0.0,0.0,0.0170966685823294,-0.2131063467945349,0.0058311339602045,0.113397754480291,0.0507145592487884,
5BZQ J0932+5306,blazar,0.597,297,21,3633.95608715,0.0973190739793684,0.0749374724948915,1.2986703546213494,2.2449999000000016,0.0775116627926598,0.1827997899443412,0.7959383626885694,0.0,0.0,0.0005183332976227,0.0030058383289544,0.0069851457707248,0.5926215796208715,13.476166376507685,2.3238594375203103,0.1013945315741381,1.4380845600657954,56771.29280858,0.1815225461848387,0.3248090371611658,7.627445136881976e-06,-6.51836985148971e-08,7.692628835396873e-06,0.0168350168350168,0.001621837919241,63.0,-0.1157837381105544,0.0097209337557606,-0.5640799455699401,0.4570663399595422,1.0211462855294824,0.4935773611276407,0.0,0.7480486797117816,0.1384298149698718,0.006093210549566,2.765179045244946,1.6711011283332606,0.2515666271850196,0.0444941332416422,0.3852896577196867,7.38905609893065,1.3816813636417219e-15,1.0903966925962312,0.3126508531002913,-0.4687261909178526,5.243849853174494e-17,8.330732189128433e-28,0.2293945167896626,0.1554185611450514,0.0752360036189052,0.4869000392197233,0.3048841823542412,
5BZQ J0937+5008,blazar,0.276,308,21,3633.906801059995,0.0384403572991972,0.0064212497121152,5.986429281307956,0.5219994000000003,0.0420038700622029,0.4626490505476001,-0.049745472978234,0.0,0.0,0.0007998976655029,0.0015549845824383,0.0067908255061836,0.9182654750518592,8.4896178480839,4.367133654256642,0.0626166412134948,1.2714249034834726,56773.20084838,0.2449848671962583,0.9104142277354648,0.0001296207852606,-2.944036266806395e-07,0.0001299151888872,0.0129870129870129,0.001081110444896,67.0,-0.0108720450532609,-0.0008938961328395,-0.8797857552378661,0.7384982504352993,1.618284005673165,1.107781076097196,3.0,0.6617189234662717,0.0391345912000537,0.0020115626186305,0.634479632021293,0.3310143278775588,0.0957062289643146,0.0173288402788515,0.4457022337479045,12.69496712131786,4.9896342720459106e-15,0.8700443270352415,0.5673170619450458,-0.9588317665706414,7.247659379106283e-17,2.7201047175158677e-26,0.2767353223894535,0.0490498959137756,0.0875017981244651,0.503466000808599,0.3945658313547015,
5BZQ J0941-1335,blazar,0.551,190,21,3633.5534607599984,0.1661489361387237,-0.0393645034966075,-4.220780687683323,1.1189995999999989,0.1244461018877095,0.0871350403726865,0.3481844520919916,0.0,0.0,0.0006777289957237,0.0067947577550515,0.0292395120055709,1.119959039397007,43.14336873133781,4.303245686651507,0.158739334184114,1.8577667311773127,56798.46060756,0.5222743914131994,1.6324055519020664,-5.747170216688447e-05,1.3982927962026746e-07,5.761153144650474e-05,0.031578947368421,0.0010807580561351,39.0,0.2128025695401105,0.0224428049117609,-0.5138893132453277,0.9492133126479024,1.46310262589323,0.9361175160889876,4.0,0.7786961405592462,0.1128364686637863,0.0023604258100699,2.1955843821928447,0.9472972807794824,0.2316723735503633,0.0289593635018098,0.5613913829912274,7.38905609893065,1.2107653265066314e-14,-4.153607658815808,0.7426294336621416,-0.5897615755407167,-9.09211605077941e-16,2.2567405117091967e-25,0.6504360901927791,0.2576969999511604,0.2124144572518113,0.6991520591938075,0.4507750220462975,
5BZQ J0945+4636,blazar,0.639,290,21,3641.8053122800047,-0.1602941705276845,0.0285747942501709,-5.6096351604255466,2.6529998999999993,-0.5006102397462654,8.431089527060559e-20,-3.340191046170572,0.0,0.0,0.0008518614644182,0.0008999162229657,0.004494903612233,0.0774338410603611,5.276566430935059,4.994802285511801,0.3242987090772899,1.0998998610550106,56776.16196919,0.0411922982085516,0.0218881863568675,0.00039603492442,1.3613906166360294e-09,0.0003960335630294,0.0172413793103448,0.001261353483912,64.0,0.0559141166361183,-0.0214474589554657,-0.4929488582218266,0.6000693060302883,1.0930181642521148,0.5164311369870667,2.0,0.6964061850679014,0.1053999031637344,0.0005858371655116,-0.0985521513393701,1.0239190220637686,0.2319078852513968,0.0006439893083843,0.0291822486718975,189.12846499779332,0.0,,,-0.7383851357355333,0.0,0.0,0.0527357952681096,-0.2627221454948749,0.0173600570387744,0.0373601172634927,0.0227944583669876,
5BZQ J0948+0022,blazar,0.585,208,21,3633.503283980004,0.0926369062424215,0.0584732338442242,1.58426172373519,1.0340004,0.2635226286544164,0.0001201229976895,-0.5968793895655038,0.0,0.0,0.0013241824947595,0.0087770914910613,0.0292600614791873,0.5460824492754179,22.096698584134856,3.3336853678296725,0.2914148243500615,1.6164397327436772,56795.37037468,0.529631565400005,4.242021841596896,-0.0017070598855029,-5.24299905833074e-07,0.0017065355855971,0.0192307692307692,0.0012610012320447,44.0,0.0270979559390539,-0.0291848492515463,-0.9129204287739232,0.6973596335902149,1.6102800623641382,0.7641345390072349,4.0,0.7073869498173411,0.0822806887081799,0.0076641874918757,2.959534158727534,0.7834524874743676,0.1598295861105623,0.0290775945506833,1.06298204976254,7.38905609893065,1.9845571182020495e-14,-0.8942118246032589,0.3806450472712938,-0.1401633588125703,-1.5641563025089116e-15,4.394472900668955e-25,0.6667891032274559,0.1468294963942381,0.2184521254010734,1.338260205795582,0.8443282055492629,
5BZQ J0948+4039,blazar,1.249,234,21,3633.7702826199966,0.0175668007593994,0.054607147982433,0.3216941629152762,1.1579999,-0.3760666700164932,2.8252097766913374e-09,-2.238462186418889,0.0,0.0,0.0007616659583634,0.0016137701426286,0.0021857288022238,0.1516490575119115,2.869668488336321,1.3544238693803137,0.1617001108064355,0.8802210208138042,56779.18841405,0.1423418763855483,0.2169691864567634,-0.0001148357714369,3.2373146966116094e-09,0.0001148390087516,0.0256410256410256,0.0016214903764373,50.0,0.1167290380669762,-0.009243146927687,-0.6340680394588802,0.9806863944231072,1.6147544338819877,0.4159807633675265,5.0,0.6188669162979414,0.0846059213242208,0.0068900862976963,0.3910527354400143,0.6230224499577943,0.2030127375419343,0.034125275548009,0.1232283290629233,155.1271704613657,3.32325934484418e-16,-5.060404924655771,-0.0364583333333333,-0.8309091294566887,9.711306718031451e-19,2.515776669605821e-29,0.2134653620131007,0.0395077349078892,0.0728434141526075,0.1848014129196707,0.0821704815116366,
5BZQ J0951-2123,blazar,0.547,140,21,3633.6740655899994,-0.0487436781277358,0.1218418651673317,-0.4000568939156803,1.2480000999999987,-0.4250678453679465,1.6514408908416158e-07,3.830156099252977,0.0,0.0,0.0002868527342003,0.0027664765848071,0.0039038507836234,0.1722643542703558,13.609250687107588,1.4111273537073872,0.1960967758823013,1.4416289327041016,56804.18430587,0.2445145693554574,0.4365157890432155,4.506795759380506e-06,1.7416041271414875e-08,4.489379718109091e-06,0.0285714285714285,0.0019819701300536,28.0,-0.0080019184302846,-0.0049168649225447,-0.9035437261804108,0.7906817826249524,1.694225508805363,0.9640506861233636,4.0,0.762756875314372,0.1133243162180646,-0.0038709430948167,2.1372314801393175,1.0173433781056196,0.2153280216022732,-0.0254834648386501,0.1265023192469626,288.0157033534967,3.9720546451956367e-16,-0.5439426245526086,-0.0010288065843621,-0.3972377991595682,-7.862092438703103e-18,3.7640037308157875e-29,0.3041234429439799,-0.0754064700636073,0.0992799926236291,0.1573416298717828,0.1017075823347012,
5BZQ J0953+3225,blazar,1.57,183,21,3633.547948309999,-0.0284612667289856,-0.098270351001815,0.2896221132705633,0.6949997000000003,-0.6646784974300719,1.075463711850255e-24,7.908749127738395,0.0,0.0,0.0002096260308717,0.0012273915290532,0.0021196134641125,0.0231587389114889,10.111403842293862,1.7269252819599623,0.5044556166335606,1.334477851731266,56783.13589403,0.0318251839683202,0.0282284730083581,-0.0003862434136704,-5.367517493805485e-09,0.0003862380461529,0.0273224043715847,0.0016218400273663,40.0,0.0117841235998911,0.0075263721517252,-0.6338877692940987,0.9224742464979276,1.5563620157920264,0.7075167720063105,2.0,0.5290592674893306,0.049254429370507,-0.0002071832542278,0.3577505297217837,0.3444898781450919,0.1173541270357163,0.0012121270874881,0.0186458776925821,109.06731959972448,0.0,,,-1.1641294812672127,0.0,0.0,0.0510196511156906,-0.0731454554934932,0.0175887676512139,0.0298916158840853,0.0116309789432238,
5BZQ J0955+4532,blazar,0.259,288,21,3639.8920564199943,0.0054840171036209,0.0197760977594394,0.2773053192965417,0.3349990999999992,-0.4230146822759721,6.249704295071542e-14,2.5910251462537945,0.0,0.0,2.2173282138137945e-05,6.636123476030166e-05,0.0001747127088082,0.0064545731610227,7.8794244280296,2.632752491821089,0.1977903041744416,1.2445225641435815,56778.3995547,0.0020590476312731,0.000952489298966,-5.466254243852978e-05,-5.6334831585524465e-08,5.4606207606944255e-05,0.0173611111111111,0.0016218392333955,62.0,0.0072399000358138,0.0139324978901441,-0.585186713240101,0.6758455746019942,1.2610322878420952,0.6236069613430683,2.0,0.765075999444918,0.0341729231643048,0.0002010207575849,0.1998257498739189,0.2442120708511989,0.0809180230574088,-0.0026116454706678,0.0350249801939578,786.0956401109315,0.0,,,-1.986288944145428,0.0,0.0,0.0023103578790189,0.0069043775334588,0.0007287303769456,0.0392998382963874,0.0312151217604348,
5BZQ J0956+2515,blazar,0.712,196,21,3633.6587482600007,0.0259301917863596,0.0155687044104882,1.6655330528910988,0.5469998999999994,-0.0844785370984159,0.2390996385816951,0.7461311598069817,0.0,0.0,0.0004253385138178,0.0012794317999068,0.013087774364035,1.401856042384858,30.77025453394156,10.229364593531535,0.0624299237802784,1.7358661182010324,56789.12331537,0.3520951156204105,1.9662546847247449,-8.369267266219001e-05,3.9194466890423556e-08,8.373186712908044e-05,0.0204081632653061,0.0014412452019252,39.0,-0.0352442531475893,-0.0131120700968363,-0.8010797292761231,0.594875926453396,1.3959556557295192,,2.0,0.6289779038173678,0.0496494284049893,-0.0012409443703205,-0.0208752807748297,0.3121566988554426,0.1243358772012305,-0.0054854802900422,0.5213019821277828,63.36631015865402,1.1205970584892108e-14,-0.2057107637061777,0.3398193613659363,-1.076237227477591,-7.046456831517747e-16,1.226743372200541e-25,0.4606932834323726,0.0443924883382476,0.1525591818058738,0.6820893308419712,0.3984166652114317,
5BZQ J0957-1350,blazar,1.323,178,20,3633.5892550299977,0.0504432576512141,-0.0588045503958226,-0.8578121473877894,1.054999399999998,-0.24557069789328,0.0009532251123138,0.5471523861099243,0.0,0.0,0.0004931596087462,0.0027523590675127,0.0083510570332157,0.3764606293086812,16.933781413104732,3.034145191574966,0.1556170073489683,1.520458066641847,56802.73800398,0.0842798403030246,0.0605595039249249,-1.6404821027547151e-06,3.3776937481632346e-08,1.6742590402363477e-06,0.0337078651685393,0.0027022430116304,37.0,0.0857591229672843,-0.003868918536636,-0.5727799692828248,0.7721890468227834,1.3449690161056085,0.6448690406042602,2.0,0.6683767038799105,0.098162901013255,-0.0050390917892344,0.2139053079967689,0.5986975317332248,0.2471048311516552,-0.0145482387202241,0.3091635297248772,58.3665551652427,1.6998633623279342e-15,0.3556960877403833,0.3777584406543682,-0.5300149347946806,-5.38327696724059e-17,6.768886630041121e-28,0.1284542000540747,0.1171796875237704,0.0439544938761517,0.4712082243382943,0.2028446940758907,
5BZQ J0958+4725,blazar,1.882,294,21,3640.1552647299977,-0.0117267681594478,0.0470351715879268,-0.2493191321206521,1.3270006999999993,0.0669498062813354,0.2524809646859054,-4.53462189035496,0.0,0.0,0.0003516759722409,0.0024348676037705,0.0067922771449952,2.1282276547668406,19.31402103589615,2.789587873972071,0.0318978701338206,1.567894162265889,56777.93922757,0.970745270322788,2.753762274734191,3.9725463435539554e-05,1.2410118829864016e-08,3.971305331670969e-05,0.0170068027210884,0.0010811114852832,59.0,-0.1027771699503271,-0.0097341985137961,-0.4903794348853592,0.3507179059083337,0.841097340793693,0.2316166748668474,0.0,0.6767525757106841,0.1277771058940221,1.7100985011754422e-05,1.5408322837819204,0.963331775614524,0.3033548037488458,0.0160884038463557,0.5606779943589072,44.81909593539538,1.2122903391625064e-14,-1.4273395529959048,0.6383769466580567,-0.5197796418301731,-1.2279045713735662e-15,8.880275351352551e-26,1.6479812701421723,-0.0337965458355287,0.5718228707265411,0.9518324338341796,0.3302680200673766,
5BZQ J1001-4438,blazar,0.837,78,20,3809.784778529997,0.0835816513282834,-0.1493333334537074,-0.559698557550738,0.4790000999999986,-0.7980337061426659,2.177101177511176e-18,2.4511962298550283,0.0,0.0,0.000183005309853,0.0009899881102489,0.0046155391460617,0.0164611773200846,25.220793454288447,4.662216741410084,0.7271867754473622,1.6641354398077186,56646.65436684,0.0193976011465151,0.2037958879838234,-0.0018864017436508,-1.0348911059952626e-07,0.0018862982545402,0.0512820512820512,0.0016239318001201,16.0,0.0477131779028721,-0.0830531270197903,-0.9256149088602624,0.7266082278492244,1.6522231367094866,1.032214694126491,2.0,1.0411351194630227,0.0897753234280512,0.004257154499915,0.8173418159725725,0.4712530160640145,0.2090316160403265,0.0065187682062848,0.2786898347326919,7.38905609893065,1.045116713908371e-15,-0.7535306334658884,-0.0415458937198067,-0.4076033068306247,2.6797221832574848e-17,3.1929036587007384e-27,0.0262907274690064,0.1535394934900566,0.0087843847712437,0.3777249793929263,0.2056205658099762,
5BZQ J1001+1015,blazar,1.533,185,21,3633.641062459996,-0.1005083515288323,0.0229428593212817,-4.380811917179007,1.2670002,-0.5844640105662637,2.4596779556647052e-18,0.5471601873656393,0.0,1.0,0.0006806886800577,0.0064179497940084,0.008709654631352,0.0646095602942434,12.79535692854135,1.3570774015910787,0.6587445839943289,1.4193871218005238,56795.04324397,0.0410496587405474,0.00540716504226,2.33329084929734e-05,-2.0704458895175463e-08,2.3353612951868578e-05,0.027027027027027,0.0014412435592022,39.0,0.0745465216418887,0.0095249357248062,-0.5713911092353037,0.9522755708910352,1.523666680126339,0.6300090464930782,3.0,0.5169851986959941,0.1016770895524578,0.0024727994254347,1.683897990640818,0.7602340582808514,0.230538279843633,0.0040573476823407,0.0792792617949854,352.49178309233224,0.0,,,-0.5319136601986484,0.0,0.0,0.0653321793966657,-0.2545876544225323,0.0225011092575027,0.126176126987119,0.0498129202475795,
5BZQ J1738-5334,blazar,1.721,108,18,3651.5212294599983,-0.0139380514413267,0.1004742727559877,-0.1387225909579535,0.432001099999999,-0.532667233181469,2.958745536059394e-09,-0.6498258176999314,0.0,0.0,0.0002688489431799,0.0016453283771202,0.0029623704297614,0.0167630803711447,11.018716992910916,1.8004736739214342,0.7204498033990285,1.365471085816229,56734.7881685,0.0104982642414922,0.0097891306880496,-0.0002434762062199,-7.811416849585279e-09,0.0002434683948031,0.037037037037037,0.0016225328952858,22.0,0.0821104142766591,0.0385546884064292,-0.7349373486417599,0.9745799028989752,1.7095172515407353,0.9876046120618404,2.0,0.8080963557392734,0.0668629163434224,0.007385218734318,0.7658396476251842,0.3338474504503975,0.1732139545834862,0.0326876947263927,0.1126294688418465,7.38905609893065,0.0,,,-1.1083761310722682,0.0,0.0,0.0173173634026977,-0.03792543797185,0.0059909360078488,0.1857874213223113,0.0682790964065826,
5BZQ J1740+5211,blazar,1.381,667,21,3653.835837830003,0.0062051743916726,-0.0807298812231315,-0.0768634153507789,1.2140007000000017,-0.2642646841656039,4.0375588611541656e-12,7.30266984699768,0.0,0.0,0.0006434495092998,0.0015182531028678,0.0046676314491177,1.6073867418807226,7.254075687993785,3.074343426156523,0.0308007127704856,1.2146979496426575,56726.2085269,0.1772869685635411,0.1294213783894099,-0.0001233539885882,-2.164478022352328e-07,0.000123137540786,0.0074962518740629,0.0012616991102056,144.0,-0.0531617054646335,0.0136081260289811,-0.7135614731283447,0.4599843920562328,1.1735458651845776,0.6873326284121539,0.0,0.5811413836679119,0.0558401164255999,-0.0017712902454847,0.6789211626973883,0.6324315609205118,0.1219390556351236,-0.0108858496333549,0.5370832899182477,92.986458000078,2.2691176982205095e-14,-3.37014609788362,0.6885274604907254,-0.7739909118125565,1.9483299524347674e-15,8.561408536536629e-25,0.2735624671234222,0.0147745202265724,0.0937928145582441,0.8287457957641183,0.3480662728954717,
5BZQ J1743-0350,blazar,1.057,160,21,3652.17663758,-0.0471387090562201,0.0256210022722693,-1.839846410194513,0.4209995999999982,-0.371225155512218,1.3471192924250982e-06,-0.949915894784668,0.0,0.0,0.0003230429372124,0.0010407144979912,0.0042227422385805,0.5481806204652013,13.071767678770357,4.057541470474151,0.0633613206316968,1.4270955858495111,56734.12066358,0.3781414566166818,2.592287194017933,0.0003086282215701,1.111973420360102e-07,0.0003085170242281,0.025,0.0012620479397532,33.0,0.146988265138065,0.0466486432510442,-0.7592120891007094,0.955556739521322,1.7147688286220315,1.498742929219874,4.0,0.5736449460555685,0.0347911180102909,-0.0006578374204652,0.5447704054190061,0.2318468019624999,0.0861063791171216,-0.0002472357969321,0.2948144378770976,22.471087432234988,4.023850156213731e-15,-1.328714570093021,0.6965596919127087,-1.2002975802139466,-1.0906864982888848e-16,2.1675296670436354e-26,0.5423397525661072,-0.0969643245286449,0.1835103240893149,0.4228300983493051,0.2055566836895017,
5BZQ J1752+1734,blazar,0.505,283,21,3652.2661595000022,-0.0008344359299907,0.007423872354833,-0.1123990136289908,0.4489993999999999,-0.6249559740670594,4.579198612605846e-32,-5.099673487597539,0.0,0.0,4.497350546987734e-05,0.0001034319130656,0.000407808471257,0.0159753559496066,9.067749065335423,3.9427721602275656,0.1722179056192609,1.2951861177540795,56735.89447953,0.1389092469149404,1.3257483389673592,-7.820282542498495e-05,-1.579975405395738e-07,7.804482788444538e-05,0.0176678445229682,0.0014419419849374,58.0,-0.0812442571026939,0.0050638315792484,-0.5900640670036233,0.3251899633869162,0.9152540303905397,0.5642260933829596,0.0,0.6102433247618241,0.0421837681435398,-0.0055732854698914,-0.1234754898855583,0.249538779302719,0.1036355273483863,-0.031279802325481,0.1509753293628253,8103.083927575384,1.5229087501717805e-15,0.0861199357257144,-0.163633189849977,-1.53164053036241,7.150912969791645e-17,1.5108182966685369e-27,0.1704116991644242,-0.0012558260746361,0.0553980814663922,0.1852141810572328,0.1230659010347062,
5BZQ J1753+2848,blazar,1.118,336,21,3652.39477087,-0.0734306535963919,0.1065524598434202,-0.6891502430286351,1.364000299999999,0.0049102180705247,0.9285487357493404,0.699979832884052,0.0,0.0,0.0001579687218064,0.001096185317005,0.0025443279973623,1.33555815240515,16.106530154576397,2.3210746901744295,0.021619878343953,1.5023934554448195,56735.8924421,0.5298175514020149,1.5358075330498495,-0.0002791327498241,1.5570319490516878e-07,0.000279288453019,0.0119047619047619,0.0014419419849374,71.0,0.0572916138086459,-0.0005841021025798,-0.3498501865417249,0.5592456568242542,0.9090958433659792,0.4226330849138515,1.0,0.6208690294688662,0.0848726127971083,0.0006921848488799,2.9804237027376086,1.0172079972223187,0.1703114328123897,0.0040371744437694,0.4965954626592976,179.1301008116655,1.1644964130794562e-14,0.360012198175625,0.2968047550773982,-0.7403617089422151,3.645125605631338e-16,7.796910496317596e-26,0.7710620330456827,-0.1555261243171581,0.2616642317479927,0.7227127640941402,0.3412241567961002,
5BZQ J1753+4409,blazar,0.871,577,21,3653.19406976,0.0132994524215259,0.0834201884242565,0.1594272642239532,2.3339996999999997,0.0733214540703052,0.0784431342845652,-0.4500855116747433,0.0,0.0,0.0002759307436141,0.0004369983951201,0.0019904313921645,0.4101334091223851,7.2135179968733185,4.554779628109826,0.0443853488290046,1.2126757567543471,56734.96784207,0.4454541160533586,1.834463465897337,-1.8243878004069096e-06,1.1335796116038325e-07,1.937745761567293e-06,0.0103986135181975,0.0021632612731046,122.0,0.0019480444352053,-0.0019253852676315,-0.2276349131739099,0.4184389142596386,0.6460738274335486,0.1970878339898324,0.0,0.7492311781829485,0.1329342016233468,-0.0071327139660947,1.9225229651292828,1.4612451791145369,0.276290590202328,-0.0583001303406088,0.2997769112177796,550.6126883891762,5.022725529925755e-15,0.1172152419613836,-0.0380800791493917,-0.7066333778067427,-1.602272877319351e-16,7.778768464911973e-27,0.6093121944874507,0.0248832754806749,0.2040327708866289,0.4100483552584242,0.2191599974657531,
5BZQ J1759+2343,blazar,1.721,174,21,3651.966539150002,-0.020296486411713,0.0507230960796278,-0.4001428930885952,0.5380011000000007,-0.7368039684857766,4.750151883637485e-31,7.748868084438745,0.0,0.0,0.0001516927818635,0.000496841454088,0.0011908636499661,0.0156881971894241,7.850496427621541,2.396868533755914,0.4240474667241474,1.2431959717982946,56737.73705502,0.0323542174248873,0.0585727780236969,7.906629947738251e-05,-2.47610943476744e-08,7.909106057173019e-05,0.028735632183908,0.0014422901574277,35.0,-0.0819904123230548,-0.0300795727776527,-0.6038484298395173,0.7184104032065595,1.3222588330460767,0.3489765461345661,3.0,0.5639398855343111,0.0415538021557495,0.0001361139380901,0.9410564416517272,0.2956782900161639,0.0948426953143449,-0.0008014818530981,0.0410620445674371,135.2813597616321,0.0,,,-1.138313416815912,0.0,0.0,0.0533697502623565,-0.0552267395262712,0.0184632470394912,0.0677337063989735,0.0248929461223717,
5BZQ J1800+3848,blazar,2.092,500,21,3652.864144979998,-0.0165074385917965,-0.0990726038869531,0.166619609701915,2.788999499999999,-0.6025673553062273,9.715575055271179e-51,-0.5500548336041065,0.0,0.0,0.0007337738418465,0.0024251663362445,0.0035321545576571,0.0711477019411505,4.813682842597363,1.4564586780757989,0.3745386348208684,1.066785272754775,56737.86592081,0.0831968770011202,0.0300494084902969,3.333542927709728e-05,2.628086075747155e-09,3.333280119102153e-05,0.008,0.0014419414373631,109.0,-0.0117346275622022,0.0148083659871571,-0.4244551046181598,0.3984066951952082,0.822861799813368,0.4651908677616121,0.0,0.618986001433201,0.2009777651081094,0.009840002630055,11.303568723486832,3.8326765395135665,0.2571211514695588,0.054711028116557,0.9806608606119702,7.38905609893065,1.2932072993408849e-15,0.6374764084702442,-0.0002858810204745,0.1411441501625211,3.9340577624039616e-17,2.1104668315636547e-28,0.1462940849786847,-0.0510410001258349,0.0509111329290667,1.7244022666344303,0.5576980163759477,
5BZQ J1802-3940,blazar,1.319,14,7,3651.1613832099974,,,,,,,,,,,,,,,,,,,,,,,,,,,,,,,,,,0.599812755177287,0.0978828860281001,-0.0010789999764483,-0.31533805551414,0.4026159499555008,0.2032681787387792,0.0199872330353171,,,,,,,,,,,,,,
5BZQ J1803+0341,blazar,1.42,52,11,3287.577750010001,-0.2149070270504581,0.0269231660441787,-7.982234581839784,1.1429987000000017,0.6179387562957918,1.0570137272101183e-06,-1.530152546205887,0.0,0.0,0.0036114095167949,0.0114684110980505,0.0406645743920393,0.2309484236639947,11.260028582100045,3.545789738511025,0.6350601860585889,1.3732846461092605,56741.42781406,0.3225878896551609,3.3416093868718018,-0.0001960473090433,-5.982860453576216e-08,0.0001959874804387,0.1153846153846153,0.006849919863107,9.0,0.1430895247059058,-0.0019070674342032,-0.5494476920573201,0.8429532618172377,1.392400953874558,0.7610588051706512,2.0,1.047679322186999,0.2657644386002029,0.0281278225044487,0.8652516241760112,1.1431954879979715,0.5503093366749409,0.185511081972254,0.3298243184225233,7.38905609893065,9.540566657221465e-16,-2.3120866683054775,0.6832298136645965,-0.4072535659387086,1.4698149932627026e-16,5.870560593560856e-28,0.5018289854684085,-0.5200750054621087,0.1722703545734117,0.5130862267449543,0.2120191019607249,
5BZQ J1804+0101,blazar,1.522,165,21,3651.7985830100006,0.0150295342584062,0.1240583786064533,0.1211488851235432,1.4520006000000016,-0.6343256926128349,5.865913964058295e-20,1.399731147491855,0.0,0.0,0.0002298681372873,0.0009023516844989,0.003119933961296,0.1420735012231445,13.572711662179865,3.4575587450372427,0.1522021723962955,1.4406592694422269,56741.8892863,0.0141982449898811,0.0079520759060744,1.6804617755974603e-05,6.314195870025328e-10,1.68039863363876e-05,0.0363636363636363,0.0081119674195702,36.0,0.1165989633314549,-0.0021471340988552,-0.4510821270323034,0.9764114226392951,1.4274935496715986,0.5877925490327154,2.0,0.5878709909958525,0.0998490551027203,-0.0059833027605064,6.74514459937485,1.1963649145302993,0.1491848032897678,-0.0350991501327742,0.4918574626207316,7.38905609893065,9.875823699135988e-16,0.6946915146426353,0.099450884685784,-0.4167824211938788,6.522296483488622e-17,5.158978913605713e-28,0.0225479574578087,0.0379044853997005,0.0077634491723188,0.7811092955771596,0.3097181980876921,
5BZQ J1807+2204,blazar,0.798,212,21,3649.3949575099978,-0.0626268259470426,0.0132573471422202,-4.723933474412608,0.3490000000000002,-0.5601126341695496,6.605371687079921e-19,-8.242986557004102,0.0,0.0,4.693293504604491e-05,0.0001401690597949,0.0004376528492428,0.0035812941374063,9.325068621607198,3.1223213365402405,0.5358899445891374,1.305278586313212,56743.33393358,0.1210427877154249,2.9218300591151083,-0.0001824740259704,1.0139082121668898e-07,0.0001825754167916,0.0188679245283018,0.0016225328678952,46.0,0.0421234570130503,0.0104340070944845,-0.7092301280884236,0.8463285760156443,1.555558704104068,1.1234071643968992,2.0,0.645326594620476,0.0296275289669081,0.0022117181252039,-0.1972911875574809,0.2042188079420264,0.0682250999803856,0.0111926652164451,0.0713107884171271,6944.466912343277,1.7763568394002506e-16,0.0,0.0,-2.0262744461232876,2.073939482207621e-18,3.956819851089988e-29,0.1623056958684528,-0.1126030330527827,0.0540876925215132,0.0956202955617725,0.0531814769531549,
5BZQ J1815+1623,blazar,0.742,212,21,3654.350057329997,0.1941612573148755,0.0211889618797289,9.163320903447628,1.1570006,0.2475379881679908,0.0002729481695688,0.5002532590458586,0.0,0.0,0.0008927331765997,0.0101796512778667,0.0132828957877016,0.1701391523594673,14.878909086156083,1.304847820796906,0.4794438751675778,1.4737992119181342,56745.11246492,0.0948669474490511,0.1903450414922002,1.2662056903575756e-05,-9.681416605324441e-08,1.2758871069629e-05,0.0283018867924528,0.0144204732374975,45.0,-0.0185695612461141,0.0171528605465611,-0.6287474728051697,0.9915189205629288,1.6202663933680983,0.8415743735386566,1.0,0.9334639986335688,0.1651102716751482,0.0156374180502222,1.124405435743209,1.197550401841291,0.3895637123376037,0.0894749094374275,0.3558312904062278,7.38905609893065,1.116422962075395e-15,-2.8967867052267646,0.5619663820704378,-0.4495869146788182,8.206278960483455e-17,6.405272452073879e-28,0.1252099960277947,0.3382289102425131,0.0415581218013114,0.4696433864097576,0.2696001070090457,
5BZQ J1818+0903,blazar,0.354,21,5,1295.9875203399934,0.0173461043499199,0.1371735091168728,0.12645374796923,0.1720000000000006,-0.3048024954291137,0.1791159319492815,-0.4790097611112912,0.0,0.0,0.0057531156641248,0.0831951843595152,0.0274587697529604,0.3399908367592181,4.772852025106085,0.3300523938257237,0.7538633108972715,1.063712902151993,58367.82509085,0.0859726665305414,0.230406081054472,-0.001607090634368,-2.571944587371267e-07,0.0016068334399093,0.2857142857142857,0.002329209089649,3.0,-0.1636476777110053,,-0.6521819984905367,0.324886643068526,0.9770686415590628,,0.0,0.7034300767986378,0.032374264145871,-0.010065044031823,-0.3528956037289202,0.1096439936444745,0.0853579150862875,-0.025875795844797,1.0459033751493418,7.38905609893065,1.0963912441901294e-15,0.0356067932636658,0.4187070193135533,0.1370224693544178,-5.049498805535835e-16,1.664193966964352e-27,0.1000390892329756,0.0234866252897915,0.0319651926711596,1.2170289150967015,0.8988396714155847,
5BZQ J1824+1044,blazar,1.36,195,21,3655.2795056599934,0.0248898588369607,0.0136964506999185,1.817248817396815,1.0130005000000004,-0.7854178924551671,4.506066976755578e-42,2.151636122428196,0.0,0.0,0.0001076481370218,0.0006250820425419,0.0016345281632126,0.0217940157622943,15.18398918224439,2.6149018038507776,0.393892536443606,1.4811197413503252,56747.22028892,0.0464182008507673,0.1186887408994278,-3.059577623304141e-05,-2.396580884106407e-08,3.0571810424200346e-05,0.0205128205128205,0.0010814565639825,42.0,0.1358201605312188,0.003182170927891,-0.5882116246463976,0.6200259203256073,1.2082375449720049,0.8695945842362809,2.0,0.5481481252701137,0.0453314423694018,0.001646800417497,-1.716318202510412,0.3896290571308753,0.0972300858346526,0.0138132540058615,0.0270224035953218,535.9451774987018,0.0,,,-1.1061891321401651,0.0,0.0,0.0713089932177166,0.0587400668552273,0.0244317222935295,0.0415126040946791,0.0175900864807962,
5BZQ J1826+0149,blazar,1.771,117,21,3655.2120167200046,0.0142748571524718,0.1261807215276291,0.1131302546034831,1.4889992999999997,-0.8339852616628434,1.78472527920907e-31,6.704974815064758,0.0,0.0,0.0052543276943993,0.0206096150770174,0.0711474350550057,0.0705317597267455,13.54073045678182,3.4521476886238815,1.0942728600094138,1.4398084155812778,56747.5511127,0.1079807777081708,0.0786055972312242,1.246856488723524e-05,-2.549645722104971e-08,1.2494061344456291e-05,0.0427350427350427,0.0016221849418213,25.0,0.0601096604047226,-0.0176734090662859,-0.4709763920780453,0.7311805089518907,1.202156901029936,0.445510959744171,1.0,0.4778777303866378,0.1124734073941437,-0.0050508051479221,1.4607383006305272,0.7680906317411731,0.2365004834196975,-0.0151848190485287,0.1200373275636632,197.34025007030624,0.0,,,0.175103691807472,0.0,0.0,0.1797482678364733,0.0395556291694996,0.0622462246841142,0.1998179876385086,0.0721104249868309,
5BZQ J1827-4533,blazar,1.244,110,19,3654.35005737,0.002422828848221,0.0564117130378955,0.0429490387323188,0.7450009000000009,-0.6650131427160463,2.315257678749613e-15,1.5507851030591375,0.0,0.0,0.0012084017458745,0.0031501077345122,0.0178275797795089,0.0313646069421572,14.753023839644902,5.65935557648782,0.9316966189137,1.470734695095504,56745.71630104,0.0890338865746765,0.1388831566506361,5.347151234703972e-06,-6.306663751935045e-09,5.353457898455907e-06,0.0545454545454545,0.0160426578781808,23.0,0.0053593585394596,0.0045754213213432,-0.999426255689552,0.941065816073158,1.94049207176271,,4.0,0.4681061994089071,0.0597811466960216,0.0055511683676243,0.2098306404993208,0.3104887633381303,0.1465113469262736,0.0235061348365,0.0641586377933886,7.38905609893065,0.0,,,-0.6764728861241435,0.0,0.0,0.1333726432184698,0.005436827935408,0.0455035140322196,0.0961095537553955,0.0428295694097128,
5BZQ J1830+0619,blazar,0.745,103,20,3648.167169270004,0.101669733865224,-0.0201770268340963,-5.0388857932932245,1.3950005,-0.3516081178607748,0.000270643441266,-2.996441206792611,0.0,0.0,0.0012134143217681,0.0081411821573978,0.0486550741057135,0.3067179486807559,40.09765930133192,5.976413886713594,0.5182465081958509,1.8313615292027776,56749.13022939,0.1513670061898292,0.3250732369029259,0.000382168523718,-4.085070471567078e-08,0.0003822093744227,0.0388349514563106,0.0016221849144505,22.0,0.1030289142118808,-0.0959269974886842,-0.7429811699560775,0.9373302070670914,1.6803113770231688,0.5221405988175909,3.0,0.6644324717942245,0.1246295195098965,-0.0039915821540571,1.5172577357059531,0.9389631041701756,0.2565124900779826,0.0055893785929823,0.6600479060124143,7.38905609893065,1.4326793508397588e-15,2.0862796299531032,0.5137792343214655,0.0158832782051874,6.662549728959738e-17,9.637883787251314e-28,0.1999534661670342,0.177413685594816,0.0663808424232094,0.871913040798075,0.4996636336951719,
5BZQ J1831-4805,blazar,1.196,117,19,3648.9329770600016,0.1645490238412648,-0.107174403475244,-1.535338835632276,1.2749995999999977,-0.6387141062152284,9.342749892139127e-15,-3.7463377587885023,0.0,0.0,0.0024777785559636,0.0104949572517872,0.0342868924684316,0.0634474659557329,13.837754940638227,3.266987339021865,0.990438840226588,1.4476344979381106,56925.29552777,0.0056679966558804,0.0001933927716827,6.761090384964266e-07,-7.366112154698097e-09,6.834751506511247e-07,0.0341880341880341,0.4907585187953537,24.0,0.3019562263040734,-0.0445858020887798,-0.9678003437775324,0.971630875085234,1.9394312188627665,,6.0,0.6369346448868134,0.1307041812505816,0.0016636712934508,0.9200754175763536,0.7776532820848485,0.3017202935220669,-0.0014459372514439,0.3011502011720834,7.38905609893065,2.322481586463047e-16,0.0,0.0,-0.1720864588927992,1.001030496632326e-17,1.3167260700386754e-29,0.0083993514425814,0.3613496563554176,0.0028601094885332,0.4462716776701227,0.2032202539481433,
5BZQ J1835+2506,blazar,1.973,267,20,3473.0012392599965,-0.0133445885910059,0.0064629717676578,-2.0647759375625423,0.4600001000000002,-0.5810482462004273,1.6577558962458672e-25,-0.9983987135449685,0.0,0.0,3.219789290945219e-05,0.0001385094159493,0.0003027031298595,0.0047373786552015,9.40133322728416,2.1854335721456217,0.3797624951535726,1.3082163420912254,56931.55684699,0.0026102789583293,0.0028070297223856,-0.0002043443790916,4.9751665343136266e-08,0.000204394130757,0.0187265917602996,0.0016204419165029,57.0,0.0461979943777906,-0.0060749555229428,-0.6177476177708439,0.6986684770949969,1.3164160948658408,,2.0,0.6870677441343023,0.0302699469985544,0.0019271254187485,1.2298796108869468,0.3093167833648985,0.0678208736004706,0.0114970819012428,0.0180077450811175,2417.523874535729,0.0,,,-2.0393438671253494,0.0,0.0,0.0045007446830944,-0.0396734618810608,0.0015638665839085,0.0310496556966589,0.010443880153602,
5BZQ J1837-7108,blazar,1.356,221,21,3662.195609060007,0.0377227126478965,-0.0419862065431706,-0.8984548915870655,1.1820000999999998,-0.5406077512549816,3.590024617223609e-18,-2.5066362827241666,0.0,0.0,0.0002093498226003,0.0005106537549239,0.0024633180461825,0.0564976868527975,11.766515986588823,4.823851812712905,0.2440202997333979,1.389153825862515,56744.60184023,0.0884805777060886,0.1818399132102182,5.431738666326697e-07,1.4208448849272125e-08,5.289654177833975e-07,0.0180995475113122,0.013158773716651,48.0,-0.0218890910078004,-0.0070304518369914,-0.8810091248342241,0.8001622281134311,1.681171352947655,0.8132906762774633,1.0,0.5550007952461503,0.0602486551194632,0.0028194966836684,0.9061441627147864,0.6360021511643095,0.1277336114074144,0.0190105283643498,0.1041645611963322,12.688023860375331,0.0,,,-0.991366618570239,0.0,0.0,0.1358112018911352,0.0888747109984442,0.0465250300973648,0.1598849670435992,0.0678628892375208,
5BZQ J1848+3219,blazar,0.798,300,20,3469.9886844099965,-0.0518610286850869,-0.0048518473831829,10.0,0.8769998000000001,-0.1669356116565992,0.0037350419768629,5.225171188023267,0.0,0.0,0.0012332750095374,0.0023229745055573,0.0172191556472202,3.6301073831072617,13.962137803891448,7.412546112156376,0.0383218267069666,1.4508619876924085,56939.38392569,0.3708840708774799,0.3575415729803231,-0.0001352013528218,-4.81330701682006e-07,0.0001347200221201,0.0133333333333333,0.0010800626694096,64.0,0.118958598822084,-0.0160597866262764,-0.5509356453517703,0.6996963203559738,1.2506319657077445,0.5555303589694077,2.0,0.6589434776005013,0.0651081375203275,0.0015853850164712,0.5879589052407143,0.5482071817809934,0.1399561085777635,0.0051837067946269,0.8739278016408406,57.71097438962718,2.6695044246834528e-14,-1.8286887713413031,0.5006212862857109,-0.7102647181695407,2.1524398056439274e-15,1.1527215843236971e-24,0.497316679055822,-0.0932461295757863,0.1657286978048666,1.171845614772042,0.6517495076596451,
5BZQ J1849+3024,blazar,0.672,43,10,2556.22850723,-0.0847791135071785,0.1130731157035295,-0.7497725076353596,0.6869992999999983,-0.271951037451601,0.0777031299077301,5.108957728344696,0.0,0.0,0.0004216334030613,0.011905998370017,0.0755795604442341,0.5155154468525006,179.25420452035755,6.348023751474624,0.4772462359222882,2.371465787109856,57849.56127701,0.1277614418309132,0.3860912530738911,-1.6544983519229975e-05,-2.093740745758997e-07,1.6335609444654077e-05,0.1627906976744186,0.9964458498288876,8.0,0.024906678457297,0.1075949520133121,-0.4352082143386684,0.362559076868592,0.7977672912072604,0.7977672912072604,0.0,0.7001152371954615,0.0836723226817233,-0.0018828457989513,-0.5147581781675568,0.3919036544368701,0.1975462870621045,-0.0102882805507079,0.5371529557189438,22.201228781318495,2.695340158312511e-15,0.1192423475779385,0.312966081308636,-0.3908609541213024,1.3551426312517954e-16,3.8511130912040016e-27,0.1652030042804595,-0.1417506777840025,0.0545332407639301,0.6945701361161905,0.4154127608350421,
5BZQ J1850+2825,blazar,2.544,291,20,3470.121625259999,-0.0276921743906482,-0.0179937741886113,1.538986434995677,0.8960000000000008,-0.5910664972731241,8.404663720930554e-29,-2.517678934137987,0.0,0.0,0.0002910079703655,0.0004033185585205,0.0016045589376653,0.036528961271249,5.513797199904977,3.9783910256266295,0.2732089893460975,1.1157615515525603,56939.25174889,0.0335749874000182,0.0204843844609963,-0.0002307521525627,5.163439556845239e-09,0.0002307573160023,0.0137457044673539,0.0010804112525607,66.0,0.0746941124036263,-0.0115674118782392,-0.3836751892884693,0.4550509466662152,0.8387261359546845,0.4247242994782901,0.0,0.8290122130387074,0.1040225107751095,0.0016925415112175,0.7609611555856169,0.7381844606553161,0.2460388765739704,0.0064617236884845,0.0231494932647387,604.9463867027528,0.0,,,-0.8449851380265839,0.0,0.0,0.0632066415534155,-0.0981410660404573,0.0220734834010411,0.0435801123465724,0.0122968714296197,
5BZQ J1901-7429,blazar,0.638,302,21,3649.701716719995,-0.1071444628688735,-0.0093047762349583,10.0,2.0269993999999993,-0.6760999097193161,1.0913419254864571e-41,6.445058473057898,0.0,0.0,0.0006812848459214,0.0057515705880432,0.0051797787276191,0.174077407171722,7.602956019093719,0.9005850919202225,0.2885817602136633,1.231640111450062,56746.77511534,0.0841170133861739,0.1322581881123384,4.3537443582307055e-05,1.7517170041600255e-08,4.351992641226546e-05,0.0198675496688741,0.0016225333607081,64.0,0.0349075729785995,-0.0026043816060794,-0.4206092601861205,0.5289171671923096,0.9495264273784302,0.5421415575825783,1.0,0.6919466719680253,0.1261895792442057,-0.0032605392364032,5.511564983870086,1.8331166293476044,0.2065753427894,-0.0108578406792213,0.0573506309413991,237.02346155289857,0.0,,,-0.8658068931017335,0.0,0.0,0.1076566330486607,-0.1755026301792148,0.0354363772514983,0.0733998460219012,0.0448106508070215,
5BZQ J1903-6749,blazar,0.255,279,21,3654.486318290001,0.0823482413321503,-0.0757855457908823,-1.0865956096611973,0.4989995399999998,0.0733761653381957,0.2217951092787485,2.301250795911568,0.0,0.0,0.0014354489148145,0.0042540820830288,0.0111239107920369,2.4399148173715495,7.749429930583666,2.61487920832548,0.0466207415514628,1.23852254644948,56748.22218326,0.3786497982324655,1.0173715382329196,0.0031738726295765,-9.922050087252641e-08,0.0031739718500773,0.014336917562724,0.0012616993566021,61.0,0.0066986932897612,-0.0196626275703288,-0.8092943060170135,0.8346893606286118,1.6439836666456251,1.1484360429380258,3.0,0.7021692720896276,0.0389923207713093,-0.0018464160826359,0.0656551467114241,0.3102543576819082,0.0930242451852307,-0.0178742969380154,0.6688940391430913,19.022653302055726,1.5071317429121392e-14,0.6411796280371019,0.4172735146134559,-0.8394645715776694,-4.1397514749791964e-16,4.146618614845745e-25,0.4241891859481638,0.1033470428718486,0.1337188684704153,0.7493404704668333,0.5970840402126162,
5BZQ J1909+4834,blazar,0.513,569,21,3650.10571892,0.0175895525444211,-0.0084707424033713,-2.0765066043586047,0.8389998000000016,-0.5117906422841652,2.6269550488178376e-39,1.1992133778792606,0.0,1.0,0.0001054948716191,0.0004645712032683,0.0007169655699825,0.0186587366322255,6.796212481064218,1.5432845673499855,0.2972396534829382,1.191182740141297,56775.51827507,0.0947854881646434,1.303931373948637,9.250115428887734e-05,-2.2093283504128912e-08,9.252324757238148e-05,0.0105448154657293,0.0014415965776695,125.0,0.0403114458519692,-0.0185078543218647,-0.6417235208599853,0.490297406261838,1.1320209271218231,,0.0,0.7240996119305172,0.0491522445254414,0.0024094354944314,0.5058335097442722,0.5779845842080302,0.1101004050223647,0.0185850028454492,0.0434670984673424,656.3830538883982,0.0,,,-1.3450195192678074,0.0,0.0,0.1165900034474679,0.0266129929997092,0.0379324403910708,0.0534662980408562,0.0353379365769043,
5BZQ J1911-2006,blazar,1.119,81,18,3469.6432157000017,-0.0678447202708602,-0.0010572593052279,10.0,0.3629999000000019,0.2054769039019564,0.0657332840161806,3.657255682531145,0.0,0.0,0.0004639354590045,0.0086276631159155,0.1514207588541501,2.6911628437986272,326.3832405754266,17.550610959446544,0.2295184419298688,2.587605792043416,56938.51942843,1.2219672776450143,40.58579120972633,0.0006466146853021,-1.450546569335213e-07,0.0006467597399591,0.0617283950617283,0.0012603054893998,16.0,0.3124919359763972,0.0553622374992339,-0.5969031795499913,0.9653933918561431,1.5622965714061343,1.1954322407536015,4.0,0.6732797906134665,0.0468423679572062,-0.002020287337653,0.3228906829554276,0.2192450185304465,0.1208559432528559,-0.0260385831697491,0.5701127127122021,71.54324784734071,2.0599726524101648e-14,-2.2104596858777747,-0.1694806214198669,-0.9328029650989792,4.647150847805462e-16,1.0641780483616283e-24,1.7787915376903838,-0.1437629622539528,0.6036706226067685,0.8299008389623809,0.3916473992271736,
5BZQ J1912-8010,blazar,1.756,324,21,3662.1940811299937,0.0817098636651293,0.0115406898241905,7.08015421174017,1.7539996999999996,-0.1899426573263738,0.0005879877262289,-1.10291950424175,0.0,0.0,0.000370731171429,0.0027710703844346,0.0060216021446549,3.3200803631017632,16.24250290365809,2.173023888640889,0.0210868211634341,1.5054255145551585,56745.72266796,1.334104878867377,35.08005607623704,0.0002620728683598,-1.4475547896083374e-07,0.0002622176238387,0.0123456790123456,0.0160426579055317,69.0,-0.0747365379786046,0.0016094133484181,-0.761647631228829,0.4823719754096296,1.2440196066384586,0.8098477468563202,0.0,0.6491356292166637,0.1204158440955877,0.0007851902177834,4.656236600366714,1.5341628280727155,0.188758293607971,0.00054623014788,0.7234981768620076,101.53434513776092,2.7871259580242063e-14,-1.1261402525584063,0.4751044870076624,-0.7342661421872155,1.6120026347836384e-15,7.500566985806408e-25,2.2147748286147935,0.2251923842610964,0.7667442050827538,1.2010941388828855,0.4358106454582313,
5BZQ J1914-4631,blazar,1.283,159,20,3469.7126138899985,-0.0684381339191035,0.1083560596142878,-0.6316041222126474,0.9089995000000002,-0.5636688068835969,1.02928095424401e-14,5.699733246636547,0.0,0.0,0.000423320167277,0.0036458117663382,0.0049947178321941,0.0377120391572206,11.798912989484156,1.3699878520719095,0.6539890382605567,1.3901455120612307,56936.14712216,0.0143627406615765,0.0021968601606172,6.36564586301655e-05,-3.8640842863460474e-08,6.369509947302897e-05,0.0314465408805031,0.0019805797125218,36.0,0.0166301639668517,-0.0182172161088162,-0.8986313274469311,0.9444056505581128,1.8430369780050435,1.5302619404717532,4.0,0.6810282793336662,0.1060822829000997,0.0024123185626136,0.8360300888059455,0.6145772777740157,0.2549796723112393,0.0205886614545844,0.0832428541524384,1481.448156184433,0.0,,,-0.7655818096492704,0.0,0.0,0.0217015260520687,-0.1562442597373134,0.0074150647997646,0.1257766195605326,0.0550926936314203,
5BZQ J1915-2347,blazar,1.34,111,20,3469.6327749000047,-0.0086639165091472,0.0388599969731124,-0.222952063407052,0.5999994000000015,-0.596131317141992,5.097825611434595e-12,2.3748342059548286,0.0,0.0,0.0005410271681424,0.0010037041548378,0.0074302760773306,0.0132550980392805,13.733646850134456,7.402854749692924,0.9048995219347532,1.444910716631016,56939.43944494,0.0057205280028352,0.0010956698017301,-6.716594726764997e-05,-3.313940010712226e-08,6.713280786754285e-05,0.036036036036036,0.0023407169609863,23.0,0.1587803201571289,0.0210598958615264,-0.5531833035450966,0.924642935146662,1.4778262386917589,0.8833473166612684,6.0,0.5361393116745133,0.0468532524953884,0.0029186283962772,0.3774760897462975,0.2913836477726669,0.1095383937352072,0.0181456822594587,0.0425426453544017,144.3216550191625,0.0,,,-1.150787303469878,0.0,0.0,0.0087507251743531,-0.0202735646314044,0.0029961063297815,0.0650777336465855,0.0278109972848656,
5BZQ J1923-2104,blazar,0.874,31,6,3469.715365539996,-0.0335025123225546,-0.2696044660006056,0.1242654204492273,0.6459999000000014,0.7499986519996404,1.1907643711455043e-06,0.0,0.0,0.0,0.0002845150656573,0.0198422180250631,0.0621377312770483,0.1813441434060632,218.3987372165787,3.131592002236304,0.8000489004896693,2.4427051761010983,56941.28118025,0.4319483363958638,14.998079606365035,0.000822702425543,-2.3138811872238454e-07,0.0008229338136617,0.1612903225806451,0.0019805800136797,5.0,0.4433238250453824,0.1927227396325402,-0.0083364292318706,0.9611988543348082,0.9695352835666788,0.6774903814158796,1.0,0.8787026800831977,0.1492942191358221,0.0098863127524859,0.6933232069060238,0.5442794230615217,0.3293943317088924,0.0319130610333905,0.4241701102962735,7.38905609893065,2.3006525602040045e-15,-0.4545403123479571,0.4288850936298282,-0.5017634710057824,2.3646563827628683e-16,1.169384891585177e-26,0.5913118725347897,-0.0627837080924674,0.1980425948821588,0.580663938389877,0.3098526885751744,
5BZQ J1924-2914,blazar,0.353,111,20,3469.0877161800017,-0.0250941202882072,-0.0263376413071235,0.9527854068473506,0.284999899999999,0.2951539598178007,0.0016619513936484,-0.0474892226718686,0.0,0.0,0.0002736958393474,0.0025923574726942,0.0166743339377957,1.4277099974925096,60.92286209622,6.432112124580595,0.0777870360649931,1.982227953696777,56940.29329262,0.2494855981053694,0.9836264882014528,-0.0012555364792021,4.609713777199047e-07,0.0012559974505798,0.045045045045045,0.0007202738945933,21.0,0.0038200547049938,-0.0358818334635987,-0.9134818037694268,0.8793456797334043,1.792827483502831,0.925792387168458,2.0,0.6467735264139739,0.0287834285055416,0.0020416388374566,0.9051080523508948,0.1743785025163466,0.063879683067103,0.0059642128813863,0.4941321820915143,305.36805546130785,3.037780288794007e-14,-0.6546821209683592,0.5132974544273143,-1.5101582553616375,-3.705748621223387e-15,2.26100494123062e-24,0.2901979757590976,-0.0339523447499444,0.0927143187705797,0.5747672815158668,0.4248095207064794,
5BZQ J1927+7358,blazar,0.302,475,21,3640.5998695000017,-0.0122309475205099,0.0170577053187725,-0.7170335805396628,0.2910003000000003,-0.5931341884065557,1.808628307547935e-46,3.78761930297057,0.0,0.0,1.9209613854514192e-05,4.893989372760063e-05,0.0001174622231665,0.0280367044213772,6.114762011427846,2.4001323219091084,0.0453580214253838,1.1530740904891208,56698.54196568,0.1221714395595285,9.484144851678796,-5.85535152406812e-06,-7.458538631034602e-07,5.10949766096466e-06,0.0084210526315789,0.0100991866666639,103.0,-0.0666972460385481,-0.0067802353602234,-0.3178087689179782,0.1944752305659309,0.5122839994839092,0.2436969213969914,0.0,0.713883786942766,0.0222640708144774,-0.0009276255538999,-0.0371760599675789,0.188536207287906,0.0545239186012369,-0.0140662648871223,0.0834802493205572,2923.352922301454,2.419369322104401e-15,0.170728230084526,0.1414576778561369,-2.4433597476493873,-2.272609176303976e-16,1.9496621754612003e-26,0.1394039832951335,-0.0159246936717039,0.0442389281302829,0.0952553176398166,0.0731607662364183,
5BZQ J1934-2416,blazar,1.543,106,20,3469.8032289699986,0.0362064646079228,-0.0038874041818326,-9.313789591812917,0.4019994999999987,-0.6692575948972342,4.431601603286812e-15,-2.6124459629479797,0.0,0.0,9.239827578787866e-05,0.0004518184476912,0.0011056806193698,0.0057757201483262,11.966463637716416,2.4471789998231697,0.7039361827094482,1.3952312405620506,56943.25326279,0.035856637828859,0.1623756982030754,-3.268635008605866e-05,-3.5319411336903155e-08,3.265103067472176e-05,0.0471698113207547,0.0023403680218959,24.0,0.0197319098038963,0.0286078840163816,-0.7864517907733622,0.7700597657038415,1.556511556477204,0.9144189613155154,4.0,0.6594296740897727,0.0380841355971045,-0.0011348814285786,0.2743570689237511,0.2445149933158308,0.0903241529460232,0.0047397270676623,0.0241256596364458,1664.0836118305392,0.0,,,-1.6735253692018597,0.0,0.0,0.0571798148428244,0.0920730394979477,0.0196986024428337,0.0384726743638716,0.0151288534659345,
5BZQ J1936-0402,blazar,0.49,125,21,3651.85509859,-0.0268470318598263,0.0088427428975361,-3.036052520231806,0.6869992999999983,-0.4951993219582403,4.335920799192541e-09,4.999117178083504,0.0,0.0,0.000795147517338,0.0052069003431284,0.0138178934776287,0.084346760361875,17.377773506115428,2.653765688680895,0.6258321065044898,1.5297928366126536,56946.41340888,0.0393156685315826,0.0651949496819626,-5.971804480747713e-07,-8.705780051297518e-08,5.101226475617961e-07,0.048,0.4999345047501594,25.0,-0.201937199953249,-0.0238862015988793,-0.8770948585348906,0.4369907807488682,1.3140856392837588,0.5697089667358785,0.0,0.7223173982848082,0.0759112388127398,-0.0046019643415395,1.3508014809089457,0.4984017451559807,0.1573842785613566,-0.0247567541023074,0.1429552850428427,1677.3443645951577,1.156679772130055e-15,-0.2971058222297113,0.2411234585004485,-0.4637184780887715,-9.555995320686877e-18,6.011548378471808e-28,0.0479908894500515,-0.0400020774711413,0.0155768422028454,0.1744991637438524,0.1171135327139949,
5BZQ J1938-1749,blazar,0.903,153,20,3469.7617173000035,0.0629819639111701,0.1891314891370411,0.3330062286219013,1.3049993999999998,0.0163761481678261,0.8407657685184167,-2.1849286652402484,0.0,0.0,0.0004735720110226,0.004540667089116,0.0083211219608467,0.7047458008257208,17.570974951216026,1.832576975079261,0.1069025460611934,1.533780584667513,56944.43814226,0.1476948172493223,0.1141435848003848,-0.0001233412284154,-2.9221093313920347e-08,0.000123312007322,0.0261437908496732,0.0009001683230675,30.0,-0.0251803646452502,0.0014567488144649,-0.6632746207180139,0.4609534281020458,1.1242280488200598,0.6569561834326789,0.0,0.7626665317930281,0.1349613486750746,0.0031076047922628,1.8743866392581112,1.0696633299988014,0.2759752006576587,0.0228503458412152,0.340943949820581,39.87835306058612,2.702004873888282e-15,-0.7145374938928377,0.0784795060626347,-0.6635767905392512,5.1313733366784114e-18,6.2053765208759365e-27,0.2037439163693416,0.1198546773229568,0.0683601083715495,0.4703296763732325,0.2471516954142051,
5BZQ J1939-1002,blazar,3.787,106,20,3651.7266146300026,-0.0007920098267865,-0.1124302629415588,0.0070444541003898,0.4119998000000002,-0.569554228690974,1.8741979528767147e-10,-1.8995976913886392,0.0,0.0,5.600461175980511e-05,0.0004016089992867,0.0013538752599439,0.0036148933737604,24.17435266895856,3.371127785924741,0.8568775589963826,1.6488513385669563,56946.41226279,0.0144468483672994,0.0759185362647428,4.72416652306596e-07,-2.3985407857397255e-10,4.7265650638516995e-07,0.0660377358490566,0.4999285778507848,22.0,-0.0547083135944799,-0.0262626270957735,-0.8385811913371093,0.6345587768731882,1.4731399682102977,0.5771279906817726,1.0,1.2647516797508334,0.0701896595239825,-0.0020082902496141,0.2605029462301289,0.4758846234984522,0.1421457822035947,-0.01367269028178,0.0156635881088396,7.38905609893065,0.0,,,-1.990662267349661,0.0,0.0,0.0316085685317833,-0.0037913510408273,0.0110150498468255,0.0342706994359099,0.0071591183279527,
5BZQ J1939-1525,blazar,1.657,110,20,3469.225751289996,0.0720336274104591,0.045806064721033,1.5725783877998818,1.1719998999999994,0.052752765315281,0.5841474591038711,1.2822600312776165,0.0,0.0,0.0003959539095517,0.0040341692962351,0.0106935643511176,0.907603656307363,27.007093669604792,2.650747542609705,0.0949940213014882,1.6888166224062056,56945.29334434,0.0955009115404974,0.0578255887651984,0.0003786232831668,-1.0837892084707212e-08,0.0003786341210588,0.0363636363636363,0.0007199252840514,21.0,0.1661255493939788,-0.038947633006329,-0.3439255146135557,0.8869394921168439,1.2308650067303997,0.3800546351686958,2.0,0.6623078175322327,0.1232815205302535,0.0033464318692777,1.0577311612294948,0.8042923350571338,0.2522428936652554,0.0273127890596015,0.3719509563897052,360.3077319683596,2.918852133354297e-15,0.2306187929922074,0.2363008923591745,-0.3276428480212275,-8.661127622108154e-18,1.7219810064654718e-27,0.1556694152592606,0.19139334802959,0.0537789470234896,0.6062914683464036,0.2281864766076039,
5BZQ J1941-0211,blazar,0.202,151,20,3469.8118932900034,0.0977016500878666,0.1052548020210179,0.928239360218044,0.9680004000000012,-0.2408504880564258,0.0028918351428067,-6.982373009084606,0.0,0.0,0.0002965165486584,0.0009904228109354,0.0037108491504337,0.7828421553462686,12.514812932727274,3.746732310397934,0.042924619540097,1.411391205384152,56947.72880502,0.3038261660616174,2.491339338321975,0.0003477631923048,2.513142098801705e-07,0.0003475118780949,0.0264900662251655,0.0012603052156127,33.0,-0.2003408952645686,0.0543183086137192,-0.8502190331288813,0.6807748941812325,1.5309939273101136,0.8859023765121921,2.0,0.7513333764034301,0.0945075439940006,0.0146646432703676,0.6121575707091202,0.6876501569878781,0.2187934188575423,0.1132474577318456,0.3565415429530475,1511.7542437002392,1.1348483294380662e-14,-0.3330388613590902,0.0493705107824877,-1.0515963910831545,-9.771461375173177e-16,8.438223989502712e-26,0.3331021280310428,0.1174373834056156,0.1041568703653139,0.3908970324334919,0.3252055178315241,
5BZQ J1945-3048,blazar,0.576,132,20,3469.0613582399965,-0.0145781426201167,-0.0058230285411969,2.503532743653728,0.3819999000000003,-0.4972659012818972,1.3166337431498115e-09,3.9890643955121106,0.0,0.0,0.000106625130344,0.0003193602156856,0.0015680551941431,0.0460826609169668,14.706243963105472,4.909989135204269,0.1991079691728603,1.4695892297581552,56944.56726348,0.0691342290508057,0.3311079416917773,0.0004763673914326,-1.0492268748876155e-08,0.0004763778837013,0.0454545454545454,0.0014405499247025,26.0,0.0290966260344858,-0.0138346685898294,-0.853932682319299,0.9561730303938932,1.810105712713192,,3.0,0.6300478048852505,0.0426875481310339,0.0032990527452564,0.4395429969151961,0.2250624594450655,0.1108970659137447,0.0074769682100261,0.0778773307177931,956.7538410892428,1.546120173718338e-16,-11.358152736593498,-0.0076923076923076,-1.227346880666606,-4.390796409697141e-19,1.3127442695581098e-29,0.0867903082336044,-0.022975152769304,0.0284104251220006,0.0977662965249894,0.0620344521097648,
5BZQ J1949+5041,blazar,1.929,474,21,3652.9216802500014,-0.0296350848245697,-0.072421564582821,0.4092024936948046,1.0589990999999994,-0.2544862887426321,1.9240174518640743e-08,-2.250259761960987,0.0,0.0,0.0001192931150495,0.0002177491166771,0.0009175735534322,0.0095593032474296,7.691756103104685,4.21390250955061,0.4466823913546338,1.235828254686421,56793.5503363,0.0044132283673327,0.0008488177548624,2.4847158639483553e-05,-4.937069749821603e-09,2.4852095709233377e-05,0.0084388185654008,0.001441245119793,104.0,0.0739861234308417,-0.0062716845181173,-0.7491425782790655,0.7030385310201928,1.4521811092992585,,1.0,1.7746435823423086,0.2426506446465007,0.0062102067159111,1.098561763293577,1.8662871035139137,0.5173816643112241,0.0290439463227993,0.0184602247396931,7.38905609893065,0.0,,,-1.1764061893083353,0.0,0.0,0.0075529409079187,-0.0868011634511647,0.0026227023077483,0.0315934220938741,0.0107864192877685,
5BZQ J1951+5727,blazar,0.652,396,21,3649.3779007999983,0.0154991671724337,-0.0608662257811275,-0.2546431452505056,1.3880005000000004,-0.6514729393469124,3.386993241062276e-49,2.5478203003531816,0.0,0.0,0.0004502653721449,0.0013625009332522,0.0025173702763371,0.0768265270493963,5.59085913881009,1.8476099451034136,0.2570730314368984,1.1207674993567998,56808.81532274,0.0299936588628086,0.0146521010874733,0.0002409138568306,4.123384190691823e-09,0.0002409097334464,0.0126262626262626,0.0014408954414932,84.0,0.0559979865880716,-0.0036084046802749,-0.4853426678625158,0.5030557327243066,0.9883984005868224,0.0516176385412607,1.0,0.6583640463311211,0.0989882008002825,0.0007909190542594,2.2519737217715736,1.0655474192429173,0.1951092156928804,0.0070451778857657,0.3074170729567891,7.38905609893065,4.351167857633658e-16,-1.1282308059765578,-0.0067453625632377,-0.4835071742392289,1.046272498308218e-17,4.97561938804024e-29,0.0385508953580658,0.0256046241688605,0.0127045196541828,0.3951236314664921,0.2391789536722107,
5BZQ J1955+1358,blazar,0.743,189,21,3649.406123929999,-0.039822018464785,0.342799558092055,-0.1161670647606006,1.5360002,-0.1338761925270297,0.0662749116685574,-4.995764714483229,0.0,0.0,0.0015087775197856,0.0054844026647027,0.0131928302757962,0.7740251398620709,8.74405278050997,2.4055181721610093,0.1394196245858801,1.282075527371232,56775.26156153,0.1094348349736324,0.1181161729146896,-0.0001100658057009,-1.242128642097623e-07,0.0001099415928367,0.0264550264550264,0.001441596714583,38.0,0.1131924899154423,0.0002278323910609,-0.7379178259027084,0.6791694374049375,1.417087263307646,0.8612108651789888,3.0,0.6991407945723647,0.1262018817894844,0.0045559494118896,1.2791080055745243,1.052020397322092,0.2576711103403791,0.0226379342423729,0.547563489634999,7.38905609893065,3.2147309755433026e-15,0.5947116849871978,0.1417793077774153,-0.248285717154311,7.49983594304173e-17,5.267683630482782e-27,0.1444788515778204,-0.0694097781841203,0.0479571689363884,0.7229082418543394,0.4147494216031781,
5BZQ J1956-3225,blazar,1.242,129,21,3651.341162869998,-0.1498050747168844,0.0038018948473389,-10.0,1.3740006000000005,-0.0017305003758854,0.9844714242767804,-5.748175684189592,0.0,0.0,0.0005617856618523,0.0031181599871737,0.0148213995538938,1.7962433388885013,26.382658963994373,4.753251792758159,0.0628482545243343,1.6803795170623563,56946.27664789,0.4851548154974275,0.652142966359176,1.0235102255208134e-06,2.8074774746311225e-07,7.427624780577011e-07,0.0387596899224806,0.499545779603008,27.0,-0.1027653704045868,-0.0095350791268408,-0.7822004469175172,0.7529400520522974,1.5351404989698143,,4.0,0.6980478007140185,0.1507805041664554,0.0011420493346389,1.7466370937693263,0.9912699511145716,0.3078407781995926,0.0159148621173763,0.698418682668767,212.5667245225412,2.47709355867719e-14,-0.3768091653446994,0.3817183545630875,-0.3778704092570255,-1.894137456791997e-15,4.0157131394980615e-25,0.7264373250258888,-0.3358629775152549,0.2478233918688756,1.0457639157220615,0.4664424244969054,
5BZQ J1957-3845,blazar,0.63,140,20,3469.632086800004,-0.0474882289837172,0.0456696076201669,-1.0398212609724111,0.4469995000000004,-0.277611787869252,0.000897532905297,-1.6148869397837116,0.0,0.0,0.0002632529141076,0.0021352875012183,0.0244154582428911,5.0946639305739225,92.74525310729952,11.43427206759093,0.0344600146874736,2.1338003846179205,56945.0917685,0.1991891548177428,0.1210784847542077,0.0016342265617819,3.970552690918634e-06,0.001630256009091,0.0285714285714285,0.001620442874758,27.0,-0.1374329930132705,0.008079794476553,-0.8807974069724458,0.7722281850854291,1.653025592057875,0.7737071991248305,3.0,0.6538516359491793,0.0337230631763924,-0.0010268946105652,1.1094854613948475,0.2820800122534928,0.0692134563750749,-0.0143909722631516,0.9091186494744156,279.3648492051192,2.4409680494078823e-13,-1.1810876117433309,0.628730349373909,-1.360295349025379,-2.9855052342306474e-14,1.492862979754403e-22,0.2543076888674838,-0.077405813243459,0.0836506306025274,1.160684992442033,0.7120766824797748,
5BZQ J2000-1748,blazar,0.652,166,20,3469.775093049997,0.0654491353054837,0.0527128273624411,1.2416168621628028,0.3240003999999992,-0.5530473389149732,1.1064569279017172e-14,4.654865970142364,0.0,0.0,0.0005998597762973,0.0022855789299635,0.0115553368672703,1.3309659102092986,19.26339672136819,5.0557592698839535,0.0658094797929245,1.5669475528843275,56949.50134869,0.4011243180067994,1.7166030077148315,-0.0022429571506692,1.8541798114754696e-06,0.0022448113304807,0.0240963855421686,0.0010804110609057,37.0,-0.1611500473562076,0.0233170182693611,-0.7963339159570274,0.6943624010774774,1.490696317034505,0.9232728826405504,2.0,0.6827734441191743,0.0338393277067168,0.0063848669481015,-0.0043650309436664,0.2023754932231612,0.0840586069484987,0.0378196281950257,0.5703382756475,46.29675414984575,1.882294063835528e-14,-0.098768319482658,0.3966654451868088,-1.3176619330491428,-7.56330214637558e-16,7.4430823115522605e-25,0.5155656960621854,0.108121971524659,0.1699056392285331,0.7330566531997831,0.4437388941887307,
5BZQ J2003-3251,blazar,3.773,127,21,3651.381787960003,0.0260069463250679,0.0801058831839583,0.3246571324273962,1.1729993999999984,-0.4192516682717123,9.29638418007832e-07,0.2999081550685833,0.0,0.0,0.0004566381403995,0.0057602496113914,0.0084164641657043,0.0150286878709646,18.43136479994747,1.461128376728469,1.0844310065527851,1.551022749553712,56947.26287566,0.0521915656956683,0.0551953870913286,6.08945955987643e-08,-2.3485309803610853e-08,8.437990540237513e-08,0.0393700787401574,0.4995426416701001,26.0,-0.0041816199383104,0.0070744641499858,-0.5510126976764115,0.7748027598386821,1.3258154575150936,0.5773482767823657,4.0,1.2758102857204965,0.2256408014629215,-0.0061682134012777,0.9233874178266404,1.4126012454119812,0.4613639062416874,-0.0574794063736885,0.0378759194972717,863.7433870891728,0.0,,,-1.0432225862625424,0.0,0.0,0.1140239397476232,0.1241311548095491,0.039738739408974,0.0827482660287614,0.0173367412589066,
5BZQ J2005-1822,blazar,0.868,150,21,3648.794782860001,-0.0650738434873923,0.1033998688190841,-0.6293416445358383,0.6829996000000005,-0.6636091242224903,2.1618462498685548e-20,5.494420617585217,0.0,0.0,0.0002778970175075,0.0010142004734212,0.0034607813098225,0.0390954465613943,12.45346685764447,3.412324680480276,0.4219050666921043,1.4096188795214628,56771.12128394,0.04515182613021,0.0467344616509867,0.0006318881976885,-8.049198082191875e-08,0.0006319686896693,0.0266666666666666,0.000720971772774,30.0,0.0587981773485801,-0.0232438794671798,-0.6985683488221306,0.7268362378644364,1.425404586686567,,3.0,0.6342173598216897,0.0662882166139943,-0.006093917657517,0.9804486306417995,0.4267365945767243,0.1638945955295594,-0.0341277255685176,0.1071296453679112,1296.5228160704812,5.426859785202775e-16,-1.833575741549827,0.0996978851963746,-0.6913447090356414,-5.205113121160412e-18,1.0655607207686172e-28,0.0617111664822793,-0.1215579396344489,0.0206605340859624,0.1464192248043625,0.0783828826575816,
5BZQ J2005-2310,blazar,0.833,38,10,2379.1463640799993,0.1032889659859087,-0.179617085010673,-0.5750508977460093,0.5000001000000012,-0.0412284470625392,0.8058651322756518,-2.01926180113566,0.0,0.0,0.0035322913612618,0.0130104347966561,0.1007227598015506,0.8706155229113431,28.514850410599927,7.741690525184895,0.4213200479202477,1.708410389806484,57667.39413106,0.1657264987837241,0.3745313569990857,2.483117494800292e-06,-1.0796580414792018e-07,2.591083298948212e-06,0.1052631578947368,0.983667539685137,7.0,-0.12244781470264,-0.1483437658118855,-0.655221178758155,0.4275072738316859,1.082728452589841,0.7032781758207217,0.0,0.6643023475652843,0.0626229848471498,0.0003119966676121,0.4967988344549888,0.3081790539126153,0.147001216832903,-0.0005275761764929,0.5827368892859913,11.963918233812262,3.4459298561240053e-15,-2.2507287966333247,0.0925844162271088,-0.4705586398920911,-7.109004894978646e-17,1.2979504977468316e-26,0.2243743396816395,0.1893286746521708,0.0749492413822046,0.7889577448462815,0.4304188460699845,
5BZQ J2007-4434,blazar,0.24,159,20,3469.7506382799984,0.0110138458147955,0.0764797442355472,0.1440099718544349,0.3800010999999994,-0.2220663983671598,0.0049040292083849,-5.082317841149347,0.0,0.0,0.0005122045384115,0.0008388239816899,0.0043328716852452,0.2809017541660661,8.459260611440293,5.165412261283123,0.111394265062554,1.270132892313594,56945.41940885,0.2897032850759983,3.94456348860944,-0.0001181785570974,-1.0109699042792069e-07,0.000118077460107,0.0251572327044025,0.0010800624229931,34.0,0.04123544472996,-0.0141094032564064,-0.6257177271611496,0.8362402521785417,1.4619579793396913,0.6791846153756861,3.0,0.7062310990370049,0.0441460410048784,-0.0028930020801133,0.4448555680460471,0.2556238504666441,0.1127492250334717,-0.010853558308015,0.3823876880867372,7.38905609893065,1.0635773454483153e-15,1.2802622403575368,0.4716330882074753,-0.8060939994392905,-5.297601068864614e-17,9.056700065837057e-28,0.322599925288186,0.0136571688103464,0.1014680015027654,0.4258089085028596,0.3433942810506931,
5BZQ J2007+4029,blazar,1.736,145,20,3651.403165640004,-0.0024834891440855,-0.0263830019664923,0.0941321668868365,1.209999100000001,-0.2243028548125316,0.0066830995996551,-1.0496846882743336,0.0,0.0,0.000527205551264,0.0036369529370989,0.0074753539304069,0.6677370346061775,14.179201828024317,2.0553892386395325,0.1001604881628527,1.4564261045314957,56790.45947179,0.0415453734313761,0.0238072736449688,0.0001654039554471,1.4717320337633484e-07,0.0001652567822437,0.0344827586206896,0.0019819734702411,30.0,0.2259408691733234,0.013395334304928,-0.2169512922834324,0.6235753150853162,0.8405266073687486,0.5382690054591415,2.0,0.615849614364061,0.097706482720091,-0.002227174031296,0.168885403674438,0.5990093888749585,0.2402903906650424,-0.0013209376425996,0.48292842924728,1959.111302255105,1.0314691184138888e-14,-0.1005571277366261,-0.1080932804624746,-0.1680052438210258,1.514116661915319e-16,2.4584072674912951e-26,0.0687196143362259,-0.0067948262982182,0.0237808570673837,0.7988050815017833,0.291960921601529,
5BZQ J2010-2523,blazar,0.825,140,21,3648.284024000001,-0.0953593818194418,0.0732095850034586,-1.3025532355488258,1.218000399999999,-0.1005018037902967,0.2374096761685514,3.945440628281999,0.0,0.0,0.0010603198597778,0.0058570920729451,0.0161400801032399,2.3727695150473136,15.221897372930474,2.755647324555145,0.0613824678335622,1.4820190733742225,56950.02598081,1.5591415865831204,65.10491226521917,-1.1601945589225977e-06,-6.791497474885167e-08,1.092279584173746e-06,0.0428571428571428,0.4908919877891889,29.0,-0.0619684984287356,-0.016893781022615,-0.940349212509838,0.6607647114973761,1.601113924007214,0.6845616978478597,1.0,0.673294204600816,0.1154050903324437,-0.0002918592660463,0.7958588760537759,0.7751546118067696,0.2566898353596846,0.0091188924050328,0.6746240777717467,7.38905609893065,1.6514250948087442e-15,3.2969068765967333,0.1505284477253025,-0.0578006680878912,-8.75975329781261e-17,1.4142773395134476e-27,2.1062842967649447,-0.1740308718204813,0.703201625071923,0.9113669428471816,0.499379146765579,
5BZQ J2011-1546,blazar,1.178,157,21,3648.690870260005,0.0292853448050498,-0.0372147197065511,-0.7869290709690493,0.3290006000000005,-0.6307620383162078,8.484562467616357e-19,-5.694055567551548,0.0,0.0,0.0001484058156536,0.000432157334906,0.0023885091912769,0.0480434138686173,16.094444578621736,5.526943529187564,0.2572239921103364,1.502122721393075,56772.96348975,0.0355880402423316,0.1642542397307727,-0.0003966883391229,6.474149590826074e-08,0.0003967530806188,0.0382165605095541,0.0012613572347802,32.0,-0.1452296564618942,-0.0024453253020965,-0.8685300824548847,0.7399364130789166,1.6084664955338013,0.7802159649111244,1.0,0.5192457822063807,0.0306569427070576,0.0024210242578406,0.1100659859425673,0.1581463853325051,0.075835593219768,0.0111719335345494,0.1563239827506351,7.38905609893065,2.0049123178832682e-16,0.0,0.0,-1.119150137740345,-3.8543790876343626e-18,5.389196743224753e-29,0.0525210029307821,0.0637834809853986,0.0178706729473494,0.2307036942829903,0.1059245611951287,
5BZQ J2015-1252,blazar,0.614,194,21,3649.303490890001,-0.0082275003768795,0.0159158111609487,-0.5169388034124607,0.3249997000000011,-0.5399909608740487,4.46039365527427e-16,2.4978121087542786,0.0,0.0,7.796377920967867e-05,0.0005721161876326,0.0006165683107127,0.0417471361819668,7.908394244795454,1.0776977176372513,0.158760800385306,1.2458461989041625,56774.21356877,0.1366043638433608,3.6031844263928954,-0.000177182875903,2.946021889510428e-08,0.0001772123361219,0.0309278350515463,0.0014415966871924,41.0,-0.0691297268103633,0.0042802072350754,-0.6105613107946704,0.7740057245342968,1.3845670353289672,0.627584983738926,2.0,0.691683820448892,0.0357879233978313,-0.0023959529050919,-0.2723834183957259,0.2064930382967631,0.0921402921819926,-0.0217162264407595,0.0778276744773353,2371.1223347392165,5.703538077987386e-16,-0.4334560936578914,0.0460457856399583,-1.8412027197962555,-2.7783120662666938e-18,3.485098757021207e-28,0.1735466913679819,-0.0132791856082835,0.057005763727401,0.0988748457398737,0.0612607470507272,
5BZQ J2017+0603,blazar,1.743,160,21,3653.2293171400015,0.0452835377073537,0.0214048680744698,2.115571913352016,0.5529995000000003,-0.5513217675383609,4.1958786406664053e-14,2.900579060836688,0.0,0.0,0.0005211386179688,0.0030899810821715,0.003548517194571,0.0264063559381048,6.8091618341250815,1.1483944720233878,0.7105384986853372,1.1918693056752288,56779.08043102,0.1044856995698393,0.5255564748155883,-0.0001828016131723,-3.9714630185261196e-08,0.0001827618985421,0.03125,0.0018020821902794,33.0,-0.2439685072170807,-0.0449372074486551,-0.9711238691646998,0.6907744860579387,1.6618983552226383,0.0216182171252989,1.0,0.748811506203742,0.0674974251333558,-0.0008004849675252,0.3556830687932043,0.3944673180528129,0.1722993408105041,-0.0098316769654525,0.0554064976576951,6935.194804074013,0.0,,,-1.3104418557125392,0.0,0.0,0.1730492648358966,0.1242127439312713,0.0598932746433527,0.0917642675147829,0.0334539801366324,
5BZQ J2018-0509,blazar,0.905,184,21,3649.2419839799986,-0.0883633111660518,-0.0886282612530775,0.9970105462605312,1.556000700000002,-0.555345596724155,2.804831696575062e-16,-1.9982160076550304,0.0,0.0,0.0010887903690005,0.0117208216155787,0.013602335171965,0.0754508234698601,12.4930707937455,1.160527445680514,0.7884917711164053,1.4107640574041638,56776.77892251,0.1658445043890729,0.1877191174053905,0.0002027913477288,8.0655759198498e-09,0.0002027832821529,0.0326086956521739,0.0016214909240116,42.0,-0.0129745703604337,0.0136233014005118,-0.7568602097532382,0.7074052226756349,1.464265432428873,0.8411764874841754,4.0,0.6200200248525396,0.1331142684856934,0.0018476620235949,2.0800778876050336,1.053323158183113,0.2916116902722313,0.0067018961445735,0.1362778939207883,7.38905609893065,0.0,,,-0.3599291933719512,0.0,0.0,0.2289014663707706,-0.1683321077713288,0.0768102415050952,0.1880931169067069,0.0987365443079826,
5BZQ J2018-1109,blazar,0.9,195,21,3649.2777672099983,-0.0622070243803297,-0.0530560609367212,1.172477249197271,0.6239995999999977,-0.5642976683579366,8.631617562905666e-18,4.246250653153317,0.0,0.0,0.0001714795454813,0.0007271764847115,0.002334298209196,0.071781589178014,13.612691758837128,3.2100848350613975,0.2089775955964204,1.4417201168754374,56775.20043925,0.0923425437967004,0.2930229554364388,-0.0003234523015565,-5.8629268167993786e-08,0.0003233936722883,0.0205128205128205,0.0012613533744091,42.0,-0.0484854825380755,0.0077230817737521,-0.6969480630628206,0.6438527231940492,1.3408007862568698,0.7221250615797729,2.0,0.6466736735325226,0.0613616532972295,-0.0078296593781066,0.3616333531802959,0.3804935697643369,0.1483450350697214,-0.0491587314977318,0.0923450113790455,1181.7388475398686,7.307517712784082e-16,-0.8870427929370711,-0.0414360006710283,-1.154112039204702,-1.3703791735126825e-18,2.668753907452401e-28,0.1272854125585744,-0.1181933463226265,0.0426990073724909,0.127288813886109,0.0669941125716363,
5BZQ J2022+6136,blazar,0.228,413,21,3636.622218309996,0.0173956130116141,-0.0117570531432454,-1.4795895535785766,0.3730001000000005,-0.3554547451359373,9.594643772516493e-14,6.969570302031478,0.0,0.0,6.634962896054319e-05,0.0001776386089788,0.0003307914165446,0.0080139886935029,4.985580428125319,1.862159451618872,0.3078484745733487,1.07944036982552,56643.39666961,0.1169658391461094,2.5955258023073,-7.89359836908685e-05,-2.622404345407678e-07,7.867374325632772e-05,0.009685230024213,0.0010825045311439,88.0,-0.0351674295628298,0.0155216656620694,-0.6895748517815662,0.8799210695083408,1.569495921289907,0.8065709276342037,2.0,0.5481790662769903,0.0230221811636765,-0.0010956252015721,0.5799916033641159,0.1977173880337122,0.0553596952394596,-0.0019208463759129,0.1158025864901315,8103.083927575384,1.656875357463295e-15,0.0309853319086963,-0.0102526854079018,-1.9613680344212137,-2.213855193576174e-17,3.9764893638968944e-27,0.1296158834531653,0.0213618127782621,0.0406941917408454,0.1283268231447494,0.1045006703133138,
5BZQ J2023-3655,blazar,1.048,170,21,3648.4125080099984,0.048161769467394,-0.0639427791790189,-0.7532010664184109,0.4560002999999994,-0.6742922942707429,6.857418435803817e-24,-6.243005660523611,0.0,0.0,0.0002521674092722,0.0006672431583237,0.0026868791427997,0.0205015236654347,10.65514032879542,4.02683655164473,0.5293245647112044,1.3533694222611488,56770.99305463,0.0196103107164377,0.0202467799133178,-0.0007775171666957,-5.7486983592362256e-08,0.0007774596797121,0.0294117647058823,0.000720623189603,37.0,-0.0223056571613789,0.0006694754433288,-0.5340719981308963,0.8488121086258305,1.3828841067567268,0.5398565873901296,3.0,0.5357656970323742,0.0411706338791303,-0.004457907844277,0.2415357973094102,0.2270672664417955,0.1005935030635473,-0.0233125933796408,0.0838480986805167,2201.2762889009105,3.046426846653617e-16,-3.243429414900159,-0.0107655502392344,-1.1890503780009811,-6.336120121859053e-18,5.556378578631042e-29,0.0280639922059823,0.0986353038692229,0.0094916838093159,0.1199936309975973,0.0585906401355455,
5BZQ J2024-3253,blazar,1.465,129,21,3648.772499279999,-0.0247011648347186,-0.0554433906097123,0.4455204590318037,0.909998899999998,0.0022375111911149,0.9799226245263316,9.140662113186035,0.0,0.0,0.0006326006294929,0.0016283825326948,0.0121353907016033,1.6926554340093254,19.183336400006652,7.452420085879944,0.0531237984488351,1.5654454383184326,56951.07664588,1.100807534682011,24.82400395114414,-0.0001913978967936,-2.484216368012684e-07,0.0001911494751568,0.0310077519379844,0.4908818758658483,25.0,-0.1351323614803267,-0.0292367414828773,-0.7896088381768964,0.8535115000348782,1.6431203382117747,0.5336058704276911,4.0,0.6569057522277402,0.0843417966462593,-0.0051494367534419,0.1545788623629112,0.561928716450258,0.1818759970313638,-0.0328749480883208,0.6333043279298703,118.93926743688787,2.0410584028059613e-14,2.8240097334940057,0.6307874941302961,-0.5949517037432231,-1.2024381058004349e-15,3.5404312550651668e-25,1.7283028866599954,-0.0608883713175813,0.5941093919260522,0.9943079635729803,0.4033703706178419,
5BZQ J2024+1718,blazar,1.05,159,21,3651.877494530003,-0.032037085460234,-0.0180821612755704,1.7717508970300542,0.6399993999999989,-0.6011003064966765,5.4238212539012724e-17,4.599216009538129,0.0,0.0,0.0001326295906725,0.0004592641340218,0.0012310305791876,0.0216209642450071,9.281718835618252,2.6804413524017043,0.3357031769893235,1.3035979992066689,56784.6726095,0.0094554172523298,0.0055534944678122,1.8787360433548233e-05,-5.8825306131448744e-08,1.884618573967968e-05,0.0440251572327044,0.002702949431895,33.0,-0.1284764181307805,0.0164928657568849,-0.6137524683174527,0.7517035647468733,1.365456033064326,0.4977952655962294,1.0,0.5578143298695413,0.0472032319414624,-0.0009212182245361,0.2118976838326893,0.3130770289292349,0.1127259844441279,-0.0001364306038911,0.0795761571744764,2355.4286449401866,1.992262902533228e-16,-8.747156043738052,-0.0128205128205128,-1.1893358245458416,-9.56753572661733e-18,1.8302684731596457e-29,0.0135380972297474,-0.0656760251934798,0.0045792570562601,0.1139357179327308,0.055578398991576,
5BZQ J2025-0735,blazar,1.388,207,21,3649.21918991,-0.0425900080492818,0.0787353003870264,-0.5409264693209898,1.144,-0.1097253605771078,0.1155176787650996,4.446002846023135,0.0,0.0,0.0014287343741937,0.0074707890531464,0.0570166663865162,4.09289457778594,39.90711455989564,7.631947037089814,0.0886306547714219,1.8296435162629408,56777.63501649,0.0207963397248061,0.0016143165171431,0.0003923763526112,-8.708881198950057e-07,0.0003932472407311,0.0193236714975845,0.0014415960301151,42.0,-0.111525108457214,-0.0283666336685743,-0.922767981735572,0.746539555122899,1.669307536858471,0.7435020583469061,2.0,0.6623261862493466,0.0769150813677779,-9.358101643431036e-05,0.9217371482329996,0.6630334043225974,0.1593660709383357,-0.0018614975788181,1.0024286663534685,56.25823910551519,1.4693751693198662e-13,1.2128948026612272,0.7796674519678299,-0.8335733086248898,-9.228893776020488e-15,4.4533764932095344e-23,0.0321369061567464,-0.1017049392216849,0.011020883015813,1.5490685575311822,0.6486886756830748,
5BZQ J2025-2845,blazar,0.884,111,21,3649.073010530002,-0.1231444838575849,-0.0226888975773122,5.427521695929528,0.8169994000000003,0.0562734464282085,0.5574513595800418,0.2497654353545518,0.0,0.0,0.0011869044655441,0.0038987127625914,0.0356316466731492,0.1492427947062969,30.02065261149216,9.13933619473053,0.614922830981295,1.7269708586539043,56952.12947623,0.3458359938153585,1.6977393600953703,7.19978235354731e-07,3.0820494737096964e-08,6.89157740617634e-07,0.063063063063063,0.4914239801779694,19.0,-0.1846012962925168,0.0204090299946786,-0.8461841297838888,0.3754934844876024,1.2216776142714911,0.7815578549172472,0.0,0.7627892954280465,0.1092672860979704,0.0004344036649824,1.1679925583856954,0.6400624366560123,0.2335474299704966,0.0138726320701777,0.2037023506506273,7.38905609893065,1.6860432974263855e-16,-10.392742222776942,-0.0091743119266055,-0.7489584144999193,3.689364740603297e-18,1.1129959700139812e-29,0.4746906099985501,-0.23200420758769,0.1590829165254999,0.2795995640063726,0.1484074118929791,
5BZQ J2027-0831,blazar,1.697,193,21,3648.824187149999,0.0068313854364632,-0.1935320096729352,-0.0352984782621136,1.4130000999999996,-0.7108488261896249,5.200517363274044e-31,1.4984904259342913,0.0,0.0,0.0018455706725205,0.0055628965337024,0.0159139222432989,0.0976706288716648,8.622765018769044,2.8607259085307155,0.645061184643777,1.2770376413425195,56777.8326452,0.0112099263693032,0.0004493181014359,0.0002848948936296,-1.6703873397892112e-09,0.0002848965640169,0.0207253886010362,0.0009008667761734,41.0,0.0459627733794514,0.0099119431782417,-0.6035432345812752,0.7164635752246884,1.3200068098059636,0.6717237719700694,3.0,0.5594057818619745,0.1120023425384543,-0.0011331171704612,0.6573834466058835,0.7375160916704342,0.262822295490544,-0.0155051603918854,0.0599367875707269,171.09012453105703,0.0,,,-0.3700767673270813,0.0,0.0,0.0184095525612771,0.0184242465221414,0.0063655505297738,0.0984314619727499,0.03649664885901,
5BZQ J2030-0503,blazar,0.543,226,21,3649.3048873399966,0.0330210142705136,0.1178156290438536,0.2802770272373837,0.5480003,-0.0811497860780127,0.2242939268991963,-7.243657887259404,0.0,0.0,0.0001769924904665,0.001069670810107,0.0037865737776616,0.2443615383943795,21.39397974618198,3.539943072525896,0.1120853146564229,1.6047832438586775,56779.21426332,0.0247515340013906,0.0206498612597433,-2.5448030864473257e-05,1.9842485949448312e-08,2.54678733504227e-05,0.0221238938053097,0.0010814585078634,44.0,0.1631698719706504,0.0028949747884943,-0.3039013102759213,0.6522016889423283,0.9561029992182496,0.5493463391277801,2.0,0.7565802496511718,0.0682225480089363,0.0005016100170927,0.2845139426691788,0.378602357079426,0.1731435932926853,0.0104524192326447,0.2153580234406354,27.952254848338704,1.3873790429220377e-15,-1.5135062479079258,0.545022620857138,-1.143478493935248,4.387758552543765e-17,1.2850845954104903e-27,0.0307457493949348,0.0509514250194025,0.0100329442162289,0.267512462804216,0.173371654442136,
5BZQ J2031+0239,blazar,0.858,219,21,3652.20055157,0.1732656307585124,0.1311022891872005,1.3216064481613057,1.5050001000000002,-0.1160217541310213,0.0867256460371201,-0.8999262139392198,0.0,0.0,0.0005697775683027,0.0018631788087173,0.0099511564408448,0.3243284768993661,17.46498454304145,5.340956213619958,0.1797258109410583,1.5315983652359062,56781.64794874,0.1265424132188291,0.1642571845231085,4.392507622103184e-05,-2.021459122355826e-08,4.3945290812255394e-05,0.0273972602739726,0.0016218385763183,45.0,0.015035762353612,-0.025885576480662,-0.8603371352182995,0.6516510739723654,1.511988209190665,0.7228386089069618,2.0,0.9233351695848406,0.1819632115658285,-0.000237280957316,1.3419153505203398,1.404648562300569,0.3990120156115483,0.0086347637177039,0.1757386276439836,12.390217517999078,3.9720546451956367e-16,-4.129483209670113,0.6841269841269839,-0.5172368356067456,2.117445604845464e-17,4.34393014416498e-29,0.1724880320304832,0.321927541949316,0.0577112144604768,0.2395466410272169,0.1289271480232599,
5BZQ J2031+5455,blazar,1.262,294,20,3454.0054386699994,-0.0440745483907268,-0.0194281805011523,2.2685885787458395,0.4189996999999987,-0.7017718975376244,6.559320315447982e-45,-1.9858758168944557,0.0,0.0,5.833246124851385e-05,0.000431074394932,0.0007551356462405,0.0125388186465823,12.945375818759269,1.7517524895159218,0.3766987760966988,1.4235912364241914,56816.71216865,0.025516308368068,0.0834468173440456,3.2541591620006124e-05,3.4541278619694032e-09,3.2538137492144154e-05,0.0170068027210884,0.0018013787269122,64.0,0.1021307538553885,0.02402942493892,-0.5080602329529398,0.824138921223771,1.3321991541767106,0.8117040613537261,4.0,0.518385011932167,0.0280018542170107,0.0025893082329031,0.1659324951510077,0.1958427212058751,0.0656748606711895,0.0101887174095239,0.0133814623855525,7.38905609893065,0.0,,,-1.624854913423269,0.0,0.0,0.0383763920602898,-0.0996966284598241,0.0131022149813215,0.0201256482497538,0.0088972803933482,
5BZQ J2039-7206,blazar,1.0,231,20,3470.0155473600025,-0.0278328515441879,0.0097265708169403,-2.861527671778489,1.7169999999999987,-0.3842584710739606,1.5211208934688303e-09,0.9975404037585224,0.0,1.0,0.000616335212447,0.0012864251897054,0.0037751823841067,0.021920670459805,6.125209629014817,2.9346303316995743,0.6828723819627367,1.1536898050249451,56940.61392938,0.1616408467027686,2.683055619335522,-4.757942855602343e-05,7.191334800361042e-08,4.765134190402704e-05,0.0259740259740259,0.003060421902806,48.0,-0.0987744699660478,-0.0186285223089405,-0.8993248995014187,0.7759407431009504,1.675265642602369,0.817538535844729,2.0,0.7468868226187569,0.0723168653035366,0.0014279593979304,0.6014549342110864,0.9378204208849604,0.114854767345332,0.0059311468996784,0.0651038619166008,3681.866898119336,3.552713678800501e-16,-2.23544774666746,-0.0101522842639593,-1.1221768480484429,-3.580450441892355e-18,9.687139042127375e-29,0.2285946776405258,-0.0556657030883758,0.0771222835927735,0.0920707644853222,0.0460353822426611,
5BZQ J2047-1639,blazar,1.932,173,21,3649.278909929999,-0.0847776806557743,-0.048176137391338,1.7597442478030052,1.4630003999999983,-0.4174649731109974,1.1024172321617269e-08,-5.994708681609855,0.0,0.0,0.0008100471859615,0.002500399730729,0.0063523750021102,0.0608413094749083,7.841981435597352,2.5405437864599465,0.5137946349784774,1.2428045566947414,56780.20368068,0.0976612105809128,0.1145788368857338,0.000147304325705,-4.7493311411118714e-08,0.0001473518190164,0.0231213872832369,0.0009012168651739,37.0,-0.1591833804046301,0.0107259145233979,-0.8079683193107583,0.5617409891915393,1.3697093085022976,0.6284101295523377,1.0,0.7759104325534766,0.1486937727659003,0.0008879568463794,2.350614573674054,1.296042092606124,0.3218861515775706,-0.0199921831032275,0.0965949567615205,2016.417169182152,2.7010781922943235e-16,-3.087763566887137,-0.0058479532163742,-0.6958061481559916,-1.6810133140802482e-20,1.2523416152286345e-29,0.1672261096146275,-0.2485681596827303,0.0580706751323398,0.1654003542608068,0.0564121262826762,
5BZQ J2050-2628,blazar,1.633,93,19,3448.6842942500007,-0.0443915585188266,-0.1567474679696215,0.2832043100525869,1.2110003999999996,-0.2032075806679096,0.0507493127643712,0.8025685558145108,0.0,0.0,0.0014689024214301,0.0063235469525069,0.0959097387232953,4.715495792090406,65.29347168249906,15.167079398391364,0.110414240077569,2.00721671178295,56778.75750169,0.5948826674167942,1.682240003442387,8.705925450149092e-05,1.172595015757076e-07,8.694199499991522e-05,0.043010752688172,0.0019823252019247,18.0,-0.3007384560613335,0.0521660922998921,-0.9205523570537008,0.7732484864196584,1.6938008434733591,0.7624244348565737,1.0,0.6438439055491293,0.1182381209974166,-0.0004650936192536,1.1103878357806996,0.8054331699156507,0.2626934300899357,0.0028177124629009,0.7827819291407901,54.59725543374514,1.1689059061122466e-14,0.7293039211260808,0.2864741493519513,-0.1486989669816202,-8.212524840097692e-16,6.71040567994755e-26,0.9652876392999958,-0.1168829735800705,0.3332921743419031,1.2701827803256622,0.4824089556876803,
5BZQ J2056-4714,blazar,1.491,165,21,3648.66476385,-0.0557454802801839,0.1089708537873109,-0.511563214774731,1.7959994999999989,-0.2634223820347939,0.0006294867264758,2.297584930008213,0.0,0.0,0.0017411460823081,0.0067820749258437,0.0387072962891378,6.829660980443869,22.23092976529233,5.707294110823334,0.0449228850364987,1.6186240956146245,56952.65194354,1.337372811676062,1.8500660904398936,0.0001783851512208,-2.0243574218523453e-07,0.000178587586963,0.0424242424242424,0.4903219490212079,33.0,-0.111786366786163,0.0253497533918674,-0.9186908462439148,0.935363850240965,1.8540546964848796,1.057805808208515,1.0,0.6053406029229432,0.1274671850494284,0.001529740841542,5.779076126444973,1.505015560599252,0.1942715128152106,0.0093121992416568,1.0451264476151991,12.523247073237396,7.711194347504821e-14,0.623666405821922,-0.0748974853242334,0.3765664626028802,-1.2344368138195824e-15,1.9189632461418578e-23,2.1107624213040053,-0.1388619913779382,0.7261263659077111,1.6495128447933871,0.6621890183835355,
5BZQ J2101-2933,blazar,1.492,153,21,3649.1599760399986,0.2304316348115434,-0.1028402236476021,-2.2406761346722934,1.0460004000000025,-0.1111831920442914,0.1712407392612337,-2.5976224333207383,0.0,0.0,0.0006864758062526,0.0048267586544211,0.0118921861385778,0.7569190401935346,17.3235327639181,2.4638037630535417,0.1242443655287857,1.5286653154667749,56779.87705801,0.0467807152993456,0.0114918243389773,-0.0001739702514252,1.5477202289733104e-08,0.0001739857286275,0.0326797385620915,0.0010811097878187,31.0,-0.0812163666059777,0.0086018398459708,-0.7585724462183436,0.8884314118018879,1.6470038580202315,0.8604838249674052,3.0,0.6181516752075655,0.1172133863289074,0.0054081320124776,1.039493040866255,0.6701949992044423,0.3004728207028234,0.0234792003390341,0.3649788007955721,52.40535243336837,2.3245299316383268e-15,0.954527344206522,0.3564516129032258,-0.4564052382054651,4.8732074233956725e-17,1.810041983468284e-27,0.0738483637408759,0.5742356339503661,0.0254054011755135,0.5761580827994982,0.2312030829853523,
5BZQ J2101+0341,blazar,1.012,215,21,3652.010439789999,-0.0276043479592054,0.1562380970950873,-0.1766812862704369,1.0679998000000008,0.1845978905950851,0.0066411153881533,-1.7997587382948663,0.0,0.0,0.0002213454344587,0.0005543168694924,0.0039242499356404,0.4143340498126315,17.729075494630216,7.079434425573281,0.0676484929335044,1.537011350567662,56788.95306433,0.0821418639152417,0.1107947007943581,-0.0001491425254326,4.454947170781431e-09,0.0001491469803798,0.0186046511627906,0.0010811082820092,44.0,0.0003165418559922,0.0150132522962844,-0.5843888590775383,0.7158557187798824,1.3002445778574208,0.6163247696860189,3.0,0.6392250325818188,0.0714962038805125,0.000832120309581,3.292286442425887,0.8008360592192123,0.1440230129584809,0.0143780935291535,0.2542914025529945,233.67640483694663,4.266955553143359e-15,-0.1014616993482133,0.3772777216191272,-1.0935959011627785,-2.0584649890153663e-16,9.526842618558956e-27,0.1165141152162682,-0.0555399480939213,0.0393340395778769,0.3606996038723728,0.179274156994221,
5BZQ J2106+2135,blazar,0.647,221,21,3651.94462301,-0.0286094273864955,-0.0482947539573421,0.5923920310633672,1.1430005999999988,0.0553123310790127,0.4132198667712569,0.7998783568536619,0.0,0.0,0.0003540635310614,0.0028459605234726,0.0108580100808788,0.3317636260872026,30.66684111086262,3.815235660336756,0.1950319004072452,1.7346519155171307,56798.82071902,0.1420075149430699,0.2147448134776124,-2.446278014640623e-05,7.485549942625796e-08,2.453763564583249e-05,0.0271493212669683,0.0075667047775369,44.0,0.1531431285298493,0.0091900518996851,-0.4003265604415522,0.5612234171117803,0.9615499775533324,0.5937529234906005,2.0,0.8171422457905697,0.1552008607312335,-0.0060610964315887,1.0649600576006772,0.9632108123960738,0.3696393920638782,-0.0393940945159283,0.3026963098624552,9.999064249382004,9.810251293262749e-16,-1.7787251493811616,0.540945790080738,-0.5448484875262549,-2.5484695930176757e-17,2.905555110189565e-28,0.1822460512400868,-0.0471197269055581,0.0600342366365929,0.3884668161364113,0.2358632763426905,
5BZQ J2109-1332,blazar,1.226,144,21,3651.7025400799976,0.0248683901516368,-0.0616092960931081,-0.4036467177624304,1.4689999,-0.647853472221454,1.6906787058552994e-18,-0.4499017503178641,0.0,0.0,0.0010052530783721,0.0050345171842324,0.0078853485304873,0.038409941814042,7.844142626662887,1.566257148474358,0.8133583457230978,1.242903941963331,56786.06058439,0.0347246671785273,0.0072382299305324,-0.0002967344520883,-7.2577376340223425e-09,0.0002967271943506,0.0277777777777777,0.0014415940862342,31.0,0.0500556296576496,0.0093555142833508,-0.5093204743243792,0.6954928109512147,1.204813285275594,0.6837395698359662,4.0,0.5789205960703883,0.1076024239720487,0.0040470692845984,3.168997417940376,1.0286285364818384,0.2107772100756558,0.0256448169302904,0.0262782073009368,433.4253871662407,0.0,,,-0.7999213714088247,0.0,0.0,0.0518084586600299,0.0553570364775435,0.017663200712591,0.0392065216812835,0.0176129926690402,
5BZQ J2109-4110,blazar,1.058,154,21,3649.337613830001,0.0876287865202302,0.0268592281564151,3.262520650627883,1.0950001999999994,-0.2064388998383827,0.0102081374468769,-4.246320289877482,0.0,0.0,0.0004297999416096,0.0019080128185664,0.0070947902688923,0.1717247417641661,16.507192220210047,3.718418553657561,0.2398754519195334,1.5112557104910436,56777.90471863,0.1943829732246716,0.2307435093611822,0.0001487629766059,5.172438431058043e-08,0.0001487112522216,0.0324675324675324,0.0010811098973415,30.0,0.0817987093850586,-0.0278465404459413,-0.8994290540150349,0.6654855377477106,1.5649145917627454,0.8875071312121993,4.0,0.7868903413147087,0.1334512602558298,-0.0069965884613639,0.4021782350887993,0.776012117633403,0.3212392505650303,-0.0539263634213437,0.1853214171120797,627.5682532472299,9.602318542386984e-16,0.0259332774752726,0.0186588921282798,-0.5005404190761538,2.162983068379677e-17,1.433682207597013e-28,0.2788565858923675,0.1803400426586338,0.0943607808863067,0.2658571211835481,0.1291822746275744,
5BZQ J2110-0126,blazar,0.904,194,21,3651.868712849995,0.1024441104477123,0.0990334859647765,1.0344391035992493,1.3459997999999995,-0.0299106485126732,0.6788686396388145,-0.3999308651991781,0.0,0.0,0.0009006794871326,0.002467835377098,0.003300440828493,0.230012358012403,3.664389910039858,1.337382897491607,0.1561398700533422,0.9683932555635348,56789.54633205,0.2693360834776488,0.2831726826818772,-3.819653219206281e-05,5.253039059808425e-08,3.8249062582660895e-05,0.0257731958762886,0.0012613526077891,41.0,-0.0496689578381932,0.0052543486868045,-0.4552472414410377,0.5976210737502294,1.052868315191267,0.4240336512161384,1.0,0.8071359434329269,0.1810218560006104,-0.0040412913212506,0.9351246318606312,1.1484453073970342,0.4302933667583065,-0.0042407513785364,0.2554593210390324,7.38905609893065,3.826049656391487e-16,0.4444796307447435,-0.2229262672811058,-0.4053055577005146,-3.3491902319378844e-18,4.777096014130317e-29,0.3716447589342576,0.1950535862924442,0.124701694147057,0.3524968379995732,0.1851348939073389,
5BZQ J2114+2832,blazar,2.345,173,20,3448.254821989998,0.0398802403064865,0.0781447278595614,0.5103382070529147,1.5420007999999985,0.0328281415493904,0.6680890684225843,0.1888161435723476,0.0,0.0,0.0017218527453042,0.0069327595088602,0.0181486710783525,0.9424739737903906,10.540199280865686,2.617813448243831,0.1483356848810653,1.3494575597169658,56804.80749604,0.1743559066100286,0.2115015898371992,0.0001349861231615,-3.143939747702562e-08,0.000135017562559,0.0404624277456647,0.0012610001368762,33.0,-0.071088092472678,0.0160222285656616,-0.7529716930433085,0.5595511512993077,1.3125228443426162,0.7752322088672977,1.0,0.7684765025816116,0.2100215068941388,0.0091318529558305,1.6028208292246306,1.203350843904952,0.4721182843447686,0.0060050369042717,0.3940326052500014,8.581520153418545,9.453773673030132e-16,-1.4158788424983788,-0.0439128882541949,-0.1846607686951273,-1.0460105842986169e-17,2.0715485474069004e-28,0.3188854658933169,0.1333994038251975,0.1112372866366472,0.7206596744860546,0.2154438488747547,
5BZQ J2118-0636,blazar,0.328,203,21,3651.9868823700017,-0.0024158948287735,-0.0016821831759644,1.4361663243887863,0.5489997999999989,-0.5936981696835664,1.0080984124315791e-20,2.4996487901232043,0.0,0.0,3.126462155318717e-05,8.050836614585422e-05,0.000360677119366,0.1381519501761336,11.536269748738553,4.479995460752993,0.0251084192469623,1.3820262257572242,56789.87626444,0.3312978520567582,10.896948791726514,-0.0003445766653864,-2.7999879450777977e-07,0.0003442966665919,0.0197044334975369,0.0010807592060253,43.0,-0.028890014522366,0.0033386526380258,-0.8532752018720612,0.8314140954638034,1.6846892973358645,0.8357437755104328,4.0,0.653122273329455,0.0468040272178332,-0.0006115034346223,-0.2923205385202848,0.3073203533617151,0.1154172698822726,0.0220152435685058,0.2303409525358926,3934.395280535334,1.0284477146264327e-14,0.1998029565921079,0.0497153908448304,-1.6987134873515322,-6.501593368052008e-16,1.2428683171933872e-25,0.3817839418839089,-0.0032083083326112,0.1215806716828589,0.2654423392439665,0.1998812795511796,
5BZQ J2123-3046,blazar,1.879,142,21,3652.009034679999,-0.1050322457630966,0.209163162288739,-0.5021546079806586,1.4420004000000013,-0.5714710959294671,1.1093454042166625e-13,3.3495496964210805,0.0,0.0,0.0015865794041971,0.0060261539369786,0.012860354586363,0.1610425830753533,8.105711283177312,2.1340899550065044,0.4482080211748848,1.2547346972869398,56784.08940085,0.0210171534205387,0.001216613634658,0.0001389308429488,4.910511051883399e-10,0.0001389303518977,0.0422535211267605,0.0014412468446282,32.0,-0.0218808962909379,0.0026441886334673,-0.9115693567854976,0.963261210084484,1.8748305668699816,1.106264026780338,2.0,0.6280093392631326,0.1507146723625794,-0.0007402247307002,0.8415469761037142,0.8551270708102883,0.3696559411036584,-0.0201192830407103,0.0842208215742095,207.56349755603333,0.0,,,-0.290346826810178,0.0,0.0,0.0356610993159379,-0.3023878355519552,0.0123732139295601,0.1429026577734707,0.0496362131898126,
5BZQ J2123+0535,blazar,1.941,185,21,3651.9902043999978,0.116775738525037,-0.0808632278687462,-1.4441142358870755,0.7920007999999985,-0.1285700300133699,0.0811355812300843,-1.1498394894072543,0.0,0.0,0.0005490253211886,0.0020639872129689,0.0105056663596694,3.4605306791661152,19.13512170584328,5.089986162979955,0.0271112786382841,1.5645377930221211,56794.67803956,0.868765705927807,2.3085581139401867,-0.0004378378918128,1.0282278962963877e-08,0.0004378481740918,0.0216216216216216,0.0009008642847381,37.0,-0.1120845959085347,-0.0046141727964519,-0.9502297796971856,0.6853775873175466,1.6356073670147322,0.6889379758992783,2.0,0.6491329805977761,0.05907402084616,0.0002307190330521,1.5233551388483415,0.5329840836215681,0.1293326539029633,0.0049627668040105,0.7089923075550157,169.29137330385586,4.6456474699665434e-14,-0.6466683321262279,0.5190401698673899,-1.0440855182608408,-2.3208070402143963e-15,2.63623214029776e-24,1.4898761955722173,0.3434374470021339,0.5174424448411601,1.2158752983256131,0.413422406775115,
5BZQ J2124-6028,blazar,1.098,214,21,3652.373362639999,-0.0440538275957908,-0.0246140885761035,1.7897809809037677,0.506000499999999,-0.6502893329487173,4.139397410532598e-27,-0.7499739964353179,0.0,0.0,0.0002965244488368,0.0014256427921811,0.0016063493608659,0.0201702787272135,5.417257705898345,1.1267544496763748,0.5396996205124911,1.1093906810483385,56772.37976522,0.0650022185827765,0.1155579557615693,2.1450808122346916e-05,9.790429548656825e-09,2.144101769279826e-05,0.0233644859813084,0.009370192498284,45.0,-0.0839278470488668,-0.0039855946119407,-0.7494665470952881,0.8325722578047099,1.582038804899998,0.9673815584904116,1.0,0.5423064603331152,0.0474519567054834,0.0053647406477119,0.3487320489102387,0.2549625209665005,0.1217492129863233,0.0275439851061185,0.0434019984865619,879.7684314774269,0.0,,,-1.2863540701860876,0.0,0.0,0.0941522974047529,-0.0924249302959691,0.0319213813772728,0.0628655138018656,0.0299644965690493,
5BZQ J2129-1538,blazar,3.268,168,21,3651.9970694500007,-0.0739424842467863,0.0321664070724909,-2.2987486317681656,0.7860002000000019,-0.6179137900817628,4.559353038019033e-19,-4.449387257783027,0.0,0.0,0.0001809136404897,0.0013516332477723,0.0016032891802787,0.0140170106049006,8.862179585111816,1.1861865500386668,0.6347456560869703,1.2869153907755724,56789.68054611,0.0782484960928879,0.424196964273662,0.0001208911558058,1.2293247835782103e-09,0.000120889926481,0.0238095238095238,0.0016214892539378,35.0,0.0232910217827134,0.018633118577813,-0.8320269786295591,0.7680790093351683,1.6001059879647277,1.1448916621948997,2.0,0.9589817165554344,0.0966357238088591,0.0015640854284063,1.0103383429355146,0.7332752495987294,0.2189978913285374,0.0171284598176618,0.0204767825234039,7.38905609893065,0.0,,,-1.3587574228404375,0.0,0.0,0.1616546511453624,-0.3155865227652839,0.0564676959239723,0.0423032684420012,0.0099117311251174,
5BZQ J2131-1207,blazar,0.499,179,21,3652.084933459999,-0.0195248859267461,-0.0198389357662809,0.9841700258907722,0.3610001,-0.7308682501154977,3.545452972260741e-31,-5.949323847799313,0.0,0.0,3.7544650528173774e-05,0.0001413664866041,0.0003635741363404,0.0028242637362337,9.68377975402403,2.571855200636667,0.5710033494507483,1.3188925678266803,56791.19357466,0.0267174452662946,1.194384040112418,-0.0006388520468089,1.0502192828990359e-07,0.0006389570687371,0.0335195530726257,0.0014412449555088,37.0,0.0352905919388425,0.0098991180741649,-0.8460460636706827,0.876330382505434,1.7223764461761166,0.9967154726432916,1.0,0.6934522506585729,0.0222300086021216,0.001847797545149,-1.2939008703873898,0.2184279086518495,0.0457880565698874,0.0098036799957602,0.021601271030054,583.5332687907826,0.0,,,-1.9509258836384944,0.0,0.0,0.0327111448967262,-0.0292678040041924,0.0106272981768373,0.0264472257573581,0.0176432460022402,
5BZQ J2132-4537,blazar,1.332,139,21,3652.2304769299953,-0.0694151788734021,0.0235324085712851,-2.9497694068640445,1.9850006999999987,-0.4162652677425994,3.4575495873322186e-07,1.9998524172101273,0.0,1.0,0.0001840795177583,0.0024441283423939,0.00206554674817,0.0301186005260657,11.220948219024375,0.8451056810305436,0.5071092019147189,1.3720306726755087,56780.60403152,0.1482537357755012,0.1077718478328998,-9.563012867754196e-05,1.0022565004897497e-08,9.564015124254686e-05,0.0287769784172661,0.0019819776865116,29.0,-0.0511925408925611,-0.0082742826558784,-0.921840973825412,0.8701838763642933,1.7920248501897054,0.9147207382122012,2.0,0.6504691036789702,0.1575993513023016,-0.0019089601162652,2.736836330695819,1.469762482402179,0.2760914707164411,-0.0121257098799411,0.0738101088376594,7.38905609893065,0.0,,,-0.7602279146953751,0.0,0.0,0.2263966096028967,-0.1618761971327736,0.0774929678814328,0.1127145856248181,0.0483338703365429,
5BZQ J2138-2439,blazar,0.819,164,21,3651.497395469996,0.0893554483215028,0.0796991120619568,1.1211598976415098,1.3930005999999988,-0.4183601901855076,2.4828735600570816e-08,2.1494098289556445,0.0,0.0,0.0001458198836342,0.0009121574402017,0.0022037093660063,0.0467477129554664,15.112543611821106,2.415930919889305,0.290679718150139,1.4794186495889656,56788.95841255,0.1427530498437087,0.3429918296428262,-2.7692221477609407e-05,-3.4084341776150472e-09,2.768881304343179e-05,0.0365853658536585,0.0010811083093601,36.0,-0.016733973423934,0.0014683485321212,-0.5783023812614918,0.780965996762046,1.359268378023538,0.6022173068837432,2.0,0.7327296482872737,0.130975854195615,0.0068134859372936,3.34692126953698,1.2892651373483672,0.2452049365474745,0.0509300100316714,0.0465222579225197,306.46820470168416,0.0,,,-1.0297718459679093,0.0,0.0,0.1925314781093694,0.1625375604968136,0.0642524448003067,0.0627447125831252,0.0344940695894036,
5BZQ J2141-3729,blazar,0.423,155,21,3652.1073393100014,0.0733327799359501,-0.0489403642635599,-1.4984109954929827,2.605998999999999,-0.0536966567369568,0.5069555918480553,0.7999139962896649,0.0,0.0,0.0003558100876236,0.0022956848049171,0.0077557698232893,0.3985804594334422,21.79749836012299,3.378412316577149,0.1355356420482361,1.6115226663429745,56785.077926,0.1552088320750997,0.5231964200523688,-4.0912185065246545e-05,-1.3840667564923237e-07,4.077377838959731e-05,0.0258064516129032,0.0009008665023863,32.0,-0.1248416671234723,0.0126831013943654,-0.80972335721427,0.6068836038878574,1.4166069611021277,0.7950059843029699,2.0,0.6809426332676495,0.080720716381654,0.0050213612661668,-2.2498574462541407,0.8151437447422117,0.1535166047424606,0.0252066376779827,0.3190374788764503,13.174190258360923,1.4124640442963189e-15,-0.2538416581133477,0.0333172380492515,-0.9332707852495202,6.554064036707882e-17,1.2223467254488172e-27,0.1851479385559229,0.104352545848857,0.0596550445123594,0.3805784164877436,0.2674479385015767,
5BZQ J2142-0437,blazar,0.344,159,21,3651.957989740003,0.0002992851383587,-0.0301986073701323,-0.0099105609305254,0.3980008000000001,-0.030705688910475,0.7008156455900543,2.499629014195759,0.0,0.0,9.42057608828742e-05,0.0002586027001595,0.0013806820169675,0.0492976686688352,14.656025166317855,5.339008489766683,0.1694545645616891,1.4683554954446347,56976.98560436,0.1427312352082146,1.571843880163625,-5.7038123580904867e-05,-2.3025166188241497e-07,5.680787191902245e-05,0.0251572327044025,0.4967832234086305,31.0,0.0828685412616734,0.0201579710571989,-0.650377503415311,0.8033539175584852,1.4537314209737962,1.2383002097237887,3.0,0.7307148019421824,0.0446144708411974,0.002416575532623,0.1059552302449369,0.2632176161646891,0.1033147570796961,0.0081558521458885,0.1381231393817198,824.8971477961101,1.4503892858778862e-15,-0.0836777521585467,0.1056982955990842,-1.487096725961884,8.619718882328275e-17,1.8572565771732587e-27,0.1654697682280973,0.0004022392259541,0.0528045062711778,0.160127556011755,0.1191425267944605,
5BZQ J2143+1743,blazar,0.213,255,21,3649.2420269399954,0.0838187458466604,-0.0038707229695626,-10.0,0.7460003000000004,-0.1882010333716376,0.0025480616412513,4.745763074049275,0.0,0.0,3.105245729000792e-05,0.0001228130188416,0.0005516377752995,0.0524918878631523,17.764705458990814,4.491688063782252,0.0789135839942899,1.537735466577058,56806.78377725,0.1787715249379997,14.290523743623076,0.0006428767018938,-2.3153867653455297e-07,0.0006431082405703,0.0196078431372549,0.0016211364544763,53.0,-0.0696856419281258,0.0116668493218611,-0.6104323784260871,0.2893412232029463,0.8997736016290334,0.603132411441173,0.0,0.6749022345858536,0.0293774709448865,0.0024748064541708,-0.3449840717075436,0.4426401751543971,0.052697303917137,0.011873370916656,0.0980288898572904,150.04435902089563,1.0281408527026615e-15,0.0004848647115892,0.3448965254284052,-1.9906240440347176,2.420443100419692e-17,2.4894654198084177e-27,0.1968923058681115,0.1016721387119991,0.0616728534430431,0.1079653718475967,0.0890069017704836,
5BZQ J2145-3142,blazar,0.66,144,21,3651.652370110002,0.005417184893489,0.0189248282974364,0.2862475055703857,1.499000599999999,-0.4932490560743766,3.3638897208161007e-10,-0.4998839657919235,0.0,0.0,0.0015491019334482,0.0070256722044058,0.0195384906002852,0.1346430246799402,12.612785618426454,2.7810136922203004,0.5913186539882886,1.4142037586772087,56787.97269007,0.0738989671389763,0.0210939716851566,-6.413433462503054e-05,-8.422328183753423e-09,6.412591229684679e-05,0.0347222222222222,0.0012613509377153,32.0,-0.0878266866204995,-0.0188354306152148,-0.8102123247795414,0.5578046031422232,1.3680169279217649,0.7213987066464391,2.0,0.7095055567128211,0.1628123795098681,0.0015822506442684,1.1917907218551982,1.123995986589854,0.3744736907561241,-0.0068229942492672,0.0982861336921406,267.895548196007,2.0934566115783667e-16,0.0,0.0,-0.2860738945964299,6.47187306949365e-18,3.5301484368505546e-30,0.0952121588421586,0.0089925269231918,0.0313983141033537,0.1266328249957644,0.0762848343347978,
5BZQ J2145+1115,blazar,0.548,273,21,3649.2948735000023,-0.0135979245193588,0.0035351922063363,-3.84644560343459,0.4139994999999974,-0.5669879021061868,1.2744832599250046e-24,1.59859597470226,0.0,1.0,4.764631191651036e-05,0.0001231783938296,0.0002803540583772,0.0139409972431002,5.8840661788141215,2.2760002577152156,0.1672223552453054,1.1392033694995165,56804.61356082,0.0145485532242171,0.0265313445926752,0.000122694710342,-9.95002766635647e-09,0.0001227046603697,0.0183150183150183,0.0010811062833669,61.0,0.0538273973536608,-0.0247560959922181,-0.4857835398154798,0.7166933534419686,1.2024768932574483,,1.0,0.7160872815746412,0.0448227877290916,-0.0009912025149525,0.2004959119296993,0.271662590712055,0.1037842997300318,-0.0060622075125025,0.0272899572220217,392.40904482850857,0.0,,,-1.7522250084826174,0.0,0.0,0.0181011132425847,-0.0210495871559674,0.005909613934812,0.0339537958481566,0.021933976646096,
5BZQ J2146-1525,blazar,0.698,113,21,3652.159052740004,-0.1404778048010854,-0.0619963287945287,2.2659052162050406,0.5819999000000013,0.1785391910644467,0.058487364526161,1.7998319767096524,0.0,0.0,0.000486436099444,0.0028838984315932,0.0214513133151715,0.41169219694739,44.09893364326231,7.438304023724669,0.2440230592660039,1.865667966334139,56793.49749074,0.3832546045832052,7.403281073551739,0.0008795981096596,-4.0652719380801376e-08,0.000879638762379,0.0353982300884955,0.0019816232443669,22.0,-0.177881525700409,0.0260932715167853,-0.919500716994421,0.4873645466228577,1.4068652636172787,0.7879703907498877,0.0,0.676280598115799,0.0532599965589303,-0.0053401149822024,1.2961705100368317,0.393108416569234,0.1209107548757243,-0.0405919325149936,0.2237314091650148,7.38905609893065,6.252518833491442e-16,2.435165118532818,0.5714285714285715,-0.9772384421183204,4.218888802784412e-17,4.076777819713197e-28,0.4994088386325584,-0.238531312552243,0.1651988103184803,0.2915384234932741,0.1716951846250142,
5BZQ J2146-7755,blazar,0.334,343,20,3470.385799790005,0.0325082650615778,0.0434242373321301,0.7486202880879287,2.3909998000000012,-0.5254207267480825,9.773648139275812e-26,1.9002796987214263,0.0,0.0,0.0003271878659515,0.0009510326852204,0.0033287056184603,0.1086088327730354,10.173682934745456,3.5000959133057954,0.2005873960138049,1.3366925333499022,56940.74419608,0.0567887425648652,0.0586914629834172,-0.000148464777405,-6.008782509223338e-08,0.0001484046895799,0.0145772594752186,0.0012603055167706,73.0,0.0134689032564339,0.0234619981492045,-0.4765527499426994,0.5853312015453894,1.061883951488089,0.6015782150850557,1.0,0.7071779633229719,0.2287923319356329,0.0085184167528191,13.323944216388291,3.9413314972327984,0.1656257888836879,0.0435504131264861,0.2057122466425256,7.38905609893065,1.25607396694702e-16,-14.035847859165036,-0.005050505050505,-0.8907240410774879,3.98517669489437e-18,9.480418256231461e-30,0.0655903830627589,0.0433660255921448,0.02090398450563,0.2375954185386709,0.1781075101489287,
5BZQ J2147-3601,blazar,2.084,158,21,3651.4832644999983,-0.0360019822998013,0.0032149291903952,-10.0,0.7150000999999993,-0.4838121946414778,1.196713501589912e-10,-4.548733430109512,0.0,0.0,0.0002336113700561,0.0007647036232207,0.0018243818900771,0.0321961315628765,7.809473836094227,2.3857372088909266,0.3481236213438963,1.2413063376855082,56786.92049711,0.0837152764865642,0.178634879785626,0.0001024176787398,1.4187589739950894e-08,0.00010240349115,0.0316455696202531,0.0009008654346283,36.0,0.0353687685246356,0.0095342235455176,-0.5713978956701453,0.4837162086090631,1.0551141042792085,0.7009703262631072,0.0,0.6835296872584283,0.0758461203085322,-0.0031933104338485,1.307601150098636,0.4951395680406925,0.1485911988530059,-0.0338286014730762,0.0538432251560757,1345.8575412485748,0.0,,,-1.0791489899112676,0.0,0.0,0.1470150854270143,-0.1110301134125872,0.0511572111298209,0.0945558167899843,0.0306601221757406,
5BZQ J2147-7536,blazar,1.138,357,20,3470.0678374100025,0.0494677419555355,0.0558128533880002,0.886314512745752,0.4729995999999996,-0.5445433943396173,5.943077870947717e-29,5.937829975034227,0.0,0.0,4.312611839192975e-05,0.0002312428088277,0.000351714065937,0.11515259038374,8.155476794485525,1.5209729815991644,0.0383579331103786,1.2569423069836114,56943.30916404,0.5852026640551865,27.612583072173507,3.6570145153346886e-05,-3.172522769710375e-07,3.6887397430317925e-05,0.011204481792717,0.0010800625872774,77.0,0.0067940096684797,-0.0009914775032702,-0.4983747041278156,0.5270218138489624,1.025396517976778,0.5565419633434631,1.0,0.5612783881752652,0.0332528982141098,-0.0041216111620904,-0.0414481278258418,0.2475664344612008,0.0829561438304817,-0.0242772441832453,0.2685447550810787,940.4107961309854,1.009792853058824e-14,-0.4413489950691073,0.2424621211972009,-1.569161143762516,1.051023677660428e-15,1.1121530221211392e-25,0.8556775641799664,0.1057620323009349,0.2906426231604758,0.3926634925219913,0.1836592574939154,
5BZQ J2147-7812,blazar,0.732,371,20,3470.523324630005,0.0055987204777331,-0.0408648254064554,-0.1370058582667707,0.4530000999999988,-0.5823378509070992,4.60940940786288e-35,0.4750887508049288,0.0,0.0,0.000145623582514,0.0005156347903732,0.0008574387865745,0.0145547717506092,5.88804894017731,1.662880009106782,0.3991825239542466,1.1394474161233827,56940.41540958,0.0747453719250555,0.3461103629013943,-2.579200774502407e-05,-5.558936051594317e-08,2.573641838450813e-05,0.013477088948787,0.0014405480082123,82.0,0.0229046204810275,0.01682886339535,-0.4157478562572507,0.5884240030567682,1.004171859314019,0.4722718942465915,1.0,0.6379647917119711,0.041633279608904,-0.0026703209252846,0.4417952204950413,0.276850861472803,0.1013698682041154,-0.0138983900948186,0.0471352385782644,1360.2875308093228,0.0,,,-1.4858247869851176,0.0,0.0,0.098368998780816,0.0096969838674338,0.0326249118865914,0.0620325527430349,0.0358155616299277,
5BZQ J2151-2742,blazar,1.485,164,21,3652.1050521299985,0.0549775527467182,0.0784370858220742,0.7009127400707958,1.0859994000000004,-0.152575839008877,0.0511268071202041,-5.1494431262065685,0.0,0.0,0.0002918455164826,0.002176086108983,0.0230179995355396,1.571340404848435,78.87049194412015,10.577706199190263,0.0875089206891919,2.075353434068031,56790.60425502,0.2745669067085452,0.3100076674143522,-0.000108480086192,3.915059268879751e-07,0.0001088715921189,0.024390243902439,0.0019816246406536,33.0,0.0012923799409955,-0.0072824286007891,-0.6693116026849066,0.9055820325296232,1.57489363521453,0.2574647878105041,2.0,0.6617903426036215,0.1029551477285919,0.0032123983003235,1.7758922130828236,0.7416302141023305,0.198127706051851,0.0415731641261334,0.58921861985794,207.44710785267185,2.8249577491272545e-14,2.634413642474617,0.2867764626107265,-0.9219680267747206,6.645085496245568e-16,8.541448877030348e-25,0.4328240529994318,0.1366192185755949,0.1488709407816774,0.9288373249597744,0.3737775955572532,
5BZQ J2151-3027,blazar,2.345,142,21,3652.125298620005,-0.0650230259253048,-0.0993474521772867,0.6545011925345648,0.9610003999999996,0.1881788370610685,0.0249184566443793,1.0998871535885026,0.0,0.0,0.0010032259492481,0.0036457247131302,0.0105289142276416,0.566022806430693,10.495057693669912,2.8880168013874945,0.1412265113167279,1.3479095481230623,56789.61764072,0.4091284616401441,2.3931203419767413,-0.0001870329987441,3.178754885558112e-09,0.000187036177499,0.028169014084507,0.0014412449555088,27.0,0.021900640284082,-0.0145568275097074,-0.5720103232509908,0.7585428960763569,1.3305532193273475,0.6451245736881324,1.0,0.7005899257105055,0.097998937244254,-0.0013181632014105,1.0244085174757418,0.6947217471547601,0.2291580534105853,-0.0122716628115809,0.3120770608053031,16.433165109278256,1.4832133902574093e-15,0.5399492638806023,0.2080771312631439,-0.678923223302828,1.5721877867047766e-17,8.954779593782354e-28,0.7482690012454635,-0.2175020217201447,0.2610197775545711,0.570768383270774,0.1706332984367037,
5BZQ J2151+0709,blazar,1.364,232,21,3649.298056610002,-0.0612723383037285,-0.0281711220975833,2.175005244430245,1.0019998,-0.5584853887218126,1.99092224327394e-20,-3.996493422707736,0.0,0.0,0.0002773627152284,0.0010317234414503,0.0039118233008458,0.0169343044913675,14.103637843030384,3.791542519917347,0.7092359259071042,1.4544988573987363,56804.54861868,0.1000676864610375,0.0893662937216871,0.000123284536324,4.2533990932112865e-09,0.0001232802829249,0.0172413793103448,0.0012613488569408,52.0,-0.0004153169874025,0.0113635521599193,-0.4234213287915232,0.7141888209749203,1.1376101497664437,0.4910550541725634,2.0,0.5964027732801327,0.0780501631151772,0.0007328333735898,0.3778792485748189,0.5367521223008355,0.1914001206642633,-0.0029917279706467,0.0494325680126155,52.49945104415857,0.0,,,-0.9308965205088638,0.0,0.0,0.1538571187476968,-0.1448478077500141,0.0527212597298324,0.0760040803949425,0.0321506262245949,
5BZQ J2154-1501,blazar,1.208,110,21,3652.110539039997,-0.0461675039796955,-0.0630690344401885,0.732015392172817,0.3279990999999995,-0.5728849086214729,6.158478411744811e-11,3.399637462761394,0.0,0.0,0.0001378557854972,0.000541192272196,0.0024974744804152,0.0033770403837218,18.11657344151647,4.614763743144438,0.9964747654260993,1.5448095515312017,56795.14269506,0.000710551592308,7.940085085323172e-05,-0.0001102233472235,-4.3074716938582276e-08,0.0001101802725066,0.0545454545454545,0.0014412436960958,21.0,0.2450776261748402,-0.0084660273725744,-0.404092422031713,0.9496379598641808,1.353730381895894,0.6991062057609034,6.0,0.5300723531274402,0.0268972555691057,-0.0010339166490788,0.8164356936249818,0.1651676869462874,0.0664358694096992,-0.0073619694585764,0.0263245321968795,1055.8769495752192,0.0,,,-1.7879446071874916,0.0,0.0,0.0010558328050652,-0.1019378487871677,0.0003597056303034,0.0391165187332549,0.0177158146436843,
5BZQ J2156-2012,blazar,1.309,108,20,3651.497533250003,-0.0242536882143789,0.0772937814483922,-0.3137857633550085,0.5619993000000001,-0.6593054862853533,8.620674457804036e-15,0.4498764928028752,0.0,0.0,0.0001839307072978,0.0013017353906597,0.0055545321878201,0.0056079502210165,30.19904745228777,4.267020950193083,1.0175366261495324,1.729107784870274,56793.89338384,0.0110447657970515,0.0033588697727756,0.0006625809487155,-2.3801388579290982e-09,0.0006625833288543,0.037037037037037,0.0009008646680282,23.0,-0.1359514815501546,-0.0291777668998076,-0.91162736072323,0.5561531313939818,1.4677804921172115,0.5867797916090677,1.0,0.5201923154674306,0.037784857622794,-0.0008770202627236,0.4933068052801854,0.2712535746080193,0.081820526473117,-0.0013365020925786,0.0067379469990854,8103.083927575384,0.0,,,-1.430307566557706,0.0,0.0,0.0167829568354494,-0.056001766087001,0.0057399290787654,0.0102385759664895,0.0044342035368079,
5BZQ J2158-1501,blazar,0.672,119,21,3651.694655270003,-0.0140296114188885,0.0800689696450593,-0.1752190827617855,0.584999100000001,-0.0288661076593138,0.7553192804367191,4.349040862539223,0.0,0.0,0.0003605897131271,0.0027852007130829,0.0509121950397614,0.6523156404209979,141.19147897216385,18.279542577427605,0.2887813301232541,2.285377303286556,56977.11510715,0.182333731320417,0.4328933504594864,-3.2540867229227134e-06,-1.0702273534088068e-06,2.1838593695139066e-06,0.0336134453781512,0.4964115827515355,23.0,-0.0690827381071796,0.004579140489886,-0.8669630729435543,0.7451080350143124,1.612071107957867,1.1504280958093474,3.0,0.6858659895304531,0.0476390444955662,-0.0007623721826057,0.9759795943320568,0.3824706388695504,0.0954435154491361,-0.0031762185090997,0.5046482326854651,370.6809093856175,2.4456674392110078e-14,-0.3190346653742135,0.2366932745649537,-1.037483142509076,1.4530592270966993e-15,8.307509496025594e-25,0.2357681610674392,-0.0234575102923816,0.0778266832855684,0.6525396312824884,0.3902748990923973,
5BZQ J2200-1945,blazar,1.198,127,21,3651.532934489994,-0.0041442690238107,0.0498225793128438,-0.0831805394455449,1.0809993000000002,-0.4940122837943631,3.5870746449405398e-09,5.348583490628739,0.0,0.0,0.0012887743467674,0.0032592860859279,0.0155776269448122,0.0970723137158555,12.08716403441544,4.779459835480366,0.5735071002006044,1.398850971297331,56794.94621293,0.0800694206669645,0.05453704132304,-0.000409244844354,-5.1708351496398416e-08,0.0004091931360025,0.0314960629921259,0.0007206219027993,27.0,-0.2834925021151414,0.0129761006836911,-0.9730302067725374,0.4639164847827431,1.4369466915552804,0.8276326493742909,0.0,0.5619646929642286,0.0800946415742669,-0.0033634668046154,0.5966655751664668,0.5605570157483333,0.1710605742909386,-0.0304384542946845,0.1173464661777002,2834.9387425442787,1.5762618044876463e-16,11.135885079684336,-0.008,-0.9093414655751422,-6.796322116991655e-18,5.6234234096806644e-30,0.1187081482157961,-0.0091091033143361,0.0404253257522055,0.173973804026406,0.0791509572458626,
5BZQ J2203+1725,blazar,1.076,61,9,3284.484097579996,0.0044008273031207,0.0226511339151987,0.194287284671775,0.4410000000000007,-0.2486999924868126,0.0532719018549004,6.969131213208753,0.0,0.0,0.005407257460651,0.0106207981472344,0.1188602063681714,0.3105848709744762,21.981606611326004,11.19126874545959,0.7466100755747336,1.6145562325064655,56991.71392396,0.4463413462156004,2.329270086786735,4.141344832784605e-06,-4.396603243907868e-07,4.581005157175392e-06,0.0655737704918032,0.493699401423682,13.0,0.1465899778699761,-0.0161197410643631,-0.201957927644668,0.302957021858572,0.50491494950324,0.50491494950324,0.0,0.6413604400218015,0.047749051452148,0.0015442091106155,0.8861063097250053,0.2734148459245836,0.108576895584718,0.0039163755022141,0.5208603097421416,51.9640207004668,1.8945834476780052e-14,1.752237663882916,0.6728324359568365,-1.0539327844472095,-1.8324300937669233e-15,5.117807754269338e-25,0.6431033821098028,0.0091361174812786,0.2178084759711052,0.7504727707661851,0.3614994078835188,
5BZQ J2203+3145,blazar,0.295,252,20,3447.892454189998,-0.015263273471762,-0.005725740065071,2.665729372674993,0.284999860000001,-0.7170488937760848,4.5407820663376265e-41,3.4927315757708395,0.0,0.0,2.390759414408837e-05,6.210128067921821e-05,0.0002494441684699,0.0275788339003536,10.433678793979157,4.016731405937934,0.0737398891398674,1.3457940064361074,56818.0991305,0.0741769320218953,4.759230464180781,0.0003549585945233,-1.446545648347217e-07,0.0003551032490881,0.0158730158730158,0.001261000438054,50.0,-0.0110991970375865,0.0101067134886851,-0.552557410644839,0.7458012481317189,1.298358658776558,0.571539225474322,1.0,0.7114977750148479,0.0239708159415807,-0.001270701994215,0.8880938860555531,0.1942196284341034,0.0556550097805749,-0.0098716059193022,0.0587845803873176,739.3982823002444,1.020439314654103e-15,0.3073578011206378,-0.1387203051846714,-2.0684768856750986,-4.3305718791858e-17,3.280609810405144e-27,0.0844119146282931,-0.0197659391459318,0.0267617530614068,0.0668957160381017,0.0516569235815457,
5BZQ J2203+7151,blazar,1.535,487,21,3635.46215241,-0.0030483133162462,-0.0100497637417273,0.3033218884131046,3.2589989,-0.5807700463963066,2.9070296717252246e-45,4.628309105737578,0.0,0.0,0.000106573021066,0.0002169066986962,0.0009639445345212,0.016209678832605,9.044920711019124,4.444051455630631,0.3159957430519233,1.29427696438538,56684.904067,0.0262847131959173,0.0325236532411131,0.0001726523098045,-1.8736276169200213e-08,0.0001726710460807,0.0082135523613963,0.0009015640520185,106.0,0.025360581027405,-0.0024705264829345,-0.5267504365979994,0.3558298878544849,0.8825803244524842,0.5924672446059103,0.0,0.7224480618479235,0.0909063727803803,-0.0031324755087756,5.028732913364686,1.8534663584601905,0.1414975811476704,-0.0110521324738949,0.0210211854536539,881.8425350324803,0.0,,,-1.3274608400555308,0.0,0.0,0.0418496879875082,-0.0077274742566843,0.0144142585752997,0.0334692657974144,0.0132028661922739,
5BZQ J2206-2119,blazar,0.577,157,21,3652.0969150300007,0.0491076873649743,-0.0211026079126004,-2.327090924892366,0.6389999999999993,-0.5145845368072157,5.417488343391761e-12,-3.54960822679165,0.0,0.0,0.000127885227275,0.0013617218043675,0.0018412107733558,0.1193804878338524,14.397368626472534,1.3521196224502383,0.1468857518475566,1.4619333133548462,56795.99942348,0.1064311892437968,0.5613351194130699,-4.985752711400837e-05,-7.567477187196464e-09,4.984995963682117e-05,0.0445859872611464,0.0023421082272504,33.0,-0.0647252995308971,0.0118685187488088,-0.8226782842254963,0.5118126849547631,1.3344909691802591,0.8122446378291437,1.0,0.6721903172647073,0.0643517049956181,0.0004491139189901,0.6898554313640984,0.4073363295614297,0.1461657020016034,-0.0189120145155359,0.1083024533150291,1332.4602301835698,5.845273639480064e-16,0.6138838443516939,0.0498667681766273,-1.3299978524220997,-4.343070205714454e-18,1.5606264462738832e-28,0.1336548619211053,0.0774428229745646,0.0437553964816448,0.1360047702781901,0.0862427205315092,
5BZQ J2207-5346,blazar,1.215,174,21,3652.3054778299993,-0.0686727823918915,-0.0896018502604482,0.7664214767025275,1.091000600000001,-0.3226865140625308,1.408145003461786e-05,-5.499707085028062,0.0,0.0,0.0005004199188725,0.002969000905643,0.017233077976506,0.7889534752081645,34.43723419502708,5.804335706987253,0.1323129040291398,1.776474343301676,56782.58019059,0.5045077773418881,1.5813047174836403,-0.0001983336865172,1.4120680488499268e-07,0.0001984748933221,0.0229885057471264,0.0016214898015121,36.0,0.0609463006914511,-0.0072013304902776,-0.6051078706064037,0.9627926948963996,1.567900565502803,0.7247891312771375,1.0,0.6419516946728239,0.0782637012438694,-1.6707953670257535e-05,1.376931436746823,0.6788086623056295,0.1532283585738051,-0.0072487224747229,0.4075028109677092,55.696754208229976,1.1220130107677072e-14,1.6369227344363964,0.6832908760660623,-0.8525588144818959,-1.6056096029782124e-15,1.198737434156221e-25,0.750852672458167,-0.1521102129980396,0.2558767475476508,0.6064813832234958,0.2738064935546256,
5BZQ J2207-5707,blazar,2.725,174,20,3649.272288070002,-0.1258835835561744,-0.0120514399823268,10.0,2.4390001000000012,-0.5231476022650696,1.3042527045542458e-13,-0.999116300635182,0.0,0.0,0.0002381322222391,0.0013365255825799,0.0032806889239278,0.0197700156035127,13.776753432620495,2.4546398245070344,0.6478495055682947,1.4460410111090698,56781.13286645,0.0414190601948114,0.0250109554019374,0.0001571971699084,-6.88127774459591e-09,0.0001572040511861,0.0229885057471264,0.002702601122531,37.0,-0.0042156575418062,-0.0043133733366763,-0.5487336714946529,0.4639975614300623,1.0127312329247151,0.5624203467679094,0.0,0.6500538308799256,0.0827280514681722,0.0004347676243231,-0.7911305887724295,0.8741200608963293,0.1582651310233718,-0.0078095081673148,0.0183392509602399,931.6689071393836,0.0,,,-1.1235241091610275,0.0,0.0,0.0799398592014319,-0.4689163487467498,0.0279330892817286,0.0353952294602029,0.0095020750228732,
5BZQ J2211-3707,blazar,0.32,160,21,3652.088370999998,-0.0536430736146281,0.0077536467162699,-6.918431491347908,0.5100002000000003,-0.5353904504566699,3.006009450543013e-13,-6.499267463791919,0.0,0.0,7.85382620743196e-05,0.0003753878724742,0.0007423833519345,0.1028932005707784,9.45250535057098,1.977643404044168,0.0723928148712092,1.3101741906976474,56791.06687355,0.0828530049975573,0.6463399545025873,4.289018559000349e-05,-1.1810949302354733e-07,4.300829508302704e-05,0.03125,0.0014415936481827,34.0,0.1167465872239191,-0.0165051022385798,-0.901515558131206,0.91573894739262,1.817254505523826,1.0379213482587568,6.0,0.6845017054462945,0.0476970234417359,-0.005088006367636,0.454493491950045,0.3304896315516951,0.1083211629610303,-0.0312379867257321,0.1122282595481637,1797.988376651918,1.0223701381680905e-15,0.3936708161342721,-0.0189888440541182,-1.528256404587046,5.247246173049633e-17,9.239382977081543e-28,0.0951908555324792,-0.0708088571713092,0.0302817778387128,0.1289404535372712,0.09768216177066,
5BZQ J2211+1841,blazar,0.07,279,21,3652.2517992799985,0.0277368499673142,0.1346129468578633,0.2060489025368511,0.5400009999999984,0.4960295050106718,9.828203310646857e-19,0.4999660231731688,0.0,0.0,1.7807556463306797e-05,0.0002761065602936,0.0001935247054775,0.0956730054848704,10.867560353311848,0.7009058552279898,0.0359478655752481,1.360489052507305,56813.75882585,0.3852945519687587,16.88884408473268,0.0002618442321602,-1.2592901117834438e-06,0.0002631035222719,0.014336917562724,0.0012610000273932,58.0,-0.0735844690201534,-0.0006029231514649,-0.6533479132820988,0.5474816127147264,1.2008295259968254,0.5637312126072896,1.0,0.9262179444964144,0.0733134041666882,0.0187612617020755,0.4306853944684076,0.4521305965725772,0.1831437269801209,0.1071348258433864,0.2245707083596923,654.310239361854,1.3176808613588674e-14,-0.6620594080322226,0.4810726093220941,-1.692812858723276,1.220332353106864e-15,4.548642861236297e-25,0.3985517835880087,0.0296784294650261,0.121741652688237,0.2322977470120969,0.2171006981421466,
5BZQ J2215-2944,blazar,2.702,123,21,3652.000264319998,-0.0291204430063054,-0.0352616231889541,0.8258395494234546,0.5120009999999979,-0.4378521526793662,4.094394422070837e-07,-3.4995211293963027,0.0,0.0,0.0002098160130804,0.0013060231063895,0.0023108413182381,0.0077093068803211,11.013655599006926,1.769372459923034,0.9109385782409152,1.3653053740557115,56975.53445969,0.041553110994828,0.0796947562407188,-1.3239299000023937e-06,7.911301438688543e-09,1.3318412014410822e-06,0.040650406504065,0.4971206904038403,27.0,-0.1413660248512639,-0.0252867861556461,-0.8500931990798288,0.8499313147353407,1.7000245138151695,0.6938098620238385,2.0,0.952252357401896,0.0844776777831458,0.0048814326099081,0.0625014545740783,0.4492517063891555,0.2138712303661705,0.0287990956204332,0.0199259132677838,7.38905609893065,0.0,,,-1.3511924249022218,0.0,0.0,0.0799506044095736,-0.1078038800093429,0.0279354345277483,0.0383386170380924,0.0103561904478909,
5BZQ J2216-5424,blazar,1.899,177,21,3652.147323389996,0.0346208289265435,-0.0110495082421723,-3.1332461289460145,1.2730006000000014,-0.7964452519418959,4.44706472985717e-40,-1.4998551636098545,0.0,0.0,0.0002992062813354,0.0013918391905694,0.0023813255432502,0.020647595393706,7.9588086341739395,1.7109200241481148,0.5911853784574145,1.2481381220960164,56783.83090468,0.0645156522592027,0.1641015735347755,-2.189704243882343e-05,-3.7256291288541565e-08,2.185978614753489e-05,0.0282485875706214,0.0018020815058115,38.0,0.0248131984126213,0.0144505406844985,-0.6425455865422285,0.737145438677911,1.3796910252201395,0.8328628762718409,3.0,0.5865294175081077,0.0794517710731139,-0.0009616380950218,7.024309757031246,0.997304732262144,0.1188172580725434,0.002913884064008,0.6467183848007557,7.38905609893065,1.1942316388285944e-15,0.4782957575915107,0.3281475079227888,-0.2288044881098118,-4.6912155751863126e-17,7.467465519021459e-28,0.1098472528161794,0.1003657830580496,0.0381257334228389,1.101131825043998,0.3798316057412894,
5BZQ J2216+3518,blazar,0.51,242,21,3651.989758670002,-0.0274022766001341,-0.0190342200335199,1.4396322282645575,0.7350006000000011,-0.042460914663319,0.5109151463392476,2.4496577436663944,0.0,0.0,0.0003318208564245,0.0023484668883097,0.0036741890361654,0.0937260298006836,11.072809179879128,1.56450536002464,0.289732437606969,1.3672373441587962,56823.16500141,0.2828194002939375,4.869793089000921,-0.0005209032046624,-6.239487055973135e-08,0.0005208408097918,0.0206611570247933,0.0010807575085608,53.0,0.051449233187275,-0.0163393582907159,-0.7050107395031393,0.5033824343237043,1.2083931738268436,0.3021065749283528,1.0,0.7088583924543318,0.0684618526455027,0.0057658637776725,1.1921766237717473,0.5359833123751387,0.1498281399837424,0.0349645774976575,0.1500155952694895,1642.609709167165,1.8028052943983076e-15,-0.3123208965102311,0.0533882540526175,-1.3249837227219217,-1.4988473349457568e-16,1.7781522879693735e-27,0.3475342974524384,-0.0413774376662025,0.1130354822225134,0.1843422496996538,0.1220809600659958,
5BZQ J2218-0335,blazar,0.901,36,13,3470.2407509200057,0.0617631373917376,-0.0572286486804443,-1.0792345934396097,0.2660008000000005,0.2843821470611317,0.0927661078965867,2.090220301717731,0.0,0.0,0.0001276494276818,0.0021109758872596,0.0161186048602173,0.0479270299845911,126.27244028164804,7.635617701681056,0.7001213295127968,2.2450989966226444,57168.86760096,0.1023709367308174,0.6951785738920014,8.961706724510298e-05,-2.1126120090857538e-07,8.982832844601155e-05,0.1111111111111111,0.5033880661464899,7.0,0.0660463369028455,0.0208580966658211,-0.4781323888016629,0.4643875057412881,0.942519894542951,0.6170975041375414,0.0,0.8271162073461786,0.0532851242178182,-0.0032317358820474,0.5472314236087356,0.2056699268756258,0.1455357770065704,-0.0046430951900474,0.1324659659993609,77.99960453593835,0.0,,,-1.25845553463004,0.0,0.0,0.1411457272263765,0.1174117241816931,0.0473514442802408,0.1826397774681667,0.096075632545064,
5BZQ J2223-3455,blazar,0.298,139,21,3652.010450349997,0.0279784830592211,0.0065126997526763,4.295988472019384,0.7299995000000017,-0.7470462806099677,4.604311832407982e-26,5.49926282735797,0.0,0.0,0.0006864487379587,0.0019552088139044,0.0022220060238539,0.0624588967723667,3.236958417644314,1.1364545857791055,0.3316923867090066,0.92365970832051,56794.02785255,0.0968512722420574,1.5220145726753151,-0.0002671183910106,-4.7629712536208924e-08,0.0002670707612981,0.0287769784172661,0.0012610013415476,30.0,0.0828248866706619,0.0359036739713257,-0.9876682262317188,0.7843480891483834,1.7720163153801023,1.1330335834472078,4.0,0.7210239999933519,0.0530309049590695,-0.0029871874591745,5.419525204642698,0.5881313016497114,0.0807694513126376,-0.0227011609237959,0.175788554806082,7.38905609893065,2.130776067247336e-16,8.155648259957392,-0.0147058823529411,-1.2863592398075516,-1.2867967800373138e-18,6.566620804078231e-29,0.1103424636189841,0.0363160710108689,0.0349972095832154,0.2002755540974798,0.1542954962230198,
5BZQ J2225-0457,blazar,1.404,190,21,3649.203191740002,-0.0423192712053688,0.1017163333384485,-0.4160518750175221,0.7790003000000016,-0.1814616327724993,0.0122241255623925,-4.8456223079915155,0.0,0.0,0.000145673798249,0.0008160709556446,0.0051484355861448,1.5489213243431088,35.34222085703832,6.308808742947177,0.0276606604442661,1.7858301987244178,56808.49914288,0.5657065029089567,1.509055032278806,-4.7824124059275787e-05,3.785126656371214e-07,4.820263672491291e-05,0.0263157894736842,0.0023417578918534,38.0,0.0196968796536371,0.0143942869838533,-0.4991961191160474,0.8617076277106184,1.3609037468266658,0.5468293676291096,4.0,0.6404437934400367,0.0658135437894496,0.0036661518153321,1.0399061227005093,0.5183411037122894,0.152109255318417,0.0225928702312839,0.5244369935294512,572.3849610528447,4.4115883703823305e-14,-0.2222015756483572,0.2057253522945478,-1.100285348374175,2.799740593653462e-15,1.7494065432888674e-24,0.877118765749593,-0.1017355279777066,0.3009499487136984,0.8131310602098729,0.3382408736313947,
5BZQ J2225+2118,blazar,1.959,280,20,3452.540928549999,-0.0460720332572026,-0.0460947502758403,0.9995071669007476,1.5650005999999994,-0.2948968132909618,5.042837009456364e-07,-6.238677653232031,0.0,0.0,0.0001439898457304,0.0005938897751704,0.0018194366259418,0.262241396379635,12.63586750910107,3.0635931092704287,0.0616001618001797,1.4148632027156125,56818.10116788,0.1242099460049965,0.1398569014597325,7.260280377535307e-05,1.9467250627991308e-08,7.258333652472508e-05,0.0142857142857142,0.001260651553725,61.0,-0.0478973821077644,0.0035638264660703,-0.583627685563605,0.5060194315306021,1.089647117094207,0.5654930980922761,1.0,0.6151221685023209,0.0955804559906863,-0.0015689921829524,5.47145882085835,1.3148716444728454,0.179688420333159,-0.0100764184508581,0.2143503105558962,7.38905609893065,3.32325934484418e-16,0.6841962924606196,-0.4295977011494252,-0.6733527597428135,2.192894630944322e-18,4.17843172368459e-29,0.2136627705557131,-0.1363271464080625,0.07422606290601,0.3687199189427874,0.1246096380340613,
5BZQ J2228-0753,blazar,0.638,190,21,3649.213887400001,-0.0876211181989267,-0.0666765457667454,1.3141220378369884,1.3699998000000004,-0.4341943488908443,3.882718033793123e-10,6.444197008550311,0.0,0.0,0.0003547605008339,0.0011871563689841,0.002772399890154,0.2501130287666255,7.814849386620969,2.335328319209609,0.1002703382486555,1.241554517340075,56808.10490561,0.3049486699308129,2.040908295099215,-3.929288303622119e-05,-6.764011514431821e-08,3.922524292107687e-05,0.031578947368421,0.0023417578918534,41.0,0.0954250227016323,0.0134654394208654,-0.5867875563999762,0.8874111737844288,1.4741987301844048,0.7296815430753948,1.0,0.6645131488462431,0.1073320327342055,-0.0055797677160105,2.0369818520271856,1.0336211875620025,0.2259375839829499,-0.0384167515860253,0.2264182599586529,1062.1648832035846,2.7246277375230248e-15,0.4389190846182005,0.0548453031123196,-0.8485551915404406,2.1295399796217675e-16,1.6937644767955077e-27,0.3902866463731916,-0.1435233916098419,0.128467187254976,0.2897799927344007,0.1769108624752141,
5BZQ J2229-0832,blazar,1.56,140,21,3649.0857855400022,-0.0145835984018271,-0.1305408644804762,0.1117167291626773,1.1369992,0.1789800727259345,0.0343575256857867,0.1998130478050651,0.0,0.0,0.0001530976461486,0.0008404470790951,0.0092391710423472,0.9115184710176942,60.348223597293,10.993162164715718,0.0650040809964502,1.9788098499148383,56807.84182594,1.0986105268903996,34.234485889096504,0.0003318859666068,-3.0111668847452754e-07,0.0003321870832953,0.0285714285714285,0.0016211364271055,30.0,-0.1885125986472047,-0.0133744588858075,-0.7476935347915066,0.9051099139507086,1.6528034487422152,0.5655848388070122,1.0,0.6407582041275997,0.0835461668258027,0.0073776417750152,3.790359936595472,0.8519784432803605,0.1554540346481717,0.0415765506961178,0.4487745085534947,28.470582209871974,7.399117975971071e-15,-3.44758808306214,0.5295096001471005,-0.7126195727844776,7.374334660875517e-16,6.671417768040638e-26,1.7577768430246394,-0.0373340119086774,0.6058287728266902,0.7180392136855916,0.2804840678459342,
5BZQ J2230-3942,blazar,0.318,181,21,3652.155614739997,-0.0147837334176069,-0.0353656965678176,0.4180246637941228,0.7009992,-0.6067211939754384,1.397225864408118e-19,3.449674707967964,0.0,0.0,4.4318148645152005e-05,0.0001905193959588,0.0005926251513193,0.0322043360163341,13.372064403960112,3.1105764598207557,0.1354781691645714,1.435287576466974,56974.48073248,0.1327102280792999,3.608324282254374,7.280797188830509e-05,-1.8159812327099737e-07,7.298957001157608e-05,0.0220994475138121,0.4971133492402395,38.0,-0.0533553377823977,0.0325044850412782,-0.7255212520471036,0.82761486605733,1.5531361181044336,0.7075430676470588,1.0,0.6546763188513469,0.0362430968112683,-0.0015094141291333,0.3065177314934392,0.4102390522186102,0.0749655818836266,-0.0007318221665133,0.0906829047943246,693.623238458639,1.4097540492766214e-15,0.2944129666934939,0.1950711395011388,-1.8338486076025589,2.1928544786489502e-16,3.028848155201519e-27,0.1523568905937018,-0.0194849606444059,0.0484542867861116,0.1041077662545517,0.0789892004966249,
5BZQ J2232+1143,blazar,1.037,228,21,3652.070091900001,0.0124581184599556,0.0592795804417259,0.2101586814063648,0.4379997499999994,-0.6927107181117257,6.375587040446703e-34,4.44947622421766,0.0,0.0,0.0008429705794882,0.0050257139137838,0.0258883289084162,10.577580564969727,30.7108332219879,5.151174409721592,0.0220442744193454,1.7351689374615864,56815.6685087,2.5564735842446487,1.0762499164167856,-0.0002906194866445,-5.934576649597979e-06,0.0002846849099949,0.0175438596491228,0.0010811060369704,48.0,0.1891151060777866,0.0315275230869406,-0.7545384967149477,0.8412632696908906,1.5958017664058382,1.0416446849754946,8.0,0.6217574984981175,0.0451336080516628,-0.0016541237300347,1.1819700490794565,0.2587122916539981,0.1005799254611597,-0.0197977394071909,1.1947012639240262,186.35906636433936,2.235072713522637e-13,-0.0085993795791323,0.0891529181022497,-1.2149738189930053,2.196388732449481e-15,1.4677386455503538e-22,3.648688804186809,0.0253771873029296,1.2333573663954511,1.7051195650493642,0.837073915095417,
5BZQ J2235-4835,blazar,0.51,151,21,3651.983572309997,-0.0426386476856224,-0.005353343076536,7.964863651744957,0.483000800000001,0.0350683706746909,0.6690312462520782,-0.1999717219608485,0.0,0.0,6.733443510972207e-05,0.0002860967325639,0.0042092654116105,0.3081955383223069,62.51281892004748,14.712734952178607,0.0806811154643621,1.9915200388355176,56790.01620887,0.113114234903839,0.7350465055423016,-0.0003532107594289,-7.626296907738623e-08,0.0003531344964598,0.0331125827814569,0.0010811097330573,30.0,-0.1171752262500123,0.000934789933749,-0.7402986132581394,0.8100616104518232,1.5503602237099623,0.6678082685218262,2.0,0.7038753308749904,0.0341444888910544,-0.0001542477657752,-0.4699664096550237,0.2935791276194547,0.0678513789739609,-0.0023723542765538,0.2402624950449569,73.21212850343352,2.5859297822948656e-15,-0.8206694586945935,0.265400060734772,-1.5236385719864265,-2.0360114493595483e-16,9.52096252608971e-27,0.1389970989200858,-0.0643843580052899,0.0452087872164976,0.2952394967701547,0.1955228455431488,
5BZQ J2238+0412,blazar,1.009,195,21,3652.1130017299943,-0.0324212998520533,-0.0278687088014014,1.163358520952466,0.9470005000000016,-0.3647470773892792,1.584972712674037e-07,-4.999470228240924,0.0,0.0,0.0002592562968143,0.0010156321289426,0.0020024439452321,0.0233357277431481,7.723800586961849,1.9716232740148685,0.4796418599461147,1.2373277294994411,56814.28804131,0.0565458426935598,0.0998347194921318,-5.2484951802857925e-05,-6.137833444603712e-08,5.2423573468411886e-05,0.0256410256410256,0.0016211368103956,41.0,0.0986144169635739,0.0087877035787732,-0.3222716884002787,0.7599436538720674,1.0822153422723462,0.4442686667729556,4.0,0.6067645367994177,0.0616373332499342,-0.0017329593515879,3.0601857401971206,0.657404352017852,0.1338525303532843,-0.0163467723340881,0.0886594989397674,5272.698520293878,2.5441511085923908e-16,6.765422559484138,-0.0210526315789473,-1.3277388592169892,2.744682694804085e-18,2.735323193310053e-29,0.0801476234381466,-0.0651343914027751,0.0270527857690593,0.1256652619671463,0.0625511508049509,
5BZQ J2244+4057,blazar,1.171,241,22,3836.865337949995,0.0195121191204318,-0.3946497274367103,-0.0494416130657559,3.9160004,-0.1296099228866032,0.0444192857247624,7.248287702082126,0.0,0.0,0.0005292493354078,0.005214601916388,0.029159802606694,9.143341088334129,55.09653125804356,5.591951805460118,0.0268781121955957,1.9459723970161409,56648.13556464,1.1008201572248169,1.5168729247374242,0.0001889727476104,-2.7874050860707876e-06,0.0001917601526965,0.0165975103734439,0.0010825049965661,54.0,-0.0138752721892127,-0.0170485058624365,-0.7468379044061162,0.8284167866476327,1.575254691053749,0.492151758940928,5.0,0.6744304238088149,0.0895073542773972,-8.517105764527735e-05,1.1630588193029578,1.299502702794703,0.11531975179256,0.0075263167553853,1.4065606127811263,453.35784185747946,6.135758821011216e-13,0.4497903356722186,0.6485163314481961,-1.0669908098008891,5.3637450843558726e-14,8.638726214518115e-22,1.6219829515988795,0.0423608106104575,0.5517269259487473,2.0724705296757513,0.9546156285931604,
5BZQ J2245+0500,blazar,1.091,196,21,3652.058759520005,0.0999391301706761,-0.1597598731608837,-0.6255583970702955,1.3329992000000015,-0.1917117552643575,0.0071065096755598,1.7497885911457929,0.0,0.0,0.0007350307321304,0.0052828397624442,0.0105573416098071,0.3129654647730024,14.363129504591011,1.998421697902123,0.2391228481995464,1.4610745548633122,56816.13036251,0.0593645339366371,0.0214006572314825,-0.0003744481085756,5.296649782448915e-09,0.0003744534052254,0.0204081632653061,0.0012610003011604,42.0,-0.0991124663433326,0.0008326127678525,-0.6327762418745175,0.6008905851859212,1.2336668270604387,0.6267996443675375,2.0,0.6264346728761994,0.1019323384417004,-0.0016053786640329,1.3898420840449708,0.7950121084606111,0.2102444338642242,-0.0199014794448764,0.2341034084275569,7.38905609893065,1.1133905717884017e-15,-4.334120772271318,0.8498530029399413,-0.5852442454814042,-4.330415826338756e-17,5.947711729684662e-28,0.0858428403361285,0.2089727211868839,0.0290944990183926,0.3385203282020187,0.1618939876623714,
5BZQ J2246-1206,blazar,0.632,157,21,3649.018810430003,0.0158964547666595,0.0445685009169153,0.3566746567557587,0.2989998000000025,-0.3899221901066536,4.46630950025905e-07,3.646521193174404,0.0,0.0,0.0001259392229774,0.0004245405968121,0.0017518595573637,0.2353041335068867,13.910356932783005,4.126482994540517,0.0611464771399171,1.44952188372431,56810.21158031,0.1464616898796576,1.403711337376521,0.0001194736192285,2.0081598988118545e-07,0.0001192728032386,0.0382165605095541,0.0012613489938543,32.0,0.1072768854292027,0.0245461687186776,-0.6845623091320767,0.6954018256906647,1.3799641348227414,0.9896517020335522,3.0,0.6477949693513898,0.0369557160672983,0.0057629977972315,0.0903324601611979,0.1780100771509807,0.089608895492823,0.0362812383369954,0.2265125997103303,63.94604284574801,2.294727033253428e-15,0.7160225310040491,0.3021426943241394,-1.5038500210418866,-1.054889449989186e-16,5.0749229329539104e-27,0.1871044505486841,0.0259430141791883,0.0615557809411606,0.2893692920379299,0.1773096152193198,
5BZQ J2247-1237,blazar,1.888,173,21,3649.1467849600017,0.0804854646923822,-0.0929017780388102,-0.8663500999814985,1.1839990999999994,-0.6117787771941903,3.8459509108813423e-19,2.9472917222811783,0.0,0.0,0.0007715629228781,0.0057463222466931,0.0086576568047777,0.0833806639132161,11.220934206197157,1.5066431069460526,0.5587940158197386,1.3720302221294387,56810.73799412,0.0924024014077472,0.0454135666151195,5.439815999963959e-05,1.1987457419426734e-08,5.438617254222017e-05,0.0289017341040462,0.0027022428747368,35.0,-0.023875278189026,-0.0127460721519116,-0.7532284759890032,0.5867495518971955,1.3399780278861986,0.5769100793733609,3.0,0.5865417282934644,0.1131645716600617,-0.0027768191828391,0.7382512385462511,0.6389448421614154,0.2786945392309957,-0.0125535655723071,0.0581054158591659,807.7062878550119,0.0,,,-0.5404985169475162,0.0,0.0,0.1570297186322782,0.2324420220315998,0.054492122251092,0.0987450213887119,0.0341914894005235,
5BZQ J2249+2107,blazar,1.274,190,21,3651.7886933100017,-0.0495734970223227,-0.0709789982290526,0.6984248617083427,0.9790001000000004,-0.1222449026261336,0.0929149392271904,-2.7494644508151964,0.0,0.0,0.0011462630358812,0.0049716890658023,0.0390265255858677,2.63792170267183,34.046745232273494,7.849751877377185,0.0931892257340721,1.7723612455980864,56823.62851036,1.5459729869883232,4.9118067219097785,7.884277079579057e-05,6.083260800015814e-07,7.823444471578898e-05,0.0263157894736842,0.001441242026022,40.0,0.2024279118502991,-0.0058676128249751,-0.619211211668811,0.9031964957932636,1.5224077074620743,0.766433610670721,7.0,0.672315149015698,0.0734424794899243,-0.0034100358230782,1.8608887010590691,0.6969461707274539,0.1357938269587704,-0.0153759277414013,0.890084612747152,90.94322409647152,5.911250665445495e-14,3.146847193079843,0.5686895325942924,-0.8594001287825611,6.792059621008191e-16,6.055743657321543e-24,2.331294458354744,-0.112730132228762,0.7962977178411121,1.3422287081526714,0.5902500915359152,
5BZQ J2251-3827,blazar,0.135,166,21,3651.650351950004,0.0294254518466785,-0.1022792306772581,-0.2876972348328514,0.4630002999999991,-0.3933239606381601,1.586913142691153e-07,6.448499594819309,0.0,0.0,0.0001530839995451,0.0007259689811896,0.0024343841526544,0.2329086417258873,15.902276815248124,3.35328948257829,0.0836128693031569,1.497790358563578,56797.97710605,0.0243265824561354,0.0506977180734602,0.0003222637262308,-3.845945972171709e-07,0.000322648320828,0.036144578313253,0.0012610009308669,32.0,-0.1007850428866718,0.0122568617719086,-0.9720574493309228,0.856911583521412,1.828969032852335,1.097435417005905,1.0,0.839718385685256,0.0645734722864238,-0.006771196570384,0.2684818382787684,0.3639728359232971,0.1659362949565391,-0.0306761109379664,0.2335118249384772,389.5036484235895,6.496099310755362e-15,-0.2533278671040915,0.4720226563956844,-1.5463323144818777,2.423759845887013e-16,5.557712397386191e-26,0.025916660025638,0.0333978878459801,0.0080131246731525,0.2487750422735795,0.2191850592718762,
5BZQ J2253+1942,blazar,0.284,274,21,3652.2381958600017,0.0516580321900697,-0.0561590567283187,-0.9198522054951224,0.3799992000000003,-0.4334184377231408,5.6384996893945854e-14,-2.8497957175088304,0.0,0.0,3.7120391182992605e-05,0.000131887535482,0.0003051278178857,0.0435330152775952,8.21995135130956,2.3135455102475424,0.0685684240055501,1.2597824650653449,56823.56305877,0.0006344290058745,0.0001244334526156,0.0005392044806323,-1.1923319782895646e-07,0.0005393237138302,0.0218978102189781,0.0014412419712606,56.0,-0.0078417338995878,-0.0001056880472553,-0.5273304726498064,0.2964932994792597,0.8238237721290661,0.5702954344570959,0.0,0.755823902665925,0.0343258185835498,0.0003867130651913,-0.0426866436909913,0.2627840969689204,0.0810553510987404,-0.000471652230731,0.0908041629213433,20.84795955209893,0.0,,,-1.722904214170479,0.0,0.0,0.0007188951313839,0.0663289133320495,0.0002275672098636,0.1028935783658926,0.0801351856432186,
5BZQ J2254+1341,blazar,0.677,197,21,3652.04489189,0.0370231100493165,-0.0929683976426121,-0.3982332812881237,1.2360001999999994,-0.0154923786535159,0.8289292187492668,1.449819327375907,0.0,0.0,0.0007936177956437,0.0013818582198446,0.0044766761536358,0.1095554377597905,5.6408464787054715,3.23960597846251,0.2677796156429152,1.123977918351706,56821.32701018,0.0686671750618288,0.0473785983306547,0.0001497961434382,-4.108990775716656e-08,0.0001498372333459,0.0203045685279187,0.0014412421355249,43.0,0.1505157804529564,0.0279641719186487,-0.7798143489605558,0.8991021365726293,1.678916485533185,1.1923174467535391,7.0,0.8499011797903621,0.1568159959319851,0.0150602422951835,1.2933966018374443,1.0404554636033363,0.3628281907964319,0.0904412045945153,0.1438026441099965,7.38905609893065,0.0,,,-0.821930750522031,0.0,0.0,0.088923328892028,0.0620877555527037,0.029365405569199,0.1862230360608621,0.1110453405252606,
5BZQ J2255-0844,blazar,0.606,176,21,3652.0101113499986,0.0577298082090291,0.0909673002730244,0.634621540221178,0.9879989999999984,-0.4033923274921499,2.8374935557530943e-08,2.9496043336023257,0.0,0.0,0.0003736295767665,0.0019358590037805,0.0072388388117886,0.1163351792908041,19.37437302223194,3.739341963393347,0.3185989986941572,1.5690194297251256,56813.23776025,0.3034172978522934,1.4365161691088308,0.0002875913500526,-4.5203243562956486e-08,0.0002876365532961,0.0227272727272727,0.0012610018617313,40.0,0.0500028729131539,-0.0186984882893583,-0.9209675062502912,0.6774115124143069,1.598379018664598,0.9609058693067228,1.0,0.5847321066587122,0.0784558211492731,0.0019933177751254,1.5252361284391531,0.6235064908964827,0.170821909864585,0.0046285035049983,0.1429014240665508,1261.1547330724568,8.468448957593398e-16,-0.2125663950658902,0.0300466744457409,-0.9045965232000824,-3.385447155925207e-17,1.5400068161597636e-28,0.3845148410105853,0.0927140719837008,0.1262138318755759,0.1810961957148702,0.1127622638324223,
5BZQ J2256-6533,blazar,0.248,345,21,3652.733589419993,-0.0079297272823966,-0.0293147226753459,0.2705032338261103,0.6059998999999987,-0.697145921516465,1.6508375005456934e-51,-6.200396510445984,0.0,0.0,2.2723491286049903e-05,9.414861655428398e-05,0.0002849032886402,0.0030292253553011,12.537830235500708,3.026101668204897,0.4484949464030778,1.41205395015418,56780.80573499,0.034942878799437,0.4803553310179734,0.0001434087764599,4.9175210981967105e-08,0.0001433596012489,0.0144927536231884,0.0014415970704824,77.0,-0.003522319139228,0.0011175688714578,-0.5475304186748425,0.7969338871585898,1.3444643058334322,0.4095986998500603,1.0,0.6672814232530664,0.0311118601192378,0.0009200235265342,3.312986264340702,0.4208208134213577,0.0613981969328825,0.007396444536961,0.0154294119352052,214.63473259212893,0.0,,,-2.0735934032344,0.0,0.0,0.039036059790053,-0.009896299648431,0.0122927757139922,0.0172368009597919,0.0138115392306025,
5BZQ J2301-0158,blazar,0.778,186,21,3651.905446789998,0.0400725178532782,-0.0490816110090444,-0.8164466697291968,0.7810001,-0.0265437817692029,0.7191224333171805,-1.3997721082836407,0.0,0.0,0.0006078495515872,0.0060640958109361,0.0216937738248243,7.401595243337898,35.68938026274049,3.577412774732835,0.0274245666790029,1.7893557361289527,56817.11888531,1.6816493803226322,1.6298029647194776,-0.0003130030769744,4.544313376886201e-07,0.0003134575083121,0.021505376344086,0.0014412442710608,40.0,0.0646018684045547,-0.0020225267361374,-0.6043334034463801,0.817188696065162,1.421522099511542,0.8045878240101279,2.0,0.6727988177966409,0.0716759347614321,0.0085337608221522,0.7896538938019112,0.4837003435991605,0.1545413138780629,0.0489556412680589,1.0896077764461922,216.65348315581124,2.3134845750548037e-13,1.7132916936754772,0.7630252603420631,-0.8394894544174865,2.9215602190071e-14,1.1452696423388057e-22,2.2423393068328483,0.0712489367431287,0.7462020487821679,1.4529011664056173,0.8171547617579399,
5BZQ J2303-6807,blazar,0.516,312,21,3653.1617005399967,0.0117113542697045,-0.0711556998334631,-0.164587718160519,0.6279991999999996,-0.5578921341523898,6.4047610499671166e-27,4.400797120431481,0.0,0.0,7.550072114752914e-05,0.0001873625897869,0.0005449682655292,0.0395676213217556,7.218053682511901,2.908629002408621,0.1145965971031764,1.2129024689036147,56779.16078142,0.0413287987220074,0.2894368655415693,-0.0001973520982419,-1.5156547898877018e-07,0.0001972005327629,0.0224358974358974,0.001621490294325,64.0,-0.0900568308432147,0.0013013931471872,-0.6648493845453617,0.48422726558407,1.1490766501294316,0.5998768559340574,0.0,0.6976022281375001,0.0444410708933255,-0.0038915640893181,0.0623928282088871,0.3851220515919606,0.1093298611196336,-0.0311125439889059,0.0846363473883643,2089.3413049641117,7.742959950613001e-16,0.3259586734062246,-0.0462388784038824,-1.7289201614979584,-6.434061287165594e-17,6.009506390299345e-28,0.0508864767828071,0.017754413072872,0.0165608892529683,0.1042093082678017,0.0687396492531674,
5BZQ J2304+2331,blazar,1.244,229,22,3836.905218089996,0.0123176156130751,-0.1998773419773393,-0.0616258726037671,2.066001,-0.5697787936943426,4.1263702199942595e-21,6.8806924513318215,0.0,0.0,0.0012862402445642,0.0038663453091725,0.0109100289412545,0.1096820215750575,8.482108205585297,2.821793726636263,0.4852449931506436,1.271105721882702,56642.86095826,0.0372036957064548,0.0100539150029598,-5.233050045235193e-06,2.474084362837104e-08,5.257790888863564e-06,0.0305676855895196,0.0014433390006721,47.0,-0.1305386940437709,-0.0086613495929445,-0.5619056292848066,0.4301956404287907,0.9921012697135974,0.4727235170732622,0.0,0.5183851782657681,0.1489588363499537,0.0120331834010025,5.724482440193779,1.7831333821430564,0.2263769452851951,0.0652370548668922,0.1138475418480422,555.9588013913572,3.76822190084106e-16,2.316731518671381,-0.0141562853907134,-0.6143139727779705,7.24426924287961e-18,1.4315930297069924e-29,0.0557310864970914,0.0276407294357405,0.019014096258835,0.1705434656889112,0.0759997618934542,
5BZQ J2306-0459,blazar,1.138,169,21,3652.037113879997,-0.1161509825050598,0.1487602820400685,-0.7807929704904334,1.2399997999999997,-0.6025763450745074,4.42151169381514e-18,2.149727527677479,0.0,0.0,0.000956478804932,0.0030619387176603,0.0065048811667904,0.0655541685714965,6.8008628382015655,2.124432186427477,0.5228760918670896,1.1914294489044737,56817.18522821,0.0770004955796854,0.039448880716231,-0.000109778529878,2.744419372674117e-09,0.0001097812742974,0.029585798816568,0.0019816229431891,37.0,-0.0754110301947357,-0.0022668318714346,-0.8508004497611569,0.8479030692667734,1.6987035190279305,0.7712377499157244,1.0,0.6304926307119652,0.1327736718196649,0.0092236174556165,0.8112607851735226,0.7446900496358633,0.3495734868825878,0.0338483828913656,0.0875694949353544,7.38905609893065,0.0,,,-0.5953415121658193,0.0,0.0,0.1125893652665636,-0.2483308005958178,0.0382425224534281,0.1280432518941638,0.0598892665548006,
5BZQ J2309-3059,blazar,1.38,98,21,3649.2208906899978,-0.2628788081320279,-0.182505309126259,1.4403899228496724,0.955,-0.5010402227070406,1.483957254008625e-07,-2.3478902376787114,0.0,0.0,0.0021002867445062,0.0104720821893333,0.0264008303637204,0.0487040786102557,12.570107591359712,2.52106791026628,1.031182085623571,1.412981273304319,56985.26271479,0.2157186797585054,0.2704245286484623,-1.2975311037152592e-05,-2.865758453263524e-08,1.2946653452619955e-05,0.0408163265306122,0.4880814758932174,22.0,-0.1526024582176317,0.0212413859385195,-0.9621985872792672,0.990448120898734,1.9526467081780017,1.0328812029878407,4.0,0.5533308882994377,0.086692858937492,-0.0020032994895806,0.7135585658881007,0.5215746851514795,0.2124094571058966,-0.0200689154065137,0.1137209711205243,1414.8193774143108,0.0,,,-0.5512443890145933,0.0,0.0,0.3327945704729439,-0.6256515633542264,0.1140972122861208,0.175440169484575,0.073714356926292,
5BZQ J2312+1444,blazar,1.521,144,22,3837.094572450005,-0.024008144848481,0.1596702201352705,-0.1503608176160945,1.1059998999999987,-0.6189799629921398,1.3553931421773188e-16,-0.5777965817515408,0.0,0.0,0.0007417173781183,0.0042888981509982,0.0124139594184807,0.0794565815122245,16.736778411794404,2.8944402451471265,0.6012828746654186,1.5162374879121228,56640.68475094,0.1621635443324698,0.2615293114521123,-0.0002992338342312,-2.4054823675992e-08,0.0002992097794076,0.0277777777777777,0.0009022627789315,32.0,-0.023786084314176,-0.0340737570670383,-0.6220957844645214,0.7282889622774307,1.350384746741952,0.5679746842289454,3.0,0.5279440261544077,0.077400125361997,-0.0011004465683849,0.3377228081440587,0.5267140254034808,0.1778070383487498,-0.0027321291118909,0.0629262869812145,692.3943357975227,0.0,,,-0.6347059635261321,0.0,0.0,0.2574777176640574,-0.0605245331630208,0.0886493001915238,0.0999122017201278,0.0396319721222244,
5BZQ J2312+3847,blazar,2.181,269,22,3839.860821909999,0.0311584214940681,-0.0434387459817312,-0.7172956030354148,1.0029993000000026,-0.5516814701272384,7.978854837565839e-23,-0.3679538090810403,0.0,0.0,0.0002887752671993,0.0014668250381024,0.0027403957761414,0.0534531213911597,9.489717707575982,1.8682499296700104,0.3382765844735206,1.311591293072356,56653.01070681,0.0128070556187501,0.0017971401732652,-0.0001036777469498,3.348206775711512e-09,0.0001036810951566,0.0185873605947955,0.0019844183162037,57.0,-0.0113181879570729,-0.0146786112735517,-0.8600985633855529,0.5919813838736875,1.4520799472592405,,1.0,0.7087199307484211,0.1095944383006266,0.0035332579262246,0.6887725218452979,0.6817688574227795,0.2484543478325245,0.0237948509033865,0.0317925514040456,389.5717348690583,0.0,,,-0.7365919511557643,0.0,0.0,0.0228418423685746,0.0991149387726306,0.0079567696606445,0.0567031540491499,0.0178255749918735,
5BZQ J2314-3138,blazar,1.323,131,21,3649.327983669995,0.0160251436871736,-0.2718071896184568,-0.0589577623375914,1.4079999999999997,-0.497790752355166,1.4550334872411882e-09,4.446135394204374,0.0,0.0,0.0005147974508624,0.0030628566016984,0.0056474941904349,0.0867730201091617,10.970322735676008,1.843865032877918,0.395944922443085,1.3638835160302418,56808.767698,0.2085484712372304,0.3899985682161212,-9.33863660610314e-06,-2.3985660352169404e-08,9.314650945750969e-06,0.0381679389312977,0.0027022426283403,28.0,-0.0839169094191348,0.0021136111817597,-0.725536166639788,0.5299049465308749,1.2554411131706629,0.8205549959633354,1.0,0.6476866542308853,0.1053724908703027,0.0037607475471057,0.8781518201491925,0.8383420190054733,0.2215661180854197,0.0310953038261186,0.0835980562332907,2394.3106980446164,0.0,,,-0.6948503465019831,0.0,0.0,0.3178568795213681,0.0372264087853043,0.1087643553775062,0.1274150662947748,0.0548493612977937,
5BZQ J2316-3349,blazar,2.944,184,21,3653.304745649999,-0.0069497868426657,0.0046583430383026,-1.491901044109893,0.499000500000001,-0.5144697592108591,7.998635561716013e-14,-0.5001101636755645,0.0,0.0,0.0001332274368146,0.0004870910740672,0.0013074635656747,0.0220175563265029,9.813771000335318,2.6842281302202484,0.3440588947587529,1.3237019020754484,56807.78108588,0.0697746370522133,0.1477259596163906,5.745385084942772e-05,-2.0174946276291513e-08,5.747402579570401e-05,0.0217391304347826,0.0007206212457221,40.0,-0.0770607824583336,0.0169404353770858,-0.7645283512144359,0.8480504096685255,1.6125787608829614,0.9484827005913792,2.0,0.6514427822676356,0.053978889358116,-0.0001385733694503,-0.1147871316233607,0.2871565267302003,0.1358637389144695,5.559090376350273e-05,0.0318727980656785,4335.688835404282,0.0,,,-1.4228498641477636,0.0,0.0,0.1385689860842944,-0.0274099593074736,0.0484290727774434,0.063297804162357,0.0160491389863988,
5BZQ J2317-1122,blazar,0.549,149,21,3651.6531897000023,-0.080683438613787,0.0493141677392117,-1.6361107225912332,0.6409998000000012,-0.4604976949598262,3.43877437941953e-09,-3.649153769310064,0.0,0.0,0.0001632230997607,0.0009125740578905,0.0022795294979018,0.0592025549067441,13.965728424940856,2.4979117866588916,0.2500519731719751,1.4509547298094678,56816.92329465,0.1131602032671107,0.3273951345462726,-0.000131222325502,1.4023412679603252e-08,0.0001312363489147,0.0268456375838926,0.0012610015879441,31.0,-0.0556856686315738,0.005267915585593,-0.8501725614351385,0.8596643047934094,1.709836866228548,0.8207327596233609,2.0,0.7169211841264782,0.0801299080373468,-0.0048006894877037,1.0468089157671965,0.4513869191502939,0.1647799727546203,-0.0162520940605369,0.058560378127274,245.8317395841491,0.0,,,-1.1349177292319832,0.0,0.0,0.1408378633526864,-0.1249786464127561,0.0459848931833246,0.0728835606021551,0.0470520081356715,
5BZQ J2320+0513,blazar,0.623,216,21,3652.102836239996,0.0743903439701523,-0.0199344253718971,-3.7317526129960696,0.8039999999999985,-0.2686714956721672,6.34705326459918e-05,3.949570486830386,0.0,0.0,0.0007896674837657,0.00271344195592,0.005838910169574,0.88859826793429,7.394137763322418,2.1518463494983155,0.0668138059776418,1.221595480871736,56823.82906718,0.344592604154745,1.0915883539894735,2.017266275561402e-05,-1.880258408862882e-07,2.0360688596500307e-05,0.0185185185185185,0.0014408936892474,46.0,-0.0514356364654369,-0.0234898791285664,-0.5943558118351185,0.643160089401142,1.2375159012362604,0.4078672387650278,1.0,0.6620094829170563,0.0754335056787118,-0.0031518660464428,0.3531836336649113,0.5071499532950141,0.1903800156012118,-0.0251521720886765,0.3789664453470782,9.617504723632804,2.6467120807452002e-15,1.5678617482275237,0.5072478720660304,-0.7539033991744133,-1.705810611456097e-16,5.022763738535217e-27,0.4390006993004857,0.1207355282635573,0.1443147935700856,0.4827919476881083,0.2974688525496662,
5BZQ J2320+1829,blazar,0.735,165,22,3836.610556359999,0.0148689641932861,-0.0508965064189805,-0.2921411554436503,0.8620005000000024,-0.1468149828122415,0.0598705931208069,-3.4138218502861046,0.0,0.0,0.0006431737580811,0.001993216080071,0.0079844577420083,0.1826399573906695,12.41415345273853,4.00581643798397,0.2512327081295076,1.4084784948811642,56644.11180002,0.0430342863281725,0.0194636888303024,-0.0003833808079518,4.380257996632765e-08,0.0003834246105318,0.0242424242424242,0.0010825041204631,34.0,-0.0752245017113094,0.0023742761935188,-0.7789454417384061,0.9561246438099206,1.7350700855483263,0.7408259044532904,3.0,0.7230868535953012,0.0970807856930487,0.0040354242319474,0.7725945852258034,0.6087746767667201,0.2250648544716667,0.0111732437634037,0.1820856683636417,13.02170025717392,1.382891923927195e-16,12.728161593921383,-0.0061349693251533,-0.8035481562142313,4.1428808872871684e-18,7.743419711734057e-30,0.0566845031962868,0.0257976528753514,0.018804146881223,0.2398421475296996,0.1382375490084724,
5BZQ J2321+2732,blazar,1.253,266,22,3841.841827349999,0.0315819300788498,-0.1549315300899065,-0.2038444341221111,0.4790001000000021,-0.2536254041722683,2.8433104788835348e-05,-3.7340283332217656,0.0,0.0,0.0002118600573449,0.000881076461219,0.0065175130047694,3.229254702934361,30.76329278715792,7.397216114881719,0.0177131833656801,1.7357845068311215,56648.65994318,1.4610554570172347,1.0510593313075602,0.0002613751635183,3.7128100241667073e-06,0.0002576623534942,0.0263157894736842,0.0012630968925404,55.0,0.0064393873221421,-0.012706115593938,-0.7103678871056408,0.6397805100153673,1.350148397121008,0.8436441468894316,2.0,0.7137837696344707,0.0552431008931987,-0.0019228209463807,0.6190735545561278,0.3242306764055646,0.1400959427069361,-0.0153743785076472,1.0769467436644111,196.2635794929839,1.0017313918016929e-13,-0.177139708379618,0.1392006302009189,-0.8911923149659232,-1.7885109553171057e-15,1.9192918454009116e-23,2.1930437542887926,0.0711540884676486,0.7484754262009146,1.616496703497156,0.7174863308908813,
5BZQ J2321+3204,blazar,1.489,243,22,3839.791682279996,-0.1223317609361665,0.0315636739936495,-3.875713611817784,2.1439991999999997,-0.2170478182501186,0.000657541677359,4.520493972294041,0.0,0.0,0.0008668634685465,0.004234181368681,0.0346104533581639,2.482757506335376,39.92607206792088,8.1740601869332,0.0879318815627883,1.8298148103396208,56651.03276258,0.7495396742717019,16.606100200710078,0.0001106451763492,-1.393042577452689e-07,0.0001107844806069,0.0246913580246913,0.0016235833812333,52.0,0.0203523039907194,0.0124513019968991,-0.6940966322448832,0.7978533543043246,1.4919499865492076,1.2011410648706176,1.0,0.6634420552279516,0.1674760223609765,0.0038509936091628,9.589165590767909,2.4707478957970843,0.1977594537881302,0.0188443213530726,1.0911369548748644,7.38905609893065,9.281358243820486e-15,-2.6985378730315115,0.4000532304152581,0.0355332395467742,3.1559919673965833e-16,6.849443954483519e-26,1.182516131522924,-0.3044837529701184,0.4067759078670738,1.721439298185315,0.6916188421797168,
5BZQ J2322+0812,blazar,2.09,66,22,3835.890338360005,0.0216691123336652,0.1949615434282298,0.1111455723658763,1.3129998,-0.6603199559909202,1.6204519309064612e-09,1.9428876457128017,0.0,0.0,0.0013295383082525,0.0135104159625512,0.0250974572093258,0.073373577879482,18.876821400832423,1.8576376387695588,0.921002773566392,1.5596359874836712,57005.25061847,0.0249203717541915,0.003117063323703,-8.049023985216056e-08,4.010935678344438e-09,8.4501175530505e-08,0.0606060606060606,0.9997543660506664,14.0,-0.2688061751121718,0.0154346885928384,-0.8918794462686913,0.5643393764155286,1.45621882268422,0.7269188163492727,1.0,0.8436167919961046,0.2346962915487338,0.0174074419890713,1.9856956811935849,1.265364611205399,0.4380564240295226,0.1205423316710118,0.0365799844261057,7.38905609893065,0.0,,,-0.5026383763871964,0.0,0.0,0.0438060158957004,0.0669575571110256,0.0152443722462467,0.0643017445742935,0.0208096260758231,
5BZQ J2323-0317,blazar,1.393,221,21,3652.044891950005,-0.0164759114581122,-0.1804880962643056,0.0912853080016147,0.5669994000000003,-0.3494236589487475,9.596901670993365e-08,0.999875398206709,0.0,0.0,0.0004652768387388,0.0021024474762039,0.0173160652776856,2.7484619416671072,37.21669294221677,8.236146427169833,0.045812846425291,1.8044694897155549,56821.39615454,0.2258456881745843,0.3204301579128217,0.0007314725457461,-6.088071114026143e-07,0.0007320813528575,0.0180995475113122,0.0016211360985769,44.0,0.064188725442459,0.0069217248917737,-0.5627140417104144,0.8644985892784804,1.4272126309888948,0.687524122246782,4.0,0.6511396117195434,0.0529897519145677,0.0004871892221398,0.0937837784149482,0.3301479940106454,0.1302526393120726,-0.0051943210283549,0.7260236286411825,160.13848201400654,1.410528002026736e-13,-2.954872576226605,0.8271760877778201,-1.2574359521418597,1.5152336237208492e-14,4.015450680490281e-23,0.3493680233748567,-0.0394268561192625,0.1198300769158786,1.1231095094706154,0.469331178215886,
5BZQ J2327+0940,blazar,1.843,210,22,3837.189946309998,-0.107468721106487,0.0713676216783347,-1.5058470294956128,1.4089995000000002,-0.0861695541896872,0.2136554371543909,5.830637700758519,0.0,0.0,0.0011407092154752,0.0044459378947744,0.0255759935747643,1.0784972166861235,22.42113345396856,5.752665505982998,0.1437696365048456,1.621696826847669,56641.86975878,0.2144794142759468,0.2582027353201865,2.412900916378559e-05,8.510740636117165e-09,2.4120498423149473e-05,0.0285714285714285,0.0009019123887731,44.0,0.053081328602818,-0.0227999275672097,-0.4961288963338401,0.802040078332346,1.2981689746661862,0.1420248772916098,4.0,0.6110367799592233,0.1171612802679163,0.006765511212174,0.9383974840746404,0.834010220209612,0.2558066391633771,0.030204108278505,0.5523580063546725,7.38905609893065,2.4581852114909793e-15,0.0473657673975041,0.2824771028529318,-0.2992569656896618,2.068121808882364e-16,2.5711445771365174e-27,0.3616379883781564,-0.3055335741057427,0.1253997616044061,0.9313417744869068,0.3275911974980326,
5BZQ J2328-4035,blazar,1.972,159,21,3648.9860778400034,0.0513090010596786,0.0249208865183435,2.0588754345440976,0.4819993999999994,-0.0372650424383218,0.6409658706111935,-0.1998075881089666,0.0,0.0,0.0005762248148392,0.0019951962017543,0.0167116512566689,0.8946578009059626,29.00196381221257,8.375943796203442,0.1120678307502794,1.7145196719605125,56806.79536506,0.7844814042559954,7.984655442466911,0.0002084312459767,-1.4177707669160266e-06,0.0002098490167436,0.0251572327044025,0.0016214850102766,31.0,-0.1470723711885791,-0.0334213990248542,-0.8504654113279024,0.7538468201446521,1.6043122314725546,,2.0,0.6869628531765472,0.0521835578494666,-0.0006715885100627,0.4450694782686378,0.3038149616284814,0.1291406767311226,-0.0156252085331338,0.8559666443156135,279.57531842733806,6.461431057019913e-14,-0.1095080664462938,0.3912927178440182,-1.0591436814835573,-2.339913828409543e-15,6.6412410822715e-24,1.352405897210197,0.152490351149365,0.4699116096189328,1.4756428021203944,0.4965150747376832,
5BZQ J2329-4955,blazar,0.518,239,21,3652.415653459997,-0.0033087769666085,-0.0020449109580361,1.6180542989441953,1.2500001000000012,-0.1117837986583212,0.0846204727590199,2.44994342258097,0.0,0.0,0.0014290406006223,0.00714968580536,0.0302721991863922,1.6138920990088874,21.183582294320946,4.234060070089147,0.126138319077709,1.601218668720248,56800.94063271,0.7007111792220373,7.78975269932628,9.26604510268765e-06,-1.2161511192835928e-07,9.38766021461601e-06,0.0251046025104602,0.0090079341546876,46.0,-0.0140897502202679,-0.0126822453517013,-0.6963808917291487,0.7987516319027761,1.4951325236319248,0.7182012015882956,5.0,0.6555836741975999,0.0998000291182638,0.0033593755801945,0.3951982180261644,0.7301936321626815,0.2429718969437333,0.0185648116057194,0.5820992822051163,28.554327713868812,1.317261723092316e-14,-1.476114166862146,0.7649824258279819,-0.5796483083946451,6.658355184550996e-16,1.1106008145211502e-25,0.8633262221492339,-0.0050227234353117,0.2810242305393386,0.7171878929916164,0.4724557924845958,
5BZQ J2330+1100,blazar,1.489,191,22,3837.088456409998,0.0730140877406659,-0.0561172498645045,-1.301098822856767,1.415999399999999,-0.4614860910145741,1.8287266338018857e-11,-8.561881155302254,0.0,0.0,0.0005083242091285,0.0026298490847243,0.0131746019857911,0.2696862765277879,25.91771496081217,5.009641829756264,0.2515268437506168,1.67396665585092,56643.31962995,0.1752690937365533,0.2753941668484178,8.318214208468498e-05,2.6227476054947785e-08,8.315591460863003e-05,0.0366492146596858,0.0014433390828042,41.0,0.0433227266711717,0.0034703707089545,-0.7557483417739792,0.9016713900082928,1.657419731782272,0.7733655811987203,2.0,0.5728608410820507,0.1323420745340269,0.0113977373540939,1.7033788525620197,0.9432333422150444,0.3065774059644803,0.0658206837493361,0.1847085599800612,199.49687932684995,6.9216961047349e-16,0.7866007969099352,0.0652790917691579,-0.4337203737915497,2.267694667098994e-17,5.467882118621562e-29,0.2765144232054998,0.1817320643865174,0.0951187070851193,0.2914066583853922,0.1170778056992335,
5BZQ J2331-2148,blazar,0.556,34,19,3651.02617728,-0.1577066700310936,0.0351106094462994,-4.491709842641746,0.2769995000000005,-0.4508702864412303,0.0074478798164158,-3.948406132855853,0.0,0.0,0.0060110413100401,0.0636276587443371,1.081685426067239,2.0907899802621728,179.94975747056696,17.000239320396304,0.7379428398443115,2.372862586907637,57355.45786951,1.5602588923732552,6.150130525748634,-1.5124107932871696e-06,-8.62532178237164e-08,1.4261575754634532e-06,0.2058823529411764,1.4769437332238162,6.0,,,,,,,,0.6871186100405263,0.048029052507577,-0.0027634615904349,0.162650382517395,0.1756540939160524,0.1244253612832672,-0.0270617693630484,0.860535881040941,9.988698532955466,2.196809640511938e-15,0.8158914226306636,0.2568792896894041,0.5735434026502535,3.466747058593537e-16,2.0907397978689062e-27,1.9462627146080755,-0.2453915785683817,0.635900439594295,1.0734301262688977,0.6898651197100886,
5BZQ J2331-3811,blazar,1.202,143,21,3652.842510000002,-0.0599386076806502,-0.0701965310670397,0.853868514149326,0.5380000999999996,-0.5745831984568913,6.206616017070618e-14,-1.3501265950718693,0.0,0.0,0.000112254631927,0.0004490421912565,0.0009524372672321,0.0105177113520615,8.48461433080609,2.1210418166852105,0.4846571299417643,1.2712122712228795,56808.63743162,0.0328083332149269,0.0669225139062916,4.543661305240048e-05,-2.9059213244808894e-08,4.546567226564529e-05,0.0279720279720279,0.001621484873383,30.0,-0.0961270974792029,-0.0142302408662212,-0.9320743610463812,0.5665202748165634,1.4985946358629447,0.7108895657195732,3.0,0.5568011543660929,0.0386800000954623,-0.0003875773150071,1.1847641528147423,0.2884155383171803,0.0755777679641211,-0.0055049323621403,0.0224928268329939,2171.3150861638337,0.0,,,-1.652344362607774,0.0,0.0,0.0486847365794287,-0.1319848141127918,0.016582031329283,0.0333774148816799,0.015157772425831,
5BZQ J2334+0736,blazar,0.401,168,22,3837.105393379999,-0.0364745165488468,-0.0492600374925205,0.7404484122527313,0.4930000000000003,-0.3186656445240777,2.5557335706733208e-05,2.3637199548542087,0.0,0.0,6.566123153846155e-05,0.0003655196746317,0.0004476640763418,0.0458794807206275,6.817783630236363,1.224733184521786,0.110272606525515,1.1923257044835092,56642.66001873,0.0712408747869464,0.3959010947056945,0.0003863906933032,9.350710139502783e-09,0.0003863813425931,0.0297619047619047,0.0010825041204631,34.0,0.0821150774762582,0.0043291588491049,-0.8099904511939363,0.7982379757992535,1.6082284269931897,1.115182717067486,3.0,0.6836563099086013,0.0452896142920492,0.0035667739097297,0.2764834099149083,0.3147556628366076,0.108035188637635,0.0207665307701832,0.0880315281540432,127.43293704555896,1.3704890552376615e-16,-12.845465660066672,-0.0060240963855421,-1.524512341722287,-4.317542301030385e-18,1.8563178446566905e-29,0.0843234392017637,-0.0511007976849344,0.0270994702445587,0.1041975022672793,0.0743736632885648,
5BZQ J2336-4115,blazar,1.406,181,21,3653.4328475400034,0.1652467508519429,0.0461751396455372,3.578695205265369,1.5440006000000004,-0.1138908714264664,0.1268602659757397,1.0002553997371673,0.0,0.0,0.0008390615249903,0.0027626557055285,0.0232982942818285,4.806769622618705,27.76708687045299,8.433296348427177,0.0370351106387835,1.698825980629992,56807.71678036,0.3390734727562525,0.1895754450402699,-0.0002679931887839,-2.7059539542738956e-07,0.0002677225933885,0.0220994475138121,0.0005403786721482,38.0,-0.0544237215622969,0.0033395912235775,-0.6850873240227715,0.8033142518399718,1.4884015758627434,0.6643718716743469,5.0,0.6506768064017574,0.1229080613592616,0.0051918915643866,1.3160852639670764,0.9537767749530752,0.2608237440764522,-0.0009184348352716,1.0056393549291032,278.4064493187894,1.0482941966651045e-13,1.0169131304706958,0.1069383086385473,-0.6609911941620981,4.371265467186183e-15,1.4861373285355362e-23,0.5259465683359158,0.3975836825497746,0.1804700396703792,1.5598759861958345,0.6483275088095739,
5BZQ J2337-0230,blazar,1.071,170,21,3651.949267759999,-0.030534333331206,0.0649274822546454,-0.4702836498641742,0.878999799999999,0.14579222859322,0.0578250248477878,1.8997135136876109,0.0,0.0,0.0003869110600289,0.0024309887168049,0.0075447569398129,1.360283701367947,19.499977384335345,3.1035754648114264,0.0497096523077193,1.5713501364617497,56824.68604987,0.485539194174313,1.0248081543954148,5.2440068104998406e-05,-1.5169575032961766e-07,5.259176385532802e-05,0.0235294117647058,0.0012609994797989,34.0,-0.0743146604493564,0.0136354948539239,-0.8315729053400585,0.6682063067905134,1.499779212130572,0.8172785776573718,2.0,0.7155650835917868,0.1088539196501234,0.0136647678048289,1.1545529318361216,0.6462303851855383,0.2597021667555343,0.0655846648566579,0.4730425350844137,213.64553521350624,2.6056122834811762e-14,3.0087032999297354,0.7524883611631236,-0.6312675923480506,-1.1683988699993938e-15,6.963723367925313e-25,0.6987379681279118,-0.0632366043289277,0.2365934494131748,0.680754064283213,0.3287079016336132,
5BZQ J2342-0322,blazar,0.896,198,22,3837.1134192699974,0.0273915666475459,0.0098743025373578,2.774025460928944,0.284999899999999,-0.6463609421865064,8.320224676331235e-25,3.0465787586264184,0.0,0.0,3.016379502277512e-05,0.0001140106191024,0.0003884738905516,0.00531421929399,12.878813073074472,3.4073482821383805,0.3709184491596072,1.421731934416862,56824.88367796,0.0025247077083244,0.0029073775802637,7.63776694906401e-05,4.7854021588326086e-08,7.632981546905178e-05,0.0353535353535353,0.5063037060643483,42.0,0.1251010729085436,-0.0234355786310505,-0.52932628432432,0.7839740407127367,1.3133003250370567,0.556138472287724,3.0,0.6384113753504171,0.0306691487915757,0.0019437433827271,0.2025724920073952,0.166990953342643,0.0782237832854589,0.0120267328530909,0.022556488438797,649.8956994735495,0.0,,,-1.9857975969341244,0.0,0.0,0.0034764042526219,0.051934410363747,0.0011659063778767,0.0310592279947112,0.0163814493642991,
5BZQ J2346+0930,blazar,0.677,194,22,3836.615512080003,-0.0006471516718888,-0.013573513197134,0.0476775365736198,0.2390001999999995,-0.4996445268247633,1.2028304920041746e-13,-3.781469087881728,0.0,0.0,2.3347362652857185e-05,0.0001150473443416,0.00060537578391,0.0072397925482575,25.92908530963563,5.26197090521458,0.3624242578552463,1.6741248527403954,56646.21836123,0.0552297285674025,0.9469666277129852,0.0002681659260446,-2.2051942766134157e-07,0.0002683864454723,0.0206185567010309,0.0010821564681764,41.0,0.0448902399482364,0.0064936364981462,-0.7030445714163822,0.6313931265449719,1.334437697961354,0.7945596701856272,3.0,0.621203460216444,0.0229662356890841,-0.0016269963967115,-0.222406711692907,0.135730320479976,0.0532699540530701,-0.0102101183662266,0.0825140144511556,3547.7604708672434,9.96080102961146e-16,-0.4083583259642659,0.0210690596956691,-2.0606420787143613,-1.4282958566761024e-17,1.5947321604491144e-27,0.0715219653873114,-0.0010852733537576,0.0236189034629461,0.1068548522439573,0.0637178606105887,
5BZQ J2348-0425,blazar,1.106,180,22,3836.580763209997,-0.0717297504759986,-0.3331921036733929,0.215280463387904,1.5200005,-0.513825701054728,1.6220287125863596e-13,-0.7352789963715257,0.0,0.0,0.0008303398076223,0.0064193554189596,0.0175569772601535,0.1562193998879777,21.144327994202577,2.7350062602179244,0.4965839113470274,1.6005497011379457,56641.27394403,0.0245811111882224,0.0021869764344781,-3.847110994835468e-05,-1.5998990488189322e-08,3.845511095786649e-05,0.0277777777777777,0.0016235819027945,37.0,-0.0009996392807665,0.0038774626258516,-0.6715304357576652,0.8066274796484143,1.4781579154060795,1.1953024200127924,4.0,0.5924140697155545,0.1527231309502467,0.0021365587710248,2.128926541173364,1.0853002304943136,0.3147057885498812,0.0190516039416743,0.2296392481035193,7.38905609893065,1.3240182150652123e-16,13.304344650984454,-0.0056179775280898,-0.1475865497422412,-8.318253230467659e-20,3.5166058727946174e-30,0.0356722657450262,-0.151062854502453,0.0120988586036845,0.3332539453204893,0.1582402399432523,
5BZQ J2348-1631,blazar,0.576,159,21,3651.909532190002,0.025034396482621,0.1074297934905285,0.2330302951278423,0.8360005000000008,-0.5500260251351274,5.938136636281369e-14,-6.198997700089805,0.0,0.0,0.000857886054435,0.0094575645820285,0.0490896600882248,3.5003633263001963,57.22165522707777,5.190518093454597,0.0933862010124822,1.9596223313555687,56821.66203547,1.048120178543113,2.327039930436858,-0.0060060563805421,2.184026272467319e-06,0.0060082404068145,0.0251572327044025,0.0016211356605055,33.0,-0.0220107810694021,-0.0033069864246906,-0.792577904250255,0.8436431794813005,1.6362210837315554,1.1342483152199845,3.0,0.6539619631307098,0.0583365602395987,0.002190399559139,3.453495270354355,0.6082535758467813,0.1193193083568064,0.0180418599316291,0.7886241912933578,70.31120657469444,8.724530750375203e-14,2.1733737677815723,0.5719515235124804,-1.1848861543310951,4.469589782038146e-15,2.484129139160474e-23,1.3157978993989663,0.0394542088566107,0.430720646779383,0.990029650761395,0.6281914027673826,
5BZQ J2349+0534,blazar,0.419,178,22,3836.834414799996,0.0440418237187436,0.0336725826412106,1.3079431473379908,0.4160003000000003,-0.2043064430723807,0.0062285797865136,1.6282254190116343,0.0,0.0,0.0004556583438963,0.0036485326640356,0.0114285138784513,0.7050602278305762,25.081322456744353,3.132358931022382,0.1184650355843953,1.6621353784467532,56645.36111366,0.0610882100722405,0.0802235667036133,-6.569095859785839e-05,-2.793659092904755e-07,6.541159268856792e-05,0.0224719101123595,0.0010825042573567,36.0,-0.0739749998793734,0.0033443723790044,-0.984797163096704,0.7593679840988183,1.7441651471955224,1.079154201914305,3.0,0.7032416870796903,0.0454679340847265,-0.0016307519747153,0.6812416368204164,0.2801231850653247,0.1072716158158595,-0.0064570040412732,0.3454008569234088,13.648887748582323,4.218781838243629e-15,-3.3384783337781117,0.5511481283298049,-1.1489359097821603,2.4430204962581184e-16,2.999086941351719e-26,0.0727693671303319,0.0624953478568972,0.0234356285177369,0.4114476710787172,0.2899560754606886,
5BZQ J2349+3849,blazar,1.032,267,22,3840.1575018,0.0791868557062513,0.0313432165494291,2.526443180500362,3.814999699999999,-0.6832368717417358,4.624650388787078e-38,-1.5244978446570845,0.0,0.0,0.0003532222875011,0.0019164818417816,0.0028869663837017,0.7363172576443756,8.173228240925875,1.5063885914575434,0.0475774324183605,1.257726505864424,56659.6648895,0.2026621155349149,0.1361837398344989,0.000472549857085,1.507732225123839e-07,0.0004723990838625,0.0149812734082397,0.0010825050239568,58.0,-0.0424120430193154,0.0070912702016176,-0.5894684609096172,0.5133414310356972,1.1028098919453144,0.9930974139296496,1.0,0.6945946673583978,0.7358068915419111,0.0059902660791917,15.788447694567106,12.206587524450123,0.2477144092047565,0.0598730435971847,1.9999573128026829,7.38905609893065,6.6867507885315235e-15,-0.5076369362172031,0.6438723761048709,0.5768789890338307,4.20776165227294e-16,1.3849542436028015e-26,0.2888912736731817,0.1609076907951027,0.0976282581708525,2.850903899145482,1.4030038873747448,
5BZQ J2354-0019,blazar,0.462,190,22,3837.003648439997,-0.0258300881561162,-0.1255890150887786,0.2056715560501613,0.6600009,-0.6356562920914993,6.712196359000322e-23,-4.9899431430773395,0.0,0.0,0.0002221350571483,0.0004957618847289,0.0025755210055871,0.0210560003871155,11.594392290241355,5.195076668308723,0.4854180183979282,1.383838824958948,56644.10797983,0.0071332872679593,0.0055465840017593,-0.0002266187972075,1.8711804240875973e-08,0.0002266375090117,0.031578947368421,0.0012627472689821,40.0,0.0664555608623337,0.0104037117782737,-0.5290066310288914,0.8821349894227515,1.411141620451643,0.6391925681014854,3.0,0.6681984334238071,0.0527814796039175,0.003761813170216,1.459433268649876,0.4577336544732305,0.1186730738541872,0.0099585331013858,0.0313067848483455,654.3936816399769,0.0,,,-1.533657322252732,0.0,0.0,0.0086250853303287,-0.037763588884242,0.0027911700551494,0.0378540328731873,0.0258919513496493,
5BZU J0517+0858,blazar,0.328,246,21,3634.287523289997,0.0627657535273812,-0.0439254396458359,-1.42891577257853,0.8179998000000008,-0.1525447442560547,0.016646906124408,-0.3980054782521557,0.0,0.0,8.431102913772033e-05,0.0003432253917271,0.0009120492169161,0.0742544354697733,10.8176737424074,2.6572894553902215,0.1029364361071748,1.3588295971266726,56722.16988014,0.2448859331977463,1.400315261313258,-0.0001126803517374,1.949941324418627e-09,0.0001126823016787,0.016260162601626,0.0012620479397532,53.0,0.1092328803245139,0.0096468446150867,-0.2873534072833302,0.4587536861199033,0.7461070934032336,0.4053383351237331,0.0,0.9060720584159871,0.1020884498611279,0.0051484915870601,0.6518535311853224,0.7036856828588508,0.238579005174225,0.0311943112907141,0.0912209192136665,127.2557779501779,0.0,,,-1.1135301965896494,0.0,0.0,0.28220381239338,0.0833529206843623,0.0898689685400221,0.1051219677503392,0.0791581082457374,
5BZU J0532-0307,blazar,1.88,45,12,3475.4295177899985,0.0570589078728874,0.1608224081246568,0.3547945123956851,0.9740000999999996,-0.2964919314621206,0.0479650238025206,-4.710027683247226,0.0,0.0,0.001353524646961,0.0357448736940217,0.0503175859719551,0.703610220949492,37.17522695116945,1.4076867749280362,0.4302551400259354,1.804067411183618,56728.35760782,0.0556037507058735,0.0294986881269633,-0.0001834145631302,1.532371970084994e-07,0.0001835678003272,0.0888888888888888,0.0023435041478364,8.0,-0.2765360320630126,0.5537161463245353,-0.9734165101518096,0.134015782497261,1.1074322926490705,1.0453207171331953,0.0,0.7535496910518065,0.120049061609454,-0.0077952793147283,0.0023364817952132,0.6289661994827552,0.2981610675457946,-0.0174701458088811,0.4347222061284779,30.683531481207265,2.526065757481597e-15,-2.1967630434602774,0.3841184387617764,-0.441060126856145,-1.2156981028430826e-16,3.7601142388526375e-27,0.0943626940404706,0.1643296546739159,0.0327412524776496,0.7377480477259749,0.256162516571519,
5BZU J0538-3908,blazar,,265,21,3637.607868229999,-0.1204396748185242,-0.0856745615467601,1.40578104683722,1.280999200000002,-0.2430391945040699,6.39356562800453e-05,0.3983691026124571,0.0,0.0,0.0002261221050687,0.001392711690541,0.002210469312147,0.0494096033269786,9.775556006339944,1.5871693513976175,0.3198847226851472,1.3222946904683406,56723.54398252,0.1026691467180626,0.1758829012539294,5.884149271415325e-05,-3.0645030869527565e-08,5.887213774502278e-05,0.0188679245283018,0.0014422904038441,57.0,0.0246872932495485,0.0184134809923676,-0.5992878633933848,0.6609268131312582,1.260214676524643,0.7281591896841239,3.0,1.1401036777036582,0.219879078248967,0.0119257424424838,1.6015138910235722,1.5683919188459123,0.5010335122717887,0.0597818481968852,0.0728669875846611,285.318961497423,0.0,,,-0.8328059047408566,0.0,0.0,,,,,,
5BZU J0539-1550,blazar,0.947,207,21,3638.088446250003,0.0118659508927637,0.1138666887801398,0.1042091503659613,2.112999799999999,-0.903570135526694,2.1212712007361468e-77,3.3865847275154035,0.0,0.0,0.0006946639117772,0.002285611071417,0.0045508535559998,0.0797909164689319,6.551158729126572,1.991088339971735,0.3701872257940425,1.1779375261660694,56729.1454469,0.0818125306981211,0.2194549322345025,-4.952778362164268e-05,-1.5261204464578747e-08,4.95125224171781e-05,0.0193236714975845,0.0124395390280696,44.0,-0.2294419719710707,0.0244636790316938,-0.9491631737233498,0.4493443524921837,1.3985075262155335,0.8273146349699176,0.0,0.6363457310563291,0.1471420391905476,-0.0051677518802095,7.821755892053313,2.032341991514358,0.2121723407673089,-0.037529396146182,1.1136154772141704,7.38905609893065,5.433155167429903e-15,-2.291442684998614,0.3388539150864844,0.3358966243842751,-1.4471256460331264e-16,1.2721850454566028e-26,0.1141570671441886,0.0231030063882109,0.0384011767733102,1.553882708679799,0.7980907594657416,
5BZU J0608-1520,blazar,1.094,141,21,3634.088786350003,-0.1365218010718802,-0.1097305877189095,1.244154468775836,1.789000399999999,-0.2144551425126286,0.0106607019445266,6.66622720562492,0.0,0.0,0.0008675009616399,0.0043204735419676,0.011297566444785,0.6763910973028519,13.023116897074791,2.614890782787896,0.1306527950369906,1.4257507183258034,56737.17893316,0.0096737077197742,0.0002337385692062,6.53154425425667e-05,-6.70053580466633e-08,6.538244790061336e-05,0.0354609929078014,0.001622532977418,29.0,-0.0313628030329695,-0.0007851450256657,-0.9279183743276916,0.768718550173604,1.6966369245012958,,3.0,0.6640563284609755,0.1955499468350682,-0.0156271974412324,1.371331800604845,1.2214523639954935,0.4344378291104589,-0.0895849095352164,0.3714618015840748,282.5395834292142,3.384976333651444e-15,1.685761166540665,0.1753390099362205,-0.2597247447291022,-3.7267367861179243e-16,1.8253023087614264e-27,0.0139984935072926,-0.2858766514445172,0.0047451501033942,0.5375297422985683,0.2566999724443974,
5BZU J0619-1140,blazar,0.97,99,12,2538.6827122500035,0.1552429425681971,0.1011626586408318,1.5345874125290844,1.461999800000001,0.0893270395811918,0.379257920717008,2.919224474045179,0.0,0.0,0.0014987486732562,0.0045334222375983,0.0228866864163928,1.063415467951646,15.270529882369791,5.048434761168171,0.1389175451649782,1.4831695547494137,56740.27426062,0.2253145580531238,0.4327849820430012,9.001738330163064e-06,-1.272390877417523e-07,9.128977417904817e-06,0.0707070707070707,0.001802775824779,19.0,-0.1259408935358324,-0.019917398925692,-0.5224434363264616,0.2760154169352076,0.7984588532616692,0.4828320739964298,0.0,0.7105959171778143,0.1780844515281342,-0.0196037267857015,2.5222830832980483,1.149419047529187,0.3319960018887956,-0.019911265691011,0.416250228157593,19.686288546365983,2.5057960958307e-15,-1.115456056303844,0.721067085811486,-0.4871373569767624,4.326028991643815e-17,1.3599087041110912e-27,0.3162440523381092,0.3058285968593484,0.1065189104446717,0.5842350360165496,0.2965660081302282,
5BZU J0620-2515,blazar,1.9,112,18,3442.21905023,-0.0100222804071115,-0.0608908844049732,0.1645941014825025,0.902000499999998,-0.2416093580336183,0.0102757660267169,-1.9790992485921972,0.0,0.0,0.0008507099109096,0.0065148869510982,0.1142932469722374,0.8242678816471436,134.35043529194303,17.543396809890563,0.4159117067774062,2.267464296360173,56932.90509845,0.1789962951796206,0.3558785525714831,-0.0001120544186424,5.609974546956459e-08,0.0001121105183879,0.0535714285714285,0.0010804114989771,24.0,-0.0477841199903623,-0.0098782115479583,-0.6048688171319965,0.9614737737242208,1.5663425908562172,0.4738240502271335,2.0,0.7022894772793461,0.1046708383886924,0.0079487706275399,0.5956349288640617,0.5770682772015632,0.2700112640502258,0.0240728639226091,0.4668663091868438,7.38905609893065,1.150721241926551e-15,1.5456651861708384,0.1448382126348227,-0.4037887899950738,-4.400783589138109e-18,6.5220085858155425e-28,0.3048197068683168,-0.0290646131806233,0.1057983748695417,0.7950446760376817,0.2741533365647178,
5BZU J0621+3750,blazar,,207,21,3633.9135682599954,0.0053661655446622,0.0507169345860103,0.1058061885732031,0.8199998000000015,-0.6159249138965925,5.229529158114441e-23,2.736006108888429,0.0,0.0,0.000797688270351,0.002432416850743,0.0054310922926213,0.0918009307059619,6.808539736233682,2.2327966889102537,0.3686050040770491,1.1918363522983904,56739.03220769,0.1022430298641598,0.0965357914547829,0.0001720082970632,-2.7707171472613497e-08,0.0001720360042347,0.0193236714975845,0.0009012135797279,43.0,0.0599588838175601,-0.0144424880324682,-0.6794671656402977,0.9356068896464454,1.615074055286743,0.7729172103805555,4.0,0.686107090518201,0.0952048813274487,-0.0088149333207119,0.2585177423096551,0.5077958202016936,0.2304847905815967,-0.0429836900364304,0.0781345889786489,700.8716713023092,1.7763568394002506e-16,9.849370589540277,-0.0101522842639593,-0.7416333835435516,2.965325019394384e-18,8.291667251790944e-30,,,,,,
5BZU J0645+6024,blazar,0.832,202,21,3633.7409022300058,-0.009546343236843,0.0743625620994094,-0.1283756633355538,0.7870005999999989,-0.5437353602688002,6.158576844959397e-17,-1.7907552700928155,0.0,0.0,0.0002289076386281,0.0012320762180623,0.0023565370868908,0.0136198570524916,10.294707029959044,1.9126552809243504,0.7075884262779637,1.3409577173451082,56932.23173806,0.0424145857310424,0.0616436482324988,-0.0001921512148807,8.965208022183746e-09,0.0001921601800887,0.0198019801980198,0.5244332165366272,43.0,-0.0999647701321411,-0.0142589264390432,-0.7739048910462347,0.6624929541412881,1.4363978451875228,0.6299566759694246,1.0,0.6863094581497405,0.0622175430456541,0.0033119539491419,0.5488303672869036,0.4725456620198688,0.1372867713789964,0.0195872555504152,0.0214751343690037,290.3954976252042,0.0,,,-1.429985299146926,0.0,0.0,0.0574087332691834,-0.0174889008098963,0.019175347868888,0.0290668938446734,0.0158662084304986,
5BZU J0709-0255,blazar,,181,20,3445.272200490006,-0.0324327929285582,0.0557192855260941,-0.5820748170464153,0.6090002999999999,-0.0382785389026649,0.6089276562525463,3.5372404522484664,0.0,0.0,0.0003840128999389,0.0036319208124567,0.0115176314723572,2.267245079113054,29.992824314480615,3.1712231802198723,0.0451815529087435,1.7266363692318174,56944.14615676,0.3411878189161806,1.6978435862743742,-0.0002844570502673,-3.891230444519694e-07,0.0002840679272229,0.0331491712707182,0.0016204428473673,38.0,0.090135685582621,-0.0175988801926773,-0.5636147580412021,0.8253765803369725,1.388991338378175,0.5280543820023718,3.0,0.6588203021928857,0.0632739238344908,0.0004590527200607,0.2736434123893756,0.3641648925900999,0.1488108936239116,0.0043424480419673,0.7411048522466114,180.64078257505156,6.644879152750891e-14,0.6942488875892948,0.5378892681752596,-0.8607653336502251,-1.0286436798074476e-14,4.7993161089433384e-24,,,,,,
5BZU J0713+4349,blazar,0.518,217,21,3634.1084088299976,0.0576434678228938,-0.0731853314270408,-0.7876369034464114,1.7720003999999996,-0.403334731161395,6.771531843670673e-10,1.5421952179839826,0.0,0.0,0.0003178178241795,0.0032088588517498,0.0063527205110524,0.0410370035432213,19.98855950720807,1.9797444520217635,0.6394324718790574,1.580275650469973,56747.85583192,0.0284128177602087,0.0145218210089934,3.458251874212352e-05,-2.442488276438245e-08,3.46069436248879e-05,0.032258064516129,0.0016221846680341,47.0,0.0190585895989188,0.0093676031355786,-0.4769808514303173,0.4168172652399313,0.8937981166702487,0.6248563921220115,0.0,0.9828737979586298,0.219755003539647,0.0093511185697046,3.1409549875489726,2.216357577992166,0.3935326082172117,0.0461828247441326,0.0480977760733086,742.7217280783369,0.0,,,-0.9395203076726766,0.0,0.0,0.0350066209087308,0.0875027841551528,0.0113951232480436,0.0592598955781629,0.0390381393795539,
5BZU J0742+5444,blazar,0.723,291,21,3638.0316996999977,0.0440881618353655,0.01717507702608,2.5669848099323453,1.5050001000000002,0.1499614300352122,0.0104178769608201,3.336729964132783,0.0,0.0,0.0010188826920984,0.0027344299936237,0.0087437153482416,5.80851464848794,8.581670301662893,3.1976373011680272,0.0170235381307789,1.275314618889703,56750.62301384,1.5064346034034848,23.946239395037978,-0.0001668880813116,-1.7470758592784818e-07,0.0001667133737257,0.0137457044673539,0.0012620563997248,62.0,0.0920629255440572,-0.0077381753812821,-0.7005221414253293,0.8013325848118459,1.501854726237175,0.7918228682428397,4.0,0.7475937071734108,0.1198812419076457,0.0042618763863183,4.29316274927913,1.4995733661620887,0.2221507841317724,0.0277561834555579,0.8864517092358503,36.796575404457336,3.8699514577861194e-14,-2.5235422957235594,0.6920931683246978,-0.5046957019075698,-7.930307947299245e-16,3.099868465108679e-24,1.9773926783249265,0.0759639028423349,0.655370821043591,1.163583945543568,0.6753244025209334,
5BZU J0908-0959,blazar,0.054,90,21,3633.388664750004,-0.0392799783785131,-0.0095347111032313,4.119682070409159,0.5589999999999993,-0.5648234637778926,6.676446534689869e-09,0.7958140812594122,0.0,0.0,0.0003580588512433,0.0004667292293401,0.0050461042841006,0.007534934223635,14.09294659937795,10.811631147299453,0.90526869459908,1.4542253454395528,56979.58533852,0.0309530275737055,1.0862205546321748,0.0002902719807366,6.533915521163586e-08,0.0002902066415814,0.0666666666666666,0.5214754262833756,18.0,0.0778436425462292,-0.0593661679571821,-0.7443685687855133,0.7967059048894141,1.5410744736749271,,3.0,1.6870958198428545,0.1074563498847709,-0.005013357898235,1.5981579346790011,0.9179098273779224,0.1836983175247939,-0.0153576755001199,0.0576143713355668,7.38905609893065,0.0,,,-1.4787540874400595,0.0,0.0,0.0317777716563232,-0.0414010972109528,0.0096759300160062,0.0591495074937212,0.0561190773185211,
5BZU J0909+4253,blazar,0.67,260,21,3633.9530311400017,0.0568079376316976,-0.0113368719673542,-5.010900519586209,0.5289992999999988,-0.4050487654843021,1.0973793640114144e-11,-8.3573457800345,0.0,0.0,7.523197730177668e-05,0.0002351476911772,0.0008842724411292,1.3515969232090337,11.753943749587725,3.760498063756959,0.0077256975829627,1.3887682489306443,56771.15910365,0.5209915020260909,1.2613606550266188,0.0004611476474719,1.2499014735869731e-06,0.0004598977459983,0.0153846153846153,0.0009008661464868,52.0,0.0728833175376639,0.0144458308498633,-0.5604379059348521,0.5177091839873358,1.078147089922188,0.693815284054928,1.0,0.7112075895493973,0.0432307989506324,0.0061331169714552,0.3526337303270996,0.3590414923654371,0.1039663605254026,0.03165930460872,0.6040462884067617,674.3894771836653,8.062390376942274e-14,0.401216807813998,-0.0437873164350085,-1.3502926855167,3.467002685781232e-15,1.310569216981174e-23,0.6732693981284771,0.094869255844935,0.2222087426893726,0.7805998359969303,0.4674250514951678,
5BZU J0921-8209,blazar,1.291,212,13,3474.7759120400005,0.0622179792202408,-0.093912556795028,-0.6625096935230582,2.336998900000001,0.3830432703000289,8.135214222058866e-09,-2.330787401642163,0.0,0.0,0.0002232747681862,0.0037090997561739,0.0080591190567691,0.6834414851131572,36.09507283847195,2.1727965232484214,0.0992494909642255,1.793432502597018,56902.99024722,0.4080314264150537,3.604920820136262,-1.1103207811038789e-05,2.2001637966238485e-08,1.1125209449005028e-05,0.0330188679245283,0.0109857625461989,42.0,0.0738926139888772,0.0247577053279868,-0.2432150869301996,0.3816766568025139,0.6248917437327136,0.3834636708323012,0.0,0.9696156839606188,0.3846282582714828,-0.0308558449625747,9.478945464414757,5.096605589913783,0.4035129897048055,-0.0857868286543682,0.3788186644493254,12.974489976285469,3.4053274889133458e-15,1.5090358034631068,0.3530442859711153,-0.9257610139930884,-7.412089574692236e-17,9.29412339213864e-27,0.6175983942359445,0.1425413903935717,0.2110860337368522,0.5733818125874554,0.2502757802651486,
5BZU J0923-2135,blazar,0.053,178,21,3633.579690120001,-0.0627323830104183,0.0458966493470265,-1.366818360444923,0.2679996000000013,-0.1862925042361181,0.0127823518457761,0.8455969162496922,0.0,0.0,3.1746499076020274e-05,0.0003107091155256,0.0004184631454751,0.1261066547367676,13.181394625332125,1.3468003454628366,0.0416271395911178,1.4301077793972514,56797.27458392,0.0928548571867827,1.2882370077680512,-0.0016111577568191,-4.98796443038365e-07,0.0016106589603761,0.0224719101123595,0.0007206220396929,36.0,0.0878640751597676,0.006941843164179,-0.6839197461301931,0.8555367411408513,1.5394564872710443,0.7606194557937346,4.0,0.8332624474325442,0.0405011828184628,-0.0016332352796517,0.1929764573867753,0.2101058405512065,0.1048631428606956,-0.0038804495180374,0.1527612721044264,156.86345084913123,2.7544956814640928e-15,0.4701525633886798,0.2390894249954651,-1.955543756197053,-5.3301155490040425e-17,2.0460002960302007e-26,0.0952837436389137,-0.0660571993099704,0.0290068312805354,0.1567571835243145,0.1488672208208115,
5BZU J0923+4125,blazar,,252,21,3633.621945200001,0.1271201292550388,0.1693126593642089,0.7508010903165274,1.5900011000000005,-0.2393601030621992,0.0001246711923666,-3.631134866524299,0.0,0.0,0.0006706275076384,0.0033310898818762,0.0119443690975266,0.9658219371991515,17.810735383905183,3.5857240475339855,0.0940228578530453,1.5386687949563953,56964.98093205,0.1557465114965069,0.5306427340261247,-9.034990899861534e-05,2.3472498096864482e-07,9.058463397958398e-05,0.0277777777777777,0.5229075646543385,52.0,-0.1226425396713704,-0.0116631725384305,-0.5191253571238568,0.4819535544756386,1.0010789115994954,,0.0,0.6906120859206331,0.0827024584095648,-0.0046093472659875,-0.6214625451550984,0.7563738208124108,0.1942857822896631,-0.0298059925578183,0.4491058800333847,30.958216052762744,4.378278200031445e-15,-0.4932805023575595,0.2774912865474022,-0.7918310402182998,-6.053325354403077e-18,1.2428308504805091e-26,,,,,,
5BZU J0954+5719,blazar,0.981,268,21,3634.057066909998,0.039009960104517,0.1062478069038986,0.3671601442070387,1.2830000000000013,-0.5945963334935536,5.170897239334941e-27,2.188891320246953,0.0,0.0,0.0008840332910497,0.0029975500305486,0.0096123345666278,0.1239792406621567,10.873272141527856,3.2067303182465614,0.3950611629679558,1.3606785643238322,56772.47819779,0.0182825729800383,0.0009257269382158,-3.371569979478609e-05,4.366372239630924e-09,3.372006616702572e-05,0.0186567164179104,0.0016214892265471,58.0,0.0571329107120837,-0.0183137014245107,-0.5435912054334481,0.644624830945576,1.188216036379024,0.5952531524859341,2.0,0.6928291140062416,0.1622410664628959,-0.0009312555759904,0.7676981870011658,0.8843201710787347,0.4189090385181864,0.0151223690710711,0.0710095658405738,442.3014786423051,0.0,,,-0.3481213644415583,0.0,0.0,0.0257323561400859,0.0772787309670482,0.0086725574457717,0.0999445449804896,0.0504515623324026,
5BZU J1734+0926,blazar,0.735,226,21,3652.1113074800014,-0.0118654211507001,0.4331880200794428,-0.0273909263430787,2.2750006000000003,-0.7760310765620295,9.878345308187994e-47,-1.6998190890392888,0.0,0.0,0.0045785720462808,0.0171075904514607,0.0540059750857279,0.3769656827190162,11.795375179866769,3.1568428783587,0.5763021916476487,1.3900373506391817,56731.22092644,0.2588459252828687,0.2941833604953925,-0.0003156817605868,-8.365096863853667e-09,0.00031567339549,0.0176991150442477,0.0009015623271832,48.0,0.0346914222462918,-0.000199596097229,-0.7109611721650153,0.8647794972811684,1.5757406694461835,0.8005460196604126,3.0,0.8168153421469485,0.2984945177543678,-0.0174880518076003,1.4353060446915136,2.1873217792801505,0.6574873111830732,-0.1253312314298792,1.2073730586188698,7.38905609893065,3.162713435991701e-15,-1.3582144709885056,0.5220336996452539,0.5451161600623696,-2.539347368793633e-16,9.695234252449085e-28,0.3409502964020849,-0.0205865056964647,0.1131046245662661,1.5903445331586228,0.9166250911577078,
5BZU J1804+1755,blazar,0.435,278,21,3652.3163397800017,0.0163134555855811,0.0263252887139693,0.6196876229100781,0.4220009000000004,-0.4830959221535478,1.1587745897628578e-17,-6.999648016005479,0.0,0.0,2.906882328623372e-05,0.0001302750228779,0.0003147872167157,0.0218274301590066,10.829031598116677,2.416328221215436,0.1198696864526609,1.359208083271252,56739.38416956,0.0441282750608619,0.5025614172685337,-0.0001663524934235,4.0087743413860816e-08,0.0001663925811669,0.0215827338129496,0.0016225328678952,59.0,0.0190553363285575,0.0220068204444289,-0.4180833963535187,0.6181301247803257,1.0362135211338444,0.4601460344021855,1.0,0.6552563732813628,0.0343808115794127,0.0047945684314872,-0.0854088433223555,0.2445939713980279,0.0877432757579292,0.0264420385484874,0.0558901976059474,1612.2334940584358,1.25607396694702e-16,-14.035847859165044,-0.005050505050505,-1.9109710446745745,-4.184435725468343e-18,1.6583334503581885e-29,0.0528619162240697,0.0234098087653089,0.0170555326625578,0.0669516979650233,0.0466562355156957,
5BZU J1809-4552,blazar,0.07,99,20,3652.049949269997,-0.1090738496625317,0.0245326159871476,-4.446074960765459,0.8520003000000003,0.0373843512905445,0.7133400853150758,0.0999876782825461,0.0,0.0,5.676764153405793e-05,0.0005154338327581,0.0116450466128354,0.033253767899987,205.13528645916577,22.59270899608531,0.6368176393691747,2.4201079672610644,56742.49044814,0.0826225668651263,2.6986074633275208,5.049526223824392e-05,3.955116619786112e-07,5.009975057626531e-05,0.0707070707070707,0.0090135295550985,20.0,-0.28755914361125,0.0220373340435311,-0.9460173801295044,0.88631420736511,1.8323315874946144,0.8345955741926665,1.0,0.967480719757089,0.0733363444984154,-0.0058238281155502,-2.5262246668142954,0.5969366276766694,0.1486207351148756,-0.0191994861167307,0.1579675442342092,7.38905609893065,2.52480367108881e-16,0.0,0.0,0.2971592487964048,-9.608003724966822e-22,1.428199087253946e-28,0.0854654477216321,-0.1167090191389089,0.0261062809949112,0.1634028983328751,0.1527129890961449,
5BZU J1933+0726,blazar,,82,20,3469.107713810001,0.0635545288154173,0.1461780519857425,0.4347747692082814,0.6070002999999993,-0.3843089134081021,0.0003644605297982,-0.5698739570940452,0.0,0.0,0.0004286116529408,0.0067697306442547,0.0096509918257,0.0735545912974842,22.51686751156736,1.4256094269370818,0.626106601202305,1.623233558101932,56947.59904769,0.0313965160512971,0.0993237659250225,0.0001582229395198,2.3721905122483113e-08,0.0001581992176147,0.073170731707317,0.0016200933059411,18.0,-0.2972382090988518,0.0346838803716924,-0.8277377966450377,0.2625056617806897,1.0902434584257277,0.6244742537236495,0.0,0.8794371000043408,0.083647036655713,-0.0015522809757462,0.691789173503318,0.5126631906072611,0.1853130391024618,0.0117858479885931,0.3102486671365704,7.38905609893065,5.884973898853822e-16,1.1975690187256354,0.0795454545454545,-0.645166184930701,-1.444758904254183e-17,2.7725307544007526e-28,,,,,,
5BZU J1937-3958,blazar,0.965,156,20,3469.594012579997,-0.0589608869651423,0.0184721457214972,-3.191880783861817,0.6709995000000006,-0.2485709614793601,0.0017543746615611,-1.7573576791986296,0.0,0.0,0.0008058541708021,0.0039876775102123,0.0142325358090321,1.9123750494341512,17.661428465653355,3.5691290905580537,0.0619998147688163,1.5356325321575788,56941.14607471,0.5077744486677526,4.781403146007933,0.0005467614947317,1.5160546035472182e-07,0.0005466098892714,0.0384615384615384,0.001620442874738,33.0,-0.017176026369088,-0.0001132073141541,-0.3988898882277437,0.7059329496608453,1.104822837888589,0.6222990235655768,2.0,0.6174142785522226,0.0595156775568502,0.0033139226512334,1.158266288697965,0.4117314090388687,0.1268130747145899,0.0092914568942805,0.477613536002251,16.746414089017936,4.479440263737297e-15,2.644109204479953,0.2701968155115047,-0.7555962897032895,2.293970777214571e-16,1.9114652779662038e-26,0.7117903906800693,-0.1158581428865048,0.2396820806323229,0.6695112884807148,0.3407182129672849,
5BZU J1941-6211,blazar,,272,20,3474.489439240002,0.0076724284478823,-0.0082507434311226,-0.9299075303858276,0.5779990999999995,-0.4970619747359498,2.220915458599884e-18,3.9001797949032193,0.0,0.0,0.0001093252851785,0.000920525368202,0.0011864073924532,0.0566022051165522,10.852085861597365,1.2888372576647382,0.1924469822869312,1.3599751158675075,56936.86760013,0.1455487539885203,0.6738344109471603,-5.012289452499032e-05,4.7812005471403716e-08,5.017070653046172e-05,0.0147058823529411,0.013503913319644,56.0,0.1801162917583152,0.0178937961450471,-0.2478367952227221,0.8003404852343874,1.0481772804571097,0.470316514832228,3.0,0.5617954141862391,0.0428550465903869,0.0004439567905491,0.0506775547158807,0.2958323408804568,0.1028337277977061,-0.0010100616428437,0.0973063430875229,504.4803840745629,6.993523870246153e-16,0.1319043028604039,0.0308441558441558,-1.3247141775366955,-4.5139648913113226e-17,2.683089258947904e-28,,,,,,
5BZU J2008-0418,blazar,0.589,181,21,3649.297123559998,-0.0390867531663333,-0.002518318134639,10.0,0.526000999999999,-0.5003812316908721,7.36050092030764e-13,1.9482900454324423,0.0,0.0,0.0001938709311463,0.0005560945985354,0.0021106727788849,0.0312942658352798,10.886999693649742,3.795528279987382,0.3485792806666132,1.3611336294064502,56774.67262266,0.0761998321407889,0.2461280789679628,-2.819720781793948e-05,4.3747493366219906e-08,2.82409553113057e-05,0.0220994475138121,0.0019819773305923,38.0,0.0184081231153888,0.0094852836190725,-0.6671324737614408,0.6327679198325827,1.2999003935940237,0.739604206792638,1.0,0.7162413031001988,0.0577030933292032,-0.00039026612693,0.3450020079942513,0.3490019117005668,0.1308710514648595,-0.0108725073978331,0.0806659714449338,1019.8558510139268,3.9610669211169717e-16,-1.2833005767165455,0.106145251396648,-1.2588910870370125,-1.99840624726672e-17,8.720469488257017e-29,0.0960541124088601,-0.0621088507813036,0.0314805928951172,0.1016839285738268,0.0639924031301616,
5BZU J2015+3710,blazar,,12,4,3287.62623917,,,,,,,,,,,,,,,,,,,,,,,,,,,,,,,,,,0.6412814921064921,0.0275638026996397,-0.0022882739981742,1.1807958743088252,0.1056114092807829,0.0574713050987303,-0.0072579967657215,,,,,,,,,,,,,,
5BZU J2025+3343,blazar,0.219,64,14,3287.881551819999,,,,1.0120000000000005,-0.2335823539647839,0.0632234541917417,-3.1055965376533874,0.0,0.0,0.0023538712986423,0.0028442260117677,0.0285520293113936,1.3419771339237752,12.12981751199878,10.038593692351954,0.1283316049362854,1.400121485204915,56790.98728727,0.0532587217805965,0.0229498963196352,2.250515141165184e-05,1.6568727142797335e-07,2.233946414022387e-05,0.0625,0.0012610023271735,12.0,0.0944738996165388,-0.0461278730808876,-0.3008158052920305,0.4680192058315573,0.768835011123588,,0.0,0.544940696503104,0.108431828440178,0.0043231959316037,0.6542488063071755,0.5166443341688352,0.2522231986181886,0.0012361772069565,0.6467089361700255,7.38905609893065,1.3136335981433192e-15,-0.5328212267326383,0.285799522673031,0.1932687884427411,1.0092568947107332e-16,2.352369141219284e-28,0.0588020669051007,,0.0184358954518964,0.7140205559092262,0.5857428678500626,
5BZU J2031+1219,blazar,1.215,236,21,3652.258998969999,0.0967691764324943,0.0355143360461032,2.7247919349209457,0.9510002999999988,-0.0839717262616874,0.1986454715620622,0.3999736070056124,0.0,0.0,0.0005608233852029,0.003432990212042,0.0173117189931543,0.3017659476332143,30.868397108690843,5.042752212746264,0.2798617749121906,1.737014666400423,56784.47612641,0.1521270670654581,0.4733567865583851,-2.29708681553168e-05,7.770471703516923e-08,2.304857287235197e-05,0.0296610169491525,0.001802081642705,46.0,-0.1545980301715696,0.0202065207496878,-0.7816637966052817,0.4447032714887567,1.2263670680940386,0.9062343868265298,0.0,0.7251449548558534,0.0911093015193746,0.0003500970835052,0.8536956712682889,0.6819900822179594,0.228070560092826,0.0015926255266823,0.241552046929604,7.38905609893065,5.891509130072236e-16,-3.2892146681210574,0.1363636363636363,-0.8056199955121964,2.4506698187601465e-18,1.7266718627258376e-28,0.2264088285440158,0.2143437257979749,0.0771559545419932,0.3594989177975058,0.1623019944909733,
5BZU J2034+1154,blazar,0.607,194,21,3651.536865009999,-0.1948741936503251,0.0401323781359268,-4.855784847593476,0.8699998999999998,0.7372374392485802,1.5661453253889026e-34,0.0,0.0,0.0,0.0003037777348349,0.0009887167248316,0.0117354337286717,0.3725654681311969,38.63164526003283,11.869358960020808,0.1604206450022394,1.8179278039911744,56784.87100219,0.7468158640919034,20.80215630268318,0.0027570227411808,-4.85350750006183e-07,0.0027575080919309,0.0206185567010309,0.0010811109650796,42.0,0.0715196169006477,-0.0007695990518855,-0.8773687774611683,0.9996944421068856,1.877063219568054,1.3331114709520937,1.0,1.03666920552757,0.1575529819436944,0.0294118807368611,0.1524000143879251,0.8803968581752292,0.4025568724424921,0.1622312471065211,0.3396634701953331,10.239846404114326,4.589487926562853e-15,-2.4338420196887913,0.7001204704815578,-0.9737022997473578,3.305658547601584e-16,4.076792948312571e-26,0.9467198283119213,-0.3131628291960725,0.3107807237760713,0.4305829022233854,0.2679420673449816,
5BZU J2051+1743,blazar,0.195,256,21,3651.95339345,-0.0628126347654578,-0.0309942425163267,2.0265904137637873,1.0130005000000004,0.2644538285728454,1.810011145065427e-05,0.0499925173641341,0.0,0.0,0.0002074833457649,0.0008000542055396,0.0017068059180561,0.2112966741826228,8.226230898377455,2.133362844798126,0.0787556759257846,1.2600578919026242,56791.18784441,0.239346970474052,3.2787489354645256,-0.0010773729152781,-2.805755784630821e-07,0.0010770923396996,0.015625,0.0010811080355928,56.0,0.064210908641823,-0.0032159195142702,-0.4331663098165585,0.7953831654618525,1.228549475278411,0.4874087302269579,4.0,0.8843809938191248,0.096531473728836,0.0106879148223488,4.8102899780148,1.1488180684465406,0.1811308712846329,0.0565838376340532,0.4707824646048736,7.38905609893065,2.009718347115232e-15,0.0881127004373177,0.4268427605745902,-0.7291597742417433,-6.899845696099366e-17,5.2076231645826864e-27,0.2616446671895924,-0.0750610985447221,0.0817213190730261,0.5146408205053596,0.4306617744814723,
5BZU J2156-0037,blazar,0.495,171,21,3649.211972129997,-0.0298874519832318,0.2313700205080794,-0.1291759922811096,1.3089999999999993,-0.0437557253646692,0.5698612343465937,1.79837961665544,0.0,0.0,0.0003547798423018,0.0023172366763705,0.0198068661777155,3.774720263901465,55.828611888941275,8.547623283863752,0.0387022151448263,1.950733195163314,56803.03661123,0.0436626096548076,0.006300708508464,-0.0001622009694195,-4.281206309497408e-07,0.0001617728487886,0.023391812865497,0.0014415917864539,36.0,0.0885925981033185,-0.0213601860649542,-0.7043124672371268,0.78672101299593,1.4910334802330567,0.7682136882907258,3.0,0.6828464358761892,0.1048208552234404,0.0007027413022167,1.1339706689239604,0.883757725733187,0.2193558905031482,0.0154095023828046,0.8431314315698645,205.24490277063745,6.139445330013689e-14,-0.0326340260055136,0.2382650878125404,-0.6368642213656965,-3.3086752706512698e-15,4.7684572667131274e-24,0.0533863569219028,-0.0446817407149316,0.0173371364282974,1.0308984253053588,0.689564164083852,
5BZU J2159-2841,blazar,0.271,157,21,3651.614038300002,0.0863619121796904,0.0311742211798221,2.7702989492994643,0.7490006000000005,0.1958552514368485,0.0139594404656626,-0.1999514873812458,0.0,0.0,0.0001692130967162,0.0010549181529863,0.0077680812282377,0.2390984295081242,45.90709190409628,7.363681437165359,0.1722270882418345,1.8801612847517457,56973.03659219,0.1149240005084709,0.7361091606391232,2.7813741345663012e-05,-1.3732190495607022e-08,2.782747353615862e-05,0.0445859872611464,0.4969491190691386,30.0,-0.0373723148186472,-0.0085973245256539,-0.7120856710809009,0.7001337011589243,1.412219372239825,0.700208341813599,2.0,0.9973830064800396,0.0922484858495673,0.0021903274677106,0.4319207486926452,0.6818079928878686,0.2061287261160175,0.0059611352660635,0.2075317302132357,55.63879249649524,1.3223304919890588e-15,0.2161548499009186,0.2063702720637027,-1.1672138000546637,-1.0226846807291366e-16,1.1017271212904496e-27,0.1295637503696117,0.1097659903803865,0.0409378981141948,0.2339684414757155,0.1840821726795559,
5BZU J2204+0440,blazar,0.027,249,21,3649.242154259998,-0.0958717353468943,0.0136660440169615,-7.015324641710755,0.3879996999999999,0.6682398299136979,1.4086438896247677e-33,0.0499554025223819,0.0,0.0,0.0001761003188037,0.0003805820963262,0.0022599367513014,0.0607630077128244,12.833234793778905,5.9381057784331315,0.2088656925475575,1.4204532407425314,56806.58895063,0.0346133225248571,0.2712648983213966,-0.0006206651397203,-2.169298777497787e-07,0.0006204482098425,0.0160642570281124,0.0010807576454544,52.0,0.0013859611501082,0.004113578949531,-0.5341969800893226,0.8177180142477927,1.3519149943371152,0.548020389418489,2.0,1.171144186964584,0.0743756945879116,0.0026097403853885,0.2272801746133675,0.4253457427549143,0.1888205221790539,0.0098652683728128,0.182204389122276,7.38905609893065,8.611209269944328e-16,-1.6218147102524074,0.4072153574580759,-1.484741666316308,-4.877061439154653e-18,2.2923376189294164e-27,0.0350774901155633,-0.0984602722012604,0.0106212277714725,0.1846477654336443,0.1797933451155252,
5BZU J2209-2453,blazar,0.159,142,21,3652.113977000001,0.063928186858863,-0.0588001175258586,-1.0872118891726572,1.286999699999999,-0.6842884449848488,6.150921997278591e-21,1.9997886253251205,0.0,0.0,5.880504634480005e-05,0.0005239632831937,0.0011734523106871,0.0483531646427309,19.954959032796587,2.2395697295715458,0.177948288510828,1.5796688532849463,56795.07889888,0.0016474376551716,0.0003078091753147,0.0021752997000399,7.386868588431103e-08,0.0021752258313541,0.0492957746478873,0.0016214862149082,27.0,0.1577127845533275,-0.0218107147731851,-0.691654920525256,0.9472040811050356,1.6388590016302915,0.76269420564037,6.0,0.8093305333990075,0.1234992266786693,-0.0056353668975068,8.860586596894803,1.4890718371802432,0.1268251397523845,-0.0226794155153616,0.2962245465569739,7.38905609893065,7.745829307743406e-16,2.97647021058703,0.4008096057559908,0.3077644212920675,-5.825254972036177e-17,4.7027063836609455e-28,0.0017735796878849,0.0740927685694222,0.000550660389322,0.3189060521817726,0.2751562141344026,
5BZU J2209-4710,blazar,0.006,198,21,3652.0840445099966,0.0361540694118816,0.0942848068990782,0.3834559416405304,0.4330000899999993,0.1788088357367349,0.0117195191124859,0.4999430587967141,0.0,0.0,0.0001605954050239,0.0007255161168479,0.0016212782238387,0.0345528176117607,10.095420933751786,2.234655004836847,0.3027970890941732,1.3339072904025264,56786.06707867,0.0295012844640549,0.5399443823186104,0.0190517292273324,8.794184471981276e-06,0.0190429350428604,0.0252525252525252,0.0010811084188829,43.0,-0.1326156651286823,-0.024802661899218,-0.7523484328482591,0.805132635008234,1.557481067856493,,1.0,1.319592019221973,0.0867532018222096,-0.0134225117201496,-0.2338345407229953,0.5081178621488383,0.2108629848496173,-0.0521956639879275,0.2982199318066416,7.38905609893065,1.538370149106851e-15,-0.1048350096690755,0.5094884921449263,-0.9791216233513658,3.159416963361508e-17,1.0522314835418665e-26,0.0295896559584471,0.0363709938283529,0.0089191507294003,0.2991132536233032,0.2973292779555698,
5BZU J2211-1328,blazar,0.392,170,21,3649.23629162,0.0328431395351555,0.0425201401380436,0.7724137180293565,0.2530003,-0.2780068365830591,0.0002419335316335,4.24620239271321,0.0,0.0,5.221817338361501e-05,0.0002460503659403,0.0015384382933552,0.0956471032876423,29.461740313886366,6.252534033930334,0.1032715816875318,1.720192687286796,56802.18357617,0.1176017052988082,2.6179357095407148,0.0001623237995136,5.129224529842921e-07,0.0001618108770606,0.0411764705882352,0.0016214870910311,34.0,0.0419227849488754,0.0224939972315576,-0.8854671636453056,0.6856871522581806,1.5711543159034862,0.9684650136515582,3.0,0.7060840480097257,0.0273566986751378,-0.0003231515225096,-0.102350534649026,0.1657697152609774,0.065284563023222,0.0053601860472086,0.1659157252654889,84.01478983263453,1.9790054008286647e-15,0.7580222928272411,0.4361888606163415,-1.910327582471622,1.77880674673136e-16,8.821759758375371e-27,0.138750078328444,0.0457176502329365,0.0445429601181863,0.195752432483991,0.1406267474741315,
5BZU J2211+2919,blazar,0.149,268,20,3452.0822583700065,0.0223029139920662,-0.0757144100854653,-0.2945663047085884,1.6820001999999992,-0.1705476653921677,0.0051185962535185,2.5991036852888483,0.0,0.0,4.691743561040583e-05,0.0002759326224753,0.0009640550320507,0.1319994092831621,20.547905037013265,3.4938059150398586,0.0608537648832169,1.5902298519306,56818.69175985,0.0448306582434712,0.1682080829336592,0.0003366708413148,-3.56283984575282e-07,0.0003370271252993,0.0186567164179104,0.0014408936345059,57.0,-0.0749601711924468,-0.0409241550146556,-0.6548765493546773,0.5403055222983337,1.195182071653011,0.3426262168075729,1.0,0.8594893440700259,0.1641116353344869,0.0067157639345791,13.483574581691869,2.659622654317882,0.126425872867343,0.0122753312727871,0.6371527959056242,7.38905609893065,2.312677439116502e-15,-1.1648978544935402,0.3348289296599247,-0.4992803882325476,-3.9638282816967394e-18,6.010697800092735e-27,0.0480546180757459,0.025626048176884,0.0148943771989328,0.6829731139983307,0.594406539598199,
5BZU J2250-4206,blazar,1.04,178,21,3651.954424390002,-0.0111154046547971,-0.0863468743059084,0.1287296702300729,0.6929999000000002,0.0889890774342092,0.2375062478476144,0.3499477203385354,0.0,0.0,9.017825898077432e-05,0.000708028869517,0.0058786318020672,0.2517821452634463,65.18901344204826,8.30281369426957,0.1304903142206839,2.0066392342674853,56798.70153095,0.1197021281738413,0.3919897757711714,8.042614948502653e-06,-1.5394859670869165e-07,8.196563545211345e-06,0.0224719101123595,0.0082873266803562,36.0,-0.0305903189666546,-0.0233490109616915,-0.7995380702740632,0.8492117081932233,1.6487497784672869,0.6005378677799329,5.0,0.8307781348410292,0.0882836304062062,-0.0006615414956374,1.36403752469911,0.5849012358012448,0.1724864100536546,-0.0021887452943326,0.2493671626741729,132.93719994481816,4.399785767259928e-15,-1.1829802696935483,0.6242902000145761,-1.1631518957868874,1.6865490187140434e-16,1.4424361338598612e-26,0.1709688362195501,-0.0226754254957861,0.0578009955968971,0.3561675489332816,0.1745919357516086,
5BZU J2254-3209,blazar,0.189,118,21,3649.311935240002,-0.008430387313913,0.0206291237199841,-0.4086643440771195,0.2779999000000011,-0.4986560263733785,9.100564966166091e-09,1.6485598064739233,0.0,0.0,4.533054986929364e-05,0.0001850827415668,0.0008349918897517,0.0602560405320769,18.420069329389143,4.511451895359953,0.0985705196259758,1.5508016470162258,56982.23881598,0.1743452860898595,11.236913432034576,-0.000200662441101,-2.0887830725296157e-07,0.0002004535627937,0.0508474576271186,0.4891705714716129,23.0,-0.0289828419322728,-0.0074804213261233,-0.8438699617535681,0.6161107012373437,1.4599806629909118,0.8150309423308256,3.0,0.7588246692290437,0.03550739708554,0.0007410395389071,0.3175414490735929,0.1969846963616052,0.0858394399068727,0.0187937113785051,0.1148449935712238,653.9581690256259,1.0212251748511746e-15,-0.136361798184576,0.2359208323552966,-2.000751817876588,1.2931396773409186e-16,2.0286344014828895e-27,0.1901083256238575,-0.0100237305162426,0.0593202446414231,0.1252284470877812,0.1053224954480918,
5BZU J2303-1841,blazar,0.129,130,21,3648.417649850002,0.0494560680904582,-0.0059260068846751,-8.345597474473688,0.2319994000000012,-0.7244331108145962,2.0156282694543249e-22,-5.993293880657087,0.0,0.0,1.578851671403399e-05,6.277076441985199e-05,0.0003587171969606,0.0688943301650396,22.720131392817144,5.7147175848715195,0.0417774111933976,1.6264748192567977,56811.13414164,0.2357133661790798,5.727013840884403,-0.0002300445782094,-1.7522535830820872e-06,0.0002282923246264,0.0307692307692307,0.0012610002464189,27.0,-0.0977448157904096,0.0127685413724853,-0.6333912279955232,0.8649724849755125,1.4983637129710357,0.529502077165452,3.0,0.6988857325754093,0.0316002256505551,-0.0058930416338223,-0.2756749910176528,0.1476097399466334,0.0788547530460506,-0.0326168392405543,0.4040796301711439,7376.197955965939,4.6228877841615974e-14,-0.029574280410187,-0.0408212694550492,-2.119504291583164,2.5499225534468727e-16,5.7464708181424276e-24,0.2504558504684787,0.0558359008741273,0.077355389855673,0.4293524337292517,0.3802944497159006,
5BZU J2327+1524,blazar,0.046,221,22,3836.7957051799967,0.0631210575071572,-0.0757144595670273,-0.8336724301819566,0.4259996599999986,0.546296163513242,1.3596338012737842e-18,0.5777515777820666,0.0,0.0,3.4979673342265854e-05,0.0001116910525375,0.0004858001520521,0.0801276314906812,13.888069605758211,4.349499236201465,0.0510191964733092,1.4489435453570696,56644.30891932,0.0367917558256659,0.3294426396516574,0.0011505897745092,-1.5826435014630236e-06,0.0011521724180107,0.0226244343891402,0.0009022612457114,47.0,-0.0482611584761326,-0.0038067675846622,-0.7424655323330915,0.633766013213996,1.3762315455470877,0.7289145925498068,2.0,1.0081707618752076,0.0567965296942273,0.0098301141249264,1.063167351929496,0.4228570670686794,0.1339933235933494,0.0600707099544884,0.1478283720911318,1506.6388858102052,6.646518689688359e-15,-0.273066983673959,0.1148523988914391,-1.8980415230581575,5.3892166899058936e-17,1.4046250466418418e-25,0.0376284523782902,0.0660246261524864,0.0114387640008319,0.1511901983082546,0.1445412985738572,
