source_id,label,z,n_epochs,n_seasons,baseline_days,color_slope_early,color_slope_late,color_asymmetry,color_range,color_flux_corr,color_flux_corr_pval,dust_lag_proxy,is_turnon_color_signal,is_turnoff_color_signal,wavelet_d1,wavelet_d2,wavelet_d3,wavelet_approx_power,wavelet_power_ratio_3_1,wavelet_power_ratio_3_2,wavelet_entropy,wavelet_hurst,break_mjd,break_magnitude,break_significance,pre_break_slope,post_break_slope,slope_change,break_fractional_position,break_duration_yr,n_detected_breaks,mean_season_coherence,coherence_trend,min_season_coherence,max_season_coherence,coherence_drop_amplitude,coherence_recovery,n_coherent_seasons,flux_ratio_mean,flux_ratio_std,flux_ratio_trend,flux_ratio_skewness,flux_ratio_peak_to_trough,flux_ratio_percentile_90_10,flux_ratio_late_minus_early,drw_sigma,drw_tau,drw_residual_rms,drw_residual_skewness,drw_residual_autocorr,drw_fit_quality,drw_residual_trend,drw_chi2_per_dof,z_corrected_amplitude,z_corrected_color_slope,luminosity_change_proxy,z_corrected_drw_sigma,intrinsic_variability_proxy
4FGL J0026.6-4600,blazar,,153,21,3651.4514827200037,0.023390979971676745,0.14993243424183217,0.1560101394335296,0.961000499999999,-0.3192060985255968,5.777766812538437e-05,0.44987081922628386,0.0,0.0,0.00010283017871503104,0.0005629266472253813,0.0008814391003105202,0.0051180974084014015,8.571793832834052,1.5658151965078313,0.7434556776080115,1.274899288159978,56994.59304032,0.030027913470044278,0.06884784723680293,4.318931797920468e-07,-3.952279858725523e-09,4.3584545965077236e-07,0.026143790849673203,0.4930795653114251,31.0,-0.3143782483348258,0.018471677805344873,-0.8640003989885132,0.6605886782275452,1.5245890772160584,0.5862636273639332,1.0,1.9292066272072124,0.25180110066632644,0.011312606070336845,1.654041738603454,1.8155618268178528,0.5289788502619639,0.05692842792542696,0.006737946999085467,8103.083927575384,0.0,,,-1.7160347079187654,0.0,0.0,,,,,
4FGL J0325.2+4705,blazar,,221,21,3634.2402402700027,-0.02609239991847672,-0.04641913444490197,0.5621044043690122,0.5670003000000001,-0.3806459021585443,4.967298993008951e-09,0.9950007502450383,0.0,0.0,1.800349252766695e-05,8.81478418183202e-05,0.00019806852867244306,0.0020730421774537255,11.001671890406179,2.2470036967402396,0.48560825115980916,1.3649127211328769,56706.23915623,0.007680566679703928,0.04211189718055054,0.00029062273430619174,-2.2400560504405647e-08,0.0002906451348666961,0.01809954751131222,0.0009019115674315807,48.0,-0.06330729414611636,-0.0037320992419145097,-0.6318115909084995,0.47902279611711074,1.1108343870256103,0.43566604034268985,0.0,1.8629689032538006,0.10104038889108832,0.0036393357275577615,2.717716213613705,1.1033399600008755,0.20090945108820368,0.010255591718587809,0.006737946999085467,259.52816664258694,0.0,,,-2.3669184907584775,0.0,0.0,,,,,
4FGL J0442.6-0017,blazar,,195,21,3634.3549881200015,-0.004896460978038304,-0.037464905466396727,0.13069460384545933,1.052000099999999,-0.2250318091275995,0.0015622650108979273,-4.7264027908473665,0.0,0.0,0.0009944499705292393,0.008024322042617613,0.012396875408901083,1.6700327831559956,12.46606241019595,1.5449124974690307,0.07836828904795468,1.4099834839008518,56713.14583231,0.21070494166587253,0.3196107563558349,0.0004844569278165482,2.1206177878610047e-07,0.0004842448660377621,0.020512820512820513,0.0014426395345696304,41.0,0.09264955521266023,0.031924400281269236,-0.5431793600249119,0.8744916627374215,1.4176710227623333,0.6711527438618816,5.0,0.6545562144623848,0.07304247443830049,0.006960034623242382,0.4359133017348267,0.6206911265342018,0.14994705898745664,0.03316443398519109,0.5386518097813391,16.649758675891896,7.01374058270438e-15,-1.5965840766049686,0.2488712772235893,-0.7542040455691124,-1.7653386082587044e-16,4.4726744727296044e-26,,,,,
4FGL J0511.4-6804,blazar,,216,17,3654.4623702000026,-0.08156772953983314,0.012057668654022006,-6.764801047391949,1.1149998000000014,-0.26861683153272015,6.369752403424727e-05,-2.7014506227351145,0.0,0.0,0.0001362145641865219,0.0003297826109466304,0.001336223642662914,0.006302002575613031,9.809697229023863,4.051831704453717,0.691748907442881,1.3235521525531517,56805.75195976,0.00953173937015078,0.005769190945770845,-1.490959737607169e-05,-8.434622593332317e-09,1.4901162753478358e-05,0.018518518518518517,0.002161864093085719,46.0,-0.0831101101295719,-0.012105803989660715,-0.8273080891551603,0.46483900828374947,1.2921470974389098,,0.0,2.1764255017547063,0.3062902658882761,0.004204253290333238,1.9644000440572826,2.7289520366878652,0.6517126323317204,0.08141410474540711,0.010462758005371588,174.1445149289321,0.0,,,-1.5075502352841494,0.0,0.0,,,,,
4FGL J0538.8-4405,blazar,,295,21,3638.0145842700003,0.011425806457420529,0.010893459794762979,1.0488684653624438,0.3730001999999981,0.028032995546599805,0.6315597835865135,-6.5738251214735115,0.0,0.0,0.0002700280549256473,0.000862216022133934,0.006578300004856061,5.131701590244336,24.3615426638016,7.6295265088505655,0.012001042321241839,1.6516333970194657,56723.01629459,0.5397682835958041,0.4092455801275822,-0.00013543822587463636,3.5408399188670918e-06,0.00013897906579350344,0.013559322033898305,0.0025244442710425376,67.0,-0.11221501425831834,-0.00988104560696254,-0.7908427823145476,0.680601800750552,1.4714445830650997,0.7232625830948547,2.0,0.6593968003363327,0.034701255524544304,0.0015922020787179397,1.1615804903614142,0.24012908241211295,0.0846780984518205,0.011779922940592602,1.0069892111983227,310.979331747928,1.3442743962094087e-13,0.25264148128456415,0.16821229006249772,-1.363061395938346,2.907074991653669e-15,4.033124416015932e-23,,,,,
4FGL J0602.7-0007,blazar,,13,9,3633.5360054600023,,,,,,,,,,,,,,,,,,,,,,,,,,,,,,,,,,1.8699817665282197,0.5564049924593458,-0.012849627291511177,0.5385076776834306,1.8672210190273075,1.4237535783838515,0.4117764212573707,,,,,,,,,,,,,
4FGL J0639.6+3503,blazar,,175,21,3634.0978337600027,0.13343169048797468,-0.1911110413964507,-0.6981893328244548,1.2589997999999998,-0.3818768976194714,1.8427066095640307e-07,-4.02959513394333,0.0,0.0,0.0002659361256485088,0.0010252654712646168,0.0032247524474054907,0.013352540691841573,12.126041271811436,3.1452853281820023,0.7533163222541739,1.400009183301465,56742.58722508,0.01022008687449636,0.003605493387746142,0.00020103041730120717,-1.202910903691309e-08,0.00020104244641024407,0.022857142857142857,0.0016225342915924413,38.0,-0.007325603457880898,0.012407548267787581,-0.6716234773956204,0.6721989666743542,1.3438224440699746,0.7535320167137276,2.0,2.031335715530652,0.3953688724211922,-0.004351969283213631,1.2770382679703853,2.653949032160587,0.8473112702492922,-0.0031548823269615944,0.023436576252136385,391.1250243349045,0.0,,,-1.287723731931203,0.0,0.0,,,,,
4FGL J0746.5-0710,blazar,,137,20,3442.1553644899977,0.06297365726130406,-0.011448435289279846,-5.500634424712319,0.594999399999999,-0.4149298516290505,4.6241175544292585e-07,1.6020983215969875,0.0,1.0,6.55023137900961e-05,0.0002156462822456367,0.0006851574913582049,0.005854555878174588,10.460050054014278,3.17722838087481,0.5157846633509295,1.3467044630647655,57124.00309708,0.012798983195113025,0.028291532152598085,7.393692277554157e-05,-3.2336694939680727e-09,7.394015644503554e-05,0.0364963503649635,0.45839427479807815,28.0,0.01268312958560363,0.0024905773052993833,-0.8278562470228308,0.7598006326115666,1.5876568796343973,1.3520171631275244,3.0,1.886045348587252,0.16312596555183362,0.00045564739115019014,1.3208645062050295,1.1151660701417987,0.33642957506302396,-0.019826153090547916,0.006737946999085467,7.38905609893065,0.0,,,-1.862129453203815,0.0,0.0,,,,,
4FGL J0825.9-3218,blazar,,121,21,3636.530590909999,-0.007621353517972884,-0.04555630965994628,0.1672952347295523,0.19400029999999902,-0.21802610101456907,0.01628928589764889,1.2943161582978777,0.0,0.0,2.915909496458956e-05,0.000100198621087326,0.00037680525752241395,0.0004650736355776936,12.922391626269947,3.760583226324383,1.059537874611486,1.4229503004696396,56787.20356946,0.012286397226408535,0.6723118636587819,-3.497007973582966e-05,-4.6726723708365236e-08,3.4923353012121295e-05,0.03305785123966942,0.00864849848049077,26.0,-0.10310288180156076,0.10096270059489823,-0.7656679997379309,0.9666918171875564,1.7323598169254872,0.8585866939098378,2.0,1.9113579624295358,0.053401729546801495,0.0019613425788473937,0.6960633111355998,0.3483228830375247,0.12835323613892324,0.01268662839845236,0.006737946999085467,2844.918135530094,0.0,,,-2.5753215124039106,0.0,0.0,,,,,
4FGL J1120.8+4212,blazar,,220,21,3633.559954110002,-0.007191364355446468,-0.02422331324893234,0.29687781690076737,0.5620004000000005,0.11491869239224133,0.08904677279116836,2.288073345503902,0.0,0.0,7.809993853712872e-05,0.00032023823486310323,0.001553258257988511,0.44131295700603035,19.888085281424473,4.850321054892722,0.03095318995330861,1.5784581209260473,56798.40597981,0.3517552149046866,8.850959939197848,0.00012713374418046387,-1.0171614458645502e-07,0.00012723546032505033,0.031818181818181815,0.0016214861601667923,46.0,-0.0817399578565091,-0.016456898416873804,-0.7824891478522207,0.7481036936506507,1.5305928415028713,0.7059208925623157,1.0,0.9461006063143307,0.06643477112633168,-0.0008914226331476009,1.7030018716721527,0.5202072960441367,0.13481318779873985,-0.00939932815651734,0.22460428585727155,424.5808180071898,5.058719973013887e-15,-0.02127784373834759,0.33226030254101757,-1.6771378443722489,2.554356209161724e-16,2.962561162336699e-26,,,,,
4FGL J1136.8-7413,blazar,,322,22,3814.971279850004,-0.03395068829944303,-0.09425746162221624,0.36019098875712713,2.076999599999999,-0.4011939702776225,6.988933994787461e-14,8.408081807746072,0.0,0.0,0.0007969200345118582,0.001453420618260256,0.0028904261377476486,0.0823290711419333,3.626996447505728,1.988705884204933,0.2805774013995479,0.9646938331868455,56701.6017631,0.003142918611041231,0.0027235328053665624,-7.793364775169874e-05,-8.48924876877931e-09,7.792515850292996e-05,0.015527950310559006,0.001983347871323441,72.0,-0.00836983115634359,0.012147803518297473,-0.5068882509906808,0.5568276494191905,1.0637159004098713,0.6185879754286563,1.0,1.9224595795396626,0.2940787614184758,0.0019016982958138325,11.178126148340718,5.479614595817062,0.3357426305778244,-0.0071298315061665285,0.006737946999085467,255.09117288963702,0.0,,,-1.892370652032759,0.0,0.0,,,,,
5BZB J0502+1338,blazar,,215,21,3634.3530945199964,-0.16717706350166783,0.0050252935259993805,-10.0,0.4869994000000002,-0.1284941098895388,0.059983533162667434,2.2388212081232015,0.0,0.0,0.00020390477793658985,0.000983874445083047,0.00965634778988825,0.4647399276308281,47.35714307554887,9.814613875105335,0.11777514017028509,1.8913775362144845,56719.20723825,0.14976633783535215,0.6823017537782032,0.0005587417806967824,-8.436052486882737e-08,0.0005588261412216512,0.018604651162790697,0.00144159340176637,43.0,-0.07827783148501127,-0.007650317916777263,-0.5816728732976999,0.3805743503012724,0.9622472235989723,0.44870509146125803,0.0,0.7222565167122128,0.04618885920185952,-0.0024666801834281322,0.40231223419958195,0.3405376179025045,0.11163773585475834,-0.02443216806496018,0.30500769333686195,50.202869336229924,9.408824091452764e-15,0.9074718669710075,0.7401563923912335,-1.4246235726126713,-5.438561130888735e-16,1.2015814604512716e-25,,,,,
5BZB J0503+6534,blazar,,270,21,3637.3241615699953,-0.015546071384929756,-0.03575214771876061,0.4348290208247293,1.0480003999999994,-0.40464823723300575,4.6371635965815086e-12,-3.286288770206977,0.0,0.0,0.00019378028548231642,0.0008659889470487045,0.0015237226685224487,0.06564157036316365,7.863145917381525,1.7595174533760358,0.19412841410674225,1.2437766569637243,56727.25078749,0.04194494951461676,0.07495486319454378,5.4930754573711954e-06,1.1265204170756853e-08,5.481810253200439e-06,0.018518518518518517,0.008292910390130954,58.0,0.0004165669195010102,0.00963626852532036,-0.5394359971611543,0.45885435931063134,0.9982903564717857,0.5687956557184417,0.0,1.2500139920723465,0.1577017809182023,-0.0027310393541019893,1.0472529048996617,1.385142372696634,0.36715280120104743,-0.04104917725388013,0.04342789984243941,94.03779986970687,0.0,,,-1.1363453127589402,0.0,0.0,,,,,
5BZB J0505+0415,blazar,0.424,173,21,3634.3558956299967,0.08807512347161879,-0.037155737171438726,-2.3704313297630204,0.46100039999999964,-0.05024667797300679,0.5114924617586547,-0.39801296598275115,0.0,0.0,0.00015402093462720445,0.0017884712150838876,0.0019281128524858368,0.030353604615763207,12.518511490883824,1.0780787720518725,0.4470535861044993,1.4114977812419705,56719.07391549,0.05731194310635319,0.36957905994648677,-6.044550096654538e-06,7.923174169389203e-08,6.12378183834843e-06,0.03468208092485549,0.0014419418480438495,36.0,-0.058584297729858056,-0.013615494573283577,-0.6654954905560563,0.5204850299388446,1.1859805204949008,0.5242046014310462,1.0,1.0384623821355838,0.07769938701156157,-0.002389294671145267,0.4001838566354977,0.45202329928605733,0.18127139755524613,-0.0219694605723344,0.07781244458359275,390.9731022952675,3.5731905842753405e-16,1.8943116211855207,0.1364016736401673,-1.448324466876406,2.3774629225765595e-19,1.0408069536219878e-28,0.068391184837077,0.12541897582358516,0.022038311381743562,0.09285473483713344,0.06520697671147012
5BZB J0506-5435,blazar,,494,21,3640.5970680299943,-0.004373468298774184,-0.005087883757200615,0.8595849487686592,2.064999499999999,0.08447934894735057,0.06062153068378226,0.8472299816086228,0.0,0.0,9.566631856994053e-05,0.0004318415684830347,0.0011522908530166307,0.24196995486481104,12.044895823280882,2.6683185094849917,0.046499175605422424,1.3975875029626472,56699.69908678,0.11997217045172723,0.24188038376833118,-1.6503697322359375e-05,2.8330218034482676e-07,1.6786999502704202e-05,0.008097165991902834,0.012984471211486708,106.0,-0.03697837104805157,0.0037170013346723547,-0.42461054455183816,0.4026157101549015,0.8272262547067397,0.40803386684609116,0.0,0.9777480890310212,0.1676938403067526,-0.0070494868842687465,9.52842850528464,3.173316100765832,0.2433561491859335,-0.041267764983934474,0.3231723072362609,857.8292644781482,9.146081695985232e-15,0.05806965450205177,0.01995862608082215,-1.2973901614282948,-5.45404415629212e-17,5.623283348459765e-26,,,,,
5BZB J0515+1527,blazar,,232,21,3634.287523290004,0.04658439444609109,-0.05050090758483324,-0.9224466781678516,0.6179999000000009,0.0028371153018782597,0.9657172157210437,-2.1392794456053412,0.0,0.0,0.00010348764474817823,0.0007197493439528295,0.004321794389959795,0.466246590856999,41.761452381245945,6.004582595685494,0.06562232400250072,1.846024995524968,56722.17102617,0.3923373232974935,3.8797745346938473,0.0006165947213956723,2.972718643858097e-07,0.0006162974495312865,0.017241379310344827,0.0012620479397731977,48.0,0.12552204048892693,-0.001894741070948555,-0.5212648442824167,0.4616913495590577,0.9829561938414744,0.6455458825139627,0.0,0.8026291683633906,0.052844305283454476,-0.004192071921435926,1.0148342134977972,0.4742829007385819,0.11161446316152768,-0.025134484659770973,0.3120400712503046,309.0714161386799,1.041102724890138e-14,0.6713775376541485,0.31393088466203695,-1.4792042137974273,5.096657448978944e-16,1.238261900155768e-25,,,,,
5BZB J0516+7351,blazar,,329,21,3639.760014419997,0.03235707764389395,0.001210078849146712,10.0,1.4429998999999984,-0.20687260611898303,0.00015745530331342324,-4.285001522794246,0.0,0.0,0.0003376578340200651,0.0013716197937109595,0.003063062008156471,0.07940284935496912,9.071496913360386,2.2331713350651574,0.26485324645798924,1.2953351585143535,56730.34726148,0.03569980266279184,0.021980362619879897,-3.209161405808184e-06,2.0821304484112853e-08,3.229982710292297e-06,0.015197568389057751,0.015324468802179265,70.0,-0.0019399612072463547,0.0010716678368819757,-0.5127361840064808,0.6062995851546386,1.1190357691611195,0.5702950565298258,1.0,1.037488845019215,0.16737913590558626,-0.001540096592118595,0.6914773701768337,1.2947152126137647,0.3668838859292891,-0.02232069274676851,0.1310017359136655,7.38905609893065,0.0,,,-0.9389123113960106,0.0,0.0,,,,,
5BZB J0521+2112,blazar,,174,21,3633.725591760005,-0.0008060595770323284,-0.013532387283653302,0.05956521640538791,0.2039995999999995,0.24037028807313868,0.0013991756355152525,0.39794393886488766,0.0,0.0,9.153856075547682e-05,0.00043586910672944025,0.004732576854372393,0.43676128663694985,51.70036281555669,10.85779370560502,0.06898578346955608,1.9230256250277251,56917.90139384,0.4036721070544641,18.204218152158692,-0.0016569509788370758,-2.331333093366755e-07,0.001656717845527739,0.034482758620689655,0.523257273073251,36.0,0.11317645918339944,0.008682419622002733,-0.7429874381652779,0.9500810388479362,1.693068477013214,0.9390657121243462,5.0,0.8344289955422902,0.02770997899242596,0.0033035975172089147,-0.011340670904765947,0.15369871108347888,0.07049546965462339,0.02326383966889345,0.2625346316511423,135.68989509107368,1.2505756326658028e-14,-0.17532653892410494,0.4399900813464896,-2.0002982396563747,-1.0795417706773916e-15,5.088449545338177e-25,,,,,
5BZB J0536-3343,blazar,,263,21,3637.3414777599974,-0.022222378924813154,0.01677566232139691,-1.324679675774655,0.7959995000000006,-0.057899366382085475,0.3496428781064824,-4.979249113976724,0.0,0.0,3.603943576785475e-05,0.00026755409601000223,0.00036204911602681536,0.03909832146597906,10.045914933658002,1.3531809831089245,0.09938459093158154,1.3321342656646884,56724.0059642,0.19339148310523474,3.787442646163473,4.125825852022179e-06,-1.4683915405469637e-07,4.272665006076876e-06,0.019011406844106463,0.0016225331690531187,54.0,0.07126235946927867,-0.004369416505141819,-0.5413046490107323,0.7568374372555442,1.2981420862662765,0.6957208200238063,3.0,0.9953467095202974,0.08608499844023383,0.002052987164172,1.9249944401639936,0.8252740174004011,0.16470222372844912,0.007070398464055105,0.15048513518102985,1962.112297067078,2.5246774277490926e-15,0.4456325093589106,0.013080116008611276,-1.6276626106919792,2.1112832723788006e-16,5.369157130836152e-27,,,,,
5BZB J0537-5718,blazar,,572,21,3637.1119874299984,0.009585736009948727,0.04838796610275465,0.19810165175351369,1.909999899999999,-0.3696276381738939,5.865193992108903e-20,1.0455763413556465,0.0,0.0,9.988051678664348e-05,0.0002904076791369508,0.0008984009038573031,0.10838819923789905,8.994756172333757,3.093585209019383,0.07312563306589456,1.2922710438464518,56713.79385463,0.18666651605249313,1.8517449370346524,-0.00019577886494335784,-5.5063244422132925e-08,0.00019572380169893572,0.006993006993006993,0.0014426395619403785,124.0,0.016443239649228763,-0.0023113302318213524,-0.35663500584977675,0.4179536401302109,0.7745886459799877,0.373519144557189,0.0,0.8665835445375935,0.09082980735898859,0.0013858834622331852,7.799941520704116,1.9627209186809105,0.1557571325624545,0.009556874433847895,0.12618117927181194,541.5981914454408,1.3173814904902171e-15,0.14364291701506268,0.10436005625879044,-1.4254239383222318,7.03907721160273e-18,1.0996997794915475e-27,,,,,
5BZB J0540+5823,blazar,,272,21,3634.1996829599957,0.12078703969616561,-0.03404958444438703,-3.5473866030126247,0.759000799999999,0.20752997738620843,0.0005721475209792845,-1.2934865401363433,0.0,0.0,9.255683464679525e-05,0.00033705974126470377,0.0012486401772005215,0.3028692243326313,13.49052361692051,3.7045070076031936,0.03802640886110148,1.4384686104312752,56731.9905561,0.3045229239094715,3.1092266765154553,7.426544832832562e-05,1.631647455327486e-08,7.424913185377234e-05,0.01838235294117647,0.0010818050923922357,55.0,-0.04082946164066062,0.015438478477649684,-0.5846953622417327,0.45095769389151874,1.0356530561332513,0.572490421685339,0.0,0.960258627449154,0.08650878828917857,-0.000440305254468823,0.8480588008213704,0.6976730188208996,0.18299547226344748,0.004531284282924486,0.21054290168665696,89.59390353647471,2.082963028648268e-15,0.26805975640423585,0.42602390268648826,-1.3926784229757159,7.548209244767514e-17,3.192102695020297e-27,,,,,
5BZB J0543-5532,blazar,0.273,454,21,3639.6888187199947,0.01849384421550702,-0.0008349931353777715,-10.0,1.6270008000000011,-0.005645777715783062,0.9045105040926675,1.2456156121560558,0.0,0.0,0.0014184607545200535,0.0023828871548434993,0.006140385365845619,0.7738713254211685,4.32890747378792,2.5768678767635698,0.07963986576478008,1.0285007412257632,56719.72142821,0.4199661920080956,2.8455889441771003,1.736795290272011e-05,8.042117645265775e-07,1.6563741138193535e-05,0.00881057268722467,0.0014426389869953034,100.0,0.002135812039261854,0.003975776517434717,-0.821624170660894,0.6211372816534027,1.4427614523142966,0.9854033114636496,2.0,0.9338947711953676,0.11693589317995284,-0.002360230286307396,16.575969739284922,2.5020186752784745,0.09466675372394096,-0.025513753331942945,0.39643529634953983,266.0460199191649,1.4346762261578967e-14,-0.3395844776855556,0.08357529042513644,-1.5248081158910867,-6.289686580807462e-16,3.900520439777997e-25,0.47383652232928475,0.02354266368634044,0.14975970709365163,0.44728724770117756,0.35136468790351727
5BZB J0546-2204,blazar,0.247,166,21,3634.354523400005,-0.046605330818344864,-0.11147872749027078,0.4180647901853052,1.8280001000000006,-0.22584545708435605,0.0034365455352531756,-2.2885736902997973,0.0,0.0,0.00023917466015009343,0.0017461578486832022,0.0017994818432829171,0.01898394248897475,7.523714404485586,1.0305378998865362,0.5969513507764602,1.2278612717241755,56731.18565355,0.0645320179519656,0.035126227998167114,3.502153378485145e-05,1.535829539503522e-09,3.5019997955311946e-05,0.024096385542168676,0.002163261300475419,34.0,0.04982278753681548,-0.0010864742264712949,-0.9178721639377023,0.8148331975678029,1.7327053615055052,0.9233556305651031,3.0,1.2263073373854059,0.2541082403341923,0.009756702998395839,2.7580295104585213,2.559255696977404,0.48708876066421625,0.03602387844808641,0.04840674148382533,52.98184489962055,0.0,,,-1.0311503430703994,0.0,0.0,0.07206235863589364,-0.05811684753047604,0.022689655781317486,0.05405539879132448,0.043348355085264224
5BZB J0556-4351,blazar,,379,21,3635.2152069500007,-0.040632797364609057,0.0429253568033892,-0.9465919538122713,1.5939998000000006,-0.04930294972558949,0.3384472531885198,-3.7820171899822044,0.0,0.0,0.00021486411950123093,0.0005680090721176909,0.001841205289462966,0.33231245984899177,8.569161222301041,3.2415068290317084,0.0519435235052675,1.2747884990735332,56732.63030118,0.28559477674771416,2.0978976232378925,6.309508836404131e-05,-1.24320523602021e-07,6.321940888764333e-05,0.010554089709762533,0.0010818050376308187,78.0,-0.02613611086144175,5.733122941245117e-05,-0.44234320671592764,0.36702875734290713,0.8093719640588348,0.4361997161227414,0.0,0.8155811824941707,0.12619912231992148,0.0006180658855547076,7.190119902206353,1.9499169947971393,0.20077806466107484,-0.01296927287284011,0.3002440700551505,29.09030385697196,2.0753747956710674e-15,-0.9346659857423802,0.41061703402399335,-1.0082057705313905,2.239853148761905e-16,2.5665305610483273e-27,,,,,
5BZB J0558-7459,blazar,,682,21,3655.646989820001,-0.01011740997297599,-0.03498080472842732,0.28922747922817305,2.1929990000000004,-0.17620245482724778,3.667680607077526e-06,-4.103532555307873,0.0,0.0,0.00010340540617067887,0.00012925955155164908,0.0005625649356527305,0.323809572262043,5.440382191273347,4.352211689947966,0.019147795062314957,1.110927002025038,56737.43131663,0.22370318228252653,2.9265572454365296,8.553719042957261e-05,1.9104468280550066e-07,8.534614574676712e-05,0.008797653958944282,0.002163261136211089,146.0,0.0012999718910931047,0.012933997376742924,-0.549921947844119,0.46031805267072695,1.010240000514846,0.6091545967385654,0.0,0.7120545265729281,0.060570964911679744,-0.0015488848306332685,5.122003582388671,1.3674342641891841,0.08937391788885596,-0.008188513627633842,0.24460613705371717,14.297484488305997,9.890336306082088e-16,-0.7701821249864715,0.45338771433327796,-1.1054610423402496,7.02665830121828e-17,1.2665040612137383e-27,,,,,
5BZB J0607-2518,blazar,0.275,155,21,3634.0886589900038,0.036420842460630015,0.08270867885244726,0.44035091559865197,1.178999899999999,-0.198215015932021,0.013422298100124018,2.785885898746615,0.0,0.0,0.00047335816549233165,0.0023822837186538858,0.003804283354947821,0.05472807299158407,8.03679670964217,1.5969060794742505,0.43833049043870553,1.2516551474614102,56737.24298406,0.0046086735784904,0.00024975201571766117,-0.0001623333454849258,-1.4194476799923335e-08,0.00016231915100812586,0.025806451612903226,0.0018027755783825877,32.0,0.004484042765742766,-0.00732656717774947,-0.752949942851908,0.5724221568498112,1.325372099701719,0.8327363535686205,2.0,1.1664105051812608,0.18769208342884344,0.009319248871336781,1.382686068766546,1.463012060953544,0.40686803373660185,0.06547823714665402,0.059822804513179895,314.45351903438444,0.0,,,-0.9672952745468979,0.0,0.0,0.005203925152725707,0.04643657413730327,0.0016452107507695306,0.06754945686882481,0.05297996617162731
5BZB J0609-0247,blazar,,212,21,3634.085857940001,0.00791795082377766,-0.010216268982933065,-0.775033511451696,0.4700001999999994,-0.060649047843692,0.3795901488885127,1.2934460274666673,0.0,0.0,5.230943778961433e-05,0.00020105882315811762,0.0015712346947678187,0.17098743109600703,30.037307436756063,7.814800973530816,0.06355203475846256,1.7271708975893616,56737.31289252,0.11859410729531442,0.8902153925573809,-4.151940198320446e-05,4.672117815784285e-07,4.198661376478289e-05,0.02830188679245283,0.0016225329774180407,44.0,0.06555241201781324,-0.02281339187335654,-0.5563405223200438,0.39450526393786745,0.9508457862579113,0.40119696348967293,0.0,0.8547203948479122,0.05055238049284472,0.0008907131085586783,0.6709836145245475,0.3918193401921929,0.11748612400061986,0.009159220259331136,0.22991790099043574,716.4646591926067,6.4818771827358075e-15,0.4262104377049606,0.18978398130353605,-1.7136219022731365,2.2274207479255223e-16,5.487113190863045e-26,,,,,
5BZB J0610-1847,blazar,,156,21,3633.9366144399974,0.016444544830352792,-0.0364125683319969,-0.4516172734759399,0.4440001999999996,-0.18986589616777766,0.017597116938793473,3.3329740337779583,0.0,0.0,0.0003503161022386705,0.0017453545857088165,0.03133477366291746,3.255390005010515,89.4471403775837,17.953242224552707,0.05942701331390253,2.1207408637575775,56928.82647647,0.6216994035780534,9.79517368781921,-0.0010305287534053706,2.3331374221974024e-07,0.0010307620671475904,0.04487179487179487,0.5234424217932908,31.0,-0.08020989879095669,-0.0067701672197506306,-0.896248169773668,0.8929536009281975,1.7892017707018655,0.8079580037662998,2.0,0.7160122689988552,0.04245930982677251,0.0026955425495082215,-0.12543837016144493,0.28920606338407884,0.0955619157585531,0.009653082588208406,0.7476001880161336,112.85635311767372,4.423230050725711e-14,1.1559174940805765,0.36877707514598623,-1.0650315783803825,3.632002285781954e-15,3.5061698009179195e-24,,,,,
5BZB J0612+4122,blazar,,206,21,3634.214469489998,0.024252961079498238,-0.03944721087529111,-0.6148206816489978,0.25300030000000007,0.0980570630238739,0.160855172430839,-0.5472465320245035,0.0,0.0,8.443821291498601e-05,0.0004763368435168672,0.006328547458330389,0.4564176228684852,74.94885508476163,13.285865939573132,0.0820461449530466,2.0569586337285437,56737.25508127,0.023262106418835346,0.020812874047640303,0.0008984244461790686,-7.498267214496951e-07,0.0008991742729005184,0.019417475728155338,0.0014419417111502678,41.0,-0.014239348888631815,0.04399493422893189,-0.8172528414689111,0.7166451622825751,1.5338980037514862,0.9968963058272249,5.0,0.7444830531754644,0.02997342855526465,0.004107074724480044,0.12022456651669958,0.17214933584852887,0.07796709802595836,0.013667060087699912,0.31111196240976985,152.2548708528,2.4943111648904344e-14,-1.5359487788840256,0.8368724699222804,-1.9008099675011585,2.6758731796642486e-15,1.543504897616224e-24,,,,,
5BZB J0613+7107,blazar,0.267,345,21,3634.49257065,-0.05375953206915628,-0.07173740848045566,0.7493932831962096,0.8429994000000018,-0.25320544727193933,1.8991657647690217e-06,-2.43792109461807,0.0,0.0,8.144564212206863e-05,0.0004327842305455699,0.0006323292425037837,0.034880529763744006,7.7638191346351695,1.4610727388232092,0.1691570549604155,1.2391916279515132,56736.27292792,0.04279211996376684,0.142892611062463,5.506177362839683e-05,2.6934776809290573e-08,5.503483885158754e-05,0.011594202898550725,0.0012620476933567824,74.0,-0.19621638674567196,0.031980175967328106,-0.5722109596870097,0.30667843392705785,0.8788893936140676,0.39578376099088186,0.0,1.4329307926001298,0.13510721244669505,-0.0021907622047443063,0.11894520918518738,1.0511966131970971,0.32056520274625644,-0.02112137824331195,0.03723877665014665,242.78721259280223,0.0,,,-1.5734721686931221,0.0,0.0,0.048167278600401056,-0.068113327131621,0.015210524090557216,0.04191637458402355,0.033083168574604235
5BZB J0615-3117,blazar,,187,21,3634.285397110005,0.046882878643317735,0.014285550032596793,3.281839238695066,0.33300020000000075,0.009485397828836381,0.8974810635057102,-0.3980052454056131,0.0,0.0,0.00014290754736025812,0.00040809456556084155,0.002365147264990443,0.23403242769417643,16.5501913098957,5.795586265512875,0.07364870623576897,1.512193997320414,56740.07306681,0.09180685642471874,0.4925884594273238,-1.106577192086975e-05,-4.1322314132269584e-07,1.0652548779547054e-05,0.026737967914438502,0.001983018425743629,37.0,-0.041171446009908096,-0.007105577482238289,-0.991638710925335,0.7453171804201623,1.7369558913454972,1.1299879143465859,3.0,0.7864597705337055,0.041646528059122445,0.002934791771703509,0.556045914192174,0.25000444808151756,0.10089970830854644,0.01149254024207047,0.28797393500453505,445.0528498300769,8.974393877460757e-15,-0.27110584224099926,0.15768280192584713,-1.6202012738780818,-2.8764368221436274e-16,9.960650217926438e-26,,,,,
5BZB J0617+5701,blazar,,251,21,3634.208733979998,0.032917324393913344,-0.00847640499089878,-3.8834062824106543,0.2999993000000014,-0.09275693866992195,0.1428194652410029,-0.845743305649007,0.0,0.0,8.755598038519204e-05,0.00041591873153367455,0.002216801278157607,0.6029641822073027,25.318673185845018,5.329890444350509,0.03129453954848528,1.665532474618394,56737.38967732,0.11262952526758713,0.4080605781824372,0.0006655919438825137,7.214658208314692e-08,0.0006655197973004306,0.01593625498007968,0.0010818047364928277,53.0,0.19632309599544892,-0.00934275510933937,-0.6556636910303942,0.8918021962039558,1.54746588723435,0.792982829549447,3.0,0.7207788402367726,0.029501992174870567,0.0029614999073837582,0.10313068094475891,0.20123470939117405,0.07227828429362027,0.01020907101728763,0.3126673144233549,275.0561247588767,1.8481795690914294e-14,-0.3470760868320411,0.6200055021065813,-1.923668036904695,2.643774940255225e-15,7.114411258467323e-25,,,,,
5BZB J0621+1747,blazar,,150,21,3633.772988079996,-0.1517004395837672,0.022612385504436578,-6.70873223676482,0.7580003000000008,-0.2578147237158568,0.0014466341382987093,2.9348748295238845,0.0,1.0,0.00010082279914129015,0.000664273126232143,0.0012702273056831171,0.04516746692945102,12.59861166227339,1.9122063705569892,0.21259503169259292,1.4137982142166585,56739.62114495,0.08584707260780183,0.27544084900208926,-3.424723108406916e-05,3.4902280252413867e-08,3.4282133364321575e-05,0.02666666666666667,0.001081456153301846,32.0,-0.037363078168252926,-0.007690569313377479,-0.6379242830244483,0.8271977563023246,1.465122039326773,0.6401559224798948,2.0,1.2511795436952817,0.13323474946609853,-0.0039726496729191405,0.23283556540402722,0.8702741838193052,0.2933110522760076,-0.023240632117474735,0.05675578202793092,95.43561217879851,0.0,,,-1.0896138019270742,0.0,0.0,,,,,
5BZB J0625+4440,blazar,,240,21,3634.1681173100005,-0.050689998533645426,-0.02608526699490475,1.9432424649341995,0.6960002000000003,-0.22461439707141637,0.0004541174010683888,-6.8653689279778245,0.0,0.0,0.00028397673930865517,0.0016117882090238597,0.017944276093089878,0.7615868546767843,63.18924596988539,11.133147631613612,0.1273581224192945,1.9954017863407394,56739.29681564,1.002404421872126,21.64140692374099,5.322569635551614e-05,5.5596822675983525e-08,5.3170099532840155e-05,0.020833333333333332,0.0012616988637892262,52.0,0.086998145022314,-0.012986286681546867,-0.7020587344775243,0.655053461787202,1.3571121962647263,0.8693305593832266,4.0,0.7457498514648068,0.050649478278342874,0.0031556513534658583,3.3290580671943495,0.5696687187597176,0.09727552287727137,0.01006316709652888,0.3311682333700062,8.54248952050063,2.278311821580676e-15,0.0671791404198214,0.312238383351473,-1.0322655935558516,-1.9886517099740323e-16,7.174870112369668e-27,,,,,
5BZB J0629-1959,blazar,,188,21,3634.202634940004,-0.07933516298501085,-0.026985467644658062,2.9399217397188866,0.7380008999999994,-0.2588720219063392,0.0003343175652631944,3.8307132496971974,0.0,0.0,0.0006817500978781796,0.0030716201356607424,0.013616339241513228,0.8669802680024861,19.972625253621416,4.43295024635305,0.10890164156971449,1.5799880179534929,56743.56467358,0.06506753350105321,0.0655148182228821,-1.57313329803337e-05,-2.3168268281259605e-08,1.570816471205244e-05,0.031914893617021274,0.001441951457905557,38.0,-0.18009262724670047,0.028603047418681225,-0.918808896041334,0.9352768082430913,1.8540857042844254,1.0268790067036448,2.0,0.6292233436008714,0.06250622950345855,-0.0010035589904194633,0.5590235253581672,0.4566544906378181,0.14266099338884686,-0.008398920980206448,0.41498838987901004,25.95629526256746,4.911110115876853e-15,0.9821985861930859,0.4753073308394633,-0.8330648123578563,1.0182843240881222e-16,1.6933427709556476e-26,,,,,
5BZB J0648+1516,blazar,0.179,154,21,3634.0234708299977,0.026075000869635438,-0.09430529773960937,-0.27649561047601273,0.5469990000000013,-0.04105933878559053,0.6131410330177507,-2.5868476452177944,0.0,0.0,4.797052966809688e-05,0.0005387332952097153,0.0012382697625004,0.06153363370469008,25.813134548538972,2.298483816040902,0.15126890812007981,1.6725083594781245,56936.8434063,0.1990952663601608,7.00889390190838,-5.8608817578153296e-05,-2.8468206136969817e-08,5.858034937201633e-05,0.03896103896103896,0.5244638896372356,31.0,-0.01987791297813993,0.006787575746021633,-0.6145993104559403,0.7677606868021247,1.3823599972580651,0.6984343523376165,2.0,1.0782474555955763,0.08169996767913672,0.005474690586844142,0.8978331455405529,0.576994973553841,0.18800012386394116,0.019440448993268244,0.1050815935941172,16.156427246385817,1.4314291334922663e-16,-12.288471668507537,-0.00657894736842105,-1.6147411732770252,4.105001173289471e-18,1.6946528479339105e-29,0.21618115708266658,0.030742426025300182,0.06734541335412852,0.1140994505121615,0.09677646353872901
5BZB J0650+2502,blazar,0.203,188,21,3634.0323833500006,-0.021653069626964595,-0.040659393776966785,0.5325477734798615,0.23499979999999887,-0.09074331969339323,0.21554243398629758,0.746207881591376,0.0,0.0,6.261748730159574e-05,0.0002234805842507659,0.002117291811591036,0.769880798873716,33.813106673859984,9.474164430056591,0.02240203506736435,1.7698776673841097,56745.28475337,0.3503618307813281,3.6295928903824617,8.780278173037193e-05,-1.0232898322849078e-06,8.882607156265683e-05,0.02127659574468085,0.0010814567008761728,40.0,0.03199938111327778,-0.029389655777526006,-0.6361522246606177,0.758046125531247,1.3941983501918647,0.44435994890978503,3.0,0.9143457845430393,0.034855550285668585,-0.0005942019924004463,0.04850910116930256,0.19485741568957915,0.09150020321138175,-0.011672381993766523,0.3711493027322751,938.9774625088552,3.559463092775737e-14,0.0948215496123309,0.12415180308472086,-1.9120560800817326,3.195627710680053e-16,2.776015358835759e-24,0.38428160923928967,-0.02604864276123841,0.12017918720627961,0.40708159049156317,0.3383886870254058
5BZB J0702-1951,blazar,,167,20,3445.0516515800045,-0.06322965583465584,-0.04979171966066909,1.2698829497267092,0.36400029999999894,0.24993666249555427,0.001124014901242549,-0.18864074751978122,0.0,0.0,0.00011255523734394523,0.0013005283064927674,0.006517349642920384,0.8696933963081915,57.90356574080301,5.011309331270845,0.05620668047564759,1.9638950720491866,56944.80678598,0.14724532817659186,0.5260959358619465,-0.0006658777298374817,2.854111666414714e-07,0.0006661631410041232,0.023952095808383235,0.0007199256947322402,33.0,-0.01671921798910184,-0.010055841103312016,-0.8151526468232749,0.6860807931749366,1.5012334399982117,0.8469469307012252,2.0,0.7517245658768175,0.03292609406371141,9.875117293437335e-05,0.19095040081987227,0.2518464971082245,0.07800500363348628,-0.00632741201451259,0.36962620991795875,77.40187955368573,1.3597290992599502e-14,0.04707436116371399,0.4878038405063479,-1.5427442303168928,1.5750269477426692e-15,3.9872081418932422e-25,,,,,
5BZB J0706+7741,blazar,,384,21,3634.533961870002,-0.05942540488039883,0.016679157915087426,-3.562854023142531,0.8000002000000013,0.22605201060192737,7.702533893255454e-06,0.6468027584436691,0.0,0.0,8.231423896373808e-05,0.0002707466211335177,0.0005873399649923374,0.5250509226562723,7.135338493692933,2.1693344144574143,0.014645295515281516,1.2087454684664138,56740.15889271,0.2975712120358458,1.7816714843646388,0.0002827823035625029,5.768022165841481e-07,0.00028220550134591877,0.010416666666666666,0.0010814565366317635,81.0,0.05838213601381561,0.004545854133043411,-0.47586837766751394,0.5240390172751038,0.9999073949426178,0.7554487006162576,1.0,0.8118703668950955,0.05827715079272653,-0.00569241403507689,3.364601732355776,0.733960481245471,0.11585020210287789,-0.03025164156321758,0.3726099239462076,981.2602727070299,2.1397174864270536e-14,0.2816330338456992,0.15993375912840863,-1.5320097968770683,2.1064099408594655e-16,5.411481275034219e-25,,,,,
5BZB J0707+6110,blazar,,299,21,3634.3195286300033,0.016168734190456297,-0.033471742132723394,-0.4830562486512782,0.42200090000000046,0.08004699517642894,0.16741413885549142,2.885565128823274,0.0,0.0,4.0354516502365244e-05,0.00012285480128106587,0.0005890135861753315,0.17915405431869375,14.595976426698904,4.794387970506783,0.029767844166052607,1.466874705835533,56744.1720753,0.10010147347511093,1.2520306891838193,0.00028908399695649163,-1.838465023168646e-07,0.0002892678434588085,0.016722408026755852,0.0016221848870598896,60.0,0.004430895863709709,0.003965834524457387,-0.5951026558131399,0.3932255162569632,0.9883281720701032,0.6091608793925651,0.0,0.7333398419220503,0.03124091335717823,-0.0001493909005070331,-0.658894060124521,0.261364108695633,0.07532841713270111,0.004872112055825828,0.191641924600208,98.93509815405781,6.408439648292389e-15,2.322956577527598,0.7625823424802768,-1.863466918236383,1.7718089786238398e-16,6.303658552069563e-26,,,,,
5BZB J0708+2241,blazar,,213,21,3633.8126055899993,-0.11727429966272197,-0.023498923153849226,4.990624416911288,0.427000099999999,0.37258991230538113,2.0344437108473783e-08,1.5420696888882954,1.0,0.0,0.00010387467486239752,0.001115687440438233,0.003975123582158869,0.43693808200665063,38.26845714950489,3.562936566745375,0.07109912564430605,1.8145209582513497,56749.23439148,0.8765278077778706,69.0410749888201,0.0020101636380385843,-4.741922351446099e-07,0.002010637830273729,0.018779342723004695,0.0007209709787833416,42.0,-0.07251167525682933,-0.0073220011685197865,-0.7067344729484706,0.5111133382047484,1.217847811153219,0.7228192371000213,2.0,0.8811428842490522,0.05326565455480295,0.005897122217753496,0.7794838069800646,0.36494331709435,0.12475405347967838,0.0336977777306412,0.3227970238680281,406.5573974521125,2.413950648767818e-14,-2.766566209150031,0.7487726582038134,-1.6541881720632836,3.956432734523814e-15,1.1337620528433884e-24,,,,,
5BZB J0710+4732,blazar,1.292,25,6,3112.542619699998,-0.0008662551375675984,0.0296386145405003,-0.0292272480005395,0.26399999999999935,0.03426272143259618,0.870841017432921,1.491293520732374,0.0,0.0,7.833472345130059e-05,0.0016346235565945508,0.000778190085251062,0.006618667880747879,9.934165093474606,0.4760668483184083,0.7914097813478214,1.3280996811566097,56746.67146256,0.01991397846503843,0.14048811008681708,0.0002228884088475023,-4.972248667658795e-09,0.00022289338109616994,0.16,0.0012616992197085548,4.0,,,,,,,,1.4807259940880244,0.08255746228948686,0.004653146423671503,1.7872440966800367,0.3811319139350904,0.16096163859604862,0.028849349439012295,0.05419495134004527,652.8539079547093,0.0,,,-1.9362122173513865,0.0,0.0,0.030148474352732758,-0.0019854567753049353,0.010304683842244707,0.08204764825830604,0.03579740325406024
5BZB J0710+5908,blazar,0.125,246,21,3634.1700351100008,0.022089103496393526,0.0655723069751008,0.3368663467152563,0.6239996000000012,0.20907978199480715,0.0009698702024424485,0.3979926116479125,0.0,0.0,9.360036374806618e-05,0.0005116520113548206,0.0018903053021206023,0.04893872220233084,20.195490767675206,3.6945135687450645,0.22607913311255184,1.5839903252098222,56745.02765832,0.012732664580717565,0.0217308043906724,0.000347313282740841,-1.419610273624976e-07,0.0003474552437682035,0.016260162601626018,0.0014419421218509335,51.0,-0.03625465377565763,-0.02129498959980335,-0.7662303380428774,0.7494899569873601,1.5157202950302375,0.6943566765871363,2.0,1.1801530549230956,0.08662877271527267,0.004988492463694625,0.5042724941884896,0.6943001864189977,0.20183390759389175,0.030935326593241275,0.08236111518494081,426.40588463945204,1.0731900677991189e-15,-0.314657514432508,0.4113342674762573,-1.6183177027356492,1.3676544844175998e-16,1.520915416749222e-27,0.013505030201398737,0.024850241433442718,0.004168151509042274,0.08735715458003696,0.07765080407114398
5BZB J0721+7120,blazar,,377,21,3634.3313737299977,-0.05187938117051489,0.05535229821753659,-0.9372579430510183,0.2820000699999987,0.25190999748764564,7.229292991055249e-07,-0.39801028049062265,0.0,0.0,0.0003896721202016837,0.0013479885586721706,0.008487419535691272,1.7045962662328553,21.78092574217906,6.2963587300439725,0.03974467301903546,1.6112483421135322,56743.51564866,0.8245677063772856,6.603615435111806,-0.0010470272659781285,-2.058123250691658e-05,0.001026446033471212,0.010610079575596816,0.0012617102806382443,83.0,0.016061658722742924,-0.010139928105968404,-0.8611426097743444,0.8903826522055365,1.751525261979881,1.1037776061345912,5.0,0.7759056592411122,0.032930442920969714,0.006335992484257284,-0.10536377003502614,0.19946714634497464,0.080360743384427,0.03829022337375909,0.5715636815020886,81.70501963580219,3.446155159556842e-14,-0.43442948443725654,0.26715113797136264,-1.5099364120775443,-8.729012165469232e-16,4.824868286316674e-24,,,,,
5BZB J0722-0731,blazar,,142,20,3446.836550400003,-0.05235036628238731,0.0463924121157808,-1.1284251862510908,0.562998799999999,0.07427228343478526,0.37970076744455195,-0.23592310406570863,0.0,0.0,6.194992434374429e-05,0.00014223015677656964,0.0006807587760036631,0.10396778533887528,10.988855470386879,4.78631808222467,0.054456459492244584,1.3644923072842272,56950.92002066,0.09231486384373404,0.8959527807630844,-3.5094354375167834e-05,1.1888762305896661e-08,3.510624313747373e-05,0.035211267605633804,0.01476316906228594,32.0,-0.041364300398850716,-0.002967160498157557,-0.9000384011429436,0.741596813361157,1.6416352145041007,1.6416352145041007,1.0,0.9987324411021108,0.07183286159751846,0.0006504030143037557,0.4949373325718526,0.5315749272722777,0.16829140057639025,-0.003787267302255093,0.12937433833533699,621.9520810621426,1.1352722885253054e-15,-0.26021373233741446,0.19906589245140113,-1.4790064477449665,-7.744177106081664e-17,1.1057335793166583e-27,,,,,
5BZB J0724+2621,blazar,,146,20,3442.3296721399965,-0.04114495463507502,-0.036194934926276026,1.1367600112800722,0.3620005000000024,-0.6216212952046412,5.635815543756821e-17,-3.816956925986854,0.0,0.0,6.49564910097182e-05,0.0007889402686388734,0.0010649122524703854,0.008434079598613703,16.394238967077577,1.3498008574943632,0.6289331019137193,1.5087792571342247,56943.74618815,0.010564781350279072,0.007946591699955968,-0.00018116481099219117,-4.463753356023343e-08,0.00018112017345863095,0.0273972602739726,0.0012603054072478088,31.0,-0.17718517010769855,-0.024248287971320125,-0.8232011491725331,0.5283278634961751,1.351529012668708,0.6406071559249219,1.0,0.5794711290632983,0.03143947113909711,-0.001902269544861089,-0.2442954056487334,0.19103856970263555,0.08313660357547259,-0.01035994775574045,0.039737125892987044,2922.3404787267727,0.0,,,-1.6620256638346231,0.0,0.0,,,,,
5BZB J0731+2804,blazar,0.248,206,20,3438.5721894699964,-0.007600231945214099,-0.11752201450742192,0.06467070852273485,0.7790002000000005,-0.2872169163700029,2.841768860325e-05,4.895434739286511,0.0,0.0,0.00021033352700195425,0.00043891581103130576,0.0014055878530345874,0.03663459151798407,6.682661896022244,3.2024087866179074,0.25127478321096597,1.1851057212621723,56947.82290742,0.15255098344457296,1.0510771654522302,-0.00012937206517920082,-3.5619092217106726e-08,0.0001293364460869837,0.019417475728155338,0.0009001682135447016,43.0,-0.022608963510707243,-0.016594203113114697,-0.4073150377504559,0.639586173044198,1.0469012107946538,0.259467483929522,1.0,1.1593874080331799,0.1319988020652728,-0.001082858288299962,0.9091709151539054,0.9024337545163912,0.3258069138605628,-0.014531225254315494,0.06636837197549522,380.0469606202116,1.7763568394002506e-16,-9.849370589540278,-0.01015228426395939,-1.1413678129356855,-9.186335457657708e-18,1.2018292082156658e-29,0.17042068413864309,-0.009485089467627194,0.053666872589309744,0.07414271020639703,0.05940922292179249
5BZB J0733+3515,blazar,0.177,218,20,3442.3245790900037,0.07575854472461244,0.005383543332878422,10.0,0.7070008000000012,-0.2517966600219079,0.0001719115949593925,-6.8328140173586664,0.0,0.0,0.00010926101245324188,0.000382800356753173,0.000955084961065956,0.014779982313176647,8.741315231115658,2.4949949542152416,0.37386321462863614,1.2819625918952708,56944.07331939,0.03952920351964294,0.0819055865025745,0.0007509766358294501,2.7859177961314015e-08,0.0007509487766514888,0.01834862385321101,0.0010804116358707387,48.0,-0.09251631419913486,0.00662254934511848,-0.506283969678253,0.6940704950015176,1.2003544646797706,0.44738742655550373,1.0,1.1927568414150334,0.12161115857535296,-0.0017515803324508886,0.710700623420163,0.7981198615205543,0.28231686995497207,-0.027658509178506874,0.042441324120012135,329.7209041715918,0.0,,,-1.3876755582704305,0.0,0.0,0.042885086972818225,0.08916780714086885,0.013355274602392261,0.04604443586180127,0.03912016640764763
5BZB J0742+3018,blazar,0.495,197,20,3442.3313377500017,0.2124790953028665,-0.0837921585549638,-2.535787345345567,1.3699999999999992,-0.161760320454299,0.023150438507160944,0.5183524259445588,0.0,0.0,0.0004471517770458625,0.0015147016017028005,0.003929958305758726,0.05477025154172914,8.788868788431044,2.594542911122689,0.39787667050289083,1.283919372254685,56949.66357733,0.13003226579618996,0.13805183268272284,-8.617850059102653e-06,1.2698421541687565e-08,8.63054848064434e-06,0.025380710659898477,0.0012603050787191492,42.0,-0.0032960493533284365,0.013908656830941198,-0.6509155361119052,0.5070953972678881,1.1580109333797934,0.6787187993789313,1.0,1.2695156673386447,0.3011541314714836,-0.017575953559334598,1.284200624052291,1.8178626759659866,0.6909380278092333,-0.05632967521112375,0.0866689230015855,249.00806508225878,0.0,,,-0.7853743910746176,0.0,0.0,0.15899070183943473,0.3176562474777854,0.051631983292161156,0.10597025908390931,0.07088311644408649
5BZB J0744+7433,blazar,0.314,399,21,3634.4333698400005,-0.06146136481044027,0.030020105273052655,-2.0473400826349084,1.3050002999999997,-0.2767364442843796,1.9029010117220987e-08,-2.1891179777270366,0.0,0.0,5.404644242805715e-05,0.0002624873835566455,0.0005703988420205716,0.04187335275792174,10.553864525421485,2.17305240396221,0.11781187387038233,1.3499248667596027,56744.70129135,0.2404241944913862,4.801862010627029,7.776114142260983e-05,-1.4135355046849564e-08,7.777527677765668e-05,0.012531328320802004,0.001261699082814973,87.0,-0.020612144083203967,-0.017577133855810258,-0.5922082689843922,0.41386728996115085,1.006075558945543,0.6630387801972504,0.0,1.051812621763357,0.11336685423062381,0.0029286812995783606,1.1221548529221785,1.2637102367926232,0.23632325946060095,0.015034087368127391,0.075891907693635,16.453282360366657,0.0,,,-1.3671434085428558,0.0,0.0,0.27559786717613965,-0.08076023336091852,0.08760176603566637,0.08699477163910652,0.06620606669642809
5BZB J0745+2226,blazar,,170,20,3442.285498190002,-0.06734009031776113,0.014344111498847081,-4.694615649297877,1.4699993000000013,0.0706965356255698,0.3596059544642245,3.769785624301165,0.0,0.0,0.0007221028618034789,0.0028906862097126374,0.005836184350455041,0.25785377456089603,8.0822063601808,2.018961563114889,0.18314670213670997,1.2536872970181352,56951.50628425,0.5029573102072601,3.0547921914678073,0.00039296727867313256,-1.3336699893739572e-07,0.00039310064567206997,0.023529411764705882,0.0009001683230675352,36.0,-0.02201864982026511,0.022215576647179464,-0.8406018245157013,0.6562732377672511,1.4968750622829523,1.0494671758470393,1.0,0.9414870363436334,0.19155781943908523,0.005925873436249213,1.578052452346416,1.3905855058881358,0.41001182902246336,0.007796119274092295,0.34099556939365555,838.6141410537892,4.452371335858839e-15,-0.31979301835723917,0.1511847682483477,-0.6526641876374055,5.437508083195404e-16,4.33430478017821e-27,,,,,
5BZB J0746-1555,blazar,,52,12,3442.1079965700046,0.3237500819296609,-0.01082111823386237,-10.0,0.7230004999999995,0.8353369916310268,1.3572842702813006e-14,-0.047119890439014434,0.0,0.0,0.0009198405927975747,0.007353032788105229,0.06988915149662768,0.11355728528998724,75.97963382773676,9.50480618013568,0.8287567739160309,2.061885213519715,56958.81178795,0.26989377768104666,1.0181628598506374,0.00010195658652892995,-7.100828237173876e-07,0.00010266666935264735,0.09615384615384616,0.0007202738945933045,10.0,0.13117669668353363,0.16121422743410013,-0.5078000397768634,0.7208210247672071,1.2286210645440705,0.7667720837524764,1.0,1.1706995572969885,0.16559471101790854,0.0210244425359479,-0.7135531140485437,0.739495291586005,0.4448972680602563,0.16704284275279324,0.3452048218910122,7.38905609893065,1.5185193800439662e-15,-1.953961536582557,0.30659689829327286,-0.8240118918511187,1.8208281866538631e-16,4.473247871117022e-27,,,,,
5BZB J0749+7451,blazar,0.607,407,21,3634.427385379997,-0.0021850876188024716,-0.09572259453056434,0.022827292025654096,2.6199999,-0.297916236615731,8.703967519851507e-10,-3.4329293578537956,0.0,0.0,0.00021361879009589686,0.0007103307515681625,0.001811671494023088,0.05027862675437579,8.480862028705143,2.550461862270622,0.24562909456050502,1.2710527285816777,56745.03058711,0.046719580562529894,0.04297151442382501,-3.392439513519367e-05,-2.535640248110797e-08,3.389903873271256e-05,0.012285012285012284,0.0014419421492017613,88.0,-0.050871844638481566,0.0037389994236973765,-0.4234471794252805,0.5025730528434962,0.9260202322687767,0.45939643672179004,1.0,1.0625471070275616,0.15909473440781524,0.0010987986419498303,1.2442853939680463,2.162664285319136,0.334897781508661,-0.004192363025212309,0.08013423709454388,412.24787805174503,1.7763568394002506e-16,0.0,0.0,-1.0281062325941912,-4.2056410506017354e-19,7.697279294424197e-30,0.05922524602867872,-0.0035114358034155717,0.019441934431043008,0.10158417199171527,0.06321354822135362
5BZB J0754+4823,blazar,,272,20,3445.388589009999,0.03778015161979074,0.015047805094287664,2.510675236891031,0.34999939999999974,-0.22776385704237262,0.00015125579822535651,1.367779179757563,0.0,0.0,2.2235808815717722e-05,0.00019500907036971334,0.0005592979954462829,0.5226032229686312,25.153030183363708,2.868061426670364,0.012162812956399708,1.6631650773284474,56947.88479419,0.14189946990198068,0.6827221096139926,-0.0005460921568754693,2.5714699953789675e-07,0.0005463493038750072,0.014705882352941176,0.007921610814510462,60.0,0.02378676290157464,-0.004924167220049435,-0.5324441995374359,0.4074626940930825,0.9399068936305184,0.5554848324171175,0.0,0.7375618124427779,0.02758036909685384,0.00022395247762504824,-0.5095069219863962,0.22927046664982997,0.0630730766173404,-0.002676593404768668,0.2842079738310091,249.18845100169614,1.201374176596269e-14,-0.06209427980298958,0.26408475037231854,-1.8747488976777509,-1.0486395535037538e-15,3.295835597151207e-25,,,,,
5BZB J0757+0956,blazar,0.266,170,20,3442.4393272099987,0.09367811086177938,-0.03189703887367877,-2.9368905130275884,0.38700009999999985,-0.25534869416090333,0.0007775514034762103,-3.063087697038329,0.0,0.0,9.190991465118773e-05,0.00041753743529144525,0.008268843485440235,0.6978649020425455,89.96682704858274,19.803837372964328,0.06995030815389852,2.1228303094740824,56956.24274553,0.5325311471916367,25.409958905835666,0.0012659090133634446,-2.7981976664570762e-08,0.0012659369953401092,0.041176470588235294,0.0016204426009509161,33.0,-0.07970960773628452,-0.025988671913084637,-0.786636272539231,0.9008035721068774,1.6874398446461085,0.59408984515981,1.0,0.6977149360079056,0.03258879461683387,-0.001709922712472483,-0.7398711468515714,0.22856505433296315,0.07870246726682184,-0.004693143631396168,0.3296463093912921,109.06160932188074,1.12585978875799e-14,0.2775960815051202,0.3752156804270692,-1.7955421188924694,4.0929664157901927e-16,3.017327654074158e-25,0.5991862892083051,0.11859648835101269,0.18918696504168733,0.3709070350476641,0.292975541111899
5BZB J0800+1645,blazar,0.308,230,20,3442.32548657,0.02515696116214314,0.019124310146226807,1.3154441111752502,0.8850002000000003,-0.4594684262582317,2.057056356478884e-13,-1.1309488251564683,0.0,0.0,0.00037979224912908406,0.0009581173024236126,0.0030555713792762996,0.029171172449584493,8.045375802791579,3.189141213041363,0.4923211205029969,1.2520399529674329,56955.58389907,0.046931741440725816,0.07651066789394592,-0.00029169732467771966,4.997164662988494e-10,0.00029169782439418594,0.021739130434782608,0.0012603050513284805,49.0,-0.022933163482901506,0.017310612022362854,-0.6362381873588565,0.4967699853454701,1.1330081727043266,0.6072003015760881,0.0,1.2120188426976384,0.1575164506839177,0.0010728296715269896,0.5444930920690504,0.9707394718438161,0.3777365472321148,-0.010968183550882138,0.043790683569486975,201.7925326593425,0.0,,,-1.1939536488055658,0.0,0.0,0.053674813161241244,0.03290530520008323,0.017047288858042752,0.05008245350886557,0.03828933754500426
5BZB J0801+4401,blazar,,210,19,3446.919574970001,-0.0007270065206629965,0.012311228256186649,-0.0590523143210882,1.2339992000000013,-0.17478402144135446,0.011170965415335821,-1.69868726487228,0.0,0.0,0.0008882308207530351,0.008406908322495042,0.02523463798876331,0.7841280273614203,28.410000385890214,3.001654950636169,0.20295285962815815,1.707081736516992,56950.3844373,0.5072430918825204,1.6733425512378997,4.8546671128626156e-05,-8.877338160007337e-08,4.8635444510226226e-05,0.01904761904761905,0.0133229694182189,43.0,0.17491406332664275,-0.012103715788039463,-0.6423227577644703,0.7360495905316609,1.3783723482961312,0.8470599136374662,4.0,0.6713751378599039,0.07375202502442862,-0.0030269468358574566,1.0285845082232483,0.7842335741475398,0.15491452069850586,-0.008933734542358795,0.40674023967711725,18.84917693137715,8.820286983590511e-15,-3.9102424515810257,0.8019532667749061,-0.9563816459812746,6.38392835461107e-16,8.440603428286507e-26,,,,,
5BZB J0801+6444,blazar,0.2,277,21,3634.1776853400006,-0.11923757094011897,0.04129877306037176,-2.887194027914921,1.4039994,0.06261297516095399,0.2990864594365682,0.2984950870915812,0.0,0.0,0.0001352243552223626,0.0006080821397507598,0.001906712126364065,0.1118853298826931,14.100360169056174,3.135616060044076,0.12681713448811152,1.4544150274655068,56750.42729251,0.020665512338989746,0.006094570661428754,-0.0001731112344148642,5.6670577313416285e-08,0.0001731679049921776,0.018050541516245487,0.0014419422587245948,58.0,-0.19069998170978375,0.001528352344670227,-0.7266604587443469,0.5047677500840947,1.2314282088284416,0.5528023669850164,1.0,1.1864623310829445,0.2557510724645239,-0.012274532056705395,1.5879447847321637,1.8570239011605025,0.5427953468075477,-0.06742089133074014,0.1467599641033761,504.54469194332984,1.1783018260144472e-15,-0.25035789670672126,0.11143277088032295,-0.8866751720606452,-4.126747955735146e-19,3.6982464514315305e-28,0.02263793454093206,-0.14308508512814275,0.007076340135681251,0.16076748575613506,0.13397290479677923
5BZB J0802+1006,blazar,,223,20,3442.416025600003,-0.023235802832727137,0.056992842598506094,-0.40769685759341645,0.7330007000000016,0.021892832285513433,0.7450816476744108,-0.3769928570130051,0.0,0.0,0.0004204325085860441,0.0012856613176074178,0.009213222742452579,0.3210944849349606,21.913678253672334,7.166135131476158,0.16176529229692735,1.6134399397191717,56957.09743766,0.0025395754015906237,0.0001310599183688798,0.00011784846829067378,1.7499643087396673e-07,0.0001176734718597998,0.017937219730941704,0.0010804113073221585,48.0,0.04738856097353566,0.011943402917153616,-0.4499573253969683,0.8113842680407067,1.261341593437675,0.5862820469301874,1.0,0.8229152274338838,0.08911814190102095,-0.005215372361228555,0.41447441053315826,0.5684904532157772,0.21237535261630225,-0.021101664841387202,0.2841093694087718,54.97934349452987,2.5246774277490926e-15,0.16305307553637913,0.37298246487994424,-1.0860223406049065,3.0406513770670427e-17,3.480654937366223e-27,,,,,
5BZB J0806+5931,blazar,,290,20,3445.4155835400015,0.004835818636463531,0.03826669273530058,0.1263714810661582,0.8059998000000004,-0.12352999255557277,0.03549951308258377,1.5092854027827523,0.0,0.0,6.315330821084564e-05,0.00014801276671639411,0.000511478679640888,0.05810350692402356,8.099000448784864,3.4556389123195617,0.07586422479118471,1.2544359673167005,56944.52906179,0.02477441535899901,0.06915592753262911,-8.175305844698898e-05,-1.9185369619235117e-08,8.173387307736974e-05,0.02413793103448276,0.0016204427378644184,61.0,-0.028134550433142946,-0.011982962547735287,-0.5845273721788289,0.5507467051718175,1.1352740773506462,0.5396809553129175,2.0,1.0075950975189716,0.08080265489586624,-0.0013561195246983623,0.6226811102230435,0.7336078539405642,0.18204054781884305,0.011515034174435446,0.09129825938715995,240.04290944390826,7.215595591812694e-16,-0.11335285927072822,-0.06352474140984754,-1.5192108705372704,-2.2421047026078624e-17,3.878916654126848e-28,,,,,
5BZB J0906-0905,blazar,,164,21,3633.672117770002,0.07971916227744004,-0.011576452153537416,-6.88632071554671,0.5009995000000007,-0.16335703050261308,0.036613283299804615,-4.824999252891036,0.0,0.0,0.00022377054504737112,0.001036898196163997,0.005440098267672238,0.3800885359174509,24.311055962300756,5.246511453632921,0.09733406220537694,1.6508851635066888,56788.59015159,0.020621078750313146,0.01647035657501424,0.00021772270522095067,1.669958214473452e-07,0.00021755570939950333,0.036585365853658534,0.0014412449828795592,31.0,0.14141902356236455,0.008780027913783572,-0.7453596795722005,0.8702614139844638,1.6156210935566642,1.022158763757935,5.0,0.7050082803679867,0.051179184872461814,0.006178907237490093,0.47884348384308895,0.33750904868501597,0.12370915497020152,0.031380070761599876,0.2852862172923588,96.32573520798667,3.522801282334608e-15,0.044317664514861646,0.4568544221694201,-1.2791351153192023,1.0572183167979612e-16,1.0801240109834655e-26,,,,,
5BZB J0908+1609,blazar,,182,21,3633.6446003699966,0.11565718881002209,0.041177930193824736,2.8087178803214026,1.2889996000000004,-0.186326983636436,0.011786797287075003,-1.7409659276242286,0.0,0.0,0.0002565886923624184,0.001798668780618444,0.005435809264320844,0.20013135053344272,21.18491346243009,3.022129098960453,0.1802058486629458,1.6012413326620378,56778.92049471,0.13653627045249261,0.14417484718022533,-8.86920061050365e-05,2.224055755983003e-08,8.871424666259633e-05,0.02197802197802198,0.0012617015468795235,38.0,0.07352243224773745,0.020405039889290467,-0.8695067906451307,0.786758476712387,1.6562652673575178,1.0419766514518838,3.0,0.8455283217453912,0.1708037497392522,0.0032298454584725384,1.4532459196048884,1.1750792905700869,0.40304890223223877,0.017696129330623478,0.17717288234034753,7.38905609893065,0.0,,,-0.6114583724939786,0.0,0.0,,,,,
5BZB J0909+0200,blazar,,201,21,3633.011098670002,-0.009359407140792938,-0.025309340553687654,0.3698005138039538,0.7319995000000006,-0.034454408039327436,0.6272697742665779,-2.0390616707114315,0.0,0.0,0.00019879162117022276,0.0012026557707037898,0.007304958553963602,0.9793853919338026,36.74681294017742,6.074022780113335,0.0549324221431865,1.7998868062939322,56977.28230237,0.5247703176733838,4.666222493920341,3.126238364753864e-06,1.2519945110381851e-08,3.1137184196434824e-06,0.01990049751243781,0.5232719202190214,43.0,-0.10488320988437322,-0.008910045440661594,-0.5880987809463005,0.8849003879832873,1.4729991689295878,0.4060435908113345,2.0,0.7379289446998348,0.059350951808404,0.0025955130469767205,3.109838803563827,0.6046541881491835,0.12081125804489146,0.010064717809938117,0.3779194356939605,9.350534300011303,3.6447795055286734e-15,-0.47615068796997284,0.327928247778422,-0.9013212762085111,-2.5286955838237614e-17,1.1823046270598888e-26,,,,,
5BZB J0909+2311,blazar,0.223,198,21,3633.820074569994,0.018969699311126145,-0.030221957341961394,-0.6276793755111236,0.7380008,-0.014573264873197288,0.8385281865766556,0.5471871433301839,0.0,0.0,9.411965504344571e-05,0.0003134809829367586,0.0010069643007219818,0.09476118580940232,10.698767325043839,3.2122021823343707,0.08778036106930359,1.3548431700475736,56777.07880352,0.033607691605056396,0.07239985329138417,-0.0002632046261329953,1.0054936355679241e-07,0.0002633051754965521,0.020202020202020204,0.0016214909514023117,42.0,-0.1295294858248951,-0.020900102050247893,-0.6054820112274353,0.4936458792208578,1.099127890448293,0.42186318961140035,0.0,0.9027338576592546,0.07667259881899771,-0.006204293143818686,0.6597609205797801,0.6109246540249499,0.17872863032575415,-0.023608485614579622,0.12631789390893505,255.04657812031672,1.2624018355444048e-15,-0.8714083061648875,0.1350396230456201,-1.3743399388442459,-8.568474092330901e-17,1.4576090619145709e-27,0.037166521111481055,0.023199942257507277,0.011659834468011642,0.13969411305886628,0.11422249636865599
5BZB J0909+3106,blazar,0.272,166,21,3633.7382041599994,0.073428012608103,-0.04597290313628949,-1.5972019950626384,0.6289997000000014,-0.430293073481945,7.2031820346730325e-09,-1.5917812803986309,0.0,0.0,0.00015744075786084427,0.0018875853035971097,0.001414607768124773,0.018309675801426117,8.985016195044446,0.7494271992262146,0.5708729997546398,1.291880276285852,56966.62664765,0.01726118185712581,0.02893312409697409,-4.5308989493142573e-07,4.5713131889908265e-08,4.98803026821334e-07,0.03614457831325301,0.5259772700068435,35.0,-0.022428094172721052,0.00294322089979278,-0.5515495600727472,0.5658341934928084,1.1173837535655555,0.711012508789931,1.0,1.1807548110268693,0.12051180787096057,-0.0038229797433823537,0.4729633530210676,0.7061696888316468,0.2968956429541787,-0.01542776788642497,0.038471140364124454,199.14607795478477,0.0,,,-0.9738218790410564,0.0,0.0,0.019467674839622383,0.09340043203750702,0.006152028948413825,0.0433888975573863,0.034110768519957785
5BZB J0910+3329,blazar,,236,21,3633.4213874899942,-0.012587361070581688,0.005369611754844759,-2.344184578936211,0.2740001999999997,0.2303010903693355,0.0003607635683869374,1.6911201529727558,0.0,0.0,2.255435057605673e-05,0.00012208216502765127,0.0009922887496109972,0.5430787091637249,43.99544567995437,8.128040170799776,0.015889973218112086,1.8648205707329424,56774.97466851,0.3022126508648779,7.6669479022034,0.0001180367709006064,7.239135492928577e-08,0.00011796437954567712,0.0211864406779661,0.0018020829568794897,48.0,-0.01715251395172939,-0.001059216766961947,-0.6735348325475379,0.6868626488016178,1.3603974813491557,0.5522581620059144,2.0,0.8579692345502693,0.034506657041892395,0.0036333960582687905,0.022141911913054514,0.21365100112340552,0.08400095685337494,0.02084038294581725,0.2691113739129372,543.7573400540613,1.2927802264117577e-14,-0.16158010982377158,0.3252161315199775,-2.010365370619015,5.59523137227064e-16,2.9181790612439166e-25,,,,,
5BZB J0910+3902,blazar,,265,21,3633.9187779300046,0.032885502230774515,-0.022899325410919418,-1.4360904367555405,0.7040004,0.41503243723976824,1.860067394987395e-12,-0.2487281846632447,0.0,0.0,0.00015339020550030904,0.0005198876325061432,0.002369481517111159,1.0119776815199193,15.447410699628893,4.557680091621491,0.022350055808399664,1.4873232822112237,56772.80368072,0.07041908809139372,0.12692732135000662,-1.253829881407456e-06,-2.571848094682563e-07,9.966450719391997e-07,0.022641509433962263,0.0014416143189542618,59.0,0.03228620326660743,0.013200167182133016,-0.6050755179865462,0.552960845810482,1.1580363637970281,0.6949621175312903,2.0,0.9321610215880711,0.09767026830534856,0.005398471909597416,1.0094882367842763,0.6539680100128726,0.2251245058724749,0.02343108371442526,0.4476083484438282,94.34343430089992,1.2758274145953425e-14,1.203046619879217,0.5416654941013456,-1.2119950988926245,-1.0636813141371951e-15,1.5859493019856093e-25,,,,,
5BZB J0913-2103,blazar,0.198,161,21,3633.522892109999,-0.023118307681053427,-0.05249133559570228,0.44042140324099954,0.25300030000000007,0.23640275223633644,0.002534801527152255,-0.14922065265338805,0.0,0.0,5.117559132839115e-05,0.0003444524404730652,0.0005392403349071156,0.022579179829985946,10.537060938090134,1.5655001096843204,0.2007412389522084,1.3493501538162986,56794.57655109,0.1410588914437916,7.08452093601475,0.0003977069172804777,-1.7074206500830188e-07,0.000397877659345486,0.031055900621118012,0.0012610009582576193,34.0,0.010603982611049334,-0.02045200073120463,-0.9787124968420924,0.8465208620855407,1.825233358927633,1.1711312436856098,2.0,1.0243207009000097,0.04480496979122847,0.00483917340279778,0.4394443083606256,0.24116006449749705,0.10732665034784072,0.025477643349783197,0.09146902826365705,917.6726682813941,8.042188428143946e-16,-0.0776633252801316,-0.001707455890722834,-1.8994654827436983,7.531821310604063e-18,1.0109456775494541e-27,0.1543934513012484,-0.027695732601902005,0.04824604652470169,0.10011576594889655,0.08356908676869496
5BZB J0915+2933,blazar,,208,21,3633.829498179999,-0.024754459520486664,0.024062972264448663,-1.0287365687180559,0.3059997999999986,0.1756185079875201,0.011171330868833047,0.1492332442784394,0.0,0.0,5.645264254241697e-05,0.0003330065651885702,0.003139810257655956,0.2723393273546537,55.61848056409951,9.428673715334456,0.0735016945894502,1.9493731069308153,56776.61936764,0.35027196745813344,17.21365585717433,0.0011779811678437426,7.917157182078096e-08,0.0011779019962719218,0.019230769230769232,0.0014415964407959161,43.0,-0.0710741861837361,0.004717993638355925,-0.8492757619027624,0.5242622969506474,1.3735380588534098,0.8756186234522483,1.0,0.8942099472110768,0.03675976945135217,0.0033737069564114056,-0.060599771243357796,0.2486334744433636,0.09333763497101921,0.01837478079283439,0.18465872340426528,174.93116889340627,4.374673194726864e-15,1.142824214614967,0.46234252386243246,-1.8693051360484823,6.961620999807601e-17,3.430217980281919e-26,,,,,
5BZB J0917+4029,blazar,,242,21,3633.64053687,0.05069997127945544,0.026929375261733328,1.8827013544387774,1.6809996999999992,-0.22747421415265315,0.00036078136368806465,-0.4974182802012321,0.0,0.0,0.0003627590566252147,0.0010105330902485889,0.003432664226354755,0.045151628939283074,9.462656146552293,3.396884531622258,0.39008199399221377,1.310561300530865,56773.52798002,0.10756008427456618,0.14822537881718997,-0.0002501525533371427,-1.7905611935586285e-08,0.00025013464772520713,0.01652892561983471,0.0009008672689863791,49.0,0.06399678988116256,0.013020188336649875,-0.4963852080411816,0.8464145309823956,1.3427997390235773,0.6114173561707968,2.0,1.0104535009655866,0.17892916465465247,0.009164668915814625,2.7247579879891486,1.9693000789582271,0.3454674298636886,0.05752671482806904,0.07562516627857095,173.84840574217858,0.0,,,-1.031502426423038,0.0,0.0,,,,,
5BZB J0925+3127,blazar,,213,21,3633.797789199998,0.012370077913956404,0.0768570701654201,0.16094912136687212,0.8649998000000014,-0.034686234539792665,0.6146819685791425,2.735918937796029,0.0,0.0,0.0001693626997835062,0.0005705747316230807,0.00477183907865338,0.21226939966869604,28.175265607940144,8.36321485305876,0.12984511159006445,1.7040893264806647,56777.9360441,0.15306510752793767,0.33651642737543935,-0.00020776774105534063,-3.7751051070419194e-08,0.00020772999000427022,0.018779342723004695,0.0014412474743347784,46.0,0.038959470788044875,-0.02009661824859515,-0.7107823790059279,0.5927082594782453,1.3034906384841731,,2.0,0.7536271714639867,0.08888574675860084,0.004458895347035081,1.0977507246838591,0.6665669479751967,0.20594748333262625,0.032241441415880256,0.2052263814786858,13.161016694255379,9.729507111180987e-16,-1.927540065323608,0.35465801886792453,-0.9627674867595575,8.75966891220814e-17,4.1147732096237265e-28,,,,,
5BZB J0929+8612,blazar,,542,21,3634.7762872800013,-0.04254321682954682,0.013988968880621585,-3.0411974744243238,0.49899950000000004,0.004959707037412747,0.9082861710372725,2.338596653006982,0.0,0.0,9.422974138925428e-05,0.00028709199581772305,0.0009582588105787136,0.6084322669223574,10.169387990261459,3.3378109498019883,0.017302633992096524,1.336540238636933,56741.01651282,0.5013360337604702,33.11294592492473,-2.339081696893489e-05,-8.738530569135507e-08,2.3303431663243534e-05,0.014760147601476014,0.0016221841204797367,115.0,0.10587521736959271,-0.0017843246161132033,-0.5054561316208539,0.7334703436216723,1.2389264752425262,0.6307485193502453,2.0,0.723436074472858,0.03779871853214783,0.0029460674919604105,0.22550982773702155,0.32969916426619683,0.09011228143028194,0.012786351105819271,0.3036883604980743,161.81847831041392,7.902292658291978e-15,-1.218773496586755,0.48134720843758483,-1.5804231915390852,8.341004533619068e-16,1.047833473675001e-25,,,,,
5BZB J0932+1042,blazar,0.361,220,21,3633.412093729996,-0.10273346629915898,0.08929170320004527,-1.1505376492707209,1.2089995999999985,-0.23642298908454135,0.0004046706022139529,2.238241536178642,0.0,0.0,0.0001029433148330231,0.0010938574131032677,0.0020791536128851006,0.038490246153308,20.19707249626139,1.900753778397679,0.3348207227794213,1.5840185723722229,56789.05468023,0.008684807388666399,0.00242688145323448,0.0002030058766823534,-4.066852862415211e-08,0.00020304654521097754,0.022727272727272728,0.0023424591923339394,49.0,-0.03335408949868212,-0.009562033337559851,-0.6259984748092423,0.6407482134409404,1.2667466882501826,0.5751110906691476,1.0,1.1640918470629271,0.16521976092581586,0.009643777493335219,1.0194350053409584,1.4336351162940306,0.3819372290966202,0.045275200040029606,0.0738214796355176,326.4054913685489,0.0,,,-1.2320820807917165,0.0,0.0,0.010131861716080472,-0.13982024763315537,0.003240266785263111,0.08612154419447254,0.06327813680710695
5BZB J0934-1721,blazar,,187,21,3633.168390220002,0.0640927191855066,0.001165414823473622,10.0,1.684000000000001,-0.23954592784303327,0.0009600300041208698,-6.117449856222591,0.0,0.0,0.0007154213854398974,0.0008396069702588553,0.0037758824315561887,0.09002884562200396,5.277843943617418,4.497202334914944,0.2605407805471598,1.0999871734428015,56798.39413727,0.1631792183370232,0.7492888340753343,0.00027892168250390935,-4.5069851081199294e-10,0.00027892213320242015,0.026737967914438502,0.0009008641478445886,41.0,0.13352315990660948,0.005641777467541098,-0.4272895740218572,0.5862771740765421,1.0135667480983992,0.5760314089872496,1.0,1.21337880242821,0.23091728514646767,-0.0029373918281759524,2.3757045660507297,2.266914816380887,0.442544273758783,0.009384821912134855,0.07864629318279481,571.6462375311024,0.0,,,-1.1225975173538332,0.0,0.0,,,,,
5BZB J0936+1850,blazar,,210,21,3633.5817067099997,0.04606629201504646,0.07493130392898074,0.6147803334465887,0.7629994999999994,-0.1792168719508765,0.00924916914398077,0.6466332948286104,0.0,0.0,0.00040656153856069365,0.002192709964708469,0.0046526277384182834,0.15346190372623927,11.443846221769126,2.1218619020208673,0.22035400879550163,1.3791250279229395,56787.21350133,0.02718152352291843,0.021104068868822774,-3.8755804910348264e-05,-3.395013955093706e-08,3.8721854770797326e-05,0.03333333333333333,0.0019819737166376027,42.0,-0.01300789348872267,0.019381570547008415,-0.5944020099988898,0.7830433290871364,1.3774453390860262,,2.0,0.8462648024373443,0.11358011519381084,0.0012445075244980842,0.708518465342672,0.6121057728910559,0.2782790954710189,0.003164007637452504,0.14298637823182656,8.370306522999822,0.0,,,-0.9333955530495222,0.0,0.0,,,,,
5BZB J0940+2603,blazar,0.498,221,21,3633.688911819998,-0.054320492672551145,-0.0387271848633683,1.4026450118746538,1.0369997000000009,-0.17425184653382272,0.009441545780285701,-4.874764043235589,0.0,0.0,0.00023960732389046596,0.0007483778661919259,0.0038406251072997037,0.24611424970886875,16.028830124685907,5.131933045682594,0.10700518969004257,1.500649307124232,56782.47640983,0.15083483963152425,0.5309120687199606,-0.00012769369760335525,-7.50002358438197e-08,0.00012761869736751142,0.01809954751131222,0.0012610039698765763,45.0,-0.0033850307889924354,-0.006631379991240654,-0.5762497577275831,0.7018559550991879,1.278105712826771,0.5893684439179224,1.0,0.750837917082818,0.08475244793939786,0.0011960071540129892,1.8630509112999631,0.8355348791375723,0.17531750837060778,0.010479706610984074,0.23512940364079563,175.78638197007135,3.053577557507318e-15,0.6926919497705586,0.5955642253990278,-1.009973808723141,1.5867302840385518e-16,3.2581931393664664e-27,0.18461099905560374,-0.08137209802348161,0.05997079102684672,0.2877814848314626,0.19211047051499505
5BZB J0942-0759,blazar,,188,21,3633.5992987800055,-0.018037044426673157,0.06820766828015021,-0.2644430586981713,1.2850009,0.2747466750041827,0.0001357942250510352,-0.3979301080114996,0.0,0.0,0.0016270085188325183,0.004372390474233804,0.02270978549802725,1.3474931770274654,13.958000355379184,5.193906085620794,0.11461301119682069,1.4507550921472832,56796.6850101,0.640108207502617,3.41140517967007,0.0002525469252111428,-1.3235776705733013e-06,0.0002538705028817161,0.02127659574468085,0.0012613494866672637,42.0,-0.03430700841002139,-0.012791761826843323,-0.8825359532951069,0.9215868522786438,1.8041228055737508,0.6122954113458203,4.0,0.7447390852119846,0.12232449798736994,0.013670738050841479,4.834974508560723,1.265212353681521,0.19381901311893746,0.06554798554269103,1.0189901737918887,108.23620971350535,8.956979945632819e-14,-0.8866577254437698,0.5677212195993767,-0.8771611703533068,8.910261644438179e-16,1.4832764467648002e-23,,,,,
5BZB J0945+5757,blazar,0.229,277,21,3633.441514459999,-0.04780959945301519,0.010223249206395684,-4.676556199285978,0.6530000000000005,0.29371747608503784,6.473596390859474e-07,0.5968692426217657,0.0,0.0,6.562869312561841e-05,0.0002445657275680089,0.000610773400126761,0.10020735309439736,9.306499363794948,2.4973793495228707,0.05925746508085548,1.3045596507476631,56771.03036494,0.5252587445415089,30.922467646143723,-0.00012668696664540008,-2.170142701198689e-07,0.0001264699523752802,0.018050541516245487,0.0009008675427735425,57.0,-0.0010926412942376118,0.0212924624405216,-0.5478453794741214,0.5875499465700571,1.1353953260441785,0.7832423337865891,1.0,1.055326117333889,0.09083319574513063,0.012247862964351377,0.877339706849774,0.6861853239452148,0.2189728723564065,0.058571013650934534,0.24180484097318541,1264.9946877393354,7.896300776228625e-15,0.08344881945464039,0.31831610290297224,-1.4203469276657887,-4.433718869570717e-16,5.664551373886965e-26,0.5823032750840312,-0.058757997727755674,0.18284785753218835,0.268065505416316,0.21811676600188443
5BZB J0950+0615,blazar,,163,21,3633.5425010699983,0.029486473099728384,-0.050993280532633384,-0.5782423251012137,0.7709998999999979,-0.16085485637020264,0.04024460076673811,-2.785467215057083,0.0,0.0,0.0003469069907226717,0.0015025414257953936,0.003979348565403443,0.17673240402119347,11.470937918093789,2.6484118803237,0.16622004886156133,1.379977863247729,56793.85798418,0.2005218315636173,1.8040910366744574,-2.2049310235965808e-05,-3.756542750071886e-08,2.201174480846509e-05,0.04294478527607362,0.001441243805618661,33.0,-0.20827881705817883,-0.01582946898928501,-0.7835942349814466,0.6319627443139936,1.4155569792954403,0.6227015604560319,1.0,0.7261451147110213,0.07195460179284928,0.0006693152276772423,0.2157961123953754,0.4942463002021936,0.1762232314150164,0.007611769309340266,0.2000813919576852,15.84908319492442,5.736683248736737e-16,0.9046833261414582,0.2813308687615526,-1.0668731645893206,-1.0865539409595834e-17,1.6023758386725827e-28,,,,,
5BZB J0950+4553,blazar,0.399,303,21,3640.880837320001,0.0492681411245377,0.11575209341189185,0.4256349900232224,1.0620001999999982,-0.14857954896178097,0.009597313118944012,-2.4422061742461336,0.0,0.0,0.00014631339497701786,0.0004475200472273525,0.0014305325890429015,0.11763559940893502,9.777181231359036,3.1965776610663745,0.09879557233824393,1.322354649018672,56777.34659553,0.0003461079200816847,3.36866917649963e-06,-8.768625147606493e-05,-8.867182740687558e-08,8.759757964865806e-05,0.019801980198019802,0.0016218393702891226,61.0,0.07233707277451025,-0.014797130881975748,-0.39730626473914704,0.6271711344666482,1.0244773992057952,0.47878276464312985,3.0,0.8604198113450671,0.10267374425273197,-1.2809027839847419e-05,1.8725942694877384,0.9508327136535881,0.2026555842489267,0.015832929350844238,0.16509785422203432,9.50152286612317,1.7763568394002506e-16,9.849370589540278,-0.010152284263959394,-1.0280309819900542,-8.210403742324613e-18,1.6101624024779323e-29,0.0004093741303358512,0.06892612943322825,0.00013153147869227275,0.19527663647948112,0.1395830139238607
5BZB J0952+7502,blazar,0.179,386,20,3447.25472859,-0.03255501567373779,0.02116257536682842,-1.5383295799039,2.351000899999999,-0.3241348795556497,6.819810438625964e-11,-0.5190937989663245,0.0,0.0,0.0001444346623976764,0.0006019588101452955,0.0009683976904703777,0.020583179408235532,6.704745714704638,1.6087441076373488,0.34024442043470526,1.1862956546915608,56949.98370483,0.017468931563741928,0.010360580062213428,-1.9433575607196135e-05,2.2037975031114767e-08,1.945561358222725e-05,0.010362694300518135,0.01242245223819314,84.0,-0.03275535782047305,0.007211631679828889,-0.3306560768468203,0.4856579929646274,0.8163140698114477,0.34162130574349936,0.0,1.2903328808125625,0.16691219578906977,-0.006446523708792399,-0.007380472307311205,1.7155858394477232,0.3883794169558048,-0.03271803022288777,0.04116022070072272,455.98082225474576,0.0,,,-1.211811230250331,0.0,0.0,0.01896807446750687,-0.03838236347933685,0.005908992406112737,0.04469249470132393,0.03790712018772174
5BZB J0953-0840,blazar,,178,21,3633.5297774900027,0.027581668915942485,-0.061028400285234825,-0.45194808952932,0.3150005,-0.05991953924835794,0.4268995197635958,-6.416500223082962,0.0,0.0,0.00011313213765252885,0.0004291574672377476,0.004945712475320677,0.3605912189548658,43.71624663183299,11.524237235412192,0.08343893507850962,1.8625244088248267,56799.38291492,0.34649804156351655,10.84539442341853,0.0001742471521133628,-1.1491360162241765e-07,0.00017436206571498522,0.02247191011235955,0.0010807584668159063,35.0,0.0356357396075636,-0.01721755504751907,-0.8033383214656215,0.8655794087297365,1.668917730195358,0.9056243280986711,5.0,0.84197529424731,0.037895583349888316,-0.0014754354871174993,0.6180520086657387,0.2466241059711809,0.0879363945037861,-0.005671243256709535,0.25374603057130357,75.97309753101457,4.1467330529807114e-15,-0.6195471606183237,0.05280424111413752,-1.6030201146456926,-2.278776665444889e-16,2.9485163592070495e-26,,,,,
5BZB J0955+0833,blazar,,208,21,3633.664363879994,0.04196700950766939,-0.07642097848299587,-0.5491556159151679,1.4459990999999999,0.03128115694900112,0.6537676149524723,-0.646648004523476,0.0,0.0,0.0002518815299658038,0.0012912812394305024,0.0059126803565453965,0.49424329974212367,23.474052797257773,4.578925311866343,0.08624766456432811,1.6382487599803028,56794.12170074,0.2402072556970104,0.7954093480236278,7.354620727421678e-05,1.3074182358959904e-08,7.353313309185782e-05,0.02403846153846154,0.0014415926351662965,42.0,0.02791833614931174,-0.006358998008060981,-0.5591055463067877,0.6956891787509911,1.2547947250577787,0.5782100388814868,2.0,0.9591514912271013,0.2146175301568901,0.005038824285853964,3.1312950304770304,1.683470435354944,0.3431470169564276,0.07063800937986386,0.2681114243976305,194.36460309594966,2.8030438127152557e-15,0.47197517986102316,0.22815564121555792,-0.7967511211477024,3.3090010867154733e-16,2.229853712014017e-27,,,,,
5BZB J1001+2911,blazar,0.558,211,21,3633.5404504100006,-0.20860915015830866,0.06999247269628431,-2.9804512131399967,0.7609997000000011,0.03713152802586597,0.5917183595610443,-4.227938922448324,0.0,0.0,0.0011150374635009194,0.002747224611660096,0.020830528841158408,2.4813957279100896,18.68146094129847,7.582390149376436,0.06052474675443768,1.555883844277687,56788.59753728,0.02332833582846864,0.003268994722758316,0.0013667648182734728,1.2769148054555966e-06,0.001365487903468017,0.018957345971563982,0.0010807594798124746,46.0,0.1447554354813858,0.00449891853344932,-0.8311950108613282,0.786003473169157,1.6171984840304852,0.9873994337799942,6.0,0.7390529282038845,0.0656398695388283,-0.0018580282396912513,1.856088772168597,0.5536566778495463,0.11827983689191157,-0.009696901611979336,0.8351790557657277,73.66830320818008,6.908098502264065e-14,2.1849830094125164,0.7010584416334487,-0.9997726293395615,1.060102987073578e-14,7.429036020630825e-24,0.029118398503956526,-0.3250130559466449,0.009515640785061145,1.0424694134532693,0.6691074540778364
5BZB J1011+0106,blazar,,200,21,3633.257153159997,0.027923756866866906,-0.053553013698645895,-0.5214226975908355,2.1139993000000015,-0.3266776531168286,2.345310384775288e-06,-3.9291898028698116,0.0,0.0,0.0007608345466377081,0.00415130493680503,0.010466723539252985,0.1460747045333707,13.756898358192059,2.521309249998672,0.38730896104859003,1.4455208326243243,56800.10873594,0.12147904111625263,0.04743092410067915,0.0001151989403799454,-9.372880702669277e-12,0.0001151989497528261,0.02,0.0012610022450214307,44.0,-0.06992521576518972,-0.004960526330568644,-0.41213835487119765,0.3917229958428929,0.8038613507140906,0.3969988615059304,0.0,0.7913308660781085,0.21022238892459824,0.00203919049928233,1.892327819674419,1.712628029082791,0.4133238520421302,0.016296017626335813,0.10821171492357565,98.30022357721406,2.1755839288168293e-16,-2.6058287220290985,-0.3355704697986575,-0.32612539549059094,7.975001189199099e-19,5.0426798219861885e-30,,,,,
5BZB J1736+2033,blazar,,300,21,3652.3804990999997,0.06845200275691368,0.054100101455344135,1.2652841846039058,2.1779995999999997,0.07061031929102983,0.22268347905416405,6.849775884691306,0.0,0.0,0.0001432662069658057,0.0008123707125348772,0.0018669064426364921,0.11627537990721094,13.031031316764377,2.298096683610125,0.1306667633297455,1.4259698408758588,56730.82388703,0.33829960923220653,1.7083008554042696,0.00014897588383443457,-9.378540926167839e-08,0.00014906966924369626,0.013333333333333334,0.0012620475564632007,66.0,-0.0494385367970732,-0.012219145502815068,-0.6270409371944758,0.4061140721583667,1.0331550093528425,0.45391079205842155,0.0,0.9968055940296051,0.23685373971896906,0.0071952889426097405,5.603756687339909,3.210563388872327,0.38279757038133977,0.0466943998206194,0.20574306823231728,319.92262560429293,1.6473255640462454e-15,0.060237328762479204,0.22210630041440044,-0.9611426420901488,1.787869355938569e-16,7.109274997380962e-28,,,,,
5BZB J1745-0753,blazar,,142,21,3651.77857966,0.005121129052095263,-0.0628541196013697,-0.08147642643909796,0.4630003000000009,-0.4636659722908424,6.2054355112195625e-09,-6.698676655365367,0.0,0.0,0.0012140032445058123,0.004587428481578033,0.0339035102676552,1.5715317118630054,27.927034291847683,7.390526173086448,0.12769063179056483,1.7008976174625843,56734.64809683,0.571459170558902,2.1219381218738436,0.0012792678354150155,5.64724077477711e-07,0.0012787031113375379,0.028169014084507043,0.001261699000682808,30.0,0.01458221580544559,-0.019355115006736427,-0.7978413341743421,0.9700720832600669,1.7679134174344089,0.31692294463557175,4.0,0.6945744934424483,0.03814047609074785,0.0004261360330280325,-0.6266628573958422,0.2695685937308947,0.0966372106465746,-0.0008881354412039189,0.5738550599616311,21.58788336845881,1.567914933239706e-14,-0.9419910683537667,0.7050560750171857,-0.8822345402515559,-3.937047281859395e-16,5.378807785968933e-25,,,,,
5BZB J1754+3212,blazar,,365,21,3652.5230003100005,-0.03580436168485807,-0.03656573125941195,0.9791780569311629,1.8319997499999978,0.09113073042454109,0.08208794320660076,0.8000050377133472,0.0,0.0,2.6138639878177374e-05,0.00011469659446340897,0.00054461065615114,0.6448562091015262,20.83546190061567,4.748272204163934,0.008976274494081305,1.5952422952466399,56735.82597176,0.22113103756277225,1.7286885166016237,0.00015638041045562117,-3.663715418314168e-07,0.00015674678199745258,0.0136986301369863,0.001261699383992805,79.0,0.07634482515390326,0.012483049721660238,-0.4987906848144584,0.6026596698471859,1.1014503546616443,0.6054057999666964,1.0,0.8556575384987399,0.05550055347740695,0.0023283644141603166,-4.98893426307677,0.8242855581068511,0.09660277988749999,0.00830750536981828,0.3413743738399781,45.79801750614441,6.3004349652005225e-15,-0.40982427684215644,0.16026440419279023,-1.203772084588454,2.1464463997107173e-16,6.799262877366587e-26,,,,,
5BZB J1800+7828,blazar,0.68,623,21,3636.556078200003,-0.07982008296861395,-0.00911463610479883,8.757352685379168,1.433000700000001,-0.4214897091890693,3.1752752472980336e-28,2.4890869802874764,0.0,0.0,0.00022394747698665075,0.0009430039381128165,0.005452274639655488,1.1692804299938817,24.34622032216184,5.781815338740811,0.037877633737312594,1.6514064776890593,56733.24954532,0.5341272515509233,3.460848999689407,0.0007801225663907034,-5.463005019582058e-08,0.0007801771964408992,0.006420545746388443,0.0012620479397731977,144.0,-0.0070796811054440415,0.023223441169946315,-0.93499960522807,0.8143539574162022,1.7493535626442722,1.064774993590333,6.0,0.7035014825488974,0.05140505559799586,0.0031727919264253395,8.798054262145818,1.1790322835920437,0.08533383914776782,0.02408532798732832,0.4659875413995127,73.92598982902554,1.6311560505143056e-14,0.27744531873312334,0.4954229446654675,-1.381383080149614,1.0017002538547762e-15,7.7034975083216525e-25,0.6923080434509604,-0.13409773938727146,0.22867846082791765,0.603988884899768,0.359517193392719
5BZB J1806+6949,blazar,0.046,1571,20,3648.388935450006,-0.0015142421945312046,0.01132213436838673,-0.1337417615144384,0.9129991900000007,0.2626761924756332,3.3300888379051405e-26,3.496060581540047,0.0,0.0,0.0002579048285826237,0.00043239310566452676,0.0019192926439525002,0.3869981516917781,7.441863911810251,4.4387679044143225,0.04524586850778205,1.2239160022800704,56716.85403464,0.0697948552955758,0.2665652103734653,0.0005787128011274954,1.5409300442368805e-06,0.0005771718710832585,0.003182686187141948,0.0021636098288850634,333.0,0.17932480431155753,0.024622572905996194,-0.5046595538172194,0.8094032208723002,1.3140627746895195,0.9114347931807196,4.0,0.8148473117492804,0.034037438792273896,-0.0033461815489351796,0.3640715716579998,0.6388423370618317,0.07139462937830521,-0.023892271444852287,0.2718365440162605,91.46524989491056,5.7847627090033106e-15,-1.3582527586036006,0.270140293461532,-1.5411896035373196,-5.117336503992312e-16,1.2923548300096684e-25,0.07138208899796897,-0.00158389733547964,0.02169961341288771,0.27801849141592855,0.26579205680299095
5BZB J1809+2910,blazar,,327,21,3653.2583885400018,-0.06691146768553768,-0.020598260079127205,3.2484038665644848,0.6539993000000024,0.25004169583719493,4.71387109522219e-06,-1.5503218349724852,0.0,0.0,7.187388609864297e-05,0.00016749985930501315,0.0006377197122857573,0.8581734405182452,8.872759468407796,3.807285039668005,0.008820827955204266,1.287345715317716,56743.79337212,0.11816607695216369,0.2798932954566469,-3.3778975633304974e-05,7.905339885156445e-07,3.456950962182062e-05,0.012232415902140673,0.010995860725539576,69.0,-0.05721447132099393,-0.029719654177553657,-0.6789922751306547,0.7237657604348451,1.4027580355654998,,2.0,0.7926322891579081,0.04991850654720202,-0.005054729790897604,0.4375824348500576,0.47481623110673743,0.1150542730575983,-0.020473926785147478,0.44891578727994735,484.9304621319301,2.6570937750758837e-14,0.3528635367954207,0.13099647246955387,-1.518404194896741,1.4203583533690293e-15,1.019388906462642e-24,,,,,
5BZB J1811+0341,blazar,,161,21,3649.2511945000006,-0.03737137572003068,-0.08494525123563262,0.4399466147479499,0.37099929999999937,0.38292217304235765,5.350523399079227e-07,0.04995552627652294,0.0,0.0,8.656535736112443e-05,0.0004863207583665614,0.004677515997598958,0.38977961684406054,54.03450163153925,9.618170533562003,0.07582559173797705,1.9389522433878283,56743.79808365,0.50482691035762,8.090291173644733,-8.515875516543652e-05,5.740460814472779e-07,8.57328012468838e-05,0.037267080745341616,0.001081466529763627,34.0,-0.035473050625944934,0.016061119786044176,-0.6124946409102228,0.7531670604900326,1.3656617014002554,0.6873305868753952,1.0,0.9293882574120876,0.04832228470423608,-0.00268788017341026,0.24634209034253932,0.3218741652499143,0.12367536472685625,-0.008327093818838782,0.3513077085349602,145.45652372863907,9.017558986834681e-15,0.10712307368832538,0.4817229477675509,-1.3908359115727282,-2.162017399085274e-16,1.2064793458060618e-25,,,,,
5BZB J1813+0615,blazar,,210,21,3649.367833190001,0.005133149589993701,-0.005523629695234896,-0.9293073347081805,0.8429994999999995,-0.16888701259071714,0.014268756252705118,0.749356844597536,0.0,0.0,0.00030859281752892824,0.0014682760570429768,0.012737810185259255,1.1601223400352378,41.27707911668457,8.675351011469273,0.07186161730750215,1.8418172450440926,56744.32424361,0.03318727590285059,0.020554470139605235,0.0007394068629977967,-2.2443548989158457e-09,0.0007394091073526955,0.01904761904761905,0.001081456563982591,43.0,0.0306269998393901,0.004556628169694725,-0.9353323647899319,0.7384001659102368,1.6737325307001687,0.9249522463902629,2.0,0.7114708014080442,0.04972169331504364,-0.0009213925700978255,-0.6463356087371095,0.4858299316556919,0.10645029565984054,-0.0015773844248045954,0.48527313210894335,36.72813539710843,8.948149634417873e-15,1.193129753518991,0.30212273827938035,-1.000822096564546,1.7683128172684938e-16,1.2548950852521599e-25,,,,,
5BZB J1813+3144,blazar,0.117,313,21,3662.1297753499966,0.08680877108267884,0.04379541873274188,1.9821427353491603,0.24899950000000004,-0.12478386991833126,0.027282356427021415,-3.7598868330082102,0.0,0.0,3.988340273305589e-05,0.0005294448727032346,0.0006337079870970074,0.6477866930007473,15.88901467233053,1.1969291206174084,0.015017714680971635,1.4974894396441858,56745.70216701,0.35626672147335403,4.454537019051363,-3.778793252624653e-05,-2.5901768074551e-07,3.752891484550102e-05,0.012779552715654952,0.016042659411361106,68.0,0.05127623540748386,-0.01953428529151474,-0.4519056558734996,0.6814656104866428,1.1333712663601423,0.11590524339320163,2.0,0.8659830801292873,0.037223084708582266,0.0029207677723558354,0.06529950476054006,0.1997800454364982,0.09638572468407514,0.01607725583151287,0.29965799917929203,415.9026078201922,1.762491552484522e-14,-0.9380677432178541,0.5481731146999756,-1.7982125676851024,-1.3950546324451913e-15,6.7990756636753935e-25,0.3765319589602043,0.09696539729935226,0.11604350220206373,0.3167032075924975,0.28353017689570054
5BZB J1824+5651,blazar,0.663,589,20,3472.754714860006,-0.033940468692671796,-0.07656386069981579,0.44329620244389606,1.400000499999999,0.1299352158052384,0.0015768944025841398,0.28523652688788553,0.0,0.0,0.00024192322787261285,0.0005100372899075295,0.0021939617539387993,0.6534179600466891,9.068834622300995,4.301571263612895,0.032012060638102045,1.295229292961773,56938.99388909,0.46658569596776195,8.722285886967267,0.00015099913486550217,-8.39420108781232e-07,0.0001518385549742834,0.006791171477079796,0.00144019983574196,130.0,0.13547886500849723,-0.025290735280306363,-0.38064483941460925,0.9000870997600381,1.2807319391746472,0.41283853451994373,3.0,0.7196818590494907,0.04676312200880377,0.004938360426677538,-3.0614462909129463,0.6782837001880744,0.0873898076733245,0.02833636295906905,0.4168856982992801,133.8593348657274,2.5942413008050233e-14,2.388071658741671,0.8282261044444287,-1.3906775422329025,-2.3799105206651825e-15,1.2694524006560676e-24,0.6016965830272777,-0.056442999435913195,0.19847210173753213,0.5376047794593103,0.32327407063097424
5BZB J1834-5856,blazar,,209,21,3662.1940810700034,-0.021854164527595393,0.09776880812855139,-0.22352900629473185,2.6990003,-0.15168845377478765,0.028344476795613176,-4.461810721632173,0.0,0.0,0.0008674818026673503,0.0016921990265761472,0.013113817580873065,0.9095260617008573,15.117109690869974,7.749571632632886,0.09519320222136715,1.4795276063697775,56745.65301416,0.4289859820287303,1.0859194877482163,-8.094374535996519e-06,4.008204513708014e-07,8.49519498736732e-06,0.023923444976076555,0.015862763696103142,45.0,0.1707512747779296,0.03552976540918873,-0.7961865603014817,0.7837999928520928,1.5799865531535744,1.195388676244674,5.0,0.7020105800154519,0.11036118891347953,-0.002146218733297302,-0.7620799039773666,1.0813740421628415,0.19400950183885968,-0.018518693083712123,0.4857581131735766,24.52429305084233,1.2367705103306522e-14,3.4126812287591295,0.6882754746724075,-0.6106125380937821,1.5094992392926485e-15,2.193506594281335e-25,,,,,
5BZB J1834-5948,blazar,0.435,68,20,3649.3371463400035,0.5472011819361804,0.023470166692595728,10.0,3.5830011000000006,-0.33813463824721196,0.004799104387498226,-6.29454456452896,0.0,0.0,0.0009954009370756957,0.003269481536176882,0.020147141203031585,0.041519164874800146,20.240227261569537,6.162182283013641,0.8657758053567532,1.5847883959920996,56925.22765663,0.11985467470909342,0.1131330556034128,6.743891919706534e-08,9.3821197874925e-09,5.8056799409572836e-08,0.058823529411764705,0.49272968396988287,13.0,-0.10491460415939935,-0.1276316140264884,-0.6363707442278947,0.7263557710129876,1.3627265152408823,0.31265118470420106,1.0,0.8990692998083849,0.19959010858042867,0.0027266111364383974,-0.6182215486353116,1.3323142469465938,0.40185732968988064,0.032453573243782396,0.055207075254965404,7.38905609893065,0.0,,,-0.6560049408541672,0.0,0.0,0.14357569528373673,0.7852336960784189,0.046323707791474635,0.06613337555295086,0.04608597599508771
5BZB J1836+3136,blazar,,271,20,3473.300866769998,-0.0630358389462991,0.015455888691358496,-4.078435100373292,0.4429999000000002,0.1654219951487818,0.006344361600670408,6.6090187608628295,0.0,0.0,6.104279189776731e-05,0.00025459813009416643,0.0011893213761091407,0.5649983521303251,19.483403685361868,4.671367268085934,0.02004653898901575,1.5710434573822825,56935.3723983,0.28674428836484983,1.856625744215195,-6.723665708913163e-07,-1.1522878155051096e-07,5.571377893408054e-07,0.014760147601476014,0.009722998165638645,54.0,-0.008036806607163289,0.014163942513481327,-0.5044182160078642,0.6113556625125488,1.115773878520413,0.5867364736702323,1.0,0.8891946615503771,0.07309868346247227,-0.012272437688704035,0.5600034589892171,0.370522251237023,0.18664624061038215,-0.056160130545260256,0.3029742681420479,210.4721194416651,1.4688011450153568e-14,1.2771164943881315,0.7846357097857567,-1.4757092106712053,-1.1924604366458821e-15,2.8189413245231537e-25,,,,,
5BZB J1844+5709,blazar,,633,21,3657.9711339299974,0.040018903477499666,0.014288948459628614,2.800689189310702,1.5599995,-0.10217645314054888,0.010100725805408299,-0.6008987489002049,0.0,0.0,0.00011606304839888892,0.00030671456535670126,0.001159167812686237,0.17831541230957454,9.987397528238077,3.7793047342203963,0.0568672743288406,1.3300271992891077,56774.33186574,0.48126460631541973,39.235461510803034,0.00010844102466535448,-1.0213813581824551e-07,0.00010854316280117272,0.011058451816745656,0.002162220643395507,132.0,-0.06251937199091478,-0.002911040860895447,-0.5609270144530917,0.36046654124210215,0.9213935556951938,0.5267395819263716,0.0,0.8182120130839099,0.05623319700317796,0.0022979587594248803,-0.03846763537777332,0.9312396927891349,0.11213125422806691,0.0120655787808287,0.16773556674616985,235.62479782268,1.8882932218273126e-15,0.886495812293834,0.28262836507527006,-1.6237649703429997,-1.549311719856489e-16,3.7850904172485176e-27,,,,,
5BZB J1849-4314,blazar,,130,21,3648.9906653800062,0.04628068619853116,-0.005226424499223501,-8.855133410117597,0.3309993999999996,-0.49642622506195827,1.8946453058050593e-09,-4.845340103242445,0.0,0.0,0.00017623525483070838,0.001246007805001377,0.009231215807993751,1.7531333268675702,52.380074375477164,7.4086340097804735,0.039558532257200456,1.9277365508110256,56749.73190073,0.26799968343050584,1.2483520529704524,-0.00017147672750405726,6.695799241621203e-07,0.00017214630742821938,0.038461538461538464,0.00180242743328294,28.0,0.13090922596052973,-0.009361238446813339,-0.7529291156830464,0.7420841120948708,1.4950132277779171,0.9015443070159989,3.0,0.751004915138839,0.04564838798621754,0.005205230608741214,0.04136754923676022,0.2264173829225582,0.12064178997008868,0.03307270102922144,0.5708190307692725,165.71776192817447,3.277699593217883e-14,0.9966284542486157,0.31544513198007873,-1.0975859553361513,-1.241770328613245e-15,1.6632380425255422e-24,,,,,
5BZB J1903+5540,blazar,,564,21,3653.676016849997,0.013918984519648082,-0.019352208175307514,-0.7192452868199318,1.3029993999999991,-0.2412495337129031,6.53062314323076e-09,1.3504346674188898,0.0,0.0,0.00010113461500277543,0.000612510045993767,0.0008582427254528757,0.1965169888014254,8.48614212792703,1.4011896289133186,0.05321891076723398,1.2712772107779267,56781.57180047,0.1620815997475893,2.0481023415946926,0.0004846066450308219,-8.190932605575646e-08,0.00048468855435687767,0.0070921985815602835,0.0014412468172575383,118.0,0.006698171272666503,-0.022803431926112793,-0.7026417034684365,0.6884418979587404,1.391083601427177,,2.0,0.815487484184492,0.06491751005552565,0.002675869571073535,15.946197659029586,1.5139198584905182,0.07637111583808154,0.013673994543874746,0.1913095422518529,57.89920862462738,3.099729960108126e-15,-1.0173354167207533,0.7119024069925157,-1.6458621233284594,3.746417107266801e-16,2.0992144500614807e-26,,,,,
5BZB J1917-1921,blazar,0.137,77,17,3469.417446610001,0.024876998926036294,-0.048155084427424236,-0.5166017092863591,0.21399960000000107,0.4960652146041318,4.479655183294336e-06,0.37994989148364144,0.0,0.0,0.00010799654825487775,0.0006102767171763765,0.015105812547944466,0.211196637787181,139.873103836808,24.75239853993369,0.267085265581441,2.28199369089572,56940.22924169,0.09201498419373752,0.45472617660170084,0.0001281387752806905,-1.873896990383109e-06,0.00013001267227107362,0.06493506493506493,0.001980359479812854,15.0,0.050463553555867784,-0.054908891885288524,-0.8357525688070432,0.8044557871058399,1.640208355912883,,1.0,0.8476854004251175,0.033804305428753643,0.0065493568124489745,-0.10500261788369647,0.16501288170050032,0.08635886783918867,0.03613117672056387,0.33587337819944935,461.68978778245554,1.4223825428559536e-14,-0.3238374568378666,0.5180988937113139,-1.5403439192683357,-7.663690070422719e-16,5.594912202386079e-25,0.0981157636085536,0.028285147778903265,0.03034695789395,0.35814246197595234,0.31498897271411813
5BZB J1918-4111,blazar,,137,19,3469.674923049999,0.04718745517253488,-0.02095012391881959,-2.2523711723798527,0.3950004000000007,-0.20459679454235552,0.016474589363469884,-2.7073438824620117,0.0,0.0,0.00014958202679145476,0.0008691321296204327,0.004666393091235235,0.4975337672703874,31.196214947300067,5.369026097221968,0.0680382189014367,1.7408247729939323,56937.39758066,0.21212992227397665,1.6459121923594497,1.5686627556978156e-05,2.6045365383529714e-07,1.542617390314286e-05,0.029197080291970802,0.0010804112525607417,29.0,0.030644978632999857,0.000596896657552574,-0.7928188806370631,0.8248144221867322,1.6176333028237952,0.7386836141305457,6.0,0.7344951029633849,0.04696178856640302,0.0007228626757282058,-0.1874180486002914,0.26037069286537895,0.11252444042061716,0.003404283030757016,0.30316409009310125,72.63178656278974,4.499501142468302e-15,-0.0201777587782632,0.5315551039107481,-1.2647236747109836,-3.2340402665728564e-16,2.2671799379123394e-26,,,,,
5BZB J1921-1607,blazar,,59,17,3469.0589384699997,0.0033699556510787664,0.050119584665843896,0.06723829962971271,0.4210004999999999,-0.034091485083243674,0.7976934627952701,-6.126058905717042,0.0,0.0,0.0009177882651894318,0.011949985638838216,0.05867236249888165,0.12868516664932614,63.92799369998881,4.909827029689717,0.8367240577670632,1.9995939780718337,56941.67656455,0.7476136667866997,9.91693124468503,0.0005292522518269757,1.6026246586606594e-06,0.000527649627168315,0.06779661016949153,0.0016200940451705234,11.0,-0.31603634534303043,-0.07755084150934351,-0.9249989421670382,0.9012850200831366,1.8262839622501748,0.06016938052734633,1.0,0.9725720316275087,0.07904052455766097,-0.0027789574453019935,0.6308704366175688,0.3883309720426563,0.17385834930114152,-0.012399925872532136,0.5029015243153357,7.38905609893065,4.894893122491141e-15,1.2325925042776893,0.6004160041808327,-0.23460016806800815,1.808885894791591e-17,4.778337845545797e-26,,,,,
5BZB J1925-1018,blazar,,86,19,3469.544096229998,-0.07376934136222173,-0.04324711896759704,1.7057631380599827,0.46899980000000063,0.4337133339879304,3.024378291578858e-05,0.14248641052279254,0.0,0.0,0.00022779464510001585,0.0010964364725429088,0.010483498792636319,0.08064483328643414,46.02170846470825,9.561428359603042,0.43342519185721234,1.8810606591937418,56942.7297766,0.007089972225599134,0.00610132971263864,0.00012270112459557362,2.8666839358504355e-07,0.0001224144562019886,0.046511627906976744,0.001260305352486392,16.0,-0.05347872132706499,0.030391042451878476,-0.8194104764114183,0.7538232069963267,1.573233683407745,0.8355619146374763,3.0,1.006113545066845,0.0695743613699782,-0.01297058336586386,0.12392976107764812,0.4300768522831767,0.16528887521730828,-0.07325228838122022,0.15209153478902532,13.378523283394435,3.8309896838284776e-16,4.306829516919014,0.47530864197530864,-1.3733632581199364,-8.879229986393178e-18,1.8319357035945153e-28,,,,,
5BZB J1925-2219,blazar,,102,20,3469.125663580002,-0.013286986961368721,0.07275104610873413,-0.18263636981260606,1.1280002000000025,-0.06350575335519429,0.5260073863611642,-2.4219768493166334,0.0,0.0,0.001050635383629253,0.011388143962557093,0.039771492910328325,0.5410616449644224,37.85470534514963,3.492359513332467,0.3522841465180621,1.8106001833688476,56941.34663198,0.032609200254066086,0.01174765020112402,-0.0001389730779584452,1.893700912605665e-07,0.00013916244804970576,0.0392156862745098,0.0007202743874062146,20.0,-0.14866167646078915,-0.02208771532840486,-0.8920686197378415,0.6889957724442831,1.5810643921821246,0.8220104664363093,3.0,0.7413335339484398,0.11305712664134296,-0.0018200559559893238,0.8090333780525981,0.748980219629447,0.22436873968742133,-0.015114077849931906,0.3649815022322901,9.104146735078452,9.633647560509935e-16,3.687817782917155,0.0,-0.5335361526029099,2.7233338776437346e-17,7.613374646838455e-28,,,,,
5BZB J1925-5935,blazar,0.436,235,20,3473.0773877600004,0.15949016407652583,0.007138091028997687,10.0,2.083999799999999,-0.42488211559658307,1.019595932516675e-11,1.9968412085683778,0.0,0.0,0.00041377637512465007,0.0011237293649824795,0.0033728336448861297,0.019224811572348337,8.151344154722995,3.0014643623175696,0.6687104465348941,1.2567594948648573,56935.35558958,0.028801659600655304,0.03008648714055612,-6.90867675816977e-06,1.9770125786198165e-10,6.908874459427632e-06,0.02553191489361702,0.00972299674196133,50.0,0.03455059469816818,-0.010761892915734251,-0.6479095778235157,0.6673535428980766,1.3152631207215921,0.6693836837605064,3.0,1.166070854956589,0.17379212201086736,0.0036263624208333744,1.4215792394881681,2.081772322773048,0.3545040653114959,0.007960267792754383,0.025488460190804627,7.38905609893065,0.0,,,-1.004990742484416,0.0,0.0,0.034513955373151606,0.2290278756138911,0.011136947507945978,0.030543641920404017,0.021269945627022294
5BZB J1927+6117,blazar,,449,21,3653.9092260800026,0.014737591027718527,-0.018860141033748848,-0.7814146777241316,0.5080002999999991,-0.1938426920153255,3.5450507254768166e-05,0.5001929125366191,0.0,0.0,0.0002485575315366959,0.0008028712078350509,0.004179203233766241,0.42882895930587406,16.8138265258537,5.205322083762571,0.07259624058973428,1.5178940471830829,56812.49920171,0.24639479907729323,6.5276903415525265,0.00012234905786249144,4.077994993317269e-07,0.00012194125836315971,0.015590200445434299,0.0036027593702947355,95.0,0.12850090279811718,-0.01915082424393062,-0.7085315747733534,0.8253451707136636,1.533876745487017,0.814619819218394,3.0,0.7194433693213231,0.038090470054648655,0.001989267376426308,1.5052425966347458,0.3724092187138899,0.08694448529273258,0.0007959917651886306,0.2767234189003237,27.053742641266396,4.216743388407884e-15,1.7874784121261773,0.6791187275504592,-1.3132439134806873,-3.7491256153181597e-16,2.204201207722212e-26,,,,,
5BZB J1931+0937,blazar,,15,4,2174.116278760004,,,,,,,,,,,,,,,,,,56947.40218338,0.04292790453576831,1.1023701821969367,0.0013238422698821607,-1.0718064309323465e-07,0.0013239494505252539,0.3333333333333333,0.001440199370299798,2.0,,,,,,,,1.7754349565545353,0.14877751999971414,-0.03574841288171046,0.14816309528852384,0.5423240657266315,0.38861444654343624,-0.18552060766966028,0.2589868448391217,7.38905609893065,4.586533637279208e-16,3.4743961448615144,-0.07692307692307693,-0.8890619270478591,-4.131746979948775e-17,5.504000891399932e-28,,,,,
5BZB J1936-4719,blazar,0.265,186,20,3469.8865596500036,0.002615270323540151,-0.026823674147609864,-0.09749858685086905,3.58799928,-0.11661074776849359,0.11295501221827074,4.41751471659754,0.0,0.0,0.0002491071792059088,0.000553550185756007,0.0020872096334114782,0.14112170992119943,8.378761429864117,3.770587894917422,0.1136073826678154,1.2666842493682529,56939.56652817,0.06942530980173138,0.19766072855426525,0.0001055990782201684,3.7606564052123384e-08,0.00010556147165611628,0.021505376344086023,0.0012603054620092256,40.0,0.19488206007573294,0.00015410297345815765,-0.40475038621847953,0.72104785811989,1.1257982443383696,0.5967786040144376,2.0,1.0047993912572686,0.11853677369878726,0.001489973946405638,-2.370934446372246,1.3966348924487944,0.194241963101893,0.001766391411816226,0.15529996143012467,11.203586182411454,3.9074640861974417e-16,4.209217756815843,0.7664141414141414,-1.1269803349147256,3.193349499465147e-17,7.10424041608445e-29,0.07808418633724099,0.0033083169592782913,0.024650720226514048,0.1746693124036124,0.13807850782894257
5BZB J1942+1033,blazar,,107,20,3648.988973880005,-0.03044979025298272,0.041513126985393,-0.7334978707746328,0.33500089999999894,0.40640911071434926,1.4019626803472968e-05,0.0,0.0,0.0,0.00010159561829574577,0.00041590852576007446,0.009920892911417815,0.35856751842039364,97.65079419948222,23.85354536657742,0.13501421576359063,2.152389968178415,56771.37914329,0.34044130865371125,10.121599439672144,-0.00030419699227893774,-1.2111552461852715e-06,0.0003029858370327525,0.04672897196261682,0.0016218378918703127,22.0,0.03520273969378895,0.03490637828675511,-0.9242606229553076,0.9268409041538593,1.8511015271091669,1.6492194363761394,3.0,0.8665195135565582,0.036375374336744745,0.004490686485189966,1.0900688455983882,0.2765473863192528,0.07834754901244478,0.021099611826291942,0.429640302056258,1474.828100665811,3.467182644705825e-14,0.6418746374403946,0.4065583226237545,-1.7083438221558374,-5.748041071177883e-15,2.9673181636108887e-24,,,,,
5BZB J1945-3111,blazar,,130,19,3469.5216849599965,-0.06534283799908157,0.0661686176631253,-0.98752007079477,0.447999900000001,0.3148671250326369,0.00026365217478047386,0.09499032676139621,0.0,0.0,0.00013353167689011933,0.0005065879266537929,0.0035061793163452763,0.3000223842326039,26.257284950994507,6.921166346351295,0.07903339123059791,1.6786614605153019,56944.23834903,0.16443525284748375,2.13368308327065,-0.0005468575266966964,8.931425143651311e-08,0.0005469468409481329,0.03076923076923077,0.0018003371115573117,26.0,-0.10815841041068214,-0.014937147430180351,-0.8715144817367204,0.8056506171197493,1.6771650988564697,0.7539527615632637,2.0,0.8017250928316266,0.04041901218883005,0.0005009846642598131,-0.04270993765080463,0.3194159059224453,0.095807792456715,-0.006284444870295558,0.25456548041437327,28.633203174289815,2.078588582737668e-15,-0.508369821628882,0.41590797875133206,-1.3652635096014356,4.2036725288204026e-17,6.191137735385076e-27,,,,,
5BZB J2001+7040,blazar,,513,22,3843.204028690001,-0.04601857603248736,-0.027607769564175818,1.666870477367416,1.2989997000000013,-0.014393807154393631,0.7450038551096065,3.8405734988962363,0.0,0.0,0.0003817216180182742,0.0019403339013522702,0.0034766089570167458,0.132581815761763,9.107707773947983,1.7917580849368486,0.2096559609811478,1.2967720007326005,56677.65903786,0.36854500858628014,1.2389986600584089,0.0005071179281103416,1.0549215220919444e-07,0.0005070124359581324,0.007797270955165692,0.0012623988501152276,110.0,-0.08752579702476439,0.008057471162296331,-0.5639019237636572,0.45633291764664474,1.020234841410302,0.7188515086668227,0.0,0.8828113647121225,0.14350464129342422,-0.007129985178324098,2.547440902496177,1.320115223175729,0.2844042431049374,-0.04399144428449808,0.23184124665683997,36.51910993187766,8.881784197001252e-16,-0.4847948449258376,0.2290052356020942,-0.8216318768224091,-7.651328160042015e-17,2.453140711413902e-28,,,,,
5BZB J2005+7004,blazar,,477,22,3840.4865144299984,-0.0435608871938953,-0.002375734713560845,10.0,4.217001,-0.362237955293911,3.090677419068519e-16,-1.9977890150354543,0.0,0.0,0.0020342999413825954,0.02242443072277482,0.009177920763894,1.6976677923148935,4.511586798328625,0.4092822188865374,0.11123993223622536,1.0434087355406352,56675.28736572,0.1745585025164284,0.37337601845118373,2.5129712443421884e-06,2.0104040673639983e-07,2.3119308376057884e-06,0.014675052410901468,0.0019840688843402467,100.0,0.02288359126075224,0.011905618939570319,-0.42311226710220096,0.6591180696630171,1.082230336765218,0.48468538843185716,1.0,0.9489375638565748,0.5319524409569517,-0.0064828272688691,19.796251965206032,11.942649678776439,0.3036898131202981,-0.06010039619328378,0.6772400018536269,7.38905609893065,2.5925074565915948e-15,-1.285753984075904,0.560536494073612,-0.12421415858447617,-2.1781091940171656e-16,4.591001075512326e-27,,,,,
5BZB J2009+7229,blazar,,592,21,3644.1701698199977,-0.005546720304715249,-0.07178214526749328,0.07727158730134936,0.7019998000000012,0.08701483955007912,0.03428498868775286,5.287912908979052,0.0,0.0,0.00011892425999172496,0.0007257612771630665,0.0014753853482707925,0.5904901899784044,12.406092213374809,2.0328796708541095,0.028746016168869154,1.4082442123376695,56685.10335113,0.09228313195375729,0.2532350795012022,1.809872249189839e-05,-6.785864588516579e-07,1.8777308950750047e-05,0.011824324324324325,0.0014429907460496516,129.0,-0.03337560077613212,0.02555943657693856,-0.602293640066098,0.7475075499201024,1.3498011899862004,0.5988610939894378,1.0,0.6862539930900446,0.04876188766473363,0.0034187854831829482,1.3531412051104452,0.47062833067197396,0.10097698989487414,0.018951853957123177,0.5552092014745476,364.4695134437425,3.533231357429416e-14,0.785872859139481,0.3568091224985999,-1.2317411171460442,-1.7476458325862074e-15,1.586685684380942e-24,,,,,
5BZB J2012+4628,blazar,,329,21,3652.8487265899967,0.01789458876415233,-0.03599055907030997,-0.4972023004475716,0.756999050000001,-0.2489055061965784,4.884869558482875e-06,1.20011457136427,0.0,0.0,0.00025906231345356015,0.004415522872848412,0.007097142075577548,0.8290021211658481,27.39550169829812,1.6073163424452905,0.08426478924309591,1.693966779821607,56796.11772014,0.131128587941482,0.5093853754983518,-0.019093044941906157,2.1478105187217795e-06,0.01909519275242488,0.0121580547112462,0.0009008645311346651,73.0,-0.13944098104394093,-0.029117874438441816,-0.937822322383893,0.766403780472027,1.70422610285592,0.718048550112621,2.0,0.7353588670423372,0.03888525147693319,-3.1479484472752536e-07,-1.0237419337181197,0.4430560894948953,0.09134590356881223,-0.003378294457979436,0.40692765779702644,44.30674212432223,2.0012218876541485e-14,-0.45536648293460635,0.5966340055227515,-1.574678529643396,1.416545050883921e-15,1.1582374970587597e-24,,,,,
5BZB J2014-0047,blazar,,147,21,3649.2451676000055,-0.07028330685565365,0.10572959211637546,-0.6647458431343757,1.3690005000000003,-0.243312392556536,0.0029820497196514613,-3.097237513911025,0.0,0.0,0.0004010029501774566,0.0013276207347449383,0.0034578368998197224,0.0673339269337709,8.622971201749383,2.604536677321105,0.31597709453806644,1.2770462655605712,56776.77815847,0.007654346019569843,0.0028036108243267477,4.786119114724491e-05,-2.039996785338007e-08,4.7881591115098294e-05,0.04081632653061224,0.0019819771663279737,30.0,0.013758093237988944,-0.0023272755593053383,-0.8017484314447803,0.9667506107356995,1.7684990421804798,1.0751868556594149,2.0,0.9516176249650762,0.10817021565361223,0.0008188253718697046,-0.9814562842022824,0.8851225070048893,0.24538252774555958,0.021045991646597484,0.11152449662348402,7.38905609893065,0.0,,,-0.8782652757078321,0.0,0.0,,,,,
5BZB J2014+0648,blazar,0.341,175,21,3649.327808419999,0.1161009152945913,-0.013668712487011734,-8.493917434060636,0.7040004000000017,0.4478180409947196,5.172119107839737e-10,-0.1498697251917864,0.0,0.0,0.00011143873753228852,0.00034026413973380635,0.0018571605536385216,0.7951578891163549,16.665304884983275,5.45799668937611,0.021560424335609306,1.5146939517183793,56778.55376069,0.46893484498069904,7.044434102121762,6.172221482893362e-06,8.470740756659601e-08,6.087514075326766e-06,0.04,0.0018020821355379196,34.0,0.059579679516813366,-0.0094827483022754,-0.9387617553131722,0.7657480503581736,1.704509805671346,0.9735158113529065,2.0,1.057581632003673,0.10330111856516588,-0.0054694406273203145,0.5618104312816801,0.6692006349480505,0.26817143076830996,-0.049705775903424954,0.33275394832165406,508.90075130796936,8.847204807414002e-15,-0.18820359872661782,0.10573272480515834,-1.37595139451752,5.183831582256074e-16,6.741011072520263e-26,0.5430338395813965,0.15569132741004693,0.17322519466747763,0.38533424446292686,0.28734842987541154
5BZB J2015-0137,blazar,,128,19,3648.667562570001,0.01887996803376841,-0.08873212282047979,-0.21277489407038985,0.3800001000000002,-0.055746976242784886,0.5319682586379665,0.5494229046991103,0.0,0.0,6.079849006210733e-05,0.000545135980173614,0.001399589681647687,0.14854400393316503,23.020138447481656,2.567413874671296,0.08023186674993595,1.631206151514045,56776.44924412,0.2576162133263674,11.553357307372659,-0.00046012612754131864,-1.4026967875339885e-07,0.00045998585786256527,0.03125,0.0010811100616059243,27.0,0.04928290308083087,0.02124320693129363,-0.7846725403452202,0.5288074366282264,1.3134799769734467,0.9189976820329507,1.0,0.7552683685780184,0.037306494722662537,0.0040224972045019205,1.2766069439103491,0.28131964341146964,0.08050975210587186,0.028616307931696117,0.1538184788780516,155.53579390570025,1.7832822334594722e-15,-1.3532239689861523,0.3291294375301721,-1.7317974557282145,1.5618615077628938e-16,5.756012495745516e-27,,,,,
5BZB J2016-0903,blazar,,184,21,3649.2777672599987,0.04613379705021787,-0.04198928610245028,-1.0987040107720654,0.4849996000000001,0.10156795395532514,0.1700957520923298,0.04995589003778232,0.0,0.0,0.00010037398918826976,0.0006951998479054053,0.0010312419369839364,0.3850681646948015,10.273995634224104,1.4833748002213043,0.034011060365272384,1.3402313655082496,56775.26589108,0.17862603189269366,2.025596336599015,-0.0002730147799006298,-2.1260102198861883e-07,0.00027280217887864117,0.03804347826086957,0.0014415967145830796,38.0,0.0011071187649849545,-0.011179875004954829,-0.6102460481871781,0.6065518098450512,1.2167978580322294,0.5328595791453999,2.0,0.8312218288772383,0.05400800071722392,0.002101668593107379,0.6781173815354543,0.38578792332001766,0.11586193936143485,0.011822604135401482,0.24514363292600422,435.87440707621187,5.511002163945225e-15,0.24228254314558245,0.22032738769451551,-1.3569333415501021,1.0746953079740593e-16,2.79672010939599e-26,,,,,
5BZB J2022-4513,blazar,,26,10,3109.9667262199946,,,,0.23700040000000122,0.23080941155831747,0.25661796541749027,1.8732174668539325,0.0,0.0,0.00044709201826350985,0.010340523397279236,0.09152940628696342,0.02410136196499451,204.72162853127838,8.851525475218672,0.7745194379423285,2.419379929689716,59485.16411514,0.16089211310363327,2.5969329320036265,2.4239516344716856e-06,6.808444837326227e-07,1.743107150739063e-06,0.2692307692307692,5.963155228473652,4.0,,,,,,,,0.9426903355387714,0.053344547450321925,0.0009581222321274873,0.35162302577919213,0.20961042981565614,0.13613271790357162,-0.00435094382965584,0.2681481739788083,7.556022360937978,2.090233427816742e-15,1.9188064472004935,0.1402116402116402,-0.7808647630658583,1.8781632200078285e-16,1.2615964182522489e-26,,,,,
5BZB J2039+5219,blazar,0.053,288,21,3652.4258711999937,-0.012545270369102648,-0.08735654901991176,0.14360995838151897,1.0900002000000004,-0.707631735610361,4.8136580438686125e-45,4.599906641347014,0.0,0.0,3.59635898747281e-05,6.034409857906473e-05,0.0001827391566248544,0.008674926455613415,5.081226656742629,3.0282854148055325,0.165956164552008,1.0862942068319263,56814.47560961,0.04006137019938465,0.5245790512325345,-0.0009558435601796617,-1.432680397412664e-07,0.0009557002921399204,0.013888888888888888,0.001441242847363589,63.0,-0.03690865054031,0.01402248777242057,-0.5683831843397175,0.5567857750112356,1.125168959350953,0.6286881689947794,1.0,1.600533675875383,0.17018663370641046,0.007401135790437166,8.441712635140872,2.367641052498586,0.2130106296020604,0.05770422640187389,0.4114359358833657,7.38905609893065,1.1849778104645677e-15,1.2523764055655247,0.189013890483297,-0.806475233791113,-3.158428179286276e-17,2.97205833764847e-27,0.041109290817423594,-0.013210169698665088,0.012514729346932109,0.4221982287871903,0.40094798555288735
5BZB J2051+7441,blazar,,58,17,3638.493573190004,-0.05228655826309576,0.029715236772594588,-1.7595874689889053,0.9300004000000008,-0.5917479605717565,9.983568167522621e-07,4.980826246666672,0.0,0.0,0.001966460427162178,0.011928145801476513,0.010828580321979194,0.007832538258774934,5.506635255355435,0.9078175687398935,1.2463016536781657,1.1152927628910665,56695.31331006,0.01496630638634413,0.003027328865668712,4.6305023489987216e-05,-3.1927132497688695e-08,4.63369506224849e-05,0.06896551724137931,0.012443742203981343,12.0,0.09192526791452535,0.16219874039867754,-0.42313319972430014,0.7048301627862761,1.1279633625105763,0.686744623518434,1.0,0.9655686762296833,0.16087217192284795,-0.011694538053322299,1.1931669294846894,0.8743431876431373,0.3525584985631829,-0.03152477602766979,0.04743058059944275,824.0218503855311,0.0,,,-0.6387922237313277,0.0,0.0,,,,,
5BZB J2056-3208,blazar,,138,21,3649.334302999996,-0.019738605244774044,0.007028244548033335,-2.8084687591437554,0.9919996999999992,0.1693680864722641,0.04704460779807394,0.49956663969883586,0.0,0.0,0.0008127274223853198,0.0030056705207598994,0.008231928530697624,0.9784825798345412,10.128769245177555,2.73879936975847,0.07532361705756027,1.335096744206832,56778.1003099,0.4588583471522607,2.7604353991446686,0.0002333610229243611,-4.288422739968402e-07,0.00023378986519835795,0.028985507246376812,0.0012610044353187383,26.0,-0.0502651332148779,0.017470824956206697,-0.7375660888071647,0.6343626303339012,1.3719287191410658,0.7564870603300684,1.0,0.6732382188196296,0.10515863394419873,0.012450238979568585,2.1109417652056925,0.724963160459908,0.1982664816792008,0.06821111355141285,0.6970775003860508,556.303301799799,7.385926063921436e-14,-1.606348860192325,0.7355404516007805,-0.791782880866644,1.0901358119917977e-14,3.9716812667558975e-24,,,,,
5BZB J2108-0250,blazar,0.149,198,21,3651.885521299999,-0.07659337228615073,0.006734681861480759,-10.0,0.33599950000000156,0.3453970313050908,6.240357098581041e-07,-0.09998317649007525,0.0,0.0,4.5576685538089205e-05,0.00023368840453975647,0.0008861646811482653,0.07035085460676449,19.443376613341176,3.792078084068684,0.09396126481006532,1.5703017203295648,56789.28325146,0.10026093654758975,2.129014037089147,-6.696964574904151e-05,2.1060038935650484e-07,6.718024613839801e-05,0.03535353535353535,0.002342110663924295,42.0,0.04143604757186396,0.022609538393306206,-0.3405093370590978,0.7336511331314024,1.0741604701905003,0.4721413561994823,2.0,1.0428069895905643,0.056455654643092386,-0.002708865193188091,-0.33177956922185736,0.30936573151924496,0.14267931461244032,-0.010525849574798851,0.1318245856511506,176.63650320896852,1.400071364286348e-15,0.4344941415161604,0.21040418530081847,-1.7731773257080983,7.318367019489773e-17,2.9388344656103775e-27,0.10747111915120448,-0.08800578475678719,0.03331033417238626,0.14130464206115126,0.12298054139351719
5BZB J2108-6637,blazar,,325,21,3652.1120666200004,0.039450311984495556,-0.04034296474822,-0.977873397027326,0.6560001,0.020708402510431594,0.7099468242897834,-1.449845994962081,0.0,0.0,0.0001728186021906813,0.0003604000393980796,0.0019363796378420316,0.0932098205577913,11.204694414209017,5.3728618778821575,0.13684117592844683,1.3715078495936939,56946.20431993,0.004959841109150429,0.0009427960306636592,5.52660245556622e-07,-3.427339992812204e-08,5.869336454847441e-07,0.012307692307692308,0.4993296275701599,69.0,0.1453790137521742,0.0014262460599918896,-0.3785702299808452,0.7310516533739052,1.1096218833547504,0.5960566746398037,1.0,0.7749326339053438,0.0598963437021026,-0.0003367489638116248,0.8642323157537094,0.5099081241536745,0.1420293892646476,0.009884246864863555,0.16083665729849317,7.38905609893065,2.1755839288168293e-16,2.605828722029099,-0.3355704697986576,-1.1415809621481119,1.832118145855964e-18,2.9380000949327314e-29,,,,,
5BZB J2116-0108,blazar,0.305,224,21,3651.83178511,0.1036755264394463,-0.07632683307794454,-1.3583103380376522,0.7130003999999985,0.2526899637078873,0.00013184570816580368,0.29994511582012323,0.0,0.0,0.0001849170533469873,0.000488607056107682,0.002343793940535955,0.1859193977681011,12.674839261380114,4.79688925168229,0.09248481861330667,1.415973886752303,56791.05986995,0.13962537956716295,0.8647965462851435,2.0996414879904913e-05,2.6527053644519536e-07,2.0731144343459716e-05,0.03125,0.0014412450650117242,44.0,0.018072025202122713,0.01527244349668308,-0.7007694764502217,0.6703307818755895,1.3711002583258112,0.7728076849844135,1.0,0.8431253270842233,0.08639469400181633,-0.009047961843168554,1.5092283467077192,0.619823278027421,0.18926591501954537,-0.05671658581858019,0.26039782166759684,64.63992700320095,2.9777166713245523e-15,-0.8699871419588447,0.41705538411877247,-1.254737152999261,-3.3638407613776783e-16,6.831944350949338e-27,0.15950328159054594,0.13529656200347742,0.050638066220922116,0.2974696090622445,0.22794606058409542
5BZB J2116+3339,blazar,,189,20,3448.5971120600007,0.031961896240002396,0.10984818723132234,0.2909642575411451,0.7510003999999988,-0.3367916883598133,2.1522531221128177e-06,-0.8497569885979468,0.0,0.0,0.0008726333604122342,0.016062501381067008,0.009293888547753742,0.49183405403171515,10.650393348144394,0.5786077975457741,0.2399121918929341,1.3532087022874586,56807.5045084,0.1360538547479247,0.6563150622593589,-0.0041145511146170365,-2.867092514139677e-07,0.0041142644053656224,0.021164021164021163,0.0010811062833669734,38.0,-0.007688072911712942,-0.026405491290360537,-0.8312555895922579,0.9585969786745774,1.7898525682668351,0.7489420243532617,2.0,0.7644394683399955,0.0795538973362044,-0.0035315473485009624,0.6769997693811922,0.5316988200569495,0.18530449318936193,-0.01397335125112975,0.7226687089835702,7.38905609893065,5.101787530373055e-15,0.3460430619681018,-0.05320197148814431,0.017850981678220832,1.7309428224918807e-17,4.037653564731497e-26,,,,,
5BZB J2131-0915,blazar,0.449,151,21,3652.064687109996,-0.04005862626057905,-0.0503813032994626,0.7951089717245632,0.7060004000000006,-0.1343746955996718,0.09997564104204111,1.9497675947609836,0.0,0.0,0.00011807358662240763,0.00031132613214821756,0.00117486463531842,0.06466563429363045,9.950274731005615,3.7737424206501964,0.13186627248577754,1.3286840902031622,56791.98281468,0.08024415102466598,0.3825259624347539,-9.7652644401787e-05,-3.5138333301789366e-08,9.761750606848521e-05,0.033112582781456956,0.0014415936755535336,33.0,0.01612510586719569,-0.015416612165040209,-0.5515746310259837,0.5117442065473189,1.0633188375733025,0.6374365253419183,1.0,0.950686324266395,0.09692268270733247,0.0038499410744454957,1.161488410758401,0.6761323773005518,0.21957125148402867,0.013694466968809271,0.11750188538692527,11.70716521520621,0.0,,,-1.3605599689192338,0.0,0.0,0.09659342807896903,-0.05804494945157905,0.031214074820448898,0.1414422081900576,0.09761367024848695
5BZB J2131-2746,blazar,,145,21,3652.080606399999,-0.0025581749367419066,-0.06083093448108818,0.04205384905828171,0.9859991000000008,0.08334953161417588,0.3189052624068958,4.449489034491443,0.0,0.0,0.00019681083721227296,0.0005679007757715163,0.002883637327161006,0.5301537135244921,14.651821786617363,5.0777132997674705,0.04521319008341661,1.4682520384578275,56967.64611918,0.8277278826048231,33.73684605139031,-2.4085013769357142e-05,-1.891195049316907e-07,2.389589426442545e-05,0.041379310344827586,0.49786740076659397,29.0,-0.019362037486604748,-0.017781856130090364,-0.9350513038057222,0.8285941452746546,1.7636454490803768,0.9477985663190102,3.0,0.9780920476584822,0.13894949021578054,0.010781049440470645,1.4560949318408916,0.9330420777819406,0.3097554895215693,0.03895212089670774,0.44174188959843863,2198.2747597102125,1.7941537634507832e-14,-0.63109260560758,-0.04974984493378617,-0.9910726204796474,4.438909507683556e-16,1.820827037697943e-25,,,,,
5BZB J2134-0153,blazar,1.283,162,21,3651.404577950001,0.04414861090417071,0.1002992845371262,0.4401687520296211,0.4759998000000003,-0.4687717762328398,3.147927454224916e-10,6.897930619535935,0.0,0.0,7.206017985854582e-05,0.0009671153214481624,0.006319416751901784,1.0089823645162634,87.69637650933466,6.534294933829369,0.046100420321286396,2.113611332222897,56975.80288846,0.036139866357773255,0.0352384344721145,-0.0004900907045891912,1.294876534119192e-06,0.0004913855811233104,0.037037037037037035,0.4958886266392793,33.0,-0.07296879025182465,0.01737964305709926,-0.6915481023035741,0.9800069692605302,1.6715550715641043,0.6796589107907411,2.0,0.6742498740441001,0.03768940164049215,0.004293047241932996,-0.19148579792995948,0.27687345893615234,0.08849857763234104,0.02202445232214323,0.48704882700575797,202.23216133926599,2.269317266837103e-14,-0.015131603345139553,0.29146878668590226,-1.427292597697314,3.2340579574797013e-16,8.916698364646512e-25,0.05460589101769748,0.10079127869422172,0.018657960706247978,0.7359112760541071,0.3223439667341687
5BZB J2143-3929,blazar,0.429,167,21,3651.7291453299986,0.004877210759430346,0.06223038607856561,0.07837346137099145,1.1309994999999997,0.18759219806594343,0.015198721228603463,7.998311611947977,0.0,0.0,0.0001025305194842308,0.0007277809460600655,0.004001137391598554,0.17766747616356882,39.02386696860599,5.497722093112628,0.13611000431963674,1.8215712100978645,56961.26635639,0.14876924565292912,0.4409956590452823,0.00014351898051538,-2.1891937837194966e-07,0.00014373789989375195,0.029940119760479042,0.4839980767693286,34.0,-0.14751141019429023,0.011396204802014528,-0.7883086604013113,0.5902487105801623,1.3785573709814736,0.6745234212705484,1.0,0.9137533204712638,0.13178626932917037,0.006833239898353724,2.880173573247977,1.241440361648058,0.2928329690044035,0.04425555222166766,0.3209329256658511,677.9976688910796,1.0882695326942179e-14,0.9554835922468932,0.4720964547436261,-1.118701730737935,-1.6779371559972846e-15,6.053211675857547e-26,0.17783992858216713,0.006969534175225964,0.05733976063144245,0.38364574835065823,0.2684714824007406
5BZB J2145+0719,blazar,0.237,253,21,3649.3295059599986,0.031219026859741622,-0.0005699512021020933,-10.0,0.9899997000000003,-0.2112093341657601,0.0007220249738720841,6.993923762277889,0.0,0.0,0.00011974587624303488,0.0005481698636915881,0.0017096508059193426,0.029712443925843848,14.277324992571183,3.118833989316848,0.31787924196479106,1.4589134490710882,56803.56136975,0.07772114225277457,0.2684871207098051,-9.392989717057846e-05,-3.8176273443103616e-08,9.389172089713535e-05,0.02766798418972332,0.0018013792470958744,53.0,-0.10296444849010451,-0.01108370293882668,-0.5627449707805313,0.6295371618120073,1.1922821325925386,0.4491266699775476,2.0,1.0386528013399872,0.13370307483480462,0.0052144343602966,0.5557428427150102,0.933639894959971,0.3220352578145004,0.010529836495240197,0.06366912768820936,421.8521598632587,0.0,,,-1.209388246473159,0.0,0.0,0.08644184434609803,0.03861793622550039,0.027176439690930566,0.07081312324742059,0.057245855495085346
5BZB J2146-1344,blazar,,137,21,3651.753991700003,-0.056564677078585215,-0.036646011037603655,1.5435425432946133,0.9349995,0.2416276603943452,0.004447552419211582,1.1997549048706375,0.0,0.0,0.0002441493623599654,0.001222851050383801,0.0018849578656872084,0.41594151711361854,7.7205110828328944,1.5414451854575053,0.053620921619699446,1.2371740887571305,56975.01173697,0.3261714946344324,5.370076788689942,-7.893653717239125e-05,-3.692259995155422e-07,7.856731117287571e-05,0.043795620437956206,0.4967793765640029,28.0,0.02581527442954742,0.02042978223514714,-0.7620665954736051,0.9307397629239718,1.692806358397577,0.851928111855451,2.0,0.9174176048948645,0.11017262843686076,0.007334587835464139,4.000590335859704,1.0241213580227964,0.1838684477062038,0.04202687347374656,0.35503099945449385,569.2193152570433,8.671845299120116e-15,-0.2951535857801598,0.24120768610161017,-1.3178714681722787,6.543406350166361e-16,6.038625271455294e-26,,,,,
5BZB J2152-1205,blazar,,179,21,3652.0969150200035,0.07268171288626273,-0.020452966213250157,-3.5536025497943147,0.7329997000000006,-0.0838587969291277,0.26439596742598453,-2.999668924041071,0.0,0.0,0.00019754951371004004,0.0005857752274517562,0.001599079635752154,0.020353722309726652,8.094576380505197,2.729851926273206,0.4212905287474472,1.2542388954428696,56795.73443358,0.1917832243341176,0.8226183403280377,-9.877732358202393e-05,1.0552283709596299e-07,9.88828464191199e-05,0.0223463687150838,0.001621486297060374,39.0,0.0011752950449022636,-0.002966959519361286,-0.565222733859019,0.5018778210874065,1.0671005549464256,,1.0,0.9504135141466972,0.10365110357789964,-0.0075598862899061755,0.5957780067501723,0.6949003991675942,0.25900384863997716,-0.03618456750782717,0.12900926982079555,1488.3565267194394,1.3733953916732192e-15,-0.7811949460743379,0.22140409710578116,-1.1950010938312574,-1.4019652600889277e-16,7.520304053409599e-28,,,,,
5BZB J2156-0855,blazar,,191,21,3649.0184123100044,0.02482194777331794,0.06771869047599378,0.3665450055050503,1.0990000000000002,-0.0728478144825318,0.3165854444030313,0.39961871729609905,0.0,0.0,0.00021260761752203854,0.0008441661251621127,0.0026553854652523463,0.10148646824642027,12.4896063636454,3.1455721604522298,0.1787865795868633,1.410664025877045,56800.99818926,0.20458017779520846,0.8747690420981659,-2.11578756355657e-05,8.348181726876373e-08,2.1241357452834465e-05,0.03664921465968586,0.002342106584527432,40.0,-0.03508809769859915,-0.004002637829515207,-0.7324355885310355,0.7338823503629678,1.4663179388940033,0.7486033583749582,2.0,0.7788919192590263,0.11360813472288864,0.00020333667978604707,1.3232779824701688,0.8518920179956073,0.2497126792995511,0.006683993235627184,0.16143972021547004,547.0001432647286,1.2125747826210916e-15,-0.1581778097762872,0.3702005508234042,-0.9553857687485957,-1.711410378894524e-16,4.07960236014802e-28,,,,,
5BZB J2158-3013,blazar,0.116,155,21,3652.088243680002,0.001036584460983925,-0.046582917159484295,-0.02225245914580676,0.32899950999999916,0.4439513483377956,7.205991514893549e-09,-0.3999549069054075,0.0,0.0,4.861831965743034e-05,0.0005385640928604605,0.011169297878839602,0.5598229392250493,229.73434145411184,20.73903181843667,0.10461628517220402,2.460955680399315,56972.11593786,0.49029812231887004,26.705411123992906,0.001813689605366623,-5.220325324854455e-07,0.0018142116378991084,0.04516129032258064,0.4971304032306568,30.0,0.09816274335797226,-0.006568977460222114,-0.3908731478366609,0.6113611772094383,1.0022343250460992,0.5115874442897564,2.0,0.8793983156137521,0.033860656147180666,0.0044569365004357925,0.7521826523588853,0.2705563293388874,0.07782471991002538,0.027783858699418573,0.311150596363626,138.4993194726095,1.542796932582369e-14,-0.5887084093885032,0.5219524702446268,-1.7854379963881661,-1.5739589761230832e-15,9.170344650917637e-25,0.5179553548370179,0.0011568282584580604,0.15959971853233296,0.32870229399422085,0.29453610572958855
5BZB J2201-1707,blazar,0.169,122,21,3652.086091609999,0.012215358910588104,0.09317429852623459,0.13110223638709437,0.8600007000000005,-0.4069117667719425,3.3014861688970543e-06,5.449382395420806,0.0,0.0,0.00013514981519604737,0.0008666821772773512,0.0032953925915831673,0.011962765545021764,24.383256184402754,3.802308013455646,0.7453774940119325,1.6519547235674117,56796.13019936,0.026152685661770605,0.049959792382657964,0.00012123833916005576,-2.495759323928579e-08,0.00012126329675329504,0.05737704918032787,0.001621486461324704,24.0,0.019924589237292872,-0.010453670233965914,-0.7637730206345572,0.7484066832513405,1.5121797038858977,0.6213971111085106,2.0,1.3623689462267434,0.1708473797825308,0.004649679628804581,0.49640880482056615,1.0969717146455595,0.4034080795649604,0.018928845053265198,0.037067506813690344,117.691031724254,0.0,,,-1.3495508198852086,0.0,0.0,0.028276363075916137,0.014279754566477494,0.008794090364595,0.04007750081725037,0.0342835764048335
5BZB J2202+4216,blazar,0.069,220,22,3836.6495273799956,-0.03491122883115187,-0.11249952856444226,0.310323334476499,0.8020000500000002,-0.19938114080695007,0.002974758878065358,0.3676460874970564,0.0,0.0,0.00024398949776897777,0.0021261645666125232,0.01047564570186301,0.8684863667929975,42.934822009622266,4.927015463166215,0.08396062433535195,1.8560190764955742,56640.09733992,0.12325137263610801,0.1281856434633841,0.15493088997893611,6.33825586861714e-05,0.15486750742024993,0.01818181818181818,0.000541077618067096,43.0,0.08139268011763096,-0.01928529631630119,-0.605993465767159,0.8455894886748632,1.451582954442022,0.5749805670785945,2.0,0.7656258062341076,0.05877593862295768,0.00045955408983213217,1.7400553393525096,0.562348553276199,0.09427057057566912,-0.002843450677821213,0.45019927771538115,34.18926108298697,1.6846967702970814e-14,0.6968800773396311,0.40700429353487416,-1.2458874284468286,-1.7528806031408869e-15,1.1763616213262777e-24,0.12743262147423634,-0.03732010362050135,0.03891791389880276,0.46547209104486276,0.4354275875068875
5BZB J2225-1113,blazar,0.997,166,21,3649.1317571399995,-0.04589894307525235,0.08122348292691961,-0.56509449510494,1.1020002000000009,-0.09447070239357391,0.2260172395021927,0.4995389126817248,0.0,0.0,0.00037040922390512825,0.0017552227048578369,0.007478078359173566,0.30448589646285495,20.188693629563094,4.260472664931015,0.15603282623753575,1.5838689137067699,56805.99988669,0.3782383317565619,2.2786939043438745,0.00010488362350764408,4.431024183488066e-08,0.0001048393132658092,0.04216867469879518,0.0012613505544053286,32.0,0.06395325014103045,-0.02012495853221131,-0.5687932044325117,0.7778029096220955,1.3465961140546072,0.02010044394375743,3.0,0.8345740254745909,0.12757928070950386,-0.005419581315756406,1.7299639687529995,1.0439220766637916,0.2805813092640409,-0.015104254656035265,0.22107310682404266,34.57586963215506,7.29550205481289e-16,0.08873472592690161,0.48893805309734517,-0.8740340560326015,4.1959415361851824e-17,2.0287330128943917e-28,0.5345084456892556,-0.09166018932127894,0.18030119842222972,0.3124100145097571,0.1564396667550111
5BZB J2227+0037,blazar,,178,20,3448.1423942600013,-0.12345046266806914,-0.0193511939463991,6.37947524116676,1.0069990000000004,-0.2378578202828191,0.0013882997480981012,1.9825048673363455,0.0,0.0,0.0003286477598642862,0.001208811104007823,0.006337208741939477,0.17463521253155911,19.2826773724967,5.242513669576576,0.20349226438785512,1.5673083691895326,56810.86698715,0.11254180392076293,0.3825770215953521,-1.547559719211476e-05,-3.3919044621590405e-08,1.544167814749317e-05,0.028089887640449437,0.0019816212457246774,38.0,0.09131598279839342,0.0140444267269058,-0.6153452148274293,0.8576567649887589,1.4730019798161882,0.7868221132486808,4.0,0.7515428424387195,0.08751293807656826,0.001876545848910816,1.1125390342722083,0.7390729562540638,0.17610524878890899,0.02176208669120494,0.1810734663225872,7.38905609893065,1.8829344838990636e-16,9.274231161469059,-0.011428571428571429,-0.8808858647066091,5.4227202702592925e-18,2.3621379281720374e-29,,,,,
5BZB J2236-1706,blazar,0.647,133,21,3649.1281915,-0.051417708516373985,0.11151967235235272,-0.4610640206502475,0.7859992000000009,0.31213459109724917,0.0002546371184729142,0.14986152737166325,0.0,0.0,0.00013517448529719363,0.0008560273148624167,0.003319171218211023,0.5353484602061878,24.554716715649416,3.8774127375445695,0.05157132411291952,1.6544820684448183,56806.13257253,0.00556491126105744,0.0009623204039427756,-0.00029937210616973387,-7.562664263050178e-08,0.00029929647952710336,0.03759398496240601,0.001261000410663372,26.0,-0.13062687676721638,-0.03279443410831151,-0.9636569889230975,0.9159094793564931,1.8795664682795907,,1.0,0.77498746239323,0.0766393877436595,0.004218593241153721,2.339643702136457,0.6386556660921295,0.15553341261096376,0.011237954953277285,0.2987789718863763,176.364484302801,4.440224244959215e-15,0.5278485170771425,0.31577933205528075,-1.1906124547958898,-5.696500543034591e-17,1.5876841905018857e-26,0.007141756569965971,-0.08468496592646796,0.002352588168604289,0.3834394809436264,0.23281085667494014
5BZB J2247+4413,blazar,,259,22,3839.9023381700026,0.003358947629357531,0.05098677196086798,0.06587880542693508,0.692998900000001,-0.014994490180289477,0.8102064154951717,-0.5256539819534569,0.0,0.0,4.0534139391681454e-05,0.00013286523227360006,0.0005150846953571361,0.04402560528324717,12.707428611532697,3.8767455011835814,0.09033905109619166,1.416900055912138,56651.62832325,0.1408695058064644,1.767653875626366,5.690307930885914e-05,2.1524568029579867e-07,5.668783362856334e-05,0.02702702702702703,0.0021650104585943858,53.0,-0.017987512725490717,0.03144916092147544,-0.674621404635871,0.7103700909950853,1.3849914956309561,0.8422400125954028,3.0,1.0341149887721313,0.08717481511123723,-0.0005101199004057738,1.625659786277326,0.7597694928998894,0.18596449188272413,-0.014466209539700126,0.17826761813854125,1729.8811734725268,3.480934286106927e-15,-0.2284903690238126,0.07027006495233033,-1.402919508343569,-2.4184954731508534e-16,9.705944831210028e-27,,,,,
5BZB J2250+3824,blazar,0.119,200,22,3836.496695920003,0.024521538960993617,-0.13016571047275383,-0.18838708652173372,0.5209998999999996,0.46991204049672675,2.218084947096293e-12,0.05251877749377142,0.0,0.0,3.487013642429793e-05,0.0002100908470260137,0.0006491310346710161,0.0383435320491446,18.615671821777617,3.089763503599357,0.12462879561679521,1.5546114449304809,56647.54204146,0.12279874986476301,1.7104252613435595,0.0006055604773508269,-4.060403950947833e-07,0.0006059665177459218,0.02,0.0007216700889864359,43.0,0.043861016733268685,0.021274224819546227,-0.5497731481753028,0.8294289708609446,1.3792021190362473,0.8503362039617766,1.0,1.119976888693275,0.08357557808427955,0.01167637073564776,0.8648917629363979,0.5536031436241697,0.1847091945209849,0.06751305508271477,0.1720950030403094,739.5811613552596,3.846950816158972e-15,0.030835438643719994,-0.08837693960630172,-1.5239542959714776,1.5000291579604747e-16,2.1101057805286705e-26,0.12989995146874428,0.027439602097351856,0.04004847377628471,0.18204690656516506,0.16268713723428516
5BZB J2252+1245,blazar,0.497,217,21,3651.6794277999943,-0.10090272052470838,0.026961469788353343,-3.7424784819518906,0.6370000999999998,0.22146182614367332,0.0010220974660733395,-1.999550679151263,0.0,0.0,0.00020622396493677808,0.0014405341403774562,0.0034412651170223066,0.24762344891733037,16.687028112325667,2.3888813310122083,0.11369322972045165,1.5151637837812515,56820.53764424,0.1506304787706454,0.5764269156860318,0.00016122655274484804,1.428018980890199e-07,0.00016108375084675902,0.018433179723502304,0.0010810980698118314,45.0,0.08500824950519996,-0.0014449535117559067,-0.46471621146591907,0.6297913472280762,1.0945075586939952,0.5581084341295504,2.0,0.8956107538827751,0.08890424451009953,-0.007343205142735142,0.708488710819248,0.5456984228450709,0.2157564643899561,-0.047745863310002634,0.21202649240128854,155.54940452872248,2.2921198984285136e-15,1.1079283954363015,0.12705672983858377,-1.1771407828489817,-2.6447876054554654e-18,3.3127174358593964e-27,0.1842993301089474,-0.15105137262548843,0.05986334530671552,0.25941855083927695,0.1732922851297775
5BZB J2254-2725,blazar,0.333,82,20,3649.38783385,0.00907717995738534,-0.0669287262792935,-0.13562457351281837,0.9400005,0.3255028723028648,0.002844880067527043,-1.0990627288802188,0.0,0.0,0.0002879976739865204,0.0023092820306596915,0.008291234573107166,0.10583147698981121,28.789241348893643,3.5903949623460316,0.36908104125518804,1.7118644666783296,56984.08025278,0.11861118114044339,0.4857579088927558,6.800281847310753e-05,-1.4165437959953742e-07,6.814447285270707e-05,0.07317073170731707,0.4888097564955355,17.0,0.12560330569323847,0.0392312130225533,-0.4187515467250887,0.7768938461760598,1.1956453929011486,0.6048387249092524,2.0,1.0539558259868143,0.1597270293667941,0.02302366784045811,1.785416453654937,0.9660739059825821,0.3043981970805405,0.10767600063759386,0.21724180160685114,338.6400913071548,1.0193073794031528e-15,-0.13284547198723534,0.3598524762908325,-0.9501239109402485,1.0924219333185755e-16,4.995204294772609e-28,0.13694327360119196,0.012099880883194658,0.04363880172730471,0.2508178671607457,0.18816044048067948
5BZB J2255+2410,blazar,,221,22,3837.215161610002,-0.07747173183474582,-0.05453288308695467,1.4206425086899277,0.45000079999999976,-0.3615388320616214,3.15767746869597e-08,5.568032951822865,0.0,0.0,0.00017824771058833132,0.0005640860854152501,0.0037228480864249193,0.26161264879246193,20.885811398369892,6.599787117749182,0.09432151308582781,1.5961128218756748,56640.7524942,0.16760263900472716,1.8725470916483091,0.0002555420410454163,3.816651083380043e-08,0.00025550387453458247,0.01809954751131222,0.0007216695140413609,45.0,-0.011247947586247614,0.016723872197337498,-0.9543190928245578,0.7197176702332413,1.6740367630577992,1.0330290536168076,4.0,0.8314951981562521,0.0569132907835857,0.0047911754741376215,0.6484172860527915,0.3616758507356834,0.13555237805762632,0.026601831281138688,0.2277808554403855,37.330964295450734,2.044740276336181e-15,-0.037955998847434606,0.4707446808510638,-1.3748401930917464,1.0233109408990324e-16,4.318536884272578e-27,,,,,
5BZB J2256-2011,blazar,,111,21,3649.171614430001,0.08380803138301099,-0.06714502455897763,-1.2481644311470497,0.5080014000000013,-0.04121779121926798,0.6675425196783625,-0.7493165532710474,0.0,0.0,0.0003149148544485842,0.003498745940857238,0.0572295241126016,1.6977412429417713,181.73015061826894,16.357153409722134,0.15947337135403922,2.376413496232499,56809.5550273,0.5429030184686664,6.460096558523911,-0.00029320287817523024,-5.586590632862405e-07,0.000292644219111944,0.04504504504504504,0.001981622915798486,21.0,0.013550945378048426,-0.0033354752824998847,-0.8473257682791764,0.8384450643987628,1.6857708326779393,0.9515523731508724,4.0,0.7315065799955696,0.0578751840574719,0.0044708016457584415,0.46474874326898596,0.3462752096441214,0.15138093300981337,0.031087632917996544,0.6386389667396818,485.91272531503733,3.2933134614911246e-14,0.24511356441870044,0.38854199568211856,-1.2066696997308848,9.895906362119306e-17,1.1581824571756579e-24,,,,,
5BZB J2256-3303,blazar,0.243,143,21,3649.3120625999945,0.14551426940486892,-0.1147118054764862,-1.2685204351935395,0.9050007000000004,0.3649799076208159,7.400924389289088e-06,0.299738157092402,0.0,0.0,0.00016527631474825215,0.0007955975470350508,0.004869405730020825,0.9967064721702547,29.462211254986308,6.12043833222862,0.03877515674733716,1.7201984523914076,56804.03009978,0.888854749818276,5.809569763888736,-0.00015839327130224624,2.9222120132204714e-07,0.0001586854925035683,0.03496503496503497,0.0012613489938344332,30.0,-0.12318575100406903,0.04713893988909223,-0.9688774260665588,0.9501275275987225,1.9190049536652813,1.0567174312279441,1.0,0.981035267998361,0.13100996084573957,-0.011259319940210104,1.8291898583679376,0.9353016339274799,0.27977403085670305,-0.040670051438979615,0.4754199872985938,438.96186291302115,1.6806765577212928e-14,-0.8192148891407208,0.1589533617160124,-1.1082774542263294,1.4567726120949535e-16,1.8955113111665595e-25,0.9909833593351685,0.18087423687025206,0.31183626619951627,0.5300453152830263,0.4264242279026762
5BZB J2256+1305,blazar,,153,21,3651.9059670600036,0.06673315377767516,0.12622369312231757,0.5286895996063682,0.7659997000000001,-0.1588422377802919,0.04986425687897446,0.7498780219835736,0.0,0.0,0.0008217729252982309,0.0017104426106693685,0.004584841934666823,0.13019804626219303,5.579207817565568,2.680500300557924,0.2492305113998943,1.1200150727605864,56821.65617792,0.39091089526649003,3.5710739129634144,0.00012854179400498538,-1.876512624134635e-07,0.00012872944526739883,0.032679738562091505,0.0012609997809768007,31.0,0.05532128923538891,0.0018122290538471956,-0.9361728245678811,0.7723515628994206,1.7085243874673017,1.0061710094599203,5.0,0.8023092093413396,0.11029125872337983,-0.00022825844869148025,0.3954899092747869,0.5717429046779985,0.287984570089852,0.0045263961034383016,0.32858163030632187,1908.3228848810525,1.2559918679262489e-14,0.16995885606482206,0.29173157665448113,-0.7955024037230699,-1.0320626415527981e-15,5.628995157651068e-26,,,,,
5BZB J2257+0743,blazar,0.19,152,20,3447.3375192800013,-0.07304973571694072,0.06691969422016321,-1.0916029513914083,0.29199980000000103,0.34267604696946136,1.5497368241477808e-05,0.8494466166603699,0.0,0.0,0.00015809191211206956,0.0014429408179062705,0.005819529948843699,0.31888974269560366,36.81105398932266,4.033103695309434,0.12196267191617588,1.800516788322432,56819.74891714,0.1873603657070194,0.6605142853321873,-0.0002577887459491436,1.6572676446884537e-06,0.00025944601359383204,0.02631578947368421,0.001440893880902451,32.0,-0.08422219256821434,-0.02108009276203319,-0.8492464084800471,0.6545778266130712,1.5038242350931181,0.706014373904753,1.0,0.7868165203793932,0.041332801122386374,-0.007092747023846426,0.20749143662579148,0.21100499561738606,0.10460880294513342,-0.040246008191056726,0.38098208014086427,36.448831593470956,1.3637607493787407e-14,-1.1926396074477208,0.7198861800534047,-1.422783930819503,-5.5199414602007e-16,4.0632598335235557e-25,0.20438602911907403,-0.08692918550315945,0.06378573385924707,0.4156023833091761,0.34924570025981183
5BZB J2300+3137,blazar,,259,22,3836.8701883100002,0.013227098677505086,-0.027113341999554803,-0.4878446440767897,0.3599996000000001,-0.2691631153971952,1.1223791080674362e-05,-3.361528980860233,0.0,0.0,5.3458344157301916e-05,9.389238786315076e-05,0.0003280460714161273,0.0948782325556775,6.136480103356122,3.4938515825202643,0.03550152402110677,1.1543528411559447,56645.8275605,0.12881615575092914,1.1250376816982701,0.0007250219124560655,3.674409799038374e-07,0.0007246544714761616,0.019305019305019305,0.0007216701163571841,54.0,0.0024667569185922223,0.010066585133590902,-0.563189719078275,0.6540304350662176,1.2172201541444925,0.6703077463294697,3.0,0.7977390639625325,0.04270659831193828,0.002047929737988924,0.2235191962826446,0.2680970224660528,0.09805277504918841,0.012518726898020138,0.20040371812299573,1225.300842110221,6.351562539486055e-15,0.8754168745607674,0.09882908428573504,-1.7252349356045493,4.533494602361849e-16,4.258458652721967e-26,,,,,
5BZB J2304+3705,blazar,,182,22,3840.056928029997,0.059090483334074295,-0.01977144368781421,-2.988678230436642,1.427000099999999,0.17109753100683506,0.020922268902246938,0.9987827738887055,0.0,0.0,0.00016736632248265466,0.0007169971179251576,0.003262795129146506,0.2434063103462512,19.49493220172607,4.550639107222252,0.09553086371592942,1.571256808189471,56650.63852361,0.023294601215496893,0.015436714031463034,0.00015491792860343695,-1.0357468758556977e-07,0.00015502150329102252,0.027472527472527472,0.00162358324435966,39.0,0.0035528608989289557,-0.004382800754173494,-0.942814883620611,0.9459153459159617,1.8887302295365727,0.9399217427191763,7.0,1.0310163567192323,0.17689100158783724,0.014730088932049095,3.1817878468402845,1.7339919987942471,0.3239917705991676,0.10963879314982583,0.212782744329601,530.2932426154293,2.765118916038589e-15,0.17808694700006436,0.1106138739432863,-1.1737995002588,-2.2903305491684887e-16,3.55546007790147e-27,,,,,
5BZB J2315-5018,blazar,0.808,129,21,3652.0969145199997,-0.19150250524503706,0.27417782108263594,-0.6984609640884084,1.005999599999999,0.10349273008486948,0.2431508556113906,-1.8497958362387403,0.0,0.0,0.00071758024778344,0.00452185058283224,0.018905345806930172,1.0823700968848478,26.345967352058008,4.180886886118207,0.11834748335571686,1.679877561868569,56795.87374113,0.13333786419312316,0.2341532138534512,-0.00018168749075791535,-8.920259883214576e-09,0.00018167857049803215,0.03875968992248062,0.0019819715537309638,26.0,-0.08318222654027788,-0.03301263542785223,-0.6666313032265011,0.8098485561013424,1.4764798593278434,0.8758167985726814,3.0,0.6952788645507747,0.08640741884643113,-0.00026393237937149687,0.9937441198752872,0.6836371743746963,0.17431811964894106,-0.01084981595561485,0.4604952133465971,90.47615182874793,8.123745884915139e-15,-2.3298029216753546,0.5426241811127891,-0.9020064584196615,-6.24739744273022e-16,5.887635802363332e-26,0.17928861296209367,-0.346236529483027,0.059788312085441615,0.6191905695820563,0.34247266016706657
5BZB J2322-4916,blazar,,228,21,3652.304995630002,-0.040660628918546896,0.07126682111465647,-0.5705407970018853,1.1540012999999991,0.2836136299932435,1.370357382076099e-05,0.49997330535660534,0.0,0.0,0.00024529581021555787,0.0010609750535050659,0.0068186765588300145,0.5445571546559353,27.797770068066864,6.426801959081741,0.08425195409406915,1.6992243124905628,56797.452984,0.5421000237771076,6.7810872373456075,-0.00012426168526397,-4.460819088022297e-07,0.00012381560335516777,0.017543859649122806,0.0012613500342415907,47.0,-0.1005090906458933,0.002745334559019958,-0.5619954571535294,0.47208724230163845,1.0340826994551677,0.4748770065499886,0.0,0.9566861164492033,0.12933807200817873,0.012768583822237608,3.92456197720206,1.3831265888779107,0.21077501485754546,0.07478378636103289,0.4862306126164104,484.00863722791433,3.8727227246787135e-14,1.6251524317530177,0.6315234976331418,-1.2248316892334485,-7.466124265551078e-15,1.7415788449820213e-24,,,,,
5BZB J2324-4040,blazar,0.174,128,21,3655.150760119999,0.022349611291908947,-0.0171099103583312,-1.306237778214099,0.32400040000000097,0.12036736585431485,0.17593797744300402,-2.7019594941338805,0.0,0.0,6.676841194451803e-05,0.0003600654400892544,0.002124232451188711,0.2839492938996487,31.81493100568178,5.899573268577443,0.05557071991252842,1.7479080221275658,56983.68321252,0.009956659614073977,0.009674723900749657,-0.00038082265557864417,-4.81780024561291e-08,0.000380774477576188,0.046875,0.48771539822040405,24.0,-0.15102589716369183,-0.030192529452877554,-0.8820728651616481,0.9772347210811798,1.8593075862428279,0.3646590856774684,2.0,0.9447198470054752,0.04997149035081076,0.0021998564292259313,-0.001907255381347178,0.28012882518216686,0.12412731859055215,0.014477748529988066,0.23957466688522644,96.83077848551046,2.834875741886945e-15,0.8225130517980304,0.39784217910881026,-1.4535175680252568,1.158969709542109e-16,1.463211612707017e-26,0.010788168193312722,0.026238443656701103,0.0033579784388927474,0.25958221947864285,0.22110921591025795
5BZB J2324+0802,blazar,,165,22,3836.7794115399956,0.06304311634905249,0.007326207817843259,8.605149883341907,0.5659989000000003,0.16506049622416114,0.03411782800192147,-1.5756794297905528,0.0,0.0,6.391690680888265e-05,0.0005228465629274309,0.0023255181204986826,0.43483077656043767,36.383457839546814,4.447802244372128,0.043784188434895704,1.7963026892484122,56640.74931125,0.15505644818637038,0.9179523847255683,0.0001768509913846362,4.865782233167955e-07,0.00017636441316131943,0.03636363636363636,0.0012630972484597449,33.0,0.08688945748943029,0.009716436709802092,-0.9532377431239228,0.8484815899736773,1.8017193330976,1.4815814832683265,5.0,0.7895881323957972,0.05702665189101708,-0.007021101527509806,1.6849108956005086,0.4661483894023801,0.12853720552771009,-0.03813861683004405,0.32915238337418506,387.0515340643052,1.1437109818970579e-14,-0.7459536790118988,0.1957080681272031,-1.5798080004574375,-9.785298984926165e-16,1.6813990491061442e-25,,,,,
5BZB J2325+1646,blazar,,141,22,3836.343782969998,-0.025216189939973654,0.10915750858196975,-0.23100737885601372,1.2360001,-0.11849353326439431,0.16168007686721264,1.4179504741983564,0.0,0.0,0.00033429336219053407,0.0032632594276264886,0.009375406337889922,0.03758896896866987,28.04544561821381,2.8730189992390662,0.7429293059424998,1.7024236503592325,56644.37500775,0.23404139516496977,1.0865107014585718,-0.0001927855041280972,-5.5365462030335725e-08,0.00019273013866606686,0.028368794326241134,0.0007216694866506922,29.0,-0.09737219691178632,-0.018248207978026513,-0.860855977432247,0.7733272289372841,1.634183206369531,0.9967146585237165,2.0,0.9825291564612203,0.1619739813768576,0.008661718875310725,1.4920308570190233,1.1858330664356063,0.3179430716062156,0.035327973134883894,0.13901743678302936,2819.917926782861,5.793837170506341e-16,0.1392826545552238,-0.06717484516436398,-1.0585734194112544,-9.97233181264481e-19,1.021458223801896e-28,,,,,
5BZB J2325+3957,blazar,,198,21,3634.634961069998,0.06500785765924581,-0.10061671862263431,-0.6460939946079888,0.9940003999999991,-0.17576220835530876,0.013254881556872994,-5.920897472516493,0.0,0.0,0.00035571273331326937,0.001690533350620977,0.007001265690481798,0.3004214976263988,19.682358867467247,4.141453751130433,0.15075860333010993,1.5747078071243277,56655.84385353,0.4443635346432574,4.616036882114467,-0.00013049397436857047,1.0254402142734953e-07,0.00013059651838999783,0.020202020202020204,0.00144334020534362,41.0,-0.06622994910635623,-0.010704420211029806,-0.8598032925743548,0.8274881339401827,1.6872914265145376,,2.0,0.7422413148039267,0.06356127273027948,0.0015215460829620007,-0.6402439177825912,0.551126151342884,0.1418972079470554,0.0004842348813858255,0.25811858040894575,27.397360370931743,2.0394725811707184e-15,-0.3140374104811057,0.4073358304112209,-1.2786065284125592,2.8909630902013415e-17,3.2032156402053522e-27,,,,,
5BZB J2329+3754,blazar,,267,22,3839.900926220005,0.012042509984105674,0.07038254526840618,0.1711008025950349,0.9919996000000015,-0.058011034453245916,0.34503874214708885,2.4705728067397708,0.0,0.0,8.812551935356376e-05,0.00029974772808820073,0.001596229680283574,0.3886834265659326,18.11313764593304,5.325243614485846,0.03493668140605076,1.5447411435973872,56655.57988148,0.09298291255581012,0.4367564899148891,-5.4677245857981114e-05,-9.316440921368013e-08,5.458408144876743e-05,0.018726591760299626,0.0010825051334796539,53.0,-0.001797230420586871,-0.003635113034318003,-0.8630863685579501,0.9329593502106126,1.7960457187685628,1.7960457187685628,4.0,0.9289663320593208,0.08729610082342204,0.003457422173938562,1.4364668705361756,0.8533278381883221,0.16486629900259842,0.022804133658650638,0.27915454167542236,174.17987956887856,4.399846203462529e-15,-0.4759580087317346,0.23790415531289244,-1.381962163451257,-3.365956476188357e-16,1.4569946947543276e-26,,,,,
5BZB J2334+1432,blazar,,256,22,3836.822953899995,0.0607913582719413,0.09395475500605856,0.647028011174328,1.3260003000000005,-0.15348822947680774,0.013956621798773858,3.624103816825457,0.0,0.0,5.237609701898658e-05,0.000499415983503955,0.0006553771503868078,0.10889903283257991,12.512905221561759,1.3122870927684886,0.06951578517291816,1.4113362218905618,56645.56053229,0.00911731913713164,0.0027915109520196034,9.58084588423571e-05,5.368710776151046e-08,9.575477173459559e-05,0.01953125,0.0009019322929445534,53.0,-0.012823816379561925,0.0025187973246231046,-0.5750542692107701,0.557062382434713,1.132116651645483,0.6253953600515049,1.0,0.8076071889355863,0.10267992093738518,0.0006950935513228239,2.7069920230892803,1.145008090603291,0.1972174408623656,0.010113358812447015,0.1237469935190365,211.63126514954584,5.17892563931115e-16,-0.15038989755885654,0.11738616203429925,-1.1038504852083384,-1.1654384679867145e-17,1.1327616808124517e-28,,,,,
5BZB J2340+8015,blazar,,448,21,3635.1961780400015,-0.04183525535887512,-0.021649132412903463,1.9324217969095236,1.0639992000000014,0.32999877381905807,7.666568108504594e-13,0.14928937076139637,0.0,0.0,4.297182167269227e-05,0.00015452022513642185,0.0005923336568542623,0.4790430464238076,13.784233947113405,3.833372961357864,0.01333611986105308,1.4462367974352703,56710.00033183,0.06753584458524944,0.20453697295278883,-0.00028018485300089995,1.2818247408119274e-07,0.00028031303547498116,0.011160714285714286,0.0014426395893310472,96.0,0.014204596679265486,0.011041595977275467,-0.371510811306535,0.501896188467865,0.8734069997744001,0.48164997796361486,1.0,0.9305206806641176,0.0569667512937596,-0.0018483691316425654,-0.8166633280244217,0.7694579263297205,0.13055708527801313,-0.01780972238424483,0.26671047834653205,392.75025022376394,8.932266898948617e-15,-0.7518514644202001,0.38183096001536315,-1.566530870639744,3.4372398478693993e-16,1.0922562582120933e-25,,,,,
5BZB J2347+5142,blazar,0.044,199,22,3842.32645529,-0.057647577785457496,-0.0040753247561876,10.0,0.44099999999999895,0.11767260922146416,0.09786872891043638,0.21039433020068446,0.0,0.0,8.135454652675648e-05,0.00026462259518986143,0.0008881602070250861,0.01641153659950666,10.917155021149636,3.3563279168640947,0.305671026394597,1.3621312599040345,56670.53816797,0.03871940524439115,1.8374958717676624,0.00013720081993577303,-6.45425099051451e-08,0.00013726536244567817,0.035175879396984924,0.014430611608490988,41.0,-0.042619310415328286,0.004277101373307779,-0.9197341062847812,0.5780302618895061,1.4977643681742874,0.8652749599678163,2.0,1.3641508632307158,0.07340842933829357,0.0015839645431210065,0.3622511853355971,0.563406706420944,0.17447375937458776,-0.004730081649554796,0.13268372492857855,7.38905609893065,2.5184519536776973e-16,3.3398753634142153,-0.005076142131979698,-1.5425444861469575,-6.173517052449253e-18,2.0955000912616534e-28,0.03956206270593683,-0.06018407120801763,0.012021635457183145,0.1355713449767439,0.1298576101309807
5BZB J2352+1749,blazar,,157,22,3836.3469390300015,-0.01211488598346111,-0.09905735243992368,0.12230173414748338,0.7409991999999992,-0.29181363053587545,0.00020870614643533875,3.9912712849593452,0.0,0.0,0.00012634400210555563,0.0005371225986519455,0.001777469702355348,0.2760590563032965,14.068492834363807,3.309243929611499,0.056531727039557625,1.4535989689529378,56838.43341685,0.1948367546958861,2.17965234782136,2.5262298879455135e-07,-1.0966986838364815e-07,3.622928571781995e-07,0.03821656050955414,0.5147066307460711,32.0,-0.09497972053682119,-0.001990314218052896,-0.9319617614406821,0.5491150376333723,1.4810767990740543,0.7749215146767174,2.0,0.8076732050585653,0.07779497498790196,-0.0008617715845744841,0.3969146509757137,0.5465328004029638,0.19639825528646404,-0.02017975616078338,0.22122765198900532,637.5210075139485,2.8775905214161593e-15,0.02114416914439883,0.21251498005690275,-1.2978542182743038,6.598718113939145e-17,4.734508154959041e-27,,,,,
5BZB J2353-3037,blazar,0.737,155,21,3651.5873562199995,-0.03935532410534383,-0.05441732779390579,0.7232130959166878,0.9939994999999993,-0.061248865914573083,0.4490013777982441,4.34891307311622,0.0,0.0,0.00017571703747553847,0.0005385548936660451,0.0022399491424973006,0.23539377975891132,12.747478343195064,4.159184448386233,0.07526339901665476,1.4180349956231209,56816.79557441,0.26628282974955697,2.5626436292295063,-3.372121840246225e-05,-2.1047706042802087e-08,3.370017069641945e-05,0.025806451612903226,0.0007206212457221302,31.0,-0.009012474594786405,-0.011901078255025834,-0.8948185974321144,0.7918090433131838,1.6866276407452983,0.5711341618466197,2.0,0.8094494240164433,0.09827316592731408,0.007364629499599323,1.7378707177934696,0.8380130434939846,0.19104239717191596,0.03152221055707782,0.17734146367996825,179.52841463080466,1.4620391861674547e-15,0.197036886789782,0.22042372351728015,-1.1397385043526729,9.298513288389609e-17,1.0547102033971345e-27,0.3509482431834538,-0.06836019797098224,0.11643877043253197,0.23372770666663942,0.1345582652081977
5BZG J0550-3216,blazar,0.069,186,21,3634.3400089999996,0.05049811876995127,0.035560244676287336,1.4200723091094187,0.447999900000001,-0.2563569627873966,0.0004126143939175433,-0.3980112261738535,0.0,0.0,5.353043677120792e-05,0.0002767887764755661,0.000570904691274009,0.008240748072003715,10.66504805572649,2.062600573913826,0.4027380193706165,1.3537046409397004,56731.57887278,0.012385970558551493,0.10524773402654045,-0.00013948164691088754,-1.0123989396379893e-07,0.00013938040701692376,0.03225806451612903,0.0014422905407377444,39.0,-0.04761988177064648,0.0019530935791656579,-0.7134770541197868,0.646272447453573,1.3597495015733598,1.0474551572019333,2.0,1.4243076387878604,0.08948695136245283,0.00461219577028255,0.6548888598715623,0.6024994004268387,0.21804026849548075,0.033934017961067875,0.03801885285444684,344.51446733403316,0.0,,,-1.5831138888303136,0.0,0.0,0.012806159185252946,0.05398248896507791,0.003911000140939562,0.03930862578698826,0.03677139923946516
5BZG J0617-1715,blazar,0.098,167,21,3634.285269760003,0.023176200092752824,0.03400753088982242,0.6815019934213709,0.4109992000000009,-0.5309098328821207,1.578034029565823e-13,-1.9900261572950049,0.0,0.0,0.000322522283484647,0.0007845883105284068,0.0018232736292764313,0.008347984899096139,5.653171011701749,2.323860300346085,0.8043536246241241,1.1247650852016031,56930.93072691,0.02993768099460952,0.5314834584440268,4.811497140036603e-05,-6.216738043321755e-09,4.8121188138409354e-05,0.041916167664670656,0.5245154919644227,37.0,0.07977356140263722,-0.010637447254237292,-0.7177643088304514,0.6867303519004069,1.4044946607308582,0.7506011970709858,3.0,1.464914364051971,0.08462353087056684,0.005158570157913242,0.22585790640649814,0.5463021538103812,0.1945035412649334,0.026630745137380174,0.05380781733393439,7.38905609893065,0.0,,,-1.3307733368457422,0.0,0.0,0.03137034727544205,0.025447467701842603,0.009634109918042968,0.05638278783861057,0.051350444297459524
5BZG J0654+4247,blazar,0.126,237,21,3633.921470699999,-0.051881132864946326,-0.016743765254242444,3.09853441428301,0.430999700000001,-0.13588614085085304,0.03656511506818013,0.34821971656262823,0.0,0.0,0.0002039771119957394,0.00040063002388516784,0.0017310923634275988,0.013652377945770596,8.486699012470861,4.320925182589049,0.5235839546461067,1.2713008782172912,56744.49793281,0.03946730550358401,0.37707177903231226,2.7988242321383496e-05,4.047409518173577e-08,2.794776822620176e-05,0.016877637130801686,0.001081456454479678,52.0,0.07983574684913501,0.010236194093542195,-0.4682541388595332,0.813131232684402,1.2813853715439352,0.721957869124618,3.0,1.1098737788237694,0.06588715737599096,-0.0030900928288473133,0.21282886306162255,0.43926535119226995,0.16131829884099935,-0.020248308375421242,0.05761869571761703,7.38905609893065,0.0,,,-1.6590192761863738,0.0,0.0,0.04187999996873328,-0.058418155605929556,0.012928039261561275,0.06114101137796508,0.054299299625191026
5BZG J0709+5010,blazar,0.02,242,21,3634.143296559996,0.055897116007509566,-0.016647610859006724,-3.3576659426339246,0.4410000000000007,-0.6827543024478935,1.4623792168861364e-34,1.989948417007527,0.0,1.0,0.00017311752538484398,0.00037328908117330187,0.0018899407405249787,0.009829943043686595,10.917096495034246,5.062941379162977,0.6320207316823154,1.3621293261364391,56745.94780157,0.1222700202973161,20.83800074768883,0.003040804625948955,-2.449066830615503e-07,0.0030410495326320163,0.01652892561983471,0.0007213198357216457,53.0,-0.04252271257658031,-0.012649972750040433,-0.8276628239270434,0.6006190291668294,1.4282818530938728,0.7895137403736234,1.0,1.9674946037646495,0.12132101958995262,-0.0003181701217046747,0.4017213553083052,0.8002436050039299,0.2863150163313466,0.010715727989362378,0.3302881909674409,7.38905609893065,1.1648350771590544e-15,0.11671275712489673,0.5144730336379296,-0.9381023590457274,8.663684417811274e-18,4.831557256537749e-27,0.12348666738063754,0.05701505832765976,0.037335318140051955,0.3335747215758346,0.3270340407606222
5BZG J0737+3517,blazar,0.21,214,20,3441.9243560499963,-0.02614611516541116,0.09063241067362117,-0.288485266706263,0.9350003999999998,-0.4229848727223315,1.0669495697486041e-10,3.9578596291334662,0.0,0.0,0.0001076844340494617,0.000533054204996477,0.0011135796005331464,0.012504530668673228,10.34113797431965,2.08905508671759,0.47402896263490163,1.3425807624215214,56947.75580094,0.020379337918911035,0.017869365909405147,3.150675950326027e-06,-1.0800882601771799e-08,3.161476832927799e-06,0.028037383177570093,0.00936215945242931,46.0,-0.03137401174515533,-0.006246743634064883,-0.7565376916050855,0.40604831519100504,1.1625860067960905,0.8608467516330931,0.0,1.4235750636526006,0.20998609394302725,-0.004754244038524563,0.907331842658338,1.3266359636107352,0.4887867544593547,-0.007554014162467482,0.01675894185760172,7.38905609893065,0.0,,,-1.2755099250607842,0.0,0.0,0.022417271710802142,-0.0316367993501475,0.007018486522090964,0.018434836043361897,0.015235401688728837
5BZG J0737+5941,blazar,0.041,246,21,3633.958533459998,-0.039324964012727344,-0.014088706143336661,2.791240275199176,1.335001,-0.8101030995452659,1.6493961919742613e-58,3.581725043245994,0.0,0.0,0.00015167241583865352,0.0004091002134875377,0.0016589643765539312,0.007346750865446197,10.937811970905091,4.0551540131359864,0.7070841185821085,1.3628130655459825,56749.04376683,0.029335582305677538,0.4051258304626418,0.0005789444076909082,-1.714978589407794e-07,0.000579115905549849,0.024390243902439025,0.0023431560301075613,51.0,-0.05106057476120872,0.014209285688134518,-0.6937589272513733,0.3145959210639228,1.0083548483152962,0.7444074186708292,0.0,1.9697309354547095,0.23360024213568292,-0.005589611580108436,8.662710606925058,3.521319241542982,0.32429979395806496,-0.01172035213853273,0.5646564136356068,7.38905609893065,1.632896157031126e-15,1.3734683719541156,-0.002888574764919165,-0.6580229628248615,-2.5880500481508168e-17,6.95493891172541e-27,0.029930920820631653,-0.040937287537249165,0.00908942496668672,0.5761155933870201,0.5534251617550626
5BZG J0741+3205,blazar,0.179,206,20,3442.3462357300014,0.006763007828409563,0.010729707666690217,0.6303068115643957,0.9720001000000007,-0.23409129951516178,0.0007077066295974714,1.4136945526611915,0.0,0.0,0.00023603492890076605,0.0010023310905281277,0.0022379536091016576,0.01438819851423463,9.481450944750167,2.232748867133047,0.6533035574088671,1.311276963006947,56949.00574987,0.05837154144024846,0.24473325474464372,-0.0002804160344322908,1.6470467093775025e-08,0.00028043250489938456,0.019417475728155338,0.0012603054620092256,45.0,0.11185767571241882,-0.011664144760978854,-0.8348504345275201,0.7136475537041447,1.5484979882316647,1.2937752946530552,1.0,1.2660701958277063,0.13144361397629867,-0.005924672146731463,2.785908140628972,1.3604290451846963,0.2491602697750266,-0.03393493356293287,0.03603543385352242,106.23092757470323,0.0,,,-1.4556619348251445,0.0,0.0,0.06338085078539454,0.007973586229694875,0.01974459593278298,0.03912791061711146,0.03318737117651524
5BZG J0745+3312,blazar,0.22,213,20,3442.46402372,-0.008016887805205491,-0.06425648395033505,0.12476387303422769,0.9480009999999996,-0.44007373881697165,1.6789505768552845e-11,-2.450487737624093,0.0,0.0,0.00027233212817643655,0.0009565797822633035,0.0026738265481704936,0.02007391310132863,9.81825595186455,2.7951944991445727,0.5727485157692684,1.3238666943285131,56949.53152802,0.021132648611401624,0.014457616753072656,0.00019127379373618376,-5.270690129148286e-09,0.0001912790644263129,0.018779342723004695,0.0012603050787191492,46.0,-0.05363689455798569,-0.0019368200912311321,-0.6630773618984847,0.5766818970220126,1.2397592589204973,0.5637666453782773,1.0,1.4269152934999092,0.20146975418892682,0.006449300029732389,1.0605814922123777,1.3234884707612289,0.42060411168046197,0.03523064828437672,0.014378890762358426,146.4037019702345,0.0,,,-1.2024510524080558,0.0,0.0,0.0233417733162292,-0.0097806031223507,0.007319355704579109,0.015882003949694776,0.013018036024339982
5BZG J0748+2115,blazar,0.263,211,20,3442.3992121700066,-0.019307185601687656,-0.14945887284145382,0.1291805915207774,3.4090004,-0.46985566639290866,5.518075016473497e-13,2.8274326177987734,0.0,0.0,0.00030362664102690596,0.0012400579508768173,0.0016118282556868756,0.02546381966500305,5.308586377423503,1.2998007498338178,0.4501955369014939,1.102081934511447,56952.36123087,0.01955459376207566,0.010511879453251282,-2.972610440643102e-05,-1.4233091886008725e-08,2.971187131454501e-05,0.023696682464454975,0.0014401993976904668,45.0,-0.11528059304038682,-0.00314059905558279,-0.7818979381602098,0.6282116374222929,1.4101095755825028,0.8049516464828689,2.0,1.441323619344655,0.2810473110881594,-0.01200134977897742,0.8356445992393141,2.573394688761634,0.5666631514799467,-0.05921206843396565,0.027663217403150107,259.27533646853584,0.0,,,-0.8794265544896852,0.0,0.0,0.021976092448007172,-0.024384975414931506,0.006935712366267724,0.03108882907299107,0.024615066566105365
5BZG J0751+1730,blazar,0.187,212,20,3442.3718360799976,0.029913332607596505,0.03022977342130395,0.9895321473536273,0.9530000999999988,-0.51627494451859,7.700208506123285e-16,1.9791870926127295,0.0,0.0,0.0003948109358499177,0.0017535800371882024,0.004591375059207116,0.014182817679672893,11.629300585845899,2.618286567604249,0.8790811579529468,1.3849231068665873,56953.54547337,0.0044115233211454155,0.001533589442311115,4.625408423028372e-05,-5.092747243830553e-10,4.62545935050081e-05,0.02358490566037736,0.0014398509240223186,47.0,-0.02076602562852904,-0.017640138405165644,-0.7280083240914814,0.5688947659007781,1.2969030899922596,0.625720446999645,1.0,1.4595911416284597,0.1757152893371954,0.0034302189689445995,1.623971285736989,1.530200235837245,0.39383369553587966,0.004863538274504142,0.006737946999085467,7.38905609893065,0.0,,,-1.2610941130575917,0.0,0.0,0.004806333906569822,0.03550712580521705,0.0014992508320334245,0.007340961560181985,0.006184466352301587
5BZG J0753+2921,blazar,0.161,159,20,3442.0822677899996,0.1324803368625159,-0.016641294979916944,-7.960939159025537,0.8719988000000001,-0.4182623203466048,4.1093413914543014e-08,-1.9790206057108828,0.0,0.0,0.0002167113856377896,0.0006794422917678211,0.0015137328573927244,0.011397297549481515,6.9850176351036435,2.227904964859167,0.614099083193258,1.2010659397426724,56952.03104373,0.05725033206504113,0.20764181900116724,0.0001663066551899599,-9.680867605061971e-09,0.00016631633605756495,0.031446540880503145,0.0007202740588576344,35.0,0.042780930627410375,-0.01997117116463249,-0.4543148225573337,0.5249738054560978,0.9792886280134315,0.45191332876324114,2.0,1.5274634830549758,0.18641465576396102,-0.0004775592177037362,1.858836350533292,1.461935442943899,0.39423778230192896,0.0023471932928107453,0.017984816099074707,88.93798804549722,0.0,,,-1.4183808183512112,0.0,0.0,0.06168706676061223,0.15380967109738097,0.0191590965312145,0.0193785871865433,0.016691289566359433
5BZG J0809+3455,blazar,0.083,194,19,3442.366997680001,-0.020946480696080187,-0.041017038175488324,0.5106775532270819,0.5550002999999997,-0.39200738104175703,1.580121133371708e-08,-0.32986405179685163,0.0,0.0,8.996035002816726e-05,0.0003371418434809349,0.0005893024389805873,0.008488739749792959,6.550690745927307,1.7479362132810303,0.4359362624250629,1.1779117609837737,56954.00248907,0.004699442302367475,0.0074809403358380615,-0.0006135560673610206,-5.261557097864406e-08,0.000613503451790042,0.02577319587628866,0.001260305325115644,41.0,-0.06567712853547442,0.02621533680805137,-0.6314993692885724,0.6318889112370618,1.2633882805256342,0.7785317783189658,2.0,1.3879291927838713,0.10956955008081094,0.007620022553311596,0.6227921776723125,0.7291442754569297,0.2534352089523715,0.04678578520837107,0.049347234157766255,7.38905609893065,0.0,,,-1.3731462832875414,0.0,0.0,0.00489058205773129,-0.02268503859385484,0.0014976618365030445,0.05135432726752624,0.04741858473455794
5BZG J0905+4705,blazar,0.174,213,20,3442.3549068100037,0.044447527320216985,0.059328257796667526,0.749179715887656,1.0900011999999997,-0.10167534060972955,0.1391386248474356,3.6284918251111606,0.0,0.0,0.00011184931521562469,0.00012500190411018469,0.0009079439687094546,0.01526889308231955,8.11756387458916,7.263441048431499,0.2985198700887348,1.2552617083160582,56960.57503838,0.0771616072173246,0.6086280520518703,-9.324940638320359e-05,-1.551444022193791e-08,9.323389194298165e-05,0.023474178403755867,0.0012599633949288295,45.0,0.03299288909182741,-0.01459129876742863,-0.7387323872976425,0.8059614151539016,1.544693802451544,,4.0,1.1417225397077884,0.12886381758306373,-0.0010970953048263991,3.3120863420868085,1.4385215501830828,0.24503247752230317,-0.019223022711065907,0.056611040006529965,7.38905609893065,0.0,,,-1.6060017281603058,0.0,0.0,0.08360558952423838,0.05218139707393474,0.026023488136506446,0.061338786788042846,0.052247688916561195
5BZG J0906+4124,blazar,0.027,233,21,3633.8244197599997,0.0772551747077667,-0.00849503192577014,-9.094159431397655,0.5159998999999988,-0.6721700490119206,5.448278502987703e-32,-0.6964208333557836,0.0,0.0,6.533017041725328e-05,0.0002640284459530449,0.0004994920251082047,0.008318246439967649,7.645656122927179,1.891811397114474,0.382776485212918,1.2336600791819032,56771.35635016,0.06125413524245411,3.2091027694686147,-0.001865592333927036,-8.833173571565548e-08,0.0018655040021913205,0.017167381974248927,0.0014415949623571857,50.0,0.19098616681161656,0.016667667092509313,-0.4741739815988491,0.8354850131851408,1.3096589947839898,0.8270050672784591,4.0,1.9601579541014058,0.1316019413083945,-0.005109638028312724,0.3418882834383715,0.9237007871506853,0.30583398337518464,-0.017879889671626126,0.2562827814589931,7.38905609893065,6.023919126296978e-16,-1.9833473794736516,0.3228221415607986,-1.0998457378220032,2.0326612543583217e-17,9.230144699380408e-28,0.06207555839118148,0.0793410644248764,0.01879606102209558,0.25971955529438223,0.25289148519414045
5BZG J0912+5320,blazar,0.102,209,20,3442.383174540002,0.0053791869584387236,0.08012767753675645,0.06713269526589191,0.5650005,-0.4672149516159366,9.931195723602929e-13,0.5654838890414788,0.0,0.0,0.00031332353613270465,0.001667676670416873,0.0035251380678925103,0.019894015372300854,11.250792392272395,2.1138018707772184,0.6984668043919807,1.3729886772990412,56959.4561178,0.004039209985292905,0.002194501309692829,0.000305361885531381,-4.5675280328750236e-08,0.00030540756081170973,0.023923444976076555,0.001439851197809482,47.0,0.06251309292077176,0.004114282623027638,-0.5236222775257322,0.7744446289840613,1.2980669065097934,0.7478215216195035,2.0,0.9522316636215366,0.08903408762080225,0.007194224234296844,0.38402444803808783,0.5213631562148875,0.2293800490343112,0.0405860011538276,0.23630475790913916,7.38905609893065,2.1755839288168293e-16,7.980093676960352,-0.015306122448979591,-1.0410664901184008,-2.7320301072314974e-18,4.444315119720919e-29,0.004240208658831483,0.005927864028199474,0.0013031812706493558,0.2480637263865226,0.22510319998777004
5BZG J0916+5238,blazar,0.19,176,20,3442.4915398099984,-0.01073697516025673,0.07146517043483429,-0.15024067101396296,1.2739991999999987,-0.21171688734580993,0.004790758496223946,1.9792559161125247,0.0,0.0,8.872163250271175e-05,0.000359352971521867,0.0008398025195152412,0.023222801692993445,9.465589015440894,2.3369850362491116,0.2489852973326562,1.3106730712650134,56960.57401971,0.005464270278659218,0.003146218210491524,-3.9466967349885265e-05,1.4979265679461597e-08,3.9481946615564726e-05,0.028409090909090908,0.001980237700202879,38.0,-0.04942674906154671,0.0031721339168090125,-0.8534322230950225,0.9386442313171097,1.7920764544121321,0.8522037180129388,2.0,1.193099680416189,0.1938443783260946,0.004339907088695711,5.111708938025715,1.8836782461235209,0.2453366134614432,0.024090797217032778,0.03532305336158455,137.38932673082542,0.0,,,-1.6420396993046522,0.0,0.0,0.005960815138645369,-0.012777000440705509,0.0018602786582653044,0.03853290201314412,0.03238058992701186
5BZG J0932+3630,blazar,0.154,240,21,3633.6760550000035,-0.034101565303892335,0.08012622784445184,-0.42559803726307105,1.3050003000000014,-0.3116149628005887,8.414337555655998e-07,-0.696392399315538,0.0,0.0,0.00011967404695302236,0.0006754282988162263,0.00111296822927607,0.006185245439538707,9.299996518150383,1.6477962643538797,0.747885734310126,1.30430754434568,56778.0028966,0.05879884466901056,0.23507920030590193,-9.467805786684926e-05,-9.515074170523462e-09,9.466854279267873e-05,0.016666666666666666,0.002342464613295871,54.0,-0.00150346994480955,-0.006874497062249519,-0.5939544924515121,0.658507553558126,1.252462046009638,0.6698725867552566,3.0,1.341515534298868,0.16997187176409728,0.0048492094968211,3.6433372488845484,2.0195167663100166,0.300242541241204,0.029200291079114926,0.014781194158757416,858.8923951567301,0.0,,,-1.5173264741955768,0.0,0.0,0.06316430139809699,-0.03935320636069175,0.0195944620898803,0.015878607957744675,0.013759625613296947
5BZG J0940+6148,blazar,0.211,282,20,3442.7781769400026,-0.0021132372724087353,0.08587767429502442,-0.024607527972275,0.873001099999998,-0.02199956958327122,0.712993136437516,-0.3770325176662563,0.0,0.0,0.00010773341847306023,0.0003110935247920783,0.0008254768238149219,0.04769530174674301,7.662216866896537,2.65346834754329,0.1395809278447565,1.2344404653206156,56959.32292228,0.14295781640760558,0.7238274308064273,0.00010487004274094618,-4.062041202950461e-08,0.00010491066315297569,0.014184397163120567,0.0017999882546190075,62.0,-0.0964700304485851,-0.0018465883156489724,-0.7483526328957155,0.48968249862089164,1.2380351315166072,0.7423138575208298,0.0,1.1361162880217115,0.1304092173511656,0.011046963345859676,1.2986837987072537,1.0140366294910796,0.28844729717079376,0.03575869622241923,0.09756978763647427,7.38905609893065,0.0,,,-1.1183947647784103,0.0,0.0,0.15731856545376052,-0.0025591303368869786,0.04926165419769545,0.10737110714417412,0.08866317683251372
5BZG J0946+5819,blazar,0.147,311,21,3633.4413870999997,0.03271901975325952,0.0072212772883833475,4.53091862375838,3.8640003000000007,-0.5293090476653887,7.440279100123852e-24,-7.411126169444215,0.0,0.0,8.589195107374089e-05,0.0001567867036610353,0.00038397790928567543,0.007422311573679625,4.470475987738858,2.4490463659901245,0.3450624294636488,1.0401071130750736,56771.1621598,0.05062935307966837,0.3919626015514377,0.0002745744356493695,5.4930372684321434e-11,0.0002745743807189968,0.022508038585209004,0.001261353511282789,66.0,0.05645205755288487,-0.0002670472037218668,-0.5408223280732237,0.516307556894483,1.0571298849677069,0.7012441160125579,1.0,1.4986995112156853,0.25569466963279375,0.003591883095906151,7.509177778685294,4.825943737695317,0.28687992618877,0.010711399376103437,0.5884538178014845,7.38905609893065,1.867288194435147e-15,-4.111874061622644,0.07639805250944169,-0.36420679120721144,-3.694971506613327e-18,3.646091267942214e-27,0.0542230680437375,0.03752871565698867,0.016800441740911044,0.6302227751762536,0.5494531605721479
5BZG J0948+5535,blazar,0.118,277,21,3634.0570668599976,-0.025128794037379436,-0.050066780963236135,0.5019055260579149,0.8339996000000003,-0.28180740435689666,1.8797294781448473e-06,1.989901200197124,0.0,0.0,8.88632047560795e-05,0.00029322588743668337,0.0005549725726530939,0.008697154297746127,6.245245913999968,1.8926452081427656,0.4062925994418362,1.160689595846922,56772.41210936,0.04753381287869905,0.33069534089657887,4.0494132360381406e-05,-3.292477479107125e-08,4.0527057135172475e-05,0.021660649819494584,0.0014415947980729355,60.0,0.09821393974164616,0.02162074683417678,-0.5711491620072986,0.7325895152194304,1.303738677226729,0.7057978665707213,1.0,1.424490035482445,0.12677311946628014,0.0056542829577922666,0.47986899714610576,1.0504927994247568,0.2755795700722836,0.048612402209355254,0.02211107584692356,1050.4686895921343,0.0,,,-1.6852032054209007,0.0,0.0,0.050260123796784094,-0.028093991733790208,0.015492503393952016,0.023379260826022673,0.020911682313079313
5BZG J1743+1935,blazar,0.084,300,21,3652.3263850099975,0.03448567743819638,0.009568486378778409,3.604089097590282,0.3779993000000008,0.046890400970638124,0.4183884647985447,0.19999049336125926,0.0,0.0,3.296211547677505e-05,0.00021531326510051456,0.0002517653739630292,0.023492079305098244,7.638022095468957,1.1692980117885432,0.11979611937341925,1.2332997747906278,56733.26036914,0.01223917404397314,0.10327752036827889,0.0002416825120466437,-7.828194627010482e-08,0.0002417607939929138,0.016666666666666666,0.001442290540717824,66.0,-0.02975229478150291,-0.009726941345662125,-0.7109681020864399,0.5320933328005333,1.243061434886973,0.6353623794623412,1.0,1.2406877528358053,0.061292281614642445,0.0005958936052931438,-0.04599333795385587,0.4204208727196521,0.1475306416309068,-0.002709346897151965,0.06220671024341061,7.38905609893065,0.0,,,-1.8152459080281318,0.0,0.0,0.012742855304290078,0.03738247434300488,0.003903044631551091,0.06476671585351143,0.059747892853792825
5BZG J1750+4700,blazar,0.16,612,21,3653.0431708000033,-0.043895244278988985,0.17112787021383633,-0.2565055255122312,2.8249999,-0.4044230957551527,1.744323452854464e-25,7.001040984421635,0.0,0.0,5.8472883844209916e-05,0.00032096017193572403,0.0006144357311066794,0.018585744501383873,10.508045442665068,1.914367522570245,0.2428284198692663,1.3483556104633028,56732.79431262,0.0018113639030078541,0.00012955275090728748,-0.00010162831459322785,5.285869959070574e-09,0.00010163360046318693,0.006535947712418301,0.0012616991375763898,132.0,0.0013422046431702112,0.003501890542246879,-0.6735946267609121,0.5498374944686943,1.2234321212296064,0.8381581224804899,1.0,1.376239274206796,0.22570567037408062,-0.0012140561874877684,3.6674313521991877,3.560213240618302,0.38454741311754215,-0.007573738165456589,0.04617588098276548,7.38905609893065,0.0,,,-1.2584042432021143,0.0,0.0,0.0019508986286783385,-0.05091848336362722,0.0006058174520603678,0.049732945841364014,0.042873229173589676
5BZG J1757+5523,blazar,0.065,601,21,3654.5355770000024,-0.0074850556419439555,0.0026215879970455233,-2.8551609369509863,1.3229989,-0.4799463635421625,5.9505588254230196e-36,-0.7003901174264207,0.0,0.0,5.0209740288284144e-05,0.0002470476024038482,0.0004010933035817111,0.009509630397810607,7.988356308764759,1.6235466284853803,0.3093980496444099,1.2494746717706997,56735.09747192,0.014300984743225047,0.12034790458829743,-2.2095880545929365e-05,-3.1522872448335084e-08,2.206435767348103e-05,0.0066555740432612314,0.0014422904038441627,132.0,-0.04778305145148337,0.0057167915616240595,-0.5640505586359337,0.27634603276667846,0.8403965914026121,0.6654691985581801,0.0,1.7442535942888622,0.12367370101712333,-0.0020407808612516545,1.0547173008624842,2.037536948552464,0.2526282698758775,-0.009622950919536688,0.050157138791024194,7.38905609893065,0.0,,,-1.7038655425315454,0.0,0.0,0.014758449963551142,-0.007971584258670313,0.004503666916083173,0.05176158400650716,0.048602426297189825
5BZG J1804+0042,blazar,0.07,175,21,3652.1935849200017,0.05568776680775057,0.055395518309570464,1.0052756704350505,1.2949991000000018,-0.8129520064033279,1.7591990298549006e-42,1.3498867459663253,0.0,0.0,0.00016907618171060104,0.0006055746349264195,0.0013003160837686475,0.011897585167763897,7.690711151163919,2.1472433068128747,0.5473101799213507,1.2357792524516098,56741.56011804,0.09478866057252996,2.9208596005390803,0.0002976381224154125,-2.1427124141708378e-08,0.00029765954953955425,0.022857142857142857,0.00829221013003771,39.0,0.048901748709627095,0.017751433303657336,-0.5737415821040411,0.5367710115591979,1.110512593663239,0.7435699702260488,2.0,1.6704582518065392,0.1576145671895119,0.004358933312211459,-1.216401946898386,1.4666161397323472,0.3450805571467246,0.03669201333074801,0.2876870999982896,7.38905609893065,6.153480596427405e-16,1.678305125203691,0.1721242653232578,-0.8819612750193971,-3.901045042994779e-17,6.1750804136507815e-28,0.09805015290785475,0.05958591048429311,0.02995040582650082,0.2975858501858005,0.27811761699607523
5BZG J1838+5735,blazar,0.164,622,21,3651.8782735299974,9.288288292454489e-05,-0.04209311824361225,-0.002206604946371255,1.5390005000000002,0.01946923419044703,0.6279384590425672,-0.3999319122277889,0.0,0.0,6.28650112044096e-05,0.00033196959831923454,0.00039001462730373266,0.039045183053513684,6.204001456892671,1.174850432399624,0.11489228485075956,1.1582997572157077,56771.30439583,0.04900383021962745,0.18733081768428794,0.0006066978434923077,8.712757051478016e-08,0.0006066107159217929,0.006430868167202572,0.0014415949349665172,136.0,0.07745214807456588,0.006529400272473507,-0.1042470476985829,0.5826649796824577,0.6869120273810405,0.23887983467678958,1.0,1.1637943844825347,0.11098216894322918,-0.0044318718773461215,1.3900988664286957,1.576191478581944,0.2326814845642169,-0.018055753117451445,0.14311108782816168,7.38905609893065,0.0,,,-1.1684826623116347,0.0,0.0,0.05286965989951043,0.00010811567572417024,0.016428889674215897,0.15440088065388363,0.13264680468546702
5BZG J1958-3011,blazar,0.119,102,20,3650.9963360300026,0.00676295574797581,0.07696883138868073,0.08786616122341687,0.2569999999999997,0.21782664402450455,0.027855976702870936,-0.2998764957724848,0.0,0.0,7.152046359862223e-05,0.00036901649539816396,0.0030228531835696393,0.051085524121188344,42.26556972936487,8.191647834377628,0.26424216452144966,1.8503527481455204,56946.67151848,0.049243219531116,0.8049132733301617,2.8208490301044963e-06,-4.430698791811659e-08,2.865156018022613e-06,0.058823529411764705,0.49792498847364747,19.0,0.17298994602355916,0.013281604674571785,-0.557777356536088,0.9315562333350713,1.4893335898711593,0.8757975820292784,5.0,1.140251835261149,0.05402765871900322,0.004014990727612282,0.18794882515877465,0.2716117679866774,0.1410680766815109,0.018974396349503486,0.07748539693253081,31.571951362810328,0.0,,,-1.7316521273834442,0.0,0.0,0.052090854624345116,0.007567747481984932,0.016059738297202544,0.08196621962484964,0.07324952602756894
5BZG J2003-0856,blazar,0.057,157,21,3649.2174181999944,-0.024148509201546854,0.1021477705723128,-0.23640759916978865,0.6150008000000007,-0.6443350506258476,8.671216473984748e-20,-5.495057029459265,0.0,0.0,0.00012388364940034018,0.00042661306056469676,0.0014070507923884031,0.005963976982103055,11.357840908315206,3.298189669176411,0.7430136095298705,1.3764041761986059,56772.56734076,0.005658728772351389,0.009175112430976738,-0.00017905326355038497,-6.395175211775562e-08,0.00017898931179826722,0.025477707006369428,0.001621856344953813,34.0,-0.06659540828125667,-0.005809874285745412,-0.7710483717849863,0.5308345426181567,1.301882914403143,0.7434535075371573,1.0,1.8626367301598623,0.1352664697096518,-0.007327902202114458,-0.7000702920536327,0.9630934326558036,0.318383915150247,-0.03652412899012081,0.24565137390772956,7.38905609893065,2.455506078917356e-16,2.280614916188854,0.33190578158458245,-0.8763686013469856,-1.3332781585985052e-18,1.1008918466732188e-28,0.005817767644399575,-0.025524974226035023,0.0017725078989000423,0.25255541879043536,0.2389360631886806
5BZG J2042+2426,blazar,0.104,180,21,3652.2098520299987,0.06982912039830028,-0.05319770773134145,-1.3126340095507616,0.3569993999999994,-0.07391733846943609,0.32406147403922575,-2.249821264084188,0.0,0.0,6.712210958431065e-05,0.0001258608666501983,0.0005175958637752626,0.016658188344594073,7.711257278257387,4.112444745048181,0.20193428094134458,1.2367415264072656,56791.51561197,0.03805187252214062,0.658947218945645,-1.1400413434425605e-05,4.9659198149054113e-08,1.1450072632574658e-05,0.027777777777777776,0.001981973059540442,37.0,0.04431806781474053,-0.033370720275915214,-0.9909466328417866,0.6070162722791917,1.5979629051209785,0.6624281352912333,4.0,1.3395353984484804,0.07528628367122615,-0.0017736179018736447,0.419586160156508,0.45669298106921286,0.18941426079492496,-0.006833303976336413,0.04541674335240289,7.38905609893065,0.0,,,-1.7929972860285324,0.0,0.0,0.03998163681860874,0.07709134891972351,0.012292495145370863,0.047720010024294705,0.043224646761136507
5BZG J2049-0039,blazar,0.257,199,21,3652.2456280499973,0.1796885254514762,-0.24216691700906431,-0.7420027792018777,4.887999499999999,-0.6239514193212731,7.22136327254136e-23,9.199359282151944,0.0,0.0,0.002737833299246917,0.012697849414381842,0.025834404384589324,0.17877968422789076,9.436076470491974,2.034549594933312,0.6394152007619263,1.309546777590492,56785.33413051,0.1394129083871198,0.04479025433789465,-0.00025334853311094393,-8.648098560518871e-08,0.00025326205212533874,0.020100502512562814,0.0027026005749368224,43.0,0.037684401104348994,0.004343184110209301,-0.785487714808179,0.7366667070038342,1.5221544218120133,0.837064112884661,2.0,1.3863896594772072,2.4414986680651722,-0.06437769629299196,12.269761355461469,33.73530509376949,0.9801894544856201,-0.2790422180361438,40.56741625651696,7.38905609893065,1.2440044151549606e-12,2.6422900848799418,0.43377127096369805,3.548718574544383,-8.486732952404829e-14,2.0575509481804472e-22,0.1563041921842438,0.2258684764925056,0.04928686285766368,45.482569012688835,36.18342801327671
5BZG J2054+0015,blazar,0.151,201,21,3652.0774229900053,-0.0188257076728467,0.018891231077887437,-0.9965315439332361,0.5689992999999998,-0.06439428102163232,0.3637748523766954,6.499247980680365,0.0,0.0,8.530868650703529e-05,0.0005156274565547766,0.0009386953559524404,0.05856638419220424,11.00351421858445,1.8204914075056218,0.14037113696603443,1.3649731126807763,56786.32111766,0.03293425598656381,0.0684153245287842,7.784708336318852e-05,3.1608360476958293e-08,7.781547500271156e-05,0.01990049751243781,0.0010811081451157008,41.0,-0.003447009010892868,0.02377019684435098,-0.9133682369957268,0.5634643758732321,1.4768326128689588,1.018477990516021,1.0,1.1730695405981684,0.10760728619038021,0.00022729950973779693,0.4100403812293098,0.6255651287813028,0.2714197446266928,-0.008163221378749919,0.06034063300419427,7.38905609893065,0.0,,,-1.4732086771891875,0.0,0.0,0.03533340721207311,-0.02166838953144655,0.01095526442717633,0.0647362478217593,0.056243482034543255
5BZG J2103-6812,blazar,0.041,294,20,3470.163213369997,0.021546304739707017,-0.0053421157893409005,-4.033290476911463,1.1370000999999998,-0.5465791697504739,2.6630027225377765e-24,7.17309575932744,0.0,0.0,0.00016346911180127786,0.00037603930115513094,0.0015940277132757248,0.021084357242278688,9.751247106929084,4.238992318462834,0.37310807011941366,1.3213966851963344,56944.88891911,0.06715665919170742,6.375503611377143,-0.00041093548631934555,-1.324869921379671e-08,0.0004109222376201318,0.023809523809523808,0.0018003371937093972,62.0,0.013022680232820622,-0.02632866448247993,-0.5468876791334185,0.6638140646880131,1.2107017438214316,0.47797427376286034,2.0,1.8749923460129752,0.1558327396133632,-0.005148246927885376,-1.2892525243626047,1.6750556576610798,0.28568917614723266,-0.018599584172060313,0.2049815914602656,7.38905609893065,3.552713678800501e-16,1.104388868766947,0.39865221986772975,-1.174533728846988,-3.071154334793243e-17,2.750054111375696e-28,0.06851954148720332,0.022429703234035002,0.020808021070651744,0.2091415033032041,0.2009044220011567
5BZG J2133+2528,blazar,0.294,289,21,3649.345554569998,-0.005880717642429475,0.016526625824881225,-0.3558329271045706,1.4400005,-0.2013040321773802,0.0005760533789378916,-0.4995681799548252,0.0,0.0,8.325729635847912e-05,0.00019129068540160282,0.0003309498029977315,0.04621655966095027,3.975024574395782,1.7300884283666749,0.08158196018621051,0.9977409459531705,56807.57199734,0.07584526475838278,0.16987404465906225,7.077814072864887e-05,-2.4039754675214742e-08,7.080218048332409e-05,0.01384083044982699,0.0012613486105244362,60.0,0.06555354011442027,-0.012783038969826448,-0.41209335456421814,0.5439994860301984,0.9560928405944166,0.4745858008322359,1.0,1.1045420361762004,0.17263666904375932,0.0033675949833312847,4.840229977542089,2.2107605954806284,0.3344249901561055,0.037226777444711034,0.06017037089963258,230.41729190474678,0.0,,,-1.2771552361402991,0.0,0.0,0.08627711409772769,-0.00760964862930374,0.02734930292198532,0.06844627640167111,0.05289511313884939
5BZG J2140-2339,blazar,0.313,148,21,3651.9970694499934,0.07624677104758291,-0.2199500832440991,-0.3466548860677846,2.024001199999999,-0.4431937659546686,1.6913897844731256e-08,-5.999173830718674,0.0,0.0,0.00015782954822823333,0.0008881119523919813,0.0031106814795217527,0.010723604478733542,19.709119710045393,3.5025781013768293,0.7797302727936255,1.5751978591265265,56789.94540894,0.026356803373174465,0.02696490731087656,-1.5744680569028908e-05,-1.7381085515059933e-08,1.572729948351385e-05,0.04054054054054054,0.002342460533879088,30.0,0.1651530258662316,-0.011558574991173663,-0.47012511146366076,0.7686191357363156,1.2387442471999763,0.846437046093195,6.0,1.5248400164923444,0.288927129102933,-0.005354589191097639,0.3391365584090647,2.2211153242705635,0.6451603058690973,-0.04311405289459991,0.02349452013334018,131.0873415804129,0.0,,,-1.1574357888972593,0.0,0.0,0.030201262612025236,0.10011201038547636,0.009598505546236607,0.026921480668353887,0.020503793349850644
5BZG J2143-2845,blazar,0.172,151,21,3651.8955809699983,0.026514207954195512,-0.023606833322708614,-1.1231581801651536,0.7089996000000003,-0.33436269926916634,2.71682074537934e-05,0.8498593412250509,0.0,0.0,0.00012142778357432165,0.0007325551877582489,0.0013855772732867565,0.008275081856111493,11.410710309374817,1.8914305632527735,0.6926874433534957,1.3780791742971332,56788.76180281,0.01809484112753199,0.01858171074677303,-0.00017164595186013723,-1.2266081744506114e-08,0.00017163368577839273,0.026490066225165563,0.0019819734702211877,33.0,-0.06176187205599071,0.03932197093695207,-0.6912709829052348,0.9674135985920748,1.6586845814973095,0.8779585965376429,1.0,1.4052891562881649,0.15787708522612923,0.007668043812826996,0.9475119379515942,0.9579376117643583,0.35732195336212613,0.05197360009880514,0.018164479501424014,7.38905609893065,0.0,,,-1.420043317288363,0.0,0.0,0.01958928479563994,0.03107465172231714,0.006095424941738541,0.01966467456719204,0.01677873256586352
5BZG J2145-0434,blazar,0.07,166,21,3652.2043961699965,-0.01671803989594738,-0.030060457697903498,0.5561472171833679,0.3470001000000007,-0.5297694953934886,2.1484179428432745e-13,0.7999352544657077,0.0,0.0,4.853340379824632e-05,0.00015741170732410336,0.0006373826692366608,0.010083049565940291,13.132865330307334,4.049143967895448,0.3250301784490911,1.4287774537802096,56977.77446369,0.017344015218846383,0.19828278659660017,-2.556421045576133e-07,1.9132231025173845e-08,2.7477433558278717e-07,0.030120481927710843,0.49786189552361476,34.0,-0.11083243310183852,0.01856792518460874,-0.8036633032366132,0.9644976599893273,1.7681609632259405,0.7642163873033744,3.0,1.695672682560325,0.09921134443877237,-0.005377042103987852,-0.11596031137749256,0.5291495112852977,0.26949026587941405,-0.016127368059855263,0.1425419201117841,7.38905609893065,0.0,,,-1.4322205541786321,0.0,0.0,0.017940788845125656,-0.017888302688663697,0.005480194480308931,0.14744650866804218,0.13780047539069362
5BZG J2147-1019,blazar,0.08,120,21,3651.719102709998,-0.031636284673162866,0.0011941921112813465,-10.0,0.8070001000000016,-0.46603119966572226,8.134884194321128e-08,-4.249091358389457,0.0,0.0,0.00021575604463909727,0.00097823671757968,0.0027077525476736867,0.005198989409755796,12.550065698752375,2.7679931618239833,1.0089814086768356,1.4124057530069432,56795.20763733,0.06792742650743515,1.3151937388398576,-0.00027867319211503987,-2.621907366520271e-08,0.00027864697304137465,0.03333333333333333,0.0009008645585253338,24.0,0.175120417903457,0.005775487989150136,-0.9304516666316344,0.9274344464989375,1.8578861131305717,1.5426998990952852,7.0,1.8027069278488848,0.18134362113832597,-0.010775438028211511,3.212432821404258,1.6422047720789712,0.38099694391047656,-0.05173935330118096,0.08501393955392818,7.38905609893065,0.0,,,-1.2657010696540045,0.0,0.0,0.07059225236296718,-0.0341671874470159,0.021605223810392715,0.08834907759539583,0.08180470147721834
5BZG J2147-1608,blazar,0.104,96,20,3652.027385469999,-0.038930143832965426,-0.010892775146468048,3.573941746662091,0.8439998000000024,-0.34392043040207604,0.0006016676371311976,-1.8497606196083498,0.0,0.0,0.0001409471729128262,0.0007168489188280909,0.0024276213681548595,0.005805140657986296,17.2236257085673,3.3865174390400594,0.9039013581422115,1.5265792422075515,56793.89249301,0.0330761063154225,0.10311845230509406,0.00012020683648662654,-1.4000868036500642e-08,0.00012022083735466304,0.041666666666666664,0.0027022464613208367,20.0,-0.0239451800421823,-0.0050551503936865205,-0.8663558536971228,0.9671950372966726,1.8335508909937954,0.9975548201188869,2.0,1.6671613240732033,0.2019023329250596,-0.006229429627020024,1.6364871497866884,1.4710408087205864,0.41317798983728427,-0.032273925756158395,0.02381519193108989,130.7645957942271,0.0,,,-1.729657713131121,0.0,0.0,0.034753529390897875,-0.04297887879159384,0.010685095091536612,0.025022956596952577,0.022665721555210665
5BZG J2150-1410,blazar,0.229,106,21,3652.1284930300026,0.06801229894620386,-0.06650408079423756,-1.0226785805315122,0.8419999999999987,-0.32025225686553704,0.0008177858783357969,2.9496999464581815,0.0,0.0,0.0003439822755654191,0.001697145039188289,0.0038451428944531615,0.016899957438744437,11.17831689715527,2.2656536733163146,0.778653564226346,1.3706577688277355,56794.61602612,0.012532039192278202,0.009454585279378994,-2.454365148194897e-05,-1.4983293131265844e-08,2.4528668188817705e-05,0.04716981132075472,0.0018013803696152763,22.0,-0.0387281496621016,-0.05503341290592012,-0.9374476507139624,0.7963718496113859,1.7338195003253483,0.6891684824094986,3.0,1.205203626022857,0.14775787394732182,0.006763479692664863,0.7998657027637055,0.9561872415859975,0.31576612246588076,0.028219042939002126,0.04509001893297505,329.6905837211814,0.0,,,-1.3402008586529515,0.0,0.0,0.013893052787754873,0.08358711540488456,0.004362529021420988,0.04998691782121762,0.04067283793426982
5BZG J2239-0631,blazar,0.264,173,21,3648.620371019999,-0.03497022057906519,-0.14780843438759983,0.23659150930022274,0.9179993,-0.33984724265138505,4.773931867879009e-06,3.945804371123613,0.0,0.0,0.000404754428853984,0.001951324103783135,0.005192997350447721,0.07050419825809792,12.829995096832183,2.661268488263182,0.3916946802753043,1.4203621785615352,56988.1595308,0.0657151034948771,0.08546247461145447,0.00010880821875542642,2.3481896682645162e-08,0.00010878473685874377,0.023121387283236993,0.48701783156742434,37.0,-0.06969694522758572,0.020207069743109488,-0.8375386981508504,0.5482404629810723,1.3857791611319228,0.8932163275060914,2.0,0.8748915629994286,0.11697029599794159,0.006645789735386328,0.5027280425390565,0.7313154698582428,0.2865084311365428,0.03202300064411978,0.060394822355300574,1147.618132934337,0.0,,,-1.0072973663236915,0.0,0.0,0.0738820152795036,-0.044202358811938396,0.02332074083354604,0.06790054265691099,0.05371878374755616
5BZG J2248-0036,blazar,0.212,178,21,3652.1023058900028,-0.0917308837742621,-0.11436629595965181,0.8020796949358626,1.0750007999999998,-0.3267489580580988,8.52875080235705e-06,-2.949678795996032,0.0,0.0,0.0002669077516499269,0.000860057405985135,0.002460369305214478,0.012832096063831311,9.218051108622047,2.8607035823795917,0.6985292744769693,1.3011154417927009,56814.55226689,0.043537447936242896,0.06457561805709847,-0.0006626259280624185,-5.3722895543108804e-09,0.0006626205557728642,0.02247191011235955,0.0012610000547639642,40.0,0.07920350641505605,0.027019087865632816,-0.5381318901779941,0.9217789495761028,1.459910839754097,0.9541455043024887,4.0,1.2934970929056615,0.17261344135221915,0.00619994276512472,1.2593414850461726,1.3502295511771938,0.3760115309514316,0.015269017707339128,0.024756499193109734,7.38905609893065,0.0,,,-1.07849000381808,0.0,0.0,0.047930755886329245,-0.11117783113440566,0.015011064325810583,0.027254645728493936,0.022487331459153416
5BZG J2256+2618,blazar,0.121,194,21,3837.2374433799996,0.01707106113487722,-0.04999069015791448,-0.3414848060899304,0.5279997999999999,0.036135583179098055,0.6169193195221916,2.9416193953357967,0.0,0.0,4.415799552365676e-05,0.0003181068063889299,0.001998460584837236,0.21807573195030483,45.257048375521315,6.282357178209769,0.06443591310299251,1.8750176479984129,56642.13665935,0.07368687414345873,0.35040054305943713,0.0006453727759769005,1.9100141752910782e-07,0.0006451817745593714,0.020618556701030927,0.0007216693771278587,40.0,0.04860786432911648,0.0022488127944339234,-0.982512048546513,0.7819130391731619,1.7644250877196748,1.2132582222479433,2.0,0.8833033549663893,0.06678879480716167,-0.008369610237782195,0.66842168207148,0.4435136670238047,0.15655445110741495,-0.045008632416455696,0.18445641646603952,313.47017396248685,3.2163100318598867e-15,-0.4603872190972495,0.20202311905159812,-1.5666880014825606,-1.5987836310877823e-16,1.0941729494714901e-26,0.07801766355754979,0.019136659532197363,0.024061761143700768,0.19529745030114365,0.1742171724363458
5BZG J2308-2219,blazar,0.137,57,20,3648.549189679994,-0.02102878389403748,0.1102743427112013,-0.19069516423335203,0.6020003000000003,-0.46442310143461185,0.00027348910548561435,1.9978366541711126,0.0,0.0,0.0007541208210542697,0.0020563260112670127,0.0020052985798154586,0.007669716510824934,2.6591210866620907,0.975185144696342,1.0596400637351961,0.8527373686184181,56988.55084367,0.0030347808551075698,0.0003920877538341489,5.251552446765142e-05,-6.5274937259176e-10,5.251617721702401e-05,0.07017543859649122,0.4873598507323578,11.0,0.1750488688735903,-0.021218941154107593,-0.47075720713246355,0.7325466689114892,1.2033038760439527,0.6801335827296895,2.0,1.472579668208192,0.15626488144302667,0.004036487941013719,0.11791982096836512,0.827080266389963,0.3857974126817878,0.030907245990833943,0.006737946999085467,7.38905609893065,0.0,,,-1.4110051869666584,0.0,0.0,0.0032359929591094126,-0.023909727287520614,0.001000884449791418,0.00718468650255147,0.006318985490370686
5BZG J2310-4347,blazar,0.089,149,21,3652.1488816499987,0.022614668108537284,0.010101598042035545,2.2387218353404474,0.6769990999999997,-0.5041942723515347,5.546392586359297e-11,-2.9497164136529763,0.0,0.0,0.00010290996489937702,0.0003387782994345637,0.0016907810277776083,0.006453740003266245,16.42971128210085,4.990818554815287,0.7151459729297457,1.5095588059739664,56801.46577317,0.04237902729033596,0.5973142970359089,-3.682286923341065e-05,-3.164196901066341e-08,3.679122726439999e-05,0.03355704697986577,0.009368069596164864,31.0,0.024007673902497053,0.017125691362937533,-0.9122657237503848,0.8474938915641363,1.7597596153145212,1.3229616414247012,3.0,1.591980442008146,0.1257735924633494,-0.002135059277318947,0.24213962047535928,0.9431987346135868,0.26745695008107595,-0.020095575870028748,0.02257719375480218,132.49645578974432,0.0,,,-1.2804103267132463,0.0,0.0,0.04422470291576552,0.024627373570197102,0.013558679879153011,0.023560467295234318,0.021634956193970906
5BZG J2319-0116,blazar,0.284,200,21,3652.0448919400005,-0.025448249901133847,0.006327809318578237,-4.021652458208346,2.4900006999999995,-0.41391097268413435,1.1127387083654668e-09,-3.4995638937138946,0.0,0.0,0.00032306307789229115,0.0041363559233391165,0.005003795815867576,0.03068791123271205,15.488603132937502,1.2097111340018578,0.7379062702934835,1.4882837832916436,56821.2642328,0.007394670995430661,0.001834564746874814,-3.7167406126504624e-05,3.3033351896783566e-10,3.716773646002359e-05,0.025,0.0012609998904797137,42.0,0.027292283463267973,0.012031774409753967,-0.8226482652910975,0.7184287447689128,1.5410770100600102,0.9684669513482658,3.0,1.219041976962489,0.19660522945318026,-0.004574410345945035,0.47259680810638904,2.030122550239253,0.41730596975202716,-0.027567708141983616,0.03398495778628136,7.38905609893065,0.0,,,-1.1048748850736818,0.0,0.0,0.0083791770672168,-0.03267555287305586,0.002652439643692564,0.038509621197360004,0.029991916820373835
5BZG J2319-4206,blazar,0.054,11,10,3648.982894239998,,,,,,,,,,,,,,,,,,,,,,,,,,,,,,,,,,1.720052406935726,0.09479707347624944,0.009000558416032515,0.4451978968781955,0.35486824150672014,0.23692022815548963,0.10018721530672647,,,,,,,,,,,,,
5BZG J2322-4220,blazar,0.09,95,21,3648.6469786300004,-0.009542752992122639,-0.010862455104552077,0.8785079340050486,0.264000900000001,-0.242737244663985,0.01778068123857374,-2.597257260626421,0.0,0.0,0.00020940603403064195,0.0004931661601090864,0.0033103312913659038,0.007753412195492072,15.80819430959337,6.712405579331043,0.8363010278582595,1.495650170160766,56982.36819154,0.01412585124797553,0.09283258994799848,0.0004180670901594802,4.2903821245194165e-08,0.000418024186338235,0.042105263157894736,0.4869968551129385,20.0,-0.17303397808066842,0.00599940768961522,-0.9993230038376684,0.5455260163330327,1.544849020170701,0.8531683746288533,1.0,1.5517509838833348,0.08829902434818367,-0.0069434304797535065,-0.08535975354356896,0.37417677175585307,0.22112129991318064,-0.030961537475162393,0.03688403715903423,7.38905609893065,0.0,,,-1.6873179437125136,0.0,0.0,0.014747821672814116,-0.010401600761413677,0.004522338815196563,0.03850806532263637,0.035328500295996663
5BZG J2322+3436,blazar,0.098,222,22,3839.8706275700024,-0.07635461188229326,0.0880057875363833,-0.8676089836787925,0.7880001000000014,-0.19340002476064588,0.0038195955538385517,-1.4192540307240253,0.0,0.0,0.0001625503483240863,0.0004770231796583837,0.001281303076873759,0.009051853873654706,7.882499682108642,2.6860394396459193,0.6082407517398927,1.24466330196312,56652.48276275,0.018067905065702633,0.11185181728226097,2.344660659926135e-05,2.0946802466854327e-08,2.3425659796794494e-05,0.02252252252252252,0.0012630981519534,48.0,0.11445593749252904,-0.0073535731952735234,-0.631281688044657,0.701974074595124,1.333255762639781,0.8648906470033746,2.0,1.3882608040018265,0.11341309154759682,-0.0076036506193479046,2.5497096738132723,1.2023167172983897,0.2411346049180021,-0.03316870692140106,0.04276348956889467,7.38905609893065,0.0,,,-1.6371356654245743,0.0,0.0,0.018932543791647247,-0.083837363846758,0.005814350931960517,0.04480993430077355,0.04081050482766261
5BZG J2341+0018,blazar,0.277,161,22,3837.147289279994,0.04885501843963969,0.015973776335001865,3.05845139026945,0.5559996999999992,-0.49100788565238696,3.7717069800817973e-11,2.416273447048319,0.0,0.0,0.00013236014886718275,0.0003883731436164134,0.0010424953457994913,0.010132671823607421,7.876202519002788,2.6842621850929946,0.5035709731783645,1.2443750521973773,56641.3407965,0.0663325044630457,0.37508293712552176,-0.00010620367032135706,-5.6860420307256976e-08,0.0001061468099010498,0.024844720496894408,0.0010825040657017483,36.0,0.04740963985005727,-0.006740107043119428,-0.6368496350380488,0.973182289883577,1.6100319249216257,0.3407808181875245,4.0,0.8662099816034943,0.07599421579707445,0.002370319193389631,1.561650676354373,0.48642053383404815,0.16258106482399404,0.023176955732989946,0.05333610000485557,1929.2592815001915,0.0,,,-1.023393997476097,0.0,0.0,0.07495866505234837,0.06238785854741989,0.023704784823206496,0.06027215296370786,0.04719824037878454
5BZQ J0451-4653,blazar,0.602,323,21,3635.498836030005,0.04307345094021525,-0.014328689381406056,-3.006098450016683,1.6859998999999988,0.009628317793670897,0.8631425733038864,6.818115544642171,0.0,0.0,0.000622385140353116,0.0024538755177782824,0.013488146984667415,2.293164486523043,21.67170468649538,5.49667123757883,0.04666913974076686,1.6094351836572984,56701.61067682,1.2075352524513003,1.0277297856077168,-0.00017869509295427802,-2.6585569510671993e-07,0.0001784292372591713,0.01238390092879257,0.0009018898288821987,68.0,0.011262578354131619,0.03418128004508441,-0.9199431951728647,0.8481095317455586,1.7680527269184232,1.1323252922680593,3.0,0.6831683558892601,0.13775906478584046,-0.003923136057346843,2.886177264153656,1.4522805657685716,0.25784202169910453,-0.01618866488266313,0.6916865462634969,19.406745491033945,7.781578444298102e-15,-3.3664296982201485,0.47461524412932354,-0.2616204236529732,4.654585219384749e-16,9.34866738159943e-26,1.5283790433763564,0.06900366840622482,0.5014981959624666,0.8754686206870257,0.5464847819519512
5BZQ J0453-2807,blazar,2.564,191,21,3634.3385569999955,-0.039574453984877765,-0.020919798184956352,1.8917225508100826,1.0939998999999982,0.1868653077437602,0.009641789204766892,0.09950276678986983,0.0,0.0,0.0007523821731459375,0.0016204087331216812,0.009655796871541774,0.9056358313767626,12.833633229684766,5.958864987712842,0.07796232290183203,1.4204644383539793,56711.23054336,0.09199870087413514,0.11326139113114973,0.0001644714380995518,5.470895133729759e-08,0.0001644167291482145,0.020942408376963352,0.002344202162890901,39.0,-0.17011616004893604,-0.015980116589929323,-0.8521326069738004,0.7228471933463478,1.5749798003201483,0.5693432103972791,1.0,0.7213686234270363,0.08962534900638168,-0.002598392461565579,0.4215790464876032,0.6836575119367352,0.20396618216645235,-0.024819120785912085,0.36804054672510805,26.41056808867013,3.4151979363149865e-15,0.607632863340025,0.29719584622156764,-0.8079106991704893,2.1254341699663286e-16,6.971066979563339e-27,0.1736802926945136,-0.14104335400210435,0.060658941915679006,0.6948075274032122,0.1949516070154916
5BZQ J0456-3136,blazar,0.865,187,21,3634.7897159099957,0.14616649154375566,0.20708264734028972,0.7058365025803768,1.407000700000001,0.06916648533568436,0.34689832803072973,-5.125028620653382,0.0,0.0,0.0025911602043387195,0.011722315102338813,0.05834674402720964,2.8715080400571504,22.51761350262883,4.977407919242079,0.13027540162240822,1.6232455071104643,56711.16407304,1.2539879823668074,3.261231678502077,9.916107597751158e-05,3.944321687452449e-07,9.876664380876633e-05,0.026737967914438502,0.00216395947981411,39.0,-0.17037021796944982,-0.014876595230525215,-0.961979625069506,0.8479364316646015,1.8099160567341075,0.6735475595012516,4.0,0.7064882138260286,0.0849351595358632,0.0047816349242138624,1.5158610143590185,0.8759330101320921,0.15066954920673292,0.023578432374739222,0.7611484524103913,28.356609721431298,2.180967751505504e-14,-2.3302313647270125,0.032702847173781684,-0.7242614279480011,-4.3345817520980217e-16,7.546915547916915e-25,1.7125087237008465,0.2726005067291043,0.5732287878283925,1.0394624056316604,0.5573524963172442
5BZQ J0456+0400,blazar,1.349,202,21,3633.950573950002,0.017462664407320454,0.047292991442016416,0.36924423418490154,0.47100060000000177,-0.5009872795639221,3.116888439805071e-14,2.0395889600540738,0.0,0.0,0.0001377021740743616,0.001042730974418243,0.0025753137377685143,0.012022037877979478,18.70205562386941,2.469777726451012,0.7239391325558958,1.556281236782809,56717.29589679,0.0948607779972639,0.5208937374190878,0.00012557832220537674,-5.465049723673525e-08,0.00012563297270261348,0.0297029702970297,0.002344201423681496,44.0,0.11401055672802336,0.012956139103660442,-0.6184085827111031,0.785213139013015,1.403621721724118,0.7976153058228079,5.0,0.5708087416531962,0.04345954113944703,-0.0010900321081749476,-0.08579493738423712,0.2440190275364315,0.11275855498648824,-0.006098192049103557,0.07812138388189897,5490.4134968057015,3.0767402982137023e-16,-5.510377588549163,-0.031088082901554393,-1.4221040269587968,-9.769645445131328e-18,4.60449772847957e-29,0.14538787555389993,0.04101979869279575,0.04979385927818034,0.11973233066091415,0.05097161799102348
5BZQ J0503+3403,blazar,0.149,157,21,3634.3076400499995,-0.08230252911071781,0.059584775861227374,-1.3812677470231651,0.6090001999999988,-0.5012306112546341,2.2911536910504774e-11,-1.7412836057734424,0.0,0.0,0.0001569873568535375,0.000520729032852014,0.0017889313676788014,0.01535833129375328,11.395384903208562,3.4354361892315723,0.5039517088014502,1.3775944377985196,56911.97941403,0.054944033109230475,0.5160922738770926,-5.5267955404568594e-05,3.101824376903991e-08,5.529897364833763e-05,0.03821656050955414,0.5234437742915794,33.0,-0.05039120848098841,-0.012485835978844635,-0.9762504448719876,0.4243816013996295,1.400632046271617,1.0451260503864965,0.0,1.0066083379451511,0.07695605684667856,-0.00036391791802353334,-0.26035039601718424,0.5421232865990236,0.16903486251241473,-0.005868194977699304,0.04103692541936862,443.3295254249031,0.0,,,-1.4545399967830588,0.0,0.0,0.058895287958207136,-0.09456560594821477,0.018254408612853917,0.04398806208288984,0.03828377901034799
5BZQ J0510+1800,blazar,0.416,209,21,3634.178773890002,-0.035293765579916425,0.0418597745076732,-0.8431427544705675,0.4670000000000005,-0.04037093718743824,0.5616636112776884,-0.596990353000411,0.0,0.0,0.0004348080328605551,0.002913724742426779,0.018970083335505053,2.464996284622053,43.62864036129756,6.510595545547203,0.055540320931260476,1.8618009023426296,56721.183776,0.669146086452848,1.9833830366857976,0.00025054149178700783,-2.3475176903800865e-06,0.0002528890094773879,0.019138755980861243,0.0010818052292858172,44.0,-0.009633750662443716,-0.01016143070364549,-0.9050251886662166,0.6455811647032278,1.5506063533694445,0.8132756482437977,4.0,0.6577127525153194,0.03113184307286332,0.0021261558414366315,-0.32952917340889554,0.2647656784003051,0.07228098853508946,0.016737760289546877,0.7338783596000914,82.9595898923754,6.320049469963006e-14,-1.2199073199070007,0.5182697324397525,-1.304112249107125,4.293572919503585e-15,1.044209314363201e-23,0.7962557270007354,-0.04997597206116165,0.25634781140753726,0.8732844121545273,0.6167262797701466
5BZQ J0513-2159,blazar,1.296,152,21,3640.3582327199983,0.26429639311256115,0.020298953069440566,10.0,1.4359998999999988,0.0686476047326168,0.40071223918460297,0.44850409438028727,0.0,0.0,0.001260905233805837,0.0036218950204369516,0.017488414640855498,0.2788603072249196,13.86972958641772,4.8285260995546855,0.31276233480968035,1.4484669387880302,56718.608241,0.016762508661427766,0.0021978842357864,-2.9627778861352528e-05,3.4522939772143326e-09,2.9631231155329742e-05,0.046052631578947366,0.001622881724853432,29.0,0.030941429325796996,-0.006380514235716283,-0.864709403902372,0.929215169136853,1.793924573039225,0.9647809007440606,4.0,0.7891386614893687,0.1826973895259861,0.004167103886264209,1.567591109893989,1.2881366563750722,0.4061445905212735,0.03505371593224549,0.23416294126269327,7.38905609893065,2.4955659181325643e-16,6.905563039669871,-0.020270270270270254,-0.35375712015108435,-1.2051279206663562e-17,1.6089358413529131e-29,0.025399487700536724,0.6068245185864405,0.008682764977216616,0.3548167441195336,0.15453690945972715
5BZQ J0515-4556,blazar,0.194,334,21,3635.0866708999965,0.019949139216489407,0.057102403785127015,0.3493572580859616,0.3609990099999987,0.3068669039778874,1.028827107984443e-08,-4.528307830963719,0.0,0.0,0.0016353524292691897,0.004000151110180972,0.014855135438974995,2.5884297740302746,9.083751712485451,3.7136435664774883,0.05181043894033993,1.2958220683215498,56712.08357977,1.1798239347917663,3.0538104709076017,-2.2774540281269125e-05,8.737286699170205e-07,2.3648268951186146e-05,0.011976047904191617,0.001442988254614353,71.0,0.11085453824800742,-0.030753318671475228,-0.7118575732204377,0.6229442329407437,1.3348018061611815,0.6929150449957634,6.0,0.6954165558371129,0.04188014587742277,-0.0018917451521265542,0.338413459527148,0.2357798362656377,0.10039431800221621,0.00019850216811867494,0.6866441634451442,28.71702200101397,2.1891030645076086e-14,-0.629259265946386,0.5159860680732496,-0.85631989753854,6.863921277780595e-16,1.2326568743840997e-24,1.2891972360451236,0.02381927222448835,0.4025991355245294,0.7502981856493981,0.628390440242377
5BZQ J0517-0520,blazar,1.413,220,21,3638.1136492499936,-0.07675475693011252,-0.06652019827176706,1.1538564063885133,1.2979994000000001,-0.39550769100277444,1.181411669963814e-09,-2.4403500179774085,0.0,0.0,0.0004097866533354408,0.0012658973916900057,0.005240760817592849,0.08781042428420201,12.788998280317097,4.139957035898732,0.31163540603747025,1.4192078405762887,56721.04777912,0.160788197713022,0.15489240758441683,-0.0002045852971586635,-3.96744318835277e-08,0.00020454562272677996,0.01818181818181818,0.0014426389869953034,49.0,-0.039754413528199195,-0.021747010619972015,-0.7758317908724282,0.6240741272553745,1.3999059181278026,0.7757193359398593,1.0,0.5842028803574343,0.11249638372079834,0.003328473823418764,1.369784235425597,0.8333706144868092,0.24928754181357787,0.010765227583677262,0.14709033222278922,225.68377840161915,6.879800455918813e-16,0.28753219894029897,-0.006066734074823048,-0.5287315978669146,4.115518820723578e-17,5.908984662623962e-29,0.2497657178956589,-0.18520922847236154,0.08572202292773248,0.22848768097212496,0.09469029464240569
5BZQ J0517+0648,blazar,0.84,228,21,3634.290451159999,0.004941302524819986,0.0859032982579015,0.05752168572136843,1.1810008000000014,-0.40522298841206306,2.0171384765526536e-10,-3.5323014651931546,0.0,0.0,0.0008847638181939984,0.0029090782374954745,0.007057103778779966,0.06855469033325143,7.976257195065732,2.425889989961143,0.5132324854894164,1.2489279826275452,56722.10366443,0.1530375386200426,0.17207654483471205,-6.049483729648824e-06,4.5819392557729864e-08,6.095303122206554e-06,0.021929824561403508,0.0014426390964982167,47.0,-0.05405081827006086,0.0007452155647817268,-0.6553095365402706,0.7093181513746016,1.3646276879148722,0.601489154097251,2.0,0.7011008134103934,0.13634725187556754,-0.001915400874959469,1.4579729267234502,0.9402767336597021,0.3129848168003482,-0.020936271488849467,0.17592549076033023,4863.399421961329,1.0805156823142815e-15,-0.027810651798628766,0.01672475808086525,-0.6523305502261626,3.914363867950424e-17,1.9720258589766412e-28,0.2075902173452812,0.009091996645668773,0.06937472297212213,0.238636946155963,0.12969399247606686
5BZQ J0521-1737,blazar,0.347,219,21,3638.245316609995,0.011492780592538394,0.020594068679664283,0.5580626524707571,0.6479987999999999,-0.073654082970863,0.2778251865379306,-4.233413441640652,0.0,0.0,0.00015424577846513145,0.0015548710274035527,0.0019114867413941145,0.041851666513472954,12.39247354464063,1.229353886255578,0.3443040234185234,1.4078480686497765,56721.50644998,0.0601972483809709,0.31446806915725023,7.481318121433014e-05,7.509260928530566e-08,7.473808860504484e-05,0.0319634703196347,0.003065172292942004,47.0,-0.11769319230738381,0.009650651602494687,-0.6391408628081574,0.563440220590238,1.2025810833983954,0.5650141014093267,1.0,0.843886865377496,0.06852488701014037,-0.003950409272902845,0.9952594116369473,0.5400116368887855,0.15187508360602242,-0.014467882942706956,0.09873841267747967,320.86727438260385,6.280369834735101e-16,0.8147422168588763,0.09806345282241448,-1.2932120595952017,3.098737605272595e-17,2.62763255949946e-28,0.06986512460395737,0.015480775458149217,0.022303868482967403,0.11459612674073226,0.08507507553135282
5BZQ J0522-0725,blazar,0.164,210,21,3637.1242345599967,0.05008124664070059,-0.0169621994548156,-2.9525207962628004,1.2469997999999993,-0.8381682738291182,1.1399158936971363e-56,4.5308460690617345,0.0,0.0,0.0020189039979982143,0.0030081783823964836,0.008618434461730636,0.09982057234879509,4.26886789367257,2.8650011280247636,0.47643417134626964,1.0234633792867107,56722.29861859,0.011348518818557161,0.023712191991414,8.810227342870265e-06,4.90913623455513e-07,8.319313719414751e-06,0.02857142857142857,0.0019833673648140984,45.0,0.05981182027511946,0.010627698165026516,-0.42937846668273766,0.5629626562025909,0.9923411228853285,0.5561090600173839,1.0,0.8505583243002067,0.10963087900252846,0.008654102394377767,10.519933751757558,1.5491084157002621,0.10094743080806912,0.05446999376932549,0.40535225488372173,7.38905609893065,1.329303737937672e-15,-0.9869910031801826,0.5263462278790094,-0.9127505625244693,-1.4175298033690292e-17,3.55522560303146e-27,0.012243784365655498,0.05829457108977549,0.0038046732837051277,0.43732981195862447,0.3757128968716705
5BZQ J0522-1627,blazar,1.297,205,21,3637.586725330002,0.06043791090641914,0.08900453790855296,0.6790430277669169,0.9110003000000013,-0.6080546973233291,4.093474501080474e-22,-2.4897924198015073,0.0,0.0,0.0002430686112174112,0.000657147854062082,0.001221144470921503,0.027240069398171116,5.023867375476921,1.8582491923467348,0.3265531041274963,1.0821995950914332,56721.57253828,0.09672879366177861,0.3205158023237159,-4.2337318351706424e-05,-1.5100435705173344e-08,4.232221791600125e-05,0.03414634146341464,0.0014422902943213292,45.0,0.07943862240107306,-0.014493106779805257,-0.5246121769052062,0.7621999586817955,1.2868121355870017,0.4817214744019729,2.0,0.756566847647138,0.08860647088704682,-0.002165536743241122,0.933203275186612,0.6950026655939268,0.2000360535741359,-0.010368159634366547,0.03444911868038302,295.41971969825767,0.0,,,-1.1624983196279415,0.0,0.0,0.14660077600386356,0.13882588135204474,0.050117020730468025,0.052210591489976414,0.02272990487156135
5BZQ J0522-6107,blazar,1.4,600,21,3641.88866081,-0.007549746154529609,0.06852944252321665,-0.11016792018951387,1.5679998000000008,-0.36176523476129546,5.445367476755256e-20,-6.381406551453526,0.0,0.0,0.001366351828599079,0.0052818362169488745,0.005787213479264799,0.2876152809885483,4.235522179498167,1.0956821151702012,0.21238997260316933,1.0206349611253716,56689.94894075,0.11335919726358484,0.05641230121164288,4.517868233141059e-05,5.384770522098255e-08,4.512483462618961e-05,0.008333333333333333,0.003246467734435554,130.0,-0.04504617430257284,0.003325255146893744,-0.3480547305924399,0.3390730254673614,0.6871277560598013,0.3844582269099058,0.0,0.5299932625571183,0.10100656328626975,0.005932337664169484,0.860032741402351,0.7849720015965221,0.23454251569871293,0.03613536697940756,0.2657110784460105,12.952429968902015,3.552713678800501e-16,-2.2354477466674605,0.3686548223350254,-0.3239790062011987,-3.183969459630653e-17,1.787268309857406e-29,0.1756153132565222,-0.01811939077087106,0.06024802339842945,0.41163783268968446,0.17151576362070187
5BZQ J0525-2338,blazar,3.1,202,21,3637.5867253000033,-0.06350894612318564,0.15982956243874877,-0.397354188762946,1.5939998000000006,-0.46018917324679376,5.563530849651983e-12,-2.6889758133634523,0.0,0.0,0.0005623190782543531,0.00101200658922018,0.0034891708652431213,0.035736768426749554,6.2049661730664285,3.4477748455017374,0.4770975385128613,1.1583558364520534,56721.37363662,0.048023445817284266,0.035794600955410705,0.00016169350262133572,6.170620844099039e-09,0.00016168733200049162,0.0297029702970297,0.0009015621902896977,44.0,-0.04129104058567773,-0.0019412285466107208,-0.6059966411623674,0.9420215639854407,1.548018205147808,0.7985474257684043,2.0,0.963914535690525,0.19495745273557694,-0.008869099547506193,2.5043816201085822,1.9072871540239529,0.40497728666789634,-0.02624036815413444,0.03310216430833211,81.32340922558296,0.0,,,-0.821312314595552,0.0,0.0,0.09724006647200069,-0.2603866791050611,0.033979958013765535,0.0670267741710195,0.016347993700248663
5BZQ J0525-4557,blazar,1.479,409,21,3642.6648305899944,0.0010683437604277406,-0.02067031009770988,-0.05168494112461841,1.2029999999999994,-0.6132643852330059,1.3012064385424107e-43,3.5903061985281264,0.0,0.0,4.678770017337173e-05,0.0001370477955992438,0.0003143748317623577,0.022882557843725393,6.719176704096711,2.2939065024274337,0.12157887952713187,1.1870711190083298,56716.23288053,0.09575668600189303,0.7666731025617037,0.00014290715045967736,-5.266128347938009e-08,0.00014295981174315673,0.009779951100244499,0.0016228818617270932,87.0,0.13892538632688284,0.009087842091957147,-0.24468119762014418,0.53708171059846,0.7817629082186042,0.417025221625577,2.0,0.6000117060484296,0.03940924604894968,-0.0017283080107707719,-1.3295921809125335,0.515300306411706,0.09123787811210804,-0.017077345293445845,0.05901656116926804,1992.710772775407,1.25607396694702e-16,-14.035847859165035,-0.005050505050505051,-1.8441847859547067,-4.509086206840357e-19,1.1036416170623244e-29,0.15076737407001384,0.002648424182100369,0.051847881717917245,0.0929206338026045,0.037483111658977206
5BZQ J0529-0519,blazar,0.685,192,21,3636.6916721399975,0.058386068530702745,0.04832140217510543,1.2082858920178956,0.8729991000000012,0.31310470259538475,9.7849772938426e-06,-0.199134383142505,0.0,0.0,0.000514016203679254,0.002185906685479608,0.008516862079032302,0.3051034342347599,16.56924820949336,3.8962605914110022,0.17696277922278703,1.5126090600551907,56724.20881345,0.011275974521069468,0.0024170726580249125,-0.0002395025244717694,-1.658326165397879e-08,0.0002394859412101154,0.026041666666666668,0.0014426393976760487,40.0,-0.10694277780577546,-0.03285697869623196,-0.9820176129936077,0.7862248824779494,1.768242495471557,0.8641226209715259,1.0,0.8174668049361596,0.10730446282345395,-0.0015471643807206403,1.3666367764198974,0.7656891877723461,0.258884229169153,-0.023953965822983925,0.25471218540276414,12.464438566927079,1.3198741729282636e-15,-0.3643503050420848,0.48337830030218293,-0.9185806089196075,-2.1831008811264034e-17,6.9799530223093855e-28,0.014637066248353056,0.09838052547423413,0.00483676488539937,0.3306356470597488,0.19622293594050375
5BZQ J0532+0732,blazar,1.254,198,21,3634.148994160001,0.07855633525087925,-0.1130164080111743,-0.6950878782407607,0.5100011999999978,-0.09303723802598285,0.1923391151607885,2.139197902106503,0.0,0.0,0.00031556023228725307,0.00127027836379588,0.01758539349922434,1.2601854347894952,55.727533586960035,13.84373219806048,0.08271466967109697,1.950079599595894,56728.42547891,0.09390802753648306,0.12727476090453524,0.0003389228527058695,-8.930173037084761e-07,0.00033981587000957793,0.020202020202020204,0.0010818050376507392,40.0,-0.11031250693794296,0.014783179964608317,-0.8224769246753703,0.7548389968820285,1.5773159215573989,0.8848158177868181,3.0,0.6407115662585176,0.04110791668319722,-0.0005131857502033669,0.46732918229062465,0.2980977551494282,0.10044282198511345,0.0008412467170840765,0.6232573928457984,146.92892360197442,4.377750379764345e-14,0.015079188327452506,0.7178927428751104,-1.3305523154734278,3.1573329227114335e-15,3.539861438047029e-24,0.1409871964083161,0.17706597965548185,0.04812012126418483,0.9357167301160468,0.4151360825714494
5BZQ J0533-8324,blazar,0.774,64,16,3653.7222799599986,-0.20266347022798956,0.012421761796477368,-10.0,1.3950014999999993,-0.022913502623692523,0.8573733988347865,0.35011712470527023,0.0,0.0,0.006899311548968835,0.04641326415576939,0.1255885734034272,0.9325245369199606,18.203058739099045,2.7058767721922883,0.5578015957569953,1.5465272470031703,56921.3405375,0.47034381697064975,0.41896539117536585,3.7965605858062033e-06,1.7271445051711304e-08,3.779289140754492e-06,0.0625,0.4986529386995214,14.0,-0.20506530425178526,-0.03913345730112487,-0.9054459837553006,0.9098033242121872,1.8152493079674878,0.6879589067130265,1.0,0.6812235941585523,0.17780585550097647,-0.01561701567842052,2.029531145091749,1.0880504632552785,0.3684006220635412,-0.09247021073380124,0.5547941485217962,7.688100311601846,3.8459253727671276e-16,-1.3342564187643504,0.32978723404255317,0.22322801971879824,-1.7366472820592957e-17,2.5227013169320416e-29,0.6264584145275012,-0.3595249961844535,0.2084123821861458,0.7389391550007077,0.4165384188279075
5BZQ J0540-5418,blazar,1.185,83,20,3639.0355751399984,0.022467746943919942,-0.011061744260465328,-2.0311215315490223,1.5200005999999995,-0.49115763821641967,2.422717451352679e-06,-4.3837800220714565,0.0,0.0,0.001927845221329851,0.018162213628544702,0.035979359161207265,0.25535631256650365,18.662991584835463,1.981000768688195,0.6093138814791369,1.5555270891254211,56720.97290443,0.12694251429142364,0.1190149693781007,-1.977224123542556e-05,-2.4754573272096022e-08,1.9747486662153463e-05,0.04819277108433735,0.0037864918275057383,17.0,0.1798904259925512,0.013464007445275789,-0.5388379113352985,0.8061286718931113,1.34496658322841,0.7372263556133075,2.0,0.6532715569487472,0.1410132556382895,-0.003310743489228161,2.615093282108653,1.1229235454454836,0.24651073243901067,-0.034249202483600305,0.28868013079927407,7.38905609893065,5.158698975118586e-16,-1.9816500353494304,0.40255009107468115,-0.08114253798885945,3.8068825871629286e-17,8.17163472053334e-29,0.18764319392709886,0.04909202707246507,0.06386597685480538,0.4267196224120176,0.1952950216988639
5BZQ J0541-0541,blazar,0.838,240,21,3639.115938269999,0.06670284968319126,0.036444013053952236,1.8302827842928113,0.7749995999999992,-0.23491405394877252,0.00024085978093321477,3.7860754457018473,0.0,0.0,0.000564620138919252,0.0019634659986576793,0.008277088283964772,0.18120223855753717,14.659569680154346,4.215549587009829,0.2541998693409351,1.4684427125013708,56730.26678387,0.48250143279614804,5.862369785781329,9.656505840517226e-06,-6.641744024969544e-08,9.722923280766922e-06,0.025,0.015143877371667083,51.0,0.14383809650197715,0.005026698058191128,-0.690408351446473,0.8249999027967158,1.5154082542431886,0.9391364376247737,5.0,0.6170046061695958,0.07902045467664767,0.0032850933111760947,0.5658104832977926,0.4416564845226912,0.2001709756808595,0.023260213383197392,0.21153871444951025,13.006231214306476,5.891509130072236e-16,0.5592733540420646,0.27203986064315977,-0.786722056757536,3.266908071791439e-17,9.982414958697278e-29,0.6541409854238741,0.12259983771770555,0.21857912779051114,0.286789082310901,0.1560332330309581
5BZQ J0544-2241,blazar,1.537,212,21,3639.053033129996,-0.0016675588618275821,-0.002114350400300141,0.7886861428412552,0.4529999999999994,-0.6312809624637097,5.696472481247146e-25,-2.440980131736753,0.0,0.0,6.222544317595293e-05,0.00029600018935846883,0.0004673522530351901,0.005394790266530543,7.510629441449592,1.5788917313506003,0.5089504131636471,1.2272334558692293,56730.06622674,0.028078388968261637,0.09883980563879209,1.4000000189724255e-05,-6.867864462233583e-09,1.4006868054186489e-05,0.018867924528301886,0.0147837405886248,48.0,-0.10821326072598556,-0.030446539554647534,-0.7514785644148698,0.6869540471711443,1.438432611586014,0.5257396143654762,3.0,0.7385458442936147,0.04168105272890499,0.0027070342387686616,0.5078417106517027,0.30693470875939144,0.09746361740639109,0.015215565224639294,0.016083420157214756,307.2811299250092,0.0,,,-1.729133862147401,0.0,0.0,0.044723153588867734,-0.0042305968324565756,0.015404788611104085,0.025617611848687896,0.010097600255690932
5BZQ J0551-1909,blazar,0.73,206,21,3634.0561749099943,0.0053412617227869465,0.18574682394188258,0.02875560189636485,1.2659997999999995,0.037627614292520144,0.5912939741273292,0.99495035589596,0.0,0.0,0.0005200784699162151,0.005609219076683794,0.0048203608776779825,0.07147457549257136,9.268526092199162,0.8593639882699048,0.5044888700833705,1.3030849839639227,56732.50321807,0.24224059547586332,0.4293223083672567,8.199147439877002e-06,-5.8181583640211755e-08,8.257329023517215e-06,0.019417475728155338,0.0007213195619344823,43.0,0.07777222158535224,-0.004770803553519921,-0.540998271504748,0.6629929815169304,1.2039912530216785,0.5668602069072143,2.0,0.8507867913135377,0.17706924219646503,0.027608688695645797,1.5684858133999766,1.1933455857863988,0.3980663596269405,0.15219682581881178,0.19523807297429135,7280.564058254139,3.514763402529542e-15,0.12490988765694094,0.14372565908218152,-0.7292820989788897,-1.4113979702454116e-16,1.9556166734654547e-27,0.31861775773949963,0.009240382780421417,0.10565629934348153,0.2567955916482533,0.1484367581781811
5BZQ J0555+3948,blazar,2.365,201,21,3634.024089300001,0.04086905428661074,0.10907662606784461,0.3746820538910928,0.9689999,-0.22581114657273751,0.0012677013332166973,-1.193929885601643,0.0,0.0,0.00040864921191537145,0.0023707974212072037,0.0063317774519720685,0.09732151239858992,15.494407555076677,2.6707374458325535,0.35580897998433114,1.4884189220339845,56734.09430444,0.0020703805998407857,7.180901264496113e-05,0.00023621552492105333,-1.4656699461553116e-09,0.0002362169905909995,0.01990049751243781,0.0010818051745244005,43.0,-0.0647238267718031,-0.016850307832582834,-0.5600049101075399,0.6224806267607739,1.1824855368683138,0.4813865659122947,2.0,0.8705725778465675,0.11611683618674012,0.001205961993440117,1.0710261369243665,0.9054092640757279,0.2915659106372144,0.006798842511249958,0.10433750688387856,7.38905609893065,0.0,,,-0.9246108666914635,0.0,0.0,0.003797892989788313,0.13752436767444515,0.0013250109713489984,0.19139605828838682,0.05687847200249237
5BZQ J0557+2413,blazar,3.228,141,21,3634.14989968,0.01251648191210152,0.03991232298374532,0.31359943437015625,2.1320010000000007,-0.49663332634729573,3.768376945849172e-10,0.6467344106206707,0.0,0.0,0.002429496599432875,0.009437691275936185,0.020698986403450165,0.23404714288729794,8.519866378805439,2.1932256307254203,0.4738616507295301,1.2727077010531356,56734.35483821,0.10199489022170717,0.06827185121180625,0.0001393269237332214,-6.010267487620048e-10,0.00013932752475997017,0.03546099290780142,0.0014422922655729696,29.0,-0.007300282916236326,0.005349964833874002,-0.5483001919048116,0.9316187030221855,1.479918894926997,0.5479146118160122,2.0,1.0086797433818024,0.3306515778415088,-0.013178381857692434,1.5851534793373583,2.089539375231478,0.6233465690079115,-0.11115592512301864,0.8694961492007361,7.38905609893065,1.321198151767451e-15,0.11780756983291897,0.22623434045689017,0.1654804331463255,-3.5288608219140516e-17,2.2307884955088554e-28,0.20972292403382486,0.052919685524365226,0.0732665585131196,1.7878667691111423,0.4228634742457763
5BZQ J0558-1317,blazar,1.725,188,21,3634.0154305800024,-0.10421046487605772,-0.16960818689827975,0.6144188366246528,1.8299999000000007,-0.4384711943385275,3.1034659306177934e-10,2.1888662415540057,0.0,0.0,0.0010787836260881182,0.0036283692814315207,0.004786544591925777,0.10338152186038413,4.436982979474528,1.3191999543988298,0.3694332364364948,1.0373947548019606,56734.41379554,0.07125219496244299,0.026100496441654325,0.00011415240508961981,-3.1639779825782704e-09,0.00011415556906760239,0.02127659574468085,0.0009015622997926108,41.0,-0.0702064846166584,0.025170171370246117,-0.7490902763118779,0.8298307842095076,1.5789210605213855,0.7390551161622312,5.0,0.5958163763096849,0.1210277317508274,-0.0047972487982670415,4.002127564826293,1.3749781844845557,0.2407522184588629,-0.04036647852286379,0.08684320490898852,69.90204337385028,0.0,,,-0.6762553515266858,0.0,0.0,0.11762008823743635,-0.2839735167872573,0.040694000842985606,0.14335706331013462,0.052608096627572334
5BZQ J0559-4529,blazar,0.687,390,21,3635.057309790005,0.05749594551308233,-0.04541152010639107,-1.2661092466929011,1.1890000999999994,-0.021501908762413115,0.6720657299668139,4.528271255179884,0.0,0.0,0.0002287794365478884,0.0007660951133663353,0.0019896564216563325,0.23346257356425246,8.696832385733334,2.597140204062062,0.07803439014004072,1.2801225075040321,56734.27614329,0.281135731999015,1.5336670178574168,0.00010621428279844658,-5.3100367632298045e-08,0.00010626738316607888,0.015384615384615385,0.0019830189185565394,86.0,-0.05853311534196739,-0.015257908713017207,-0.6368944566007402,0.481294367400377,1.118188824001117,0.6094116841247913,0.0,0.6951590491668954,0.0924909597561344,0.008195945663009225,1.177694600263265,0.9004770570906464,0.21534425415581693,0.05202593641074538,0.19989833063157883,33.535275006494125,8.792517768629141e-16,-1.6039889385089785,0.24036704855171462,-0.8522954163210348,3.2440283867491533e-17,2.812078831440224e-28,0.36515192012882974,0.0969956600805699,0.12068247962619781,0.2596370754498202,0.1539046090396089
5BZQ J0559+5804,blazar,0.904,252,21,3634.2699802200004,-0.04447864636077759,-0.036011531903486584,1.2351223069316648,1.4949998999999998,-0.4411725879691273,1.996535628923902e-13,-0.9950088925995894,0.0,0.0,0.00039498772013591376,0.0013997080229724193,0.0027290360309788694,0.03873829734834842,6.909166753666803,1.9497180727976196,0.427096909682259,1.197127933109794,56734.69024542,0.07741458880198478,0.04423078786409495,-4.440619451918169e-05,2.1922473638150448e-08,4.442811699281984e-05,0.015873015873015872,0.0012620474469602877,55.0,-0.023871763512253945,-0.01502220748847704,-0.6021998474875703,0.7580566906220071,1.3602565381095775,0.6074519397176456,2.0,0.845070171020928,0.17615519219073386,-0.0003895272036240395,1.0584310388956575,1.1413682887637866,0.42047037863138004,0.004286085355546976,0.07239730856796468,281.0604517903222,0.0,,,-0.7718846127238611,0.0,0.0,0.10682091245191765,-0.08468734267092053,0.03584269233686404,0.09989779290921905,0.05246732820862345
5BZQ J0601+2324,blazar,0.274,168,20,3634.1265984700003,0.005256761475547368,0.004633708094357383,1.1344610770688592,0.3890008999999992,-0.1598434841482834,0.038483579435778056,1.3929574915422316,0.0,0.0,0.0001020835788231107,0.000829799556793693,0.0014550322287842365,0.04638874231941504,14.253342518997671,1.7534743362034795,0.23470963624170488,1.458307094492786,56735.34234301,0.026939216129526034,0.06153616155198006,-0.00014020505848230569,-7.466833268774167e-08,0.00014013039014961794,0.02976190476190476,0.0012620477755088677,33.0,0.09565529045441092,0.00819557469138496,-0.5479832842111474,0.8772342952164558,1.4252175794276032,,4.0,0.711372477823412,0.04699366450575742,0.002084938668763903,0.5921752186567126,0.2659948956397641,0.11381936913296675,0.012790691370158314,0.12635591440065955,7.38905609893065,0.0,,,-1.3121875623222765,0.0,0.0,0.030406726556270476,0.006697114119847348,0.009611655324367965,0.1426199529888092,0.11194658790330392
5BZQ J0603+1742,blazar,1.738,158,21,3633.989074060002,0.04640806190268874,0.0856509686441381,0.5418276364801494,1.5830000999999996,-0.6320056614402065,5.343415379220717e-19,-3.6315017440982906,0.0,0.0,0.001033023435924161,0.0026607803416095056,0.009176009566746681,0.09119903249527153,8.88267316961206,3.448615964197743,0.4693342043729458,1.287748477409017,56736.13145562,0.06027960658721441,0.027089894076381467,-5.1540686036091546e-05,-3.823658739786201e-09,5.153686237735176e-05,0.04430379746835443,0.0023435043942528757,35.0,-0.11515788420674214,0.022633946081353714,-0.7803619078382825,0.6990298172964692,1.4793917251347517,0.7152412613770188,1.0,0.7047076265491476,0.1749827750941562,0.0032500884116608737,1.0773672572308661,1.1394376199453968,0.4552813102343871,0.03186244415193662,0.04095351661914529,776.3279125313741,0.0,,,-0.25961904842119105,0.0,0.0,0.09974408050960709,0.12706527348956176,0.034518471542119795,0.06776538683777641,0.024749958669750334
5BZQ J0604+2429,blazar,1.133,170,21,3634.112083799999,0.04933039742410226,-0.06027118394626903,-0.8184740068832838,0.5010004000000006,-0.4719523802546117,8.200750142727263e-11,2.586910723581108,0.0,0.0,0.00015936137174747618,0.0004344150029920113,0.0011090267945212662,0.015591502876769003,6.959194536298508,2.5529200979017306,0.4053253445426312,1.1997300845400933,56735.93510061,0.1354202258351944,1.3122914965173942,-0.00017031329069834534,-4.329086923692072e-08,0.00017026999982910841,0.023529411764705882,0.0010814563449568445,37.0,0.06948038215451317,0.0013436983349095954,-0.6515147509693762,0.8096817902641176,1.4611965412334937,0.7265607364651545,4.0,0.5124877031683356,0.032206877266936246,0.0024557068348936275,0.4581217952784028,0.236530154481277,0.07248203946905252,0.010867058805977159,0.05176730916457307,2864.3836876815526,0.0,,,-1.44127226489269,0.0,0.0,0.19777844656758992,0.10522173770561012,0.0671630686801927,0.0756050872490315,0.03544542299532654
5BZQ J0606-0024,blazar,1.028,217,21,3634.0974412799987,-0.029708528779355956,0.017395861227206006,-1.707792927946202,1.5290002000000005,-0.4919459148532335,1.261871317067343e-14,-8.506922141805335,0.0,0.0,0.0010710194284920308,0.0028511783638059656,0.00628039554245564,0.10373477952105833,5.863941745141208,2.2027368122523776,0.3813222324572708,1.137967692858624,56736.58897708,0.00452411157244393,0.0001015523409772961,-6.152914311206765e-05,-1.6956203631457558e-08,6.151218690843619e-05,0.018433179723502304,0.0010814474195630457,46.0,-0.09863990824766278,0.009876616701382577,-0.7777398021377229,0.7485468986314241,1.526286700769147,0.7718316586538158,1.0,0.7436749581165774,0.1550162736074608,-0.005640294013575867,0.8500289191179361,1.0556543112924706,0.38991349290997046,-0.034994912493455765,0.07105853678812585,704.5734004792763,1.25607396694702e-16,-14.03584785916504,-0.0050505050505050535,-0.34982758733636415,-2.3526869000811694e-18,2.0119408416450723e-30,0.006442690698334041,-0.06024889636453388,0.0021768028433624504,0.10119294510563477,0.049897901925855415
5BZQ J0607-0834,blazar,0.87,190,21,3634.2173978799983,-0.13037446063877176,-0.18267950383538228,0.7136786443007636,0.5320005000000005,0.7493377576883693,1.7073488465491653e-35,0.04974972481697465,0.0,0.0,7.508753441435853e-05,0.00037567166758911246,0.0024161577253828765,0.22887891335807012,32.17788028398718,6.4315675825571175,0.07289035226191293,1.7519993468057855,56737.24591285,0.06539095034846747,0.34399179635129723,7.713728260827928e-05,7.497255074112633e-08,7.706231005753816e-05,0.021052631578947368,0.0018024270225822745,39.0,-0.05116731499459961,-0.019836568132174055,-0.8322460245725727,0.7878867979261286,1.6201328224987013,0.8121173993002244,3.0,1.0988073159486667,0.12121851256288207,0.003746930756457223,0.0722401642925394,0.5358585328370723,0.3120146812665371,0.009605793469941837,0.2056128153957933,29.345634569812113,2.167936861469163e-15,0.516464071396339,0.21796681962583833,-1.6128243160065507,8.733850533732077e-17,9.963204838383437e-27,0.08942077971355221,-0.2438002413945032,0.0299413323747946,0.2811712962391808,0.15035898194608596
5BZQ J0608-2220,blazar,1.926,143,21,3634.07121011,-0.36485039665386204,0.06076382187326225,-6.004401721386887,1.2259998999999997,-0.29129819442353655,0.0004160108393500773,-2.039656668234223,0.0,0.0,0.0006077172855749585,0.0019264824014202065,0.0077310389589755595,1.1108459764021277,12.721439935577644,4.013033780772245,0.05845005309341756,1.4172975182782896,56929.15589969,0.6905206123580891,1.1255095336923622,-7.520204050172799e-08,3.085506937061355e-08,1.0605710987234153e-07,0.04195804195804196,0.5250670471184077,28.0,-0.003180847232727065,0.015946583688833508,-0.8185568027198092,0.9055873760725168,1.7241441787923262,0.9268383313683374,5.0,0.635634969124551,0.13723380443809424,-0.004289726442467373,0.8271368457924513,0.7511477366102658,0.3175452622645775,-0.05178655688285305,0.4247218694677546,414.65569063121,4.631219084246476e-15,0.701832150402583,0.2848872022082899,-0.3051765033097147,-1.6122808356048752e-16,2.672010279952561e-27,1.181173807398136,-1.0675522606092005,0.4101349215959565,0.7265103150669256,0.2482947078150805
5BZQ J0609-1542,blazar,0.324,193,21,3634.202877430005,-0.08229607932108057,-0.014323953495827305,5.745346726031619,0.4880010000000006,0.47651327975943236,2.472221184776929e-12,0.19899810417138974,0.0,0.0,0.0001599878365021644,0.0011782766848708619,0.003383752817592238,0.08053759114293679,21.150062844911325,2.87178118532602,0.2528349202074049,1.600647511365767,56737.57393502,0.15542066925984285,3.5055843436311704,0.00014643952716734276,-1.3222011774135267e-07,0.00014657174728508412,0.02072538860103627,0.0009015621081575328,41.0,-0.09777564926230613,0.026428987564054842,-0.7513481946292826,0.5818128973426048,1.3331610919718875,0.729862037892697,2.0,0.9030103090397952,0.07823309915714999,0.007417298154054896,0.15123637041972043,0.40932889234805847,0.20044325041817324,0.06082926914631592,0.1465865432563957,7.38905609893065,3.3829889401252107e-16,-2.026812911806502,0.13707865168539327,-1.368854924837501,1.7474318291697753e-17,1.672091244029067e-28,0.1788351022297551,-0.10896000902111068,0.05692066345542772,0.16867009757200455,0.1273943335135986
5BZQ J0612-4337,blazar,3.461,371,21,3635.0607582800003,0.035364762065148284,-0.10449058508583725,-0.33844926828667604,0.5780000000000012,-0.49348926318230024,3.615653293946718e-24,-6.518726342706092,0.0,0.0,5.6119531926621445e-05,0.00019948433851453974,0.00034135510092868923,0.011838353817624698,6.082643299526829,1.7111874634339856,0.23619559426247547,1.1511746019737614,56739.67577274,0.015010045015649977,0.016140638547500388,0.0001280445889890266,-6.142326287736827e-09,0.00012805073131531432,0.013477088948787063,0.0012620472826959577,79.0,-0.019200736558172116,0.014637675742664334,-0.5452221520822134,0.5202949172767428,1.0655170693589562,0.5846963857421226,1.0,1.1408600625316272,0.10297004490318426,0.0027460539598403023,0.9403671530794813,0.6460205927956595,0.2518238581113965,0.01099368927254285,0.018500566125755444,90.81568172942633,0.0,,,-1.7011423856824712,0.0,0.0,0.03170283543422847,0.1577622035726265,0.011066488558584744,0.039075192826761064,0.008759290030657042
5BZQ J0623-4413,blazar,0.688,365,21,3634.6937764400063,0.002201955284678513,0.00669960207231975,0.32866956289481264,0.5910005999999992,-0.6765345825729646,3.586134654106581e-50,-4.97562460840521,0.0,0.0,4.027757722282668e-05,0.00011534397183808024,0.00020390160680064013,0.005228992447198059,5.062409802113725,1.7677699300931573,0.29865899338301805,1.0849560763565618,56744.41618174,0.024449667303104335,0.23808360833277278,-0.000488254936337136,-1.747529029831179e-10,0.00048825476158423305,0.0136986301369863,0.0009015622450511146,80.0,-0.06862387136742487,0.011009823290612545,-0.6478082954975304,0.6534955574629027,1.301303852960433,0.6307463426724074,1.0,0.6731442871903733,0.02954391406439826,-0.000591316069643642,-0.009100995243113207,0.3528079965839005,0.057956595772228336,-0.002121747185321987,0.01836591168844609,359.5771282569482,0.0,,,-1.846408817250375,0.0,0.0,0.031765754490023404,0.0037169005205373302,0.010499402644351539,0.0238615533883586,0.014135991343814333
5BZQ J0630-1323,blazar,1.021,131,21,3633.5589405800056,0.12991563129098105,0.032010677019925445,4.0585093283129705,0.5780010000000004,-0.3676048056088935,1.5650179504810702e-05,5.620700346140187,0.0,0.0,0.00028371401896185223,0.0011694694084811502,0.004284583149812706,0.04486388827726867,15.101767443106285,3.663698353352924,0.4318928734005807,1.479161375302637,56743.56581966,0.05751935790178067,0.07841134672467977,-9.796142591745931e-05,-3.275828101202876e-08,9.792866763644728e-05,0.030534351145038167,0.0014416029021251642,29.0,-0.0694157814231192,-0.034757543189220926,-0.7775607508122722,0.8981940992164813,1.6757548500287536,0.6693379259729736,3.0,0.652851977687926,0.05874817889989454,-0.003104510715370344,0.3259360031537344,0.3418589318199857,0.15221198834702898,-0.015123195728741323,0.12838948395853528,7.38905609893065,0.0,,,-1.017347957932278,0.0,0.0,0.08177060030395016,0.2625594908390727,0.027617961413793385,0.18252090355269418,0.09031217394987343
5BZQ J0631-4154,blazar,1.416,266,21,3634.8984129200035,0.010058062411879648,0.02835032952059342,0.3547776192362619,1.9590005999999995,-0.39912599076480376,1.3611318334137508e-11,1.2937352325245735,0.0,0.0,0.000848275383581469,0.002709613717012585,0.007138981959287642,0.23405770326150827,8.415877778664942,2.6346862328863083,0.21532435890861756,1.2682784382864272,56747.37920628,0.0189037546153634,0.0010989021928573626,-1.813272562824917e-05,-3.496447305709432e-08,1.8097761155192077e-05,0.022556390977443608,0.0025233988227271065,56.0,0.036564115124485715,-0.004201971998759158,-0.8800807736964437,0.47216322479382544,1.3522439984902692,1.0993274520392318,0.0,0.5552870990334965,0.14669523730944764,-9.922854211436846e-05,1.677643227378784,1.2428731210414012,0.3480534099641228,0.009444630319352054,0.25143837879208486,9.081025850397436,2.51214793389404e-16,3.349196527381092,0.24621212121212108,-0.1430583928408309,-6.66569851201429e-18,9.907264212704202e-30,0.029383027133973474,0.02430027878710123,0.010085490746482063,0.39082292681506564,0.1617644564631894
5BZQ J0632-5404,blazar,0.193,417,20,3446.842024419995,-0.001054339897050724,-0.05530319971985215,0.019064717817263082,1.4239996999999995,-0.5957480105503726,2.047095071852204e-41,-4.388176704600404,0.0,0.0,2.7072524523142582e-05,0.00012355086378923314,0.00011625852558137567,0.02425359064452672,4.294336170520687,0.9409770282037478,0.07037242165207926,1.0256087863788919,56944.94469304,0.0054210582424768,0.01075799775103805,-0.0005590519393818019,-2.052736761710782e-07,0.0005588466657056308,0.009592326139088728,0.001260305735796389,87.0,0.0024148303364822507,-0.008254749525013198,-0.3951333913018653,0.5574061514145935,0.9525395427164588,0.3140925541870845,1.0,0.7803025140952545,0.04623436121161081,-0.004039234029028097,0.7235377612605149,0.9116017247060479,0.08338107290080965,-0.02730779174257425,0.0636941912253758,629.3734682119103,7.742959950613001e-16,1.2824705669676602,0.38803364448287425,-1.6418795375753796,-7.952895171726508e-17,1.1879939384409876e-27,0.005921125894178615,-0.0012578274971815136,0.0018487902852584452,0.06956968696964723,0.058314909446477145
5BZQ J0633-2223,blazar,1.508,18,10,3441.6139443899956,,,,,,,,,,,,,,,,,,59282.15366913,0.5999685373278226,2.091643958588322,-1.2245950899905177e-08,-3.163378390831425e-07,3.0409188818323735e-07,0.2777777777777778,6.421270617138939,3.0,,,,,,,,0.5740565356098328,0.10176539763081946,0.01594077945776814,1.6091497105082673,0.5006198310078978,0.16361230887382572,0.029940703943675206,0.49961451964490955,17.479238931306675,1.8724445165742407e-15,1.4559769614087086,0.575,0.20172194630879384,7.835301352119007e-17,1.1459494077174705e-27,0.9501501525677316,,0.3270186017853714,0.7912228434176773,0.31547960263862734
5BZQ J0642+6758,blazar,3.18,328,21,3634.4140085799954,-0.03073120516276082,0.028853760810771272,-1.065067578687652,2.8610000999999983,-0.7233172996877473,2.265025835332024e-54,3.930440885391097,0.0,0.0,9.944059196731055e-05,0.0005130936700858628,0.000904199320457724,0.015732198893283204,9.092859298968225,1.7622499972454586,0.37279140887727186,1.2961835076614432,56739.89377531,0.014437227262865268,0.026252189787522383,-8.055824219383951e-05,-3.0768459942933963e-08,8.052747373389658e-05,0.018292682926829267,0.0014422901574277474,70.0,-0.03917657387702306,0.007383402828698723,-0.5151443848076156,0.5574372801232286,1.0725816649308442,0.6276301082759432,1.0,1.031572243632412,0.17548714019558534,0.0009412705556866931,13.673010242232266,3.659390456782661,0.1403388187078355,6.993277551514687e-05,0.6439966713671332,7.38905609893065,1.2497778171889608e-15,2.5286823640695673,0.35939771547248184,-0.48563372574534797,3.774141934046636e-17,1.6485515125906368e-27,0.029516980871112347,-0.12845643758034023,0.010312941082069876,1.3166543051308268,0.31498906821311645
5BZQ J0644-3459,blazar,2.165,201,21,3638.2278000000006,0.016492518422239564,-0.04690596362125439,-0.35160813570337457,0.8420010000000016,-0.6160265246122365,2.1752040476092904e-22,5.627922537987681,0.0,0.0,0.00020387036763027012,0.002163984870011863,0.0019037209441988294,0.020302994326750933,9.337899161066067,0.8797293223721401,0.6096208836667236,1.3057745024797112,56750.47466257,0.0011927448570712262,5.056739366709984e-05,0.00048095249772772003,1.1364342955181396e-08,0.00048094113338476485,0.029850746268656716,0.0012616992197085548,43.0,-0.1012012204543255,0.019887102006955728,-0.739411452854724,0.5699341036562435,1.3093455565109675,1.027559447520308,1.0,0.9619678414355229,0.1010809545416711,-2.607381421928642e-05,0.639841004472525,0.7887581972098364,0.23255437087985253,0.013969338110493834,0.021204216916221746,1309.1416593335941,0.0,,,-1.2874629089339975,0.0,0.0,0.002121946401474624,0.05219882080638822,0.0007390426114638906,0.03772324945667504,0.011918878185363363
5BZQ J0646-3903,blazar,0.681,249,20,3445.5161800200003,-0.026082555888487177,0.04705814715455314,-0.554262279023103,0.9060001,-0.3365430934950582,5.225794726206533e-08,-5.0468204142661195,0.0,0.0,0.0003082263917739707,0.0012114805587033527,0.008481232633841705,0.10507036996105887,27.51624400984111,7.000717069631269,0.3390232331679364,1.6955529123663862,56944.02123828,0.01222416619731977,0.0026026180457281996,-0.00020411808949056986,-3.758831233924836e-08,0.0002040805011782306,0.01606425702811245,0.0012599570431224148,50.0,0.03141345609537232,-0.01274685969790001,-0.4843300738515802,0.8948787823046827,1.379208856156263,0.5729567780181578,2.0,0.6412857204575331,0.06999944171840244,-0.003623612496461693,1.2934006142499515,0.5938249089206487,0.1635934669679593,-0.027884903733831345,0.18254017986271764,7.38905609893065,0.0,,,-0.9323598354790095,0.0,0.0,0.015849045148787603,-0.043844776448546945,0.005235571435909269,0.23666952047382586,0.14079091045438777
5BZQ J0648-1744,blazar,1.232,169,21,3634.2163929000017,-0.12939955402890868,-0.04638263468043704,2.789827592167505,0.5690003000000008,-0.68001035936801,2.7981791485217036e-24,-3.482479774168379,0.0,0.0,0.0014181722242732208,0.0015456060498564288,0.027500909663501612,6.332808732175753,19.39179824100939,17.792961957067394,0.03220009058024899,1.569343672160531,56748.56866913,2.0283814565453087,7.273742107782239,-0.00019838965708206683,-1.208914018545974e-07,0.00019826876568021225,0.023668639053254437,0.0010814565640025115,36.0,-0.0660590837403185,-0.021670192549445463,-0.9623325015411097,0.731845350488546,1.6941778520296558,0.7167892253731992,3.0,0.6017288791394757,0.05416479741295511,-0.004187821401759451,0.07221673617311505,0.3120854147743122,0.1354565944421302,-0.02803138437904984,0.8989836174871637,100.6407692703031,8.094908767860489e-14,0.1792264634625462,0.5821154733062278,-1.0272654664199021,7.809134575223054e-15,1.2228343870216762e-23,3.0303774576493483,-0.2888198045925242,1.0334022432458754,1.3430706933542276,0.601734181610317
5BZQ J0648-3044,blazar,1.153,213,21,3638.0961326899996,-0.051965321162137215,0.038131671188632754,-1.3627863542898782,0.8530007000000008,-0.2644308848095396,9.372301534378066e-05,4.083831387824504,0.0,0.0,0.0006746766992235732,0.006263791849997615,0.0181048401463811,1.5499544188990388,26.834838286814335,2.8903961972327665,0.09241291501534743,1.6865088222692823,56941.84974396,0.0628917190496093,0.060266437783700014,-4.4573327495750416e-05,1.143500140009587e-07,4.468767750975137e-05,0.03286384976525822,0.5248555391649607,42.0,-0.04240753078751609,0.009770631937433851,-0.8273838133617637,0.47191365045480993,1.2992974638165737,0.9295349720842017,0.0,0.6346314039707452,0.062322393471418346,-0.001403128507041082,0.9638953756412947,0.5549626365962614,0.14669639242775334,-0.0022833041750955907,0.5499067797848324,74.36841048907161,1.5596574903931673e-14,1.351739422567108,0.4603577638253293,-0.9237475987468484,-1.2983022234802355e-16,2.3459365687144214e-25,0.0922816775083617,-0.11188133646208143,0.03136560785158279,0.8068839726218429,0.37477193340540776
5BZQ J0648-4347,blazar,1.029,317,20,3446.3093708799934,0.032072259994270505,0.006109104148660528,5.249912133402181,2.1869993,-0.5190702784869909,2.8836572172119214e-23,-0.518951445307049,0.0,0.0,5.930063149006771e-05,0.00016736195982225608,0.0007553924890129805,0.016194301738199524,12.738354673358696,4.513525566393382,0.2575951155673884,1.417776760829471,56949.54578994,0.0615205474064488,0.2596715586542416,-1.5946636625512343e-05,3.605442417153361e-09,1.5950242067929498e-05,0.022082018927444796,0.01116214683092541,69.0,-0.16880431258722878,-0.023591939219856844,-0.7069332752225583,0.47338346359104366,1.180316738813602,0.520530119731112,0.0,0.5763652853908452,0.051161757396970875,-0.0010979974642714733,-2.4838380973967036,0.6268133597286741,0.1106758769999655,-0.0065143247428223194,0.02505658525581234,7.38905609893065,0.0,,,-1.230201498170703,0.0,0.0,0.08763169552861974,0.06507461552837485,0.02960979476176331,0.03569134448069106,0.017590608418280466
5BZQ J0650+6001,blazar,0.455,198,21,3634.2382865799955,-0.0298104549679268,0.03274566474187924,-0.9103634084972926,0.5609998999999988,-0.37891368428816186,3.698417029602805e-08,2.537250549152358,0.0,0.0,0.0001404421838892249,0.00048473909894843786,0.00091733577245532,0.018396999552776287,6.531768023823307,1.8924319753716956,0.34120188472149104,1.1768683889929021,56742.32847422,0.09891302472497253,0.937366931317775,0.0002008687313722365,-9.596395533962229e-08,0.00020096469532757612,0.020202020202020204,0.002343503874049297,44.0,0.1893405208424918,0.026124892877509975,-0.7968017410926012,0.960440757471356,1.7572424985639572,0.9980890411187723,7.0,0.5167948828753862,0.02917760870337969,-8.660768285551365e-05,1.317668364848808,0.2852236462248421,0.06616943372655248,0.0026226899363764877,0.0944265887149203,6668.940875851539,7.028755951515344e-16,-0.13009696402594478,-0.03378156772712364,-1.6894486261782589,-1.0216440725144736e-18,4.183606960607097e-28,0.11931223449275269,-0.0433742119783335,0.038581173313260345,0.11390054369918484,0.07828216061799646
5BZQ J0654+5042,blazar,1.253,280,21,3634.1997064099996,0.12014392149205867,-0.24577559931748555,-0.4888358397892069,1.5649996000000002,0.6794626325347769,2.8932354936116732e-39,-0.0994989652678987,0.0,0.0,0.0001482745817739597,0.00026083030072418474,0.000977064690739704,0.30380492048559304,6.589562907280008,3.7459784552674487,0.032666135647566846,1.1800456935965546,56743.70932955,0.04031237834263038,0.046657172884814684,-0.0001050482075333619,-2.5780001117898985e-07,0.00010479040752218291,0.017857142857142856,0.0014419517316927204,57.0,-0.030594502271247305,-0.0038677638631450474,-0.4955275995823849,0.3891393424081837,0.8846669419905686,0.6097578195856971,0.0,1.1501759838663197,0.23807394469310902,0.04175556275603647,3.1614309025648635,2.549665428193285,0.46942303249219597,0.23299367980439323,0.2919380700562671,228.37677801456636,8.384705353994055e-15,-1.7570262787884452,0.47521014184404037,-1.2290226022865516,7.095113978452146e-16,5.736117802334353e-26,0.060508866463779606,0.2706842551216082,0.020651388977918086,0.43819894590658803,0.19449575939040745
5BZQ J0656-0323,blazar,0.634,142,21,3633.9472015400024,-0.03666418095295933,0.03884075955278927,-0.9439614820901814,0.47800069999999906,0.23681710243199808,0.0045462979866195425,3.979682082453117,0.0,0.0,0.0013182591616591377,0.004132695368906103,0.016672752480234365,0.9697486491582152,12.64755288831278,4.034353124995317,0.12237268132432665,1.4151965917635505,56749.29551363,0.18237894769048874,0.5041753543764224,-8.490159927937736e-05,-1.4929602173432956e-07,8.475230325764303e-05,0.028169014084507043,0.0016221849144505583,31.0,0.022854675238953914,-0.006896606390675275,-0.9304619446336997,0.9732498359399635,1.9037117805736632,0.634007324565927,3.0,0.6562204893978681,0.055726546111799655,0.004861658958694151,0.6527240380947894,0.29630050818284803,0.14175740579891705,0.025568512520334985,0.4370326357520772,8.012993251480554,2.7728353984074006e-15,-1.2137613343050713,0.07524168970002787,-0.7245445911412165,1.9175629922801562e-16,8.642320988610461e-27,0.23313137848897023,-0.059909271677135535,0.076711461628751,0.5586501189296161,0.3418911376558239
5BZQ J0702+8549,blazar,1.059,462,21,3634.8671946100003,0.03969285279618782,0.01675570130775551,2.368916231385413,1.1589994000000008,-0.6022249850718202,6.193838942494375e-47,-8.110655068055168,0.0,0.0,8.911677060682819e-05,0.0008348567311592073,0.0015443631103337142,0.022348363224857046,17.32965728546863,1.8498540538081256,0.4014779962903597,1.5287928048989468,56736.73656174,0.012130137311228495,0.0019216595513102416,-0.0003187408497260126,1.102938304918606e-08,0.0003187518791090618,0.008658008658008658,0.0010817960574955239,102.0,0.006678298795690887,-0.015366350258814249,-0.5291332661108847,0.48479738528156724,1.013930651392452,0.18482961687899785,0.0,0.5314483815533426,0.06488353640687736,0.002792179879050593,1.4364007696785237,0.6923299158953954,0.15258843077762874,0.01426070977718985,0.03510356772617755,262.70139688992145,0.0,,,-1.034407483436197,0.0,0.0,0.017405796046681736,0.08172758390735073,0.00589014573133867,0.050370867590026104,0.02446375307917732
5BZQ J0713+1935,blazar,0.54,212,21,3633.9114214200017,0.004048328820125345,-0.024514932709603098,-0.1651372601377574,0.9940004000000009,0.05533046664404262,0.42285677983159464,-7.511575970354829,0.0,0.0,0.0019179389134421322,0.005774948647364332,0.03712947210188415,1.7161255715486605,19.359048310818565,6.429402989133162,0.1326870364140626,1.5687340316288676,56750.74818751,0.8810586795943047,2.6222293097949128,-4.385616500740612e-05,4.184865188914283e-07,4.427465152629754e-05,0.02358490566037736,0.001262056618750581,44.0,-0.14363921549245146,0.0005624002564896773,-0.9184969635205048,0.7248372487754386,1.6433342122959433,0.7805985267915683,3.0,0.7450387493698448,0.09412984543012795,-0.008319304382181605,1.406578014818738,0.742080497630002,0.19171035192662156,-0.03943538659579293,0.6492189297515308,12.525015620871454,7.990644634107357e-15,-2.499596612058665,0.36555880465767054,-0.630638550942205,-6.400490087093773e-16,5.852752687325845e-26,1.0933650676732947,0.006234426382993031,0.35668225982041757,0.8056595043015962,0.5231555222737637
5BZQ J0717+4538,blazar,0.94,229,21,3633.9678284600013,0.001940172080008235,0.017977550485502296,0.10792193750604985,1.6669998999999986,-0.03454916634960363,0.6029813070961582,0.8954335511605753,0.0,0.0,0.0007858405544155164,0.0045362890057508215,0.026517272267209253,5.620011156357336,33.74383274631091,5.845587048741105,0.037730200821430734,1.7691379860959782,56748.51442332,1.2995611562435474,3.942607150543962,-4.133497834182987e-06,-2.2436925193035327e-07,3.909128582252634e-06,0.03056768558951965,0.0019823217796050853,49.0,0.04506631472106486,0.0012291504159229515,-0.5714503720990064,0.5533524950720186,1.124802867171025,0.6401658984743349,1.0,0.6819845089800128,0.13192968316055664,-0.0035412051333308507,5.916336948741039,1.6595381356472585,0.2035941704527321,-0.036365731314248584,0.9570499921202295,131.96902653867517,1.3189799416374444e-13,-2.551456021519738,0.6940146471151092,-0.6428401730212898,1.5618120817239982e-14,2.1986412066770623e-23,1.8100792374106465,0.003763933835215976,0.6086459982340018,1.3330163890926556,0.6871218500477607
5BZQ J0719+3307,blazar,0.779,230,21,3634.054930940001,-0.03856599936410826,-0.01091645318508309,3.5328323870620544,1.0459986999999984,-0.31868144779360424,7.973726264741517e-07,-3.333082551307051,0.0,0.0,0.0008734633368724676,0.008583268072025446,0.052829808061676344,3.1614170231678265,60.48314310518881,6.154975891724047,0.10451807033803374,1.9796153021057,56750.09226656,1.536322520400527,3.67453659451933,0.0002839265162912333,6.365820929089034e-07,0.0002832899341983244,0.017391304347826087,0.0012616993292313883,50.0,0.15879566518999502,0.005663355941853247,-0.5737446131417574,0.9127554106640583,1.4865000238058157,1.0547416920567472,6.0,0.6988698265785032,0.07875340283195742,0.006289561039136395,2.686337318045654,0.8421713927183744,0.15883612026845628,0.022979559045543163,0.8175687487161124,15.186397022693498,3.9071775283236135e-14,-2.9421937898920776,0.6648245595243217,-0.5257048088084573,-4.352552141937848e-15,2.7521192907729345e-24,2.049134054038731,-0.0686089128687486,0.6819559709619393,1.0904663195819446,0.6129658907149772
5BZQ J0724-0715,blazar,0.28,130,20,3442.283078319997,0.03869892677620382,0.22873753994081375,0.16918485171352823,0.45500000000000007,0.03211192535557877,0.7168367164696636,-4.57086185622231,0.0,0.0,0.0002650273543422118,0.0007656390295871398,0.005352602126939594,0.4296625958722838,20.196413762753444,6.991025683258186,0.08418649355468147,1.5840068085926642,56951.18297338,0.13928423319313524,0.7011472445133992,-0.00047253725167432144,8.963270249947758e-10,0.0004725381480013464,0.03076923076923077,0.0010800624503639338,29.0,-0.10731629664891068,0.02436421941457457,-0.8557888572947712,0.6898260749256911,1.5456149322204622,0.9517339728053194,1.0,0.8050372258065326,0.06140236671260541,-0.005731632928064926,-0.22218752392926266,0.3282363787044892,0.15156131122520244,-0.03985841776685939,0.2578774150466825,24.063536172309092,1.4021712100321905e-15,0.4290228779262587,0.4717756189409972,-1.1690438296793384,-6.36535288608968e-17,1.5453944366200978e-27,0.15758212128517493,0.04953462627354089,0.0498546806975604,0.2917549902309872,0.22793358611795878
5BZQ J0725+1425,blazar,1.038,190,20,3442.09665272,0.04603457813658594,0.027077318274883154,1.7001158559814797,0.502999299999999,-0.04265879414751854,0.5589534054295932,0.7539157624027378,0.0,0.0,0.0003005363143592775,0.0010477141232397055,0.0075069337009452146,0.7650231020265607,24.978457901072677,7.165059177180388,0.06833582797617567,1.6606531267218316,56948.21994765,0.48217309668723846,6.072912342079405,0.000558879657382517,-1.1110927071849374e-07,0.0005589907666532355,0.021052631578947368,0.0009001700479226807,38.0,0.0649707116575865,0.0187258694472496,-0.7397785332705453,0.9578492701151773,1.6976278033857226,0.9565812126314124,4.0,0.6702818031365182,0.05695334456091251,-0.0014416158109201668,-0.1775731414738655,0.30147163818210854,0.14445300044731169,-0.004467840426024106,0.370054578419312,36.923603742475,7.904288942941303e-15,-2.382631848432591,0.661390022127928,-1.0570763940969465,5.329964857945422e-16,6.393695528392881e-26,0.6883432605570731,0.09381847024236215,0.23269083925610884,0.5282845037255353,0.2592171264600271
5BZQ J0726-4728,blazar,1.686,418,21,3635.0234210199997,-0.0055637784198402625,-0.07882413640526942,0.07058470506082604,2.0230007000000008,-0.2377895409132851,8.753368135618688e-07,-1.29377972548282,0.0,0.0,0.0008096471930246636,0.0024761618180859425,0.00877929867338397,1.4214089254843936,10.843363304630355,3.545527035314996,0.05480067342071493,1.3596851010890565,56775.15663455,0.048564572396999385,0.015239651762118559,0.0001813597956280701,2.8791356927206065e-07,0.00018107188205879803,0.009569377990430622,0.0018017342642055153,88.0,-0.09236345992945813,-0.006529681048959509,-0.5741069877686784,0.5656832910991995,1.1397902788678778,0.44423793461284106,1.0,0.6752715777962578,0.15835607643573021,0.0011165725877735919,7.559457122603364,2.340438784785506,0.22058130786507246,0.010668643591812521,0.7796644311240929,7.38905609893065,5.3083059006141065e-15,0.8265076751160707,0.6004675504200051,-0.011856744066983253,-4.511198591542844e-16,9.832479873257962e-27,0.07959257830344307,-0.014944308835690945,0.027514517383576065,1.2777936512519965,0.4757236229530888
5BZQ J0726+2153,blazar,1.857,106,20,3438.567987399998,0.26249268415528515,0.025544413853718376,10.0,1.8339997000000015,-0.6845602666131139,5.934595151299994e-16,-2.777214390918547,0.0,0.0,0.0033862005242747536,0.01622480776478097,0.05395856551606542,0.08566798680957216,15.934840572292234,3.32568288604732,1.01480058341807,1.4985281699929698,57114.94821049,0.053638790461587864,0.010250582527827262,-3.215729826947605e-05,2.9194683692279295e-09,3.216021773784528e-05,0.04716981132075472,0.45828127893224413,23.0,-0.10538406366313291,-0.000910464935500969,-0.9813214733072451,0.5564888907899005,1.5378103640971457,0.9388532808897014,2.0,0.6350294911892995,0.15188566571284198,0.005855391943880176,1.077854921006679,1.0603738524629769,0.3343324011269083,0.005892710202440088,0.3781513609530361,7.38905609893065,0.0,,,0.10711688719425652,0.0,0.0,0.090663837273272,0.7499415986316498,0.03144572153731718,0.6391764832703403,0.2237229552923837
5BZQ J0730-1141,blazar,1.589,130,20,3442.486694940002,-0.0522601008542958,-0.08233743429779243,0.6347064527816718,0.38300039999999846,-0.16472279176989135,0.06109549589518509,6.126259689831626,0.0,0.0,0.00017636013582991342,0.0009746954884241653,0.0041977138191974074,0.4903065260505344,23.801942404058114,4.306692566800889,0.066221118441479,1.6432518518796744,56953.68236168,0.05280544310185084,0.03255638812764862,-0.00010640822673352749,-5.146703235640912e-07,0.0001058935564099634,0.03076923076923077,0.0014398509514129871,27.0,0.05555290503948326,0.00840427780035234,-0.7147338669924246,0.7791518838946092,1.4938857508870338,0.7730180801434159,2.0,0.6357902239383363,0.04539314445134046,0.0014508891240003843,0.20374699439242083,0.2265952197096992,0.10610473936710152,0.004791950644838838,0.4417488071008975,253.4256609161925,2.5866022852390128e-14,-1.6797045057571791,0.46736680224648053,-0.9632137684062024,4.297705825831812e-15,7.572419940210613e-25,0.08496591064681344,-0.13530140111177183,0.029305619377053286,0.7107901660833847,0.2745423584717593
5BZQ J0731+2451,blazar,1.089,137,19,3285.140640040001,-0.18892910957093606,-0.23357611186699387,0.8088545873154986,1.9890001999999996,-0.6821533470830403,4.406913787352046e-20,1.3941048575118415,0.0,0.0,0.0012211953878473651,0.005600190521215553,0.013648870917421419,0.09599412505772086,11.176647932075811,2.4372154595950493,0.6042964236030292,1.3706039147805755,56948.21803753,0.014739330712366615,0.0004359722872867419,0.00016726835089950158,2.783880437337717e-09,0.00016726556701906423,0.029197080291970802,0.001260306913077208,29.0,0.12046845715292849,0.016359181274360993,-0.6627232219867037,0.920183081654516,1.5829063036412196,0.8292617779125517,2.0,0.6607138719779017,0.20533874063195076,0.009457858333949328,1.429787830384902,1.3450929729382797,0.4691520739569603,0.025225335234925983,0.05958965431141644,7.38905609893065,0.0,,,-0.26629532487330354,0.0,0.0,0.021303304910589464,-0.3946729098936854,0.007219588139294746,0.08612715190979636,0.04122889033499108
5BZQ J0736+2604,blazar,0.997,223,20,3442.3412696800006,0.0253806911447877,0.13273656514930976,0.1912109983879576,1.2889994999999992,-0.5615013371748032,6.305140481630407e-20,-2.026292602275702,0.0,0.0,0.0005885142822224585,0.0015896443891451858,0.005932269007893135,0.05078909267864202,10.080076519826346,3.731821434195939,0.5024583285331984,1.3333586714473284,56949.0726023,0.08775853148588317,0.05041023126364295,-8.322918897692876e-05,-1.937615721662008e-08,8.320981281971214e-05,0.017937219730941704,0.001080411334712827,45.0,-0.10539934711521076,-0.008833631398911228,-0.47282434107666266,0.4817725590435591,0.9545969001202217,0.3216890298052919,0.0,0.6309660575124114,0.11799001312271284,-0.000453619367317809,1.8487073407539265,0.943772145673187,0.2550230871567901,0.004241283684759289,0.061179132678838295,183.73762769260364,0.0,,,-0.6709959281754634,0.0,0.0,0.12401618853025526,0.050685240216141035,0.041833328539698456,0.08645544454714112,0.043292661265468775
5BZQ J0739+0137,blazar,0.189,198,20,3442.365851130002,0.012111681729354225,-0.05276413037229988,-0.22954385192923824,0.23799984999999957,-0.08341287755657806,0.24267409957274377,-4.995082549209859,0.0,0.0,0.0006107661578289136,0.0018322754420040327,0.012745632809307883,0.9615566023152463,20.86826950881894,6.95617728108133,0.08844042895472827,1.59580976641703,56953.35128314,0.11687373894439124,0.268822052143388,0.0006115730769019851,-3.760281773186926e-07,0.0006119491050793039,0.020202020202020204,0.0009001683230675352,41.0,-0.06278907307101673,0.006708492660329966,-0.92761086784542,0.9701132648680165,1.8977241327134364,0.9089806722996385,2.0,0.6878587977372633,0.02704364762579448,-0.001055205733030928,0.22243983641713766,0.15242215040563623,0.06784765509474211,0.0038839591515900107,0.4426520278526104,21.768886185646465,1.152456032081569e-14,0.7968442072197308,0.48008695403241275,-1.3398883669042696,-1.0743419289002152e-15,4.121489863071146e-25,0.12744061694140843,0.014400789576202175,0.039765794314426034,0.4826734220143589,0.40594905131569303
5BZQ J0741+3112,blazar,0.631,202,20,3442.214441010001,0.007390858665629051,-0.026666014912611783,-0.27716397406398807,0.24300000000000033,-0.6294638326719648,1.0869942077044357e-23,6.549867314173719,0.0,0.0,3.212226350471202e-05,5.890326159931624e-05,0.00019215242754290542,0.005454931250608329,5.981907891790086,3.262169514276378,0.23788652793677562,1.1451514259523536,56949.26895723,0.055427134860376766,1.719406114925667,3.4691415416517137e-06,-1.911754079406693e-07,3.660316949592383e-06,0.034653465346534656,0.0016204423545544213,42.0,0.036013762517855666,-0.0004720052002210061,-0.8033569978882169,0.5846491014116487,1.3880060992998655,0.8460813216943036,3.0,0.6635046423427585,0.02506587704488219,-0.003323094751912589,0.13798479202890643,0.14801800071976534,0.06321250339063311,-0.01646223957996029,0.055784818584568886,2737.1948225233014,3.0767402982137023e-16,3.5769712624280623,-0.013582342954159585,-2.13155983311246,-1.1233392697090665e-17,1.5157312425457583e-28,0.07078633223845103,0.012054490483640982,0.02328609490450212,0.07124313230579583,0.04368064519055539
5BZQ J0742+4900,blazar,2.312,251,20,3442.478020680006,-0.03300219710605513,-0.010961237991822897,3.0108092836479625,2.1460009000000007,0.030493929605275368,0.6306479451311775,-3.6286215960624295,0.0,0.0,0.0010376861667065764,0.0018567636224917064,0.01035536523780234,0.9091890204134102,9.979284257675966,5.577104757324321,0.08479459729756184,1.329734086316971,56943.74198602,0.39609544870502195,1.061590593940463,-3.183864819525731e-05,1.4068259113540464e-07,3.1979330786392716e-05,0.02390438247011952,0.002700505489406184,52.0,-0.014823614826867481,-9.025871203373312e-05,-0.47763127926499405,0.4209830247810887,0.8986143040460828,0.43996847078310775,0.0,0.7148435968471848,0.16722234060269095,-0.0018330429150893656,5.826091642178374,2.212879388723812,0.238069167355611,-0.038153103993075366,0.44105577410646835,433.19519181191066,1.220978844487761e-14,1.103164035957026,0.3190637286516942,-0.7697233319895144,-2.7496564700876578e-17,4.958882796082684e-26,0.720850188356614,-0.10930327681525458,0.25139336512775856,0.8026730397429808,0.24235297093689034
5BZQ J0743-6726,blazar,1.512,550,22,3813.0540125199987,-0.011813258010259016,0.053209666494107404,-0.22201338194005127,1.7270002000000009,-0.48358939121973343,1.3994485798802743e-33,3.3928612021054056,0.0,0.0,5.0940731522090004e-05,0.00029754264227213677,0.0007043005708382467,0.013982312650318462,13.82588227471666,2.367057585739343,0.3077940891653702,1.4473249108542734,56666.68988147,0.0947191415289119,1.016766658137232,-5.830738498980393e-05,-7.125322143839707e-08,5.823613176836553e-05,0.01090909090909091,0.0032468180424418407,120.0,-0.01324756698087533,-0.0026030592765996395,-0.5206905067520378,0.43412303194610924,0.954813538698147,,0.0,0.738077340354579,0.0610436330134012,-0.0033466858876241663,-0.5532133715565332,0.8911476497994355,0.12271693229084202,-0.019314113835330438,0.0825163484061368,5206.163087290657,5.475099487534309e-16,1.7193824568429987,-0.04678848283499448,-1.3754629159212022,1.0264042665764996e-17,2.1266525137300423e-28,0.15012311620532925,-0.029674904121770648,0.05167445458243919,0.1307825552539741,0.052063119129766744
5BZQ J0743+2328,blazar,0.776,150,20,3442.3002688600027,0.06431961444867676,-0.05868407967752207,-1.0960317483399724,0.9560003999999989,-0.5349287095503479,1.7693101446337717e-12,-6.173050447921429,0.0,0.0,0.0002815898212730941,0.0009850161020924708,0.003950560762116627,0.05247124084788996,14.029487039788169,4.010656018428318,0.36530614789357574,1.4525975889769875,57117.96866988,0.06209977945958464,0.0632662895588478,-3.65783353596335e-05,1.4305210557802156e-08,3.6592640570191296e-05,0.04,0.45845037566051383,31.0,0.09904377273681254,0.014472224210833943,-0.5435951898908796,0.8407998126568783,1.384395002547758,,2.0,0.7496579426411407,0.11748475394805222,0.010608418940914535,1.0865752124601589,0.7224376668481705,0.2273817347838184,0.02905128660728462,0.050078775319038156,697.4002322636024,1.4503892858778863e-16,12.124632423681808,-0.0067567567567567615,-0.8309333401264611,1.8037925617573127e-18,2.0492662285730396e-30,0.08275829573799834,0.11423163526084992,0.027536250784800674,0.06673830622453311,0.03757787512642631
5BZQ J0744+2920,blazar,1.18,218,20,3442.3194963700007,-0.0071359183167807524,0.028842080583684565,-0.2474134380172771,0.4890003000000007,-0.3801178245253922,6.660927798665545e-09,4.382419071354005,0.0,0.0,0.00011592630058280351,0.0004506079237606368,0.0010186735579057822,0.01191417960290444,8.787251417472048,2.260664985967351,0.4595874599761678,1.283852993445791,56950.18986502,0.1116852280723225,0.6439138792092762,5.081059819605776e-05,-6.431098258565297e-08,5.087490917864342e-05,0.027522935779816515,0.0012603055989028073,47.0,-0.006128368513453106,-0.0023192008568643147,-0.5835351990988757,0.6117083333519507,1.1952435324508266,0.33574081181953064,4.0,0.6973949052914596,0.05441719312130465,-0.0006453565011555079,0.5923587064003729,0.3176696250379011,0.13570062834413765,-0.0006751269671515514,0.08193187832650015,3916.0161297578984,2.808666774861361e-16,-3.5597846340826855,-0.009127789046653146,-1.3482657720899385,-5.967718658339559e-18,3.4497581373032854e-29,0.16490126309296538,-0.015556301930582038,0.05611368748518151,0.12097096864833463,0.055491270022171864
5BZQ J0745+3313,blazar,0.61,209,20,3442.3295550999974,-0.03609448181771552,-0.030282357450898672,1.1919310402514374,0.4579991999999997,-0.43132562872727315,7.035259920034176e-11,3.8169567962094426,0.0,0.0,9.464188750759787e-05,0.0005143029886379185,0.0008595235527979799,0.07365833851238734,9.081851243162559,1.6712396585582845,0.11303322242197553,1.2957466019766954,56949.72877436,0.16072157578497004,1.1049927131451858,-0.00019109685707514791,2.473731195251259e-08,0.00019112159438710043,0.019138755980861243,0.0010800623408610207,45.0,-0.10748186621915702,-0.018120137567484266,-0.647373540301983,0.38440168016436965,1.0317752204663526,0.49498269386351645,0.0,0.7312970728794315,0.05419966064327984,-0.0008941812608899444,-0.02692986053867198,0.307951373669613,0.1404158955361221,-0.014936273767197972,0.10034579039979141,707.2599019498332,8.140289677804162e-16,-0.8510733080655115,0.2402508862830652,-1.5111168929468612,-5.697169794037845e-17,4.181034512622142e-28,0.20393281767708263,-0.05811211572652198,0.06696311887525788,0.12732453423454484,0.07908356163636326
5BZQ J0747-6744,blazar,1.025,30,16,3473.773264350006,0.655088981249219,0.25118127447948446,2.6080327150451024,1.8560007999999986,-0.4624069539778721,0.010088692995063528,-3.2811821388110936,0.0,0.0,0.012826978085639769,0.018011617245901192,0.012534072375627318,0.02298179305149216,0.977164870086,0.6958882261271537,1.3537033165073389,0.4916684759107118,57208.25519779,0.08124805135450891,0.009883549147078848,-1.017611073315994e-08,-1.5573721359675903e-08,5.3976106265159625e-09,0.13333333333333333,0.9890417586310851,6.0,,,,,,,,0.9051114472628253,0.3388747308991065,-0.04253596816149144,1.4406890331169246,1.713278856591862,0.6652206074617134,-0.0514926320873722,0.09601083219868313,1152.7932025671703,0.0,,,-0.08176034357882725,0.0,0.0,0.11561800397875954,1.3265551870296683,0.039058000279472406,0.13662580940823177,0.0674695355102379
5BZQ J0749+4510,blazar,0.192,236,20,3445.3931725099974,0.03932335606693372,0.019062630556180307,2.062850452409606,0.45299919999999894,-0.6602673770334573,6.290532042676769e-31,-2.452572826427377,0.0,0.0,4.388929900300726e-05,9.111206233437813e-05,0.0004497259255584831,0.03818975906270751,10.246823839242554,4.9359646692228285,0.08856207145185142,1.3392762228963342,56947.62235078,0.052042648509811454,1.8929663633128435,0.0001565778520893678,-1.0770720628259706e-07,0.0001566855592956504,0.025423728813559324,0.007921610896642627,50.0,0.05219838932501734,-0.003080575138958978,-0.36541590885183534,0.8064824305355567,1.171898339387392,,2.0,0.752781399702816,0.03496577812216062,-0.0055315170241907585,-0.33451871860912996,0.2974714046313014,0.08223154899659169,-0.016790502778854965,0.07957648633052086,1116.4052880713145,9.890336306082088e-16,-0.20419468394327922,-0.10972609480072167,-2.260697697285334,-2.0220349154484874e-17,2.2327756832780188e-27,0.05681951441703466,0.04687344043178499,0.017738244931774054,0.08688061506826592,0.07288642203713584
5BZQ J0750-6726,blazar,1.237,536,22,3814.7087674399954,-0.07077259779778838,-0.04667348342016014,1.5163341711756375,3.2500000000000018,-0.5057325475551574,3.786594664214946e-36,-7.363092898138801,0.0,0.0,0.0001620506794945198,0.00037124004296257865,0.0012587132073954854,0.013998502038476617,7.767404638810217,3.3905642127398434,0.44357444554112163,1.2393581563733171,56666.29449652,0.09509416716773661,0.21004330988639258,5.677581489313408e-05,5.758456455617742e-08,5.671823032857791e-05,0.007462686567164179,0.0014433402327143682,116.0,0.03148801510959427,-0.0004693371491215395,-0.4397955554476884,0.47961816130358764,0.919413716751276,0.5182568538633583,0.0,0.563053969111095,0.07274154410780725,0.0023254653181559613,3.6385416058259246,1.2971672330911441,0.12586020913226104,0.016688245740990704,0.08589960444404707,4344.777940542141,3.9720546451956367e-16,-1.540405150850606,0.09270516717325229,-1.1233899872117585,-1.4161878623842954e-17,7.371416914983477e-29,0.14222857908240874,-0.15831830127365262,0.048511595136388704,0.12847663582002397,0.05743255959768618
5BZQ J0754+3033,blazar,0.796,203,20,3442.2800236299954,0.030555792486196626,0.09668118379752823,0.3160469419798087,1.1359996999999993,-0.3605151775782519,1.266781015440086e-07,0.4712224536112246,0.0,0.0,0.00013643352428806762,0.0006216130726476152,0.0019318558144216119,0.01763543013045594,14.159685534348432,3.1078107850684575,0.4870933580852648,1.4559293303224918,56951.9650827,0.05632867731673194,0.07818115709121162,0.00018556776096932348,-2.0641811854566087e-08,0.00018558840278117805,0.019704433497536946,0.0010804113073221585,41.0,-0.11467076622652861,-0.004105413258219512,-0.8948845921660451,0.41561549673262865,1.3105000888986738,0.8413211073918764,0.0,0.7296507879986694,0.09397217263297568,0.003961401581983005,2.9497608103645336,0.9732233278529913,0.18310407926338146,0.02683902851751596,0.04623513529514086,1444.9576219877579,0.0,,,-1.2124391671163344,0.0,0.0,0.07548883440152927,0.05487820330520914,0.0251528479940189,0.06196198167767816,0.034499989798261785
5BZQ J0756-1542,blazar,1.42,112,20,3442.699353810007,0.19252772190386372,-0.3877544921314157,-0.4965196427398531,1.1540002999999999,-0.1963473951118095,0.037997954514712926,1.8851194271375808,0.0,0.0,0.0018024656720251645,0.013536566720992464,0.014574841958197783,0.09098496593118335,8.086057990627987,1.07670151948636,0.776836830916304,1.2538591375735555,56961.63894697,8.095461387587725e-05,4.2390398282662146e-08,-6.039809464636795e-06,2.8978382405356047e-08,6.068787847042151e-06,0.05357142857142857,0.0019802311841321347,23.0,-0.134053911741868,-0.03732288325134993,-0.9561044922479305,0.5419505065088208,1.4980549987567513,0.8182782985560071,1.0,0.7666004473703342,0.181450136180641,-0.012315972348375687,0.9231353041816256,0.8872825873161638,0.4549754814119893,-0.046466984833309466,0.18299277323473323,7.38905609893065,0.0,,,-0.20999899733044305,0.0,0.0,0.00012593582416793703,0.4659170870073502,4.323187721541268e-05,0.28466994789730643,0.11763220987492001
5BZQ J0807+5117,blazar,1.136,256,20,3446.2161591900003,0.1297095714877564,0.07448612499414262,1.7413923935223694,0.9519996000000006,-0.53906864348501,1.064076274634113e-20,-1.7455167404521563,0.0,0.0,0.00011457203948132876,0.0018216072480849073,0.0010392082131139482,0.027100801172408345,9.07034743160835,0.5704897219946831,0.40119236119528945,1.2952894535883983,56949.79116993,0.02135822085941813,0.008308003726484216,-9.178189858331989e-06,9.479867588824747e-09,9.187669725920814e-06,0.02734375,0.011882421026696547,54.0,0.11529060089189111,-0.007219130861168577,-0.6796263152092364,0.5746725584362737,1.25429887364551,0.8213676087741368,1.0,0.6486961718496541,0.08475807847468209,0.0024350159864587515,0.7122326952011474,0.6155499427133251,0.21379420808021599,0.020461923589504716,0.026234427285453974,949.5937446256954,0.0,,,-0.901861879520959,0.0,0.0,0.031215169484169143,0.27705964469784766,0.01060170939092332,0.03834177478666016,0.017950269094878353
5BZQ J0808+4052,blazar,1.418,207,20,3442.4007404700023,-0.007672193589725945,-0.013674589445603937,0.5610547665979382,1.2730006000000014,-0.3794144322746037,1.720326018631624e-08,-7.916814844612736,0.0,0.0,0.0002623905267650973,0.0017438097301889597,0.028739632814233727,2.2218909606852963,109.52999355206381,16.4809453119857,0.07580192201185017,2.193795544875325,56952.48907809,1.2616553899261111,1.664319233324955,-0.00017459747359031968,1.1921375073056683e-06,0.00017578961109762534,0.01932367149758454,0.0010800622313581075,43.0,-0.033570488664319435,0.01943958829430807,-0.7091224439071577,0.7642760450381354,1.4733984889452931,0.7483096728431009,3.0,0.6450769213243416,0.0828793981570039,0.0074792048813693566,0.10147170544608312,0.7152005497173293,0.18060311872548274,0.0435962118807085,0.9169078763403675,157.5647062192935,1.2148105588468635e-13,0.8527618379115529,0.6868771642426237,-0.8282324356490948,1.0437619743820024e-14,2.4952384801858804e-23,1.961863989384532,-0.018551364099957335,0.6734363944530345,1.4257843770481273,0.5896544156526581
5BZQ J0808+4752,blazar,0.545,232,20,3447.3070645400003,-0.02917667218436151,0.12848325296915783,-0.2270854100445707,0.7179994000000001,-0.3764343955989838,3.180986233259717e-09,5.379781045278029,0.0,0.0,0.00022216999661117483,0.000554425063864183,0.0030181315594959538,0.011736901080977224,13.584784588142545,5.443714129763059,0.7097607719573868,1.4409799461278463,56950.646626,0.21030919206598575,1.536626558835102,6.2851953364082856e-06,-1.3017969732283555e-07,6.415375033731121e-06,0.017241379310344827,0.014042894784402559,51.0,-0.038310986231304515,0.02406541114907513,-0.6941917143548447,0.600540165087363,1.2947318794422076,0.7249784693376048,1.0,0.7469347493765162,0.06955789016139573,-0.0033628088001319725,0.7522359624489351,0.5272433310115017,0.1621113163620902,-0.021717830841263552,0.16007488794812139,5523.751275873027,1.780792194218199e-15,-0.2463480472537777,-0.08181208053691275,-1.3350819185958938,-5.384636360308597e-17,1.4665445189051022e-27,0.26141018043145653,-0.04507795852483853,0.08531987064618983,0.19896993055793025,0.12878312657471214
5BZQ J0904-2552,blazar,1.635,186,21,3633.522892109999,0.018311456660398077,-0.022456875054943537,-0.8154053765538091,1.249000500000001,-0.7216425200883819,3.3015395729844675e-31,1.9398684844940448,0.0,0.0,0.0011893338779973357,0.003167963363845369,0.007542524501792466,0.06044804735696413,6.341805808265689,2.3808749133564,0.5903736053190929,1.1662234254260184,56794.57565969,0.05162124179298833,0.011018298895124443,-1.2604552243270532e-05,3.2087208365013553e-09,1.2607760964107033e-05,0.021505376344086023,0.0012613495414087602,42.0,0.1442462889207673,-0.009308621805990229,-0.6685957803749002,0.7139015624333568,1.382497342808257,0.8174017423300233,2.0,0.6013692086967287,0.11481616275388654,-0.00041352799309747737,0.7724245363450936,0.7159010524618921,0.2804297117629976,-0.003561290874290579,0.05164382027278136,225.79932021790634,0.0,,,-0.40305738965841303,0.0,0.0,0.08379512582602394,0.048250688300148926,0.028933933942821538,0.08383177675671646,0.03181471603670455
5BZQ J0905+2849,blazar,1.216,205,21,3633.7407511700003,0.04885295822041746,0.04114686738914834,1.187282564147312,1.1419992000000008,-0.48450408940980944,1.8284296976829013e-13,2.984591992747433,0.0,0.0,0.0005618438464845131,0.0021192338921323635,0.005105835894467786,0.04588441803944245,9.08764226453245,2.409283803460237,0.5331460789242194,1.295976511121103,56774.97377711,0.041532971528652964,0.015918447964123235,-0.00011501448984598972,2.219914979266401e-08,0.00011503668899578238,0.03414634146341464,0.001621839780969868,44.0,-0.03969080544323933,0.0002976457212963506,-0.5574421495473771,0.848937288092968,1.4063794376403451,0.5627494971076241,2.0,0.7115452705496355,0.13056010048324848,-0.001036618596947995,0.4360400670691552,0.7136842567239765,0.31999811714135984,0.006899615904972678,0.07625949397771489,958.9231239683078,1.25607396694702e-16,14.03584785916505,-0.005050505050505048,-0.6447611061305303,-8.096026556147511e-19,5.998187119287935e-31,0.06182695849209933,0.1082581554164451,0.021070342648522658,0.11352167676073803,0.05122819348408756
5BZQ J0909-0231,blazar,0.957,215,21,3633.1804646100063,0.002434762267861083,-0.0653796427152156,-0.03724037279412126,0.8269997,-0.5471199072083577,3.475908031630567e-18,4.7746108775162295,0.0,0.0,0.0005483005341155836,0.0010385732273226194,0.0034241779243420886,0.02103213870702188,6.245074927056674,3.297001916631739,0.6491127947663775,1.160679720375273,56787.53846812,0.07571478460731648,0.16429529856387934,0.0004614967472308348,-1.1094542195563009e-08,0.0004615078417730304,0.018604651162790697,0.0010811082820092824,49.0,-0.029113463857082154,-0.00011932523550340705,-0.6220123504743852,0.4834996986805438,1.105512049154929,0.6257896674897224,0.0,0.8372280821013897,0.09590810939202073,0.0021359243022763728,0.9760871776559226,0.6738386037927945,0.21973370042317408,0.017636280748427713,0.027760518712574296,197.95431851993348,0.0,,,-1.2803892771733296,0.0,0.0,0.1059195444009979,0.004764829758204139,0.03565040661856467,0.03883497139457108,0.019844134590991866
5BZQ J0909+5216,blazar,0.41,152,20,3442.642816700005,-0.04697207115024817,0.004358497144633618,-10.0,0.46399970000000224,-0.6133725441869583,4.445100649625628e-17,2.4506150098343635,0.0,1.0,3.912852679473604e-05,6.33070247369963e-05,0.0003708044059713941,0.03467135733626799,9.476574429699815,5.857239408337864,0.08035132509976556,1.3110914137915963,56959.25912601,0.09384458964155648,1.0176350674355363,2.901407345735665e-06,-1.1957379036999101e-08,2.913364724772664e-06,0.02631578947368421,0.0012599569336195016,31.0,-0.051363360610944354,0.0043416869676563144,-0.9906517294095247,0.7068024353994921,1.6974541648090167,1.0695832417600017,1.0,0.6860383945978651,0.03554017262529368,-0.0014698330309228548,-0.3974649988404876,0.2796531131958687,0.07804128254780107,-0.009674069440931965,0.09023735377165401,2644.2479568487433,9.665285240290245e-16,-0.6579008837481637,0.11419632381697305,-1.8751580559448782,6.251969832908285e-17,9.819111726325015e-28,0.11143427604215367,-0.06623062032184993,0.03585023259651954,0.10715092077136809,0.07599356083075752
5BZQ J0914+0245,blazar,0.427,179,21,3633.4532227300006,0.023606885703748887,-0.026552076887137493,-0.8890786888005988,1.3169994000000003,-0.17090884527414793,0.022170067512906077,-4.078619634002191,0.0,0.0,0.0004002798383041559,0.001422708559429762,0.005753033897375355,0.22507527188555035,14.372529746630246,4.0437191828223185,0.16563763168891898,1.4613105279547582,56786.88140404,0.07203779395907474,0.055515443895525214,1.889636119460879e-05,3.230650846251736e-08,1.886405468614627e-05,0.0223463687150838,0.0010811081998771176,38.0,-0.02950072957340864,-0.006221438625731123,-0.9410700866230135,0.6438744910985625,1.584944577721576,0.9775835517745255,2.0,0.6902395740251653,0.11128056255513341,0.005781350002963146,3.456411899152933,1.1399716736646943,0.22877876697833177,0.05175566755036087,0.3633263057020643,7.38905609893065,7.272175050076181e-16,-0.08086269961709494,0.21870229007633585,-0.5766569302653007,-4.177197212680746e-17,1.8627426491360836e-28,0.08605426336542182,0.03368702589924966,0.02773957720726691,0.4340190874839053,0.3041479239550843
5BZQ J0920+4441,blazar,2.19,256,21,3633.922343340004,0.006476241798974465,-0.11213586406707719,-0.05775352830117331,0.8220005999999991,0.022030996333648637,0.7257282863399085,0.5969482288854215,0.0,0.0,0.00024449124745105905,0.0010044487211765937,0.0031449537057473033,4.020763930854879,12.863256765515038,3.1310246469648892,0.009340914727633914,1.4212960127419798,56772.60732528,0.7383098652312974,1.193041362216415,-0.00011094871977467688,-6.857448855319161e-07,0.00011026297488914497,0.015625,0.0012613705407288167,57.0,-0.0650357438803746,0.007382076137980843,-0.8663633497881094,0.4424027835947213,1.3087661333828307,0.8194823372992471,0.0,0.6370301491576786,0.0662096820180162,0.003206435363839724,1.1080250494419748,0.5114433146438782,0.13889336019670218,0.01994270164717893,0.9476876246142585,320.3260391442069,1.5913817710559332e-13,0.29739821669443395,0.669800132371184,-1.0016972480870798,4.5361829491705685e-15,3.673773397214618e-23,1.318663584141976,0.020659211338728545,0.45938675144126884,1.6926242199531412,0.5306032037470663
5BZQ J0921-2618,blazar,2.3,167,21,3633.8001151200006,0.04918760398014113,0.12280180344456908,0.40054463860006495,1.324000400000001,-0.20945379140286097,0.006595426440822769,0.6466721628550308,0.0,0.0,0.001135822823862918,0.003110949640543446,0.01621950159075921,0.06742179633255596,14.279957433252614,5.213681820549231,0.6896865163648267,1.45897994346456,56988.7910033,0.107189843068694,0.10593059388830321,-4.2549733735611205e-05,-1.7050015690499017e-08,4.2532683719920705e-05,0.03592814371257485,0.5211028476933715,37.0,-0.11230529051615287,0.02780761168000147,-0.5364266073702277,0.39726884446652544,0.9336954518367532,0.46324954948217134,0.0,0.7897595948505645,0.15572871858629858,0.011641764112634049,1.3765606110430875,1.1525861178957484,0.35928652014565743,0.06232844624513756,0.12051971907802808,7.38905609893065,0.0,,,-0.5572423713227238,0.0,0.0,0.19472001979355158,0.16231909313446571,0.06790138434254384,0.21893494208539316,0.06634392184405853
5BZQ J0921+7136,blazar,0.594,315,20,3447.3162328799954,0.011222009420910941,-0.031966417023194214,-0.3510562166779113,0.9860009999999999,-0.3171100039396174,8.665432822612626e-09,-1.0382061207852142,0.0,0.0,0.00021328927529616658,0.0009611644413879195,0.002069602867399279,0.07890422750134304,9.703267334104014,2.1532245431984065,0.19894433979388693,1.3196176553754446,56950.3790891,0.15153607371437064,0.38614771516616797,-1.1467865225504841e-05,-3.727885772772259e-08,1.1430586367777119e-05,0.012698412698412698,0.013322969308696066,70.0,0.031606199871102705,0.005374311612399045,-0.6103135469916329,0.6621443066182269,1.2724578536098599,,1.0,0.5867659975850903,0.0649902724580854,0.006693163937518449,1.1891978433303116,0.6238813795445204,0.14757532679877272,0.02800487387413675,0.12684608264281536,7.38905609893065,0.0,,,-0.9359175756238445,0.0,0.0,0.1913199193210338,0.01788788301693204,0.06273138415435014,0.1601478888990852,0.1004691900245202
5BZQ J0922-0529,blazar,0.974,169,18,3633.093879100001,0.13941136415549435,-0.06990577748201841,-1.9942752827740824,0.5799999000000007,0.2661803406096491,0.000468786957005763,0.09946868936618757,0.0,0.0,0.0001722704560175652,0.0009730663104631547,0.0030789043908486698,0.5470559364437807,17.872503760379153,3.1641259743326886,0.050318398003627834,1.539917462787174,56791.22337145,0.1870779402064775,1.037335534383361,2.75925783101245e-06,-1.4527281460909897e-09,2.7607105591585412e-06,0.023668639053254437,0.001441593675573454,36.0,-0.10659568626411996,0.002923884516596537,-0.7023136180806647,0.6311666770548985,1.3334802951355633,0.6617781769842772,1.0,0.8340151229391848,0.07831491348272304,0.00014826832713198208,1.0894647536818716,0.463641054919404,0.17612389354594027,-0.005973389863541678,0.3194654018800275,7.38905609893065,6.231872044587513e-15,3.308387019705777,0.8255135876815182,-1.0277847047113902,2.836781564337514e-16,7.035890044449327e-26,0.2628428415903454,0.27519803284294586,0.08855165259525284,0.4488460474135618,0.22737895005752878
5BZQ J0923+2815,blazar,0.744,233,21,3633.7828897900035,0.08077835049976624,-0.1242365411276209,-0.6501979994499958,1.4089995000000002,0.39838108942817013,2.762923672212928e-10,0.29846266035236174,0.0,0.0,0.0005930321597231758,0.002158486504096486,0.006838345874367768,0.31490623640480947,11.531155183942664,3.168120744893,0.15531784980565694,1.381866285904576,56778.52791142,0.8589001528550069,13.121152621074586,-0.0008963884477519314,-4.803584675092315e-07,0.0008959080892844221,0.017167381974248927,0.001261701546899444,51.0,0.03079588347415897,0.0019165237399019726,-0.6234787992662898,0.4089736585195469,1.0324524577858367,0.6862109958768394,0.0,0.7552521868249645,0.14266441001363764,0.02013183371271434,3.447893122622899,1.458718640438085,0.28600034325732115,0.10934925653434968,0.6040968462103147,64.40599300159504,1.3622468181067293e-14,-0.006145505980201382,0.32696063787446933,-0.8786220851914134,8.93922703102796e-16,1.460967634480181e-25,1.1342686278698155,0.14087744327159232,0.3765281765413216,0.7977738722874907,0.45743914695383636
5BZQ J0924+0309,blazar,0.128,217,21,3633.6615496499944,-0.03214917026155945,0.01831122684118449,-1.7557081532763008,0.33500009999999847,0.48622300453826045,2.8147619575768176e-14,-0.049742115669404445,0.0,0.0,6.303078680060919e-05,0.0003181893456466643,0.0006329626407633031,0.01644865117190746,10.042118508269473,1.98926408892684,0.26987901049805096,1.3319979382015603,56788.98744582,0.12063071187586857,2.820223351510796,0.0002562487757614199,-2.796444627117977e-07,0.0002565284202241317,0.02304147465437788,0.0014415938124471151,46.0,0.07789097601403346,0.0075333606588615645,-0.5885180402441894,0.6444289139902409,1.2329469542344302,0.8374665996567437,2.0,0.9758180476676773,0.06769204223408459,0.01558945392052728,0.19928693836308886,0.30072432092010537,0.17765796001428735,0.08571284455273465,0.14643605657244835,3954.1896761478088,2.8835037612303305e-15,0.06561976706868046,-0.10195158281845447,-1.7772771327320975,1.121224287071117e-16,1.1340382798537833e-26,0.12811867558861864,-0.03626426405503907,0.0395634504327282,0.15552584689865515,0.13787752384632548
5BZQ J0925+1658,blazar,1.545,167,21,3633.695278389998,-0.005587728986215296,-0.03592222462942781,0.15555075009574373,0.3039999000000009,-0.68993086175301,6.243583063390119e-25,0.9948515478138257,0.0,0.0,0.00012087835972789637,0.0002994096280892645,0.0010137066785906451,0.005119028096166553,8.386171623162172,3.385684961683125,0.6962728947110794,1.2670030891727817,56782.21141934,0.03534357469957657,0.1313764531256635,5.617301658150303e-05,-9.735901302521073e-09,5.618275248280555e-05,0.023952095808383235,0.0012613525804183858,35.0,-0.16718839727807133,0.018720507059874672,-0.8862614795737158,0.6514157740412554,1.5376772536149712,1.2127622699089948,1.0,0.5117727707940729,0.02362279069284484,0.0004604658886754705,0.14639986632447158,0.14344761595518785,0.06194795496829231,0.0002739080923633841,0.013851217383949451,225.8346596273664,0.0,,,-1.789193349072583,0.0,0.0,0.05638380311424441,-0.014220770269917929,0.019425402617543164,0.022096924844406354,0.00868248520408894
5BZQ J0927+3902,blazar,0.695,253,21,3633.587938550001,-0.05485073139682091,0.05893880745339141,-0.9306386363551157,0.25800030000000085,-0.6602420338264161,4.710596096436067e-33,-6.018674066592062,0.0,0.0,3.4679714471357434e-05,0.0001248243595230916,0.0006149669757446447,0.019919804549567356,17.732757244002084,4.926658331495159,0.18273845525031054,1.5370862434348258,56775.89723323,0.025003988534231487,0.16899876878711617,-6.088713108195771e-05,-1.4535294911130036e-07,6.0741778132846406e-05,0.019762845849802372,0.001261353237515546,53.0,-0.0215569811367805,0.019837352464738025,-0.437658739716572,0.4086000310439039,0.8462587707604758,0.470088136205454,0.0,0.5845963778862051,0.02460633338156734,-0.0025856191049630833,0.0712744923375428,0.13862558466811958,0.06340413035345027,-0.015966363485689583,0.07216104199619058,672.7307276227064,6.023919126296978e-16,-0.9703209145648479,-0.0271543985637343,-1.9359498503131494,3.5487815624991304e-18,5.022800178385112e-28,0.03255323417482302,-0.09297198971761143,0.010765686536459845,0.09394802333976637,0.05542656244234005
5BZQ J0932-2016,blazar,1.236,162,21,3633.6717585000006,-0.09530695294925534,0.3716065260785363,-0.2564727642299611,1.7230014999999987,-0.6812743628460719,1.9376884629700279e-23,1.691236684312115,0.0,0.0,0.0019057068715757372,0.00846225272627898,0.01868535070488394,0.14987284241159662,9.804944807502833,2.208082328320177,0.5770382775653853,1.3233773773797501,56799.18324933,0.011433405153548624,0.00026348527973208536,7.833178884500995e-05,-7.61321820108857e-09,7.833940206321104e-05,0.024691358024691357,0.0019816229979505713,33.0,-0.03737329424900358,-0.02700867737079241,-0.6103888455750099,0.8563661008874308,1.4667549464624408,0.6059350720082053,2.0,0.5676391372280212,0.17094736957502268,0.014298533540947908,1.8965666605191667,1.175816929822652,0.3668231625377206,0.07039981066786916,0.07583480163005828,295.53125994455036,0.0,,,-0.139877270198206,0.0,0.0,0.01709666858232942,-0.2131063467945349,0.005831133960204549,0.11339775448029103,0.05071455924878848
5BZQ J0932+5306,blazar,0.597,297,21,3633.95608715,0.09731907397936844,0.07493747249489156,1.2986703546213494,2.2449999000000016,0.07751166279265986,0.1827997899443412,0.7959383626885694,0.0,0.0,0.0005183332976227997,0.0030058383289544304,0.006985145770724891,0.5926215796208715,13.476166376507685,2.3238594375203103,0.10139453157413816,1.4380845600657954,56771.29280858,0.18152254618483876,0.3248090371611658,7.627445136881976e-06,-6.518369851489709e-08,7.692628835396873e-06,0.016835016835016835,0.001621837919241061,63.0,-0.11578373811055442,0.009720933755760651,-0.5640799455699401,0.45706633995954227,1.0211462855294824,0.4935773611276407,0.0,0.7480486797117816,0.13842981496987186,0.006093210549566,2.765179045244946,1.6711011283332606,0.25156662718501965,0.0444941332416422,0.3852896577196867,7.38905609893065,1.381681363641722e-15,1.0903966925962312,0.31265085310029134,-0.46872619091785267,5.2438498531744936e-17,8.330732189128433e-28,0.2293945167896626,0.1554185611450514,0.07523600361890527,0.4869000392197233,0.30488418235424125
5BZQ J0937+5008,blazar,0.276,308,21,3633.906801059995,0.038440357299197224,0.006421249712115285,5.986429281307956,0.5219994000000003,0.042003870062202915,0.46264905054760014,-0.04974547297823402,0.0,0.0,0.0007998976655029009,0.0015549845824383104,0.006790825506183691,0.9182654750518591,8.4896178480839,4.367133654256642,0.06261664121349483,1.2714249034834726,56773.20084838,0.2449848671962583,0.9104142277354648,0.00012962078526061502,-2.944036266806395e-07,0.00012991518888729565,0.012987012987012988,0.0010811104448960008,67.0,-0.010872045053260948,-0.0008938961328395537,-0.8797857552378661,0.7384982504352993,1.6182840056731653,1.107781076097196,3.0,0.6617189234662717,0.03913459120005377,0.002011562618630552,0.634479632021293,0.3310143278775588,0.09570622896431469,0.01732884027885151,0.4457022337479045,12.69496712131786,4.989634272045911e-15,0.8700443270352415,0.5673170619450458,-0.9588317665706414,7.247659379106283e-17,2.7201047175158677e-26,0.2767353223894535,0.049049895913775655,0.08750179812446511,0.503466000808599,0.3945658313547015
5BZQ J0941-1335,blazar,0.551,190,21,3633.5534607599984,0.1661489361387237,-0.03936450349660753,-4.220780687683323,1.1189995999999987,0.12444610188770959,0.08713504037268657,0.3481844520919916,0.0,0.0,0.000677728995723716,0.006794757755051597,0.02923951200557091,1.119959039397007,43.14336873133781,4.303245686651507,0.158739334184114,1.8577667311773127,56798.46060756,0.5222743914131994,1.6324055519020664,-5.747170216688447e-05,1.3982927962026744e-07,5.761153144650474e-05,0.031578947368421054,0.001080758056135161,39.0,0.21280256954011054,0.02244280491176099,-0.5138893132453277,0.9492133126479023,1.46310262589323,0.9361175160889877,4.0,0.7786961405592462,0.11283646866378634,0.002360425810069936,2.1955843821928447,0.9472972807794825,0.2316723735503633,0.02895936350180983,0.5613913829912274,7.38905609893065,1.2107653265066314e-14,-4.153607658815808,0.7426294336621416,-0.5897615755407167,-9.09211605077941e-16,2.256740511709197e-25,0.6504360901927791,0.25769699995116047,0.21241445725181132,0.6991520591938075,0.45077502204629755
5BZQ J0945+4636,blazar,0.639,290,21,3641.8053122800047,-0.16029417052768452,0.02857479425017092,-5.6096351604255466,2.6529998999999993,-0.5006102397462654,8.431089527060558e-20,-3.340191046170572,0.0,0.0,0.0008518614644182522,0.0008999162229657137,0.004494903612233096,0.07743384106036112,5.276566430935059,4.994802285511801,0.32429870907728997,1.0998998610550106,56776.16196919,0.0411922982085516,0.021888186356867508,0.000396034924420059,1.3613906166360296e-09,0.0003960335630294424,0.017241379310344827,0.001261353483912041,64.0,0.05591411663611836,-0.02144745895546572,-0.4929488582218266,0.6000693060302883,1.0930181642521148,0.5164311369870667,2.0,0.6964061850679014,0.10539990316373443,0.000585837165511664,-0.09855215133937016,1.0239190220637686,0.23190788525139683,0.0006439893083843851,0.029182248671897507,189.12846499779332,0.0,,,-0.7383851357355333,0.0,0.0,0.052735795268109655,-0.26272214549487494,0.017360057038774433,0.03736011726349279,0.022794458366987673
5BZQ J0948+0022,blazar,0.585,208,21,3633.503283980004,0.0926369062424215,0.05847323384422422,1.58426172373519,1.0340004,0.26352262865441645,0.00012012299768956279,-0.5968793895655038,0.0,0.0,0.0013241824947595997,0.008777091491061373,0.02926006147918731,0.5460824492754179,22.096698584134856,3.3336853678296725,0.29141482435006155,1.6164397327436772,56795.37037468,0.529631565400005,4.242021841596896,-0.0017070598855029788,-5.24299905833074e-07,0.0017065355855971458,0.019230769230769232,0.0012610012320447828,44.0,0.027097955939053953,-0.029184849251546314,-0.9129204287739232,0.6973596335902149,1.6102800623641382,0.7641345390072349,4.0,0.7073869498173411,0.08228068870817996,0.007664187491875736,2.959534158727534,0.7834524874743676,0.1598295861105623,0.029077594550683372,1.06298204976254,7.38905609893065,1.9845571182020495e-14,-0.8942118246032589,0.3806450472712938,-0.14016335881257036,-1.5641563025089116e-15,4.394472900668955e-25,0.6667891032274559,0.1468294963942381,0.21845212540107342,1.338260205795582,0.8443282055492629
5BZQ J0948+4039,blazar,1.249,234,21,3633.7702826199966,0.017566800759399405,0.05460714798243301,0.32169416291527625,1.1579999,-0.3760666700164932,2.8252097766913378e-09,-2.238462186418889,0.0,0.0,0.000761665958363495,0.0016137701426286013,0.0021857288022238746,0.15164905751191157,2.869668488336321,1.3544238693803137,0.16170011080643554,0.8802210208138042,56779.18841405,0.1423418763855483,0.21696918645676344,-0.00011483577143694379,3.2373146966116094e-09,0.0001148390087516404,0.02564102564102564,0.0016214903764373162,50.0,0.11672903806697621,-0.00924314692768702,-0.6340680394588802,0.9806863944231072,1.6147544338819875,0.41598076336752654,5.0,0.6188669162979414,0.08460592132422085,0.006890086297696397,0.3910527354400143,0.6230224499577943,0.20301273754193438,0.03412527554800904,0.12322832906292337,155.1271704613657,3.32325934484418e-16,-5.060404924655771,-0.03645833333333335,-0.8309091294566887,9.71130671803145e-19,2.5157766696058207e-29,0.21346536201310073,0.039507734907889266,0.07284341415260756,0.18480141291967073,0.0821704815116366
5BZQ J0951-2123,blazar,0.547,140,21,3633.6740655899994,-0.048743678127735855,0.12184186516733174,-0.4000568939156803,1.2480000999999987,-0.4250678453679465,1.6514408908416158e-07,3.830156099252977,0.0,0.0,0.00028685273420030443,0.0027664765848071093,0.003903850783623434,0.17226435427035586,13.609250687107588,1.4111273537073872,0.19609677588230137,1.4416289327041016,56804.18430587,0.24451456935545748,0.4365157890432155,4.506795759380506e-06,1.7416041271414875e-08,4.489379718109091e-06,0.02857142857142857,0.00198197013005365,28.0,-0.008001918430284673,-0.004916864922544757,-0.9035437261804107,0.7906817826249524,1.694225508805363,0.9640506861233635,4.0,0.762756875314372,0.11332431621806464,-0.0038709430948167703,2.1372314801393175,1.0173433781056196,0.21532802160227327,-0.02548346483865016,0.12650231924696262,288.0157033534967,3.9720546451956367e-16,-0.5439426245526086,-0.0010288065843621398,-0.39723779915956825,-7.862092438703102e-18,3.7640037308157875e-29,0.30412344294397997,-0.07540647006360737,0.0992799926236291,0.15734162987178288,0.10170758233470126
5BZQ J0953+3225,blazar,1.57,183,21,3633.547948309999,-0.028461266728985683,-0.09827035100181501,0.2896221132705633,0.6949997000000003,-0.6646784974300719,1.075463711850255e-24,7.908749127738395,0.0,0.0,0.00020962603087172103,0.0012273915290532832,0.0021196134641125355,0.02315873891148897,10.111403842293862,1.7269252819599623,0.5044556166335606,1.3344778517312659,56783.13589403,0.031825183968320264,0.028228473008358134,-0.0003862434136704881,-5.367517493805485e-09,0.0003862380461529943,0.0273224043715847,0.0016218400273663627,40.0,0.011784123599891137,0.007526372151725213,-0.6338877692940987,0.9224742464979275,1.5563620157920264,0.7075167720063105,2.0,0.5290592674893306,0.049254429370507,-0.0002071832542278511,0.3577505297217837,0.3444898781450919,0.11735412703571635,0.0012121270874881906,0.018645877692582156,109.06731959972447,0.0,,,-1.1641294812672127,0.0,0.0,0.051019651115690644,-0.07314545549349322,0.017588767651213928,0.02989161588408535,0.01163097894322387
5BZQ J0955+4532,blazar,0.259,288,21,3639.8920564199943,0.00548401710362098,0.01977609775943945,0.2773053192965417,0.3349990999999992,-0.4230146822759721,6.249704295071542e-14,2.5910251462537945,0.0,0.0,2.2173282138137945e-05,6.636123476030166e-05,0.00017471270880826096,0.006454573161022746,7.8794244280296,2.632752491821089,0.19779030417444163,1.2445225641435815,56778.3995547,0.0020590476312731124,0.0009524892989660458,-5.466254243852978e-05,-5.6334831585524465e-08,5.4606207606944255e-05,0.017361111111111112,0.0016218392333955409,62.0,0.0072399000358138845,0.013932497890144141,-0.585186713240101,0.6758455746019942,1.2610322878420952,0.6236069613430683,2.0,0.765075999444918,0.034172923164304814,0.0002010207575849199,0.19982574987391893,0.2442120708511989,0.0809180230574088,-0.002611645470667834,0.0350249801939578,786.0956401109315,0.0,,,-1.986288944145428,0.0,0.0,0.0023103578790189478,0.006904377533458813,0.0007287303769456813,0.03929983829638749,0.031215121760434856
5BZQ J0956+2515,blazar,0.712,196,21,3633.6587482600007,0.025930191786359604,0.015568704410488247,1.6655330528910988,0.5469998999999994,-0.08447853709841599,0.23909963858169517,0.7461311598069817,0.0,0.0,0.00042533851381788634,0.0012794317999068711,0.013087774364035036,1.401856042384858,30.77025453394156,10.229364593531535,0.06242992378027847,1.7358661182010324,56789.12331537,0.3520951156204105,1.9662546847247446,-8.369267266219001e-05,3.919446689042355e-08,8.373186712908044e-05,0.02040816326530612,0.0014412452019252264,39.0,-0.0352442531475893,-0.013112070096836325,-0.8010797292761231,0.594875926453396,1.3959556557295192,,2.0,0.6289779038173678,0.04964942840498932,-0.0012409443703205356,-0.020875280774829755,0.31215669885544267,0.12433587720123052,-0.005485480290042255,0.5213019821277828,63.36631015865402,1.1205970584892108e-14,-0.20571076370617777,0.3398193613659363,-1.076237227477591,-7.046456831517747e-16,1.2267433722005413e-25,0.46069328343237265,0.04439248833824764,0.15255918180587386,0.6820893308419712,0.39841666521143176
5BZQ J0957-1350,blazar,1.323,178,20,3633.5892550299977,0.05044325765121413,-0.05880455039582267,-0.8578121473877894,1.054999399999998,-0.24557069789328007,0.0009532251123138175,0.5471523861099243,0.0,0.0,0.0004931596087462922,0.0027523590675127604,0.008351057033215745,0.3764606293086812,16.933781413104732,3.034145191574966,0.15561700734896838,1.520458066641847,56802.73800398,0.08427984030302463,0.06055950392492492,-1.6404821027547151e-06,3.3776937481632346e-08,1.6742590402363475e-06,0.033707865168539325,0.002702243011630466,37.0,0.0857591229672843,-0.003868918536636034,-0.5727799692828248,0.7721890468227834,1.3449690161056083,0.6448690406042602,2.0,0.6683767038799105,0.09816290101325503,-0.005039091789234414,0.2139053079967689,0.5986975317332248,0.24710483115165527,-0.01454823872022415,0.3091635297248772,58.3665551652427,1.6998633623279342e-15,0.3556960877403833,0.3777584406543682,-0.5300149347946806,-5.38327696724059e-17,6.768886630041121e-28,0.1284542000540747,0.11717968752377042,0.0439544938761517,0.47120822433829435,0.20284469407589079
5BZQ J0958+4725,blazar,1.882,294,21,3640.1552647299977,-0.01172676815944788,0.04703517158792687,-0.2493191321206521,1.3270006999999993,0.06694980628133547,0.2524809646859054,-4.53462189035496,0.0,0.0,0.0003516759722409636,0.0024348676037705052,0.006792277144995223,2.1282276547668406,19.31402103589615,2.789587873972071,0.03189787013382068,1.567894162265889,56777.93922757,0.970745270322788,2.7537622747341914,3.9725463435539554e-05,1.2410118829864017e-08,3.971305331670969e-05,0.017006802721088437,0.001081111485283238,59.0,-0.10277716995032712,-0.00973419851379618,-0.49037943488535923,0.35071790590833374,0.841097340793693,0.2316166748668474,0.0,0.6767525757106841,0.12777710589402216,1.7100985011754422e-05,1.5408322837819204,0.963331775614524,0.3033548037488458,0.016088403846355792,0.5606779943589072,44.81909593539538,1.2122903391625065e-14,-1.4273395529959048,0.6383769466580567,-0.5197796418301731,-1.2279045713735662e-15,8.880275351352551e-26,1.6479812701421725,-0.03379654583552879,0.5718228707265411,0.9518324338341795,0.33026802006737666
5BZQ J1001-4438,blazar,0.837,78,20,3809.7847785299964,0.08358165132828341,-0.1493333334537074,-0.559698557550738,0.4790000999999986,-0.7980337061426659,2.1771011775111758e-18,2.4511962298550283,0.0,0.0,0.00018300530985301494,0.0009899881102489367,0.004615539146061742,0.016461177320084633,25.220793454288447,4.662216741410084,0.7271867754473622,1.6641354398077186,56646.65436684,0.019397601146515165,0.20379588798382348,-0.001886401743650884,-1.0348911059952626e-07,0.0018862982545402845,0.05128205128205128,0.0016239318001201322,16.0,0.04771317790287216,-0.08305312701979031,-0.9256149088602623,0.7266082278492244,1.6522231367094866,1.032214694126491,2.0,1.0411351194630227,0.08977532342805121,0.004257154499915008,0.8173418159725725,0.4712530160640145,0.2090316160403265,0.006518768206284831,0.2786898347326919,7.38905609893065,1.045116713908371e-15,-0.7535306334658884,-0.04154589371980678,-0.40760330683062473,2.6797221832574848e-17,3.1929036587007384e-27,0.02629072746900643,0.1535394934900566,0.00878438477124372,0.3777249793929263,0.2056205658099762
5BZQ J1001+1015,blazar,1.533,185,21,3633.6410624599957,-0.10050835152883233,0.022942859321281702,-4.380811917179007,1.2670002,-0.5844640105662637,2.459677955664705e-18,0.5471601873656393,0.0,1.0,0.0006806886800577554,0.00641794979400842,0.008709654631352023,0.0646095602942434,12.79535692854135,1.3570774015910787,0.6587445839943289,1.4193871218005238,56795.04324397,0.041049658740547446,0.005407165042260007,2.3332908492973402e-05,-2.0704458895175463e-08,2.3353612951868578e-05,0.02702702702702703,0.0014412435592022455,39.0,0.07454652164188877,0.009524935724806219,-0.5713911092353037,0.9522755708910353,1.523666680126339,0.6300090464930782,3.0,0.5169851986959941,0.10167708955245788,0.002472799425434722,1.683897990640818,0.7602340582808514,0.23053827984363306,0.004057347682340784,0.07927926179498543,352.49178309233224,0.0,,,-0.5319136601986484,0.0,0.0,0.06533217939666575,-0.2545876544225323,0.022501109257502774,0.12617612698711908,0.04981292024757958
5BZQ J1738-5334,blazar,1.721,108,18,3651.5212294599987,-0.01393805144132675,0.10047427275598776,-0.13872259095795358,0.432001099999999,-0.532667233181469,2.9587455360593946e-09,-0.6498258176999314,0.0,0.0,0.00026884894317991636,0.001645328377120273,0.002962370429761403,0.016763080371144747,11.018716992910917,1.8004736739214342,0.7204498033990285,1.3654710858162287,56734.7881685,0.010498264241492274,0.009789130688049609,-0.00024347620621997654,-7.811416849585279e-09,0.00024346839480312695,0.037037037037037035,0.001622532895285876,22.0,0.08211041427665912,0.03855468840642929,-0.7349373486417599,0.9745799028989753,1.7095172515407353,0.9876046120618405,2.0,0.8080963557392734,0.06686291634342248,0.007385218734318081,0.7658396476251842,0.33384745045039754,0.1732139545834862,0.03268769472639277,0.11262946884184652,7.38905609893065,0.0,,,-1.1083761310722682,0.0,0.0,0.017317363402697756,-0.037925437971850086,0.0059909360078488514,0.1857874213223113,0.06827909640658261
5BZQ J1740+5211,blazar,1.381,667,21,3653.8358378300036,0.006205174391672613,-0.08072988122313157,-0.07686341535077895,1.2140007000000015,-0.26426468416560395,4.0375588611541656e-12,7.30266984699768,0.0,0.0,0.0006434495092998608,0.0015182531028678063,0.004667631449117727,1.6073867418807226,7.254075687993785,3.074343426156523,0.030800712770485635,1.2146979496426575,56726.2085269,0.17728696856354112,0.1294213783894099,-0.00012335398858829492,-2.164478022352328e-07,0.0001231375407860597,0.0074962518740629685,0.0012616991102056415,144.0,-0.05316170546463357,0.013608126028981178,-0.7135614731283447,0.45998439205623287,1.1735458651845776,0.6873326284121539,0.0,0.5811413836679119,0.05584011642559994,-0.001771290245484711,0.6789211626973883,0.6324315609205118,0.12193905563512364,-0.010885849633354927,0.5370832899182477,92.98645800007799,2.2691176982205098e-14,-3.37014609788362,0.6885274604907254,-0.7739909118125565,1.9483299524347674e-15,8.561408536536629e-25,0.27356246712342225,0.014774520226572493,0.09379281455824412,0.8287457957641183,0.34806627289547176
5BZQ J1743-0350,blazar,1.057,160,21,3652.17663758,-0.047138709056220196,0.02562100227226934,-1.8398464101945127,0.42099959999999825,-0.371225155512218,1.3471192924250982e-06,-0.949915894784668,0.0,0.0,0.00032304293721245294,0.001040714497991207,0.004222742238580551,0.5481806204652013,13.071767678770355,4.057541470474151,0.06336132063169683,1.4270955858495111,56734.12066358,0.37814145661668186,2.592287194017933,0.00030862822157016003,1.111973420360102e-07,0.000308517024228124,0.025,0.0012620479397532772,33.0,0.14698826513806507,0.046648643251044244,-0.7592120891007094,0.9555567395213221,1.7147688286220315,1.498742929219874,4.0,0.5736449460555685,0.03479111801029093,-0.0006578374204652968,0.5447704054190061,0.2318468019624999,0.0861063791171216,-0.0002472357969321992,0.2948144378770976,22.471087432234988,4.023850156213731e-15,-1.328714570093021,0.6965596919127087,-1.2002975802139466,-1.0906864982888849e-16,2.1675296670436357e-26,0.5423397525661072,-0.09696432452864494,0.18351032408931492,0.42283009834930513,0.20555668368950175
5BZQ J1752+1734,blazar,0.505,283,21,3652.2661595000027,-0.0008344359299907655,0.007423872354833024,-0.11239901362899087,0.44899939999999994,-0.6249559740670594,4.5791986126058467e-32,-5.099673487597539,0.0,0.0,4.497350546987734e-05,0.00010343191306564801,0.0004078084712570869,0.015975355949606626,9.067749065335425,3.9427721602275656,0.1722179056192609,1.2951861177540795,56735.89447953,0.13890924691494047,1.3257483389673592,-7.820282542498495e-05,-1.5799754053957379e-07,7.804482788444538e-05,0.0176678445229682,0.0014419419849374313,58.0,-0.08124425710269394,0.00506383157924841,-0.5900640670036233,0.32518996338691625,0.9152540303905397,0.5642260933829596,0.0,0.6102433247618241,0.042183768143539815,-0.0055732854698914945,-0.12347548988555833,0.249538779302719,0.10363552734838632,-0.031279802325481,0.15097532936282532,8103.083927575384,1.5229087501717805e-15,0.08611993572571447,-0.163633189849977,-1.53164053036241,7.150912969791646e-17,1.5108182966685369e-27,0.17041169916442422,-0.001255826074636102,0.05539808146639223,0.18521418105723286,0.12306590103470624
5BZQ J1753+2848,blazar,1.118,336,21,3652.39477087,-0.07343065359639195,0.10655245984342024,-0.6891502430286351,1.364000299999999,0.00491021807052479,0.9285487357493403,0.699979832884052,0.0,0.0,0.00015796872180647137,0.0010961853170050593,0.0025443279973623514,1.33555815240515,16.106530154576397,2.3210746901744295,0.021619878343953014,1.5023934554448197,56735.8924421,0.5298175514020149,1.5358075330498497,-0.000279132749824184,1.5570319490516875e-07,0.0002792884530190892,0.011904761904761904,0.0014419419849374313,71.0,0.057291613808645905,-0.0005841021025798046,-0.34985018654172495,0.5592456568242542,0.9090958433659792,0.4226330849138515,1.0,0.6208690294688662,0.08487261279710834,0.0006921848488799523,2.9804237027376086,1.0172079972223187,0.1703114328123897,0.004037174443769498,0.4965954626592976,179.1301008116655,1.1644964130794562e-14,0.360012198175625,0.29680475507739823,-0.7403617089422151,3.645125605631338e-16,7.796910496317596e-26,0.7710620330456827,-0.15552612431715818,0.2616642317479927,0.7227127640941402,0.3412241567961002
5BZQ J1753+4409,blazar,0.871,577,21,3653.1940697600003,0.013299452421525906,0.0834201884242565,0.15942726422395323,2.3339996999999997,0.07332145407030524,0.07844313428456529,-0.45008551167474337,0.0,0.0,0.00027593074361411345,0.0004369983951201139,0.001990431392164563,0.4101334091223851,7.2135179968733185,4.554779628109826,0.044385348829004606,1.2126757567543471,56734.96784207,0.44545411605335866,1.8344634658973373,-1.8243878004069098e-06,1.1335796116038323e-07,1.937745761567293e-06,0.010398613518197574,0.0021632612731046705,122.0,0.0019480444352053233,-0.0019253852676315993,-0.22763491317390994,0.41843891425963864,0.6460738274335486,0.19708783398983246,0.0,0.7492311781829485,0.13293420162334685,-0.007132713966094749,1.9225229651292828,1.4612451791145367,0.27629059020232805,-0.05830013034060888,0.2997769112177796,550.6126883891762,5.022725529925755e-15,0.11721524196138366,-0.038080079149391724,-0.7066333778067427,-1.602272877319351e-16,7.778768464911973e-27,0.6093121944874507,0.02488327548067497,0.20403277088662894,0.41004835525842426,0.21915999746575318
5BZQ J1759+2343,blazar,1.721,174,21,3651.966539150002,-0.020296486411713062,0.05072309607962783,-0.40014289308859524,0.5380011000000007,-0.7368039684857766,4.750151883637485e-31,7.748868084438745,0.0,0.0,0.0001516927818635298,0.0004968414540880757,0.0011908636499661108,0.01568819718942416,7.850496427621541,2.396868533755914,0.4240474667241474,1.2431959717982946,56737.73705502,0.03235421742488739,0.058572778023696905,7.906629947738251e-05,-2.47610943476744e-08,7.909106057173019e-05,0.028735632183908046,0.0014422901574277474,35.0,-0.08199041232305483,-0.030079572777652754,-0.6038484298395173,0.7184104032065595,1.3222588330460767,0.3489765461345661,3.0,0.5639398855343111,0.04155380215574957,0.00013611393809018156,0.9410564416517272,0.29567829001616397,0.09484269531434497,-0.0008014818530981405,0.04106204456743715,135.2813597616321,0.0,,,-1.138313416815912,0.0,0.0,0.05336975026235656,-0.055226739526271246,0.018463247039491204,0.06773370639897354,0.02489294612237175
5BZQ J1800+3848,blazar,2.092,500,21,3652.864144979998,-0.016507438591796566,-0.09907260388695315,0.16661960970191506,2.788999499999999,-0.6025673553062273,9.715575055271178e-51,-0.5500548336041065,0.0,0.0,0.0007337738418465489,0.002425166336244579,0.0035321545576571657,0.0711477019411505,4.813682842597363,1.4564586780757987,0.37453863482086847,1.066785272754775,56737.86592081,0.08319687700112025,0.030049408490296966,3.333542927709728e-05,2.6280860757471556e-09,3.333280119102153e-05,0.008,0.0014419414373631045,109.0,-0.01173462756220225,0.014808365987157129,-0.42445510461815983,0.3984066951952082,0.822861799813368,0.46519086776161217,0.0,0.618986001433201,0.2009777651081094,0.009840002630055094,11.303568723486832,3.8326765395135665,0.25712115146955883,0.05471102811655704,0.9806608606119702,7.38905609893065,1.2932072993408849e-15,0.6374764084702442,-0.00028588102047459797,0.1411441501625211,3.9340577624039616e-17,2.1104668315636547e-28,0.14629408497868474,-0.051041000125834984,0.05091113292906672,1.7244022666344305,0.5576980163759477
5BZQ J1802-3940,blazar,1.319,14,7,3651.1613832099974,,,,,,,,,,,,,,,,,,,,,,,,,,,,,,,,,,0.599812755177287,0.09788288602810014,-0.0010789999764483603,-0.31533805551414007,0.4026159499555008,0.20326817873877923,0.01998723303531713,,,,,,,,,,,,,
5BZQ J1803+0341,blazar,1.42,52,11,3287.577750010001,-0.21490702705045817,0.02692316604417874,-7.982234581839784,1.1429987000000015,0.6179387562957918,1.0570137272101185e-06,-1.530152546205887,0.0,0.0,0.003611409516794954,0.011468411098050529,0.04066457439203931,0.2309484236639947,11.260028582100043,3.545789738511025,0.6350601860585889,1.3732846461092603,56741.42781406,0.32258788965516094,3.3416093868718018,-0.000196047309043308,-5.982860453576216e-08,0.00019598748043877224,0.11538461538461539,0.006849919863107049,9.0,0.14308952470590589,-0.0019070674342032674,-0.5494476920573201,0.8429532618172377,1.3924009538745579,0.7610588051706512,2.0,1.047679322186999,0.2657644386002029,0.028127822504448736,0.8652516241760112,1.1431954879979715,0.5503093366749409,0.18551108197225408,0.32982431842252335,7.38905609893065,9.540566657221465e-16,-2.3120866683054775,0.6832298136645965,-0.4072535659387086,1.4698149932627029e-16,5.870560593560856e-28,0.5018289854684085,-0.5200750054621087,0.17227035457341175,0.5130862267449543,0.2120191019607249
5BZQ J1804+0101,blazar,1.522,165,21,3651.7985830100006,0.015029534258406255,0.12405837860645336,0.12114888512354327,1.4520006000000016,-0.6343256926128349,5.865913964058295e-20,1.399731147491855,0.0,0.0,0.00022986813728732868,0.0009023516844989528,0.003119933961296,0.14207350122314455,13.572711662179865,3.4575587450372427,0.15220217239629558,1.4406592694422269,56741.8892863,0.014198244989881165,0.007952075906074498,1.6804617755974603e-05,6.314195870025329e-10,1.68039863363876e-05,0.03636363636363636,0.00811196741957025,36.0,0.11659896333145495,-0.002147134098855278,-0.45108212703230344,0.9764114226392953,1.4274935496715986,0.5877925490327154,2.0,0.5878709909958525,0.09984905510272037,-0.0059833027605064835,6.74514459937485,1.1963649145302993,0.1491848032897678,-0.035099150132774204,0.4918574626207316,7.38905609893065,9.875823699135988e-16,0.6946915146426353,0.09945088468578409,-0.4167824211938788,6.522296483488623e-17,5.158978913605713e-28,0.022547957457808746,0.03790448539970058,0.007763449172318883,0.7811092955771596,0.30971819808769213
5BZQ J1807+2204,blazar,0.798,212,21,3649.3949575099978,-0.06262682594704266,0.013257347142220271,-4.723933474412608,0.3490000000000002,-0.5601126341695496,6.605371687079921e-19,-8.242986557004102,0.0,0.0,4.6932935046044916e-05,0.00014016905979494755,0.0004376528492428708,0.003581294137406336,9.325068621607198,3.1223213365402405,0.5358899445891374,1.3052785863132121,56743.33393358,0.12104278771542493,2.9218300591151083,-0.00018247402597046096,1.0139082121668898e-07,0.00018257541679167765,0.018867924528301886,0.0016225328678952072,46.0,0.0421234570130503,0.010434007094484592,-0.7092301280884236,0.8463285760156443,1.555558704104068,1.1234071643968992,2.0,0.645326594620476,0.029627528966908127,0.002211718125203983,-0.19729118755748098,0.2042188079420264,0.06822509998038562,0.01119266521644513,0.07131078841712712,6944.466912343277,1.7763568394002506e-16,0.0,0.0,-2.0262744461232876,2.073939482207621e-18,3.956819851089988e-29,0.16230569586845287,-0.11260303305278271,0.05408769252151329,0.09562029556177258,0.05318147695315494
5BZQ J1815+1623,blazar,0.742,212,21,3654.350057329997,0.19416125731487552,0.021188961879728983,9.163320903447627,1.1570006,0.2475379881679908,0.0002729481695688857,0.5002532590458586,0.0,0.0,0.0008927331765997347,0.010179651277866724,0.013282895787701685,0.17013915235946733,14.878909086156083,1.304847820796906,0.4794438751675778,1.4737992119181342,56745.11246492,0.09486694744905112,0.19034504149220022,1.2662056903575757e-05,-9.681416605324439e-08,1.2758871069629001e-05,0.02830188679245283,0.014420473237497563,45.0,-0.018569561246114155,0.017152860546561132,-0.6287474728051697,0.9915189205629289,1.6202663933680985,0.8415743735386566,1.0,0.9334639986335687,0.1651102716751482,0.01563741805022222,1.124405435743209,1.197550401841291,0.3895637123376037,0.08947490943742753,0.35583129040622785,7.38905609893065,1.116422962075395e-15,-2.8967867052267646,0.5619663820704378,-0.44958691467881823,8.206278960483456e-17,6.4052724520738795e-28,0.12520999602779478,0.33822891024251317,0.04155812180131141,0.4696433864097576,0.26960010700904574
5BZQ J1818+0903,blazar,0.354,21,5,1295.9875203399934,0.017346104349919917,0.13717350911687287,0.12645374796923,0.1720000000000006,-0.30480249542911375,0.17911593194928152,-0.47900976111129123,0.0,0.0,0.005753115664124807,0.08319518435951527,0.027458769752960476,0.33999083675921815,4.772852025106085,0.3300523938257237,0.7538633108972715,1.0637129021519933,58367.82509085,0.08597266653054148,0.23040608105447208,-0.001607090634368094,-2.571944587371267e-07,0.0016068334399093568,0.2857142857142857,0.002329209089649058,3.0,-0.16364767771100536,,-0.6521819984905367,0.324886643068526,0.9770686415590627,,0.0,0.7034300767986378,0.03237426414587109,-0.010065044031823029,-0.35289560372892026,0.10964399364447452,0.08535791508628754,-0.025875795844797045,1.0459033751493418,7.38905609893065,1.0963912441901294e-15,0.0356067932636658,0.4187070193135533,0.13702246935441784,-5.049498805535835e-16,1.664193966964352e-27,0.10003908923297564,0.02348662528979157,0.03196519267115967,1.2170289150967017,0.8988396714155847
5BZQ J1824+1044,blazar,1.36,195,21,3655.2795056599934,0.024889858836960724,0.013696450699918527,1.817248817396815,1.0130005000000004,-0.7854178924551671,4.506066976755578e-42,2.151636122428196,0.0,0.0,0.00010764813702185905,0.0006250820425419819,0.0016345281632126588,0.021794015762294387,15.18398918224439,2.6149018038507776,0.393892536443606,1.4811197413503252,56747.22028892,0.046418200850767394,0.11868874089942782,-3.059577623304141e-05,-2.3965808841064074e-08,3.0571810424200346e-05,0.020512820512820513,0.001081456563982591,42.0,0.13582016053121887,0.0031821709278910155,-0.5882116246463976,0.6200259203256073,1.2082375449720049,0.8695945842362809,2.0,0.5481481252701137,0.04533144236940186,0.001646800417497003,-1.716318202510412,0.3896290571308753,0.09723008583465265,0.01381325400586153,0.027022403595321806,535.9451774987018,0.0,,,-1.1061891321401653,0.0,0.0,0.0713089932177166,0.05874006685522731,0.024431722293529558,0.0415126040946791,0.017590086480796227
5BZQ J1826+0149,blazar,1.771,117,21,3655.2120167200046,0.014274857152471893,0.12618072152762919,0.11313025460348311,1.4889992999999997,-0.8339852616628434,1.78472527920907e-31,6.704974815064758,0.0,0.0,0.005254327694399317,0.020609615077017432,0.07114743505500577,0.07053175972674554,13.540730456781821,3.4521476886238815,1.0942728600094138,1.4398084155812778,56747.5511127,0.10798077770817083,0.07860559723122428,1.2468564887235241e-05,-2.549645722104971e-08,1.2494061344456291e-05,0.042735042735042736,0.0016221849418213065,25.0,0.06010966040472264,-0.017673409066285905,-0.4709763920780453,0.7311805089518907,1.202156901029936,0.445510959744171,1.0,0.4778777303866378,0.11247340739414372,-0.0050508051479221175,1.4607383006305272,0.7680906317411731,0.23650048341969754,-0.015184819048528753,0.12003732756366327,197.34025007030624,0.0,,,0.17510369180747207,0.0,0.0,0.1797482678364733,0.03955562916949961,0.062246224684114254,0.1998179876385086,0.07211042498683097
5BZQ J1827-4533,blazar,1.244,110,19,3654.3500573700003,0.0024228288482210343,0.05641171303789554,0.042949038732318895,0.7450009000000009,-0.6650131427160463,2.3152576787496126e-15,1.5507851030591377,0.0,0.0,0.00120840174587456,0.0031501077345122957,0.01782757977950893,0.03136460694215724,14.753023839644902,5.65935557648782,0.9316966189137001,1.470734695095504,56745.71630104,0.08903388657467651,0.1388831566506361,5.347151234703972e-06,-6.306663751935045e-09,5.353457898455907e-06,0.05454545454545454,0.01604265787818088,23.0,0.00535935853945964,0.00457542132134328,-0.999426255689552,0.941065816073158,1.9404920717627099,,4.0,0.4681061994089071,0.05978114669602167,0.0055511683676243385,0.20983064049932088,0.3104887633381303,0.14651134692627366,0.023506134836500048,0.06415863779338866,7.38905609893065,0.0,,,-0.6764728861241435,0.0,0.0,0.13337264321846987,0.005436827935408,0.04550351403221963,0.09610955375539557,0.042829569409712824
5BZQ J1830+0619,blazar,0.745,103,20,3648.167169270004,0.10166973386522407,-0.02017702683409631,-5.0388857932932245,1.3950005,-0.35160811786077484,0.0002706434412660287,-2.996441206792611,0.0,0.0,0.0012134143217681472,0.0081411821573978,0.04865507410571356,0.30671794868075597,40.097659301331916,5.976413886713594,0.5182465081958509,1.8313615292027778,56749.13022939,0.15136700618982923,0.3250732369029259,0.0003821685237180747,-4.085070471567078e-08,0.0003822093744227904,0.038834951456310676,0.0016221849144505583,22.0,0.10302891421188087,-0.0959269974886842,-0.7429811699560775,0.9373302070670914,1.6803113770231688,0.5221405988175909,3.0,0.6644324717942245,0.12462951950989655,-0.00399158215405715,1.5172577357059531,0.9389631041701755,0.2565124900779826,0.005589378592982364,0.6600479060124143,7.38905609893065,1.4326793508397588e-15,2.0862796299531032,0.5137792343214655,0.015883278205187493,6.662549728959738e-17,9.637883787251314e-28,0.19995346616703422,0.17741368559481602,0.06638084242320946,0.871913040798075,0.4996636336951719
5BZQ J1831-4805,blazar,1.196,117,19,3648.9329770600016,0.16454902384126488,-0.10717440347524401,-1.535338835632276,1.2749995999999975,-0.6387141062152284,9.342749892139127e-15,-3.7463377587885027,0.0,0.0,0.00247777855596368,0.010494957251787243,0.03428689246843162,0.0634474659557329,13.837754940638227,3.266987339021865,0.990438840226588,1.4476344979381106,56925.29552777,0.0056679966558804955,0.0001933927716827271,6.761090384964266e-07,-7.366112154698097e-09,6.834751506511247e-07,0.03418803418803419,0.4907585187953537,24.0,0.3019562263040734,-0.04458580208877984,-0.9678003437775323,0.9716308750852339,1.9394312188627663,,6.0,0.6369346448868134,0.13070418125058167,0.0016636712934508132,0.9200754175763537,0.7776532820848485,0.3017202935220669,-0.0014459372514439295,0.3011502011720834,7.38905609893065,2.322481586463047e-16,0.0,0.0,-0.1720864588927992,1.0010304966323259e-17,1.3167260700386754e-29,0.008399351442581455,0.36134965635541766,0.00286010948853325,0.4462716776701227,0.20322025394814333
5BZQ J1835+2506,blazar,1.973,267,20,3473.0012392599965,-0.01334458859100599,0.006462971767657856,-2.0647759375625423,0.46000010000000024,-0.5810482462004273,1.6577558962458672e-25,-0.9983987135449683,0.0,0.0,3.219789290945219e-05,0.00013850941594938568,0.00030270312985950323,0.0047373786552015245,9.40133322728416,2.1854335721456217,0.3797624951535726,1.3082163420912254,56931.55684699,0.0026102789583293787,0.0028070297223856786,-0.00020434437909165742,4.9751665343136266e-08,0.00020439413075700055,0.018726591760299626,0.001620441916502928,57.0,0.046197994377790666,-0.00607495552294288,-0.6177476177708439,0.6986684770949969,1.3164160948658408,,2.0,0.6870677441343023,0.030269946998554405,0.0019271254187485953,1.2298796108869468,0.30931678336489854,0.06782087360047062,0.011497081901242878,0.018007745081117577,2417.523874535729,0.0,,,-2.0393438671253494,0.0,0.0,0.004500744683094487,-0.03967346188106081,0.0015638665839085048,0.03104965569665897,0.010443880153602076
5BZQ J1837-7108,blazar,1.356,221,21,3662.195609060007,0.037722712647896534,-0.04198620654317066,-0.8984548915870655,1.1820000999999998,-0.5406077512549816,3.590024617223609e-18,-2.5066362827241666,0.0,0.0,0.00020934982260030683,0.0005106537549239834,0.0024633180461825607,0.05649768685279758,11.766515986588825,4.823851812712905,0.24402029973339795,1.3891538258625147,56744.60184023,0.08848057770608862,0.18183991321021825,5.431738666326697e-07,1.4208448849272123e-08,5.289654177833975e-07,0.01809954751131222,0.013158773716651018,48.0,-0.021889091007800423,-0.007030451836991445,-0.8810091248342241,0.8001622281134311,1.681171352947655,0.8132906762774633,1.0,0.5550007952461503,0.06024865511946324,0.0028194966836684295,0.9061441627147863,0.6360021511643095,0.1277336114074144,0.0190105283643498,0.10416456119633227,12.688023860375333,0.0,,,-0.991366618570239,0.0,0.0,0.13581120189113527,0.08887471099844423,0.0465250300973648,0.1598849670435992,0.06786288923752089
5BZQ J1848+3219,blazar,0.798,300,20,3469.9886844099965,-0.051861028685086935,-0.004851847383182994,10.0,0.8769998000000001,-0.16693561165659926,0.0037350419768629513,5.225171188023267,0.0,0.0,0.0012332750095374971,0.00232297450555737,0.01721915564722021,3.6301073831072617,13.962137803891448,7.4125461121563765,0.03832182670696668,1.4508619876924085,56939.38392569,0.37088407087747993,0.3575415729803231,-0.000135201352821817,-4.81330701682006e-07,0.000134720022120135,0.013333333333333334,0.0010800626694096008,64.0,0.118958598822084,-0.01605978662627643,-0.5509356453517703,0.6996963203559738,1.2506319657077443,0.5555303589694077,2.0,0.6589434776005013,0.06510813752032754,0.001585385016471238,0.5879589052407143,0.5482071817809934,0.13995610857776353,0.0051837067946269855,0.8739278016408406,57.71097438962718,2.6695044246834528e-14,-1.8286887713413031,0.5006212862857109,-0.7102647181695407,2.1524398056439274e-15,1.1527215843236973e-24,0.49731667905582205,-0.0932461295757863,0.1657286978048666,1.171845614772042,0.6517495076596451
5BZQ J1849+3024,blazar,0.672,43,10,2556.22850723,-0.08477911350717852,0.11307311570352957,-0.7497725076353596,0.6869992999999983,-0.271951037451601,0.0777031299077301,5.108957728344696,0.0,0.0,0.00042163340306138535,0.011905998370017004,0.07557956044423413,0.5155154468525006,179.25420452035755,6.348023751474624,0.47724623592228826,2.371465787109856,57849.56127701,0.12776144183091323,0.3860912530738911,-1.6544983519229975e-05,-2.0937407457589967e-07,1.6335609444654077e-05,0.16279069767441862,0.9964458498288877,8.0,0.024906678457297066,0.10759495201331219,-0.4352082143386684,0.362559076868592,0.7977672912072604,0.7977672912072604,0.0,0.7001152371954615,0.08367232268172337,-0.0018828457989513868,-0.5147581781675568,0.39190365443687014,0.19754628706210453,-0.010288280550707962,0.5371529557189438,22.201228781318495,2.6953401583125107e-15,0.11924234757793854,0.312966081308636,-0.3908609541213024,1.3551426312517954e-16,3.851113091204002e-27,0.1652030042804595,-0.1417506777840025,0.05453324076393018,0.6945701361161905,0.4154127608350421
5BZQ J1850+2825,blazar,2.544,291,20,3470.121625259999,-0.027692174390648222,-0.017993774188611356,1.538986434995677,0.8960000000000008,-0.5910664972731241,8.404663720930555e-29,-2.517678934137987,0.0,0.0,0.0002910079703655431,0.00040331855852058607,0.0016045589376653593,0.03652896127124902,5.513797199904977,3.9783910256266295,0.2732089893460975,1.1157615515525603,56939.25174889,0.03357498740001828,0.020484384460996305,-0.00023075215256279557,5.163439556845239e-09,0.0002307573160023524,0.013745704467353952,0.0010804112525607417,66.0,0.0746941124036263,-0.011567411878239264,-0.38367518928846933,0.4550509466662152,0.8387261359546845,0.42472429947829016,0.0,0.8290122130387074,0.10402251077510957,0.0016925415112175836,0.7609611555856169,0.7381844606553161,0.2460388765739704,0.006461723688484522,0.023149493264738776,604.9463867027528,0.0,,,-0.8449851380265839,0.0,0.0,0.06320664155341552,-0.0981410660404573,0.022073483401041122,0.043580112346572435,0.01229687142961976
5BZQ J1901-7429,blazar,0.638,302,21,3649.7017167199956,-0.10714446286887355,-0.009304776234958382,10.0,2.0269993999999993,-0.6760999097193161,1.0913419254864572e-41,6.445058473057898,0.0,0.0,0.0006812848459214968,0.00575157058804322,0.005179778727619137,0.17407740717172204,7.602956019093719,0.9005850919202225,0.2885817602136633,1.2316401114500621,56746.77511534,0.08411701338617393,0.1322581881123384,4.3537443582307055e-05,1.7517170041600255e-08,4.351992641226546e-05,0.019867549668874173,0.0016225333607081172,64.0,0.03490757297859955,-0.002604381606079442,-0.42060926018612055,0.5289171671923096,0.9495264273784302,0.5421415575825783,1.0,0.6919466719680253,0.12618957924420576,-0.003260539236403244,5.511564983870086,1.8331166293476044,0.20657534278940004,-0.010857840679221353,0.057350630941399104,237.02346155289854,0.0,,,-0.8658068931017335,0.0,0.0,0.10765663304866074,-0.17550263017921486,0.03543637725149834,0.07339984602190124,0.04481065080702152
5BZQ J1903-6749,blazar,0.255,279,21,3654.486318290001,0.08234824133215034,-0.0757855457908823,-1.0865956096611973,0.4989995399999998,0.07337616533819577,0.22179510927874851,2.3012507959115682,0.0,0.0,0.001435448914814526,0.004254082083028847,0.011123910792036961,2.4399148173715495,7.749429930583666,2.61487920832548,0.04662074155146281,1.23852254644948,56748.22218326,0.3786497982324655,1.0173715382329196,0.0031738726295765006,-9.922050087252641e-08,0.0031739718500773733,0.014336917562724014,0.0012616993566021363,61.0,0.0066986932897612535,-0.0196626275703288,-0.8092943060170135,0.8346893606286118,1.6439836666456253,1.1484360429380258,3.0,0.7021692720896276,0.03899232077130939,-0.0018464160826359402,0.06565514671142417,0.31025435768190823,0.09302424518523078,-0.017874296938015455,0.6688940391430913,19.022653302055726,1.507131742912139e-14,0.6411796280371019,0.4172735146134559,-0.8394645715776694,-4.1397514749791964e-16,4.146618614845745e-25,0.42418918594816385,0.10334704287184866,0.1337188684704153,0.7493404704668333,0.5970840402126162
5BZQ J1909+4834,blazar,0.513,569,21,3650.10571892,0.017589552544421155,-0.008470742403371383,-2.0765066043586047,0.8389998000000016,-0.5117906422841652,2.6269550488178376e-39,1.1992133778792606,0.0,1.0,0.00010549487161914912,0.0004645712032683492,0.0007169655699825411,0.018658736632225566,6.796212481064218,1.5432845673499855,0.2972396534829382,1.191182740141297,56775.51827507,0.09478548816464345,1.303931373948637,9.250115428887734e-05,-2.2093283504128912e-08,9.252324757238147e-05,0.01054481546572935,0.0014415965776695774,125.0,0.040311445851969246,-0.018507854321864706,-0.6417235208599853,0.49029740626183804,1.1320209271218233,,0.0,0.7240996119305172,0.04915224452544148,0.0024094354944314868,0.5058335097442722,0.5779845842080302,0.11010040502236473,0.018585002845449283,0.04346709846734244,656.3830538883982,0.0,,,-1.3450195192678074,0.0,0.0,0.1165900034474679,0.026612992999709206,0.03793244039107082,0.053466298040856265,0.03533793657690434
5BZQ J1911-2006,blazar,1.119,81,18,3469.6432157000017,-0.06784472027086026,-0.0010572593052279049,10.0,0.36299990000000193,0.2054769039019564,0.06573328401618062,3.657255682531145,0.0,0.0,0.00046393545900459264,0.008627663115915516,0.15142075885415018,2.6911628437986272,326.3832405754266,17.550610959446544,0.22951844192986887,2.587605792043416,56938.51942843,1.2219672776450143,40.58579120972633,0.0006466146853021686,-1.4505465693352128e-07,0.0006467597399591021,0.06172839506172839,0.0012603054893998943,16.0,0.31249193597639724,0.05536223749923399,-0.5969031795499913,0.9653933918561433,1.5622965714061345,1.1954322407536015,4.0,0.6732797906134665,0.046842367957206255,-0.0020202873376530717,0.3228906829554276,0.21924501853044653,0.12085594325285598,-0.026038583169749163,0.5701127127122021,71.54324784734071,2.0599726524101648e-14,-2.2104596858777747,-0.16948062141986697,-0.9328029650989793,4.647150847805462e-16,1.0641780483616285e-24,1.7787915376903838,-0.14376296225395288,0.6036706226067685,0.8299008389623809,0.3916473992271736
5BZQ J1912-8010,blazar,1.756,324,21,3662.1940811299937,0.08170986366512933,0.011540689824190507,7.08015421174017,1.7539996999999996,-0.18994265732637383,0.0005879877262289265,-1.1029195042417501,0.0,0.0,0.0003707311714290185,0.002771070384434691,0.0060216021446549,3.3200803631017632,16.24250290365809,2.173023888640889,0.021086821163434185,1.5054255145551583,56745.72266796,1.334104878867377,35.08005607623704,0.0002620728683598319,-1.4475547896083374e-07,0.00026221762383879277,0.012345679012345678,0.016042657905531707,69.0,-0.07473653797860465,0.001609413348418119,-0.761647631228829,0.4823719754096296,1.2440196066384586,0.8098477468563202,0.0,0.6491356292166637,0.12041584409558775,0.0007851902177834222,4.656236600366714,1.5341628280727155,0.18875829360797103,0.0005462301478800224,0.7234981768620076,101.53434513776092,2.787125958024206e-14,-1.1261402525584063,0.47510448700766245,-0.7342661421872155,1.6120026347836384e-15,7.500566985806408e-25,2.2147748286147935,0.22519238426109647,0.7667442050827538,1.2010941388828855,0.4358106454582313
5BZQ J1914-4631,blazar,1.283,159,20,3469.7126138899985,-0.06843813391910358,0.10835605961428788,-0.6316041222126474,0.9089995000000002,-0.5636688068835969,1.02928095424401e-14,5.699733246636547,0.0,0.0,0.00042332016727700614,0.0036458117663382243,0.004994717832194186,0.03771203915722068,11.798912989484155,1.3699878520719095,0.6539890382605567,1.3901455120612307,56936.14712216,0.014362740661576502,0.0021968601606172796,6.36564586301655e-05,-3.8640842863460474e-08,6.369509947302897e-05,0.031446540880503145,0.0019805797125218585,36.0,0.016630163966851765,-0.018217216108816263,-0.8986313274469311,0.9444056505581127,1.8430369780050437,1.5302619404717532,4.0,0.6810282793336662,0.10608228290009976,0.0024123185626136238,0.8360300888059455,0.6145772777740157,0.2549796723112393,0.02058866145458449,0.08324285415243847,1481.448156184433,0.0,,,-0.7655818096492704,0.0,0.0,0.021701526052068734,-0.15624425973731348,0.007415064799764687,0.12577661956053268,0.05509269363142037
5BZQ J1915-2347,blazar,1.34,111,20,3469.6327749000047,-0.00866391650914722,0.038859996973112466,-0.222952063407052,0.5999994000000015,-0.596131317141992,5.097825611434595e-12,2.3748342059548286,0.0,0.0,0.0005410271681424698,0.0010037041548378346,0.0074302760773306414,0.013255098039280521,13.733646850134456,7.402854749692924,0.9048995219347532,1.444910716631016,56939.43944494,0.005720528002835201,0.0010956698017301056,-6.716594726764997e-05,-3.313940010712226e-08,6.713280786754285e-05,0.036036036036036036,0.0023407169609863825,23.0,0.15878032015712898,0.021059895861526463,-0.5531833035450966,0.9246429351466621,1.4778262386917587,0.8833473166612684,6.0,0.5361393116745133,0.04685325249538849,0.002918628396277273,0.3774760897462975,0.2913836477726669,0.10953839373520724,0.018145682259458784,0.04254264535440172,144.32165501916253,0.0,,,-1.1507873034698781,0.0,0.0,0.008750725174353194,-0.020273564631404492,0.0029961063297815516,0.06507773364658555,0.027810997284865618
5BZQ J1923-2104,blazar,0.874,31,6,3469.715365539996,-0.03350251232255468,-0.2696044660006056,0.12426542044922737,0.6459999000000014,0.7499986519996404,1.1907643711455045e-06,0.0,0.0,0.0,0.0002845150656573153,0.019842218025063148,0.06213773127704837,0.1813441434060632,218.3987372165787,3.131592002236304,0.8000489004896693,2.4427051761010983,56941.28118025,0.43194833639586383,14.998079606365037,0.0008227024255430086,-2.3138811872238452e-07,0.000822933813661731,0.16129032258064516,0.00198058001367977,5.0,0.4433238250453824,0.1927227396325402,-0.008336429231870612,0.9611988543348082,0.9695352835666788,0.6774903814158796,1.0,0.8787026800831977,0.14929421913582214,0.009886312752485965,0.6933232069060238,0.5442794230615217,0.32939433170889243,0.03191306103339053,0.4241701102962735,7.38905609893065,2.3006525602040045e-15,-0.45454031234795716,0.4288850936298282,-0.5017634710057824,2.3646563827628683e-16,1.169384891585177e-26,0.5913118725347897,-0.06278370809246749,0.1980425948821588,0.580663938389877,0.30985268857517445
5BZQ J1924-2914,blazar,0.353,111,20,3469.0877161800017,-0.02509412028820726,-0.026337641307123513,0.9527854068473506,0.284999899999999,0.2951539598178007,0.0016619513936484284,-0.04748922267186861,0.0,0.0,0.00027369583934743413,0.0025923574726942297,0.016674333937795775,1.4277099974925096,60.92286209622,6.432112124580595,0.07778703606499315,1.982227953696777,56940.29329262,0.24948559810536947,0.9836264882014529,-0.0012555364792021788,4.6097137771990463e-07,0.0012559974505798987,0.04504504504504504,0.0007202738945933045,21.0,0.00382005470499389,-0.03588183346359874,-0.9134818037694267,0.8793456797334043,1.792827483502831,0.9257923871684581,2.0,0.6467735264139739,0.02878342850554164,0.002041638837456647,0.9051080523508949,0.17437850251634668,0.06387968306710301,0.005964212881386377,0.4941321820915143,305.36805546130785,3.037780288794007e-14,-0.6546821209683592,0.5132974544273143,-1.5101582553616375,-3.705748621223387e-15,2.26100494123062e-24,0.2901979757590976,-0.03395234474994442,0.09271431877057972,0.5747672815158668,0.4248095207064794
5BZQ J1927+7358,blazar,0.302,475,21,3640.5998695000017,-0.012230947520509924,0.01705770531877254,-0.7170335805396628,0.2910003000000003,-0.5931341884065557,1.8086283075479354e-46,3.78761930297057,0.0,0.0,1.9209613854514192e-05,4.893989372760063e-05,0.00011746222316654343,0.028036704421377248,6.114762011427846,2.4001323219091084,0.04535802142538382,1.1530740904891208,56698.54196568,0.1221714395595285,9.484144851678796,-5.85535152406812e-06,-7.458538631034602e-07,5.10949766096466e-06,0.008421052631578947,0.01009918666666394,103.0,-0.06669724603854811,-0.006780235360223435,-0.31780876891797827,0.19447523056593094,0.5122839994839092,0.24369692139699145,0.0,0.713883786942766,0.02226407081447743,-0.00092762555389998,-0.03717605996757899,0.188536207287906,0.054523918601236954,-0.01406626488712237,0.08348024932055725,2923.352922301454,2.4193693221044007e-15,0.17072823008452606,0.14145767785613692,-2.4433597476493873,-2.272609176303976e-16,1.9496621754612003e-26,0.13940398329513357,-0.015924693671703922,0.044238928130282955,0.09525531763981665,0.07316076623641832
5BZQ J1934-2416,blazar,1.543,106,20,3469.8032289699986,0.03620646460792282,-0.0038874041818326363,-9.313789591812917,0.40199949999999873,-0.6692575948972342,4.431601603286812e-15,-2.6124459629479797,0.0,0.0,9.239827578787866e-05,0.0004518184476912081,0.0011056806193698067,0.005775720148326236,11.966463637716416,2.4471789998231697,0.7039361827094482,1.3952312405620506,56943.25326279,0.03585663782885909,0.1623756982030754,-3.268635008605866e-05,-3.5319411336903155e-08,3.265103067472176e-05,0.04716981132075472,0.002340368021895993,24.0,0.01973190980389635,0.028607884016381698,-0.7864517907733622,0.7700597657038415,1.5565115564772039,0.9144189613155154,4.0,0.6594296740897727,0.03808413559710455,-0.0011348814285786553,0.2743570689237511,0.24451499331583082,0.09032415294602325,0.004739727067662347,0.024125659636445824,1664.0836118305392,0.0,,,-1.6735253692018595,0.0,0.0,0.05717981484282448,0.09207303949794773,0.019698602442833713,0.03847267436387162,0.015128853465934572
5BZQ J1936-0402,blazar,0.49,125,21,3651.85509859,-0.026847031859826388,0.008842742897536103,-3.036052520231806,0.6869992999999983,-0.49519932195824035,4.335920799192541e-09,4.999117178083504,0.0,0.0,0.0007951475173380694,0.005206900343128416,0.013817893477628735,0.08434676036187505,17.377773506115428,2.653765688680895,0.6258321065044898,1.5297928366126536,56946.41340888,0.03931566853158269,0.06519494968196267,-5.971804480747713e-07,-8.705780051297518e-08,5.101226475617961e-07,0.048,0.4999345047501594,25.0,-0.20193719995324907,-0.02388620159887933,-0.8770948585348906,0.43699078074886827,1.3140856392837588,0.5697089667358785,0.0,0.7223173982848082,0.07591123881273983,-0.004601964341539591,1.3508014809089455,0.4984017451559807,0.15738427856135662,-0.024756754102307488,0.14295528504284277,1677.3443645951577,1.156679772130055e-15,-0.2971058222297113,0.24112345850044858,-0.4637184780887715,-9.555995320686875e-18,6.011548378471808e-28,0.04799088945005155,-0.04000207747114132,0.015576842202845453,0.17449916374385246,0.11711353271399494
5BZQ J1938-1749,blazar,0.903,153,20,3469.7617173000035,0.06298196391117016,0.18913148913704111,0.3330062286219013,1.3049993999999998,0.01637614816782613,0.8407657685184167,-2.1849286652402484,0.0,0.0,0.00047357201102263995,0.004540667089116027,0.008321121960846781,0.7047458008257208,17.570974951216026,1.8325769750792613,0.10690254606119348,1.533780584667513,56944.43814226,0.1476948172493223,0.11414358480038486,-0.00012334122841540916,-2.9221093313920347e-08,0.00012331200732209523,0.026143790849673203,0.0009001683230675352,30.0,-0.02518036464525025,0.0014567488144649175,-0.6632746207180139,0.46095342810204587,1.1242280488200598,0.6569561834326789,0.0,0.7626665317930281,0.13496134867507467,0.003107604792262826,1.8743866392581112,1.0696633299988014,0.2759752006576587,0.022850345841215258,0.340943949820581,39.87835306058612,2.702004873888282e-15,-0.7145374938928377,0.07847950606263475,-0.6635767905392512,5.131373336678411e-18,6.205376520875937e-27,0.20374391636934167,0.1198546773229568,0.06836010837154959,0.47032967637323253,0.24715169541420517
5BZQ J1939-1002,blazar,3.787,106,20,3651.7266146300026,-0.0007920098267865783,-0.1124302629415588,0.007044454100389898,0.41199980000000025,-0.569554228690974,1.8741979528767147e-10,-1.8995976913886392,0.0,0.0,5.600461175980511e-05,0.00040160899928671,0.0013538752599439852,0.003614893373760454,24.17435266895856,3.371127785924741,0.8568775589963826,1.6488513385669565,56946.41226279,0.014446848367299439,0.07591853626474283,4.72416652306596e-07,-2.3985407857397255e-10,4.7265650638516995e-07,0.0660377358490566,0.49992857785078487,22.0,-0.05470831359447997,-0.026262627095773518,-0.8385811913371093,0.6345587768731882,1.4731399682102975,0.5771279906817726,1.0,1.2647516797508334,0.07018965952398253,-0.0020082902496141603,0.2605029462301289,0.4758846234984522,0.14214578220359475,-0.013672690281780087,0.015663588108839676,7.38905609893065,0.0,,,-1.990662267349661,0.0,0.0,0.03160856853178332,-0.0037913510408273503,0.011015049846825579,0.034270699435909935,0.007159118327952777
5BZQ J1939-1525,blazar,1.657,110,20,3469.225751289996,0.07203362741045918,0.04580606472103304,1.5725783877998818,1.1719998999999994,0.052752765315281,0.5841474591038711,1.2822600312776165,0.0,0.0,0.0003959539095517583,0.004034169296235172,0.010693564351117653,0.907603656307363,27.007093669604792,2.650747542609705,0.09499402130148825,1.6888166224062056,56945.29334434,0.0955009115404974,0.057825588765198464,0.0003786232831668036,-1.0837892084707213e-08,0.0003786341210588883,0.03636363636363636,0.0007199252840514951,21.0,0.16612554939397883,-0.038947633006329016,-0.34392551461355575,0.8869394921168439,1.2308650067303997,0.3800546351686958,2.0,0.6623078175322327,0.12328152053025355,0.003346431869277754,1.0577311612294948,0.8042923350571338,0.25224289366525543,0.02731278905960155,0.37195095638970527,360.30773196835963,2.9188521333542966e-15,0.23061879299220747,0.23630089235917454,-0.32764284802122756,-8.661127622108154e-18,1.7219810064654718e-27,0.15566941525926062,0.19139334802959004,0.05377894702348968,0.6062914683464036,0.2281864766076039
5BZQ J1941-0211,blazar,0.202,151,20,3469.8118932900034,0.0977016500878666,0.10525480202101796,0.9282393602180441,0.9680004000000011,-0.24085048805642584,0.0028918351428067137,-6.982373009084606,0.0,0.0,0.0002965165486584886,0.0009904228109354485,0.003710849150433722,0.7828421553462686,12.514812932727274,3.7467323103979346,0.04292461954009703,1.411391205384152,56947.72880502,0.30382616606161744,2.491339338321975,0.0003477631923048436,2.513142098801705e-07,0.00034751187809496344,0.026490066225165563,0.0012603052156127308,33.0,-0.20034089526456866,0.054318308613719224,-0.8502190331288813,0.6807748941812325,1.5309939273101136,0.8859023765121921,2.0,0.7513333764034301,0.09450754399400067,0.014664643270367645,0.6121575707091202,0.6876501569878781,0.21879341885754233,0.11324745773184564,0.3565415429530475,1511.7542437002392,1.1348483294380662e-14,-0.3330388613590902,0.04937051078248778,-1.0515963910831543,-9.771461375173177e-16,8.438223989502712e-26,0.33310212803104283,0.11743738340561566,0.10415687036531396,0.39089703243349194,0.3252055178315241
5BZQ J1945-3048,blazar,0.576,132,20,3469.0613582399965,-0.014578142620116766,-0.00582302854119695,2.503532743653728,0.3819999000000003,-0.4972659012818972,1.3166337431498115e-09,3.9890643955121106,0.0,0.0,0.00010662513034400728,0.0003193602156856729,0.001568055194143135,0.0460826609169668,14.706243963105472,4.909989135204269,0.1991079691728603,1.4695892297581552,56944.56726348,0.06913422905080577,0.3311079416917773,0.00047636739143260546,-1.0492268748876155e-08,0.00047637788370135433,0.045454545454545456,0.0014405499247025792,26.0,0.02909662603448588,-0.013834668589829402,-0.853932682319299,0.9561730303938931,1.810105712713192,,3.0,0.6300478048852505,0.04268754813103395,0.003299052745256459,0.4395429969151961,0.22506245944506553,0.11089706591374471,0.007476968210026191,0.07787733071779318,956.7538410892427,1.546120173718338e-16,-11.358152736593498,-0.007692307692307692,-1.2273468806666061,-4.390796409697141e-19,1.3127442695581098e-29,0.0867903082336044,-0.022975152769304025,0.028410425122000663,0.09776629652498947,0.062034452109764895
5BZQ J1949+5041,blazar,1.929,474,21,3652.9216802500014,-0.02963508482456973,-0.07242156458282109,0.4092024936948046,1.0589990999999994,-0.2544862887426321,1.9240174518640743e-08,-2.250259761960987,0.0,0.0,0.00011929311504951147,0.0002177491166771576,0.0009175735534322053,0.00955930324742961,7.6917561031046855,4.21390250955061,0.44668239135463383,1.235828254686421,56793.5503363,0.004413228367332731,0.0008488177548624317,2.4847158639483553e-05,-4.937069749821603e-09,2.4852095709233374e-05,0.008438818565400843,0.0014412451197930614,104.0,0.07398612343084174,-0.006271684518117394,-0.7491425782790655,0.7030385310201928,1.4521811092992583,,1.0,1.7746435823423086,0.2426506446465007,0.006210206715911116,1.0985617632935767,1.8662871035139135,0.5173816643112241,0.029043946322799385,0.018460224739693117,7.38905609893065,0.0,,,-1.1764061893083353,0.0,0.0,0.007552940907918758,-0.08680116345116475,0.00262270230774831,0.03159342209387415,0.01078641928776857
5BZQ J1951+5727,blazar,0.652,396,21,3649.3779007999983,0.015499167172433733,-0.06086622578112756,-0.2546431452505056,1.3880005000000004,-0.6514729393469124,3.386993241062276e-49,2.5478203003531816,0.0,0.0,0.0004502653721449511,0.0013625009332522693,0.002517370276337185,0.07682652704939631,5.59085913881009,1.8476099451034136,0.2570730314368984,1.1207674993567998,56808.81532274,0.029993658862808633,0.014652101087473387,0.00024091385683060534,4.123384190691823e-09,0.00024090973344641464,0.012626262626262626,0.0014408954414932668,84.0,0.05599798658807164,-0.0036084046802749123,-0.4853426678625158,0.5030557327243066,0.9883984005868224,0.051617638541260724,1.0,0.6583640463311211,0.0989882008002825,0.0007909190542594992,2.2519737217715736,1.0655474192429173,0.19510921569288042,0.007045177885765752,0.3074170729567891,7.38905609893065,4.3511678576336585e-16,-1.1282308059765578,-0.006745362563237771,-0.4835071742392289,1.0462724983082179e-17,4.9756193880402396e-29,0.03855089535806589,0.02560462416886053,0.012704519654182811,0.39512363146649215,0.23917895367221073
5BZQ J1955+1358,blazar,0.743,189,21,3649.406123929999,-0.039822018464785024,0.342799558092055,-0.11616706476060061,1.5360002000000001,-0.13387619252702976,0.06627491166855744,-4.995764714483229,0.0,0.0,0.0015087775197856037,0.0054844026647027705,0.013192830275796296,0.7740251398620709,8.74405278050997,2.4055181721610093,0.13941962458588014,1.2820755273712319,56775.26156153,0.10943483497363246,0.11811617291468961,-0.00011006580570099301,-1.2421286420976227e-07,0.00010994159283678324,0.026455026455026454,0.0014415967145830796,38.0,0.11319248991544233,0.00022783239106095114,-0.7379178259027084,0.6791694374049375,1.417087263307646,0.8612108651789888,3.0,0.6991407945723647,0.12620188178948447,0.004555949411889606,1.2791080055745245,1.052020397322092,0.25767111034037915,0.022637934242372926,0.547563489634999,7.38905609893065,3.2147309755433026e-15,0.5947116849871978,0.14177930777741535,-0.24828571715431103,7.49983594304173e-17,5.267683630482782e-27,0.1444788515778204,-0.0694097781841203,0.04795716893638848,0.7229082418543394,0.4147494216031781
5BZQ J1956-3225,blazar,1.242,129,21,3651.341162869998,-0.14980507471688445,0.0038018948473389786,-10.0,1.3740006000000005,-0.0017305003758854472,0.9844714242767805,-5.748175684189592,0.0,0.0,0.0005617856618523038,0.003118159987173796,0.014821399553893855,1.7962433388885013,26.382658963994373,4.753251792758159,0.06284825452433437,1.6803795170623563,56946.27664789,0.4851548154974275,0.652142966359176,1.0235102255208134e-06,2.8074774746311225e-07,7.427624780577011e-07,0.03875968992248062,0.499545779603008,27.0,-0.10276537040458683,-0.009535079126840889,-0.7822004469175172,0.7529400520522974,1.5351404989698145,,4.0,0.6980478007140185,0.15078050416645547,0.0011420493346389587,1.7466370937693263,0.9912699511145716,0.30784077819959266,0.01591486211737636,0.698418682668767,212.5667245225412,2.47709355867719e-14,-0.37680916534469944,0.38171835456308756,-0.37787040925702553,-1.8941374567919967e-15,4.0157131394980615e-25,0.7264373250258888,-0.33586297751525496,0.2478233918688756,1.0457639157220617,0.4664424244969054
5BZQ J1957-3845,blazar,0.63,140,20,3469.632086800004,-0.04748822898371724,0.04566960762016696,-1.0398212609724111,0.44699950000000044,-0.277611787869252,0.0008975329052970164,-1.6148869397837116,0.0,0.0,0.0002632529141076256,0.00213528750121834,0.02441545824289117,5.0946639305739225,92.74525310729952,11.43427206759093,0.03446001468747366,2.1338003846179205,56945.0917685,0.19918915481774285,0.12107848475420778,0.0016342265617819776,3.970552690918634e-06,0.001630256009091059,0.02857142857142857,0.0016204428747580001,27.0,-0.13743299301327058,0.008079794476553097,-0.8807974069724458,0.7722281850854291,1.653025592057875,0.7737071991248305,3.0,0.6538516359491793,0.03372306317639242,-0.0010268946105652255,1.1094854613948477,0.2820800122534928,0.06921345637507492,-0.014390972263151669,0.9091186494744157,279.3648492051192,2.440968049407882e-13,-1.1810876117433309,0.628730349373909,-1.360295349025379,-2.9855052342306474e-14,1.492862979754403e-22,0.25430768886748384,-0.07740581324345909,0.08365063060252746,1.160684992442033,0.7120766824797748
5BZQ J2000-1748,blazar,0.652,166,20,3469.775093049997,0.0654491353054837,0.05271282736244114,1.2416168621628028,0.3240003999999992,-0.5530473389149732,1.1064569279017172e-14,4.654865970142364,0.0,0.0,0.0005998597762973452,0.0022855789299635314,0.011555336867270331,1.3309659102092986,19.26339672136819,5.0557592698839535,0.0658094797929245,1.5669475528843277,56949.50134869,0.4011243180067994,1.7166030077148315,-0.002242957150669276,1.8541798114754698e-06,0.0022448113304807515,0.024096385542168676,0.0010804110609057432,37.0,-0.16115004735620764,0.023317018269361143,-0.7963339159570274,0.6943624010774774,1.4906963170345047,0.9232728826405503,2.0,0.6827734441191743,0.033839327706716896,0.0063848669481015915,-0.004365030943666454,0.20237549322316128,0.08405860694849876,0.03781962819502571,0.5703382756475,46.29675414984575,1.882294063835528e-14,-0.09876831948265809,0.3966654451868088,-1.3176619330491428,-7.56330214637558e-16,7.44308231155226e-25,0.5155656960621854,0.10812197152465908,0.16990563922853313,0.7330566531997831,0.4437388941887307
5BZQ J2003-3251,blazar,3.773,127,21,3651.381787960003,0.026006946325067906,0.08010588318395837,0.32465713242739624,1.1729993999999984,-0.41925166827171234,9.296384180078319e-07,0.29990815506858337,0.0,0.0,0.00045663814039950885,0.005760249611391472,0.008416464165704345,0.015028687870964653,18.431364799947474,1.461128376728469,1.0844310065527853,1.551022749553712,56947.26287566,0.052191565695668365,0.055195387091328665,6.089459559876429e-08,-2.3485309803610853e-08,8.437990540237513e-08,0.03937007874015748,0.49954264167010015,26.0,-0.0041816199383104165,0.007074464149985893,-0.5510126976764115,0.7748027598386821,1.3258154575150936,0.5773482767823657,4.0,1.2758102857204963,0.22564080146292156,-0.006168213401277784,0.9233874178266404,1.4126012454119812,0.46136390624168744,-0.057479406373688535,0.03787591949727178,863.7433870891728,0.0,,,-1.0432225862625424,0.0,0.0,0.11402393974762325,0.1241311548095491,0.039738739408974016,0.08274826602876145,0.017336741258906656
5BZQ J2005-1822,blazar,0.868,150,21,3648.794782860001,-0.06507384348739235,0.10339986881908413,-0.6293416445358383,0.6829996000000005,-0.6636091242224903,2.1618462498685548e-20,5.494420617585217,0.0,0.0,0.00027789701750759383,0.001014200473421278,0.0034607813098225314,0.039095446561394374,12.45346685764447,3.412324680480276,0.4219050666921043,1.4096188795214628,56771.12128394,0.04515182613021004,0.04673446165098676,0.0006318881976885596,-8.049198082191874e-08,0.0006319686896693815,0.02666666666666667,0.0007209717727740838,30.0,0.058798177348580116,-0.023243879467179856,-0.6985683488221306,0.7268362378644364,1.425404586686567,,3.0,0.6342173598216897,0.06628821661399438,-0.006093917657517064,0.9804486306417995,0.4267365945767243,0.16389459552955943,-0.03412772556851762,0.1071296453679112,1296.5228160704812,5.426859785202775e-16,-1.833575741549827,0.09969788519637462,-0.6913447090356414,-5.205113121160412e-18,1.0655607207686172e-28,0.061711166482279346,-0.12155793963444891,0.020660534085962492,0.14641922480436254,0.07838288265758166
5BZQ J2005-2310,blazar,0.833,38,10,2379.1463640799993,0.10328896598590878,-0.179617085010673,-0.5750508977460093,0.5000001000000012,-0.0412284470625392,0.8058651322756518,-2.01926180113566,0.0,0.0,0.0035322913612618407,0.01301043479665617,0.10072275980155063,0.8706155229113431,28.514850410599927,7.741690525184895,0.42132004792024774,1.708410389806484,57667.39413106,0.16572649878372414,0.3745313569990857,2.483117494800292e-06,-1.0796580414792015e-07,2.591083298948212e-06,0.10526315789473684,0.983667539685137,7.0,-0.12244781470264002,-0.14834376581188552,-0.655221178758155,0.42750727383168596,1.082728452589841,0.7032781758207217,0.0,0.6643023475652843,0.06262298484714982,0.0003119966676121306,0.4967988344549888,0.30817905391261535,0.14700121683290301,-0.0005275761764929054,0.5827368892859913,11.963918233812262,3.4459298561240053e-15,-2.2507287966333247,0.0925844162271088,-0.4705586398920911,-7.109004894978646e-17,1.2979504977468316e-26,0.22437433968163958,0.1893286746521708,0.07494924138220464,0.7889577448462815,0.4304188460699845
5BZQ J2007-4434,blazar,0.24,159,20,3469.7506382799984,0.011013845814795534,0.07647974423554721,0.14400997185443493,0.3800010999999994,-0.22206639836715986,0.004904029208384976,-5.082317841149347,0.0,0.0,0.0005122045384115736,0.000838823981689995,0.004332871685245242,0.28090175416606616,8.459260611440293,5.165412261283123,0.111394265062554,1.270132892313594,56945.41940885,0.28970328507599835,3.9445634886094396,-0.00011817855709745618,-1.0109699042792067e-07,0.00011807746010702827,0.025157232704402517,0.0010800624229931855,34.0,0.04123544472996008,-0.014109403256406408,-0.6257177271611496,0.8362402521785417,1.4619579793396913,0.6791846153756861,3.0,0.7062310990370049,0.04414604100487848,-0.0028930020801133677,0.4448555680460471,0.25562385046664415,0.11274922503347173,-0.010853558308015043,0.38238768808673723,7.38905609893065,1.0635773454483153e-15,1.2802622403575368,0.4716330882074753,-0.8060939994392905,-5.297601068864614e-17,9.056700065837057e-28,0.32259992528818604,0.013657168810346463,0.10146800150276548,0.4258089085028596,0.34339428105069314
5BZQ J2007+4029,blazar,1.736,145,20,3651.403165640004,-0.0024834891440855995,-0.026383001966492393,0.09413216688683658,1.209999100000001,-0.22430285481253165,0.0066830995996551,-1.0496846882743336,0.0,0.0,0.0005272055512640488,0.00363695293709893,0.00747535393040697,0.6677370346061775,14.179201828024315,2.0553892386395325,0.10016048816285279,1.4564261045314955,56790.45947179,0.04154537343137619,0.023807273644968884,0.00016540395544710926,1.4717320337633484e-07,0.00016525678224373291,0.034482758620689655,0.001981973470241108,30.0,0.2259408691733234,0.013395334304928033,-0.21695129228343246,0.6235753150853162,0.8405266073687486,0.5382690054591415,2.0,0.615849614364061,0.097706482720091,-0.0022271740312960167,0.16888540367443805,0.5990093888749585,0.24029039066504243,-0.0013209376425996622,0.48292842924728,1959.111302255105,1.0314691184138887e-14,-0.10055712773662619,-0.10809328046247461,-0.16800524382102586,1.514116661915319e-16,2.4584072674912951e-26,0.06871961433622598,-0.0067948262982182,0.023780857067383716,0.7988050815017833,0.29196092160152903
5BZQ J2010-2523,blazar,0.825,140,21,3648.2840240000005,-0.09535938181944184,0.07320958500345863,-1.3025532355488258,1.2180003999999993,-0.10050180379029675,0.23740967616855146,3.945440628281999,0.0,0.0,0.0010603198597778246,0.0058570920729451035,0.016140080103239973,2.3727695150473136,15.221897372930474,2.755647324555145,0.06138246783356227,1.4820190733742225,56950.02598081,1.5591415865831204,65.10491226521917,-1.1601945589225977e-06,-6.791497474885166e-08,1.0922795841737461e-06,0.04285714285714286,0.49089198778918897,29.0,-0.061968498428735655,-0.016893781022615066,-0.940349212509838,0.6607647114973761,1.601113924007214,0.6845616978478597,1.0,0.673294204600816,0.11540509033244371,-0.0002918592660463063,0.7958588760537759,0.7751546118067696,0.2566898353596846,0.00911889240503283,0.6746240777717467,7.38905609893065,1.6514250948087442e-15,3.2969068765967333,0.15052844772530258,-0.057800668087891235,-8.75975329781261e-17,1.4142773395134476e-27,2.1062842967649447,-0.17403087182048135,0.703201625071923,0.9113669428471817,0.499379146765579
5BZQ J2011-1546,blazar,1.178,157,21,3648.690870260005,0.02928534480504988,-0.037214719706551165,-0.7869290709690493,0.32900060000000053,-0.6307620383162078,8.484562467616356e-19,-5.694055567551548,0.0,0.0,0.00014840581565363242,0.00043215733490606915,0.0023885091912769856,0.04804341386861737,16.094444578621736,5.526943529187564,0.2572239921103364,1.502122721393075,56772.96348975,0.03558804024233167,0.16425423973077272,-0.0003966883391229037,6.474149590826074e-08,0.000396753080618812,0.03821656050955414,0.001261357234780244,32.0,-0.14522965646189426,-0.00244532530209654,-0.8685300824548847,0.7399364130789166,1.6084664955338013,0.7802159649111244,1.0,0.5192457822063807,0.030656942707057627,0.002421024257840664,0.11006598594256732,0.15814638533250513,0.07583559321976802,0.011171933534549483,0.15632398275063517,7.38905609893065,2.0049123178832685e-16,0.0,0.0,-1.119150137740345,-3.8543790876343626e-18,5.389196743224753e-29,0.05252100293078212,0.06378348098539863,0.01787067294734949,0.23070369428299037,0.10592456119512872
5BZQ J2015-1252,blazar,0.614,194,21,3649.303490890001,-0.008227500376879516,0.015915811160948715,-0.5169388034124607,0.3249997000000011,-0.5399909608740487,4.46039365527427e-16,2.4978121087542786,0.0,0.0,7.796377920967867e-05,0.0005721161876326411,0.0006165683107127205,0.04174713618196688,7.908394244795454,1.0776977176372513,0.158760800385306,1.2458461989041623,56774.21356877,0.13660436384336086,3.6031844263928954,-0.00017718287590307298,2.946021889510428e-08,0.0001772123361219681,0.030927835051546393,0.001441596687192411,41.0,-0.06912972681036336,0.004280207235075497,-0.6105613107946704,0.7740057245342968,1.3845670353289672,0.627584983738926,2.0,0.691683820448892,0.03578792339783134,-0.002395952905091969,-0.2723834183957259,0.20649303829676313,0.0921402921819926,-0.021716226440759545,0.07782767447733535,2371.1223347392165,5.703538077987385e-16,-0.4334560936578914,0.04604578563995836,-1.8412027197962557,-2.7783120662666934e-18,3.4850987570212072e-28,0.17354669136798198,-0.013279185608283537,0.05700576372740107,0.0988748457398737,0.06126074705072721
5BZQ J2017+0603,blazar,1.743,160,21,3653.2293171400015,0.04528353770735376,0.021404868074469896,2.115571913352016,0.5529995000000003,-0.5513217675383609,4.1958786406664053e-14,2.900579060836688,0.0,0.0,0.0005211386179688007,0.0030899810821715177,0.003548517194571011,0.026406355938104868,6.8091618341250815,1.1483944720233878,0.7105384986853372,1.1918693056752288,56779.08043102,0.1044856995698393,0.5255564748155883,-0.0001828016131723189,-3.971463018526119e-08,0.00018276189854213364,0.03125,0.0018020821902794161,33.0,-0.24396850721708072,-0.044937207448655155,-0.9711238691646998,0.6907744860579387,1.6618983552226385,0.02161821712529899,1.0,0.748811506203742,0.06749742513335587,-0.000800484967525206,0.3556830687932043,0.3944673180528129,0.17229934081050413,-0.009831676965452507,0.055406497657695154,6935.194804074013,0.0,,,-1.3104418557125392,0.0,0.0,0.1730492648358966,0.12421274393127137,0.05989327464335271,0.09176426751478294,0.03345398013663249
5BZQ J2018-0509,blazar,0.905,184,21,3649.2419839799986,-0.08836331116605188,-0.08862826125307752,0.9970105462605311,1.556000700000002,-0.555345596724155,2.804831696575062e-16,-1.9982160076550302,0.0,0.0,0.0010887903690005355,0.011720821615578716,0.013602335171965048,0.07545082346986015,12.4930707937455,1.160527445680514,0.7884917711164053,1.4107640574041638,56776.77892251,0.16584450438907294,0.18771911740539055,0.00020279134772884828,8.0655759198498e-09,0.00020278328215292844,0.03260869565217391,0.0016214909240116432,42.0,-0.012974570360433776,0.013623301400511814,-0.7568602097532382,0.7074052226756349,1.464265432428873,0.8411764874841754,4.0,0.6200200248525396,0.1331142684856934,0.001847662023594921,2.0800778876050336,1.053323158183113,0.2916116902722313,0.006701896144573505,0.1362778939207883,7.38905609893065,0.0,,,-0.35992919337195123,0.0,0.0,0.2289014663707706,-0.16833210777132884,0.07681024150509526,0.1880931169067069,0.09873654430798263
5BZQ J2018-1109,blazar,0.9,195,21,3649.2777672099983,-0.062207024380329774,-0.05305606093672129,1.172477249197271,0.6239995999999977,-0.5642976683579366,8.631617562905666e-18,4.246250653153317,0.0,0.0,0.0001714795454813673,0.0007271764847115965,0.002334298209196037,0.07178158917801403,13.612691758837128,3.2100848350613975,0.20897759559642046,1.4417201168754374,56775.20043925,0.09234254379670041,0.2930229554364388,-0.0003234523015565191,-5.8629268167993786e-08,0.00032339367228835107,0.020512820512820513,0.0012613533744091278,42.0,-0.04848548253807552,0.007723081773752122,-0.6969480630628206,0.6438527231940492,1.3408007862568698,0.7221250615797729,2.0,0.6466736735325226,0.0613616532972295,-0.007829659378106615,0.3616333531802959,0.3804935697643369,0.1483450350697214,-0.04915873149773187,0.09234501137904556,1181.7388475398686,7.307517712784082e-16,-0.8870427929370711,-0.041436000671028365,-1.154112039204702,-1.3703791735126823e-18,2.668753907452401e-28,0.12728541255857448,-0.11819334632262657,0.04269900737249094,0.12728881388610902,0.06699411257163633
5BZQ J2022+6136,blazar,0.228,413,21,3636.6222183099962,0.017395613011614124,-0.011757053143245441,-1.4795895535785766,0.3730001000000005,-0.3554547451359373,9.594643772516492e-14,6.969570302031478,0.0,0.0,6.634962896054319e-05,0.00017763860897889691,0.0003307914165446414,0.008013988693502989,4.985580428125319,1.8621594516188722,0.30784847457334874,1.07944036982552,56643.39666961,0.11696583914610945,2.5955258023073,-7.89359836908685e-05,-2.622404345407678e-07,7.867374325632772e-05,0.009685230024213076,0.00108250453114391,88.0,-0.03516742956282984,0.015521665662069433,-0.6895748517815662,0.8799210695083408,1.569495921289907,0.8065709276342037,2.0,0.5481790662769903,0.023022181163676544,-0.0010956252015721236,0.5799916033641159,0.1977173880337122,0.055359695239459605,-0.0019208463759129435,0.11580258649013156,8103.083927575384,1.6568753574632948e-15,0.03098533190869632,-0.01025268540790185,-1.9613680344212134,-2.213855193576174e-17,3.9764893638968944e-27,0.12961588345316538,0.021361812778262143,0.04069419174084549,0.12832682314474944,0.10450067031331389
5BZQ J2023-3655,blazar,1.048,170,21,3648.4125080099984,0.04816176946739404,-0.06394277917901896,-0.7532010664184109,0.45600029999999947,-0.6742922942707429,6.857418435803817e-24,-6.243005660523611,0.0,0.0,0.00025216740927224736,0.0006672431583237346,0.002686879142799723,0.02050152366543478,10.655140328795419,4.02683655164473,0.5293245647112044,1.3533694222611488,56770.99305463,0.019610310716437727,0.020246779913317806,-0.0007775171666957177,-5.748698359236225e-08,0.0007774596797121253,0.029411764705882353,0.0007206231896030225,37.0,-0.022305657161378962,0.0006694754433288241,-0.5340719981308963,0.8488121086258305,1.3828841067567268,0.5398565873901296,3.0,0.5357656970323742,0.04117063387913039,-0.00445790784427709,0.24153579730941027,0.22706726644179553,0.10059350306354731,-0.023312593379640867,0.08384809868051676,2201.2762889009105,3.0464268466536177e-16,-3.243429414900159,-0.010765550239234445,-1.1890503780009813,-6.3361201218590526e-18,5.556378578631043e-29,0.02806399220598231,0.09863530386922299,0.009491683809315915,0.11999363099759738,0.058590640135545595
5BZQ J2024-3253,blazar,1.465,129,21,3648.7724992799995,-0.02470116483471862,-0.0554433906097123,0.4455204590318037,0.909998899999998,0.002237511191114948,0.9799226245263316,9.140662113186035,0.0,0.0,0.0006326006294929915,0.0016283825326948215,0.012135390701603362,1.6926554340093254,19.183336400006652,7.452420085879944,0.053123798448835115,1.5654454383184326,56951.07664588,1.100807534682011,24.82400395114414,-0.00019139789679360267,-2.484216368012684e-07,0.0001911494751568014,0.031007751937984496,0.4908818758658483,25.0,-0.1351323614803267,-0.029236741482877332,-0.7896088381768964,0.8535115000348782,1.6431203382117747,0.5336058704276911,4.0,0.6569057522277402,0.08434179664625935,-0.005149436753441921,0.1545788623629112,0.561928716450258,0.1818759970313638,-0.03287494808832081,0.6333043279298703,118.93926743688787,2.0410584028059613e-14,2.8240097334940057,0.6307874941302961,-0.5949517037432231,-1.202438105800435e-15,3.540431255065167e-25,1.7283028866599954,-0.06088837131758139,0.5941093919260522,0.9943079635729803,0.4033703706178419
5BZQ J2024+1718,blazar,1.05,159,21,3651.877494530003,-0.03203708546023407,-0.01808216127557046,1.7717508970300542,0.6399993999999989,-0.6011003064966765,5.423821253901273e-17,4.599216009538129,0.0,0.0,0.00013262959067256454,0.00045926413402186243,0.0012310305791876,0.021620964245007136,9.281718835618252,2.6804413524017043,0.3357031769893235,1.3035979992066689,56784.6726095,0.009455417252329812,0.005553494467812213,1.8787360433548233e-05,-5.882530613144874e-08,1.884618573967968e-05,0.0440251572327044,0.002702949431895047,33.0,-0.12847641813078053,0.01649286575688499,-0.6137524683174527,0.7517035647468733,1.365456033064326,0.49779526559622944,1.0,0.5578143298695413,0.047203231941462406,-0.0009212182245361101,0.21189768383268937,0.3130770289292349,0.11272598444412796,-0.0001364306038911245,0.07957615717447644,2355.4286449401866,1.992262902533228e-16,-8.747156043738052,-0.012820512820512818,-1.1893358245458416,-9.56753572661733e-18,1.830268473159646e-29,0.01353809722974744,-0.06567602519347984,0.004579257056260155,0.11393571793273084,0.055578398991576024
5BZQ J2025-0735,blazar,1.388,207,21,3649.21918991,-0.0425900080492818,0.07873530038702649,-0.5409264693209898,1.1440000000000001,-0.10972536057710781,0.11551767876509961,4.446002846023135,0.0,0.0,0.0014287343741937093,0.007470789053146484,0.05701666638651628,4.09289457778594,39.90711455989564,7.631947037089814,0.08863065477142199,1.8296435162629408,56777.63501649,0.020796339724806163,0.0016143165171431351,0.00039237635261128804,-8.708881198950057e-07,0.00039324724073118303,0.01932367149758454,0.001441596030115171,42.0,-0.11152510845721406,-0.028366633668574302,-0.9227679817355721,0.746539555122899,1.669307536858471,0.7435020583469061,2.0,0.6623261862493466,0.07691508136777793,-9.358101643431037e-05,0.9217371482329996,0.6630334043225974,0.15936607093833577,-0.0018614975788181498,1.0024286663534685,56.25823910551519,1.4693751693198662e-13,1.2128948026612272,0.7796674519678299,-0.8335733086248898,-9.228893776020488e-15,4.453376493209534e-23,0.03213690615674644,-0.10170493922168493,0.011020883015813093,1.5490685575311822,0.6486886756830748
5BZQ J2025-2845,blazar,0.884,111,21,3649.0730105300026,-0.12314448385758497,-0.02268889757731222,5.427521695929528,0.8169994000000003,0.05627344642820859,0.5574513595800418,0.24976543535455184,0.0,0.0,0.0011869044655441134,0.0038987127625914517,0.03563164667314925,0.14924279470629695,30.02065261149216,9.13933619473053,0.614922830981295,1.7269708586539043,56952.12947623,0.3458359938153585,1.6977393600953705,7.19978235354731e-07,3.0820494737096964e-08,6.89157740617634e-07,0.06306306306306306,0.49142398017796945,19.0,-0.1846012962925168,0.020409029994678668,-0.8461841297838888,0.3754934844876024,1.2216776142714911,0.7815578549172472,0.0,0.7627892954280465,0.10926728609797041,0.00043440366498246816,1.1679925583856954,0.6400624366560123,0.2335474299704966,0.013872632070177748,0.2037023506506273,7.38905609893065,1.6860432974263855e-16,-10.392742222776942,-0.009174311926605505,-0.7489584144999193,3.6893647406032966e-18,1.1129959700139812e-29,0.4746906099985501,-0.23200420758769008,0.1590829165254999,0.27959956400637265,0.14840741189297912
5BZQ J2027-0831,blazar,1.697,193,21,3648.8241871499995,0.006831385436463278,-0.19353200967293527,-0.03529847826211367,1.4130000999999996,-0.7108488261896249,5.200517363274044e-31,1.4984904259342913,0.0,0.0,0.0018455706725205442,0.005562896533702427,0.01591392224329897,0.09767062887166483,8.622765018769044,2.8607259085307155,0.645061184643777,1.2770376413425195,56777.8326452,0.01120992636930325,0.00044931810143599506,0.0002848948936296597,-1.6703873397892114e-09,0.0002848965640169995,0.02072538860103627,0.000900866776173469,41.0,0.045962773379451496,0.009911943178241768,-0.6035432345812752,0.7164635752246884,1.3200068098059636,0.6717237719700694,3.0,0.5594057818619745,0.11200234253845436,-0.0011331171704612164,0.6573834466058835,0.7375160916704342,0.262822295490544,-0.01550516039188543,0.05993678757072698,171.09012453105703,0.0,,,-0.37007676732708134,0.0,0.0,0.018409552561277128,0.018424246522141464,0.006365550529773832,0.09843146197274998,0.03649664885901
5BZQ J2030-0503,blazar,0.543,226,21,3649.3048873399966,0.03302101427051366,0.11781562904385362,0.28027702723738374,0.5480003,-0.08114978607801274,0.2242939268991963,-7.243657887259404,0.0,0.0,0.0001769924904665494,0.0010696708101070745,0.003786573777661645,0.24436153839437955,21.39397974618198,3.539943072525896,0.11208531465642298,1.6047832438586775,56779.21426332,0.024751534001390612,0.020649861259743392,-2.5448030864473254e-05,1.984248594944831e-08,2.54678733504227e-05,0.022123893805309734,0.0010814585078634835,44.0,0.1631698719706504,0.002894974788494357,-0.3039013102759213,0.6522016889423283,0.9561029992182497,0.5493463391277801,2.0,0.7565802496511718,0.06822254800893632,0.0005016100170927438,0.28451394266917884,0.378602357079426,0.17314359329268536,0.010452419232644727,0.21535802344063548,27.952254848338704,1.3873790429220375e-15,-1.5135062479079258,0.545022620857138,-1.143478493935248,4.3877585525437644e-17,1.2850845954104905e-27,0.030745749394934893,0.050951425019402585,0.010032944216228985,0.267512462804216,0.17337165444213604
5BZQ J2031+0239,blazar,0.858,219,21,3652.2005515700002,0.1732656307585124,0.1311022891872005,1.3216064481613057,1.5050001000000002,-0.11602175413102139,0.08672564603712014,-0.8999262139392198,0.0,0.0,0.0005697775683027815,0.0018631788087173293,0.009951156440844808,0.32432847689936617,17.46498454304145,5.340956213619958,0.17972581094105836,1.5315983652359062,56781.64794874,0.12654241321882911,0.16425718452310853,4.3925076221031836e-05,-2.021459122355826e-08,4.3945290812255394e-05,0.0273972602739726,0.0016218385763183008,45.0,0.015035762353612056,-0.02588557648066207,-0.8603371352182995,0.6516510739723654,1.511988209190665,0.7228386089069618,2.0,0.9233351695848406,0.18196321156582856,-0.0002372809573160688,1.3419153505203398,1.4046485623005687,0.3990120156115483,0.008634763717703997,0.1757386276439836,12.390217517999078,3.9720546451956367e-16,-4.129483209670113,0.6841269841269839,-0.5172368356067456,2.117445604845464e-17,4.34393014416498e-29,0.17248803203048327,0.32192754194931605,0.057711214460476855,0.23954664102721698,0.12892714802325994
5BZQ J2031+5455,blazar,1.262,294,20,3454.0054386699994,-0.04407454839072685,-0.019428180501152355,2.2685885787458395,0.41899969999999875,-0.7017718975376244,6.559320315447982e-45,-1.9858758168944555,0.0,0.0,5.833246124851385e-05,0.0004310743949320833,0.000755135646240599,0.012538818646582349,12.945375818759267,1.7517524895159218,0.3766987760966988,1.4235912364241914,56816.71216865,0.025516308368068043,0.0834468173440456,3.2541591620006124e-05,3.4541278619694036e-09,3.2538137492144154e-05,0.017006802721088437,0.0018013787269122161,64.0,0.10213075385538856,0.024029424938920078,-0.5080602329529398,0.824138921223771,1.3321991541767106,0.8117040613537261,4.0,0.518385011932167,0.028001854217010704,0.002589308232903103,0.16593249515100775,0.1958427212058751,0.06567486067118955,0.010188717409523984,0.013381462385552594,7.38905609893065,0.0,,,-1.624854913423269,0.0,0.0,0.03837639206028982,-0.09969662845982413,0.01310221498132152,0.02012564824975382,0.008897280393348285
5BZQ J2039-7206,blazar,1.0,231,20,3470.0155473600025,-0.027832851544187947,0.009726570816940361,-2.861527671778489,1.7169999999999987,-0.3842584710739606,1.5211208934688305e-09,0.9975404037585224,0.0,1.0,0.0006163352124470418,0.001286425189705484,0.0037751823841067227,0.021920670459805072,6.125209629014817,2.9346303316995743,0.6828723819627367,1.1536898050249453,56940.61392938,0.16164084670276863,2.683055619335522,-4.757942855602343e-05,7.191334800361042e-08,4.7651341904027044e-05,0.025974025974025976,0.00306042190280604,48.0,-0.09877446996604787,-0.01862852230894054,-0.8993248995014187,0.7759407431009504,1.675265642602369,0.817538535844729,2.0,0.7468868226187569,0.07231686530353662,0.0014279593979304973,0.6014549342110864,0.9378204208849604,0.11485476734533206,0.005931146899678441,0.06510386191660088,3681.8668981193364,3.552713678800501e-16,-2.23544774666746,-0.010152284263959385,-1.1221768480484429,-3.580450441892355e-18,9.687139042127375e-29,0.2285946776405258,-0.055665703088375894,0.07712228359277358,0.09207076448532221,0.0460353822426611
5BZQ J2047-1639,blazar,1.932,173,21,3649.278909929999,-0.08477768065577433,-0.048176137391338004,1.7597442478030052,1.4630003999999985,-0.41746497311099745,1.1024172321617269e-08,-5.994708681609855,0.0,0.0,0.0008100471859615381,0.0025003997307290046,0.0063523750021102394,0.06084130947490838,7.8419814355973525,2.5405437864599465,0.5137946349784774,1.2428045566947414,56780.20368068,0.09766121058091286,0.11457883688573381,0.00014730432570507525,-4.749331141111871e-08,0.00014735181901648638,0.023121387283236993,0.0009012168651739292,37.0,-0.1591833804046301,0.01072591452339793,-0.8079683193107583,0.5617409891915393,1.3697093085022976,0.6284101295523377,1.0,0.7759104325534766,0.1486937727659003,0.0008879568463794425,2.350614573674054,1.296042092606124,0.3218861515775706,-0.01999218310322759,0.09659495676152055,2016.417169182152,2.7010781922943235e-16,-3.087763566887137,-0.005847953216374268,-0.6958061481559916,-1.6810133140802482e-20,1.2523416152286344e-29,0.16722610961462753,-0.24856815968273033,0.05807067513233989,0.16540035426080682,0.056412126282676264
5BZQ J2050-2628,blazar,1.633,93,19,3448.6842942500007,-0.044391558518826625,-0.15674746796962152,0.2832043100525869,1.2110003999999996,-0.20320758066790967,0.050749312764371265,0.8025685558145108,0.0,0.0,0.0014689024214301208,0.006323546952506924,0.09590973872329536,4.715495792090406,65.29347168249906,15.167079398391365,0.11041424007756903,2.00721671178295,56778.75750169,0.5948826674167942,1.682240003442387,8.705925450149092e-05,1.172595015757076e-07,8.694199499991522e-05,0.043010752688172046,0.001982325201924708,18.0,-0.3007384560613335,0.05216609229989218,-0.9205523570537009,0.7732484864196584,1.6938008434733591,0.7624244348565737,1.0,0.6438439055491293,0.11823812099741669,-0.0004650936192536675,1.1103878357806996,0.8054331699156507,0.26269343008993573,0.0028177124629009676,0.7827819291407901,54.59725543374514,1.1689059061122466e-14,0.7293039211260808,0.28647414935195137,-0.1486989669816202,-8.212524840097691e-16,6.71040567994755e-26,0.9652876392999958,-0.1168829735800705,0.33329217434190317,1.2701827803256622,0.48240895568768033
5BZQ J2056-4714,blazar,1.491,165,21,3648.66476385,-0.055745480280183966,0.10897085378731097,-0.511563214774731,1.7959994999999989,-0.26342238203479396,0.0006294867264758486,2.297584930008213,0.0,0.0,0.0017411460823081744,0.0067820749258437375,0.038707296289137855,6.829660980443869,22.23092976529233,5.707294110823334,0.04492288503649872,1.6186240956146243,56952.65194354,1.337372811676062,1.8500660904398938,0.00017838515122087537,-2.0243574218523453e-07,0.0001785875869630606,0.04242424242424243,0.4903219490212079,33.0,-0.111786366786163,0.025349753391867423,-0.9186908462439147,0.935363850240965,1.8540546964848796,1.057805808208515,1.0,0.6053406029229432,0.1274671850494284,0.0015297408415420317,5.779076126444973,1.505015560599252,0.1942715128152106,0.009312199241656827,1.0451264476151993,12.523247073237396,7.71119434750482e-14,0.623666405821922,-0.0748974853242334,0.3765664626028802,-1.2344368138195824e-15,1.9189632461418575e-23,2.1107624213040053,-0.13886199137793825,0.7261263659077111,1.6495128447933871,0.6621890183835355
5BZQ J2101-2933,blazar,1.492,153,21,3649.1599760399986,0.2304316348115434,-0.10284022364760217,-2.2406761346722934,1.0460004000000023,-0.11118319204429142,0.17124073926123376,-2.5976224333207383,0.0,0.0,0.0006864758062526154,0.004826758654421119,0.011892186138577808,0.7569190401935346,17.3235327639181,2.4638037630535417,0.12424436552878576,1.5286653154667749,56779.87705801,0.04678071529934561,0.011491824338977363,-0.00017397025142527997,1.5477202289733104e-08,0.0001739857286275697,0.032679738562091505,0.001081109787818761,31.0,-0.08121636660597778,0.008601839845970863,-0.7585724462183436,0.8884314118018879,1.6470038580202315,0.8604838249674052,3.0,0.6181516752075655,0.11721338632890743,0.0054081320124776166,1.039493040866255,0.6701949992044423,0.30047282070282344,0.023479200339034167,0.3649788007955721,52.40535243336837,2.324529931638327e-15,0.9545273442065221,0.3564516129032258,-0.4564052382054651,4.873207423395673e-17,1.810041983468284e-27,0.07384836374087597,0.5742356339503661,0.02540540117551357,0.5761580827994982,0.23120308298535236
5BZQ J2101+0341,blazar,1.012,215,21,3652.0104397899995,-0.027604347959205456,0.15623809709508735,-0.17668128627043697,1.0679998000000008,0.18459789059508516,0.006641115388153396,-1.7997587382948663,0.0,0.0,0.00022134543445877675,0.0005543168694924721,0.003924249935640453,0.4143340498126315,17.729075494630216,7.079434425573281,0.0676484929335044,1.5370113505676621,56788.95306433,0.08214186391524178,0.11079470079435812,-0.0001491425254326886,4.454947170781431e-09,0.0001491469803798594,0.018604651162790697,0.0010811082820092824,44.0,0.0003165418559922889,0.015013252296284427,-0.5843888590775383,0.7158557187798824,1.3002445778574208,0.6163247696860189,3.0,0.6392250325818188,0.07149620388051259,0.0008321203095810033,3.292286442425887,0.8008360592192123,0.14402301295848097,0.014378093529153535,0.25429140255299454,233.67640483694666,4.266955553143359e-15,-0.10146169934821335,0.3772777216191272,-1.0935959011627783,-2.0584649890153663e-16,9.526842618558957e-27,0.11651411521626828,-0.055539948093921376,0.039334039577876956,0.3606996038723728,0.17927415699422108
5BZQ J2106+2135,blazar,0.647,221,21,3651.94462301,-0.028609427386495512,-0.04829475395734215,0.5923920310633672,1.1430005999999988,0.05531233107901272,0.4132198667712569,0.7998783568536619,0.0,0.0,0.00035406353106143664,0.0028459605234726864,0.01085801008087889,0.33176362608720267,30.66684111086262,3.815235660336756,0.19503190040724527,1.7346519155171307,56798.82071902,0.1420075149430699,0.21474481347761246,-2.4462780146406234e-05,7.485549942625796e-08,2.453763564583249e-05,0.027149321266968326,0.007566704777536963,44.0,0.15314312852984932,0.009190051899685104,-0.40032656044155224,0.5612234171117803,0.9615499775533325,0.5937529234906005,2.0,0.8171422457905697,0.15520086073123357,-0.006061096431588725,1.0649600576006772,0.9632108123960738,0.3696393920638782,-0.039394094515928346,0.30269630986245527,9.999064249382004,9.810251293262749e-16,-1.7787251493811616,0.540945790080738,-0.5448484875262549,-2.5484695930176757e-17,2.905555110189565e-28,0.1822460512400868,-0.04711972690555811,0.06003423663659291,0.3884668161364113,0.23586327634269053
5BZQ J2109-1332,blazar,1.226,144,21,3651.7025400799976,0.02486839015163681,-0.061609296093108105,-0.4036467177624304,1.4689999,-0.647853472221454,1.6906787058552994e-18,-0.44990175031786417,0.0,0.0,0.0010052530783721666,0.005034517184232459,0.007885348530487342,0.03840994181404206,7.844142626662887,1.566257148474358,0.8133583457230978,1.242903941963331,56786.06058439,0.03472466717852733,0.007238229930532495,-0.00029673445208833345,-7.257737634022342e-09,0.0002967271943506994,0.027777777777777776,0.0014415940862342787,31.0,0.0500556296576496,0.009355514283350883,-0.5093204743243792,0.6954928109512147,1.204813285275594,0.6837395698359662,4.0,0.5789205960703883,0.10760242397204879,0.004047069284598405,3.168997417940376,1.0286285364818384,0.2107772100756558,0.025644816930290415,0.026278207300936877,433.4253871662407,0.0,,,-0.7999213714088247,0.0,0.0,0.05180845866002995,0.055357036477543545,0.017663200712591032,0.0392065216812835,0.017612992669040206
5BZQ J2109-4110,blazar,1.058,154,21,3649.337613830001,0.08762878652023025,0.02685922815641513,3.262520650627883,1.0950001999999994,-0.20643889983838276,0.010208137446876993,-4.246320289877482,0.0,0.0,0.0004297999416096288,0.001908012818566457,0.007094790268892389,0.17172474176416613,16.507192220210047,3.718418553657561,0.23987545191953344,1.5112557104910436,56777.90471863,0.19438297322467168,0.23074350936118224,0.0001487629766059824,5.1724384310580436e-08,0.00014871125222167182,0.032467532467532464,0.0010811098973415945,30.0,0.08179870938505862,-0.027846540445941346,-0.8994290540150349,0.6654855377477106,1.5649145917627454,0.8875071312121993,4.0,0.7868903413147087,0.1334512602558298,-0.00699658846136398,0.4021782350887993,0.776012117633403,0.32123925056503033,-0.053926363421343715,0.18532141711207975,627.5682532472299,9.602318542386984e-16,0.025933277475272642,0.01865889212827986,-0.5005404190761538,2.1629830683796767e-17,1.433682207597013e-28,0.2788565858923675,0.18034004265863385,0.09436078088630674,0.26585712118354815,0.12918227462757442
5BZQ J2110-0126,blazar,0.904,194,21,3651.868712849995,0.10244411044771232,0.09903348596477657,1.0344391035992493,1.3459997999999995,-0.02991064851267321,0.6788686396388145,-0.3999308651991781,0.0,0.0,0.0009006794871326104,0.0024678353770980015,0.0033004408284930016,0.23001235801240308,3.664389910039858,1.3373828974916073,0.15613987005334223,0.9683932555635348,56789.54633205,0.2693360834776488,0.2831726826818772,-3.819653219206281e-05,5.253039059808425e-08,3.8249062582660895e-05,0.02577319587628866,0.0012613526077891338,41.0,-0.04966895783819322,0.005254348686804593,-0.4552472414410377,0.5976210737502294,1.052868315191267,0.42403365121613845,1.0,0.8071359434329269,0.18102185600061046,-0.004041291321250664,0.9351246318606312,1.1484453073970342,0.43029336675830654,-0.0042407513785364115,0.2554593210390324,7.38905609893065,3.826049656391487e-16,0.4444796307447435,-0.22292626728110584,-0.40530555770051463,-3.3491902319378844e-18,4.7770960141303167e-29,0.3716447589342576,0.19505358629244424,0.12470169414705709,0.35249683799957326,0.18513489390733892
5BZQ J2114+2832,blazar,2.345,173,20,3448.254821989998,0.039880240306486556,0.07814472785956149,0.5103382070529147,1.5420007999999985,0.03282814154939047,0.6680890684225843,0.1888161435723476,0.0,0.0,0.0017218527453042353,0.006932759508860263,0.018148671078352507,0.9424739737903906,10.540199280865686,2.617813448243831,0.1483356848810653,1.3494575597169658,56804.80749604,0.17435590661002862,0.21150158983719924,0.00013498612316157808,-3.143939747702562e-08,0.0001350175625590551,0.04046242774566474,0.0012610001368762085,33.0,-0.07108809247267807,0.016022228565661642,-0.7529716930433085,0.5595511512993077,1.3125228443426162,0.7752322088672977,1.0,0.7684765025816116,0.21002150689413887,0.0091318529558305,1.6028208292246306,1.203350843904952,0.47211828434476866,0.006005036904271788,0.39403260525000144,8.581520153418545,9.453773673030132e-16,-1.4158788424983788,-0.04391288825419494,-0.1846607686951273,-1.0460105842986169e-17,2.0715485474069004e-28,0.31888546589331696,0.13339940382519755,0.11123728663664724,0.7206596744860546,0.2154438488747547
5BZQ J2118-0636,blazar,0.328,203,21,3651.9868823700017,-0.0024158948287735494,-0.0016821831759644711,1.4361663243887863,0.5489997999999989,-0.5936981696835664,1.0080984124315791e-20,2.4996487901232043,0.0,0.0,3.126462155318717e-05,8.050836614585422e-05,0.0003606771193660623,0.13815195017613363,11.536269748738553,4.479995460752993,0.025108419246962305,1.3820262257572242,56789.87626444,0.3312978520567582,10.896948791726514,-0.0003445766653864883,-2.7999879450777977e-07,0.0003442966665919805,0.019704433497536946,0.001080759206025311,43.0,-0.02889001452236606,0.0033386526380258233,-0.8532752018720612,0.8314140954638034,1.6846892973358645,0.8357437755104328,4.0,0.653122273329455,0.04680402721783321,-0.0006115034346223347,-0.29232053852028483,0.30732035336171515,0.11541726988227263,0.022015243568505816,0.23034095253589262,3934.395280535334,1.0284477146264329e-14,0.19980295659210795,0.04971539084483043,-1.6987134873515322,-6.501593368052008e-16,1.2428683171933872e-25,0.3817839418839089,-0.0032083083326112736,0.12158067168285892,0.26544233924396654,0.19988127955117962
5BZQ J2123-3046,blazar,1.879,142,21,3652.009034679999,-0.10503224576309662,0.20916316228873902,-0.5021546079806586,1.4420004000000013,-0.5714710959294671,1.1093454042166624e-13,3.3495496964210805,0.0,0.0,0.0015865794041971264,0.006026153936978635,0.012860354586363094,0.16104258307535338,8.105711283177312,2.1340899550065044,0.44820802117488484,1.2547346972869398,56784.08940085,0.02101715342053874,0.001216613634658096,0.0001389308429488375,4.910511051883399e-10,0.0001389303518977323,0.04225352112676056,0.0014412468446282866,32.0,-0.021880896290937965,0.0026441886334673662,-0.9115693567854976,0.963261210084484,1.8748305668699814,1.1062640267803379,2.0,0.6280093392631326,0.15071467236257946,-0.0007402247307002411,0.8415469761037142,0.8551270708102883,0.3696559411036584,-0.020119283040710312,0.0842208215742095,207.56349755603333,0.0,,,-0.290346826810178,0.0,0.0,0.03566109931593797,-0.3023878355519552,0.01237321392956014,0.1429026577734707,0.04963621318981268
5BZQ J2123+0535,blazar,1.941,185,21,3651.9902043999973,0.11677573852503703,-0.08086322786874629,-1.4441142358870755,0.7920007999999985,-0.1285700300133699,0.08113558123008435,-1.1498394894072543,0.0,0.0,0.0005490253211886418,0.002063987212968945,0.01050566635966948,3.4605306791661152,19.13512170584328,5.089986162979955,0.027111278638284143,1.5645377930221211,56794.67803956,0.868765705927807,2.3085581139401867,-0.00043783789181285214,1.0282278962963875e-08,0.0004378481740918151,0.021621621621621623,0.0009008642847381704,37.0,-0.11208459590853474,-0.004614172796451989,-0.9502297796971855,0.6853775873175466,1.6356073670147322,0.6889379758992783,2.0,0.6491329805977761,0.05907402084616001,0.00023071903305216146,1.5233551388483415,0.5329840836215681,0.12933265390296333,0.004962766804010532,0.7089923075550157,169.29137330385586,4.6456474699665434e-14,-0.6466683321262279,0.5190401698673899,-1.0440855182608408,-2.3208070402143963e-15,2.6362321402977602e-24,1.4898761955722173,0.3434374470021339,0.5174424448411601,1.2158752983256131,0.41342240677511505
5BZQ J2124-6028,blazar,1.098,214,21,3652.373362639999,-0.04405382759579083,-0.02461408857610355,1.7897809809037675,0.506000499999999,-0.6502893329487173,4.139397410532598e-27,-0.7499739964353179,0.0,0.0,0.0002965244488368478,0.0014256427921811629,0.001606349360865931,0.020170278727213563,5.417257705898345,1.1267544496763748,0.5396996205124911,1.1093906810483385,56772.37976522,0.06500221858277652,0.11555795576156934,2.1450808122346916e-05,9.790429548656823e-09,2.144101769279826e-05,0.02336448598130841,0.009370192498284054,45.0,-0.08392784704886685,-0.003985594611940787,-0.7494665470952881,0.8325722578047099,1.582038804899998,0.9673815584904115,1.0,0.5423064603331152,0.04745195670548349,0.005364740647711937,0.3487320489102387,0.2549625209665005,0.12174921298632335,0.02754398510611855,0.04340199848656198,879.7684314774269,0.0,,,-1.2863540701860876,0.0,0.0,0.09415229740475298,-0.09242493029596915,0.03192138137727286,0.0628655138018656,0.029964496569049384
5BZQ J2129-1538,blazar,3.268,168,21,3651.9970694500007,-0.0739424842467863,0.0321664070724909,-2.2987486317681656,0.7860002000000019,-0.6179137900817628,4.559353038019033e-19,-4.449387257783027,0.0,0.0,0.0001809136404897579,0.0013516332477723008,0.0016032891802787706,0.014017010604900668,8.862179585111816,1.1861865500386668,0.6347456560869703,1.2869153907755724,56789.68054611,0.07824849609288793,0.42419696427366205,0.00012089115580582983,1.2293247835782103e-09,0.00012088992648104625,0.023809523809523808,0.0016214892539378348,35.0,0.023291021782713445,0.018633118577813076,-0.8320269786295591,0.7680790093351683,1.6001059879647275,1.1448916621948997,2.0,0.9589817165554345,0.09663572380885914,0.0015640854284063842,1.0103383429355146,0.7332752495987294,0.21899789132853742,0.017128459817661867,0.02047678252340395,7.38905609893065,0.0,,,-1.3587574228404375,0.0,0.0,0.16165465114536248,-0.31558652276528393,0.05646769592397233,0.042303268442001205,0.009911731125117434
5BZQ J2131-1207,blazar,0.499,179,21,3652.084933459999,-0.019524885926746106,-0.019838935766280968,0.9841700258907722,0.36100010000000005,-0.7308682501154977,3.545452972260741e-31,-5.949323847799313,0.0,0.0,3.7544650528173774e-05,0.0001413664866041284,0.0003635741363404166,0.0028242637362337467,9.68377975402403,2.571855200636667,0.5710033494507483,1.3188925678266805,56791.19357466,0.02671744526629466,1.194384040112418,-0.0006388520468089059,1.0502192828990358e-07,0.0006389570687371958,0.0335195530726257,0.001441244955508811,37.0,0.03529059193884257,0.009899118074164928,-0.8460460636706827,0.876330382505434,1.7223764461761166,0.9967154726432915,1.0,0.6934522506585729,0.0222300086021216,0.001847797545149062,-1.2939008703873898,0.21842790865184958,0.04578805656988749,0.009803679995760262,0.021601271030054096,583.5332687907826,0.0,,,-1.9509258836384944,0.0,0.0,0.03271114489672624,-0.029267804004192415,0.010627298176837371,0.026447225757358136,0.01764324600224025
5BZQ J2132-4537,blazar,1.332,139,21,3652.2304769299953,-0.0694151788734021,0.023532408571285128,-2.9497694068640445,1.9850006999999987,-0.4162652677425994,3.4575495873322186e-07,1.9998524172101273,0.0,1.0,0.00018407951775831856,0.0024441283423939746,0.002065546748170019,0.030118600526065707,11.220948219024377,0.8451056810305436,0.5071092019147189,1.3720306726755087,56780.60403152,0.1482537357755012,0.1077718478328998,-9.563012867754196e-05,1.0022565004897497e-08,9.564015124254686e-05,0.02877697841726619,0.001981977686511632,29.0,-0.05119254089256114,-0.008274282655878472,-0.921840973825412,0.8701838763642933,1.7920248501897054,0.9147207382122012,2.0,0.6504691036789702,0.15759935130230163,-0.0019089601162652428,2.7368363306958194,1.469762482402179,0.27609147071644113,-0.012125709879941104,0.07381010883765944,7.38905609893065,0.0,,,-0.7602279146953751,0.0,0.0,0.2263966096028967,-0.16187619713277368,0.07749296788143288,0.11271458562481819,0.04833387033654297
5BZQ J2138-2439,blazar,0.819,164,21,3651.4973954699963,0.0893554483215028,0.07969911206195689,1.1211598976415098,1.3930005999999988,-0.41836019018550763,2.4828735600570816e-08,2.1494098289556445,0.0,0.0,0.0001458198836342819,0.000912157440201704,0.0022037093660063076,0.04674771295546648,15.112543611821106,2.415930919889305,0.290679718150139,1.4794186495889656,56788.95841255,0.1427530498437087,0.3429918296428262,-2.7692221477609407e-05,-3.408434177615047e-09,2.768881304343179e-05,0.036585365853658534,0.0010811083093601101,36.0,-0.01673397342393402,0.001468348532121253,-0.5783023812614918,0.780965996762046,1.359268378023538,0.6022173068837432,2.0,0.7327296482872737,0.130975854195615,0.006813485937293666,3.34692126953698,1.2892651373483672,0.24520493654747455,0.05093001003167141,0.04652225792251977,306.46820470168416,0.0,,,-1.0297718459679093,0.0,0.0,0.19253147810936946,0.1625375604968136,0.0642524448003067,0.06274471258312525,0.03449406958940366
5BZQ J2141-3729,blazar,0.423,155,21,3652.1073393100014,0.07333277993595012,-0.04894036426355999,-1.4984109954929827,2.605998999999999,-0.05369665673695683,0.5069555918480553,0.7999139962896649,0.0,0.0,0.0003558100876236564,0.002295684804917104,0.0077557698232893655,0.3985804594334422,21.79749836012299,3.378412316577149,0.13553564204823618,1.6115226663429743,56785.077926,0.15520883207509978,0.5231964200523688,-4.0912185065246545e-05,-1.3840667564923235e-07,4.077377838959731e-05,0.025806451612903226,0.0009008665023863056,32.0,-0.12484166712347237,0.01268310139436547,-0.80972335721427,0.6068836038878574,1.4166069611021275,0.7950059843029699,2.0,0.6809426332676495,0.08072071638165408,0.005021361266166897,-2.2498574462541407,0.8151437447422117,0.15351660474246065,0.0252066376779827,0.31903747887645034,13.174190258360925,1.4124640442963189e-15,-0.2538416581133477,0.033317238049251574,-0.9332707852495202,6.554064036707882e-17,1.2223467254488172e-27,0.18514793855592293,0.10435254584885703,0.059655044512359486,0.3805784164877436,0.2674479385015767
5BZQ J2142-0437,blazar,0.344,159,21,3651.9579897400035,0.0002992851383587121,-0.03019860737013235,-0.009910560930525468,0.39800080000000015,-0.030705688910475003,0.7008156455900543,2.499629014195759,0.0,0.0,9.420576088287419e-05,0.000258602700159572,0.0013806820169675513,0.04929766866883523,14.656025166317855,5.339008489766683,0.1694545645616891,1.4683554954446347,56976.98560436,0.14273123520821465,1.571843880163625,-5.7038123580904867e-05,-2.3025166188241497e-07,5.680787191902245e-05,0.025157232704402517,0.4967832234086305,31.0,0.08286854126167348,0.020157971057198975,-0.650377503415311,0.8033539175584852,1.4537314209737962,1.2383002097237887,3.0,0.7307148019421824,0.04461447084119744,0.0024165755326230973,0.10595523024493697,0.2632176161646891,0.10331475707969617,0.008155852145888542,0.13812313938171986,824.8971477961101,1.4503892858778862e-15,-0.08367775215854673,0.10569829559908422,-1.487096725961884,8.619718882328275e-17,1.8572565771732587e-27,0.16546976822809736,0.00040223922595410903,0.05280450627117782,0.16012755601175502,0.11914252679446058
5BZQ J2143+1743,blazar,0.213,255,21,3649.2420269399954,0.08381874584666044,-0.003870722969562613,-10.0,0.7460003000000004,-0.18820103337163763,0.0025480616412513813,4.745763074049275,0.0,0.0,3.105245729000792e-05,0.0001228130188416046,0.0005516377752995882,0.05249188786315239,17.764705458990814,4.491688063782252,0.07891358399428999,1.537735466577058,56806.78377725,0.1787715249379997,14.290523743623076,0.0006428767018938527,-2.3153867653455295e-07,0.0006431082405703873,0.0196078431372549,0.0016211364544763292,53.0,-0.06968564192812583,0.011666849321861105,-0.6104323784260871,0.2893412232029463,0.8997736016290334,0.603132411441173,0.0,0.6749022345858536,0.029377470944886568,0.002474806454170854,-0.34498407170754364,0.4426401751543971,0.052697303917137006,0.011873370916656079,0.09802888985729045,150.04435902089563,1.0281408527026615e-15,0.00048486471158920504,0.3448965254284052,-1.9906240440347176,2.4204431004196918e-17,2.4894654198084177e-27,0.1968923058681115,0.10167213871199912,0.06167285344304319,0.1079653718475967,0.08900690177048368
5BZQ J2145-3142,blazar,0.66,144,21,3651.6523701100014,0.005417184893489046,0.01892482829743649,0.28624750557038575,1.4990005999999987,-0.4932490560743766,3.3638897208161007e-10,-0.49988396579192357,0.0,0.0,0.0015491019334482343,0.007025672204405859,0.01953849060028529,0.1346430246799402,12.612785618426454,2.7810136922203004,0.5913186539882886,1.4142037586772087,56787.97269007,0.07389896713897633,0.021093971685156625,-6.413433462503054e-05,-8.422328183753423e-09,6.412591229684679e-05,0.034722222222222224,0.0012613509377153256,32.0,-0.08782668662049958,-0.01883543061521485,-0.8102123247795414,0.5578046031422232,1.3680169279217647,0.7213987066464391,2.0,0.7095055567128211,0.16281237950986813,0.001582250644268473,1.1917907218551982,1.1239959865898541,0.37447369075612413,-0.006822994249267245,0.09828613369214062,267.895548196007,2.0934566115783667e-16,0.0,0.0,-0.28607389459642996,6.4718730694936494e-18,3.5301484368505546e-30,0.09521215884215868,0.008992526923191817,0.0313983141033537,0.12663282499576445,0.07628483433479785
5BZQ J2145+1115,blazar,0.548,273,21,3649.2948735000027,-0.013597924519358812,0.003535192206336384,-3.84644560343459,0.4139994999999974,-0.5669879021061868,1.2744832599250046e-24,1.59859597470226,0.0,1.0,4.764631191651036e-05,0.00012317839382965134,0.000280354058377233,0.0139409972431002,5.8840661788141215,2.2760002577152156,0.16722235524530546,1.1392033694995165,56804.61356082,0.01454855322421715,0.02653134459267524,0.0001226947103420986,-9.95002766635647e-09,0.00012270466036976496,0.018315018315018316,0.0010811062833669734,61.0,0.05382739735366081,-0.024756095992218105,-0.4857835398154798,0.7166933534419686,1.2024768932574483,,1.0,0.7160872815746412,0.04482278772909163,-0.0009912025149525364,0.2004959119296993,0.271662590712055,0.10378429973003189,-0.0060622075125025265,0.02728995722202179,392.40904482850857,0.0,,,-1.7522250084826174,0.0,0.0,0.018101113242584753,-0.021049587155967442,0.005909613934812039,0.03395379584815663,0.021933976646096014
5BZQ J2146-1525,blazar,0.698,113,21,3652.159052740004,-0.1404778048010854,-0.061996328794528724,2.2659052162050406,0.5819999000000013,0.1785391910644467,0.05848736452616101,1.7998319767096524,0.0,0.0,0.0004864360994440986,0.002883898431593243,0.021451313315171586,0.41169219694739,44.09893364326231,7.438304023724669,0.24402305926600396,1.865667966334139,56793.49749074,0.38325460458320526,7.403281073551739,0.000879598109659677,-4.065271938080137e-08,0.0008796387623790579,0.035398230088495575,0.0019816232443669868,22.0,-0.17788152570040905,0.026093271516785334,-0.919500716994421,0.4873645466228577,1.4068652636172787,0.7879703907498877,0.0,0.676280598115799,0.053259996558930336,-0.005340114982202479,1.2961705100368315,0.393108416569234,0.12091075487572434,-0.0405919325149936,0.22373140916501483,7.38905609893065,6.252518833491442e-16,2.4351651185328174,0.5714285714285715,-0.9772384421183204,4.218888802784412e-17,4.076777819713197e-28,0.49940883863255847,-0.238531312552243,0.16519881031848033,0.29153842349327413,0.1716951846250142
5BZQ J2146-7755,blazar,0.334,343,20,3470.385799790005,0.03250826506157786,0.043424237332130154,0.7486202880879287,2.3909998000000012,-0.5254207267480825,9.773648139275812e-26,1.9002796987214265,0.0,0.0,0.0003271878659515089,0.0009510326852204224,0.0033287056184603332,0.1086088327730354,10.173682934745457,3.5000959133057954,0.20058739601380496,1.3366925333499022,56940.74419608,0.05678874256486528,0.05869146298341726,-0.00014846477740502377,-6.008782509223338e-08,0.00014840468957993152,0.014577259475218658,0.0012603055167706425,73.0,0.013468903256433976,0.023461998149204556,-0.47655274994269947,0.5853312015453894,1.061883951488089,0.6015782150850557,1.0,0.7071779633229719,0.22879233193563298,0.008518416752819133,13.323944216388291,3.9413314972327984,0.16562578888368795,0.04355041312648611,0.20571224664252566,7.38905609893065,1.25607396694702e-16,-14.035847859165035,-0.005050505050505048,-0.8907240410774879,3.98517669489437e-18,9.480418256231461e-30,0.06559038306275894,0.04336602559214487,0.020903984505630004,0.23759541853867097,0.17810751014892873
5BZQ J2147-3601,blazar,2.084,158,21,3651.4832644999988,-0.036001982299801324,0.00321492919039523,-10.0,0.7150000999999993,-0.48381219464147784,1.196713501589912e-10,-4.548733430109512,0.0,0.0,0.0002336113700561618,0.0007647036232207531,0.0018243818900771957,0.03219613156287654,7.809473836094227,2.3857372088909266,0.34812362134389635,1.2413063376855082,56786.92049711,0.08371527648656427,0.17863487978562606,0.00010241767873983934,1.4187589739950894e-08,0.00010240349115009938,0.03164556962025317,0.0009008654346283204,36.0,0.035368768524635656,0.009534223545517695,-0.5713978956701453,0.4837162086090631,1.0551141042792085,0.7009703262631072,0.0,0.6835296872584283,0.0758461203085322,-0.0031933104338485075,1.307601150098636,0.4951395680406925,0.14859119885300598,-0.0338286014730762,0.053843225156075786,1345.8575412485748,0.0,,,-1.0791489899112676,0.0,0.0,0.14701508542701439,-0.11103011341258728,0.05115721112982096,0.09455581678998431,0.030660122175740694
5BZQ J2147-7536,blazar,1.138,357,20,3470.0678374100025,0.0494677419555355,0.05581285338800021,0.886314512745752,0.47299959999999963,-0.5445433943396173,5.943077870947718e-29,5.937829975034227,0.0,0.0,4.312611839192975e-05,0.00023124280882775907,0.0003517140659370953,0.11515259038374004,8.155476794485525,1.5209729815991644,0.038357933110378634,1.2569423069836114,56943.30916404,0.5852026640551865,27.612583072173507,3.6570145153346886e-05,-3.172522769710375e-07,3.6887397430317925e-05,0.011204481792717087,0.001080062587277436,77.0,0.006794009668479796,-0.0009914775032702809,-0.49837470412781565,0.5270218138489624,1.025396517976778,0.5565419633434631,1.0,0.5612783881752652,0.033252898214109816,-0.004121611162090469,-0.041448127825841806,0.2475664344612008,0.08295614383048178,-0.024277244183245394,0.2685447550810787,940.4107961309854,1.0097928530588241e-14,-0.4413489950691073,0.24246212119720098,-1.569161143762516,1.0510236776604279e-15,1.1121530221211392e-25,0.8556775641799664,0.1057620323009349,0.29064262316047584,0.3926634925219913,0.18365925749391548
5BZQ J2147-7812,blazar,0.732,371,20,3470.523324630005,0.005598720477733167,-0.04086482540645545,-0.13700585826677072,0.4530000999999988,-0.5823378509070992,4.6094094078628797e-35,0.4750887508049288,0.0,0.0,0.0001456235825140154,0.000515634790373248,0.0008574387865745203,0.014554771750609263,5.88804894017731,1.6628800091067821,0.39918252395424664,1.1394474161233827,56940.41540958,0.07474537192505555,0.34611036290139435,-2.579200774502407e-05,-5.5589360515943165e-08,2.573641838450813e-05,0.013477088948787063,0.0014405480082123555,82.0,0.02290462048102751,0.016828863395350096,-0.41574785625725075,0.5884240030567682,1.004171859314019,0.4722718942465915,1.0,0.6379647917119711,0.041633279608904096,-0.002670320925284665,0.4417952204950413,0.276850861472803,0.10136986820411542,-0.013898390094818636,0.04713523857826449,1360.2875308093228,0.0,,,-1.4858247869851176,0.0,0.0,0.098368998780816,0.009696983867433845,0.03262491188659144,0.06203255274303492,0.03581556162992778
5BZQ J2151-2742,blazar,1.485,164,21,3652.1050521299985,0.054977552746718256,0.07843708582207427,0.7009127400707958,1.0859994000000004,-0.15257583900887708,0.05112680712020419,-5.1494431262065685,0.0,0.0,0.000291845516482609,0.0021760861089830646,0.02301799953553969,1.571340404848435,78.87049194412015,10.577706199190265,0.08750892068919194,2.075353434068031,56790.60425502,0.2745669067085452,0.3100076674143522,-0.00010848008619208131,3.915059268879751e-07,0.00010887159211896929,0.024390243902439025,0.0019816246406536317,33.0,0.0012923799409955805,-0.007282428600789116,-0.6693116026849066,0.9055820325296233,1.57489363521453,0.2574647878105041,2.0,0.6617903426036215,0.10295514772859193,0.0032123983003235768,1.7758922130828236,0.7416302141023305,0.19812770605185104,0.04157316412613343,0.58921861985794,207.44710785267185,2.8249577491272545e-14,2.634413642474617,0.2867764626107265,-0.9219680267747206,6.645085496245568e-16,8.541448877030348e-25,0.43282405299943183,0.1366192185755949,0.14887094078167748,0.9288373249597744,0.37377759555725326
5BZQ J2151-3027,blazar,2.345,142,21,3652.125298620005,-0.06502302592530484,-0.09934745217728677,0.6545011925345648,0.9610003999999996,0.18817883706106858,0.024918456644379323,1.0998871535885026,0.0,0.0,0.0010032259492481982,0.003645724713130208,0.010528914227641661,0.566022806430693,10.495057693669912,2.8880168013874945,0.14122651131672795,1.3479095481230625,56789.61764072,0.40912846164014416,2.3931203419767413,-0.00018703299874413444,3.178754885558112e-09,0.00018703617749902,0.028169014084507043,0.001441244955508811,27.0,0.021900640284082,-0.014556827509707401,-0.5720103232509908,0.7585428960763569,1.3305532193273477,0.6451245736881324,1.0,0.7005899257105055,0.09799893724425401,-0.001318163201410524,1.0244085174757418,0.6947217471547601,0.22915805341058537,-0.012271662811580986,0.3120770608053031,16.433165109278256,1.4832133902574093e-15,0.5399492638806023,0.20807713126314395,-0.678923223302828,1.5721877867047763e-17,8.954779593782354e-28,0.7482690012454635,-0.2175020217201447,0.2610197775545711,0.570768383270774,0.17063329843670372
5BZQ J2151+0709,blazar,1.364,232,21,3649.2980566100014,-0.0612723383037285,-0.028171122097583327,2.175005244430245,1.0019998,-0.5584853887218126,1.99092224327394e-20,-3.996493422707736,0.0,0.0,0.0002773627152284906,0.001031723441450307,0.003911823300845838,0.016934304491367597,14.103637843030384,3.7915425199173476,0.7092359259071042,1.4544988573987365,56804.54861868,0.1000676864610375,0.08936629372168714,0.00012328453632401117,4.253399093211286e-09,0.00012328028292491795,0.017241379310344827,0.0012613488569408514,52.0,-0.000415316987402517,0.011363552159919398,-0.4234213287915232,0.7141888209749203,1.1376101497664435,0.4910550541725634,2.0,0.5964027732801327,0.07805016311517729,0.0007328333735898472,0.3778792485748189,0.5367521223008355,0.19140012066426337,-0.0029917279706467292,0.049432568012615564,52.49945104415857,0.0,,,-0.9308965205088638,0.0,0.0,0.15385711874769686,-0.14484780775001418,0.05272125972983242,0.07600408039494251,0.032150626224594976
5BZQ J2154-1501,blazar,1.208,110,21,3652.110539039997,-0.04616750397969555,-0.06306903444018859,0.732015392172817,0.32799909999999954,-0.5728849086214729,6.158478411744811e-11,3.399637462761394,0.0,0.0,0.0001378557854972401,0.0005411922721960962,0.0024974744804152644,0.003377040383721826,18.11657344151647,4.614763743144438,0.9964747654260991,1.5448095515312017,56795.14269506,0.0007105515923080777,7.940085085323172e-05,-0.00011022334722357233,-4.3074716938582276e-08,0.00011018027250663375,0.05454545454545454,0.0014412436960958273,21.0,0.24507762617484022,-0.00846602737257445,-0.404092422031713,0.9496379598641809,1.353730381895894,0.6991062057609034,6.0,0.5300723531274402,0.026897255569105744,-0.001033916649078813,0.8164356936249818,0.16516768694628742,0.0664358694096992,-0.007361969458576478,0.02632453219687957,1055.8769495752192,0.0,,,-1.7879446071874916,0.0,0.0,0.0010558328050652957,-0.10193784878716779,0.0003597056303034561,0.03911651873325494,0.0177158146436843
5BZQ J2156-2012,blazar,1.309,108,20,3651.4975332500035,-0.02425368821437896,0.07729378144839226,-0.3137857633550085,0.5619993000000001,-0.6593054862853533,8.620674457804036e-15,0.4498764928028752,0.0,0.0,0.00018393070729786455,0.0013017353906597873,0.005554532187820111,0.005607950221016501,30.19904745228777,4.267020950193083,1.0175366261495324,1.729107784870274,56793.89338384,0.01104476579705154,0.0033588697727756273,0.000662580948715532,-2.380138857929098e-09,0.0006625833288543899,0.037037037037037035,0.0009008646680282468,23.0,-0.1359514815501546,-0.029177766899807635,-0.9116273607232299,0.5561531313939818,1.4677804921172117,0.5867797916090677,1.0,0.5201923154674306,0.03778485762279404,-0.000877020262723605,0.49330680528018545,0.2712535746080193,0.081820526473117,-0.0013365020925786286,0.006737946999085467,8103.083927575384,0.0,,,-1.4303075665577059,0.0,0.0,0.01678295683544948,-0.056001766087001026,0.005739929078765403,0.010238575966489555,0.004434203536807949
5BZQ J2158-1501,blazar,0.672,119,21,3651.694655270003,-0.014029611418888546,0.08006896964505936,-0.1752190827617855,0.584999100000001,-0.02886610765931389,0.7553192804367191,4.349040862539223,0.0,0.0,0.0003605897131271455,0.002785200713082971,0.05091219503976144,0.6523156404209979,141.19147897216385,18.279542577427605,0.28878133012325413,2.285377303286556,56977.11510715,0.18233373132041708,0.4328933504594864,-3.2540867229227134e-06,-1.0702273534088068e-06,2.1838593695139066e-06,0.03361344537815126,0.4964115827515355,23.0,-0.0690827381071796,0.004579140489886068,-0.8669630729435543,0.7451080350143124,1.612071107957867,1.1504280958093474,3.0,0.6858659895304531,0.04763904449556628,-0.0007623721826057082,0.9759795943320568,0.38247063886955046,0.0954435154491361,-0.0031762185090997708,0.5046482326854651,370.68090938561755,2.4456674392110078e-14,-0.31903466537421354,0.2366932745649537,-1.037483142509076,1.4530592270966993e-15,8.307509496025594e-25,0.2357681610674392,-0.02345751029238165,0.07782668328556847,0.6525396312824884,0.3902748990923973
5BZQ J2200-1945,blazar,1.198,127,21,3651.5329344899947,-0.004144269023810797,0.04982257931284383,-0.08318053944554492,1.0809993000000002,-0.4940122837943631,3.5870746449405398e-09,5.348583490628739,0.0,0.0,0.0012887743467674768,0.0032592860859279827,0.015577626944812262,0.09707231371585558,12.087164034415439,4.779459835480366,0.5735071002006044,1.398850971297331,56794.94621293,0.08006942066696454,0.05453704132304007,-0.000409244844354038,-5.1708351496398416e-08,0.0004091931360025416,0.031496062992125984,0.0007206219027993702,27.0,-0.2834925021151414,0.012976100683691177,-0.9730302067725374,0.4639164847827431,1.4369466915552804,0.8276326493742909,0.0,0.5619646929642286,0.08009464157426696,-0.0033634668046154696,0.5966655751664668,0.5605570157483333,0.17106057429093863,-0.030438454294684503,0.11734646617770027,2834.9387425442787,1.5762618044876463e-16,11.135885079684337,-0.008,-0.9093414655751422,-6.796322116991655e-18,5.6234234096806644e-30,0.11870814821579619,-0.009109103314336132,0.04042532575220556,0.17397380402640608,0.07915095724586264
5BZQ J2203+1725,blazar,1.076,61,9,3284.484097579996,0.004400827303120718,0.02265113391519875,0.19428728467177506,0.4410000000000007,-0.24869999248681265,0.053271901854900446,6.969131213208753,0.0,0.0,0.005407257460651087,0.01062079814723446,0.1188602063681714,0.31058487097447623,21.981606611326004,11.19126874545959,0.7466100755747336,1.6145562325064655,56991.71392396,0.4463413462156004,2.329270086786735,4.141344832784605e-06,-4.396603243907868e-07,4.581005157175392e-06,0.06557377049180328,0.493699401423682,13.0,0.14658997786997613,-0.01611974106436314,-0.201957927644668,0.30295702185857204,0.50491494950324,0.50491494950324,0.0,0.6413604400218015,0.04774905145214802,0.0015442091106155288,0.8861063097250053,0.27341484592458365,0.10857689558471806,0.003916375502214131,0.5208603097421416,51.9640207004668,1.894583447678005e-14,1.752237663882916,0.6728324359568365,-1.0539327844472095,-1.8324300937669233e-15,5.117807754269338e-25,0.6431033821098028,0.009136117481278612,0.21780847597110523,0.7504727707661851,0.36149940788351886
5BZQ J2203+3145,blazar,0.295,252,20,3447.892454189998,-0.015263273471762056,-0.0057257400650710995,2.665729372674993,0.284999860000001,-0.7170488937760848,4.540782066337627e-41,3.4927315757708395,0.0,0.0,2.390759414408837e-05,6.210128067921821e-05,0.00024944416846991383,0.02757883390035365,10.433678793979155,4.016731405937934,0.07373988913986741,1.3457940064361074,56818.0991305,0.07417693202189538,4.759230464180781,0.0003549585945233465,-1.4465456483472167e-07,0.00035510324908818124,0.015873015873015872,0.0012610004380540405,50.0,-0.011099197037586583,0.01010671348868512,-0.552557410644839,0.7458012481317189,1.2983586587765579,0.571539225474322,1.0,0.7114977750148479,0.02397081594158073,-0.0012707019942150457,0.8880938860555531,0.19421962843410345,0.055655009780574916,-0.009871605919302251,0.058784580387317625,739.3982823002444,1.020439314654103e-15,0.3073578011206378,-0.13872030518467146,-2.0684768856750986,-4.3305718791857997e-17,3.280609810405144e-27,0.08441191462829314,-0.01976593914593186,0.026761753061406855,0.06689571603810177,0.05165692358154576
5BZQ J2203+7151,blazar,1.535,487,21,3635.4621524100003,-0.0030483133162462804,-0.010049763741727323,0.30332188841310465,3.2589989,-0.5807700463963066,2.9070296717252246e-45,4.628309105737578,0.0,0.0,0.00010657302106606107,0.00021690669869626304,0.0009639445345212139,0.016209678832605098,9.044920711019124,4.444051455630631,0.3159957430519233,1.29427696438538,56684.904067,0.02628471319591738,0.032523653241113115,0.00017265230980459967,-1.873627616920021e-08,0.00017267104608076887,0.008213552361396304,0.0009015640520185046,106.0,0.02536058102740506,-0.002470526482934578,-0.5267504365979994,0.3558298878544849,0.8825803244524842,0.5924672446059103,0.0,0.7224480618479235,0.09090637278038037,-0.003132475508775601,5.028732913364686,1.8534663584601903,0.14149758114767041,-0.011052132473894916,0.02102118545365397,881.8425350324803,0.0,,,-1.3274608400555308,0.0,0.0,0.04184968798750823,-0.007727474256684321,0.014414258575299769,0.03346926579741443,0.013202866192273933
5BZQ J2206-2119,blazar,0.577,157,21,3652.0969150300007,0.04910768736497439,-0.02110260791260047,-2.327090924892366,0.6389999999999993,-0.5145845368072157,5.417488343391761e-12,-3.54960822679165,0.0,0.0,0.00012788522727500687,0.0013617218043675745,0.001841210773355862,0.11938048783385243,14.397368626472534,1.3521196224502385,0.1468857518475566,1.4619333133548462,56795.99942348,0.10643118924379688,0.5613351194130699,-4.985752711400837e-05,-7.567477187196464e-09,4.984995963682117e-05,0.044585987261146494,0.002342108227250413,33.0,-0.0647252995308971,0.011868518748808874,-0.8226782842254963,0.5118126849547631,1.3344909691802593,0.8122446378291437,1.0,0.6721903172647073,0.06435170499561815,0.00044911391899013053,0.6898554313640984,0.40733632956142973,0.1461657020016034,-0.018912014515535924,0.10830245331502916,1332.4602301835698,5.845273639480064e-16,0.6138838443516939,0.049866768176627316,-1.3299978524220997,-4.3430702057144534e-18,1.5606264462738834e-28,0.13365486192110532,0.0774428229745646,0.043755396481644865,0.13600477027819013,0.08624272053150928
5BZQ J2207-5346,blazar,1.215,174,21,3652.3054778299993,-0.06867278239189151,-0.08960185026044827,0.7664214767025275,1.091000600000001,-0.3226865140625308,1.4081450034617861e-05,-5.499707085028062,0.0,0.0,0.0005004199188725012,0.0029690009056430895,0.01723307797650601,0.7889534752081645,34.43723419502708,5.804335706987253,0.1323129040291398,1.7764743433016759,56782.58019059,0.5045077773418881,1.5813047174836403,-0.00019833368651724166,1.4120680488499268e-07,0.00019847489332212664,0.022988505747126436,0.0016214898015121616,36.0,0.060946300691451176,-0.007201330490277694,-0.6051078706064037,0.9627926948963996,1.5679005655028033,0.7247891312771375,1.0,0.6419516946728239,0.0782637012438694,-1.6707953670257535e-05,1.376931436746823,0.6788086623056295,0.15322835857380512,-0.007248722474722968,0.4075028109677092,55.696754208229976,1.122013010767707e-14,1.6369227344363964,0.6832908760660623,-0.8525588144818959,-1.6056096029782122e-15,1.198737434156221e-25,0.750852672458167,-0.15211021299803967,0.2558767475476508,0.6064813832234958,0.27380649355462566
5BZQ J2207-5707,blazar,2.725,174,20,3649.272288070002,-0.12588358355617446,-0.012051439982326839,10.0,2.4390001000000012,-0.5231476022650696,1.3042527045542458e-13,-0.999116300635182,0.0,0.0,0.00023813222223917317,0.0013365255825799414,0.003280688923927829,0.01977001560351271,13.776753432620495,2.4546398245070344,0.6478495055682947,1.4460410111090698,56781.13286645,0.041419060194811425,0.02501095540193746,0.00015719716990842864,-6.8812777445959105e-09,0.00015720405118617323,0.022988505747126436,0.0027026011225310697,37.0,-0.004215657541806208,-0.004313373336676335,-0.5487336714946529,0.4639975614300623,1.0127312329247151,0.5624203467679094,0.0,0.6500538308799256,0.08272805146817223,0.00043476762432310154,-0.7911305887724295,0.8741200608963293,0.1582651310233718,-0.007809508167314849,0.018339250960239944,931.6689071393836,0.0,,,-1.1235241091610277,0.0,0.0,0.07993985920143193,-0.46891634874674987,0.02793308928172867,0.0353952294602029,0.00950207502287326
5BZQ J2211-3707,blazar,0.32,160,21,3652.088370999998,-0.05364307361462818,0.00775364671626993,-6.918431491347908,0.5100002000000003,-0.5353904504566699,3.006009450543013e-13,-6.499267463791919,0.0,0.0,7.85382620743196e-05,0.0003753878724742702,0.0007423833519345571,0.10289320057077848,9.452505350570979,1.977643404044168,0.07239281487120923,1.3101741906976474,56791.06687355,0.08285300499755734,0.6463399545025873,4.289018559000349e-05,-1.1810949302354732e-07,4.300829508302704e-05,0.03125,0.0014415936481827854,34.0,0.1167465872239191,-0.016505102238579886,-0.9015155581312061,0.9157389473926201,1.817254505523826,1.0379213482587568,6.0,0.6845017054462945,0.04769702344173593,-0.0050880063676360535,0.45449349195004507,0.3304896315516951,0.10832116296103034,-0.031237986725732192,0.1122282595481637,1797.9883766519179,1.0223701381680905e-15,0.39367081613427213,-0.018988844054118218,-1.528256404587046,5.247246173049633e-17,9.239382977081543e-28,0.09519085553247929,-0.0708088571713092,0.030281777838712876,0.1289404535372712,0.09768216177066001
5BZQ J2211+1841,blazar,0.07,279,21,3652.2517992799985,0.0277368499673142,0.13461294685786332,0.20604890253685113,0.5400009999999984,0.49602950501067183,9.828203310646855e-19,0.4999660231731688,0.0,0.0,1.7807556463306797e-05,0.00027610656029360765,0.00019352470547755546,0.09567300548487041,10.867560353311848,0.7009058552279898,0.03594786557524819,1.360489052507305,56813.75882585,0.3852945519687587,16.88884408473268,0.0002618442321602055,-1.2592901117834438e-06,0.00026310352227198894,0.014336917562724014,0.001261000027393216,58.0,-0.07358446902015345,-0.0006029231514649016,-0.6533479132820988,0.5474816127147264,1.2008295259968254,0.5637312126072896,1.0,0.9262179444964144,0.07331340416668827,0.01876126170207557,0.43068539446840765,0.45213059657257726,0.18314372698012094,0.1071348258433864,0.22457070835969237,654.310239361854,1.3176808613588674e-14,-0.6620594080322226,0.4810726093220941,-1.692812858723276,1.220332353106864e-15,4.548642861236297e-25,0.39855178358800875,0.029678429465026194,0.12174165268823707,0.2322977470120969,0.21710069814214666
5BZQ J2215-2944,blazar,2.702,123,21,3652.0002643199987,-0.029120443006305494,-0.0352616231889541,0.8258395494234546,0.5120009999999979,-0.4378521526793662,4.0943944220708365e-07,-3.4995211293963027,0.0,0.0,0.0002098160130804203,0.0013060231063895297,0.002310841318238137,0.007709306880321142,11.013655599006926,1.769372459923034,0.9109385782409151,1.3653053740557117,56975.53445969,0.041553110994828044,0.07969475624071885,-1.3239299000023937e-06,7.911301438688543e-09,1.3318412014410822e-06,0.04065040650406504,0.4971206904038403,27.0,-0.14136602485126398,-0.025286786155646123,-0.8500931990798288,0.8499313147353407,1.7000245138151695,0.6938098620238385,2.0,0.9522523574018961,0.08447767778314581,0.004881432609908184,0.06250145457407835,0.44925170638915557,0.2138712303661705,0.028799095620433257,0.01992591326778382,7.38905609893065,0.0,,,-1.3511924249022218,0.0,0.0,0.07995060440957369,-0.10780388000934293,0.02793543452774835,0.038338617038092423,0.010356190447890982
5BZQ J2216-5424,blazar,1.899,177,21,3652.147323389996,0.034620828926543515,-0.011049508242172323,-3.1332461289460145,1.2730006000000014,-0.7964452519418959,4.4470647298571705e-40,-1.4998551636098545,0.0,0.0,0.0002992062813354231,0.0013918391905694237,0.002381325543250251,0.020647595393706072,7.9588086341739395,1.7109200241481148,0.5911853784574145,1.2481381220960164,56783.83090468,0.06451565225920272,0.16410157353477556,-2.189704243882343e-05,-3.725629128854156e-08,2.1859786147534886e-05,0.02824858757062147,0.0018020815058115073,38.0,0.02481319841262134,0.014450540684498544,-0.6425455865422285,0.737145438677911,1.3796910252201395,0.8328628762718409,3.0,0.5865294175081077,0.07945177107311399,-0.0009616380950218837,7.024309757031246,0.997304732262144,0.1188172580725434,0.0029138840640080543,0.6467183848007557,7.38905609893065,1.1942316388285944e-15,0.4782957575915107,0.32814750792278885,-0.2288044881098118,-4.691215575186313e-17,7.467465519021459e-28,0.10984725281617944,0.10036578305804965,0.038125733422838926,1.101131825043998,0.3798316057412894
5BZQ J2216+3518,blazar,0.51,242,21,3651.9897586700026,-0.027402276600134147,-0.01903422003351991,1.4396322282645575,0.7350006000000011,-0.04246091466331909,0.5109151463392476,2.4496577436663944,0.0,0.0,0.00033182085642450985,0.002348466888309737,0.003674189036165476,0.09372602980068363,11.072809179879128,1.56450536002464,0.289732437606969,1.3672373441587962,56823.16500141,0.28281940029393754,4.869793089000921,-0.0005209032046624477,-6.239487055973134e-08,0.0005208408097918879,0.02066115702479339,0.0010807575085608342,53.0,0.05144923318727505,-0.016339358290715995,-0.7050107395031393,0.5033824343237043,1.2083931738268436,0.30210657492835286,1.0,0.7088583924543318,0.06846185264550275,0.00576586377767258,1.1921766237717473,0.5359833123751387,0.14982813998374245,0.03496457749765758,0.1500155952694895,1642.609709167165,1.8028052943983076e-15,-0.3123208965102311,0.053388254052617594,-1.3249837227219217,-1.4988473349457568e-16,1.7781522879693735e-27,0.3475342974524384,-0.04137743766620256,0.11303548222251342,0.1843422496996538,0.12208096006599589
5BZQ J2218-0335,blazar,0.901,36,13,3470.2407509200057,0.0617631373917376,-0.05722864868044435,-1.0792345934396095,0.2660008000000005,0.2843821470611317,0.0927661078965867,2.090220301717731,0.0,0.0,0.00012764942768186553,0.0021109758872596605,0.016118604860217354,0.04792702998459119,126.27244028164803,7.635617701681056,0.7001213295127968,2.2450989966226444,57168.86760096,0.10237093673081744,0.6951785738920014,8.961706724510298e-05,-2.1126120090857536e-07,8.982832844601155e-05,0.1111111111111111,0.5033880661464899,7.0,0.06604633690284552,0.02085809666582117,-0.4781323888016629,0.4643875057412881,0.942519894542951,0.6170975041375414,0.0,0.8271162073461786,0.05328512421781827,-0.0032317358820474814,0.5472314236087356,0.2056699268756258,0.1455357770065704,-0.004643095190047464,0.13246596599936097,77.99960453593835,0.0,,,-1.25845553463004,0.0,0.0,0.14114572722637655,0.11741172418169318,0.04735144428024083,0.18263977746816676,0.09607563254506404
5BZQ J2223-3455,blazar,0.298,139,21,3652.010450349997,0.027978483059221102,0.006512699752676352,4.295988472019384,0.7299995000000017,-0.7470462806099677,4.604311832407982e-26,5.49926282735797,0.0,0.0,0.0006864487379587756,0.001955208813904485,0.0022220060238539326,0.062458896772366795,3.236958417644314,1.1364545857791057,0.3316923867090066,0.92365970832051,56794.02785255,0.09685127224205742,1.5220145726753151,-0.0002671183910106798,-4.762971253620892e-08,0.00026707076129814356,0.02877697841726619,0.0012610013415476958,30.0,0.08282488667066196,0.03590367397132575,-0.9876682262317189,0.7843480891483834,1.7720163153801023,1.1330335834472078,4.0,0.7210239999933519,0.05303090495906952,-0.0029871874591745166,5.419525204642698,0.5881313016497114,0.08076945131263769,-0.022701160923795927,0.17578855480608202,7.38905609893065,2.1307760672473362e-16,8.155648259957392,-0.014705882352941183,-1.2863592398075516,-1.2867967800373138e-18,6.566620804078231e-29,0.11034246361898419,0.03631607101086899,0.03499720958321543,0.2002755540974798,0.15429549622301986
5BZQ J2225-0457,blazar,1.404,190,21,3649.203191740002,-0.04231927120536881,0.10171633333844853,-0.41605187501752217,0.7790003000000016,-0.18146163277249938,0.012224125562392532,-4.8456223079915155,0.0,0.0,0.00014567379824908088,0.0008160709556446254,0.005148435586144879,1.5489213243431088,35.34222085703832,6.308808742947177,0.02766066044426617,1.7858301987244178,56808.49914288,0.5657065029089567,1.5090550322788059,-4.7824124059275787e-05,3.7851266563712135e-07,4.820263672491291e-05,0.02631578947368421,0.0023417578918534577,38.0,0.019696879653637107,0.014394286983853396,-0.4991961191160474,0.8617076277106184,1.3609037468266658,0.5468293676291096,4.0,0.6404437934400367,0.06581354378944967,0.0036661518153321858,1.0399061227005093,0.5183411037122894,0.152109255318417,0.02259287023128398,0.5244369935294512,572.3849610528447,4.41158837038233e-14,-0.22220157564835727,0.20572535229454786,-1.100285348374175,2.799740593653462e-15,1.7494065432888674e-24,0.877118765749593,-0.10173552797770662,0.30094994871369846,0.8131310602098729,0.3382408736313947
5BZQ J2225+2118,blazar,1.959,280,20,3452.540928549999,-0.046072033257202626,-0.04609475027584034,0.9995071669007475,1.5650005999999994,-0.2948968132909618,5.042837009456364e-07,-6.238677653232031,0.0,0.0,0.00014398984573046168,0.000593889775170429,0.0018194366259418836,0.262241396379635,12.63586750910107,3.0635931092704287,0.06160016180017973,1.4148632027156123,56818.10116788,0.12420994600499652,0.1398569014597325,7.260280377535307e-05,1.9467250627991308e-08,7.258333652472508e-05,0.014285714285714285,0.0012606515537250678,61.0,-0.04789738210776445,0.003563826466070339,-0.583627685563605,0.5060194315306021,1.089647117094207,0.5654930980922761,1.0,0.6151221685023209,0.09558045599068636,-0.0015689921829524145,5.47145882085835,1.3148716444728454,0.17968842033315902,-0.01007641845085816,0.21435031055589623,7.38905609893065,3.32325934484418e-16,0.6841962924606196,-0.4295977011494252,-0.6733527597428135,2.192894630944322e-18,4.17843172368459e-29,0.21366277055571314,-0.13632714640806257,0.07422606290601008,0.3687199189427874,0.1246096380340613
5BZQ J2228-0753,blazar,0.638,190,21,3649.213887400001,-0.08762111819892672,-0.06667654576674542,1.3141220378369884,1.3699998000000004,-0.4341943488908443,3.8827180337931234e-10,6.444197008550311,0.0,0.0,0.0003547605008339034,0.0011871563689841334,0.002772399890154027,0.2501130287666255,7.814849386620969,2.335328319209609,0.10027033824865554,1.241554517340075,56808.10490561,0.30494866993081293,2.040908295099215,-3.929288303622119e-05,-6.764011514431821e-08,3.922524292107687e-05,0.031578947368421054,0.0023417578918534577,41.0,0.09542502270163233,0.013465439420865455,-0.5867875563999762,0.8874111737844288,1.4741987301844048,0.7296815430753948,1.0,0.6645131488462431,0.10733203273420554,-0.0055797677160105575,2.0369818520271856,1.0336211875620025,0.22593758398294994,-0.03841675158602531,0.2264182599586529,1062.1648832035846,2.7246277375230248e-15,0.43891908461820056,0.054845303112319624,-0.8485551915404406,2.1295399796217675e-16,1.6937644767955077e-27,0.3902866463731916,-0.14352339160984195,0.12846718725497608,0.2897799927344007,0.17691086247521415
5BZQ J2229-0832,blazar,1.56,140,21,3649.0857855400027,-0.014583598401827139,-0.13054086448047628,0.11171672916267737,1.1369992,0.17898007272593458,0.0343575256857867,0.19981304780506517,0.0,0.0,0.00015309764614866765,0.0008404470790951007,0.009239171042347262,0.9115184710176942,60.348223597293,10.993162164715718,0.06500408099645028,1.9788098499148383,56807.84182594,1.0986105268903996,34.234485889096504,0.00033188596660684824,-3.0111668847452754e-07,0.0003321870832953228,0.02857142857142857,0.001621136427105581,30.0,-0.1885125986472047,-0.013374458885807535,-0.7476935347915066,0.9051099139507086,1.6528034487422152,0.5655848388070122,1.0,0.6407582041275997,0.08354616682580279,0.007377641775015297,3.790359936595472,0.8519784432803605,0.15545403464817176,0.041576550696117875,0.44877450855349477,28.470582209871978,7.39911797597107e-15,-3.44758808306214,0.5295096001471005,-0.7126195727844776,7.374334660875517e-16,6.671417768040638e-26,1.7577768430246394,-0.037334011908677474,0.6058287728266902,0.7180392136855916,0.2804840678459342
5BZQ J2230-3942,blazar,0.318,181,21,3652.155614739997,-0.01478373341760693,-0.035365696567817635,0.41802466379412284,0.7009992,-0.6067211939754384,1.397225864408118e-19,3.449674707967964,0.0,0.0,4.4318148645152005e-05,0.00019051939595880814,0.0005926251513193147,0.03220433601633416,13.372064403960113,3.1105764598207557,0.13547816916457142,1.435287576466974,56974.48073248,0.13271022807929994,3.608324282254374,7.280797188830509e-05,-1.8159812327099734e-07,7.298957001157608e-05,0.022099447513812154,0.4971133492402395,38.0,-0.053355337782397746,0.032504485041278224,-0.7255212520471036,0.82761486605733,1.5531361181044336,0.7075430676470588,1.0,0.6546763188513469,0.036243096811268395,-0.0015094141291333526,0.3065177314934392,0.41023905221861023,0.07496558188362668,-0.0007318221665133517,0.09068290479432466,693.623238458639,1.4097540492766214e-15,0.2944129666934939,0.19507113950113883,-1.8338486076025589,2.1928544786489505e-16,3.028848155201519e-27,0.15235689059370183,-0.019484960644405934,0.048454286786111654,0.1041077662545517,0.07898920049662496
5BZQ J2232+1143,blazar,1.037,228,21,3652.070091900001,0.012458118459955656,0.05927958044172592,0.21015868140636487,0.43799974999999947,-0.6927107181117257,6.375587040446703e-34,4.44947622421766,0.0,0.0,0.0008429705794882258,0.005025713913783838,0.02588832890841623,10.577580564969727,30.7108332219879,5.151174409721592,0.02204427441934545,1.7351689374615864,56815.6685087,2.5564735842446487,1.0762499164167856,-0.0002906194866445626,-5.934576649597979e-06,0.0002846849099949646,0.017543859649122806,0.0010811060369704786,48.0,0.18911510607778662,0.0315275230869406,-0.7545384967149477,0.8412632696908906,1.5958017664058382,1.0416446849754946,8.0,0.6217574984981175,0.045133608051662846,-0.0016541237300347358,1.1819700490794565,0.2587122916539981,0.10057992546115979,-0.019797739407190984,1.1947012639240262,186.35906636433936,2.2350727135226367e-13,-0.008599379579132347,0.08915291810224972,-1.2149738189930053,2.1963887324494806e-15,1.4677386455503538e-22,3.648688804186809,0.02537718730292967,1.2333573663954511,1.7051195650493642,0.837073915095417
5BZQ J2235-4835,blazar,0.51,151,21,3651.983572309997,-0.04263864768562245,-0.005353343076536043,7.964863651744957,0.483000800000001,0.035068370674690985,0.6690312462520782,-0.19997172196084856,0.0,0.0,6.733443510972207e-05,0.0002860967325639571,0.004209265411610562,0.3081955383223069,62.51281892004748,14.712734952178607,0.08068111546436219,1.9915200388355176,56790.01620887,0.11311423490383904,0.7350465055423016,-0.00035321075942893425,-7.626296907738623e-08,0.00035313449645985685,0.033112582781456956,0.0010811097330573442,30.0,-0.11717522625001232,0.0009347899337490414,-0.7402986132581394,0.8100616104518232,1.5503602237099625,0.6678082685218262,2.0,0.7038753308749904,0.03414448889105446,-0.0001542477657752133,-0.46996640965502373,0.2935791276194547,0.06785137897396099,-0.002372354276553801,0.24026249504495695,73.21212850343352,2.5859297822948656e-15,-0.8206694586945935,0.26540006073477207,-1.5236385719864263,-2.0360114493595483e-16,9.52096252608971e-27,0.13899709892008583,-0.0643843580052899,0.04520878721649768,0.29523949677015476,0.19552284554314883
5BZQ J2238+0412,blazar,1.009,195,21,3652.1130017299947,-0.032421299852053324,-0.027868708801401416,1.163358520952466,0.9470005000000015,-0.36474707738927925,1.584972712674037e-07,-4.999470228240924,0.0,0.0,0.0002592562968143637,0.0010156321289426077,0.0020024439452321382,0.02333572774314816,7.723800586961849,1.9716232740148683,0.4796418599461147,1.2373277294994411,56814.28804131,0.05654584269355985,0.09983471949213184,-5.2484951802857925e-05,-6.137833444603712e-08,5.2423573468411886e-05,0.02564102564102564,0.0016211368103956575,41.0,0.09861441696357393,0.008787703578773202,-0.32227168840027876,0.7599436538720674,1.0822153422723462,0.4442686667729556,4.0,0.6067645367994177,0.06163733324993429,-0.0017329593515879372,3.0601857401971206,0.657404352017852,0.13385253035328437,-0.0163467723340881,0.08865949893976748,5272.698520293878,2.5441511085923908e-16,6.765422559484138,-0.021052631578947364,-1.3277388592169892,2.744682694804085e-18,2.7353231933100523e-29,0.08014762343814665,-0.06513439140277512,0.02705278576905935,0.12566526196714634,0.0625511508049509
5BZQ J2244+4057,blazar,1.171,241,22,3836.8653379499956,0.019512119120431864,-0.3946497274367103,-0.04944161306575591,3.9160003999999997,-0.12960992288660325,0.04441928572476245,7.248287702082126,0.0,0.0,0.0005292493354078532,0.0052146019163880845,0.029159802606694093,9.143341088334129,55.09653125804356,5.591951805460118,0.02687811219559575,1.9459723970161407,56648.13556464,1.1008201572248169,1.5168729247374242,0.0001889727476104806,-2.7874050860707876e-06,0.0001917601526965514,0.016597510373443983,0.0010825049965661516,54.0,-0.013875272189212742,-0.01704850586243654,-0.7468379044061162,0.8284167866476327,1.575254691053749,0.492151758940928,5.0,0.6744304238088149,0.08950735427739723,-8.517105764527735e-05,1.1630588193029578,1.299502702794703,0.11531975179256004,0.007526316755385398,1.4065606127811263,453.35784185747946,6.135758821011216e-13,0.44979033567221866,0.6485163314481961,-1.0669908098008891,5.3637450843558726e-14,8.638726214518115e-22,1.6219829515988797,0.04236081061045758,0.5517269259487473,2.0724705296757513,0.9546156285931604
5BZQ J2245+0500,blazar,1.091,196,21,3652.058759520005,0.09993913017067618,-0.15975987316088378,-0.6255583970702955,1.3329992000000015,-0.19171175526435752,0.007106509675559825,1.7497885911457929,0.0,0.0,0.0007350307321304535,0.005282839762444285,0.010557341609807178,0.31296546477300247,14.363129504591011,1.998421697902123,0.23912284819954646,1.4610745548633122,56816.13036251,0.059364533936637105,0.02140065723148256,-0.0003744481085756411,5.296649782448915e-09,0.00037445340522542354,0.02040816326530612,0.001261000301160459,42.0,-0.09911246634333264,0.0008326127678525394,-0.6327762418745175,0.6008905851859212,1.2336668270604387,0.6267996443675375,2.0,0.6264346728761994,0.10193233844170047,-0.0016053786640329358,1.3898420840449708,0.7950121084606111,0.2102444338642242,-0.019901479444876413,0.23410340842755697,7.38905609893065,1.1133905717884017e-15,-4.334120772271318,0.8498530029399413,-0.5852442454814042,-4.3304158263387557e-17,5.947711729684662e-28,0.08584284033612857,0.20897272118688393,0.029094499018392648,0.3385203282020187,0.16189398766237145
5BZQ J2246-1206,blazar,0.632,157,21,3649.018810430003,0.01589645476665951,0.044568500916915374,0.35667465675575877,0.2989998000000025,-0.3899221901066536,4.4663095002590494e-07,3.646521193174404,0.0,0.0,0.0001259392229774321,0.0004245405968121215,0.0017518595573637842,0.23530413350688675,13.910356932783005,4.126482994540517,0.06114647713991715,1.44952188372431,56810.21158031,0.14646168987965763,1.4037113373765213,0.00011947361922854867,2.0081598988118545e-07,0.0001192728032386675,0.03821656050955414,0.0012613489938543537,32.0,0.1072768854292027,0.02454616871867765,-0.6845623091320767,0.6954018256906647,1.3799641348227414,0.9896517020335522,3.0,0.6477949693513898,0.03695571606729839,0.005762997797231572,0.09033246016119799,0.17801007715098072,0.08960889549282303,0.03628123833699548,0.22651259971033033,63.94604284574801,2.294727033253428e-15,0.7160225310040491,0.3021426943241394,-1.5038500210418866,-1.054889449989186e-16,5.0749229329539104e-27,0.1871044505486841,0.025943014179188324,0.06155578094116065,0.28936929203792994,0.17730961521931982
5BZQ J2247-1237,blazar,1.888,173,21,3649.1467849600012,0.08048546469238223,-0.09290177803881024,-0.8663500999814985,1.1839990999999994,-0.6117787771941903,3.8459509108813423e-19,2.9472917222811783,0.0,0.0,0.0007715629228781391,0.005746322246693197,0.008657656804777704,0.08338066391321616,11.220934206197157,1.5066431069460526,0.5587940158197386,1.3720302221294387,56810.73799412,0.09240240140774725,0.045413566615119506,5.439815999963959e-05,1.1987457419426734e-08,5.438617254222017e-05,0.028901734104046242,0.002702242874736884,35.0,-0.023875278189026062,-0.012746072151911671,-0.7532284759890032,0.5867495518971955,1.3399780278861986,0.5769100793733609,3.0,0.5865417282934644,0.11316457166006172,-0.0027768191828391915,0.7382512385462511,0.6389448421614154,0.2786945392309957,-0.012553565572307135,0.05810541585916595,807.7062878550119,0.0,,,-0.5404985169475162,0.0,0.0,0.15702971863227827,0.23244202203159986,0.05449212225109201,0.09874502138871194,0.03419148940052353
5BZQ J2249+2107,blazar,1.274,190,21,3651.7886933100017,-0.049573497022322784,-0.07097899822905263,0.6984248617083427,0.9790001000000004,-0.12224490262613369,0.09291493922719045,-2.7494644508151964,0.0,0.0,0.0011462630358812405,0.004971689065802393,0.03902652558586771,2.63792170267183,34.046745232273494,7.849751877377185,0.09318922573407215,1.7723612455980864,56823.62851036,1.5459729869883232,4.9118067219097785,7.884277079579057e-05,6.083260800015814e-07,7.823444471578898e-05,0.02631578947368421,0.001441242026022019,40.0,0.20242791185029912,-0.005867612824975185,-0.619211211668811,0.9031964957932636,1.5224077074620745,0.766433610670721,7.0,0.672315149015698,0.0734424794899243,-0.003410035823078212,1.8608887010590691,0.6969461707274539,0.1357938269587704,-0.015375927741401396,0.890084612747152,90.94322409647152,5.911250665445495e-14,3.146847193079843,0.5686895325942924,-0.8594001287825611,6.792059621008191e-16,6.055743657321543e-24,2.331294458354744,-0.112730132228762,0.7962977178411121,1.3422287081526714,0.5902500915359152
5BZQ J2251-3827,blazar,0.135,166,21,3651.650351950004,0.029425451846678514,-0.10227923067725814,-0.2876972348328514,0.46300029999999914,-0.39332396063816016,1.586913142691153e-07,6.448499594819309,0.0,0.0,0.00015308399954514293,0.0007259689811896018,0.0024343841526544576,0.23290864172588732,15.902276815248124,3.35328948257829,0.08361286930315694,1.4977903585635781,56797.97710605,0.02432658245613544,0.05069771807346022,0.0003222637262308165,-3.845945972171709e-07,0.0003226483208280337,0.03614457831325301,0.0012610009308669508,32.0,-0.10078504288667185,0.012256861771908635,-0.9720574493309229,0.856911583521412,1.828969032852335,1.097435417005905,1.0,0.839718385685256,0.06457347228642382,-0.00677119657038407,0.2684818382787684,0.3639728359232971,0.16593629495653917,-0.030676110937966405,0.23351182493847725,389.5036484235895,6.496099310755362e-15,-0.2533278671040915,0.4720226563956844,-1.5463323144818775,2.423759845887013e-16,5.557712397386191e-26,0.025916660025638003,0.03339788784598011,0.008013124673152558,0.24877504227357955,0.21918505927187623
5BZQ J2253+1942,blazar,0.284,274,21,3652.2381958600017,0.051658032190069716,-0.056159056728318765,-0.9198522054951225,0.3799992000000003,-0.43341843772314087,5.6384996893945854e-14,-2.8497957175088304,0.0,0.0,3.7120391182992605e-05,0.0001318875354820825,0.0003051278178857309,0.04353301527759522,8.21995135130956,2.3135455102475424,0.0685684240055501,1.2597824650653449,56823.56305877,0.0006344290058745473,0.00012443345261560544,0.0005392044806323995,-1.1923319782895646e-07,0.0005393237138302284,0.021897810218978103,0.0014412419712606021,56.0,-0.007841733899587842,-0.00010568804725536522,-0.5273304726498064,0.29649329947925973,0.8238237721290661,0.5702954344570959,0.0,0.755823902665925,0.03432581858354986,0.0003867130651913106,-0.042686643690991344,0.26278409696892047,0.0810553510987404,-0.00047165223073108997,0.09080416292134337,20.84795955209893,0.0,,,-1.7229042141704787,0.0,0.0,0.0007188951313839431,0.06632891333204952,0.00022756720986369014,0.10289357836589268,0.0801351856432186
5BZQ J2254+1341,blazar,0.677,197,21,3652.04489189,0.03702311004931651,-0.09296839764261217,-0.3982332812881237,1.2360001999999994,-0.0154923786535159,0.8289292187492668,1.449819327375907,0.0,0.0,0.0007936177956437487,0.0013818582198446467,0.004476676153635885,0.10955543775979056,5.6408464787054715,3.23960597846251,0.2677796156429152,1.123977918351706,56821.32701018,0.06866717506182887,0.0473785983306547,0.0001497961434382334,-4.108990775716656e-08,0.00014983723334599058,0.02030456852791878,0.0014412421355249321,43.0,0.15051578045295644,0.02796417191864879,-0.7798143489605558,0.8991021365726293,1.678916485533185,1.1923174467535391,7.0,0.8499011797903621,0.1568159959319851,0.01506024229518356,1.2933966018374443,1.0404554636033363,0.3628281907964319,0.09044120459451532,0.14380264410999657,7.38905609893065,0.0,,,-0.821930750522031,0.0,0.0,0.08892332889202809,0.06208775555270379,0.02936540556919908,0.18622303606086213,0.11104534052526067
5BZQ J2255-0844,blazar,0.606,176,21,3652.0101113499986,0.057729808209029156,0.09096730027302444,0.634621540221178,0.9879989999999985,-0.4033923274921499,2.837493555753094e-08,2.9496043336023257,0.0,0.0,0.0003736295767665762,0.0019358590037805157,0.007238838811788664,0.1163351792908041,19.37437302223194,3.739341963393347,0.31859899869415725,1.5690194297251256,56813.23776025,0.30341729785229343,1.4365161691088308,0.00028759135005261853,-4.5203243562956486e-08,0.00028763655329618146,0.022727272727272728,0.0012610018617313541,40.0,0.050002872913153924,-0.018698488289358398,-0.9209675062502911,0.6774115124143069,1.5983790186645979,0.9609058693067227,1.0,0.5847321066587122,0.07845582114927317,0.0019933177751254643,1.5252361284391533,0.6235064908964827,0.170821909864585,0.004628503504998327,0.14290142406655082,1261.1547330724568,8.468448957593398e-16,-0.21256639506589028,0.030046674445740957,-0.9045965232000825,-3.385447155925207e-17,1.5400068161597638e-28,0.3845148410105853,0.09271407198370081,0.12621383187557592,0.18109619571487026,0.11276226383242233
5BZQ J2256-6533,blazar,0.248,345,21,3652.733589419993,-0.007929727282396673,-0.029314722675345913,0.2705032338261103,0.6059998999999987,-0.697145921516465,1.6508375005456934e-51,-6.200396510445984,0.0,0.0,2.2723491286049906e-05,9.414861655428398e-05,0.00028490328864020357,0.0030292253553011426,12.537830235500707,3.026101668204897,0.44849494640307785,1.41205395015418,56780.80573499,0.03494287879943701,0.48035533101797345,0.00014340877645993742,4.9175210981967105e-08,0.00014335960124895546,0.014492753623188406,0.0014415970704824874,77.0,-0.003522319139228086,0.001117568871457837,-0.5475304186748425,0.7969338871585898,1.3444643058334322,0.40959869985006037,1.0,0.6672814232530664,0.031111860119237895,0.0009200235265342611,3.312986264340702,0.4208208134213577,0.06139819693288251,0.007396444536961089,0.015429411935205277,214.63473259212893,0.0,,,-2.0735934032344,0.0,0.0,0.03903605979005305,-0.009896299648431047,0.012292775713992241,0.017236800959791996,0.01381153923060256
5BZQ J2301-0158,blazar,0.778,186,21,3651.9054467899987,0.040072517853278256,-0.04908161100904449,-0.8164466697291968,0.7810001,-0.026543781769202943,0.7191224333171805,-1.3997721082836407,0.0,0.0,0.0006078495515872864,0.006064095810936169,0.021693773824824337,7.401595243337898,35.68938026274049,3.577412774732835,0.02742456667900296,1.7893557361289527,56817.11888531,1.6816493803226322,1.6298029647194776,-0.0003130030769744133,4.544313376886201e-07,0.0003134575083121019,0.021505376344086023,0.0014412442710608228,40.0,0.0646018684045547,-0.0020225267361374025,-0.6043334034463801,0.817188696065162,1.421522099511542,0.8045878240101279,2.0,0.6727988177966409,0.07167593476143212,0.008533760822152223,0.7896538938019112,0.48370034359916053,0.1545413138780629,0.04895564126805896,1.0896077764461922,216.65348315581124,2.3134845750548037e-13,1.7132916936754772,0.7630252603420631,-0.8394894544174865,2.9215602190071e-14,1.1452696423388055e-22,2.2423393068328483,0.07124893674312874,0.7462020487821679,1.4529011664056173,0.8171547617579399
5BZQ J2303-6807,blazar,0.516,312,21,3653.1617005399967,0.011711354269704526,-0.07115569983346318,-0.164587718160519,0.6279991999999996,-0.5578921341523898,6.404761049967117e-27,4.400797120431481,0.0,0.0,7.550072114752914e-05,0.00018736258978692917,0.0005449682655292805,0.039567621321755696,7.218053682511901,2.908629002408621,0.11459659710317643,1.2129024689036147,56779.16078142,0.041328798722007454,0.28943686554156933,-0.0001973520982419845,-1.5156547898877015e-07,0.00019720053276299574,0.022435897435897436,0.0016214902943250716,64.0,-0.09005683084321478,0.0013013931471872122,-0.6648493845453617,0.48422726558407003,1.1490766501294316,0.5998768559340574,0.0,0.6976022281375001,0.04444107089332552,-0.0038915640893181724,0.06239282820888719,0.3851220515919606,0.10932986111963361,-0.03111254398890595,0.08463634738836437,2089.3413049641117,7.742959950613001e-16,0.3259586734062246,-0.046238878403882466,-1.7289201614979584,-6.434061287165594e-17,6.009506390299345e-28,0.05088647678280719,0.017754413072872063,0.016560889252968315,0.10420930826780178,0.0687396492531674
5BZQ J2304+2331,blazar,1.244,229,22,3836.905218089996,0.012317615613075114,-0.19987734197733933,-0.06162587260376715,2.066001,-0.5697787936943426,4.1263702199942595e-21,6.8806924513318215,0.0,0.0,0.001286240244564243,0.0038663453091725753,0.01091002894125451,0.1096820215750575,8.482108205585297,2.821793726636263,0.4852449931506436,1.271105721882702,56642.86095826,0.037203695706454876,0.010053915002959832,-5.233050045235193e-06,2.474084362837104e-08,5.257790888863564e-06,0.03056768558951965,0.0014433390006721326,47.0,-0.13053869404377091,-0.008661349592944532,-0.5619056292848066,0.43019564042879077,0.9921012697135974,0.4727235170732622,0.0,0.5183851782657681,0.14895883634995374,0.01203318340100255,5.724482440193779,1.7831333821430564,0.22637694528519514,0.06523705486689224,0.11384754184804229,555.9588013913572,3.76822190084106e-16,2.316731518671381,-0.01415628539071348,-0.6143139727779705,7.24426924287961e-18,1.4315930297069924e-29,0.05573108649709145,0.027640729435740554,0.019014096258835024,0.17054346568891127,0.07599976189345424
5BZQ J2306-0459,blazar,1.138,169,21,3652.0371138799965,-0.11615098250505981,0.14876028204006858,-0.7807929704904334,1.2399997999999997,-0.6025763450745074,4.42151169381514e-18,2.149727527677479,0.0,0.0,0.0009564788049320163,0.0030619387176603037,0.006504881166790457,0.06555416857149653,6.8008628382015655,2.124432186427477,0.5228760918670896,1.1914294489044737,56817.18522821,0.07700049557968548,0.03944888071623106,-0.00010977852987808738,2.744419372674117e-09,0.00010978127429746006,0.029585798816568046,0.0019816229431891545,37.0,-0.0754110301947357,-0.0022668318714346948,-0.8508004497611569,0.8479030692667734,1.6987035190279303,0.7712377499157244,1.0,0.6304926307119652,0.1327736718196649,0.009223617455616553,0.8112607851735226,0.7446900496358633,0.3495734868825878,0.0338483828913656,0.08756949493535444,7.38905609893065,0.0,,,-0.5953415121658193,0.0,0.0,0.11258936526656367,-0.24833080059581786,0.0382425224534281,0.12804325189416385,0.05988926655480069
5BZQ J2309-3059,blazar,1.38,98,21,3649.2208906899978,-0.2628788081320279,-0.18250530912625906,1.4403899228496724,0.9550000000000001,-0.5010402227070406,1.483957254008625e-07,-2.3478902376787114,0.0,0.0,0.0021002867445062655,0.010472082189333376,0.026400830363720495,0.04870407861025577,12.570107591359713,2.52106791026628,1.031182085623571,1.412981273304319,56985.26271479,0.21571867975850545,0.27042452864846234,-1.2975311037152592e-05,-2.8657584532635242e-08,1.2946653452619957e-05,0.04081632653061224,0.4880814758932174,22.0,-0.1526024582176317,0.021241385938519562,-0.9621985872792673,0.9904481208987341,1.9526467081780015,1.0328812029878407,4.0,0.5533308882994377,0.08669285893749201,-0.0020032994895806794,0.7135585658881007,0.5215746851514795,0.21240945710589665,-0.020068915406513788,0.11372097112052434,1414.8193774143108,0.0,,,-0.5512443890145933,0.0,0.0,0.3327945704729439,-0.6256515633542264,0.1140972122861208,0.17544016948457503,0.07371435692629204
5BZQ J2312+1444,blazar,1.521,144,22,3837.094572450005,-0.024008144848481086,0.15967022013527057,-0.15036081761609454,1.1059998999999987,-0.6189799629921398,1.3553931421773188e-16,-0.5777965817515408,0.0,0.0,0.0007417173781183541,0.004288898150998223,0.012413959418480796,0.0794565815122245,16.736778411794404,2.8944402451471265,0.6012828746654186,1.5162374879121228,56640.68475094,0.1621635443324698,0.26152931145211233,-0.00029923383423129053,-2.4054823675992e-08,0.00029920977940761455,0.027777777777777776,0.0009022627789315224,32.0,-0.023786084314176045,-0.03407375706703836,-0.6220957844645214,0.7282889622774307,1.350384746741952,0.5679746842289454,3.0,0.5279440261544077,0.07740012536199704,-0.001100446568384929,0.3377228081440587,0.5267140254034808,0.17780703834874984,-0.002732129111890913,0.06292628698121454,692.3943357975227,0.0,,,-0.6347059635261321,0.0,0.0,0.25747771766405747,-0.06052453316302082,0.08864930019152387,0.09991220172012781,0.03963197212222444
5BZQ J2312+3847,blazar,2.181,269,22,3839.860821909999,0.03115842149406812,-0.043438745981731246,-0.7172956030354148,1.0029993000000026,-0.5516814701272384,7.978854837565838e-23,-0.3679538090810403,0.0,0.0,0.0002887752671993566,0.0014668250381024905,0.002740395776141438,0.05345312139115972,9.489717707575982,1.8682499296700104,0.3382765844735206,1.3115912930723561,56653.01070681,0.012807055618750101,0.0017971401732652555,-0.00010367774694987488,3.3482067757115124e-09,0.0001036810951566506,0.01858736059479554,0.0019844183162037055,57.0,-0.011318187957072982,-0.014678611273551788,-0.8600985633855529,0.5919813838736875,1.4520799472592403,,1.0,0.7087199307484211,0.10959443830062662,0.0035332579262246588,0.6887725218452979,0.6817688574227795,0.2484543478325245,0.02379485090338651,0.031792551404045605,389.5717348690583,0.0,,,-0.7365919511557643,0.0,0.0,0.022841842368574693,0.09911493877263068,0.007956769660644543,0.0567031540491499,0.01782557499187359
5BZQ J2314-3138,blazar,1.323,131,21,3649.327983669995,0.016025143687173622,-0.2718071896184568,-0.058957762337591424,1.4079999999999995,-0.497790752355166,1.4550334872411884e-09,4.446135394204374,0.0,0.0,0.0005147974508624686,0.0030628566016984433,0.005647494190434914,0.08677302010916174,10.970322735676007,1.843865032877918,0.395944922443085,1.3638835160302418,56808.767698,0.20854847123723042,0.3899985682161212,-9.338636606103139e-06,-2.3985660352169404e-08,9.314650945750969e-06,0.03816793893129771,0.0027022426283403894,28.0,-0.08391690941913485,0.002113611181759776,-0.725536166639788,0.5299049465308749,1.2554411131706629,0.8205549959633354,1.0,0.6476866542308853,0.10537249087030273,0.0037607475471057327,0.8781518201491925,0.8383420190054733,0.2215661180854197,0.031095303826118692,0.08359805623329077,2394.3106980446164,0.0,,,-0.6948503465019831,0.0,0.0,0.3178568795213681,0.037226408785304324,0.10876435537750623,0.12741506629477484,0.054849361297793726
5BZQ J2316-3349,blazar,2.944,184,21,3653.304745649999,-0.006949786842665743,0.004658343038302629,-1.491901044109893,0.49900050000000107,-0.5144697592108591,7.998635561716013e-14,-0.5001101636755645,0.0,0.0,0.00013322743681469117,0.0004870910740672716,0.001307463565674793,0.02201755632650298,9.813771000335318,2.6842281302202484,0.34405889475875295,1.3237019020754484,56807.78108588,0.06977463705221333,0.14772595961639068,5.745385084942772e-05,-2.0174946276291513e-08,5.747402579570401e-05,0.021739130434782608,0.0007206212457221302,40.0,-0.07706078245833364,0.016940435377085807,-0.7645283512144359,0.8480504096685255,1.6125787608829614,0.9484827005913792,2.0,0.6514427822676356,0.053978889358116,-0.00013857336945030777,-0.1147871316233607,0.2871565267302003,0.13586373891446957,5.559090376350273e-05,0.03187279806567857,4335.688835404282,0.0,,,-1.4228498641477636,0.0,0.0,0.13856898608429447,-0.02740995930747369,0.0484290727774434,0.06329780416235704,0.016049138986398846
5BZQ J2317-1122,blazar,0.549,149,21,3651.6531897000023,-0.08068343861378707,0.04931416773921178,-1.6361107225912332,0.6409998000000012,-0.4604976949598262,3.4387743794195303e-09,-3.6491537693100637,0.0,0.0,0.00016322309976078535,0.0009125740578905641,0.0022795294979018853,0.05920255490674419,13.965728424940856,2.4979117866588916,0.25005197317197514,1.4509547298094678,56816.92329465,0.11316020326711072,0.3273951345462726,-0.00013122232550208932,1.4023412679603252e-08,0.00013123634891476892,0.026845637583892617,0.0012610015879441906,31.0,-0.05568566863157385,0.00526791558559304,-0.8501725614351385,0.8596643047934094,1.709836866228548,0.8207327596233609,2.0,0.7169211841264782,0.08012990803734682,-0.004800689487703731,1.0468089157671965,0.45138691915029394,0.1647799727546203,-0.01625209406053696,0.05856037812727403,245.8317395841491,0.0,,,-1.1349177292319832,0.0,0.0,0.1408378633526864,-0.12497864641275618,0.04598489318332465,0.07288356060215519,0.04705200813567152
5BZQ J2320+0513,blazar,0.623,216,21,3652.1028362399957,0.07439034397015239,-0.019934425371897165,-3.7317526129960696,0.8039999999999985,-0.26867149567216725,6.34705326459918e-05,3.949570486830386,0.0,0.0,0.0007896674837657224,0.0027134419559200888,0.005838910169574059,0.88859826793429,7.394137763322418,2.1518463494983155,0.06681380597764182,1.221595480871736,56823.82906718,0.344592604154745,1.0915883539894737,2.017266275561402e-05,-1.880258408862882e-07,2.0360688596500307e-05,0.018518518518518517,0.0014408936892474525,46.0,-0.05143563646543692,-0.023489879128566416,-0.5943558118351185,0.643160089401142,1.2375159012362604,0.40786723876502784,1.0,0.6620094829170563,0.07543350567871182,-0.00315186604644283,0.3531836336649113,0.5071499532950141,0.19038001560121187,-0.025152172088676594,0.37896644534707824,9.617504723632804,2.6467120807452e-15,1.5678617482275237,0.5072478720660304,-0.7539033991744133,-1.7058106114560972e-16,5.022763738535217e-27,0.43900069930048574,0.12073552826355732,0.1443147935700856,0.4827919476881083,0.2974688525496662
5BZQ J2320+1829,blazar,0.735,165,22,3836.6105563599995,0.014868964193286153,-0.05089650641898058,-0.2921411554436503,0.8620005000000024,-0.14681498281224153,0.05987059312080698,-3.4138218502861046,0.0,0.0,0.0006431737580811733,0.0019932160800710413,0.007984457742008367,0.18263995739066952,12.41415345273853,4.00581643798397,0.25123270812950765,1.4084784948811642,56644.11180002,0.04303428632817251,0.019463688830302413,-0.0003833808079518781,4.3802579966327645e-08,0.0003834246105318444,0.024242424242424242,0.001082504120463165,34.0,-0.07522450171130947,0.002374276193518899,-0.7789454417384061,0.9561246438099206,1.7350700855483265,0.7408259044532904,3.0,0.7230868535953012,0.0970807856930487,0.004035424231947484,0.7725945852258034,0.6087746767667201,0.2250648544716667,0.011173243763403784,0.18208566836364173,13.02170025717392,1.382891923927195e-16,12.728161593921385,-0.006134969325153375,-0.8035481562142313,4.1428808872871684e-18,7.743419711734056e-30,0.056684503196286894,0.025797652875351473,0.018804146881223047,0.2398421475296996,0.13823754900847243
5BZQ J2321+2732,blazar,1.253,266,22,3841.841827349999,0.03158193007884983,-0.1549315300899065,-0.20384443412211117,0.47900010000000215,-0.2536254041722683,2.8433104788835348e-05,-3.7340283332217656,0.0,0.0,0.00021186005734493053,0.0008810764612190131,0.006517513004769457,3.2292547029343606,30.76329278715792,7.397216114881719,0.01771318336568017,1.7357845068311217,56648.65994318,1.4610554570172347,1.0510593313075602,0.00026137516351836963,3.7128100241667073e-06,0.0002576623534942029,0.02631578947368421,0.0012630968925404164,55.0,0.006439387322142167,-0.012706115593938019,-0.7103678871056408,0.6397805100153673,1.350148397121008,0.8436441468894316,2.0,0.7137837696344707,0.055243100893198775,-0.0019228209463807435,0.6190735545561278,0.3242306764055646,0.14009594270693615,-0.015374378507647224,1.0769467436644113,196.2635794929839,1.0017313918016929e-13,-0.17713970837961804,0.13920063020091894,-0.8911923149659232,-1.7885109553171057e-15,1.9192918454009116e-23,2.1930437542887926,0.07115408846764867,0.7484754262009146,1.616496703497156,0.7174863308908813
5BZQ J2321+3204,blazar,1.489,243,22,3839.791682279996,-0.1223317609361665,0.03156367399364954,-3.8757136118177837,2.1439991999999997,-0.2170478182501186,0.0006575416773590761,4.520493972294041,0.0,0.0,0.0008668634685465604,0.004234181368681019,0.03461045335816391,2.482757506335376,39.92607206792088,8.1740601869332,0.08793188156278839,1.8298148103396206,56651.03276258,0.7495396742717019,16.606100200710078,0.0001106451763492436,-1.3930425774526887e-07,0.00011078448060698886,0.024691358024691357,0.0016235833812333212,52.0,0.02035230399071947,0.01245130199689916,-0.6940966322448832,0.7978533543043246,1.4919499865492076,1.2011410648706176,1.0,0.6634420552279516,0.16747602236097658,0.003850993609162816,9.589165590767909,2.4707478957970843,0.1977594537881302,0.01884432135307268,1.0911369548748644,7.38905609893065,9.281358243820486e-15,-2.6985378730315115,0.40005323041525814,0.03553323954677424,3.1559919673965833e-16,6.849443954483519e-26,1.182516131522924,-0.3044837529701184,0.40677590786707385,1.721439298185315,0.6916188421797168
5BZQ J2322+0812,blazar,2.09,66,22,3835.8903383600045,0.021669112333665266,0.1949615434282298,0.11114557236587638,1.3129998,-0.6603199559909202,1.6204519309064614e-09,1.9428876457128017,0.0,0.0,0.0013295383082525892,0.013510415962551215,0.025097457209325835,0.07337357787948207,18.876821400832426,1.8576376387695588,0.921002773566392,1.5596359874836712,57005.25061847,0.024920371754191553,0.0031170633237030225,-8.049023985216055e-08,4.0109356783444385e-09,8.450117553050499e-08,0.06060606060606061,0.9997543660506664,14.0,-0.26880617511217186,0.01543468859283845,-0.8918794462686913,0.5643393764155286,1.4562188226842199,0.7269188163492727,1.0,0.8436167919961046,0.23469629154873387,0.017407441989071393,1.9856956811935846,1.265364611205399,0.4380564240295226,0.1205423316710118,0.03657998442610576,7.38905609893065,0.0,,,-0.5026383763871964,0.0,0.0,0.04380601589570049,0.06695755711102568,0.015244372246246779,0.06430174457429357,0.02080962607582316
5BZQ J2323-0317,blazar,1.393,221,21,3652.044891950005,-0.016475911458112228,-0.18048809626430568,0.0912853080016147,0.5669994000000003,-0.3494236589487475,9.596901670993365e-08,0.999875398206709,0.0,0.0,0.00046527683873884637,0.0021024474762039625,0.017316065277685644,2.7484619416671072,37.21669294221677,8.236146427169833,0.04581284642529108,1.8044694897155547,56821.39615454,0.2258456881745843,0.32043015791282176,0.0007314725457461582,-6.088071114026143e-07,0.0007320813528575608,0.01809954751131222,0.0016211360985769212,44.0,0.06418872544245904,0.0069217248917737015,-0.5627140417104144,0.8644985892784804,1.4272126309888948,0.687524122246782,4.0,0.6511396117195434,0.052989751914567736,0.00048718922213989964,0.09378377841494821,0.33014799401064543,0.13025263931207265,-0.005194321028354931,0.7260236286411825,160.13848201400654,1.4105280020267358e-13,-2.954872576226605,0.8271760877778201,-1.2574359521418597,1.515233623720849e-14,4.015450680490281e-23,0.3493680233748567,-0.03942685611926256,0.11983007691587866,1.1231095094706154,0.46933117821588605
5BZQ J2327+0940,blazar,1.843,210,22,3837.189946309998,-0.10746872110648707,0.07136762167833474,-1.5058470294956128,1.4089995000000002,-0.08616955418968722,0.21365543715439098,5.830637700758519,0.0,0.0,0.0011407092154752877,0.004445937894774454,0.02557599357476434,1.0784972166861237,22.42113345396856,5.752665505982998,0.14376963650484567,1.621696826847669,56641.86975878,0.21447941427594683,0.2582027353201865,2.412900916378559e-05,8.510740636117165e-09,2.4120498423149473e-05,0.02857142857142857,0.0009019123887731505,44.0,0.05308132860281802,-0.022799927567209794,-0.4961288963338401,0.802040078332346,1.2981689746661862,0.14202487729160984,4.0,0.6110367799592233,0.11716128026791636,0.006765511212174039,0.9383974840746403,0.834010220209612,0.2558066391633771,0.03020410827850506,0.5523580063546725,7.38905609893065,2.4581852114909793e-15,0.04736576739750418,0.28247710285293187,-0.29925696568966187,2.068121808882364e-16,2.5711445771365178e-27,0.3616379883781564,-0.3055335741057427,0.12539976160440616,0.9313417744869067,0.3275911974980326
5BZQ J2328-4035,blazar,1.972,159,21,3648.9860778400034,0.05130900105967869,0.024920886518343538,2.0588754345440976,0.4819993999999994,-0.03726504243832184,0.6409658706111935,-0.19980758810896665,0.0,0.0,0.0005762248148392571,0.0019951962017543527,0.016711651256668986,0.8946578009059626,29.001963812212566,8.375943796203442,0.11206783075027946,1.7145196719605125,56806.79536506,0.7844814042559954,7.984655442466911,0.0002084312459767202,-1.4177707669160266e-06,0.00020984901674363622,0.025157232704402517,0.0016214850102766424,31.0,-0.14707237118857916,-0.03342139902485424,-0.8504654113279024,0.7538468201446521,1.6043122314725546,,2.0,0.6869628531765472,0.05218355784946664,-0.0006715885100627395,0.44506947826863785,0.30381496162848143,0.12914067673112262,-0.015625208533133872,0.8559666443156135,279.57531842733806,6.461431057019913e-14,-0.10950806644629381,0.3912927178440182,-1.0591436814835573,-2.339913828409543e-15,6.6412410822715e-24,1.3524058972101973,0.15249035114936507,0.46991160961893286,1.4756428021203944,0.49651507473768325
5BZQ J2329-4955,blazar,0.518,239,21,3652.415653459997,-0.0033087769666085213,-0.002044910958036172,1.6180542989441953,1.2500001000000012,-0.11178379865832122,0.08462047275901992,2.44994342258097,0.0,0.0,0.001429040600622315,0.007149685805360051,0.030272199186392217,1.6138920990088874,21.183582294320942,4.234060070089147,0.12613831907770903,1.6012186687202479,56800.94063271,0.7007111792220373,7.7897526993262804,9.26604510268765e-06,-1.2161511192835928e-07,9.38766021461601e-06,0.02510460251046025,0.00900793415468765,46.0,-0.014089750220267924,-0.012682245351701392,-0.6963808917291487,0.7987516319027761,1.4951325236319248,0.7182012015882956,5.0,0.6555836741975999,0.09980002911826386,0.0033593755801945976,0.39519821802616445,0.7301936321626815,0.24297189694373333,0.018564811605719433,0.5820992822051163,28.554327713868812,1.3172617230923161e-14,-1.476114166862146,0.7649824258279819,-0.5796483083946451,6.658355184550996e-16,1.11060081452115e-25,0.8633262221492339,-0.005022723435311735,0.2810242305393386,0.7171878929916164,0.4724557924845958
5BZQ J2330+1100,blazar,1.489,191,22,3837.088456409998,0.0730140877406659,-0.05611724986450452,-1.301098822856767,1.4159993999999987,-0.46148609101457416,1.8287266338018857e-11,-8.561881155302254,0.0,0.0,0.0005083242091285267,0.0026298490847243847,0.013174601985791144,0.2696862765277879,25.91771496081217,5.009641829756264,0.2515268437506168,1.67396665585092,56643.31962995,0.17526909373655336,0.2753941668484178,8.318214208468498e-05,2.6227476054947782e-08,8.315591460863003e-05,0.03664921465968586,0.0014433390828042976,41.0,0.04332272667117171,0.003470370708954527,-0.7557483417739792,0.9016713900082929,1.657419731782272,0.7733655811987203,2.0,0.5728608410820507,0.1323420745340269,0.011397737354093926,1.7033788525620195,0.9432333422150443,0.30657740596448035,0.06582068374933614,0.1847085599800612,199.49687932684995,6.9216961047349e-16,0.7866007969099352,0.06527909176915798,-0.4337203737915497,2.267694667098994e-17,5.467882118621562e-29,0.2765144232054998,0.1817320643865174,0.09511870708511933,0.2914066583853922,0.11707780569923351
5BZQ J2331-2148,blazar,0.556,34,19,3651.0261772800004,-0.15770667003109365,0.035110609446299484,-4.491709842641746,0.2769995000000005,-0.4508702864412303,0.007447879816415864,-3.948406132855853,0.0,0.0,0.006011041310040178,0.06362765874433718,1.081685426067239,2.0907899802621728,179.94975747056696,17.000239320396304,0.7379428398443115,2.372862586907637,57355.45786951,1.5602588923732552,6.150130525748634,-1.5124107932871696e-06,-8.62532178237164e-08,1.4261575754634532e-06,0.20588235294117646,1.4769437332238162,6.0,,,,,,,,0.6871186100405263,0.04802905250757707,-0.0027634615904349076,0.16265038251739508,0.17565409391605247,0.1244253612832672,-0.027061769363048493,0.860535881040941,9.988698532955466,2.196809640511938e-15,0.8158914226306636,0.25687928968940416,0.5735434026502535,3.4667470585935377e-16,2.0907397978689062e-27,1.9462627146080755,-0.24539157856838173,0.635900439594295,1.0734301262688977,0.6898651197100886
5BZQ J2331-3811,blazar,1.202,143,21,3652.842510000002,-0.05993860768065025,-0.07019653106703977,0.853868514149326,0.5380000999999996,-0.5745831984568913,6.206616017070618e-14,-1.3501265950718693,0.0,0.0,0.00011225463192704192,0.00044904219125655684,0.000952437267232157,0.010517711352061584,8.48461433080609,2.1210418166852105,0.4846571299417643,1.2712122712228795,56808.63743162,0.03280833321492691,0.06692251390629164,4.543661305240048e-05,-2.905921324480889e-08,4.546567226564529e-05,0.027972027972027972,0.0016214848733830606,30.0,-0.0961270974792029,-0.014230240866221286,-0.9320743610463813,0.5665202748165634,1.4985946358629447,0.7108895657195732,3.0,0.5568011543660929,0.03868000009546234,-0.00038757731500714917,1.1847641528147423,0.28841553831718036,0.07557776796412119,-0.005504932362140336,0.022492826832993928,2171.3150861638337,0.0,,,-1.652344362607774,0.0,0.0,0.04868473657942879,-0.13198481411279184,0.01658203132928301,0.03337741488167997,0.015157772425831051
5BZQ J2334+0736,blazar,0.401,168,22,3837.1053933799994,-0.03647451654884688,-0.049260037492520586,0.7404484122527313,0.4930000000000003,-0.3186656445240777,2.5557335706733208e-05,2.3637199548542087,0.0,0.0,6.566123153846155e-05,0.0003655196746317687,0.00044766407634186633,0.04587948072062755,6.817783630236363,1.224733184521786,0.11027260652551509,1.1923257044835092,56642.66001873,0.07124087478694645,0.39590109470569457,0.0003863906933032624,9.350710139502785e-09,0.0003863813425931229,0.02976190476190476,0.001082504120463165,34.0,0.0821150774762582,0.004329158849104903,-0.8099904511939363,0.7982379757992535,1.6082284269931897,1.115182717067486,3.0,0.6836563099086013,0.04528961429204929,0.0035667739097297708,0.27648340991490833,0.3147556628366076,0.10803518863763506,0.0207665307701832,0.08803152815404322,127.43293704555896,1.3704890552376617e-16,-12.845465660066672,-0.006024096385542169,-1.524512341722287,-4.317542301030385e-18,1.8563178446566905e-29,0.08432343920176373,-0.05110079768493449,0.027099470244558773,0.10419750226727933,0.07437366328856483
5BZQ J2336-4115,blazar,1.406,181,21,3653.4328475400034,0.16524675085194293,0.04617513964553723,3.578695205265369,1.5440006000000004,-0.11389087142646642,0.12686026597573977,1.0002553997371673,0.0,0.0,0.0008390615249903366,0.0027626557055285264,0.023298294281828523,4.806769622618705,27.76708687045299,8.433296348427177,0.03703511063878359,1.698825980629992,56807.71678036,0.3390734727562525,0.18957544504026994,-0.0002679931887839656,-2.7059539542738956e-07,0.00026772259338853825,0.022099447513812154,0.0005403786721482521,38.0,-0.05442372156229697,0.00333959122357752,-0.6850873240227715,0.8033142518399718,1.4884015758627434,0.6643718716743469,5.0,0.6506768064017574,0.12290806135926165,0.0051918915643866664,1.3160852639670764,0.9537767749530752,0.26082374407645226,-0.0009184348352716531,1.0056393549291032,278.4064493187894,1.0482941966651043e-13,1.0169131304706958,0.10693830863854735,-0.6609911941620981,4.371265467186183e-15,1.4861373285355362e-23,0.5259465683359158,0.39758368254977466,0.18047003967037922,1.5598759861958345,0.6483275088095739
5BZQ J2337-0230,blazar,1.071,170,21,3651.949267759999,-0.030534333331206077,0.06492748225464547,-0.47028364986417426,0.878999799999999,0.14579222859322005,0.057825024847787884,1.8997135136876107,0.0,0.0,0.00038691106002891097,0.00243098871680499,0.007544756939812956,1.360283701367947,19.499977384335345,3.1035754648114264,0.04970965230771935,1.5713501364617497,56824.68604987,0.485539194174313,1.0248081543954148,5.2440068104998406e-05,-1.5169575032961763e-07,5.259176385532802e-05,0.023529411764705882,0.0012609994797989686,34.0,-0.07431466044935645,0.013635494853923907,-0.8315729053400585,0.6682063067905134,1.499779212130572,0.8172785776573718,2.0,0.7155650835917868,0.10885391965012345,0.013664767804828925,1.1545529318361216,0.6462303851855383,0.25970216675553437,0.06558466485665793,0.47304253508441374,213.64553521350624,2.605612283481176e-14,3.0087032999297354,0.7524883611631236,-0.6312675923480506,-1.1683988699993938e-15,6.963723367925313e-25,0.6987379681279118,-0.06323660432892778,0.2365934494131748,0.680754064283213,0.32870790163361324
5BZQ J2342-0322,blazar,0.896,198,22,3837.1134192699974,0.02739156664754591,0.009874302537357835,2.774025460928944,0.284999899999999,-0.6463609421865064,8.320224676331235e-25,3.0465787586264184,0.0,0.0,3.016379502277512e-05,0.00011401061910246569,0.00038847389055166796,0.00531421929399003,12.878813073074472,3.4073482821383805,0.37091844915960726,1.421731934416862,56824.88367796,0.00252470770832442,0.002907377580263762,7.63776694906401e-05,4.785402158832608e-08,7.632981546905178e-05,0.03535353535353535,0.5063037060643483,42.0,0.1251010729085436,-0.02343557863105059,-0.52932628432432,0.7839740407127367,1.3133003250370567,0.556138472287724,3.0,0.6384113753504171,0.030669148791575732,0.0019437433827271626,0.20257249200739527,0.16699095334264302,0.07822378328545898,0.012026732853090971,0.022556488438797068,649.8956994735495,0.0,,,-1.9857975969341244,0.0,0.0,0.0034764042526219995,0.05193441036374704,0.0011659063778767416,0.031059227994711242,0.01638144936429918
5BZQ J2346+0930,blazar,0.677,194,22,3836.615512080003,-0.0006471516718888688,-0.013573513197134011,0.047677536573619866,0.23900019999999955,-0.49964452682476335,1.2028304920041746e-13,-3.781469087881728,0.0,0.0,2.3347362652857182e-05,0.00011504734434166588,0.00060537578391002,0.007239792548257584,25.92908530963563,5.26197090521458,0.36242425785524635,1.6741248527403954,56646.21836123,0.05522972856740256,0.9469666277129852,0.0002681659260446682,-2.2051942766134155e-07,0.00026838644547232956,0.020618556701030927,0.0010821564681764277,41.0,0.04489023994823641,0.0064936364981462,-0.7030445714163822,0.6313931265449719,1.3344376979613541,0.7945596701856272,3.0,0.621203460216444,0.022966235689084107,-0.0016269963967115468,-0.222406711692907,0.13573032047997602,0.05326995405307011,-0.01021011836622665,0.08251401445115567,3547.7604708672434,9.96080102961146e-16,-0.40835832596426597,0.021069059695669135,-2.0606420787143613,-1.4282958566761024e-17,1.5947321604491144e-27,0.0715219653873114,-0.0010852733537576329,0.02361890346294611,0.1068548522439573,0.06371786061058873
5BZQ J2348-0425,blazar,1.106,180,22,3836.580763209997,-0.0717297504759986,-0.33319210367339297,0.21528046338790402,1.5200005,-0.513825701054728,1.6220287125863596e-13,-0.7352789963715257,0.0,0.0,0.0008303398076223114,0.006419355418959665,0.01755697726015355,0.1562193998879777,21.144327994202577,2.7350062602179244,0.4965839113470274,1.6005497011379457,56641.27394403,0.02458111118822249,0.0021869764344781503,-3.847110994835468e-05,-1.5998990488189322e-08,3.845511095786649e-05,0.027777777777777776,0.0016235819027945908,37.0,-0.0009996392807665843,0.0038774626258516773,-0.6715304357576652,0.8066274796484143,1.4781579154060795,1.1953024200127924,4.0,0.5924140697155545,0.15272313095024675,0.0021365587710248587,2.128926541173364,1.0853002304943136,0.3147057885498812,0.019051603941674378,0.22963924810351932,7.38905609893065,1.3240182150652123e-16,13.304344650984454,-0.005617977528089887,-0.14758654974224122,-8.318253230467658e-20,3.516605872794617e-30,0.035672265745026285,-0.15106285450245305,0.012098858603684504,0.3332539453204893,0.1582402399432523
5BZQ J2348-1631,blazar,0.576,159,21,3651.909532190002,0.025034396482621013,0.10742979349052853,0.2330302951278423,0.8360005000000008,-0.5500260251351274,5.938136636281369e-14,-6.198997700089805,0.0,0.0,0.0008578860544350969,0.009457564582028507,0.049089660088224844,3.5003633263001963,57.22165522707777,5.190518093454597,0.09338620101248225,1.9596223313555687,56821.66203547,1.0481201785431127,2.327039930436858,-0.0060060563805421265,2.184026272467319e-06,0.006008240406814594,0.025157232704402517,0.0016211356605055074,33.0,-0.02201078106940217,-0.003306986424690618,-0.792577904250255,0.8436431794813005,1.6362210837315554,1.1342483152199843,3.0,0.6539619631307098,0.058336560239598725,0.0021903995591390194,3.453495270354355,0.6082535758467813,0.11931930835680649,0.0180418599316291,0.7886241912933578,70.31120657469444,8.724530750375202e-14,2.1733737677815723,0.5719515235124804,-1.1848861543310953,4.469589782038146e-15,2.484129139160474e-23,1.3157978993989663,0.03945420885661072,0.430720646779383,0.990029650761395,0.6281914027673826
5BZQ J2349+0534,blazar,0.419,178,22,3836.834414799996,0.044041823718743635,0.03367258264121064,1.3079431473379908,0.4160003000000003,-0.20430644307238077,0.006228579786513678,1.6282254190116343,0.0,0.0,0.00045565834389633156,0.003648532664035654,0.011428513878451323,0.7050602278305762,25.081322456744353,3.132358931022382,0.11846503558439532,1.6621353784467532,56645.36111366,0.06108821007224054,0.08022356670361339,-6.569095859785839e-05,-2.7936590929047547e-07,6.541159268856792e-05,0.02247191011235955,0.0010825042573567468,36.0,-0.07397499987937341,0.0033443723790044125,-0.9847971630967041,0.7593679840988183,1.7441651471955224,1.079154201914305,3.0,0.7032416870796903,0.045467934084726505,-0.0016307519747153602,0.6812416368204164,0.28012318506532474,0.10727161581585953,-0.006457004041273251,0.3454008569234088,13.648887748582325,4.218781838243629e-15,-3.3384783337781117,0.5511481283298049,-1.1489359097821603,2.4430204962581184e-16,2.9990869413517194e-26,0.07276936713033198,0.06249534785689722,0.023435628517736923,0.41144767107871727,0.28995607546068863
5BZQ J2349+3849,blazar,1.032,267,22,3840.1575018000003,0.07918685570625136,0.03134321654942915,2.526443180500362,3.8149996999999995,-0.6832368717417358,4.6246503887870783e-38,-1.5244978446570845,0.0,0.0,0.0003532222875011147,0.0019164818417816306,0.0028869663837017777,0.7363172576443756,8.173228240925875,1.5063885914575434,0.04757743241836055,1.257726505864424,56659.6648895,0.20266211553491492,0.1361837398344989,0.00047254985708504443,1.507732225123839e-07,0.0004723990838625321,0.0149812734082397,0.0010825050239568204,58.0,-0.04241204301931545,0.0070912702016176134,-0.5894684609096172,0.5133414310356972,1.1028098919453144,0.9930974139296497,1.0,0.6945946673583978,0.7358068915419111,0.005990266079191748,15.788447694567106,12.206587524450123,0.2477144092047565,0.059873043597184705,1.9999573128026829,7.38905609893065,6.6867507885315235e-15,-0.5076369362172031,0.6438723761048709,0.5768789890338307,4.20776165227294e-16,1.3849542436028015e-26,0.28889127367318174,0.16090769079510278,0.09762825817085254,2.8509038991454814,1.4030038873747448
5BZQ J2354-0019,blazar,0.462,190,22,3837.003648439997,-0.025830088156116295,-0.12558901508877862,0.20567155605016138,0.6600009,-0.6356562920914993,6.712196359000322e-23,-4.9899431430773395,0.0,0.0,0.0002221350571483169,0.0004957618847289419,0.0025755210055871613,0.021056000387115567,11.594392290241357,5.195076668308723,0.48541801839792825,1.383838824958948,56644.10797983,0.007133287267959358,0.005546584001759386,-0.00022661879720751297,1.871180424087597e-08,0.00022663750901175385,0.031578947368421054,0.001262747268982118,40.0,0.06645556086233372,0.010403711778273726,-0.5290066310288914,0.8821349894227515,1.411141620451643,0.6391925681014854,3.0,0.6681984334238071,0.05278147960391758,0.0037618131702160875,1.4594332686498759,0.45773365447323056,0.11867307385418724,0.009958533101385836,0.0313067848483455,654.3936816399769,0.0,,,-1.5336573222527319,0.0,0.0,0.008625085330328729,-0.03776358888424202,0.002791170055149498,0.03785403287318738,0.02589195134964937
5BZU J0517+0858,blazar,0.328,246,21,3634.287523289997,0.06276575352738127,-0.04392543964583595,-1.42891577257853,0.8179998000000008,-0.15254474425605477,0.016646906124408084,-0.3980054782521557,0.0,0.0,8.431102913772033e-05,0.00034322539172719236,0.0009120492169161359,0.07425443546977331,10.817673742407399,2.6572894553902215,0.10293643610717486,1.3588295971266726,56722.16988014,0.2448859331977463,1.4003152613132581,-0.00011268035173744113,1.9499413244186273e-09,0.00011268230167876555,0.016260162601626018,0.0012620479397532772,53.0,0.1092328803245139,0.00964684461508675,-0.2873534072833302,0.45875368611990336,0.7461070934032336,0.4053383351237331,0.0,0.9060720584159871,0.10208844986112797,0.005148491587060125,0.6518535311853224,0.7036856828588508,0.23857900517422503,0.03119431129071415,0.09122091921366653,127.2557779501779,0.0,,,-1.1135301965896494,0.0,0.0,0.28220381239338005,0.08335292068436233,0.08986896854002215,0.10512196775033929,0.07915810824573742
5BZU J0532-0307,blazar,1.88,45,12,3475.4295177899985,0.05705890787288749,0.16082240812465684,0.3547945123956851,0.9740000999999996,-0.2964919314621206,0.047965023802520684,-4.710027683247226,0.0,0.0,0.0013535246469610859,0.03574487369402171,0.050317585971955105,0.703610220949492,37.17522695116945,1.4076867749280362,0.43025514002593546,1.804067411183618,56728.35760782,0.05560375070587351,0.02949868812696331,-0.00018341456313020074,1.532371970084994e-07,0.00018356780032720925,0.08888888888888889,0.0023435041478364602,8.0,-0.2765360320630126,0.5537161463245353,-0.9734165101518095,0.13401578249726104,1.1074322926490705,1.0453207171331953,0.0,0.7535496910518065,0.12004906160945406,-0.007795279314728397,0.002336481795213209,0.6289661994827552,0.29816106754579463,-0.017470145808881177,0.43472220612847795,30.683531481207265,2.5260657574815967e-15,-2.1967630434602774,0.3841184387617764,-0.44106012685614504,-1.2156981028430826e-16,3.7601142388526375e-27,0.09436269404047065,0.16432965467391597,0.03274125247764962,0.7377480477259749,0.25616251657151906
5BZU J0538-3908,blazar,,265,21,3637.6078682299994,-0.12043967481852429,-0.08567456154676012,1.40578104683722,1.280999200000002,-0.24303919450406997,6.39356562800453e-05,0.39836910261245717,0.0,0.0,0.0002261221050687938,0.001392711690541017,0.002210469312147035,0.04940960332697866,9.775556006339944,1.5871693513976177,0.3198847226851472,1.3222946904683406,56723.54398252,0.10266914671806265,0.17588290125392944,5.884149271415325e-05,-3.064503086952756e-08,5.887213774502278e-05,0.018867924528301886,0.0014422904038441627,57.0,0.024687293249548534,0.018413480992367656,-0.5992878633933848,0.6609268131312582,1.260214676524643,0.7281591896841239,3.0,1.1401036777036582,0.219879078248967,0.011925742442483896,1.6015138910235722,1.5683919188459123,0.5010335122717887,0.05978184819688526,0.07286698758466119,285.318961497423,0.0,,,-0.8328059047408566,0.0,0.0,,,,,
5BZU J0539-1550,blazar,0.947,207,21,3638.0884462500035,0.011865950892763715,0.11386668878013988,0.1042091503659613,2.112999799999999,-0.9035701355266941,2.121271200736147e-77,3.3865847275154035,0.0,0.0,0.0006946639117772431,0.002285611071417037,0.004550853555999855,0.07979091646893198,6.551158729126572,1.991088339971735,0.37018722579404256,1.1779375261660694,56729.1454469,0.08181253069812117,0.21945493223450258,-4.952778362164268e-05,-1.5261204464578747e-08,4.95125224171781e-05,0.01932367149758454,0.012439539028069643,44.0,-0.22944197197107075,0.024463679031693882,-0.9491631737233498,0.4493443524921837,1.3985075262155335,0.8273146349699176,0.0,0.6363457310563291,0.1471420391905476,-0.005167751880209591,7.821755892053313,2.032341991514358,0.21217234076730895,-0.037529396146182004,1.1136154772141704,7.38905609893065,5.433155167429903e-15,-2.2914426849986134,0.33885391508648444,0.3358966243842751,-1.4471256460331264e-16,1.2721850454566029e-26,0.11415706714418863,0.023103006388210955,0.038401176773310286,1.553882708679799,0.7980907594657416
5BZU J0608-1520,blazar,1.094,141,21,3634.088786350003,-0.1365218010718802,-0.10973058771890956,1.244154468775836,1.789000399999999,-0.21445514251262862,0.010660701944526613,6.66622720562492,0.0,0.0,0.0008675009616399552,0.00432047354196764,0.01129756644478505,0.6763910973028519,13.023116897074793,2.614890782787896,0.13065279503699068,1.4257507183258034,56737.17893316,0.009673707719774209,0.00023373856920628084,6.53154425425667e-05,-6.70053580466633e-08,6.538244790061336e-05,0.03546099290780142,0.0016225329774180407,29.0,-0.03136280303296951,-0.0007851450256657747,-0.9279183743276916,0.768718550173604,1.6966369245012958,,3.0,0.6640563284609755,0.19554994683506824,-0.015627197441232442,1.371331800604845,1.2214523639954935,0.4344378291104589,-0.08958490953521647,0.3714618015840748,282.5395834292142,3.3849763336514438e-15,1.6857611665406653,0.17533900993622056,-0.2597247447291022,-3.726736786117924e-16,1.8253023087614264e-27,0.01399849350729265,-0.2858766514445172,0.00474515010339426,0.5375297422985683,0.25669997244439746
5BZU J0619-1140,blazar,0.97,99,12,2538.6827122500035,0.15524294256819715,0.10116265864083183,1.5345874125290844,1.461999800000001,0.08932703958119183,0.379257920717008,2.919224474045179,0.0,0.0,0.0014987486732562973,0.004533422237598382,0.022886686416392896,1.0634154679516459,15.270529882369791,5.048434761168171,0.13891754516497823,1.4831695547494135,56740.27426062,0.22531455805312384,0.4327849820430012,9.001738330163064e-06,-1.272390877417523e-07,9.128977417904817e-06,0.0707070707070707,0.0018027758247790824,19.0,-0.12594089353583243,-0.01991739892569207,-0.5224434363264616,0.27601541693520765,0.7984588532616692,0.48283207399642986,0.0,0.7105959171778143,0.1780844515281342,-0.019603726785701582,2.5222830832980483,1.149419047529187,0.33199600188879563,-0.019911265691011093,0.416250228157593,19.686288546365983,2.5057960958306995e-15,-1.115456056303844,0.721067085811486,-0.48713735697676247,4.326028991643815e-17,1.3599087041110912e-27,0.31624405233810926,0.3058285968593484,0.10651891044467174,0.5842350360165496,0.2965660081302282
5BZU J0620-2515,blazar,1.9,112,18,3442.21905023,-0.0100222804071115,-0.06089088440497325,0.16459410148250259,0.902000499999998,-0.24160935803361833,0.010275766026716928,-1.9790992485921972,0.0,0.0,0.0008507099109096904,0.006514886951098211,0.1142932469722374,0.8242678816471436,134.35043529194303,17.543396809890563,0.41591170677740624,2.267464296360173,56932.90509845,0.1789962951796206,0.3558785525714831,-0.0001120544186424374,5.609974546956458e-08,0.00011211051838790696,0.05357142857142857,0.001080411498977157,24.0,-0.04778411999036236,-0.009878211547958336,-0.6048688171319965,0.9614737737242207,1.5663425908562172,0.4738240502271335,2.0,0.7022894772793461,0.10467083838869244,0.007948770627539944,0.5956349288640617,0.5770682772015632,0.2700112640502258,0.0240728639226091,0.4668663091868438,7.38905609893065,1.150721241926551e-15,1.5456651861708384,0.14483821263482277,-0.4037887899950738,-4.400783589138109e-18,6.522008585815543e-28,0.30481970686831683,-0.02906461318062335,0.1057983748695417,0.7950446760376817,0.27415333656471785
5BZU J0621+3750,blazar,,207,21,3633.9135682599954,0.0053661655446622224,0.05071693458601037,0.10580618857320316,0.8199998000000015,-0.6159249138965925,5.229529158114441e-23,2.736006108888429,0.0,0.0,0.000797688270351071,0.0024324168507430218,0.005431092292621322,0.09180093070596196,6.808539736233682,2.2327966889102537,0.36860500407704916,1.1918363522983904,56739.03220769,0.10224302986415981,0.09653579145478296,0.0001720082970632824,-2.7707171472613497e-08,0.000172036004234755,0.01932367149758454,0.0009012135797279679,43.0,0.05995888381756016,-0.014442488032468248,-0.6794671656402977,0.9356068896464454,1.615074055286743,0.7729172103805555,4.0,0.686107090518201,0.09520488132744875,-0.008814933320711931,0.25851774230965513,0.5077958202016936,0.23048479058159677,-0.04298369003643043,0.07813458897864892,700.8716713023092,1.7763568394002506e-16,9.849370589540275,-0.010152284263959385,-0.7416333835435516,2.9653250193943835e-18,8.291667251790943e-30,,,,,
5BZU J0645+6024,blazar,0.832,202,21,3633.7409022300053,-0.009546343236843004,0.07436256209940947,-0.1283756633355538,0.7870005999999989,-0.5437353602688002,6.158576844959397e-17,-1.7907552700928155,0.0,0.0,0.00022890763862811443,0.0012320762180623346,0.002356537086890881,0.01361985705249169,10.294707029959044,1.9126552809243502,0.7075884262779637,1.3409577173451082,56932.23173806,0.0424145857310424,0.06164364823249886,-0.00019215121488076707,8.965208022183746e-09,0.00019216018008878926,0.019801980198019802,0.5244332165366272,43.0,-0.09996477013214115,-0.014258926439043206,-0.7739048910462347,0.6624929541412881,1.4363978451875228,0.6299566759694246,1.0,0.6863094581497405,0.06221754304565413,0.0033119539491419017,0.5488303672869036,0.47254566201986886,0.13728677137899647,0.019587255550415295,0.021475134369003772,290.3954976252042,0.0,,,-1.429985299146926,0.0,0.0,0.05740873326918346,-0.01748890080989638,0.019175347868888068,0.02906689384467348,0.015866208430498626
5BZU J0709-0255,blazar,,181,20,3445.272200490006,-0.03243279292855824,0.05571928552609417,-0.5820748170464153,0.6090002999999999,-0.0382785389026649,0.6089276562525463,3.5372404522484664,0.0,0.0,0.00038401289993899137,0.003631920812456799,0.011517631472357216,2.267245079113054,29.992824314480615,3.1712231802198723,0.04518155290874355,1.7266363692318174,56944.14615676,0.34118781891618066,1.6978435862743742,-0.000284457050267391,-3.891230444519694e-07,0.00028406792722293904,0.03314917127071823,0.0016204428473673314,38.0,0.09013568558262107,-0.01759888019267739,-0.5636147580412021,0.8253765803369725,1.3889913383781747,0.5280543820023718,3.0,0.6588203021928857,0.06327392383449087,0.00045905272006072664,0.2736434123893756,0.36416489259009993,0.14881089362391164,0.004342448041967373,0.7411048522466114,180.64078257505156,6.64487915275089e-14,0.6942488875892948,0.5378892681752596,-0.8607653336502251,-1.0286436798074476e-14,4.799316108943338e-24,,,,,
5BZU J0713+4349,blazar,0.518,217,21,3634.1084088299976,0.05764346782289381,-0.07318533142704088,-0.7876369034464114,1.7720003999999996,-0.403334731161395,6.771531843670673e-10,1.5421952179839826,0.0,0.0,0.000317817824179529,0.003208858851749865,0.006352720511052467,0.04103700354322132,19.98855950720807,1.9797444520217637,0.6394324718790574,1.5802756504699733,56747.85583192,0.028412817760208715,0.014521821008993414,3.458251874212352e-05,-2.442488276438245e-08,3.46069436248879e-05,0.03225806451612903,0.001622184668034143,47.0,0.01905858959891884,0.009367603135578634,-0.4769808514303173,0.41681726523993134,0.8937981166702487,0.6248563921220115,0.0,0.9828737979586298,0.21975500353964703,0.009351118569704676,3.1409549875489726,2.216357577992166,0.3935326082172117,0.0461828247441326,0.04809777607330862,742.7217280783369,0.0,,,-0.9395203076726766,0.0,0.0,0.03500662090873089,0.08750278415515281,0.011395123248043638,0.059259895578162934,0.03903813937955398
5BZU J0742+5444,blazar,0.723,291,21,3638.0316996999973,0.04408816183536559,0.01717507702608009,2.5669848099323453,1.5050001000000002,0.14996143003521226,0.010417876960820126,3.3367299641327834,0.0,0.0,0.0010188826920984918,0.0027344299936237636,0.008743715348241634,5.80851464848794,8.581670301662893,3.1976373011680272,0.017023538130778903,1.275314618889703,56750.62301384,1.5064346034034848,23.946239395037974,-0.000166888081311691,-1.7470758592784818e-07,0.00016671337372576315,0.013745704467353952,0.0012620563997248345,62.0,0.09206292554405722,-0.007738175381282128,-0.7005221414253293,0.8013325848118459,1.501854726237175,0.7918228682428397,4.0,0.7475937071734108,0.11988124190764576,0.004261876386318303,4.29316274927913,1.4995733661620887,0.22215078413177247,0.02775618345555797,0.8864517092358503,36.796575404457336,3.8699514577861194e-14,-2.5235422957235594,0.6920931683246978,-0.5046957019075698,-7.930307947299245e-16,3.099868465108679e-24,1.9773926783249265,0.07596390284233491,0.655370821043591,1.163583945543568,0.6753244025209334
5BZU J0908-0959,blazar,0.054,90,21,3633.388664750004,-0.03927997837851317,-0.009534711103231314,4.119682070409159,0.5589999999999993,-0.5648234637778926,6.676446534689869e-09,0.7958140812594122,0.0,0.0,0.00035805885124339,0.00046672922934014896,0.0050461042841006545,0.007534934223635,14.09294659937795,10.811631147299451,0.90526869459908,1.4542253454395528,56979.58533852,0.03095302757370559,1.0862205546321748,0.0002902719807366953,6.533915521163585e-08,0.0002902066415814837,0.06666666666666667,0.5214754262833756,18.0,0.07784364254622922,-0.05936616795718216,-0.7443685687855133,0.7967059048894141,1.5410744736749273,,3.0,1.6870958198428545,0.10745634988477093,-0.005013357898235047,1.5981579346790011,0.9179098273779223,0.18369831752479393,-0.015357675500119905,0.05761437133556685,7.38905609893065,0.0,,,-1.4787540874400595,0.0,0.0,0.03177777165632326,-0.041401097210952885,0.009675930016006244,0.059149507493721255,0.056119077318521116
5BZU J0909+4253,blazar,0.67,260,21,3633.9530311400013,0.056807937631697634,-0.011336871967354228,-5.010900519586209,0.5289992999999988,-0.40504876548430213,1.0973793640114144e-11,-8.3573457800345,0.0,0.0,7.523197730177668e-05,0.0002351476911772025,0.0008842724411292874,1.3515969232090335,11.753943749587725,3.760498063756959,0.007725697582962703,1.3887682489306443,56771.15910365,0.5209915020260909,1.2613606550266188,0.0004611476474719,1.2499014735869733e-06,0.00045989774599831305,0.015384615384615385,0.0009008661464868976,52.0,0.07288331753766394,0.014445830849863357,-0.5604379059348521,0.5177091839873358,1.0781470899221879,0.693815284054928,1.0,0.7112075895493973,0.04323079895063246,0.0061331169714552245,0.3526337303270996,0.35904149236543714,0.10396636052540265,0.03165930460872002,0.6040462884067617,674.3894771836653,8.062390376942273e-14,0.40121680781399804,-0.043787316435008564,-1.3502926855167,3.4670026857812315e-15,1.3105692169811738e-23,0.6732693981284771,0.09486925584493505,0.22220874268937268,0.7805998359969303,0.46742505149516783
5BZU J0921-8209,blazar,1.291,212,13,3474.7759120400005,0.06221797922024081,-0.09391255679502802,-0.6625096935230582,2.336998900000001,0.38304327030002894,8.135214222058866e-09,-2.330787401642163,0.0,0.0,0.0002232747681862057,0.003709099756173943,0.008059119056769107,0.6834414851131572,36.09507283847195,2.1727965232484214,0.09924949096422556,1.793432502597018,56902.99024722,0.40803142641505374,3.604920820136262,-1.1103207811038789e-05,2.2001637966238485e-08,1.1125209449005028e-05,0.0330188679245283,0.010985762546198955,42.0,0.07389261398887725,0.024757705327986806,-0.24321508693019964,0.38167665680251395,0.6248917437327136,0.38346367083230126,0.0,0.9696156839606188,0.38462825827148284,-0.03085584496257478,9.478945464414755,5.096605589913783,0.40351298970480554,-0.08578682865436826,0.3788186644493254,12.974489976285469,3.4053274889133458e-15,1.5090358034631068,0.3530442859711153,-0.9257610139930885,-7.412089574692236e-17,9.294123392138641e-27,0.6175983942359445,0.1425413903935717,0.21108603373685225,0.5733818125874554,0.2502757802651486
5BZU J0923-2135,blazar,0.053,178,21,3633.579690120001,-0.06273238301041832,0.04589664934702651,-1.366818360444923,0.26799960000000134,-0.1862925042361181,0.01278235184577617,0.8455969162496922,0.0,0.0,3.1746499076020274e-05,0.00031070911552562135,0.00041846314547515953,0.1261066547367676,13.181394625332123,1.3468003454628366,0.04162713959111787,1.4301077793972514,56797.27458392,0.09285485718678273,1.2882370077680512,-0.001611157756819149,-4.98796443038365e-07,0.0016106589603761107,0.02247191011235955,0.0007206220396929519,36.0,0.08786407515976769,0.006941843164179005,-0.6839197461301931,0.8555367411408513,1.5394564872710443,0.7606194557937346,4.0,0.8332624474325442,0.040501182818462884,-0.0016332352796517976,0.19297645738677535,0.2101058405512065,0.10486314286069565,-0.0038804495180374543,0.15276127210442642,156.86345084913125,2.754495681464093e-15,0.47015256338867983,0.23908942499546518,-1.955543756197053,-5.330115549004043e-17,2.0460002960302007e-26,0.09528374363891376,-0.06605719930997049,0.029006831280535408,0.15675718352431453,0.14886722082081152
5BZU J0923+4125,blazar,,252,21,3633.6219452000005,0.12712012925503888,0.16931265936420895,0.7508010903165274,1.5900011000000003,-0.23936010306219924,0.0001246711923666331,-3.631134866524299,0.0,0.0,0.0006706275076384302,0.0033310898818762866,0.011944369097526669,0.9658219371991515,17.810735383905183,3.5857240475339855,0.09402285785304537,1.5386687949563953,56964.98093205,0.15574651149650692,0.5306427340261247,-9.034990899861534e-05,2.3472498096864482e-07,9.058463397958398e-05,0.027777777777777776,0.5229075646543385,52.0,-0.12264253967137043,-0.011663172538430515,-0.5191253571238568,0.4819535544756386,1.0010789115994954,,0.0,0.6906120859206331,0.08270245840956486,-0.004609347265987596,-0.6214625451550984,0.7563738208124108,0.1942857822896631,-0.02980599255781835,0.44910588003338475,30.958216052762744,4.378278200031445e-15,-0.4932805023575595,0.2774912865474022,-0.7918310402182998,-6.053325354403077e-18,1.2428308504805092e-26,,,,,
5BZU J0954+5719,blazar,0.981,268,21,3634.057066909998,0.03900996010451702,0.10624780690389864,0.3671601442070387,1.2830000000000013,-0.5945963334935536,5.170897239334941e-27,2.188891320246953,0.0,0.0,0.0008840332910497631,0.0029975500305486047,0.009612334566627847,0.1239792406621567,10.873272141527856,3.2067303182465614,0.3950611629679558,1.3606785643238322,56772.47819779,0.018282572980038346,0.000925726938215871,-3.371569979478609e-05,4.366372239630924e-09,3.372006616702572e-05,0.018656716417910446,0.001621489226547166,58.0,0.057132910712083707,-0.018313701424510734,-0.5435912054334481,0.644624830945576,1.188216036379024,0.5952531524859341,2.0,0.6928291140062416,0.1622410664628959,-0.0009312555759904633,0.7676981870011658,0.8843201710787347,0.4189090385181864,0.015122369071071118,0.07100956584057383,442.3014786423051,0.0,,,-0.3481213644415583,0.0,0.0,0.025732356140085934,0.07727873096704822,0.008672557445771773,0.0999445449804896,0.05045156233240263
5BZU J1734+0926,blazar,0.735,226,21,3652.1113074800014,-0.011865421150700137,0.4331880200794428,-0.027390926343078752,2.2750006000000003,-0.7760310765620295,9.878345308187994e-47,-1.6998190890392888,0.0,0.0,0.004578572046280819,0.017107590451460732,0.05400597508572795,0.3769656827190162,11.795375179866769,3.1568428783587,0.5763021916476487,1.3900373506391817,56731.22092644,0.2588459252828687,0.29418336049539257,-0.00031568176058687864,-8.365096863853667e-09,0.0003156733954900148,0.017699115044247787,0.0009015623271832795,48.0,0.034691422246291896,-0.00019959609722909076,-0.7109611721650153,0.8647794972811684,1.5757406694461837,0.8005460196604126,3.0,0.8168153421469485,0.29849451775436786,-0.017488051807600394,1.4353060446915136,2.1873217792801505,0.6574873111830732,-0.12533123142987923,1.2073730586188698,7.38905609893065,3.1627134359917006e-15,-1.3582144709885056,0.5220336996452539,0.5451161600623696,-2.539347368793633e-16,9.695234252449085e-28,0.34095029640208496,-0.020586505696464738,0.1131046245662661,1.5903445331586228,0.9166250911577078
5BZU J1804+1755,blazar,0.435,278,21,3652.3163397800017,0.01631345558558118,0.026325288713969358,0.6196876229100781,0.42200090000000046,-0.48309592215354785,1.1587745897628578e-17,-6.999648016005479,0.0,0.0,2.906882328623372e-05,0.00013027502287791732,0.0003147872167157264,0.021827430159006615,10.829031598116677,2.416328221215436,0.11986968645266093,1.3592080832712519,56739.38416956,0.044128275060861914,0.5025614172685337,-0.00016635249342354972,4.008774341386081e-08,0.00016639258116696358,0.02158273381294964,0.0016225328678952072,59.0,0.019055336328557507,0.022006820444428962,-0.4180833963535187,0.6181301247803257,1.0362135211338444,0.4601460344021855,1.0,0.6552563732813628,0.03438081157941277,0.0047945684314872625,-0.08540884332235553,0.24459397139802797,0.08774327575792928,0.02644203854848748,0.055890197605947496,1612.2334940584358,1.25607396694702e-16,-14.035847859165044,-0.0050505050505050535,-1.9109710446745742,-4.184435725468343e-18,1.6583334503581885e-29,0.052861916224069765,0.02340980876530899,0.017055532662557816,0.06695169796502339,0.04665623551569575
5BZU J1809-4552,blazar,0.07,99,20,3652.0499492699964,-0.10907384966253171,0.024532615987147684,-4.446074960765459,0.8520003000000003,0.03738435129054459,0.7133400853150758,0.0999876782825461,0.0,0.0,5.676764153405793e-05,0.0005154338327581943,0.011645046612835497,0.03325376789998704,205.13528645916574,22.592708996085314,0.6368176393691747,2.4201079672610644,56742.49044814,0.08262256686512637,2.6986074633275208,5.049526223824392e-05,3.955116619786112e-07,5.009975057626531e-05,0.0707070707070707,0.00901352955509853,20.0,-0.28755914361125,0.022037334043531177,-0.9460173801295044,0.88631420736511,1.8323315874946144,0.8345955741926665,1.0,0.967480719757089,0.07333634449841547,-0.005823828115550207,-2.5262246668142954,0.5969366276766694,0.1486207351148756,-0.019199486116730724,0.1579675442342092,7.38905609893065,2.52480367108881e-16,0.0,0.0,0.2971592487964048,-9.608003724966822e-22,1.428199087253946e-28,0.08546544772163214,-0.11670901913890894,0.02610628099491127,0.1634028983328751,0.15271298909614495
5BZU J1933+0726,blazar,,82,20,3469.107713810001,0.06355452881541736,0.1461780519857425,0.43477476920828145,0.6070002999999993,-0.38430891340810214,0.0003644605297982389,-0.5698739570940452,0.0,0.0,0.0004286116529408578,0.006769730644254769,0.009650991825700053,0.07355459129748422,22.51686751156736,1.4256094269370818,0.626106601202305,1.623233558101932,56947.59904769,0.03139651605129713,0.09932376592502253,0.0001582229395198845,2.372190512248311e-08,0.000158199217614762,0.07317073170731707,0.0016200933059411981,18.0,-0.29723820909885185,0.03468388037169247,-0.8277377966450377,0.26250566178068974,1.0902434584257275,0.6244742537236495,0.0,0.8794371000043408,0.08364703665571309,-0.0015522809757462066,0.691789173503318,0.5126631906072611,0.18531303910246189,0.011785847988593168,0.31024866713657046,7.38905609893065,5.884973898853822e-16,1.1975690187256354,0.07954545454545453,-0.645166184930701,-1.444758904254183e-17,2.7725307544007526e-28,,,,,
5BZU J1937-3958,blazar,0.965,156,20,3469.594012579997,-0.058960886965142394,0.018472145721497264,-3.191880783861817,0.6709995000000006,-0.24857096147936014,0.0017543746615611472,-1.7573576791986296,0.0,0.0,0.0008058541708021572,0.0039876775102123466,0.014232535809032127,1.9123750494341514,17.661428465653355,3.5691290905580537,0.06199981476881631,1.5356325321575788,56941.14607471,0.5077744486677526,4.781403146007933,0.000546761494731781,1.5160546035472182e-07,0.0005466098892714263,0.038461538461538464,0.0016204428747380796,33.0,-0.017176026369088,-0.00011320731415417982,-0.3988898882277437,0.7059329496608453,1.104822837888589,0.6222990235655768,2.0,0.6174142785522226,0.05951567755685028,0.003313922651233445,1.1582662886979653,0.41173140903886873,0.1268130747145899,0.00929145689428057,0.47761353600225104,16.746414089017936,4.479440263737297e-15,2.644109204479953,0.2701968155115047,-0.7555962897032895,2.293970777214571e-16,1.9114652779662038e-26,0.7117903906800693,-0.1158581428865048,0.23968208063232296,0.6695112884807148,0.34071821296728494
5BZU J1941-6211,blazar,,272,20,3474.489439240002,0.007672428447882323,-0.008250743431122616,-0.9299075303858277,0.5779990999999995,-0.4970619747359498,2.220915458599884e-18,3.9001797949032193,0.0,0.0,0.00010932528517854257,0.0009205253682020939,0.0011864073924532474,0.05660220511655223,10.852085861597363,1.2888372576647382,0.19244698228693127,1.3599751158675075,56936.86760013,0.14554875398852035,0.6738344109471603,-5.012289452499032e-05,4.7812005471403716e-08,5.017070653046172e-05,0.014705882352941176,0.013503913319644007,56.0,0.18011629175831528,0.01789379614504712,-0.24783679522272217,0.8003404852343874,1.0481772804571095,0.470316514832228,3.0,0.5617954141862391,0.04285504659038694,0.0004439567905491068,0.05067755471588071,0.29583234088045685,0.10283372779770616,-0.0010100616428437847,0.0973063430875229,504.4803840745629,6.993523870246153e-16,0.13190430286040392,0.030844155844155858,-1.3247141775366957,-4.5139648913113226e-17,2.683089258947904e-28,,,,,
5BZU J2008-0418,blazar,0.589,181,21,3649.297123559998,-0.03908675316633334,-0.0025183181346390363,10.0,0.526000999999999,-0.5003812316908721,7.36050092030764e-13,1.9482900454324426,0.0,0.0,0.00019387093114635076,0.0005560945985354109,0.0021106727788849106,0.031294265835279875,10.886999693649742,3.7955282799873826,0.34857928066661326,1.3611336294064502,56774.67262266,0.07619983214078896,0.2461280789679628,-2.819720781793948e-05,4.3747493366219906e-08,2.82409553113057e-05,0.022099447513812154,0.0019819773305923033,38.0,0.01840812311538887,0.00948528361907251,-0.6671324737614408,0.6327679198325827,1.2999003935940237,0.739604206792638,1.0,0.7162413031001988,0.057703093329203294,-0.0003902661269300699,0.34500200799425135,0.3490019117005668,0.13087105146485956,-0.010872507397833187,0.08066597144493387,1019.8558510139269,3.9610669211169717e-16,-1.2833005767165455,0.10614525139664806,-1.2588910870370125,-1.99840624726672e-17,8.720469488257018e-29,0.09605411240886011,-0.062108850781303675,0.031480592895117204,0.10168392857382683,0.06399240313016162
5BZU J2015+3710,blazar,,12,4,3287.62623917,,,,,,,,,,,,,,,,,,,,,,,,,,,,,,,,,,0.6412814921064921,0.02756380269963973,-0.0022882739981742333,1.1807958743088252,0.10561140928078294,0.05747130509873033,-0.007257996765721586,,,,,,,,,,,,,
5BZU J2025+3343,blazar,0.219,64,14,3287.881551819999,,,,1.0120000000000005,-0.23358235396478394,0.06322345419174179,-3.1055965376533874,0.0,0.0,0.002353871298642391,0.0028442260117677418,0.0285520293113936,1.3419771339237752,12.129817511998779,10.038593692351954,0.1283316049362854,1.400121485204915,56790.98728727,0.053258721780596596,0.022949896319635284,2.250515141165184e-05,1.6568727142797332e-07,2.233946414022387e-05,0.0625,0.0012610023271735161,12.0,0.09447389961653885,-0.04612787308088766,-0.30081580529203056,0.46801920583155737,0.768835011123588,,0.0,0.544940696503104,0.108431828440178,0.0043231959316037075,0.6542488063071755,0.5166443341688352,0.25222319861818865,0.001236177206956568,0.6467089361700255,7.38905609893065,1.3136335981433192e-15,-0.5328212267326383,0.285799522673031,0.1932687884427411,1.0092568947107333e-16,2.352369141219284e-28,0.05880206690510079,,0.018435895451896424,0.7140205559092262,0.5857428678500626
5BZU J2031+1219,blazar,1.215,236,21,3652.258998969999,0.09676917643249432,0.03551433604610323,2.7247919349209457,0.9510002999999987,-0.08397172626168743,0.1986454715620622,0.39997360700561246,0.0,0.0,0.0005608233852029812,0.0034329902120420986,0.017311718993154313,0.3017659476332143,30.868397108690843,5.042752212746264,0.2798617749121906,1.737014666400423,56784.47612641,0.15212706706545817,0.4733567865583851,-2.29708681553168e-05,7.770471703516922e-08,2.304857287235197e-05,0.029661016949152543,0.001802081642705089,46.0,-0.1545980301715696,0.02020652074968784,-0.7816637966052817,0.44470327148875677,1.2263670680940386,0.9062343868265298,0.0,0.7251449548558534,0.09110930151937464,0.0003500970835052504,0.8536956712682889,0.6819900822179594,0.228070560092826,0.0015926255266823786,0.24155204692960408,7.38905609893065,5.891509130072236e-16,-3.2892146681210574,0.13636363636363633,-0.8056199955121964,2.4506698187601465e-18,1.7266718627258378e-28,0.22640882854401587,0.2143437257979749,0.07715595454199327,0.3594989177975058,0.1623019944909733
5BZU J2034+1154,blazar,0.607,194,21,3651.536865009999,-0.19487419365032516,0.040132378135926815,-4.855784847593476,0.8699998999999998,0.7372374392485802,1.5661453253889029e-34,0.0,0.0,0.0,0.0003037777348349512,0.000988716724831605,0.011735433728671798,0.3725654681311969,38.63164526003283,11.869358960020808,0.16042064500223946,1.8179278039911746,56784.87100219,0.7468158640919034,20.80215630268318,0.002757022741180896,-4.85350750006183e-07,0.0027575080919309022,0.020618556701030927,0.0010811109650796591,42.0,0.07151961690064773,-0.0007695990518855564,-0.8773687774611683,0.9996944421068857,1.877063219568054,1.3331114709520935,1.0,1.03666920552757,0.1575529819436944,0.02941188073686113,0.15240001438792514,0.8803968581752292,0.40255687244249216,0.16223124710652115,0.33966347019533316,10.239846404114326,4.5894879265628525e-15,-2.4338420196887913,0.7001204704815578,-0.9737022997473578,3.3056585476015845e-16,4.076792948312571e-26,0.9467198283119211,-0.3131628291960725,0.3107807237760713,0.43058290222338547,0.2679420673449816
5BZU J2051+1743,blazar,0.195,256,21,3651.9533934499996,-0.06281263476545781,-0.030994242516326757,2.0265904137637873,1.0130005000000004,0.2644538285728454,1.8100111450654274e-05,0.04999251736413415,0.0,0.0,0.000207483345764901,0.0008000542055396769,0.0017068059180561927,0.21129667418262285,8.226230898377455,2.133362844798126,0.07875567592578465,1.2600578919026242,56791.18784441,0.23934697047405207,3.2787489354645256,-0.001077372915278143,-2.805755784630821e-07,0.00107709233969968,0.015625,0.001081108035592867,56.0,0.06421090864182302,-0.003215919514270286,-0.43316630981655857,0.7953831654618525,1.228549475278411,0.48740873022695796,4.0,0.8843809938191248,0.09653147372883608,0.010687914822348892,4.8102899780148,1.1488180684465406,0.1811308712846329,0.05658383763405328,0.4707824646048736,7.38905609893065,2.009718347115232e-15,0.08811270043731774,0.4268427605745902,-0.7291597742417433,-6.899845696099366e-17,5.2076231645826864e-27,0.26164466718959245,-0.0750610985447221,0.08172131907302613,0.5146408205053596,0.43066177448147236
5BZU J2156-0037,blazar,0.495,171,21,3649.211972129997,-0.029887451983231856,0.23137002050807948,-0.12917599228110965,1.3089999999999993,-0.04375572536466926,0.5698612343465937,1.79837961665544,0.0,0.0,0.00035477984230180003,0.0023172366763705506,0.019806866177715595,3.774720263901465,55.828611888941275,8.547623283863752,0.038702215144826316,1.950733195163314,56803.03661123,0.043662609654807616,0.006300708508464006,-0.0001622009694195818,-4.2812063094974073e-07,0.00016177284878863207,0.023391812865497075,0.0014415917864539784,36.0,0.08859259810331854,-0.021360186064954264,-0.7043124672371268,0.78672101299593,1.4910334802330567,0.7682136882907258,3.0,0.6828464358761892,0.10482085522344044,0.0007027413022167018,1.1339706689239604,0.883757725733187,0.2193558905031482,0.015409502382804696,0.8431314315698645,205.24490277063745,6.139445330013689e-14,-0.03263402600551362,0.2382650878125404,-0.6368642213656965,-3.3086752706512694e-15,4.7684572667131274e-24,0.05338635692190289,-0.044681740714931625,0.01733713642829745,1.0308984253053588,0.689564164083852
5BZU J2159-2841,blazar,0.271,157,21,3651.614038300002,0.08636191217969046,0.03117422117982217,2.7702989492994643,0.7490006000000005,0.1958552514368485,0.013959440465662642,-0.19995148738124582,0.0,0.0,0.0001692130967162724,0.0010549181529863104,0.007768081228237742,0.23909842950812424,45.90709190409628,7.363681437165359,0.17222708824183458,1.8801612847517457,56973.03659219,0.1149240005084709,0.7361091606391232,2.7813741345663012e-05,-1.3732190495607022e-08,2.782747353615862e-05,0.044585987261146494,0.49694911906913863,30.0,-0.037372314818647216,-0.008597324525653947,-0.7120856710809009,0.7001337011589243,1.412219372239825,0.700208341813599,2.0,0.9973830064800395,0.09224848584956738,0.002190327467710609,0.43192074869264524,0.6818079928878686,0.2061287261160175,0.005961135266063566,0.2075317302132357,55.63879249649524,1.3223304919890588e-15,0.2161548499009186,0.2063702720637027,-1.1672138000546637,-1.0226846807291366e-16,1.1017271212904496e-27,0.12956375036961174,0.10976599038038656,0.04093789811419489,0.23396844147571555,0.18408217267955596
5BZU J2204+0440,blazar,0.027,249,21,3649.2421542599986,-0.09587173534689435,0.013666044016961571,-7.015324641710755,0.38799969999999995,0.6682398299136979,1.4086438896247676e-33,0.04995540252238191,0.0,0.0,0.0001761003188037789,0.0003805820963262907,0.0022599367513014474,0.06076300771282449,12.833234793778905,5.9381057784331315,0.2088656925475575,1.4204532407425314,56806.58895063,0.03461332252485713,0.27126489832139666,-0.0006206651397203171,-2.169298777497787e-07,0.0006204482098425673,0.01606425702811245,0.0010807576454544157,52.0,0.0013859611501082856,0.004113578949531069,-0.5341969800893226,0.8177180142477927,1.3519149943371152,0.548020389418489,2.0,1.171144186964584,0.07437569458791168,0.002609740385388541,0.22728017461336758,0.4253457427549143,0.18882052217905398,0.009865268372812874,0.182204389122276,7.38905609893065,8.611209269944327e-16,-1.6218147102524074,0.40721535745807597,-1.484741666316308,-4.8770614391546526e-18,2.2923376189294164e-27,0.035077490115563374,-0.09846027220126048,0.010621227771472569,0.18464776543364436,0.1797933451155252
5BZU J2209-2453,blazar,0.159,142,21,3652.113977000001,0.063928186858863,-0.05880011752585861,-1.0872118891726572,1.286999699999999,-0.6842884449848488,6.150921997278591e-21,1.9997886253251205,0.0,0.0,5.880504634480005e-05,0.0005239632831937201,0.0011734523106871487,0.04835316464273094,19.954959032796587,2.2395697295715458,0.177948288510828,1.5796688532849463,56795.07889888,0.001647437655171606,0.000307809175314717,0.0021752997000399964,7.386868588431102e-08,0.002175225831354112,0.04929577464788732,0.0016214862149082888,27.0,0.15771278455332757,-0.02181071477318512,-0.691654920525256,0.9472040811050357,1.6388590016302917,0.76269420564037,6.0,0.8093305333990075,0.12349922667866936,-0.005635366897506852,8.860586596894803,1.4890718371802432,0.12682513975238452,-0.02267941551536168,0.2962245465569739,7.38905609893065,7.745829307743405e-16,2.97647021058703,0.40080960575599084,0.30776442129206755,-5.825254972036177e-17,4.7027063836609455e-28,0.0017735796878849321,0.07409276856942222,0.0005506603893220187,0.3189060521817726,0.2751562141344026
5BZU J2209-4710,blazar,0.006,198,21,3652.0840445099966,0.03615406941188164,0.09428480689907827,0.38345594164053043,0.4330000899999993,0.1788088357367349,0.011719519112485909,0.4999430587967141,0.0,0.0,0.00016059540502396896,0.00072551611684796,0.0016212782238387438,0.03455281761176079,10.095420933751786,2.2346550048368474,0.3027970890941732,1.3339072904025264,56786.06707867,0.029501284464054985,0.5399443823186104,0.019051729227332417,8.794184471981276e-06,0.019042935042860434,0.025252525252525252,0.0010811084188829436,43.0,-0.13261566512868234,-0.02480266189921807,-0.7523484328482591,0.805132635008234,1.557481067856493,,1.0,1.319592019221973,0.08675320182220966,-0.013422511720149626,-0.23383454072299537,0.5081178621488383,0.2108629848496173,-0.05219566398792752,0.29821993180664164,7.38905609893065,1.538370149106851e-15,-0.10483500966907551,0.5094884921449263,-0.9791216233513658,3.159416963361508e-17,1.0522314835418666e-26,0.029589655958447144,0.036370993828352925,0.008919150729400386,0.29911325362330327,0.29732927795556985
5BZU J2211-1328,blazar,0.392,170,21,3649.23629162,0.03284313953515559,0.042520140138043665,0.7724137180293565,0.25300030000000007,-0.2780068365830591,0.00024193353163359227,4.24620239271321,0.0,0.0,5.221817338361501e-05,0.00024605036594030415,0.0015384382933552986,0.09564710328764231,29.461740313886366,6.252534033930334,0.10327158168753182,1.720192687286796,56802.18357617,0.11760170529880827,2.6179357095407148,0.00016232379951363016,5.129224529842921e-07,0.00016181087706064587,0.041176470588235294,0.0016214870910311958,34.0,0.0419227849488754,0.0224939972315576,-0.8854671636453056,0.6856871522581806,1.5711543159034862,0.9684650136515582,3.0,0.7060840480097257,0.027356698675137826,-0.0003231515225096479,-0.10235053464902608,0.1657697152609774,0.06528456302322205,0.00536018604720867,0.16591572526548892,84.01478983263453,1.9790054008286647e-15,0.7580222928272411,0.43618886061634154,-1.910327582471622,1.77880674673136e-16,8.821759758375372e-27,0.138750078328444,0.04571765023293657,0.04454296011818638,0.19575243248399107,0.14062674747413154
5BZU J2211+2919,blazar,0.149,268,20,3452.0822583700065,0.022302913992066218,-0.07571441008546538,-0.29456630470858847,1.6820001999999992,-0.1705476653921677,0.005118596253518571,2.5991036852888483,0.0,0.0,4.691743561040583e-05,0.0002759326224753685,0.0009640550320507087,0.13199940928316214,20.547905037013265,3.4938059150398586,0.060853764883216935,1.5902298519306,56818.69175985,0.044830658243471225,0.1682080829336592,0.00033667084131482267,-3.56283984575282e-07,0.00033702712529939797,0.018656716417910446,0.0014408936345059562,57.0,-0.07496017119244681,-0.04092415501465565,-0.6548765493546773,0.5403055222983337,1.195182071653011,0.34262621680757294,1.0,0.8594893440700259,0.16411163533448694,0.00671576393457914,13.483574581691867,2.6596226543178814,0.12642587286734308,0.012275331272787127,0.6371527959056242,7.38905609893065,2.312677439116502e-15,-1.1648978544935402,0.3348289296599247,-0.49928038823254767,-3.9638282816967394e-18,6.010697800092735e-27,0.048054618075745945,0.025626048176884086,0.014894377198932805,0.6829731139983307,0.594406539598199
5BZU J2250-4206,blazar,1.04,178,21,3651.954424390002,-0.011115404654797142,-0.0863468743059084,0.1287296702300729,0.6929999000000002,0.0889890774342092,0.2375062478476144,0.3499477203385354,0.0,0.0,9.017825898077432e-05,0.0007080288695170548,0.0058786318020672195,0.2517821452634463,65.18901344204826,8.30281369426957,0.13049031422068397,2.0066392342674853,56798.70153095,0.11970212817384139,0.39198977577117144,8.042614948502653e-06,-1.5394859670869165e-07,8.196563545211345e-06,0.02247191011235955,0.008287326680356253,36.0,-0.030590318966654616,-0.023349010961691508,-0.7995380702740632,0.8492117081932233,1.6487497784672867,0.6005378677799329,5.0,0.8307781348410292,0.08828363040620626,-0.0006615414956374002,1.3640375246991099,0.5849012358012448,0.17248641005365462,-0.0021887452943326613,0.24936716267417294,132.93719994481816,4.3997857672599276e-15,-1.1829802696935485,0.6242902000145761,-1.1631518957868874,1.6865490187140434e-16,1.4424361338598612e-26,0.17096883621955017,-0.02267542549578617,0.05780099559689716,0.3561675489332816,0.17459193575160864
5BZU J2254-3209,blazar,0.189,118,21,3649.3119352400026,-0.008430387313913065,0.020629123719984134,-0.40866434407711955,0.2779999000000011,-0.4986560263733785,9.10056496616609e-09,1.6485598064739233,0.0,0.0,4.533054986929364e-05,0.00018508274156688465,0.0008349918897517901,0.0602560405320769,18.420069329389143,4.511451895359953,0.09857051962597585,1.5508016470162258,56982.23881598,0.17434528608985952,11.236913432034576,-0.00020066244110104848,-2.0887830725296155e-07,0.00020045356279379552,0.05084745762711865,0.4891705714716129,23.0,-0.028982841932272865,-0.007480421326123367,-0.8438699617535681,0.6161107012373437,1.4599806629909118,0.8150309423308256,3.0,0.7588246692290437,0.035507397085540085,0.0007410395389071,0.3175414490735929,0.1969846963616052,0.0858394399068727,0.018793711378505162,0.11484499357122384,653.9581690256259,1.0212251748511746e-15,-0.13636179818457603,0.23592083235529668,-2.000751817876588,1.2931396773409189e-16,2.0286344014828895e-27,0.19010832562385754,-0.010023730516242635,0.05932024464142318,0.1252284470877812,0.10532249544809184
5BZU J2303-1841,blazar,0.129,130,21,3648.417649850002,0.04945606809045824,-0.005926006884675104,-8.345597474473688,0.2319994000000012,-0.7244331108145962,2.0156282694543246e-22,-5.993293880657087,0.0,0.0,1.578851671403399e-05,6.277076441985199e-05,0.0003587171969606732,0.06889433016503965,22.720131392817144,5.7147175848715195,0.04177741119339765,1.6264748192567977,56811.13414164,0.2357133661790798,5.727013840884403,-0.0002300445782094896,-1.7522535830820872e-06,0.0002282923246264075,0.03076923076923077,0.0012610002464189627,27.0,-0.09774481579040964,0.01276854137248536,-0.6333912279955232,0.8649724849755125,1.4983637129710357,0.529502077165452,3.0,0.6988857325754093,0.03160022565055512,-0.005893041633822342,-0.2756749910176528,0.1476097399466334,0.07885475304605061,-0.03261683924055436,0.40407963017114396,7376.1979559659385,4.6228877841615974e-14,-0.02957428041018703,-0.04082126945504926,-2.119504291583164,2.5499225534468727e-16,5.746470818142427e-24,0.25045585046847874,0.05583590087412735,0.07735538985567304,0.42935243372925175,0.3802944497159006
5BZU J2327+1524,blazar,0.046,221,22,3836.7957051799967,0.0631210575071572,-0.07571445956702737,-0.8336724301819566,0.42599965999999867,0.546296163513242,1.3596338012737842e-18,0.5777515777820666,0.0,0.0,3.4979673342265854e-05,0.00011169105253755738,0.0004858001520521428,0.08012763149068124,13.888069605758211,4.349499236201465,0.05101919647330929,1.4489435453570696,56644.30891932,0.036791755825665975,0.3294426396516574,0.0011505897745092818,-1.5826435014630236e-06,0.0011521724180107449,0.02262443438914027,0.0009022612457114548,47.0,-0.048261158476132604,-0.0038067675846622817,-0.7424655323330915,0.633766013213996,1.3762315455470875,0.7289145925498068,2.0,1.0081707618752076,0.0567965296942273,0.009830114124926433,1.063167351929496,0.4228570670686794,0.13399332359334948,0.06007070995448849,0.1478283720911318,1506.6388858102052,6.646518689688359e-15,-0.273066983673959,0.11485239889143915,-1.8980415230581575,5.3892166899058936e-17,1.4046250466418418e-25,0.03762845237829023,0.06602462615248643,0.011438764000831998,0.15119019830825464,0.14454129857385722
