source_id,label,color_slope_early,color_slope_late,color_asymmetry,color_range,color_flux_corr,color_flux_corr_pval,dust_lag_proxy,is_turnon_color_signal,is_turnoff_color_signal,n_epochs
5BZQ J2006+6424,blazar,-0.03692544687130645,0.09504644450587774,-0.3884989813482498,1.6909991000000009,-0.3038828732834163,3.0009753666781674e-12,-7.3572866343518095,0,0,505
5BZB J2201-1707,blazar,0.012215358910588104,0.09317429852623459,0.13110223638709437,0.8600007000000005,-0.4069117667719425,3.3014861688970543e-06,5.449382395420806,0,0,122
5BZQ J2018-1109,blazar,-0.062207024380329774,-0.05305606093672129,1.172477249197271,0.6239995999999977,-0.5642976683579366,8.631617562905666e-18,4.246250653153317,0,0,195
5BZB J2315-5018,blazar,-0.19150250524503706,0.27417782108263594,-0.6984609640884084,1.005999599999999,0.10349273008486948,0.24315085561139088,-1.8497958362387403,0,0,129
5BZQ J2311+4543,blazar,-0.08778172311443358,-0.4965908643987317,0.176768703187319,1.2130002999999991,-0.06779907043103559,0.3712809823196395,3.9421611561601617,0,0,176
5BZB J0540+5823,blazar,0.12078703969616561,-0.03404958444438703,-3.5473866030126247,0.759000799999999,0.20752997738620843,0.0005721475209792938,-1.2934865401363433,0,0,272
5BZQ J0522-6107,blazar,-0.007549746154529609,0.06852944252321665,-0.11016792018951387,1.5679998000000008,-0.36176523476129546,5.445367476755256e-20,-6.381406551453526,0,0,600
5BZQ J1945-3048,blazar,-0.014578142620116766,-0.00582302854119695,2.503532743653728,0.3819999000000003,-0.4972659012818972,1.3166337431498115e-09,3.9890643955121106,0,0,132
5BZU J1804+1755,blazar,0.01631345558558118,0.026325288713969358,0.6196876229100781,0.42200090000000046,-0.48309592215354785,1.1587745897628578e-17,-6.999648016005479,0,0,278
5BZQ J0539+1433,blazar,0.039282647281842414,-0.037366569159740175,-1.0512778712412987,1.7160004999999998,-0.0870097594517831,0.3249431116994049,-5.074315794967551,0,0,130
5BZQ J2116-5527,blazar,-0.0016416459778802503,-0.07513640201835327,0.02184887662679472,1.8260003000000005,-0.41447928049170346,6.479932348473665e-10,2.9971662925092377,0,0,205
5BZB J2340+8015,blazar,-0.04183525535887512,-0.021649132412903463,1.9324217969095236,1.0639992000000014,0.32999877381905807,7.666568108504593e-13,0.14928937076139637,0,0,448
5BZG J2310-4347,blazar,0.022614668108537284,0.010101598042035545,2.2387218353404474,0.6769990999999997,-0.5041942723515347,5.546392586359297e-11,-2.9497164136529763,0,0,149
5BZB J0516+7351,blazar,0.03235707764389395,0.001210078849146712,10.0,1.4429998999999984,-0.20687260611898303,0.00015745530331342294,-4.285001522794246,0,0,329
5BZB J0710+4732,blazar,-0.0008662551375675984,0.0296386145405003,-0.0292272480005395,0.26399999999999935,0.03426272143259618,0.870841017432921,1.491293520732374,0,0,25
5BZB J0615-3117,blazar,0.046882878643317735,0.014285550032596793,3.281839238695066,0.33300020000000075,0.009485397828836381,0.8974810635057106,-0.3980052454056131,0,0,187
5BZQ J0604-4225,blazar,-0.010861557412660656,0.10591061378577522,-0.1025540030825453,1.724999500000001,0.1120398089680301,0.03236145242818336,0.7464351787494858,0,0,365
4FGL J0311.2+6856,blazar,-0.050816183040132724,-0.09704942932473413,0.5236113534485426,1.2149991,-0.4004223916633987,0.009480762831523583,1.9899630199589335,0,0,41
5BZQ J0614+6046,blazar,0.18466215202571243,0.18197660760745324,1.0147576353552663,1.6059989999999988,-0.5562085532601407,0.000776437832204395,-7.56141632786529,0,0,33
4FGL J1136.8-7413,blazar,-0.03395068829944303,-0.09425746162221624,0.36019098875712713,2.076999599999999,-0.4011939702776225,6.988933994787461e-14,8.408081807746072,0,0,322
5BZB J2144-0028,blazar,0.0029770207088451036,-0.3577044715222675,-0.008322570573903997,1.3019990000000021,-0.24345993478460634,0.04885716013183293,-1.5664342784209464,0,0,66
5BZQ J2011-1546,blazar,0.02928534480504988,-0.037214719706551165,-0.7869290709690493,0.32900060000000053,-0.6307620383162078,8.484562467616356e-19,-5.694055567551548,0,0,157
5BZB J0910+3902,blazar,0.032885502230774515,-0.022899325410919418,-1.4360904367555405,0.7040004,0.41503243723976824,1.860067394987395e-12,-0.2487281846632447,0,0,265
5BZB J2247+4413,blazar,0.003358947629357531,0.05098677196086798,0.06587880542693508,0.692998900000001,-0.014994490180289477,0.8102064154951711,-0.5256539819534569,0,0,259
5BZQ J0754+3033,blazar,0.030555792486196626,0.09668118379752823,0.3160469419798087,1.1359996999999993,-0.3605151775782519,1.266781015440086e-07,0.4712224536112246,0,0,203
5BZG J0912+4235,blazar,0.09453264807107932,-0.0007784852859982959,-10.0,1.5310001999999994,-0.30242211548592646,4.973320664307262e-07,-1.5918123539055435,0,0,266
5BZQ J1804+0101,blazar,0.015029534258406255,0.12405837860645336,0.12114888512354327,1.4520006000000016,-0.6343256926128349,5.865913964058293e-20,1.399731147491855,0,0,165
5BZB J2123-1036,blazar,0.09346926740944217,-0.12526541414150072,-0.7461697871677382,1.5950003000000006,-0.2884307133425501,4.331181017114663e-05,-1.499844759117044,0,0,195
5BZQ J2304+2331,blazar,0.012317615613075114,-0.19987734197733933,-0.06162587260376715,2.066001,-0.5697787936943426,4.1263702199942595e-21,6.8806924513318215,0,0,229
5BZB J0726+3734,blazar,0.10952658666624018,0.24660025110664852,0.44414629009794737,1.4300002999999997,-0.014243811033778878,0.8449458802378296,-0.6964362620744703,0,0,191
5BZB J1745-0753,blazar,0.005121129052095263,-0.0628541196013697,-0.08147642643909796,0.4630003000000009,-0.4636659722908424,6.2054355112195625e-09,-6.698676655365367,0,0,142
5BZB J2108-0250,blazar,-0.07659337228615073,0.006734681861480759,-10.0,0.33599950000000156,0.3453970313050908,6.240357098581043e-07,-0.09998317649007525,0,0,198
5BZQ J2129-1538,blazar,-0.0739424842467863,0.0321664070724909,-2.2987486317681656,0.7860002000000019,-0.6179137900817628,4.5593530380190325e-19,-4.449387257783027,0,0,168
5BZQ J2248-2931,blazar,0.037612633326062385,0.011526153552002108,3.2632424300411147,1.5480003,-0.2503245357224986,0.032679977857879156,-4.146232143907459,0,0,73
5BZB J2131-0915,blazar,-0.04005862626057905,-0.0503813032994626,0.7951089717245632,0.7060004000000006,-0.1343746955996718,0.09997564104204104,1.9497675947609836,0,0,151
5BZB J0928+4048,blazar,0.08254316075993197,-0.03744215336349406,-2.204551644201404,1.588000300000001,0.026451170361728768,0.6748095600233168,0.39794430203860376,0,0,254
5BZQ J2017+0603,blazar,0.04528353770735376,0.021404868074469896,2.115571913352016,0.5529995000000003,-0.5513217675383609,4.1958786406664053e-14,2.900579060836688,0,0,160
5BZQ J0525-4557,blazar,0.0010683437604277406,-0.02067031009770988,-0.05168494112461841,1.2029999999999994,-0.6132643852330059,1.3012064385424107e-43,3.5903061985281264,0,0,409
5BZQ J0719-6218,blazar,0.10480246772327705,0.29451225441847906,0.3558509574761561,2.523000699999999,-0.07899892762128743,0.1055261017700119,8.425456673159754,0,0,421
5BZQ J0646-3903,blazar,-0.026082555888487177,0.04705814715455314,-0.554262279023103,0.9060001,-0.3365430934950582,5.225794726206533e-08,-5.0468204142661195,0,0,249
5BZQ J2301-0158,blazar,0.040072517853278256,-0.04908161100904449,-0.8164466697291968,0.7810001,-0.026543781769202943,0.7191224333171802,-1.3997721082836407,0,0,186
5BZQ J2257+0243,blazar,-0.09414851897866695,-0.04518025217996043,2.0838422637319023,1.1280003999999995,-0.44354840040474963,3.814504172050306e-11,-1.999207064673513,0,0,202
5BZB J2116+3339,blazar,0.031961896240002396,0.10984818723132234,0.2909642575411451,0.7510003999999988,-0.3367916883598133,2.1522531221128177e-06,-0.8497569885979468,0,0,189
5BZQ J1934+6138,blazar,-0.34822751293757,0.2348740413182353,-1.4826138767108363,2.584999999999999,-0.09648589995598887,0.20532698383804301,-5.349549163460917,0,0,174
5BZB J0710+5908,blazar,0.022089103496393526,0.0655723069751008,0.3368663467152563,0.6239996000000012,0.20907978199480715,0.0009698702024424464,0.3979926116479125,0,0,246
5BZB J2324+0802,blazar,0.06304311634905249,0.007326207817843259,8.605149883341907,0.5659989000000003,0.16506049622416114,0.034117828001921605,-1.5756794297905528,0,0,165
5BZQ J0733+0456,blazar,-0.04873958836931516,0.15412733453668667,-0.31622936006665164,1.5959987000000009,0.14143905314327856,0.1386761135807087,3.14543016342505,0,0,111
5BZQ J2000-1748,blazar,0.0654491353054837,0.05271282736244114,1.2416168621628028,0.3240003999999992,-0.5530473389149732,1.1064569279017172e-14,4.654865970142364,0,0,166
5BZQ J0603+1742,blazar,0.04640806190268874,0.0856509686441381,0.5418276364801494,1.5830000999999996,-0.6320056614402065,5.343415379220717e-19,-3.6315017440982906,0,0,158
5BZG J1733+4519,blazar,-0.03347059541426087,0.07525752909167016,-0.44474746670849097,1.5399999999999991,-0.36675563898380514,7.685322264035842e-22,6.001469376509233,0,0,641
5BZU J2023-1139,blazar,-0.021207799848037445,0.036991417827796316,-0.5733167608434124,2.267000200000002,-0.47985180547098416,3.5676175414303196e-11,4.246071071715944,0,0,170
5BZQ J2320+0513,blazar,0.07439034397015239,-0.019934425371897165,-3.7317526129960696,0.8039999999999985,-0.26867149567216725,6.34705326459918e-05,3.949570486830386,0,0,216
4FGL J0539.7-0521c,blazar,,,,1.6709995000000006,-0.6062045346329372,0.0013178406341215311,-1.3509348345462013,0,0,25
5BZQ J2309-3059,blazar,-0.2628788081320279,-0.18250530912625906,1.4403899228496724,0.9550000000000001,-0.5010402227070406,1.483957254008625e-07,-2.3478902376787114,0,0,98
5BZU J0645+6024,blazar,-0.009546343236843004,0.07436256209940947,-0.1283756633355538,0.7870005999999989,-0.5437353602688002,6.158576844959397e-17,-1.7907552700928155,0,0,202
5BZQ J2023-3655,blazar,0.04816176946739404,-0.06394277917901896,-0.7532010664184109,0.45600029999999947,-0.6742922942707429,6.857418435803817e-24,-6.243005660523611,0,0,170
5BZQ J0714+3534,blazar,-0.1360929292365497,-0.011901711898902923,10.0,1.889000799999998,-0.6491223335237989,1.1525842498739518e-28,2.4375592894108133,0,0,228
5BZB J2136-4443,blazar,0.28774815959521655,0.1370120977510334,2.1001660752475138,2.4090003000000006,-0.4160107924048171,4.2870384617828974e-07,0.9997765753374402,0,0,137
5BZQ J2031+0239,blazar,0.1732656307585124,0.1311022891872005,1.3216064481613057,1.5050001000000002,-0.11602175413102139,0.08672564603711977,-0.8999262139392198,0,0,219
5BZQ J2223-1607,blazar,-0.017868508309518617,-0.19199582483871702,0.09306717124983717,1.6180000000000003,-0.5419246988330928,7.752422365963033e-06,0.9987930261601636,0,0,60
5BZQ J2211+1841,blazar,0.0277368499673142,0.13461294685786332,0.20604890253685113,0.5400009999999984,0.49602950501067183,9.828203310646855e-19,0.4999660231731688,0,0,279
5BZB J0702-1951,blazar,-0.06322965583465584,-0.04979171966066909,1.2698829497267092,0.36400029999999894,0.24993666249555427,0.0011240149012425491,-0.18864074751978122,0,0,167
5BZB J2012+4628,blazar,0.01789458876415233,-0.03599055907030997,-0.4972023004475716,0.756999050000001,-0.2489055061965784,4.884869558482875e-06,1.20011457136427,0,0,329
5BZB J0731+2804,blazar,-0.007600231945214099,-0.11752201450742192,0.06467070852273485,0.7790002000000005,-0.2872169163700029,2.841768860325e-05,4.895434739286511,0,0,206
5BZQ J1739+3358,blazar,-0.2765647120315243,0.16036903178951434,-1.724551859828634,1.3119993,0.04517659641478552,0.7847855835930961,0.5497958758309377,0,0,39
5BZQ J0807+5117,blazar,0.1297095714877564,0.07448612499414262,1.7413923935223694,0.9519996000000006,-0.53906864348501,1.064076274634113e-20,-1.7455167404521563,0,0,256
5BZQ J2156-2012,blazar,-0.02425368821437896,0.07729378144839226,-0.3137857633550085,0.5619993000000001,-0.6593054862853533,8.620674457804036e-15,0.4498764928028752,0,0,108
5BZB J1811+0341,blazar,-0.03737137572003068,-0.08494525123563262,0.4399466147479499,0.37099929999999937,0.38292217304235765,5.350523399079227e-07,0.04995552627652294,0,0,161
5BZQ J2344+2952,blazar,0.016535662115840486,0.08847989735116411,0.18688609063607745,1.638000400000001,-0.5912097511246112,4.3540820504555963e-26,1.9450057035407284,0,0,262
5BZB J1945-3111,blazar,-0.06534283799908157,0.0661686176631253,-0.98752007079477,0.447999900000001,0.3148671250326369,0.00026365217478047386,0.09499032676139621,0,0,130
5BZQ J2216-5424,blazar,0.034620828926543515,-0.011049508242172323,-3.1332461289460145,1.2730006000000014,-0.7964452519418959,4.4470647298571705e-40,-1.4998551636098545,0,0,177
5BZQ J2206-1835,blazar,-0.030635165184061803,-0.009221598416668074,3.322110094133857,1.7500000999999994,-0.4290077816038241,1.2267213148143485e-08,-4.949425605875968,0,0,162
5BZQ J1740+4348,blazar,-0.11186834033722196,-0.3858539719142156,0.28992403468660655,2.137999500000001,-0.32986666293271305,7.968722451741309e-07,4.850568897245303,0,0,214
5BZQ J1753+2848,blazar,-0.07343065359639195,0.10655245984342024,-0.6891502430286351,1.364000299999999,0.00491021807052479,0.9285487357493403,0.699979832884052,0,0,336
5BZQ J0534-3747,blazar,-0.07344403493712491,-0.50499389683792,0.14543549020493826,2.0300008,-0.32721951123002024,7.787912077070715e-06,-0.7967451771049971,0,0,179
5BZQ J2346+0930,blazar,-0.0006471516718888688,-0.013573513197134011,0.047677536573619866,0.23900019999999955,-0.49964452682476335,1.2028304920041746e-13,-3.781469087881728,0,0,194
5BZQ J2125+0441,blazar,-0.01879962074168735,-0.31490459825405587,0.05969941641347632,1.4170007999999985,0.039233436729893115,0.738233581372534,0.39988060763312844,0,0,75
5BZG J0751+1730,blazar,0.029913332607596505,0.03022977342130395,0.9895321473536273,0.9530000999999988,-0.51627494451859,7.700208506123285e-16,1.9791870926127295,0,0,212
4FGL J0325.2+4705,blazar,-0.02609239991847672,-0.04641913444490197,0.5621044043690122,0.5670003000000001,-0.3806459021585443,4.967298993008951e-09,0.9950007502450383,0,0,221
5BZQ J2349+0534,blazar,0.044041823718743635,0.03367258264121064,1.3079431473379908,0.4160003000000003,-0.20430644307238077,0.006228579786513711,1.6282254190116343,0,0,178
5BZB J0543-5532,blazar,0.01849384421550702,-0.0008349931353777715,-10.0,1.6270008000000011,-0.005645777715783062,0.9045105040926681,1.2456156121560558,0,0,454
5BZB J1903+5540,blazar,0.013918984519648082,-0.019352208175307514,-0.7192452868199318,1.3029993999999991,-0.2412495337129031,6.53062314323076e-09,1.3504346674188898,0,0,564
5BZQ J0618+4620,blazar,,,,2.4210004000000005,-0.484682608049681,0.012094051347197411,-3.382839753852979,0,0,26
5BZB J1810+1608,blazar,-0.04110777981655957,0.011080070061154005,-3.7100649715817893,0.8670006000000008,0.0741668912468608,0.27559524973948596,0.30005713435482567,0,0,218
5BZQ J2138-2439,blazar,0.0893554483215028,0.07969911206195689,1.1211598976415098,1.3930005999999988,-0.41836019018550763,2.4828735600570816e-08,2.1494098289556445,0,0,164
5BZQ J0625-5438,blazar,-0.19344792617594603,-0.36030948287790526,0.5368937964963246,1.5279998999999993,0.08343537751048273,0.4828081122623834,6.018349952132651,0,0,73
5BZQ J0736+2604,blazar,0.0253806911447877,0.13273656514930976,0.1912109983879576,1.2889994999999992,-0.5615013371748032,6.305140481630407e-20,-2.026292602275702,0,0,223
5BZB J0803+4816,blazar,0.09557709520815812,0.0805811932789897,1.1860967965223514,2.2399997999999997,-0.38210858738126563,2.432474596994757e-09,-2.972316918076385,0,0,228
5BZQ J2327-1447,blazar,0.5903619045534468,-0.09603204007333267,-6.147551422448492,1.2680005999999988,-0.10047625029951485,0.4612412682968333,2.028937206023135,0,0,56
5BZQ J1955+1358,blazar,-0.039822018464785024,0.342799558092055,-0.11616706476060061,1.5360002000000001,-0.13387619252702976,0.0662749116685572,-4.995764714483229,0,0,189
5BZB J1811+4416,blazar,0.04944382825873591,-0.043520224795377135,-1.136111508872261,2.1879998,-0.4481975675082511,1.0232021713285236e-26,-5.446825163058049,0,0,513
5BZQ J2133+8239,blazar,0.0811539161714982,0.12370494548113557,0.6560280662657403,2.1789998000000015,-0.5227688807865136,7.458413997551761e-30,5.186656277010272,0,0,406
5BZQ J0952+3512,blazar,-0.016939164715324966,-0.238685977118092,0.07096841180135255,1.7810001000000018,-0.12747762183688194,0.07885171880114367,0.6465865879445586,0,0,191
5BZB J1736+2033,blazar,0.06845200275691368,0.054100101455344135,1.2652841846039058,2.1779995999999997,0.07061031929102983,0.22268347905416327,6.849775884691306,0,0,300
5BZB J0610-1847,blazar,0.016444544830352792,-0.0364125683319969,-0.4516172734759399,0.4440001999999996,-0.18986589616777766,0.017597116938793345,3.3329740337779583,0,0,156
5BZB J0515+1527,blazar,0.04658439444609109,-0.05050090758483324,-0.9224466781678516,0.6179999000000009,0.0028371153018782597,0.9657172157210429,-2.1392794456053412,0,0,232
5BZQ J1938-4657,blazar,0.058387389680668776,0.10974740277334127,0.5320161407487235,1.924999099999999,-0.3986737511999766,6.638077600122198e-08,-1.9949274999622169,0,0,171
5BZQ J0601-2736,blazar,0.2970912147957194,0.2500071486180722,1.1883308794884742,1.5340004,-0.544949357257516,9.339118565109546e-14,2.8353099410156055,0,0,160
5BZB J2156-0855,blazar,0.02482194777331794,0.06771869047599378,0.3665450055050503,1.0990000000000002,-0.0728478144825318,0.3165854444030319,0.39961871729609905,0,0,191
5BZQ J0549-5246,blazar,-0.09430592030121604,0.06336726012940432,-1.4882436152144007,2.3130006000000005,-0.39751132386381793,2.8769330504690514e-15,1.0959526023542787,0,0,365
5BZQ J0730-1141,blazar,-0.0522601008542958,-0.08233743429779243,0.6347064527816718,0.38300039999999846,-0.16472279176989135,0.061095495895185196,6.126259689831626,0,0,130
5BZG J0932+3630,blazar,-0.034101565303892335,0.08012622784445184,-0.42559803726307105,1.3050003000000014,-0.3116149628005887,8.414337555655998e-07,-0.696392399315538,0,0,240
5BZQ J2119-1106,blazar,-0.05807839808582271,0.09876032677030715,-0.5880741790263528,1.278000800000001,0.11307310957397305,0.3275166515613693,-0.4998622802765234,0,0,77
4FGL J1258.8-2219,blazar,0.03166302316507173,0.4069726104795108,0.0778013614423957,1.0719996000000016,-0.2608417074240309,0.24100616069006917,1.5135546659190984,0,0,22
5BZG J0754+4546,blazar,-0.04256217611089128,-0.02650123433205306,1.6060450459627318,1.3210002000000003,-0.24050634035406834,0.0011091481130228076,-3.773245582762495,0,0,181
5BZG J2319-0116,blazar,-0.025448249901133847,0.006327809318578237,-4.021652458208346,2.4900006999999995,-0.41391097268413435,1.1127387083654668e-09,-3.4995638937138946,0,0,200
5BZQ J2249+2107,blazar,-0.049573497022322784,-0.07097899822905263,0.6984248617083427,0.9790001000000004,-0.12224490262613369,0.0929149392271907,-2.7494644508151964,0,0,190
5BZQ J2141-3729,blazar,0.07333277993595012,-0.04894036426355999,-1.4984109954929827,2.605998999999999,-0.05369665673695683,0.5069555918480546,0.7999139962896649,0,0,155
5BZB J2307+1450,blazar,-0.06213633697608864,-0.04412032161325957,1.4083382601049463,1.5699995999999992,-0.05823380988865495,0.43106798511229466,4.428212239817796,0,0,185
5BZQ J1941-0211,blazar,0.0977016500878666,0.10525480202101796,0.9282393602180441,0.9680004000000011,-0.24085048805642584,0.0028918351428067392,-6.982373009084606,0,0,151
5BZB J0755+3726,blazar,0.22054276796694583,-0.1945701100496857,-1.1334873990184193,2.593999900000002,-0.5944277435396557,9.728638655912448e-15,4.947876393591379,0,0,140
5BZB J2038-2636,blazar,0.20100366770870065,0.03047900006657579,6.594824871867351,2.0129994999999994,-0.4935632627437779,1.201006030641216e-10,-1.748445291069132,0,0,151
4FGL J0741.4-8132,blazar,0.12044592174002175,-0.5771430324882434,-0.208693365353025,1.4330006000000015,-0.39115093191150074,0.011445864902297681,8.499177215871319,0,0,41
5BZQ J2121+1901,blazar,-0.10960235862282688,0.06140382817378973,-1.7849434128540331,1.406999599999999,-0.4529732384195602,2.1748074383539864e-05,4.1333978021694815,0,0,81
5BZQ J1802-4925,blazar,0.06677239664140955,0.22869077658868234,0.29197678033821517,2.0919989999999995,-0.6093069668507693,3.932065392341762e-13,-1.8992725299715234,0,0,116
5BZB J0558-7459,blazar,-0.01011740997297599,-0.03498080472842732,0.28922747922817305,2.1929990000000004,-0.17620245482724778,3.667680607077565e-06,-4.103532555307873,0,0,682
5BZQ J1924-2914,blazar,-0.02509412028820726,-0.026337641307123513,0.9527854068473506,0.284999899999999,0.2951539598178007,0.0016619513936484286,-0.04748922267186861,0,0,111
5BZU J0622+3326,blazar,-0.7700370307082368,0.258317866613886,-2.980966979954313,4.1669997,-0.014980193634424953,0.8504009436742573,-2.586950610535247,0,0,161
5BZG J2211-0023,blazar,0.23252976419577145,-0.05449870716248123,-4.266702391719356,1.6149997000000003,-0.27134150845945687,8.307558975370033e-05,-2.997329903490762,0,0,205
5BZQ J2117+0502,blazar,-0.07953407540813182,0.05058474727163426,-1.5722936200717381,1.760000100000001,-0.3118601674413789,0.0003995307288484117,-0.4499970715003428,0,0,125
5BZU J1941-6211,blazar,0.007672428447882323,-0.008250743431122616,-0.9299075303858277,0.5779990999999995,-0.4970619747359498,2.2209154585998844e-18,3.9001797949032193,0,0,272
5BZQ J0743-6726,blazar,-0.011813258010259016,0.053209666494107404,-0.22201338194005127,1.7270002000000009,-0.48358939121973343,1.3994485798802743e-33,3.3928612021054056,0,0,550
5BZQ J2118+0013,blazar,0.08140568667961023,-0.03847790610335951,-2.1156475214877326,1.5679998000000008,0.05175553832996134,0.4257645290443727,6.149272604081725,0,0,239
5BZQ J2225+2118,blazar,-0.046072033257202626,-0.04609475027584034,0.9995071669007475,1.5650005999999994,-0.2948968132909618,5.042837009456364e-07,-6.238677653232031,0,0,280
5BZB J2146-1344,blazar,-0.056564677078585215,-0.036646011037603655,1.5435425432946133,0.9349995,0.2416276603943452,0.004447552419211597,1.1997549048706375,0,0,137
5BZQ J1837-7108,blazar,0.037722712647896534,-0.04198620654317066,-0.8984548915870655,1.1820000999999998,-0.5406077512549816,3.590024617223609e-18,-2.5066362827241666,0,0,221
5BZQ J1807-6413,blazar,0.09750776986945565,-0.06128734784592466,-1.5909934643376722,1.8409996000000017,0.055844023694365905,0.4357272138929113,2.1998929810737846,0,0,197
5BZQ J0922-0529,blazar,0.13941136415549435,-0.06990577748201841,-1.9942752827740824,0.5799999000000007,0.2661803406096491,0.0004687869570057629,0.09946868936618757,0,0,169
5BZB J0707+6110,blazar,0.016168734190456297,-0.033471742132723394,-0.4830562486512782,0.42200090000000046,0.08004699517642894,0.16741413885549136,2.885565128823274,0,0,299
5BZG J1022+5124,blazar,0.0864895489709805,-0.04498806246021523,-1.9224999753538337,1.4660005999999992,-0.17569937864427787,0.012825453102279538,-0.29883971659466146,0,0,200
5BZQ J2322+0812,blazar,0.021669112333665266,0.1949615434282298,0.11114557236587638,1.3129998,-0.6603199559909202,1.6204519309064614e-09,1.9428876457128017,0,0,66
5BZB J0919+1106,blazar,-0.0423451998863741,-0.021791947400156157,1.9431581358383172,1.5250006999999997,-0.33306220728430214,1.7334332037476337e-06,-4.078736400228609,0,0,197
5BZB J0806+5931,blazar,0.004835818636463531,0.03826669273530058,0.1263714810661582,0.8059998000000004,-0.12352999255557277,0.03549951308258391,1.5092854027827523,0,0,290
5BZQ J2218+1520,blazar,-0.08718678033344733,-0.05904570570317587,1.4765981589200965,1.8920002,-0.41928733386483785,7.51747147595968e-12,-2.549734794526485,0,0,245
5BZB J2353-1458,blazar,-0.07822998574092649,0.10707351097727452,-0.7306194130267211,1.7200003000000006,-0.27650410490240995,0.0011689701336835352,0.44995290347556444,0,0,135
5BZQ J2047-1639,blazar,-0.08477768065577433,-0.048176137391338004,1.7597442478030052,1.4630003999999985,-0.41746497311099745,1.1024172321617269e-08,-5.994708681609855,0,0,173
4FGL J1123.1-3233,blazar,-0.1112443515696967,0.16505069975079423,-0.6740010901962952,1.5749999,-0.5319637713083716,4.293548552539924e-06,5.369903875008762,0,0,66
5BZQ J0522-0725,blazar,0.05008124664070059,-0.0169621994548156,-2.9525207962628004,1.2469997999999993,-0.8381682738291182,1.1399158936971363e-56,4.5308460690617345,0,0,210
5BZQ J2005-1822,blazar,-0.06507384348739235,0.10339986881908413,-0.6293416445358383,0.6829996000000005,-0.6636091242224903,2.1618462498685548e-20,5.494420617585217,0,0,150
5BZQ J2202-2335,blazar,-0.2640303660327107,-0.11708772826587072,2.2549789798054483,1.7939997000000023,-0.13984649156470877,0.0934145971924609,0.39996043040657053,0,0,145
5BZQ J2323-0317,blazar,-0.016475911458112228,-0.18048809626430568,0.0912853080016147,0.5669994000000003,-0.3494236589487475,9.596901670993365e-08,0.999875398206709,0,0,221
5BZQ J1001+1015,blazar,-0.10050835152883233,0.022942859321281702,-4.380811917179007,1.2670002,-0.5844640105662637,2.459677955664705e-18,0.5471601873656393,0,1,185
5BZQ J2124-6028,blazar,-0.04405382759579083,-0.02461408857610355,1.7897809809037675,0.506000499999999,-0.6502893329487173,4.139397410532598e-27,-0.7499739964353179,0,0,214
5BZB J0509-2514,blazar,-0.21422172334922418,-0.0908653307198859,2.357573803474219,2.2049999999999983,-0.5415010275679686,2.024293539084837e-11,3.9803301874113615,0,0,132
5BZQ J2040-2507,blazar,-0.11506023789849266,0.17186437871439236,-0.6694827558752128,1.161000200000002,-0.3135277325151827,0.00041375027428966027,-4.744830025066393,0,0,123
5BZB J0805+7534,blazar,0.06613977927179075,-0.03372883205916635,-1.9609270536189884,2.8470001000000007,0.23389498318513036,3.938318012692198e-06,0.09972124300232714,0,0,381
4FGL J1310.7-5553,blazar,,,,1.1269998999999995,-0.25464243961689337,0.0743264399746437,-3.3995482595794613,0,0,50
5BZB J2223+0102,blazar,0.03101135565236567,-0.10628788761540119,-0.2917675414208919,1.508999799999998,0.003913354457477581,0.9581856797854824,1.8981964661705664,0,0,182
5BZQ J0723+2859,blazar,0.02476886174825259,-0.24054684949156552,-0.10296897174336545,1.4330006000000015,-0.25736201784309126,0.041722039742683466,2.438690254111156,0,0,63
5BZB J2347+5142,blazar,-0.057647577785457496,-0.0040753247561876,10.0,0.44099999999999895,0.11767260922146416,0.09786872891043664,0.21039433020068446,0,0,199
5BZB J1809+2910,blazar,-0.06691146768553768,-0.020598260079127205,3.2484038665644848,0.6539993000000024,0.25004169583719493,4.71387109522219e-06,-1.5503218349724852,0,0,327
5BZQ J0904-2552,blazar,0.018311456660398077,-0.022456875054943537,-0.8154053765538091,1.249000500000001,-0.7216425200883819,3.3015395729844675e-31,1.9398684844940448,0,0,186
5BZQ J0624+3856,blazar,0.012910160568875785,-0.16590107389012354,-0.07781842676573751,3.522999800000001,-0.2569893758012378,0.023127811623434434,0.8455506874131411,0,0,78
5BZQ J2245+0500,blazar,0.09993913017067618,-0.15975987316088378,-0.6255583970702955,1.3329992000000015,-0.19171175526435752,0.007106509675559785,1.7497885911457929,0,0,196
5BZB J1002+2216,blazar,0.21621339499389053,-0.03647568694179876,-5.927603100083746,1.8299999000000007,-0.22471400921166235,0.0007876509834570572,-5.670306089969606,0,0,220
5BZQ J2203+1725,blazar,0.004400827303120718,0.02265113391519875,0.19428728467177506,0.4410000000000007,-0.24869999248681265,0.053271901854900446,6.969131213208753,0,0,61
5BZQ J0539-2839,blazar,0.03597143770720577,-0.15562535608015662,-0.23114123953347465,2.0349998000000014,-0.013621649828326227,0.8543881688345318,-7.220501665806306,0,0,184
5BZQ J1808+4542,blazar,-0.14873572955560635,0.14182038149441709,-1.04876131334805,3.8440008,-0.3635146094104459,4.664521475294416e-20,0.40106902888542095,0,0,596
5BZQ J0725+1425,blazar,0.04603457813658594,0.027077318274883154,1.7001158559814797,0.502999299999999,-0.04265879414751854,0.558953405429594,0.7539157624027378,0,0,190
5BZG J2049-0039,blazar,0.1796885254514762,-0.24216691700906431,-0.7420027792018777,4.887999499999999,-0.6239514193212731,7.22136327254136e-23,9.199359282151944,0,0,199
5BZQ J0559+5804,blazar,-0.04447864636077759,-0.036011531903486584,1.2351223069316648,1.4949998999999998,-0.4411725879691273,1.996535628923902e-13,-0.9950088925995894,0,0,252
5BZQ J1913-4503,blazar,-0.08824156968494594,0.20917802435528746,-0.42184914001801754,1.8459997000000001,-0.5547342431410274,2.7145198709992125e-14,1.9948307146907587,0,0,160
5BZQ J2131-1207,blazar,-0.019524885926746106,-0.019838935766280968,0.9841700258907722,0.36100010000000005,-0.7308682501154977,3.545452972260741e-31,-5.949323847799313,0,0,179
5BZQ J2108+1430,blazar,-0.16531713952469,0.12943884236269418,-1.2771833902953413,1.4369993,-0.3634744282356971,0.015300041065095601,-2.1733701456019188,0,0,44
4FGL J1119.6-3047,blazar,-0.20939460505588173,-0.18776437997191708,1.115198767131443,1.4770002000000009,-0.4580716267504058,5.8985519167360285e-05,-6.12813464959617,0,0,71
5BZQ J2230-3942,blazar,-0.01478373341760693,-0.035365696567817635,0.41802466379412284,0.7009992,-0.6067211939754384,1.397225864408118e-19,3.449674707967964,0,0,181
5BZB J0926+0803,blazar,-0.11816667577954557,0.18964234574230107,-0.6231027955123403,1.6459988999999986,-0.21247683476145532,0.004881157360565715,-1.4425306048529785,0,0,174
5BZQ J2005-2310,blazar,0.10328896598590878,-0.179617085010673,-0.5750508977460093,0.5000001000000012,-0.0412284470625392,0.8058651322756518,-2.01926180113566,0,0,38
5BZQ J0644-3459,blazar,0.016492518422239564,-0.04690596362125439,-0.35160813570337457,0.8420010000000016,-0.6160265246122365,2.1752040476092904e-22,5.627922537987681,0,0,201
5BZQ J2146-1525,blazar,-0.1404778048010854,-0.061996328794528724,2.2659052162050406,0.5819999000000013,0.1785391910644467,0.058487364526160775,1.7998319767096524,0,0,113
5BZQ J2157+3127,blazar,-0.13237859862333773,-0.06488120443008624,2.0403227681444225,1.4050007000000004,-0.02421347902953581,0.7155109978598071,-8.049003666828614,0,0,229
5BZQ J0749+4510,blazar,0.03932335606693372,0.019062630556180307,2.062850452409606,0.45299919999999894,-0.6602673770334573,6.290532042676769e-31,-2.452572826427377,0,0,236
5BZQ J1912+3740,blazar,0.06182757973440682,0.09032655573648267,0.6844895084318466,1.4810009999999991,-0.21928599988947198,8.92671691702266e-05,0.9988457286762501,0,0,314
5BZQ J2203+7151,blazar,-0.0030483133162462804,-0.010049763741727323,0.30332188841310465,3.2589989,-0.5807700463963066,2.9070296717252246e-45,4.628309105737578,0,0,487
5BZQ J0914+0245,blazar,0.023606885703748887,-0.026552076887137493,-0.8890786888005988,1.3169994000000003,-0.17090884527414793,0.022170067512905973,-4.078619634002191,0,0,179
5BZU J2303-1841,blazar,0.04945606809045824,-0.005926006884675104,-8.345597474473688,0.2319994000000012,-0.7244331108145962,2.0156282694543246e-22,-5.993293880657087,0,0,130
5BZU J1734+0926,blazar,-0.011865421150700137,0.4331880200794428,-0.027390926343078752,2.2750006000000003,-0.7760310765620295,9.878345308187994e-47,-1.6998190890392888,0,0,226
5BZB J0648+1516,blazar,0.026075000869635438,-0.09430529773960937,-0.27649561047601273,0.5469990000000013,-0.04105933878559053,0.6131410330177517,-2.5868476452177944,0,0,154
5BZB J1841+3218,blazar,0.011299423817358238,-0.14012130590572758,-0.08064029766437085,2.0490007000000006,0.02172066893085782,0.6885296488527406,-0.28541837702833683,0,0,343
5BZQ J0607-0834,blazar,-0.13037446063877176,-0.18267950383538228,0.7136786443007636,0.5320005000000005,0.7493377576883693,1.7073488465491653e-35,0.04974972481697465,0,0,190
5BZQ J1939-1002,blazar,-0.0007920098267865783,-0.1124302629415588,0.007044454100389898,0.41199980000000025,-0.569554228690974,1.8741979528767147e-10,-1.8995976913886392,0,0,106
5BZQ J2203+3145,blazar,-0.015263273471762056,-0.0057257400650710995,2.665729372674993,0.284999860000001,-0.7170488937760848,4.540782066337627e-41,3.4927315757708395,0,0,252
5BZQ J0525-2338,blazar,-0.06350894612318564,0.15982956243874877,-0.397354188762946,1.5939998000000006,-0.46018917324679376,5.56353084965198e-12,-2.6889758133634523,0,0,202
5BZQ J1935-1602,blazar,-0.09831497344823706,0.1824163404797927,-0.5389592466861705,1.2989999,-0.29417505341544675,0.022520396237700795,1.1398781478833655,0,0,60
5BZB J0910+3329,blazar,-0.012587361070581688,0.005369611754844759,-2.344184578936211,0.2740001999999997,0.2303010903693355,0.0003607635683869374,1.6911201529727558,0,0,236
5BZB J0536-3343,blazar,-0.022222378924813154,0.01677566232139691,-1.324679675774655,0.7959995000000006,-0.057899366382085475,0.34964287810647926,-4.979249113976724,0,0,263
5BZQ J0741+2557,blazar,-0.38722514568731464,0.030457862369835297,-10.0,1.1930009000000013,-0.2624422986152214,0.08909636811782114,0.7643506932940453,0,1,43
5BZB J0621+1747,blazar,-0.1517004395837672,0.022612385504436578,-6.70873223676482,0.7580003000000008,-0.2578147237158568,0.0014466341382987093,2.9348748295238845,0,1,150
5BZU J2209-2453,blazar,0.063928186858863,-0.05880011752585861,-1.0872118891726572,1.286999699999999,-0.6842884449848488,6.150921997278591e-21,1.9997886253251205,0,0,142
5BZQ J2314-3138,blazar,0.016025143687173622,-0.2718071896184568,-0.058957762337591424,1.4079999999999995,-0.497790752355166,1.4550334872411884e-09,4.446135394204374,0,0,131
5BZQ J2353+5518,blazar,0.22167673185526823,0.14019588973270336,1.5811928029981175,1.7959995000000006,-0.5498726449014159,1.8168555104123797e-13,-3.835154154555919,0,0,153
4FGL J0157.7-4614,blazar,0.3365046942503177,0.3622964630312431,0.9288103213453089,3.4330005999999997,-0.4765336704529508,2.1197209093943415e-07,2.1008050681505837,0,0,107
4FGL J0746.5-0710,blazar,0.06297365726130406,-0.011448435289279846,-5.500634424712319,0.594999399999999,-0.4149298516290505,4.6241175544292585e-07,1.6020983215969875,0,1,137
5BZB J0930+3933,blazar,0.11071429534538521,-0.16146969501706415,-0.6856660956328982,2.299000799999998,-0.5736669177245153,1.2939504399105503e-21,0.9948547917426428,0,0,231
5BZQ J2329-4955,blazar,-0.0033087769666085213,-0.002044910958036172,1.6180542989441953,1.2500001000000012,-0.11178379865832122,0.08462047275902077,2.44994342258097,0,0,239
5BZQ J2321+2732,blazar,0.03158193007884983,-0.1549315300899065,-0.20384443412211117,0.47900010000000215,-0.2536254041722683,2.8433104788835334e-05,-3.7340283332217656,0,0,266
5BZB J0723+5841,blazar,-0.01467428635734959,0.02759770047362984,-0.5317213429202613,1.9799995,-0.36669366134082315,6.965370310939567e-11,-1.993848083268994,0,0,297
5BZU J0538-3908,blazar,-0.12043967481852429,-0.08567456154676012,1.40578104683722,1.280999200000002,-0.24303919450406997,6.39356562800453e-05,0.39836910261245717,0,0,265
5BZG J0927+5327,blazar,-0.15023054981339304,-0.13262558311440253,1.1327418608505155,1.5219992999999992,-0.5195191218901715,1.231558297235274e-15,-1.9893171705188202,0,0,206
5BZQ J2155+2250,blazar,-0.019432569019144242,0.01666924797027172,-1.1657735882146985,2.2250004000000008,-0.12952171687929226,0.06618453724032737,0.49955313752361447,0,0,202
5BZB J0612+4122,blazar,0.024252961079498238,-0.03944721087529111,-0.6148206816489978,0.25300030000000007,0.0980570630238739,0.16085517243083927,-0.5472465320245035,0,0,206
5BZQ J2101+0341,blazar,-0.027604347959205456,0.15623809709508735,-0.17668128627043697,1.0679998000000008,0.18459789059508516,0.006641115388153409,-1.7997587382948663,0,0,215
5BZQ J2147-3601,blazar,-0.036001982299801324,0.00321492919039523,-10.0,0.7150000999999993,-0.48381219464147784,1.196713501589912e-10,-4.548733430109512,0,0,158
5BZQ J0713+1935,blazar,0.004048328820125345,-0.024514932709603098,-0.1651372601377574,0.9940004000000009,0.05533046664404262,0.4228567798315938,-7.511575970354829,0,0,212
5BZB J0502+1338,blazar,-0.16717706350166783,0.0050252935259993805,-10.0,0.4869994000000002,-0.1284941098895388,0.059983533162667614,2.2388212081232015,0,0,215
5BZB J1744-0518,blazar,0.7472349259073641,0.537922990853363,1.3891113386359408,1.6860008999999998,-0.18645453384498595,0.37217543650498675,3.248845483987678,0,0,25
5BZQ J0732+2548,blazar,-0.06667100715663536,0.0739500023746565,-0.9015686952768005,2.524000100000002,-0.4539988604451569,2.2006320945740164e-10,3.9109362814291555,0,0,177
5BZB J1800+7828,blazar,-0.07982008296861395,-0.00911463610479883,8.757352685379168,1.433000700000001,-0.4214897091890693,3.1752752472980336e-28,2.4890869802874764,0,0,623
5BZB J0721+7120,blazar,-0.05187938117051489,0.05535229821753659,-0.9372579430510183,0.2820000699999987,0.25190999748764564,7.229292991055248e-07,-0.39801028049062265,0,0,377
5BZB J2116-0108,blazar,0.1036755264394463,-0.07632683307794454,-1.3583103380376522,0.7130003999999985,0.2526899637078873,0.00013184570816580368,0.29994511582012323,0,0,224
5BZB J2339+0534,blazar,-0.30979131879043403,-0.015118460272795151,10.0,2.0749996999999993,-0.4218086841620241,4.723585908015872e-07,5.987081847665707,0,0,132
5BZQ J0521-1737,blazar,0.011492780592538394,0.020594068679664283,0.5580626524707571,0.6479987999999999,-0.073654082970863,0.27782518653793037,-4.233413441640652,0,0,219
5BZQ J1927+7358,blazar,-0.012230947520509924,0.01705770531877254,-0.7170335805396628,0.2910003000000003,-0.5931341884065557,1.8086283075479354e-46,3.78761930297057,0,0,475
5BZQ J1911-2006,blazar,-0.06784472027086026,-0.0010572593052279049,10.0,0.36299990000000193,0.2054769039019564,0.06573328401618062,3.657255682531145,0,0,81
5BZQ J0740+2852,blazar,0.001010799750105046,0.23612817971524055,0.004280724779753195,1.7659997,-0.08488177463974142,0.23685678237413668,1.8377976838960979,0,0,196
5BZQ J0522-1627,blazar,0.06043791090641914,0.08900453790855296,0.6790430277669169,0.9110003000000013,-0.6080546973233291,4.093474501080474e-22,-2.4897924198015073,0,0,205
5BZB J0745+2226,blazar,-0.06734009031776113,0.014344111498847081,-4.694615649297877,1.4699993000000013,0.0706965356255698,0.3596059544642255,3.769785624301165,0,0,170
5BZB J1824+5651,blazar,-0.033940468692671796,-0.07656386069981579,0.44329620244389606,1.400000499999999,0.1299352158052384,0.0015768944025841257,0.28523652688788553,0,0,589
4FGL J0510.0+1800,blazar,0.5520615491976523,-0.22149300090507926,-2.492455955455848,1.480000500000001,-0.4504886623090151,0.00851777230859228,-6.762035998924031,0,0,33
5BZQ J0932-3405,blazar,0.05636076451893929,0.21806401148211124,0.2584597253617102,2.0359992999999985,-0.49659326957569405,2.3921293034745235e-12,0.49855742405749515,0,0,176
5BZB J0533-7216,blazar,-0.2540401983272627,-0.13460419311656605,1.8873126642293092,2.961999799999999,-0.612334110733291,2.538981280218794e-17,1.4744433004458593,0,0,155
4FGL J0113.4+4948,blazar,0.09804778725764375,0.28760353343162476,0.3409130134381807,1.9879999000000002,-0.67338899903551,3.6052606307357884e-06,0.7461896862895275,0,0,38
5BZQ J2238+0412,blazar,-0.032421299852053324,-0.027868708801401416,1.163358520952466,0.9470005000000015,-0.36474707738927925,1.584972712674037e-07,-4.999470228240924,0,0,195
5BZB J0953-0840,blazar,0.027581668915942485,-0.061028400285234825,-0.45194808952932,0.3150005,-0.05991953924835794,0.42689951976359486,-6.416500223082962,0,0,178
5BZQ J2323-0150,blazar,0.00991714116152406,-0.06168862339659786,-0.16076126545678426,1.636000700000002,0.05965298770682963,0.43561513623138315,-6.149430741586859,0,0,173
5BZB J2350-2436,blazar,-0.05032964733377296,-0.16106513621773447,0.31248008424203777,1.4840001000000012,-0.38829156912276563,1.280141276629912e-06,5.001826302279531,0,0,146
5BZQ J2322+1843,blazar,0.19531267714781653,-0.08999622957786572,-2.170231775974902,2.1240005999999987,-0.5836227299763246,1.1673938339482111e-11,-0.995168614819986,0,0,113
5BZB J2022-4513,blazar,,,,0.23700040000000122,0.23080941155831747,0.25661796541749027,1.8732174668539325,0,0,26
5BZQ J2343+1543,blazar,0.09639070694723693,0.28416746023632894,0.3392038865641873,1.7989998000000007,0.0075983134709447925,0.922129613473202,0.547303198189459,0,0,168
5BZU J0954+5719,blazar,0.03900996010451702,0.10624780690389864,0.3671601442070387,1.2830000000000013,-0.5945963334935536,5.170897239334941e-27,2.188891320246953,0,0,268
5BZQ J0802+1809,blazar,0.2394429996991172,0.37763734870396093,0.6340553987069282,1.772000300000002,-0.31233154054844936,0.06774897318432857,5.089261053481723,0,0,35
5BZQ J0743-5619,blazar,0.015089871468541871,-0.48977539331046727,-0.030809778675378336,1.7150001999999986,-0.4887331799774015,2.395926129566114e-09,4.67756099864011,0,0,133
5BZQ J2007+0636,blazar,0.07522543852891854,0.42663188136834845,0.17632399690254247,1.6199998000000004,-0.5124759808306045,0.001003749694889255,-1.0988235281867216,0,0,38
5BZQ J2109-4110,blazar,0.08762878652023025,0.02685922815641513,3.262520650627883,1.0950001999999994,-0.20643889983838276,0.010208137446877045,-4.246320289877482,0,0,154
5BZQ J2256+2301,blazar,0.4811390644527183,-0.06954987000113878,-6.9179002699047505,1.4400005999999994,-0.48170947970983496,6.072853316934966e-06,-1.2439881367556465,0,0,80
5BZQ J0751-0046,blazar,-0.05246287883536523,-0.39153254361601614,0.13399366078447017,1.4819994999999988,-0.41954054074158115,0.007844222727561176,-0.9424474186584539,0,0,39
5BZQ J0510+1800,blazar,-0.035293765579916425,0.0418597745076732,-0.8431427544705675,0.4670000000000005,-0.04037093718743824,0.5616636112776905,-0.596990353000411,0,0,209
5BZQ J0631-1410,blazar,0.06394085232884517,-0.10023550134437291,-0.63790624550445,1.3449992999999996,-0.2513700513433801,0.0016628221986118186,-6.616686522204251,0,0,154
5BZQ J2354-0019,blazar,-0.025830088156116295,-0.12558901508877862,0.20567155605016138,0.6600009,-0.6356562920914993,6.712196359000322e-23,-4.9899431430773395,0,0,190
5BZB J0915+4738,blazar,-0.2587343386934121,-0.05059497846039473,5.11383434812502,1.5450000999999975,-0.41364177127731533,3.969751217413507e-10,0.5471301199008904,0,0,211
5BZQ J1920-2351,blazar,-0.05201013601123518,0.10393908457936242,-0.5003905530024461,1.7620000999999998,-0.5143004018489878,7.105255123133196e-08,-4.606549357428883,0,0,97
5BZQ J0540-5418,blazar,0.022467746943919942,-0.011061744260465328,-2.0311215315490223,1.5200005999999995,-0.49115763821641967,2.422717451352679e-06,-4.3837800220714565,0,0,83
5BZB J2039+5219,blazar,-0.012545270369102648,-0.08735654901991176,0.14360995838151897,1.0900002000000004,-0.707631735610361,4.8136580438686125e-45,4.599906641347014,0,0,288
5BZB J0910+2548,blazar,0.08743983226147442,-0.11762926273605383,-0.7433510185104116,1.2620000999999998,-0.3676361069393316,7.352067549419818e-08,-0.5471687356184806,0,0,202
5BZQ J2123-3046,blazar,-0.10503224576309662,0.20916316228873902,-0.5021546079806586,1.4420004000000013,-0.5714710959294671,1.1093454042166624e-13,3.3495496964210805,0,0,142
5BZQ J1808-5011,blazar,0.3126117444753293,0.07344278176789541,4.25653463758073,1.4280004000000002,-0.18049101564097975,0.059172580899578074,1.729361398364547,0,0,110
5BZQ J2123+0535,blazar,0.11677573852503703,-0.08086322786874629,-1.4441142358870755,0.7920007999999985,-0.1285700300133699,0.08113558123008441,-1.1498394894072543,0,0,185
5BZQ J2147-0620,blazar,-0.017283171521470006,-0.1026808697577633,0.16831929416105568,1.474999500000001,-0.4530484334994124,4.1613944305839563e-11,-0.5499560051258037,0,0,192
5BZQ J0513+0100,blazar,-0.18985508017376954,0.07666557874517389,-2.476405751854067,1.4750004000000008,-0.3958912431428418,3.4193478322106045e-06,-1.5421193797070523,0,0,129
5BZB J2325+3957,blazar,0.06500785765924581,-0.10061671862263431,-0.6460939946079888,0.9940003999999991,-0.17576220835530876,0.013254881556873016,-5.920897472516493,0,0,198
5BZQ J0750-6726,blazar,-0.07077259779778838,-0.04667348342016014,1.5163341711756375,3.2500000000000018,-0.5057325475551574,3.786594664214946e-36,-7.363092898138801,0,0,536
5BZQ J1915-2347,blazar,-0.00866391650914722,0.038859996973112466,-0.222952063407052,0.5999994000000015,-0.596131317141992,5.097825611434595e-12,2.3748342059548286,0,0,111
5BZG J2059-0037,blazar,-0.004077803176210221,0.21901473044627226,-0.018618853480316798,1.5609999000000006,-0.36737611058370606,1.0005509638643418e-08,-0.44994503486858284,0,0,229
5BZG J2147-1608,blazar,-0.038930143832965426,-0.010892775146468048,3.573941746662091,0.8439998000000024,-0.34392043040207604,0.0006016676371311976,-1.8497606196083498,0,0,96
5BZB J1836+3136,blazar,-0.0630358389462991,0.015455888691358496,-4.078435100373292,0.4429999000000002,0.1654219951487818,0.006344361600670417,6.6090187608628295,0,0,271
5BZU J2244-2954,blazar,0.22158135974012957,-0.26101964491738966,-0.8489068315538397,1.9089994999999984,-0.4891770410312387,4.771304518288702e-06,0.9490114892862408,0,0,79
5BZQ J2202-8338,blazar,0.08737261982112714,-0.010447559169148928,-8.362969609124944,1.5310001999999994,-0.020391960047673772,0.7120747261675012,2.710176339235321,0,0,330
5BZQ J2225-0457,blazar,-0.04231927120536881,0.10171633333844853,-0.41605187501752217,0.7790003000000016,-0.18146163277249938,0.01222412556239253,-4.8456223079915155,0,0,190
5BZB J2014-0047,blazar,-0.07028330685565365,0.10572959211637546,-0.6647458431343757,1.3690005000000003,-0.243312392556536,0.0029820497196514613,-3.097237513911025,0,0,147
5BZQ J2217+0220,blazar,-0.2040197352684501,0.2071148193265985,-0.9850561921729619,1.4049996999999994,-0.00855387570688252,0.9520087003870874,1.2979285129756344,0,0,52
5BZB J2309-3043,blazar,0.592861598605859,0.1710433520802753,3.4661481513038455,1.5560007000000002,-0.5789246267441037,4.258705611557091e-10,-1.8479058980943184,0,0,98
5BZG J1757+5523,blazar,-0.0074850556419439555,0.0026215879970455233,-2.8551609369509863,1.3229989,-0.4799463635421625,5.9505588254230196e-36,-0.7003901174264207,0,0,601
5BZQ J2348-1631,blazar,0.025034396482621013,0.10742979349052853,0.2330302951278423,0.8360005000000008,-0.5500260251351274,5.938136636281369e-14,-6.198997700089805,0,0,159
5BZQ J0557+2413,blazar,0.01251648191210152,0.03991232298374532,0.31359943437015625,2.1320010000000007,-0.49663332634729573,3.768376945849172e-10,0.6467344106206707,0,0,141
5BZQ J0909-0231,blazar,0.002434762267861083,-0.0653796427152156,-0.03724037279412126,0.8269997,-0.5471199072083577,3.475908031630567e-18,4.7746108775162295,0,0,215
5BZB J0909+0200,blazar,-0.009359407140792938,-0.025309340553687654,0.3698005138039538,0.7319995000000006,-0.034454408039327436,0.6272697742665772,-2.0390616707114315,0,0,201
4FGL J0815.6+3641,blazar,-0.1705955204898392,0.32850235740137246,-0.5193129262125851,1.7520007999999994,-0.47440070498651726,3.1811961113157698e-12,-1.9792503490283349,0,0,193
5BZQ J0717+4538,blazar,0.001940172080008235,0.017977550485502296,0.10792193750604985,1.6669998999999986,-0.03454916634960363,0.6029813070961574,0.8954335511605753,0,0,229
5BZQ J2200+0234,blazar,-0.4215750904324146,0.3385241792911734,-1.2453322870913954,2.398000699999999,0.0685770342784372,0.3497309719947946,0.19981689670253241,0,0,188
5BZQ J0606-0024,blazar,-0.029708528779355956,0.017395861227206006,-1.707792927946202,1.5290002000000005,-0.4919459148532335,1.261871317067343e-14,-8.506922141805335,0,0,217
5BZB J0744+7433,blazar,-0.06146136481044027,0.030020105273052655,-2.0473400826349084,1.3050002999999997,-0.2767364442843796,1.902901011722098e-08,-2.1891179777270366,0,0,399
5BZQ J2303-6807,blazar,0.011711354269704526,-0.07115569983346318,-0.164587718160519,0.6279991999999996,-0.5578921341523898,6.404761049967117e-27,4.400797120431481,0,0,312
5BZQ J2342-0322,blazar,0.02739156664754591,0.009874302537357835,2.774025460928944,0.284999899999999,-0.6463609421865064,8.320224676331235e-25,3.0465787586264184,0,0,198
5BZG J0737+5941,blazar,-0.039324964012727344,-0.014088706143336661,2.791240275199176,1.335001,-0.8101030995452659,1.6493961919742613e-58,3.581725043245994,0,0,246
5BZQ J1813+2952,blazar,-0.029005896827910355,-0.067616467027901,0.42897681737706694,1.6719998999999994,-0.00581295590724463,0.9245386770145765,3.751437025410672,0,0,268
5BZQ J2307+3230,blazar,0.10350282611184076,0.5307085095621933,0.1950276361636356,1.980999999999998,-0.3857061105663163,1.091646590881319e-06,5.514822690626284,0,0,150
5BZQ J2314+1359,blazar,-0.1533445495365491,0.25072742094383027,-0.6115986395078121,1.4049998000000006,-0.4402179432485401,0.0039731558315289645,-1.990305992969201,0,0,41
5BZG J2133+2528,blazar,-0.005880717642429475,0.016526625824881225,-0.3558329271045706,1.4400005,-0.2013040321773802,0.0005760533789378897,-0.4995681799548252,0,0,289
5BZB J0801+6444,blazar,-0.11923757094011897,0.04129877306037176,-2.887194027914921,1.4039994,0.06261297516095399,0.2990864594365685,0.2984950870915812,0,0,277
5BZB J0950+0615,blazar,0.029486473099728384,-0.050993280532633384,-0.5782423251012137,0.7709998999999979,-0.16085485637020264,0.04024460076673823,-2.785467215057083,0,0,163
5BZQ J2057-3734,blazar,-0.27366704734154257,-0.14024568387843425,1.9513402464403733,1.6250001000000012,-0.0279919271296799,0.7187135605318102,-5.045304218240657,0,0,168
5BZQ J2330+1100,blazar,0.0730140877406659,-0.05611724986450452,-1.301098822856767,1.4159993999999987,-0.46148609101457416,1.8287266338018857e-11,-8.561881155302254,0,0,191
5BZQ J2329+0834,blazar,-0.057439493876963024,0.08080783036979841,-0.710815939669515,1.7490006000000005,-0.025045605018536074,0.7315943190055421,-6.9860275152856905,0,0,190
5BZQ J0631+5311,blazar,-0.037331173933329166,-0.02962215969224633,1.2602448410640597,3.2489997000000006,-0.4214929710153946,9.370119578887626e-12,0.39799107692484575,0,0,240
5BZQ J0642+6758,blazar,-0.03073120516276082,0.028853760810771272,-1.065067578687652,2.8610000999999983,-0.7233172996877473,2.265025835332024e-54,3.930440885391097,0,0,328
5BZG J2248-0036,blazar,-0.0917308837742621,-0.11436629595965181,0.8020796949358626,1.0750007999999998,-0.3267489580580988,8.528750802357049e-06,-2.949678795996032,0,0,178
5BZQ J2247-1237,blazar,0.08048546469238223,-0.09290177803881024,-0.8663500999814985,1.1839990999999994,-0.6117787771941903,3.8459509108813423e-19,2.9472917222811783,0,0,173
5BZU J2129+0035,blazar,-0.0053308076535304,-0.078722718705817,0.06771625448368178,1.8429994000000018,-0.5588500231896312,2.4347421861015076e-16,-2.499565649028063,0,0,182
5BZQ J2312+3847,blazar,0.03115842149406812,-0.043438745981731246,-0.7172956030354148,1.0029993000000026,-0.5516814701272384,7.978854837565838e-23,-0.3679538090810403,0,0,269
5BZQ J0908+4150,blazar,-0.14761736472653733,0.019355185600375604,-7.626760485503827,1.6199997999999987,-0.42337793299048665,1.2263605641655877e-11,2.0395147242810427,0,1,235
5BZQ J0921-2618,blazar,0.04918760398014113,0.12280180344456908,0.40054463860006495,1.324000400000001,-0.20945379140286097,0.006595426440822756,0.6466721628550308,0,0,167
5BZG J2322+3436,blazar,-0.07635461188229326,0.0880057875363833,-0.8676089836787925,0.7880001000000014,-0.19340002476064588,0.0038195955538385105,-1.4192540307240253,0,0,222
5BZQ J2007-4434,blazar,0.011013845814795534,0.07647974423554721,0.14400997185443493,0.3800010999999994,-0.22206639836715986,0.004904029208384976,-5.082317841149347,0,0,159
5BZB J0629-1959,blazar,-0.07933516298501085,-0.026985467644658062,2.9399217397188866,0.7380008999999994,-0.2588720219063392,0.00033431756526319453,3.8307132496971974,0,0,188
5BZQ J2244+4057,blazar,0.019512119120431864,-0.3946497274367103,-0.04944161306575591,3.9160003999999997,-0.12960992288660325,0.04441928572476236,7.248287702082126,0,0,241
5BZQ J2313-3704,blazar,0.09237354534384025,-0.4604906961464525,-0.20059807096398352,2.920001000000001,-0.4794927189727779,3.4181427184353014e-07,-2.447661747783438,0,0,102
5BZQ J1956-3225,blazar,-0.14980507471688445,0.0038018948473389786,-10.0,1.3740006000000005,-0.0017305003758854472,0.984471424276781,-5.748175684189592,0,0,129
5BZQ J0745+3313,blazar,-0.03609448181771552,-0.030282357450898672,1.1919310402514374,0.4579991999999997,-0.43132562872727315,7.035259920034176e-11,3.8169567962094426,0,0,209
5BZQ J0650+5616,blazar,-0.06580134110759497,-0.0003327369867820847,10.0,1.7890004999999984,-0.013935947496275941,0.8589913974505652,-2.5869922213908305,0,0,165
5BZQ J2336-4115,blazar,0.16524675085194293,0.04617513964553723,3.578695205265369,1.5440006000000004,-0.11389087142646642,0.1268602659757399,1.0002553997371673,0,0,181
5BZB J2254-2725,blazar,0.00907717995738534,-0.0669287262792935,-0.13562457351281837,0.9400005,0.3255028723028648,0.002844880067527043,-1.0990627288802188,0,0,82
5BZQ J0750+1021,blazar,-0.10261877026470545,-0.08151723042982968,1.2588598720001907,1.9189996999999988,0.113684888166446,0.09330810405759307,-3.0631193082511934,0,0,219
5BZQ J2109-1332,blazar,0.02486839015163681,-0.061609296093108105,-0.4036467177624304,1.4689999,-0.647853472221454,1.6906787058552994e-18,-0.44990175031786417,0,0,144
5BZU J0620-2515,blazar,-0.0100222804071115,-0.06089088440497325,0.16459410148250259,0.902000499999998,-0.24160935803361833,0.010275766026716968,-1.9790992485921972,0,0,112
5BZG J0912+5320,blazar,0.0053791869584387236,0.08012767753675645,0.06713269526589191,0.5650005,-0.4672149516159366,9.931195723602929e-13,0.5654838890414788,0,0,209
5BZU J2156-0037,blazar,-0.029887451983231856,0.23137002050807948,-0.12917599228110965,1.3089999999999993,-0.04375572536466926,0.5698612343465935,1.79837961665544,0,0,171
5BZU J2254-3209,blazar,-0.008430387313913065,0.020629123719984134,-0.40866434407711955,0.2779999000000011,-0.4986560263733785,9.10056496616609e-09,1.6485598064739233,0,0,118
5BZQ J1923-8007,blazar,-0.16714274877519233,0.08994356588095989,-1.858306896531158,1.8219995000000004,-0.5086385021722242,3.7101855522345686e-06,1.0509698053638603,0,0,74
5BZB J0706+7741,blazar,-0.05942540488039883,0.016679157915087426,-3.562854023142531,0.8000002000000013,0.22605201060192737,7.702533893255452e-06,0.6468027584436691,0,0,384
5BZQ J2216+3518,blazar,-0.027402276600134147,-0.01903422003351991,1.4396322282645575,0.7350006000000011,-0.04246091466331909,0.5109151463392472,2.4496577436663944,0,0,242
5BZU J0608-1520,blazar,-0.1365218010718802,-0.10973058771890956,1.244154468775836,1.789000399999999,-0.21445514251262862,0.010660701944526672,6.66622720562492,0,0,141
5BZG J0654+4247,blazar,-0.051881132864946326,-0.016743765254242444,3.09853441428301,0.430999700000001,-0.13588614085085304,0.03656511506818037,0.34821971656262823,0,0,237
5BZB J1848+4245,blazar,-0.03298942812196677,0.08456929402074835,-0.39008754304929044,1.6510000999999992,-0.3517002737820672,5.154094639414024e-15,1.9954633912032849,0,0,466
5BZQ J1001+3424,blazar,-0.11612301165007699,0.15963349108171088,-0.7274351444875539,2.0450002000000005,-0.4507448027731074,1.9944535381516044e-06,2.523543702885284,0,0,102
5BZB J1813+3144,blazar,0.08680877108267884,0.04379541873274188,1.9821427353491603,0.24899950000000004,-0.12478386991833126,0.02728235642702144,-3.7598868330082102,0,0,313
5BZB J0756+4140,blazar,0.06408162094239456,-0.03815179224893441,-1.679649032587306,1.8550004999999992,-0.42412571957242146,1.3700232459195673e-11,4.954042915607801,0,0,233
5BZQ J2232-1659,blazar,-0.0597836883631199,-1.0362056091100353,0.057694812532877754,1.3219995999999998,-0.2946731685181,0.06144991936181799,7.492842085154011,0,0,41
5BZQ J1818+0903,blazar,0.017346104349919917,0.13717350911687287,0.12645374796923,0.1720000000000006,-0.30480249542911375,0.17911593194928152,-0.47900976111129123,0,0,21
5BZB J2233+1336,blazar,-0.16103655932148273,0.0509650563416675,-3.159744555993438,1.4359999000000006,-0.25446844353663894,0.00010583946571930728,2.4495203013360722,0,1,227
5BZB J0503-1115,blazar,-0.2726469131433157,-0.15362145130080232,1.7747971447649755,1.4000005999999985,-0.32765403981536134,3.1074759200194028e-06,0.994937516057495,0,0,194
5BZQ J0451-4653,blazar,0.04307345094021525,-0.014328689381406056,-3.006098450016683,1.6859998999999988,0.009628317793670897,0.8631425733038866,6.818115544642171,0,0,323
5BZQ J2024-3253,blazar,-0.02470116483471862,-0.0554433906097123,0.4455204590318037,0.909998899999998,0.002237511191114948,0.9799226245263317,9.140662113186035,0,0,129
5BZQ J0654+5042,blazar,0.12014392149205867,-0.24577559931748555,-0.4888358397892069,1.5649996000000002,0.6794626325347769,2.8932354936116732e-39,-0.0994989652678987,0,0,280
5BZQ J2114+2832,blazar,0.039880240306486556,0.07814472785956149,0.5103382070529147,1.5420007999999985,0.03282814154939047,0.6680890684225854,0.1888161435723476,0,0,173
5BZQ J0535-0239,blazar,-0.2839417745738818,-0.045209317659307476,6.280602965823025,1.8319997999999984,-0.5713533148219079,1.1060374586209947e-17,-0.5472164049594795,0,0,188
5BZQ J0507-6104,blazar,-0.08455311673088568,0.009435466209980307,-8.961201794295032,2.696000100000001,0.026699751800063277,0.49647392591000555,0.3682539150876113,0,0,651
5BZQ J0742+4900,blazar,-0.03300219710605513,-0.010961237991822897,3.0108092836479625,2.1460009000000007,0.030493929605275368,0.6306479451311826,-3.6286215960624295,0,0,251
5BZQ J0659-2745,blazar,0.04226740353405145,-0.16750531214894893,-0.25233470504187033,1.3529985999999994,-0.30735345448961027,0.00022086269590140635,-0.37727367174045123,0,0,140
5BZB J0733+3515,blazar,0.07575854472461244,0.005383543332878422,10.0,0.7070008000000012,-0.2517966600219079,0.00017191159495939253,-6.8328140173586664,0,0,218
5BZG J2239-0631,blazar,-0.03497022057906519,-0.14780843438759983,0.23659150930022274,0.9179993,-0.33984724265138505,4.773931867879009e-06,3.945804371123613,0,0,173
5BZQ J2254-5926,blazar,0.026424796803520025,0.2567408242732331,0.10292401638236458,1.9270010000000006,-0.19489456630215224,0.01476544856685156,-0.4499807573457907,0,0,156
5BZQ J0608-2220,blazar,-0.36485039665386204,0.06076382187326225,-6.004401721386887,1.2259998999999997,-0.29129819442353655,0.0004160108393500773,-2.039656668234223,0,0,143
5BZQ J1830+0619,blazar,0.10166973386522407,-0.02017702683409631,-5.0388857932932245,1.3950005,-0.35160811786077484,0.00027064344126602864,-2.996441206792611,0,0,103
5BZB J0950+4553,blazar,0.0492681411245377,0.11575209341189185,0.4256349900232224,1.0620001999999982,-0.14857954896178097,0.009597313118943981,-2.4422061742461336,0,0,303
5BZB J0617+5701,blazar,0.032917324393913344,-0.00847640499089878,-3.8834062824106543,0.2999993000000014,-0.09275693866992195,0.14281946524100306,-0.845743305649007,0,0,251
5BZQ J2018-0509,blazar,-0.08836331116605188,-0.08862826125307752,0.9970105462605311,1.556000700000002,-0.555345596724155,2.804831696575062e-16,-1.9982160076550302,0,0,184
5BZQ J0726+0636,blazar,0.07436008053406941,-0.08874341586114366,-0.8379222256941318,1.7550001000000002,-0.5868331572590155,4.116741122173577e-17,2.1206064657412713,0,0,170
5BZQ J2147-7812,blazar,0.005598720477733167,-0.04086482540645545,-0.13700585826677072,0.4530000999999988,-0.5823378509070992,4.6094094078628797e-35,0.4750887508049288,0,0,371
5BZQ J2248-3235,blazar,0.11449309662876457,-0.10380197000229935,-1.1029954116114404,1.1749993000000014,-0.0425024603366775,0.6841938433202764,-1.4485915658806279,0,0,94
5BZQ J1740+5211,blazar,0.006205174391672613,-0.08072988122313157,-0.07686341535077895,1.2140007000000015,-0.26426468416560395,4.0375588611541656e-12,7.30266984699768,0,0,667
4FGL J0852.5-5755,blazar,0.07821176098834591,0.4984127209441536,0.15692167896555237,2.2829999999999977,-0.5710323328433564,9.663040718114525e-05,-5.193709740579334,0,0,41
5BZQ J2200-1632,blazar,-0.2733800354536349,-0.2668381505299539,1.0245163029000481,1.8590011999999998,-0.349437533575021,0.00020992033824517956,1.299852636164271,0,0,108
5BZQ J2135-0803,blazar,0.039035359184862076,-0.2873495880995836,-0.13584623330427054,1.4289999000000009,-0.6275932307067399,1.2949712710783881e-11,1.9496125972611895,0,0,94
5BZQ J0623-4413,blazar,0.002201955284678513,0.00669960207231975,0.32866956289481264,0.5910005999999992,-0.6765345825729646,3.586134654106581e-50,-4.97562460840521,0,0,365
5BZQ J2007+4029,blazar,-0.0024834891440855995,-0.026383001966492393,0.09413216688683658,1.209999100000001,-0.22430285481253165,0.006683099599655111,-1.0496846882743336,0,0,145
5BZB J0609-0247,blazar,0.00791795082377766,-0.010216268982933065,-0.775033511451696,0.4700001999999994,-0.060649047843692,0.37959014888851295,1.2934460274666673,0,0,212
5BZQ J0650+6001,blazar,-0.0298104549679268,0.03274566474187924,-0.9103634084972926,0.5609998999999988,-0.37891368428816186,3.6984170296028066e-08,2.537250549152358,0,0,198
5BZQ J2253+1942,blazar,0.051658032190069716,-0.056159056728318765,-0.9198522054951225,0.3799992000000003,-0.43341843772314087,5.6384996893945854e-14,-2.8497957175088304,0,0,274
5BZQ J2246-1206,blazar,0.01589645476665951,0.044568500916915374,0.35667465675575877,0.2989998000000025,-0.3899221901066536,4.4663095002590494e-07,3.646521193174404,0,0,157
5BZQ J0600-3937,blazar,-0.12023489807001436,-0.24099367410510883,0.49891308772517484,2.088000300000001,-0.05072079004512883,0.4255402285423126,-1.8408968640468184,0,0,249
5BZG J1838+5735,blazar,9.288288292454489e-05,-0.04209311824361225,-0.002206604946371255,1.5390005000000002,0.01946923419044703,0.6279384590425691,-0.3999319122277889,0,0,622
5BZQ J0609-1542,blazar,-0.08229607932108057,-0.014323953495827305,5.745346726031619,0.4880010000000006,0.47651327975943236,2.472221184776929e-12,0.19899810417138974,0,0,193
5BZB J2249-1300,blazar,-0.024559094252882812,-0.17941999247728252,0.13688047755320462,1.2660008999999999,-0.29037557455892593,0.0006052043984336745,0.3496534693667355,0,0,136
5BZU J0923+4125,blazar,0.12712012925503888,0.16931265936420895,0.7508010903165274,1.5900011000000003,-0.23936010306219924,0.0001246711923666331,-3.631134866524299,0,0,252
5BZQ J0909-7445,blazar,0.04755440312845515,0.1074713810365014,0.44248434020126576,2.078000099999999,-0.47485927984405446,1.367510140606649e-28,2.977271907622176,0,0,484
5BZQ J0742+3944,blazar,-0.544707663801298,0.2394557850632046,-2.2747734562250055,1.3550004999999992,-0.09292269503908823,0.427815331206843,3.8260676901197797,0,0,75
5BZU J2025+3343,blazar,,,,1.0120000000000005,-0.23358235396478394,0.06322345419174179,-3.1055965376533874,0,0,64
5BZB J0917+4029,blazar,0.05069997127945544,0.026929375261733328,1.8827013544387774,1.6809996999999992,-0.22747421415265315,0.00036078136368806476,-0.4974182802012321,0,0,242
5BZQ J0924+0309,blazar,-0.03214917026155945,0.01831122684118449,-1.7557081532763008,0.33500009999999847,0.48622300453826045,2.8147619575768176e-14,-0.049742115669404445,0,0,217
5BZQ J0747-6744,blazar,0.655088981249219,0.25118127447948446,2.6080327150451024,1.8560007999999986,-0.4624069539778721,0.010088692995063528,-3.2811821388110936,0,0,30
5BZB J0929+1945,blazar,-0.14194423584722085,0.009415682756672417,-10.0,1.8440006999999987,-0.33896200644318203,1.7199415790082952e-06,1.2932621886099942,0,1,190
5BZQ J1957-3845,blazar,-0.04748822898371724,0.04566960762016696,-1.0398212609724111,0.44699950000000044,-0.277611787869252,0.0008975329052970166,-1.6148869397837116,0,0,140
5BZQ J1949+5041,blazar,-0.02963508482456973,-0.07242156458282109,0.4092024936948046,1.0589990999999994,-0.2544862887426321,1.9240174518640743e-08,-2.250259761960987,0,0,474
5BZU J0713+4349,blazar,0.05764346782289381,-0.07318533142704088,-0.7876369034464114,1.7720003999999996,-0.403334731161395,6.771531843670673e-10,1.5421952179839826,0,0,217
5BZQ J2056-3857,blazar,0.008141515690297982,0.13736226604530316,0.05927039444451831,1.6769991000000015,-0.4982554348534851,4.851771125147674e-11,0.9991458305790556,0,0,154
5BZG J0550-3216,blazar,0.05049811876995127,0.035560244676287336,1.4200723091094187,0.447999900000001,-0.2563569627873966,0.0004126143939175433,-0.3980112261738535,0,0,186
5BZU J0517+0858,blazar,0.06276575352738127,-0.04392543964583595,-1.42891577257853,0.8179998000000008,-0.15254474425605477,0.01664690612440826,-0.3980054782521557,0,0,246
5BZQ J1803+0341,blazar,-0.21490702705045817,0.02692316604417874,-7.982234581839784,1.1429987000000015,0.6179387562957918,1.0570137272101185e-06,-1.530152546205887,0,0,52
5BZQ J2234-2055,blazar,0.16235509614212537,0.005455328290929392,10.0,1.3689996000000004,-0.19926963648900684,0.10328365854236499,4.995270760533882,0,0,68
5BZB J0924+0533,blazar,0.03177465814473314,0.21202213868208244,0.1498648129022875,1.4400005999999994,-0.24926710050866294,0.0005614230560034039,1.3927364820610546,0,0,188
5BZQ J2226+0052,blazar,0.029479473612527177,0.09417739448113517,0.3130206964733162,1.6979990000000011,-0.04014988935213544,0.6075362605486547,-0.7492055578665292,0,0,166
5BZB J0751+3928,blazar,0.015493581661592027,0.2582337316637217,0.059998287449790445,1.6570006,-0.4946385975689604,3.962370594132486e-08,5.519187464884192,0,0,110
5BZB J0506-0858,blazar,0.03013585222420503,-0.008587314282221637,-3.5093454407037887,1.8430003999999993,-0.17000151168068486,0.013859543664149628,-0.8472820301351127,0,0,209
5BZB J1754+3212,blazar,-0.03580436168485807,-0.03656573125941195,0.9791780569311629,1.8319997499999978,0.09113073042454109,0.0820879432066004,0.8000050377133472,0,0,365
5BZQ J1809+1849,blazar,-0.05404299921619367,0.15410369015581948,-0.35069244066478195,1.7770003999999986,0.0431113357069922,0.6003964217556691,3.9967304903381202,0,0,150
5BZG J2150-1410,blazar,0.06801229894620386,-0.06650408079423756,-1.0226785805315122,0.8419999999999987,-0.32025225686553704,0.0008177858783357969,2.9496999464581815,0,0,106
5BZQ J2025+0316,blazar,-0.07748574479465917,0.028989524297760236,-2.672887764517261,2.018000699999998,-0.15162495258110364,0.0205904961888081,-3.699733679196713,0,0,233
5BZQ J2228-0753,blazar,-0.08762111819892672,-0.06667654576674542,1.3141220378369884,1.3699998000000004,-0.4341943488908443,3.8827180337931234e-10,6.444197008550311,0,0,190
5BZG J0905+4705,blazar,0.044447527320216985,0.059328257796667526,0.749179715887656,1.0900011999999997,-0.10167534060972955,0.1391386248474349,3.6284918251111606,0,0,213
5BZB J1942+1033,blazar,-0.03044979025298272,0.041513126985393,-0.7334978707746328,0.33500089999999894,0.40640911071434926,1.4019626803472968e-05,0.0,0,0,107
5BZQ J2256-6533,blazar,-0.007929727282396673,-0.029314722675345913,0.2705032338261103,0.6059998999999987,-0.697145921516465,1.6508375005456937e-51,-6.200396510445984,0,0,345
5BZQ J2228+2503,blazar,0.09717676266780989,-0.03753870901463688,-2.5887081686778117,1.7449998999999998,-0.45461276656820165,4.817583449670792e-16,0.9999174420725535,0,1,287
5BZQ J2025-2845,blazar,-0.12314448385758497,-0.02268889757731222,5.427521695929528,0.8169994000000003,0.05627344642820859,0.5574513595800413,0.24976543535455184,0,0,111
5BZQ J1923-2104,blazar,-0.03350251232255468,-0.2696044660006056,0.12426542044922737,0.6459999000000014,0.7499986519996404,1.1907643711455045e-06,0.0,0,0,31
5BZQ J0529-0519,blazar,0.058386068530702745,0.04832140217510543,1.2082858920178956,0.8729991000000012,0.31310470259538475,9.784977293842601e-06,-0.199134383142505,0,0,192
5BZQ J1909+4834,blazar,0.017589552544421155,-0.008470742403371383,-2.0765066043586047,0.8389998000000016,-0.5117906422841652,2.6269550488178376e-39,1.1992133778792606,0,1,569
5BZG J2003-0856,blazar,-0.024148509201546854,0.1021477705723128,-0.23640759916978865,0.6150008000000007,-0.6443350506258476,8.671216473984748e-20,-5.495057029459265,0,0,157
5BZQ J0728-4745,blazar,0.2524184450402062,-0.19016279955553458,-1.3273807791543932,1.2450008000000015,-0.34820347401895396,0.11227557535463845,-0.447652024172895,0,0,22
5BZQ J0456+0400,blazar,0.017462664407320454,0.047292991442016416,0.36924423418490154,0.47100060000000177,-0.5009872795639221,3.116888439805071e-14,2.0395889600540738,0,0,202
5BZB J1739+4737,blazar,0.029815135137178594,-0.0008593018316546928,-10.0,1.6709993999999995,-0.020470393424706947,0.6309843152843443,5.4005823892238185,0,0,553
5BZQ J1824+1044,blazar,0.024889858836960724,0.013696450699918527,1.817248817396815,1.0130005000000004,-0.7854178924551671,4.506066976755578e-42,2.151636122428196,0,0,195
5BZB J0956+0156,blazar,-0.18681856687676954,-0.42108225559000123,0.4436628815313243,1.5810002,-0.4658480544866248,6.244745362333091e-05,1.989652352542094,0,0,68
5BZQ J2027-0831,blazar,0.006831385436463278,-0.19353200967293527,-0.03529847826211367,1.4130000999999996,-0.7108488261896249,5.200517363274046e-31,1.4984904259342913,0,0,193
5BZB J0920+3910,blazar,0.1158577898681632,-0.06989893875651822,-1.6575042758765666,1.6409999000000006,-0.30921681214384467,8.816054861561959e-07,-2.9847054729034905,0,0,243
5BZQ J0648-3044,blazar,-0.051965321162137215,0.038131671188632754,-1.3627863542898782,0.8530007000000008,-0.2644308848095396,9.372301534378066e-05,4.083831387824504,0,0,213
5BZQ J2306+0837,blazar,-0.004487715328041767,0.0123741968199887,-0.362667201219276,1.6859999000000006,-0.580343609412568,4.617954141834552e-14,-8.218610715041487,0,0,141
5BZQ J0756-1542,blazar,0.19252772190386372,-0.3877544921314157,-0.4965196427398531,1.1540002999999999,-0.1963473951118095,0.0379979545147129,1.8851194271375808,0,0,112
5BZB J2250+3824,blazar,0.024521538960993617,-0.13016571047275383,-0.18838708652173372,0.5209998999999996,0.46991204049672675,2.218084947096293e-12,0.05251877749377142,0,0,200
5BZB J2255+2410,blazar,-0.07747173183474582,-0.05453288308695467,1.4206425086899277,0.45000079999999976,-0.3615388320616214,3.15767746869597e-08,5.568032951822865,0,0,221
5BZQ J2230+6946,blazar,-0.03705409802283059,-0.0062143075334012915,5.962707481673293,4.622000799999999,-0.4751735707239653,3.686527857627424e-20,3.085476071100888,0,0,333
5BZQ J0920+4441,blazar,0.006476241798974465,-0.11213586406707719,-0.05775352830117331,0.8220005999999991,0.022030996333648637,0.7257282863399093,0.5969482288854215,0,0,256
5BZQ J0632-2614,blazar,-0.1507536586174613,-0.10951088290665638,1.3766089233885452,1.1139994000000009,0.35236523151008636,3.0116226362544775e-06,0.24875439442026004,0,0,167
5BZU J2029+4926,blazar,-0.2203617476317002,-0.12350046609924091,1.7842989147476152,1.1949995999999992,0.17298656369408266,0.01480448903642787,7.459821071081733,0,0,198
4FGL J1120.8+4212,blazar,-0.007191364355446468,-0.02422331324893234,0.29687781690076737,0.5620004000000005,0.11491869239224133,0.08904677279116824,2.288073345503902,0,0,220
5BZQ J1914-4631,blazar,-0.06843813391910358,0.10835605961428788,-0.6316041222126474,0.9089995000000002,-0.5636688068835969,1.02928095424401e-14,5.699733246636547,0,0,159
5BZQ J2316-4041,blazar,-0.17641459920243116,-0.10153616008686124,1.7374558881438256,1.622000700000001,-0.2862176474027813,0.0017576280644769672,0.44960635716837805,0,0,117
5BZB J0930+3503,blazar,-0.1722241075441611,-0.04009420984816161,4.295485762068407,0.9850005999999993,0.1409106021354437,0.05247845109375803,-1.9896170551895975,0,0,190
5BZQ J1846+3747,blazar,0.03643440209861969,-0.23241170708286746,-0.15676663863420975,1.7499999000000006,-0.6171000303590582,2.0577359694979252e-29,2.5179431587853554,0,0,267
5BZU J2350+1941,blazar,0.019160039002045378,0.3205405594262466,0.05977414850819815,1.8909998999999988,-0.5102661947453728,6.542009476160602e-18,-2.415723836038331,0,0,249
5BZG J2147-1019,blazar,-0.031636284673162866,0.0011941921112813465,-10.0,0.8070001000000016,-0.46603119966572226,8.134884194321128e-08,-4.249091358389457,0,0,120
5BZQ J0657+2423,blazar,-0.25617177436627664,0.4157665975779638,-0.6161432300203957,1.5309992000000001,-0.0604553067615621,0.4685325775693877,0.3482275751028063,0,0,146
5BZB J2225-1113,blazar,-0.04589894307525235,0.08122348292691961,-0.56509449510494,1.1020002000000009,-0.09447070239357391,0.2260172395021927,0.4995389126817248,0,0,166
5BZQ J0636-2113,blazar,0.16445909932378208,-0.19379729224588746,-0.8486140204431677,1.534999899999999,-0.5251921938610189,0.0014263277197597722,-4.924696248263652,0,0,34
5BZB J2324-4040,blazar,0.022349611291908947,-0.0171099103583312,-1.306237778214099,0.32400040000000097,0.12036736585431485,0.17593797744300296,-2.7019594941338805,0,0,128
5BZU J2115-1416,blazar,-0.027072352677378824,-0.17967331248711166,0.15067542476193163,1.2200003000000006,-0.32846227535072975,9.460607479378107e-05,-0.7998468377363446,0,0,136
5BZQ J0630-1323,blazar,0.12991563129098105,0.032010677019925445,4.0585093283129705,0.5780010000000004,-0.3676048056088935,1.5650179504810702e-05,5.620700346140187,0,0,131
5BZQ J2110-1020,blazar,0.2379321797511707,-0.02015573764625322,-10.0,3.2499999999999982,-0.7080755874239966,1.2267451132490432e-16,3.249383783369615,0,1,101
5BZU J2211-2849,blazar,-0.07685521668225131,0.19036288901189238,-0.4037300394062101,1.8350000000000009,-0.6128328990425864,5.7304524789508144e-15,0.9498726701800148,0,0,132
4FGL J0307.4+4915,blazar,0.06161844439310409,-0.9288499406972741,-0.06633842743947212,1.2539996000000002,-0.4517743292709511,0.005001995167395617,-5.237249382035736,0,0,37
5BZQ J0743+2328,blazar,0.06431961444867676,-0.05868407967752207,-1.0960317483399724,0.9560003999999989,-0.5349287095503479,1.7693101446337717e-12,-6.173050447921429,0,0,150
5BZQ J2035-6602,blazar,-0.13458840906604475,0.47231025808908905,-0.2849576242755628,1.4359999000000006,-0.5350123113406087,3.783868802501407e-07,-0.7600171631748115,0,0,79
5BZQ J0555+3948,blazar,0.04086905428661074,0.10907662606784461,0.3746820538910928,0.9689999,-0.22581114657273751,0.0012677013332166886,-1.193929885601643,0,0,201
5BZQ J2036-0629,blazar,,,,1.5310001,-0.2678905939281148,0.0067598580006650475,0.7491672147494862,0,0,101
4FGL J0511.4-6804,blazar,-0.08156772953983314,0.012057668654022006,-6.764801047391949,1.1149998000000014,-0.26861683153272015,6.369752403424727e-05,-2.7014506227351145,0,0,216
5BZQ J0808+4752,blazar,-0.02917667218436151,0.12848325296915783,-0.2270854100445707,0.7179994000000001,-0.3764343955989838,3.180986233259717e-09,5.379781045278029,0,0,232
5BZB J0722-0731,blazar,-0.05235036628238731,0.0463924121157808,-1.1284251862510908,0.562998799999999,0.07427228343478526,0.37970076744455133,-0.23592310406570863,0,0,142
5BZQ J1826+0149,blazar,0.014274857152471893,0.12618072152762919,0.11313025460348311,1.4889992999999997,-0.8339852616628434,1.78472527920907e-31,6.704974815064758,0,0,117
5BZQ J0726+2153,blazar,0.26249268415528515,0.025544413853718376,10.0,1.8339997000000015,-0.6845602666131139,5.934595151299994e-16,-2.777214390918547,0,0,106
5BZB J2350-0559,blazar,0.04583472038045808,-0.006926525700390747,-6.61727428194952,1.6940001999999996,-0.4119268061377155,4.273425936478126e-09,1.5758362616591386,0,1,188
5BZQ J2247-3657,blazar,-0.18117335608507176,0.21628214771435672,-0.8376713381094539,1.3520002000000009,-0.3642809206002556,0.0057787698071457404,-0.4497525712829572,0,0,56
5BZQ J2147-7536,blazar,0.0494677419555355,0.05581285338800021,0.886314512745752,0.47299959999999963,-0.5445433943396173,5.943077870947718e-29,5.937829975034227,0,0,357
5BZG J1743+1935,blazar,0.03448567743819638,0.009568486378778409,3.604089097590282,0.3779993000000008,0.046890400970638124,0.4183884647985455,0.19999049336125926,0,0,300
5BZQ J2348-0425,blazar,-0.0717297504759986,-0.33319210367339297,0.21528046338790402,1.5200005,-0.513825701054728,1.6220287125863596e-13,-0.7352789963715257,0,0,180
5BZB J2329+1743,blazar,-0.03356165337636041,-0.027608018359048223,1.2156487633369366,0.9420004999999989,-0.12191095290081788,0.06552971820307817,1.4181972841811075,0,0,229
5BZQ J2312-6607,blazar,0.08783451132810824,0.3757223870382785,0.23377502740915912,1.6309996000000009,-0.5029684049739385,8.574184963354635e-17,0.5999896957289531,0,0,240
5BZU J0921-8209,blazar,0.06221797922024081,-0.09391255679502802,-0.6625096935230582,2.336998900000001,0.38304327030002894,8.135214222058866e-09,-2.330787401642163,0,0,212
5BZQ J0724-0715,blazar,0.03869892677620382,0.22873753994081375,0.16918485171352823,0.45500000000000007,0.03211192535557877,0.7168367164696638,-4.57086185622231,0,0,130
5BZQ J2334+0736,blazar,-0.03647451654884688,-0.049260037492520586,0.7404484122527313,0.4930000000000003,-0.3186656445240777,2.5557335706733214e-05,2.3637199548542087,0,0,168
5BZQ J2015+6554,blazar,-0.042685502527107906,-0.08200567856715016,0.5205188625096856,2.0749998000000005,-0.08673448771642692,0.13005663923840932,-1.4199365685363454,0,0,306
5BZB J0800+1645,blazar,0.02515696116214314,0.019124310146226807,1.3154441111752502,0.8850002000000003,-0.4594684262582317,2.0570563564788838e-13,-1.1309488251564683,0,0,230
5BZQ J2110-0126,blazar,0.10244411044771232,0.09903348596477657,1.0344391035992493,1.3459997999999995,-0.02991064851267321,0.6788686396388156,-0.3999308651991781,0,0,194
5BZQ J2349+3849,blazar,0.07918685570625136,0.03134321654942915,2.526443180500362,3.8149996999999995,-0.6832368717417358,4.6246503887870783e-38,-1.5244978446570845,0,0,267
5BZQ J0503+6600,blazar,,,,1.4489994,-0.4317681807993555,0.05064421794647163,4.1739313184903475,0,0,21
5BZB J0540+2507,blazar,-0.1039144344083718,0.005155599167269349,-10.0,1.4310008000000014,0.03755708055316446,0.7237557910936768,4.426787036995895,0,0,91
5BZB J2108-6637,blazar,0.039450311984495556,-0.04034296474822,-0.977873397027326,0.6560001,0.020708402510431594,0.7099468242897817,-1.449845994962081,0,0,325
5BZQ J2022+6136,blazar,0.017395613011614124,-0.011757053143245441,-1.4795895535785766,0.3730001000000005,-0.3554547451359373,9.594643772516492e-14,6.969570302031478,0,0,413
5BZB J1925-1018,blazar,-0.07376934136222173,-0.04324711896759704,1.7057631380599827,0.46899980000000063,0.4337133339879304,3.024378291578858e-05,0.14248641052279254,0,0,86
5BZB J0521+2112,blazar,-0.0008060595770323284,-0.013532387283653302,0.05956521640538791,0.2039995999999995,0.24037028807313868,0.0013991756355152525,0.39794393886488766,0,0,174
5BZQ J1831-4805,blazar,0.16454902384126488,-0.10717440347524401,-1.535338835632276,1.2749995999999975,-0.6387141062152284,9.342749892139127e-15,-3.7463377587885027,0,0,117
5BZU J2250-4206,blazar,-0.011115404654797142,-0.0863468743059084,0.1287296702300729,0.6929999000000002,0.0889890774342092,0.23750624784761495,0.3499477203385354,0,0,178
5BZQ J2317-1122,blazar,-0.08068343861378707,0.04931416773921178,-1.6361107225912332,0.6409998000000012,-0.4604976949598262,3.4387743794195303e-09,-3.6491537693100637,0,0,149
4FGL J0538.8-4405,blazar,0.011425806457420529,0.010893459794762979,1.0488684653624438,0.3730001999999981,0.028032995546599805,0.631559783586514,-6.5738251214735115,0,0,295
5BZQ J1800+3848,blazar,-0.016507438591796566,-0.09907260388695315,0.16661960970191506,2.788999499999999,-0.6025673553062273,9.715575055271178e-51,-0.5500548336041065,0,0,500
5BZB J2352+1749,blazar,-0.01211488598346111,-0.09905735243992368,0.12230173414748338,0.7409991999999992,-0.29181363053587545,0.00020870614643533873,3.9912712849593452,0,0,157
5BZU J0709-0255,blazar,-0.03243279292855824,0.05571928552609417,-0.5820748170464153,0.6090002999999999,-0.0382785389026649,0.6089276562525465,3.5372404522484664,0,0,181
5BZB J1834-5948,blazar,0.5472011819361804,0.023470166692595728,10.0,3.5830011000000006,-0.33813463824721196,0.004799104387498226,-6.29454456452896,0,0,68
5BZQ J0612-4337,blazar,0.035364762065148284,-0.10449058508583725,-0.33844926828667604,0.5780000000000012,-0.49348926318230024,3.615653293946718e-24,-6.518726342706092,0,0,371
5BZB J0604-4817,blazar,0.029661663032087004,0.05261510759299469,0.5637480257863472,1.9539995000000001,0.011285882075294395,0.8291661922855794,-3.2842571470669375,0,0,368
5BZQ J2148-1723,blazar,0.577045834854898,-0.07286139045548785,-7.919775223167395,1.814999499999999,-0.21185690319051173,0.04262651125386132,0.39988579499301874,0,0,92
5BZB J0708+2241,blazar,-0.11727429966272197,-0.023498923153849226,4.990624416911288,0.427000099999999,0.37258991230538113,2.0344437108473783e-08,1.5420696888882954,1,0,213
5BZQ J1850+2825,blazar,-0.027692174390648222,-0.017993774188611356,1.538986434995677,0.8960000000000008,-0.5910664972731241,8.404663720930555e-29,-2.517678934137987,0,0,291
5BZQ J0632-5404,blazar,-0.001054339897050724,-0.05530319971985215,0.019064717817263082,1.4239996999999995,-0.5957480105503726,2.047095071852204e-41,-4.388176704600404,0,0,417
5BZQ J0646+4451,blazar,-0.08351080634500409,0.08387864295532875,-0.9956146571121738,1.3369999000000021,-0.3565833502310076,1.630444129329791e-08,-6.417482000707589,0,0,237
5BZU J1933+0726,blazar,0.06355452881541736,0.1461780519857425,0.43477476920828145,0.6070002999999993,-0.38430891340810214,0.0003644605297982389,-0.5698739570940452,0,0,82
5BZG J0617-1715,blazar,0.023176200092752824,0.03400753088982242,0.6815019934213709,0.4109992000000009,-0.5309098328821207,1.5780340295658233e-13,-1.9900261572950049,0,0,167
4FGL J0825.9-3218,blazar,-0.007621353517972884,-0.04555630965994628,0.1672952347295523,0.19400029999999902,-0.21802610101456907,0.016289285897648834,1.2943161582978777,0,0,121
5BZB J2009+7229,blazar,-0.005546720304715249,-0.07178214526749328,0.07727158730134936,0.7019998000000012,0.08701483955007912,0.034284988687752906,5.287912908979052,0,0,592
5BZB J2202+4216,blazar,-0.03491122883115187,-0.11249952856444226,0.310323334476499,0.8020000500000002,-0.19938114080695007,0.0029747588780653414,0.3676460874970564,0,0,220
5BZQ J0525-4318,blazar,0.01640208391769989,0.02301014969986502,0.7128195223256677,2.828000000000001,-0.5925558571831013,2.0961201624201189e-35,1.993856489149897,0,0,359
5BZQ J1901-7429,blazar,-0.10714446286887355,-0.009304776234958382,10.0,2.0269993999999993,-0.6760999097193161,1.0913419254864572e-41,6.445058473057898,0,0,302
5BZB J0913-2103,blazar,-0.023118307681053427,-0.05249133559570228,0.44042140324099954,0.25300030000000007,0.23640275223633644,0.002534801527152255,-0.14922065265338805,0,0,161
5BZQ J0539-3427,blazar,,,,1.008999900000001,-0.3449385877671969,0.1256804168122333,-4.0919986794113585,0,0,21
5BZQ J0559-4529,blazar,0.05749594551308233,-0.04541152010639107,-1.2661092466929011,1.1890000999999994,-0.021501908762413115,0.672065729966812,4.528271255179884,0,0,390
5BZB J1925-5935,blazar,0.15949016407652583,0.007138091028997687,10.0,2.083999799999999,-0.42488211559658307,1.019595932516675e-11,1.9968412085683778,0,0,235
5BZQ J0918+0636,blazar,0.013678709939589724,0.31025505102519824,0.044088597089363,1.8219995000000004,-0.5229531769645972,5.930091534604221e-14,6.863533206280089,0,0,179
5BZQ J2132-4537,blazar,-0.0694151788734021,0.023532408571285128,-2.9497694068640445,1.9850006999999987,-0.4162652677425994,3.4575495873322186e-07,1.9998524172101273,0,1,139
5BZQ J1951+5727,blazar,0.015499167172433733,-0.06086622578112756,-0.2546431452505056,1.3880005000000004,-0.6514729393469124,3.386993241062276e-49,2.5478203003531816,0,0,396
5BZB J2341-0152,blazar,-0.05707698759834285,-0.3192890824799042,0.178762728606404,1.8420001,-0.5553590381292178,9.814326431773755e-15,1.523312177703903,0,0,165
5BZQ J1827-4533,blazar,0.0024228288482210343,0.05641171303789554,0.042949038732318895,0.7450009000000009,-0.6650131427160463,2.3152576787496126e-15,1.5507851030591377,0,0,110
5BZQ J0921+7136,blazar,0.011222009420910941,-0.031966417023194214,-0.3510562166779113,0.9860009999999999,-0.3171100039396174,8.665432822612627e-09,-1.0382061207852142,0,0,315
5BZQ J0731+2451,blazar,-0.18892910957093606,-0.23357611186699387,0.8088545873154986,1.9890001999999996,-0.6821533470830403,4.406913787352046e-20,1.3941048575118415,0,0,137
5BZQ J0606-0724,blazar,0.009249127905017581,0.07946032077931352,0.11639932754242635,1.2239990999999986,-0.14265648699362066,0.05539567140513722,-3.3332397344260074,0,0,181
5BZB J2217-3106,blazar,-0.17672200654907663,0.10583244893348275,-1.6698281890854574,1.6199999000000016,-0.25713070357599876,0.0023307770154019905,-7.499244212731008,0,0,138
5BZB J0806+1330,blazar,-0.15008167700441524,0.006187324882844595,-10.0,1.9829998,-0.4747844841459652,8.267663165589263e-13,-2.96881468580082,0,0,203
5BZB J0925+5958,blazar,-0.14062317045397132,-0.04570177193035891,3.0769741415771614,2.3769998,-0.1541938691061199,0.01427555931058958,-1.0368064425735788,0,0,252
5BZU J0504-6049,blazar,-0.06785947831786292,-0.012784826715960837,5.307813693958462,2.121999699999998,0.046553201602356986,0.2722874196382731,0.8420388167906899,0,0,558
5BZB J1747+4658,blazar,-0.11896045306741289,0.028299641116153493,-4.203602885957095,1.911999699999999,-0.02915842466321742,0.4953707940004244,-3.5503040351989057,0,0,549
5BZQ J2010-2523,blazar,-0.09535938181944184,0.07320958500345863,-1.3025532355488258,1.2180003999999993,-0.10050180379029675,0.23740967616855232,3.945440628281999,0,0,140
5BZG J1001+2048,blazar,0.08462977919187543,0.007847720508626607,10.0,1.8590002000000005,-0.4712894062318653,2.1319149892434043e-12,-4.725418025776176,0,0,199
5BZQ J2255-0844,blazar,0.057729808209029156,0.09096730027302444,0.634621540221178,0.9879989999999985,-0.4033923274921499,2.837493555753094e-08,2.9496043336023257,0,0,176
5BZB J2016-0903,blazar,0.04613379705021787,-0.04198928610245028,-1.0987040107720654,0.4849996000000001,0.10156795395532514,0.17009575209233027,0.04995589003778232,0,0,184
5BZG J0753+2921,blazar,0.1324803368625159,-0.016641294979916944,-7.960939159025537,0.8719988000000001,-0.4182623203466048,4.1093413914543014e-08,-1.9790206057108828,0,0,159
5BZB J0906-0905,blazar,0.07971916227744004,-0.011576452153537416,-6.88632071554671,0.5009995000000007,-0.16335703050261308,0.03661328329980462,-4.824999252891036,0,0,164
5BZU J1809-4552,blazar,-0.10907384966253171,0.024532615987147684,-4.446074960765459,0.8520003000000003,0.03738435129054459,0.713340085315075,0.0999876782825461,0,0,99
5BZB J0613+7107,blazar,-0.05375953206915628,-0.07173740848045566,0.7493932831962096,0.8429994000000018,-0.25320544727193933,1.8991657647690217e-06,-2.43792109461807,0,0,345
5BZB J0505+0415,blazar,0.08807512347161879,-0.037155737171438726,-2.3704313297630204,0.46100039999999964,-0.05024667797300679,0.511492461758655,-0.39801296598275115,0,0,173
5BZB J2334-0834,blazar,-0.2404544094008077,-0.06809559384494762,3.5311302218513263,1.7639999000000017,-0.5100676242414551,1.0338997932252762e-12,0.5499094565605753,0,0,171
4FGL J0742.6+5443,blazar,0.11710172212549262,-0.09681798195938753,-1.2095038520283719,2.0760012000000003,-0.45656176197517717,6.772297399389353e-15,2.290806317427785,0,0,262
5BZQ J1840+2457,blazar,0.09363676134377587,0.5221634495517342,0.179324618420077,1.4639998999999992,-0.618478644859497,0.00026973886411574353,-2.9004152999503114,0,0,30
5BZQ J2211-3707,blazar,-0.05364307361462818,0.00775364671626993,-6.918431491347908,0.5100002000000003,-0.5353904504566699,3.006009450543013e-13,-6.499267463791919,0,0,160
5BZG J2042+2426,blazar,0.06982912039830028,-0.05319770773134145,-1.3126340095507616,0.3569993999999994,-0.07391733846943609,0.32406147403922614,-2.249821264084188,0,0,180
5BZU J0525-3343,blazar,-0.06291783937064331,0.05813529194323099,-1.08226581939388,1.6399993000000013,-0.49897505294627215,9.128420323703762e-17,-1.9900556272470908,0,0,244
5BZQ J0622-1927,blazar,0.9875523936555057,0.01812276451758711,10.0,1.8710013000000014,-0.4318660745061619,0.035085868534392495,-4.72423980387543,0,0,24
5BZB J2158-3013,blazar,0.001036584460983925,-0.046582917159484295,-0.02225245914580676,0.32899950999999916,0.4439513483377956,7.205991514893549e-09,-0.3999549069054075,0,0,155
5BZB J0607-2518,blazar,0.036420842460630015,0.08270867885244726,0.44035091559865197,1.178999899999999,-0.198215015932021,0.013422298100123973,2.785885898746615,0,0,155
5BZQ J2056-4714,blazar,-0.055745480280183966,0.10897085378731097,-0.511563214774731,1.7959994999999989,-0.26342238203479396,0.0006294867264758487,2.297584930008213,0,0,165
5BZQ J0952-2453,blazar,0.06802341525254493,0.07248677290236528,0.9384252123372606,4.699000300000002,-0.23757531771912202,0.04153110064912795,-0.3978910498650238,0,0,74
5BZQ J0551-1909,blazar,0.0053412617227869465,0.18574682394188258,0.02875560189636485,1.2659997999999995,0.037627614292520144,0.591293974127329,0.99495035589596,0,0,206
4FGL J0947.9+1121,blazar,,,,1.822999900000001,-0.7463920599055047,0.00010198866666133414,-5.6691616596533985,0,0,21
5BZQ J2238+2749,blazar,-0.1099331005477855,0.022360147569094158,-4.916474732918727,1.3929997000000007,0.27932384940824856,0.0004712771480756114,-0.44992698639178635,0,0,153
5BZQ J2218-0335,blazar,0.0617631373917376,-0.05722864868044435,-1.0792345934396095,0.2660008000000005,0.2843821470611317,0.0927661078965867,2.090220301717731,0,0,36
5BZQ J2229-0832,blazar,-0.014583598401827139,-0.13054086448047628,0.11171672916267737,1.1369992,0.17898007272593458,0.03435752568578648,0.19981304780506517,0,0,140
5BZB J0506-5435,blazar,-0.004373468298774184,-0.005087883757200615,0.8595849487686592,2.064999499999999,0.08447934894735057,0.060621530683782406,0.8472299816086228,0,0,494
5BZB J0635-2620,blazar,-0.15346703991974084,-0.026989256947476545,5.6862269390521245,1.4289999999999985,0.4052364354073995,2.0055436001391152e-09,-1.5422671411752196,0,0,203
5BZB J0802+1006,blazar,-0.023235802832727137,0.056992842598506094,-0.40769685759341645,0.7330007000000016,0.021892832285513433,0.7450816476744123,-0.3769928570130051,0,0,223
5BZQ J2031+5455,blazar,-0.04407454839072685,-0.019428180501152355,2.2685885787458395,0.41899969999999875,-0.7017718975376244,6.559320315447982e-45,-1.9858758168944555,0,0,294
5BZQ J0644+3914,blazar,-0.18286658687381366,-0.07615960869488095,2.4010967231519533,1.7860001999999984,-0.42739303558464214,4.623126149889755e-10,-3.4326038848538003,0,0,195
5BZQ J0532+0732,blazar,0.07855633525087925,-0.1130164080111743,-0.6950878782407607,0.5100011999999978,-0.09303723802598285,0.19233911516078908,2.139197902106503,0,0,198
5BZQ J0926+4029,blazar,-0.6284122893874426,0.1429770931908692,-4.395195589467853,1.8369999000000021,0.08400842217452235,0.42335891050652397,-7.958611318800811,0,0,93
5BZG J2143-2845,blazar,0.026514207954195512,-0.023606833322708614,-1.1231581801651536,0.7089996000000003,-0.33436269926916634,2.71682074537934e-05,0.8498593412250509,0,0,151
5BZB J1834-5856,blazar,-0.021854164527595393,0.09776880812855139,-0.22352900629473185,2.6990003,-0.15168845377478765,0.028344476795613145,-4.461810721632173,0,0,209
5BZU J2008-0418,blazar,-0.03908675316633334,-0.0025183181346390363,10.0,0.526000999999999,-0.5003812316908721,7.36050092030764e-13,1.9482900454324426,0,0,181
5BZQ J2101-2933,blazar,0.2304316348115434,-0.10284022364760217,-2.2406761346722934,1.0460004000000023,-0.11118319204429142,0.17124073926123437,-2.5976224333207383,0,0,153
5BZB J2254+0054,blazar,-0.1254739569560028,-0.008087801705801574,10.0,1.6509999999999998,0.2170320416432598,0.007844988276680412,-0.1499815811782342,0,0,149
5BZQ J0739+0137,blazar,0.012111681729354225,-0.05276413037229988,-0.22954385192923824,0.23799984999999957,-0.08341287755657806,0.24267409957274363,-4.995082549209859,0,0,198
5BZG J0751+2913,blazar,0.03606269271383717,0.0073608552401340606,4.899253080974918,1.2720002999999984,-0.39207001038480094,1.4735080290597154e-07,0.47120632921423683,0,0,168
5BZQ J2154-1501,blazar,-0.04616750397969555,-0.06306903444018859,0.732015392172817,0.32799909999999954,-0.5728849086214729,6.158478411744811e-11,3.399637462761394,0,0,110
5BZG J2145-0434,blazar,-0.01671803989594738,-0.030060457697903498,0.5561472171833679,0.3470001000000007,-0.5297694953934886,2.1484179428432745e-13,0.7999352544657077,0,0,166
5BZQ J1818+5017,blazar,0.25590667649419174,-0.035502287931297866,-7.208174216529613,2.5810002999999995,-0.3737744786427943,1.2672526245914328e-07,1.00016193293087,0,1,188
5BZG J2055-0506,blazar,-0.13758550400284986,-0.019813962322813173,6.943866237417755,1.4460010999999984,0.06423860334020806,0.36373310098387746,1.5998294429262159,0,0,202
5BZQ J0746-5618,blazar,-0.18695302755534354,-0.15728841586753747,1.1886001046179302,1.5549994000000016,-0.519752243556207,0.0016305711396495518,-2.6648235664394204,0,0,34
5BZB J1843-7430,blazar,-0.018370155672566998,0.2344745132728588,-0.07834606591629678,1.8109998000000012,-0.4492685641756168,4.525957511802359e-09,3.459158070206571,0,0,155
5BZB J1813+0615,blazar,0.005133149589993701,-0.005523629695234896,-0.9293073347081805,0.8429994999999995,-0.16888701259071714,0.01426875625270509,0.749356844597536,0,0,210
5BZB J0912+2759,blazar,0.0714581904123703,0.10121930414398608,0.7059739346826557,1.5200004000000007,-0.22811320339960262,0.0014195965530435259,-5.521639519966321,0,0,193
5BZB J2322-4916,blazar,-0.040660628918546896,0.07126682111465647,-0.5705407970018853,1.1540012999999991,0.2836136299932435,1.370357382076099e-05,0.49997330535660534,0,0,228
4FGL J0347.7-3616,blazar,-0.2972754963553082,-0.009439547368900444,10.0,1.076000200000001,-0.3166026160389176,0.09426421657893597,-0.5471214775856258,0,0,29
5BZQ J1852+4019,blazar,-0.1463255074656236,-0.08353713870276674,1.7516222094494278,2.245000899999999,-0.48759951939869245,1.2312759934053877e-25,-5.415844040331822,0,0,406
5BZQ J2007+6607,blazar,0.02670226709215075,-0.12442624473308259,-0.21460317434984938,2.2369994999999996,-0.18554855207112514,7.939323708103352e-06,-7.414993019699382,0,0,572
5BZQ J0517+0648,blazar,0.004941302524819986,0.0859032982579015,0.05752168572136843,1.1810008000000014,-0.40522298841206306,2.0171384765526536e-10,-3.5323014651931546,0,0,228
5BZQ J2142-0437,blazar,0.0002992851383587121,-0.03019860737013235,-0.009910560930525468,0.39800080000000015,-0.030705688910475003,0.700815645590054,2.499629014195759,0,0,159
5BZQ J2030-0503,blazar,0.03302101427051366,0.11781562904385362,0.28027702723738374,0.5480003,-0.08114978607801274,0.22429392689919614,-7.243657887259404,0,0,226
5BZQ J2254+1341,blazar,0.03702311004931651,-0.09296839764261217,-0.3982332812881237,1.2360001999999994,-0.0154923786535159,0.828929218749268,1.449819327375907,0,0,197
5BZB J0625+4440,blazar,-0.050689998533645426,-0.02608526699490475,1.9432424649341995,0.6960002000000003,-0.22461439707141637,0.00045411740106838876,-6.8653689279778245,0,0,240
5BZQ J2121-6111,blazar,-0.08613514221303163,-0.09149422021662469,0.9414271416172002,1.67,-0.2956529324025739,8.582527962160514e-06,-0.7493832475790547,0,0,219
5BZQ J1001-4438,blazar,0.08358165132828341,-0.1493333334537074,-0.559698557550738,0.4790000999999986,-0.7980337061426659,2.1771011775111758e-18,2.4511962298550283,0,0,78
5BZQ J2353-2743,blazar,0.07110140180764443,0.003484103083416166,10.0,1.2919997999999993,-0.575682515884679,2.5529201166108393e-11,5.899405265965089,0,0,113
5BZQ J2244+2600,blazar,-0.008964072086021851,-0.016408108938046714,0.5463196349968267,1.7979994999999995,-0.5166047165862959,7.101815783867702e-14,-3.299277958301435,0,0,183
5BZB J2146-4748,blazar,0.04674598397603454,0.10511550387507733,0.4447106492643462,1.4810008999999997,-0.5333597963290087,4.5698077746434914e-11,0.34997035361820655,0,0,132
5BZU J0621+3750,blazar,0.0053661655446622224,0.05071693458601037,0.10580618857320316,0.8199998000000015,-0.6159249138965925,5.229529158114441e-23,2.736006108888429,0,0,207
5BZQ J0505-2930,blazar,-0.06082483070990615,-0.1484646202509701,0.40969242777899273,1.6230000999999987,-0.3853355506842894,2.851385300131381e-09,6.866149904605342,0,0,222
5BZQ J1951-0509,blazar,-0.24816055037594764,-0.000818868561707586,10.0,0.6990013000000008,-0.09607244236096403,0.26408788456896665,1.847929675514989,0,0,137
5BZQ J0541+5312,blazar,-0.16006855983003257,0.11548400172712327,-1.3860669654335152,1.9520006999999993,-0.5082067746492291,2.051640737134285e-18,1.6914837023687879,0,0,259
5BZB J1806+6949,blazar,-0.0015142421945312046,0.01132213436838673,-0.1337417615144384,0.9129991900000007,0.2626761924756332,3.3300888379051405e-26,3.496060581540047,0,0,1571
4FGL J0639.6+3503,blazar,0.13343169048797468,-0.1911110413964507,-0.6981893328244548,1.2589997999999998,-0.3818768976194714,1.8427066095640307e-07,-4.02959513394333,0,0,175
5BZQ J0654+4514,blazar,0.03733335921957596,0.08733894244938274,0.4274537585706685,1.1469994000000003,0.18576889352693282,0.006057120916695914,-0.09949864096728267,0,0,217
5BZQ J2312+1615,blazar,-0.003606663646269384,0.061684897576075266,-0.05846915189931746,1.6160001999999984,-0.6116438829103604,7.288286954452467e-17,-8.98222764156468,0,0,151
5BZB J0919+3324,blazar,0.25647487347394826,-0.09229544476410023,-2.778846498107003,1.4029999999999987,-0.14909726111090818,0.027732063742069206,2.6363697254353204,0,0,218
5BZB J0913+8133,blazar,-0.2854929477476886,0.21816451470568035,-1.308613126808634,2.647999800000001,-0.4414584028117578,2.91403452620453e-15,-5.983058288903501,0,0,290
5BZQ J2151-3027,blazar,-0.06502302592530484,-0.09934745217728677,0.6545011925345648,0.9610003999999996,0.18817883706106858,0.024918456644379323,1.0998871535885026,0,0,142
5BZQ J0726-4728,blazar,-0.0055637784198402625,-0.07882413640526942,0.07058470506082604,2.0230007000000008,-0.2377895409132851,8.75336813561869e-07,-1.29377972548282,0,0,418
5BZB J0915+2933,blazar,-0.024754459520486664,0.024062972264448663,-1.0287365687180559,0.3059997999999986,0.1756185079875201,0.011171330868833007,0.1492332442784394,0,0,208
4FGL J0433.7-5725,blazar,-0.48307641916475946,-0.042299711707169924,10.0,1.6460009000000007,-0.44419829343564915,0.010868294143916213,-1.2607738614767967,0,0,32
4FGL J0550.9+2552c,blazar,0.09022824226311664,0.055447898764879655,1.6272617046449132,1.6840000999999987,-0.3821877665117607,2.9349800742179154e-07,0.9949127037946596,0,0,169
5BZQ J0642-6150,blazar,0.10597595755128149,0.03378381747511474,3.1368852152171285,4.482999700000002,-0.471427921106284,3.207571230892909e-50,3.0907853707154023,0,0,886
5BZB J2257+0743,blazar,-0.07304973571694072,0.06691969422016321,-1.0916029513914083,0.29199980000000103,0.34267604696946136,1.5497368241477808e-05,0.8494466166603699,0,0,152
5BZB J0749+7451,blazar,-0.0021850876188024716,-0.09572259453056434,0.022827292025654096,2.6199999,-0.297916236615731,8.703967519851507e-10,-3.4329293578537956,0,0,407
5BZG J2054+0015,blazar,-0.0188257076728467,0.018891231077887437,-0.9965315439332361,0.5689992999999998,-0.06439428102163232,0.3637748523766958,6.499247980680365,0,0,201
5BZB J2307-1205,blazar,-0.18112618245862472,0.09834705767710904,-1.8417041316405656,1.6099996999999995,-0.30521230497007323,0.000538050315542882,0.2999673351868583,0,0,125
5BZB J2153-0042,blazar,0.06254041116704565,-0.03570341639495287,-1.7516646159353682,1.1009999000000015,-0.31829562255391364,1.4110097449056825e-05,-0.9990694554661201,0,0,179
5BZQ J2258+0203,blazar,0.04602769234540282,-0.11818870170883736,-0.3894424059145171,1.7340001999999988,-0.47468030650660675,8.418283654241851e-10,5.994041262378512,0,0,150
5BZQ J2328-4035,blazar,0.05130900105967869,0.024920886518343538,2.0588754345440976,0.4819993999999994,-0.03726504243832184,0.6409658706111946,-0.19980758810896665,0,0,159
5BZQ J2247+0310,blazar,0.09062820736337149,0.29948126051414625,0.302617289668749,1.5699997000000003,-0.1229184407938556,0.14794064275930294,-4.298886737122524,0,0,140
5BZQ J2024+1718,blazar,-0.03203708546023407,-0.01808216127557046,1.7717508970300542,0.6399993999999989,-0.6011003064966765,5.423821253901273e-17,4.599216009538129,0,0,159
5BZQ J2232+1143,blazar,0.012458118459955656,0.05927958044172592,0.21015868140636487,0.43799974999999947,-0.6927107181117257,6.375587040446703e-34,4.44947622421766,0,0,228
5BZQ J1740+4506,blazar,-0.0008739174279184538,-0.08345141158461283,0.01047217070777016,1.8830005000000014,-0.5669571083676107,1.2433978851212517e-50,3.950754446939493,0,0,580
5BZB J1830+1324,blazar,-0.041772145791327334,-0.03469411813248572,1.2040123236974318,2.0290003999999993,0.23412273635870193,0.0018182673945716043,-0.1998296357727587,0,0,175
5BZB J1918-4111,blazar,0.04718745517253488,-0.02095012391881959,-2.2523711723798527,0.3950004000000007,-0.20459679454235552,0.01647458936346997,-2.7073438824620117,0,0,137
5BZQ J2320+1829,blazar,0.014868964193286153,-0.05089650641898058,-0.2921411554436503,0.8620005000000024,-0.14681498281224153,0.05987059312080686,-3.4138218502861046,0,0,165
5BZB J2300+3137,blazar,0.013227098677505086,-0.027113341999554803,-0.4878446440767897,0.3599996000000001,-0.2691631153971952,1.1223791080674355e-05,-3.361528980860233,0,0,259
5BZB J0537-5718,blazar,0.009585736009948727,0.04838796610275465,0.19810165175351369,1.909999899999999,-0.3696276381738939,5.865193992108901e-20,1.0455763413556465,0,0,572
5BZQ J2019-5201,blazar,-0.034162319335438715,-0.14155584104381402,0.24133457922704069,1.968998899999999,-0.5811424018052558,1.2317839318409607e-20,-3.799866874524297,0,0,213
5BZQ J2306-0459,blazar,-0.11615098250505981,0.14876028204006858,-0.7807929704904334,1.2399997999999997,-0.6025763450745074,4.42151169381514e-18,2.149727527677479,0,0,169
5BZB J0801+4401,blazar,-0.0007270065206629965,0.012311228256186649,-0.0590523143210882,1.2339992000000013,-0.17478402144135446,0.011170965415335875,-1.69868726487228,0,0,210
5BZQ J1807+2204,blazar,-0.06262682594704266,0.013257347142220271,-4.723933474412608,0.3490000000000002,-0.5601126341695496,6.605371687079921e-19,-8.242986557004102,0,0,212
5BZU J2211+2919,blazar,0.022302913992066218,-0.07571441008546538,-0.29456630470858847,1.6820001999999992,-0.1705476653921677,0.005118596253518572,2.5991036852888483,0,0,268
5BZQ J2110+0809,blazar,0.04999818860888007,0.08378085784466295,0.5967734145379735,1.5359994000000015,0.04403633967336217,0.6785270492451436,-3.445384567546473,0,0,91
5BZQ J0955-1845,blazar,0.03495430647634447,-0.334523010217662,-0.10448999144663014,1.9110002999999995,-0.5486859797992529,5.216851608865507e-13,4.426602773601093,0,0,148
5BZB J0954+4914,blazar,0.27290609705111224,0.07125295827415895,3.8301019867982955,1.7779988000000007,-0.3879802000216739,4.2869254217518224e-11,-2.188756090297605,0,0,269
5BZQ J0702+8549,blazar,0.03969285279618782,0.01675570130775551,2.368916231385413,1.1589994000000008,-0.6022249850718202,6.193838942494375e-47,-8.110655068055168,0,0,462
5BZQ J0912+4126,blazar,0.33668467938039,-0.18374419939305545,-1.8323554185249282,1.6030005999999997,-0.016558719440951813,0.8818855073368993,-0.5379402976312118,0,0,83
5BZB J0503+6534,blazar,-0.015546071384929756,-0.03575214771876061,0.4348290208247293,1.0480003999999994,-0.40464823723300575,4.6371635965815086e-12,-3.286288770206977,0,0,270
5BZQ J2015-1252,blazar,-0.008227500376879516,0.015915811160948715,-0.5169388034124607,0.3249997000000011,-0.5399909608740487,4.46039365527427e-16,2.4978121087542786,0,0,194
5BZU J0532-0307,blazar,0.05705890787288749,0.16082240812465684,0.3547945123956851,0.9740000999999996,-0.2964919314621206,0.047965023802520684,-4.710027683247226,0,0,45
5BZQ J2254-4139,blazar,-0.18569457932188918,-0.0840335229686063,2.209767873129179,1.6349993000000005,-0.5490199096774679,2.5319567412680505e-15,-6.998046340591375,0,0,177
5BZQ J2212+0646,blazar,-0.015503332746593275,0.0837179817386046,-0.18518521857108117,1.3110008999999998,-0.06561318211187891,0.4461989343918728,1.3215529657648186,0,0,137
5BZU J2051+1743,blazar,-0.06281263476545781,-0.030994242516326757,2.0265904137637873,1.0130005000000004,0.2644538285728454,1.8100111450654274e-05,0.04999251736413415,0,0,256
5BZG J0748+2115,blazar,-0.019307185601687656,-0.14945887284145382,0.1291805915207774,3.4090004,-0.46985566639290866,5.518075016473497e-13,2.8274326177987734,0,0,211
5BZQ J0648-4347,blazar,0.032072259994270505,0.006109104148660528,5.249912133402181,2.1869993,-0.5190702784869909,2.8836572172119214e-23,-0.518951445307049,0,0,317
5BZQ J1939-1525,blazar,0.07203362741045918,0.04580606472103304,1.5725783877998818,1.1719998999999994,0.052752765315281,0.5841474591038714,1.2822600312776165,0,0,110
5BZQ J0749+7420,blazar,0.031601814453888634,-0.06696958999764338,-0.4718830510236166,6.538999500000001,-0.42651027247798134,8.3813816526812e-19,-2.4377870867416873,0,0,393
5BZU J2031+1219,blazar,0.09676917643249432,0.03551433604610323,2.7247919349209457,0.9510002999999987,-0.08397172626168743,0.19864547156206228,0.39997360700561246,0,0,236
5BZQ J2219+1806,blazar,0.2547471121950614,0.2736901896308832,0.9307864214593526,2.864000299999999,-0.07324383733045908,0.5001853149000324,3.6495846373749443,0,0,87
5BZQ J0533-8324,blazar,-0.20266347022798956,0.012421761796477368,-10.0,1.3950014999999993,-0.022913502623692523,0.8573733988347865,0.35011712470527023,0,0,64
5BZQ J2300+1655,blazar,-0.0197914594169848,-0.13105044037436084,0.15102169333005058,1.2179994999999995,0.056134489040179134,0.4441836293072958,-0.39994170910663907,0,0,188
5BZQ J2251-3827,blazar,0.029425451846678514,-0.10227923067725814,-0.2876972348328514,0.46300029999999914,-0.39332396063816016,1.5869131426911526e-07,6.448499594819309,0,0,166
5BZQ J2207-5707,blazar,-0.12588358355617446,-0.012051439982326839,10.0,2.4390001000000012,-0.5231476022650696,1.3042527045542458e-13,-0.999116300635182,0,0,174
5BZQ J0610-2301,blazar,0.29142475331084455,-0.07085642946945853,-4.112890749546706,1.295,-0.35852646234284,2.103101422985434e-05,-5.969933503819306,0,0,134
5BZQ J2003-3251,blazar,0.026006946325067906,0.08010588318395837,0.32465713242739624,1.1729993999999984,-0.41925166827171234,9.296384180078319e-07,0.29990815506858337,0,0,127
5BZG J2322-4220,blazar,-0.009542752992122639,-0.010862455104552077,0.8785079340050486,0.264000900000001,-0.242737244663985,0.017780681238573695,-2.597257260626421,0,0,95
5BZQ J2143+1743,blazar,0.08381874584666044,-0.003870722969562613,-10.0,0.7460003000000004,-0.18820103337163763,0.0025480616412513627,4.745763074049275,0,0,255
5BZB J1808+4649,blazar,0.04070920590331573,0.07431581453864851,0.5477865802324564,2.647999800000001,-0.028152852341451443,0.5004726874256242,0.25066813433949353,0,0,575
5BZG J2341+0018,blazar,0.04885501843963969,0.015973776335001865,3.05845139026945,0.5559996999999992,-0.49100788565238696,3.7717069800817973e-11,2.416273447048319,0,0,161
5BZQ J0453-2807,blazar,-0.039574453984877765,-0.020919798184956352,1.8917225508100826,1.0939998999999982,0.1868653077437602,0.009641789204766892,0.09950276678986983,0,0,191
5BZB J0546-2204,blazar,-0.046605330818344864,-0.11147872749027078,0.4180647901853052,1.8280001000000006,-0.22584545708435605,0.003436545535253175,-2.2885736902997973,0,0,166
5BZQ J0656-0323,blazar,-0.03666418095295933,0.03884075955278927,-0.9439614820901814,0.47800069999999906,0.23681710243199808,0.00454629798661955,3.979682082453117,0,0,142
5BZG J0916+5238,blazar,-0.01073697516025673,0.07146517043483429,-0.15024067101396296,1.2739991999999987,-0.21171688734580993,0.004790758496223937,1.9792559161125247,0,0,176
5BZQ J2106+0231,blazar,0.13404363325883237,-0.04890051936207667,-2.741149480771893,1.4840002000000005,-0.5984385875556153,1.1632405292987805e-09,-1.999366146376452,0,0,86
5BZQ J1753+4409,blazar,0.013299452421525906,0.0834201884242565,0.15942726422395323,2.3339996999999997,0.07332145407030524,0.07844313428456479,-0.45008551167474337,0,0,577
5BZQ J0925+1658,blazar,-0.005587728986215296,-0.03592222462942781,0.15555075009574373,0.3039999000000009,-0.68993086175301,6.243583063390119e-25,0.9948515478138257,0,0,167
4FGL J0656.0+2420,blazar,-0.039479317732831455,0.22279407208615834,-0.17720093431195116,1.5999993000000003,-0.3776696673313362,0.06270390417723808,0.64658276580575,0,0,25
5BZB J2051+7441,blazar,-0.05228655826309576,0.029715236772594588,-1.7595874689889053,0.9300004000000008,-0.5917479605717565,9.983568167522621e-07,4.980826246666672,0,0,58
5BZU J0955+4838,blazar,-0.08135243967389827,-0.04591676723260264,1.771737092504521,2.104000000000001,-0.5678388686864162,3.929593929650691e-25,6.529756253770843,0,0,278
4FGL J1208.9+5441,blazar,0.08701061093218615,0.029035549403432084,2.9966924242839106,1.6630000999999979,0.016825987491423295,0.7992146808923394,1.2436082002464077,0,0,231
5BZQ J0808+4052,blazar,-0.007672193589725945,-0.013674589445603937,0.5610547665979382,1.2730006000000014,-0.3794144322746037,1.720326018631624e-08,-7.916814844612736,0,0,207
5BZQ J0517-0520,blazar,-0.07675475693011252,-0.06652019827176706,1.1538564063885133,1.2979994000000001,-0.39550769100277444,1.181411669963814e-09,-2.4403500179774085,0,0,220
5BZB J2244-0006,blazar,-0.09532570221109055,-0.1871479569001649,0.5093601009063784,1.8839997999999998,-0.20536792466874157,0.019079111162133663,6.498064709095137,0,0,130
5BZB J0746-1555,blazar,0.3237500819296609,-0.01082111823386237,-10.0,0.7230004999999995,0.8353369916310268,1.3572842702813006e-14,-0.047119890439014434,0,0,52
5BZQ J0953+3225,blazar,-0.028461266728985683,-0.09827035100181501,0.2896221132705633,0.6949997000000003,-0.6646784974300719,1.075463711850255e-24,7.908749127738395,0,0,183
5BZB J2152-1205,blazar,0.07268171288626273,-0.020452966213250157,-3.5536025497943147,0.7329997000000006,-0.0838587969291277,0.26439596742598437,-2.999668924041071,0,0,179
5BZU J0954-0503,blazar,-0.40307468231807647,0.26791555911551596,-1.5044840383618203,1.7270011999999983,-0.5734921926744582,4.727918757062595e-14,1.989697467887749,0,0,145
5BZQ J0503+3403,blazar,-0.08230252911071781,0.059584775861227374,-1.3812677470231651,0.6090001999999988,-0.5012306112546341,2.2911536910504774e-11,-1.7412836057734424,0,0,157
5BZU J0923-2135,blazar,-0.06273238301041832,0.04589664934702651,-1.366818360444923,0.26799960000000134,-0.1862925042361181,0.012782351845776191,0.8455969162496922,0,0,178
5BZQ J1903-6749,blazar,0.08234824133215034,-0.0757855457908823,-1.0865956096611973,0.4989995399999998,0.07337616533819577,0.22179510927874876,2.3012507959115682,0,0,279
5BZU J2030-0622,blazar,-0.10157022043116364,-0.10087936701844782,1.006848312327232,1.2799997000000012,-0.16280144748366077,0.04804368585829551,1.2488648271971254,0,0,148
5BZQ J0541-0541,blazar,0.06670284968319126,0.036444013053952236,1.8302827842928113,0.7749995999999992,-0.23491405394877252,0.00024085978093321475,3.7860754457018473,0,0,240
5BZB J2236-1706,blazar,-0.051417708516373985,0.11151967235235272,-0.4610640206502475,0.7859992000000009,0.31213459109724917,0.00025463711847291425,0.14986152737166325,0,0,133
5BZQ J2004-6347,blazar,-0.012097492989478145,0.11525428842780365,-0.10496349554104555,1.7330007999999975,-0.433462340520936,1.1657142512960023e-10,3.847085417239832,0,0,202
5BZB J0757+0956,blazar,0.09367811086177938,-0.03189703887367877,-2.9368905130275884,0.38700009999999985,-0.25534869416090333,0.0007775514034762104,-3.063087697038329,0,0,170
5BZQ J2145-3142,blazar,0.005417184893489046,0.01892482829743649,0.28624750557038575,1.4990005999999987,-0.4932490560743766,3.3638897208161007e-10,-0.49988396579192357,0,0,144
5BZB J0800+6210,blazar,0.05479132390487267,-0.13287225341935843,-0.41236091429822935,1.5869999000000004,-0.2688254415364434,0.0011685589964965807,2.537017812233674,0,0,143
5BZQ J2206-2119,blazar,0.04910768736497439,-0.02110260791260047,-2.327090924892366,0.6389999999999993,-0.5145845368072157,5.417488343391761e-12,-3.54960822679165,0,0,157
5BZB J0742+3018,blazar,0.2124790953028665,-0.0837921585549638,-2.535787345345567,1.3699999999999992,-0.161760320454299,0.02315043850716082,0.5183524259445588,0,0,197
4FGL J0410.9+4216,blazar,-0.04190786368300447,0.5412492254902126,-0.07742803446055423,2.2309999000000005,-0.49380655891431763,9.48211230073006e-05,-4.824530992966463,0,0,57
5BZQ J2312+1444,blazar,-0.024008144848481086,0.15967022013527057,-0.15036081761609454,1.1059998999999987,-0.6189799629921398,1.3553931421773188e-16,-0.5777965817515408,0,0,144
5BZQ J2359+3850,blazar,0.05636934295366462,-0.2292450644956281,-0.2458911954230519,1.541000300000002,-0.6518677767718719,1.7942981851158014e-10,1.4428096174854195,0,0,76
5BZB J2253+1404,blazar,-0.02436114643388208,0.1315764256211372,-0.18514826131565446,1.9560003000000012,0.05258157521939691,0.44957288291241293,0.999839384569473,0,0,209
5BZQ J0604+2429,blazar,0.04933039742410226,-0.06027118394626903,-0.8184740068832838,0.5010004000000006,-0.4719523802546117,8.200750142727263e-11,2.586910723581108,0,0,170
5BZU J1937-3958,blazar,-0.058960886965142394,0.018472145721497264,-3.191880783861817,0.6709995000000006,-0.24857096147936014,0.0017543746615611472,-1.7573576791986296,0,0,156
5BZQ J0632+3200,blazar,0.12978858465294213,0.14361862320976976,0.9037030278682769,1.92,-0.5397194162278431,2.8418728582041266e-17,-0.9949337306447626,0,0,210
5BZB J2131-2746,blazar,-0.0025581749367419066,-0.06083093448108818,0.04205384905828171,0.9859991000000008,0.08334953161417588,0.31890526240689626,4.449489034491443,0,0,145
5BZG J0809+3455,blazar,-0.020946480696080187,-0.041017038175488324,0.5106775532270819,0.5550002999999997,-0.39200738104175703,1.580121133371708e-08,-0.32986405179685163,0,0,194
5BZQ J0738-6735,blazar,-0.01456633619859196,0.25742602893974603,-0.05658455074875666,1.7579995000000004,-0.13428907677340338,0.0021279546338699826,6.785253091895961,0,0,521
5BZG J2103-6812,blazar,0.021546304739707017,-0.0053421157893409005,-4.033290476911463,1.1370000999999998,-0.5465791697504739,2.6630027225377765e-24,7.17309575932744,0,0,294
5BZG J0709+5010,blazar,0.055897116007509566,-0.016647610859006724,-3.3576659426339246,0.4410000000000007,-0.6827543024478935,1.4623792168861364e-34,1.989948417007527,0,1,242
5BZQ J0457-1819,blazar,-0.006108885983350837,0.10740385240321895,-0.056877717574009015,1.4839993000000007,-0.5599912901933177,7.917910028012785e-17,-3.5320806494878823,0,0,187
5BZU J0742+3744,blazar,-0.01410565834556317,-0.09001651116844402,0.15670078924929517,1.382999400000001,-0.5193838139189337,2.378723117358106e-15,-1.225207746697056,0,0,202
5BZG J0906+4124,blazar,0.0772551747077667,-0.00849503192577014,-9.094159431397655,0.5159998999999988,-0.6721700490119206,5.448278502987703e-32,-0.6964208333557836,0,0,233
5BZG J0737+3517,blazar,-0.02614611516541116,0.09063241067362117,-0.288485266706263,0.9350003999999998,-0.4229848727223315,1.0669495697486041e-10,3.9578596291334662,0,0,214
5BZQ J2339-3310,blazar,0.0530501710424502,0.0986516312886307,0.53775259820325,2.317999800000001,-0.5681588874985871,2.453181608229331e-13,0.3303570533767289,0,0,140
5BZQ J0511+1357,blazar,-0.01846576427849897,-0.010272039363691848,1.7976726553218967,1.674999200000002,-0.4946769960275792,1.2512563204735065e-11,2.0397170394349042,0,0,166
5BZQ J0809+5341,blazar,0.059497400843828596,0.23530012904742656,0.25285749346884734,1.3889999999999993,-0.08481593444964557,0.23125501578921046,6.737975556407539,0,0,201
5BZQ J2335-2907,blazar,0.04347345761399844,-0.08548427197545208,-0.5085550430432678,1.5430001999999998,-0.027498737315116296,0.7734930011205899,-1.6155722940320345,0,0,112
4FGL J1041.1-1201,blazar,-0.2071925119569377,-0.03629458461394355,5.708634336521352,1.8509997999999985,-0.6261150473982119,3.20129990358175e-11,-1.4423986846112251,0,0,91
5BZQ J0744+2920,blazar,-0.0071359183167807524,0.028842080583684565,-0.2474134380172771,0.4890003000000007,-0.3801178245253922,6.660927798665545e-09,4.382419071354005,0,0,218
5BZU J0742+5444,blazar,0.04408816183536559,0.01717507702608009,2.5669848099323453,1.5050001000000002,0.14996143003521226,0.01041787696082005,3.3367299641327834,0,0,291
5BZQ J1835+2506,blazar,-0.01334458859100599,0.006462971767657856,-2.0647759375625423,0.46000010000000024,-0.5810482462004273,1.6577558962458672e-25,-0.9983987135449683,0,0,267
5BZQ J2207+0041,blazar,-0.1451680581957154,-0.3297521607294138,0.4402338346308414,1.2050000000000018,-0.2718739166236101,0.01829548201778968,-5.0438278507752194,0,0,75
5BZB J0955+0833,blazar,0.04196700950766939,-0.07642097848299587,-0.5491556159151679,1.4459990999999999,0.03128115694900112,0.6537676149524728,-0.646648004523476,0,0,208
5BZB J0723-8247,blazar,0.04963226505046059,0.015649614464264494,3.1714688667758963,2.0680008,-0.26158116592331987,1.3424894383233975e-09,0.450148656510061,0,0,521
5BZQ J2337-0230,blazar,-0.030534333331206077,0.06492748225464547,-0.47028364986417426,0.878999799999999,0.14579222859322005,0.05782502484778797,1.8997135136876107,0,0,170
5BZQ J0601+2324,blazar,0.005256761475547368,0.004633708094357383,1.1344610770688592,0.3890008999999992,-0.1598434841482834,0.038483579435778056,1.3929574915422316,0,0,168
5BZQ J1815+1623,blazar,0.19416125731487552,0.021188961879728983,9.163320903447627,1.1570006,0.2475379881679908,0.00027294816956888575,0.5002532590458586,0,0,212
5BZQ J1912-8010,blazar,0.08170986366512933,0.011540689824190507,7.08015421174017,1.7539996999999996,-0.18994265732637383,0.0005879877262289233,-1.1029195042417501,0,0,324
5BZQ J2036-2830,blazar,0.23140654122290163,-0.15842318070260458,-1.460686120532468,1.0930003999999993,0.15270427775609524,0.10024439694647448,-5.366356842283096,0,0,117
5BZQ J1743+3747,blazar,0.08064530157831712,0.20336692893547634,0.3965507174664767,1.2119988999999993,-0.20813478866055612,0.04296865111307953,-0.9500638741765928,0,0,95
5BZQ J2158-1501,blazar,-0.014029611418888546,0.08006896964505936,-0.1752190827617855,0.584999100000001,-0.02886610765931389,0.7553192804367205,4.349040862539223,0,0,119
5BZQ J2316-3349,blazar,-0.006949786842665743,0.004658343038302629,-1.491901044109893,0.49900050000000107,-0.5144697592108591,7.998635561716013e-14,-0.5001101636755645,0,0,184
5BZU J2204+0440,blazar,-0.09587173534689435,0.013666044016961571,-7.015324641710755,0.38799969999999995,0.6682398299136979,1.4086438896247676e-33,0.04995540252238191,0,0,249
5BZB J1921-1607,blazar,0.0033699556510787664,0.050119584665843896,0.06723829962971271,0.4210004999999999,-0.034091485083243674,0.7976934627952701,-6.126058905717042,0,0,59
5BZG J0741+3205,blazar,0.006763007828409563,0.010729707666690217,0.6303068115643957,0.9720001000000007,-0.23409129951516178,0.0007077066295974713,1.4136945526611915,0,0,206
5BZB J2256-2011,blazar,0.08380803138301099,-0.06714502455897763,-1.2481644311470497,0.5080014000000013,-0.04121779121926798,0.6675425196783628,-0.7493165532710474,0,0,111
5BZQ J2331-3811,blazar,-0.05993860768065025,-0.07019653106703977,0.853868514149326,0.5380000999999996,-0.5745831984568913,6.206616017070618e-14,-1.3501265950718693,0,0,143
5BZB J0952+3936,blazar,0.3023469769949496,-0.07928954695407679,-3.813200965444588,1.558000599999998,-0.4633877803195134,1.9458746183240246e-08,-6.864072991192612,0,0,133
5BZU J2352+3947,blazar,-0.05119068889914832,0.14556396892047138,-0.35167142857389566,1.9869995000000014,0.04456636043164061,0.4777506498180257,2.5236206280673494,0,0,256
5BZG J0927-0900,blazar,-0.10715054500478575,-0.13672333080073085,0.783703442398969,1.6389999000000017,-0.4801631056640938,9.868976721899856e-10,0.646603475371664,0,0,145
5BZG J0745+3312,blazar,-0.008016887805205491,-0.06425648395033505,0.12476387303422769,0.9480009999999996,-0.44007373881697165,1.6789505768552845e-11,-2.450487737624093,0,0,213
5BZB J1927+6117,blazar,0.014737591027718527,-0.018860141033748848,-0.7814146777241316,0.5080002999999991,-0.1938426920153255,3.5450507254769047e-05,0.5001929125366191,0,0,449
5BZG J1750+4700,blazar,-0.043895244278988985,0.17112787021383633,-0.2565055255122312,2.8249999,-0.4044230957551527,1.744323452854464e-25,7.001040984421635,0,0,612
5BZG J1958-3011,blazar,0.00676295574797581,0.07696883138868073,0.08786616122341687,0.2569999999999997,0.21782664402450455,0.02785597670287097,-0.2998764957724848,0,0,102
5BZQ J1752+1734,blazar,-0.0008344359299907655,0.007423872354833024,-0.11239901362899087,0.44899939999999994,-0.6249559740670594,4.5791986126058467e-32,-5.099673487597539,0,0,283
5BZQ J2235-4835,blazar,-0.04263864768562245,-0.005353343076536043,7.964863651744957,0.483000800000001,0.035068370674690985,0.6690312462520784,-0.19997172196084856,0,0,151
5BZB J2256-3303,blazar,0.14551426940486892,-0.1147118054764862,-1.2685204351935395,0.9050007000000004,0.3649799076208159,7.400924389289088e-06,0.299738157092402,0,0,143
5BZQ J2042-2255,blazar,0.3518150361259301,0.08636074408330045,4.073784215969493,1.6780004000000002,0.11984081649843151,0.26055606943134485,-6.343040076076108,0,0,90
5BZB J0907+0857,blazar,-0.19429591411186614,-0.06307356754496753,3.0804649502875394,1.5629998,-0.2955226327923136,1.6938420923906593e-05,4.228170197860374,0,0,205
5BZB J0737+3216,blazar,0.3164354146330521,0.26019397243728887,1.2161519794979814,1.2660007999999987,-0.5877165446910197,0.0001639711239883486,4.00147890291731,0,0,36
5BZQ J1815-7001,blazar,-0.058010391165789266,-0.03881969089415602,1.4943547933948709,4.178000400000002,-0.28660770350545917,2.4019274962459187e-06,2.549955167495277,0,0,262
4FGL J0211.1-0646,blazar,0.44116297608006355,-0.3090559900507126,-1.4274532456325266,0.9900006999999995,-0.33438860201472037,0.10230715830387829,-2.8850607387983556,0,0,25
5BZQ J2025-0735,blazar,-0.0425900080492818,0.07873530038702649,-0.5409264693209898,1.1440000000000001,-0.10972536057710781,0.1155176787651004,4.446002846023135,0,0,207
5BZQ J2150-6802,blazar,0.5524558869471958,0.0856685767228709,6.448757620128723,1.8559989000000012,-0.04680982500139544,0.4957882290610481,-4.546028358503764,0,0,214
5BZB J0737+2846,blazar,-0.0042179554083497505,-0.05098885566987038,0.08272308434727563,1.8529996999999998,-0.17848777299251967,0.007679723021991953,0.5654785531515399,0,0,222
5BZG J0950+1804,blazar,0.2567486092794552,0.04308567044233984,5.9590255099558815,2.1790008000000007,-0.0451444312528303,0.5351727226862992,-3.382439922044627,0,0,191
5BZQ J2318-1659,blazar,-0.010618588308852171,0.14878087559727504,-0.07137065342722484,1.1039999999999992,-0.22934833509756625,0.20670280452284556,2.3130618467835706,0,0,32
5BZQ J2151+0709,blazar,-0.0612723383037285,-0.028171122097583327,2.175005244430245,1.0019998,-0.5584853887218126,1.99092224327394e-20,-3.996493422707736,0,0,232
5BZQ J0513-2159,blazar,0.26429639311256115,0.020298953069440566,10.0,1.4359998999999988,0.0686476047326168,0.40071223918460297,0.44850409438028727,0,0,152
5BZQ J2151-2742,blazar,0.054977552746718256,0.07843708582207427,0.7009127400707958,1.0859994000000004,-0.15257583900887708,0.05112680712020421,-5.1494431262065685,0,0,164
5BZQ J1745+2252,blazar,-0.2137735052866341,-0.2923502367195406,0.731223985605022,1.4970005999999998,-0.24108475799242773,0.04283262103785077,-1.2149559327770023,0,0,71
5BZQ J0927+3902,blazar,-0.05485073139682091,0.05893880745339141,-0.9306386363551157,0.25800030000000085,-0.6602420338264161,4.710596096436067e-33,-6.018674066592062,0,0,253
5BZQ J2050-2628,blazar,-0.044391558518826625,-0.15674746796962152,0.2832043100525869,1.2110003999999996,-0.20320758066790967,0.05074931276437122,0.8025685558145108,0,0,93
5BZQ J1759+2343,blazar,-0.020296486411713062,0.05072309607962783,-0.40014289308859524,0.5380011000000007,-0.7368039684857766,4.750151883637485e-31,7.748868084438745,0,0,174
5BZQ J2335-0131,blazar,-0.023525598730564003,0.2859871577837897,-0.08226103197385418,1.7689990000000009,0.09694769452636501,0.284099371179361,-7.998521529341549,0,0,124
5BZB J0952+7502,blazar,-0.03255501567373779,0.02116257536682842,-1.5383295799039,2.351000899999999,-0.3241348795556497,6.819810438625966e-11,-0.5190937989663245,0,0,386
5BZB J0929+8612,blazar,-0.04254321682954682,0.013988968880621585,-3.0411974744243238,0.49899950000000004,0.004959707037412747,0.9082861710372722,2.338596653006982,0,0,542
5BZQ J2331-2148,blazar,-0.15770667003109365,0.035110609446299484,-4.491709842641746,0.2769995000000005,-0.4508702864412303,0.007447879816415864,-3.948406132855853,0,0,34
5BZQ J2239-5701,blazar,-0.020654865010208932,0.2623099417791182,-0.07874221186630301,1.8810005000000007,-0.41314845654524834,3.016275481266981e-06,2.49963431843258,0,0,119
5BZQ J1934-2416,blazar,0.03620646460792282,-0.0038874041818326363,-9.313789591812917,0.40199949999999873,-0.6692575948972342,4.431601603286812e-15,-2.6124459629479797,0,0,106
5BZB J2145+0719,blazar,0.031219026859741622,-0.0005699512021020933,-10.0,0.9899997000000003,-0.2112093341657601,0.000722024973872087,6.993923762277889,0,0,253
5BZQ J2200-1945,blazar,-0.004144269023810797,0.04982257931284383,-0.08318053944554492,1.0809993000000002,-0.4940122837943631,3.5870746449405398e-09,5.348583490628739,0,0,127
5BZQ J2152-7807,blazar,0.14232953107558455,-0.3505405958935785,-0.4060286675577933,1.1919994000000003,-0.39002568177434915,0.04886774266890126,3.4814810605648185,0,0,26
5BZB J1841+5906,blazar,-0.08317838436896692,-0.08261848953543466,1.0067768708515559,3.933000599999998,-0.3514849166133017,5.499315163125182e-22,2.5524411782804948,0,0,707
5BZQ J0648-1744,blazar,-0.12939955402890868,-0.04638263468043704,2.789827592167505,0.5690003000000008,-0.68001035936801,2.7981791485217036e-24,-3.482479774168379,0,0,169
5BZQ J1835+6119,blazar,-0.05070241717971394,0.01428614418472988,-3.549062400889706,2.4619999999999997,-0.32514286977892315,1.9838103429664975e-22,-2.2027616609516762,0,0,852
5BZQ J2130-4515,blazar,0.03350943675201406,-0.023449974445328797,-1.4289754059279622,1.572000599999999,-0.4432874592451902,6.999379750032188e-07,-1.1499565557140323,0,0,115
5BZG J2308-2219,blazar,-0.02102878389403748,0.1102743427112013,-0.19069516423335203,0.6020003000000003,-0.46442310143461185,0.00027348910548561435,1.9978366541711126,0,0,57
5BZB J2014+0648,blazar,0.1161009152945913,-0.013668712487011734,-8.493917434060636,0.7040004000000017,0.4478180409947196,5.172119107839737e-10,-0.1498697251917864,0,0,175
5BZB J2304+3705,blazar,0.059090483334074295,-0.01977144368781421,-2.988678230436642,1.427000099999999,0.17109753100683506,0.020922268902247066,0.9987827738887055,0,0,182
5BZB J2334+1432,blazar,0.0607913582719413,0.09395475500605856,0.647028011174328,1.3260003000000005,-0.15348822947680774,0.01395662179877378,3.624103816825457,0,0,256
5BZB J1811+1704,blazar,-0.14779109590817963,0.024670553216553804,-5.990587021332486,1.5039997000000014,-0.033612977628198135,0.6443526351737703,0.4500537441400411,0,0,191
5BZB J2256+1305,blazar,0.06673315377767516,0.12622369312231757,0.5286895996063682,0.7659997000000001,-0.1588422377802919,0.04986425687897456,0.7498780219835736,0,0,153
5BZQ J0515-4556,blazar,0.019949139216489407,0.057102403785127015,0.3493572580859616,0.3609990099999987,0.3068669039778874,1.0288271079844434e-08,-4.528307830963719,0,0,334
5BZB J1011+0106,blazar,0.027923756866866906,-0.053553013698645895,-0.5214226975908355,2.1139993000000015,-0.3266776531168286,2.345310384775288e-06,-3.9291898028698116,0,0,200
5BZB J0909+2311,blazar,0.018969699311126145,-0.030221957341961394,-0.6276793755111236,0.7380008,-0.014573264873197288,0.8385281865766552,0.5471871433301839,0,0,198
4FGL J0609.2-0247,blazar,0.1569548117201749,0.09794645644561273,1.6024552333583202,1.3760004000000006,-0.33077341036397645,0.0487856642746389,1.667970043492405,0,0,36
5BZQ J2350+1106,blazar,0.20046384493270863,-0.017130701691300272,-10.0,1.6770001000000025,-0.17742530958594166,0.010352797495536532,0.4727021157683778,0,0,208
5BZQ J2213-2529,blazar,-0.2010893971320213,-0.11027422273329625,1.8235394650512853,1.9160003999999997,0.10468531571222281,0.44687909826897426,6.849250251043126,0,0,55
5BZB J2005+7004,blazar,-0.0435608871938953,-0.002375734713560845,10.0,4.217001,-0.362237955293911,3.090677419068519e-16,-1.9977890150354543,0,0,477
5BZB J1925-2219,blazar,-0.013286986961368721,0.07275104610873413,-0.18263636981260606,1.1280002000000025,-0.06350575335519429,0.5260073863611646,-2.4219768493166334,0,0,102
5BZQ J0607+6720,blazar,0.04557826482222522,-0.0471253596038567,-0.9671706530276563,2.7510004000000006,-0.329753102357217,9.279167763885485e-10,-0.7960302357771386,0,0,328
5BZB J0925+3127,blazar,0.012370077913956404,0.0768570701654201,0.16094912136687212,0.8649998000000014,-0.034686234539792665,0.6146819685791429,2.735918937796029,0,0,213
5BZB J0712+5719,blazar,-0.018907213399598426,0.14409825870917664,-0.13121056124458466,1.7819996000000025,-0.5203594512721814,5.8892841125986345e-19,-0.994943040342232,0,0,253
5BZB J2252+1245,blazar,-0.10090272052470838,0.026961469788353343,-3.7424784819518906,0.6370000999999998,0.22146182614367332,0.0010220974660733408,-1.999550679151263,0,0,217
5BZQ J2146-7755,blazar,0.03250826506157786,0.043424237332130154,0.7486202880879287,2.3909998000000012,-0.5254207267480825,9.773648139275812e-26,1.9002796987214265,0,0,343
5BZQ J0951-2123,blazar,-0.048743678127735855,0.12184186516733174,-0.4000568939156803,1.2480000999999987,-0.4250678453679465,1.651440890841616e-07,3.830156099252977,0,0,140
5BZB J2329+3754,blazar,0.012042509984105674,0.07038254526840618,0.1711008025950349,0.9919996000000015,-0.058011034453245916,0.3450387421470908,2.4705728067397708,0,0,267
5BZQ J2207-5346,blazar,-0.06867278239189151,-0.08960185026044827,0.7664214767025275,1.091000600000001,-0.3226865140625308,1.4081450034617861e-05,-5.499707085028062,0,0,174
5BZQ J2128-0244,blazar,0.22296584339698436,0.28093276012803575,0.7936626660962116,1.9399985999999991,-0.5708644153908873,0.00187280867876565,-5.906057671431898,0,0,27
5BZQ J0910+2248,blazar,0.4141391425192844,0.04329659500314118,9.565166556151551,1.5950003000000024,-0.09600241526884275,0.5453184052457576,1.7687351828410673,0,0,42
5BZQ J2256-2735,blazar,-0.3681861393954536,-0.021711185786735206,10.0,1.507999400000001,-0.08472440193425212,0.419404161115585,-3.097020533601642,0,0,93
5BZB J2001+7040,blazar,-0.04601857603248736,-0.027607769564175818,1.666870477367416,1.2989997000000013,-0.014393807154393631,0.7450038551096066,3.8405734988962363,0,0,513
5BZQ J2037-1522,blazar,0.5470028596558993,-0.2860472895422013,-1.9122812194142416,1.409999899999999,-0.11968879372703724,0.41777415333228124,-3.057598791549353,0,0,48
5BZB J0724+2621,blazar,-0.04114495463507502,-0.036194934926276026,1.1367600112800722,0.3620005000000024,-0.6216212952046412,5.635815543756821e-17,-3.816956925986854,0,0,146
5BZB J2017-3753,blazar,0.004239675068844227,0.06878844841743219,0.061633532466329334,1.5959997000000001,0.008588565011732802,0.9236532139136561,0.9974787102718685,0,0,127
5BZU J0909+4253,blazar,0.056807937631697634,-0.011336871967354228,-5.010900519586209,0.5289992999999988,-0.40504876548430213,1.0973793640114144e-11,-8.3573457800345,0,0,260
5BZQ J0746+2549,blazar,-0.12439058235027964,0.19397871314903456,-0.641258931616429,0.9689987999999996,0.05291531613358502,0.7268962614220299,-2.4871050229164937,0,0,46
4FGL J0026.6-4600,blazar,0.023390979971676745,0.14993243424183217,0.1560101394335296,0.961000499999999,-0.3192060985255968,5.7777668125384356e-05,0.44987081922628386,0,0,153
5BZB J1844+5709,blazar,0.040018903477499666,0.014288948459628614,2.800689189310702,1.5599995,-0.10217645314054888,0.010100725805408328,-0.6008987489002049,0,0,633
4FGL J0345.2-2353,blazar,0.24763740473882304,-0.147510930494355,-1.6787732536762738,2.0220003,-0.5498284851709576,9.144026819717124e-05,2.0893656829823404,0,0,45
4FGL J0719.1-7055,blazar,-0.3819791419787063,0.1605752903274441,-2.378816449279194,1.2350005999999993,-0.4935570513400972,0.016694661523932113,2.5921626004254623,0,1,23
5BZQ J0923+2815,blazar,0.08077835049976624,-0.1242365411276209,-0.6501979994499958,1.4089995000000002,0.39838108942817013,2.762923672212928e-10,0.29846266035236174,0,0,233
5BZB J2214+0020,blazar,0.03994140883345295,0.26407249518557646,0.15125168111652143,1.7760000999999992,-0.07532042499143227,0.2867061903249848,2.747429407327173,0,0,202
5BZB J2015-0137,blazar,0.01887996803376841,-0.08873212282047979,-0.21277489407038985,0.3800001000000002,-0.055746976242784886,0.5319682586379666,0.5494229046991103,0,0,128
5BZQ J1747+2324,blazar,-0.021703164063997336,0.14987072282941988,-0.14481256681933455,1.9659996,-0.3108090586498197,3.67909398365761e-07,-0.4499756452361394,0,0,257
5BZB J1901-2112,blazar,0.11311451120263934,0.4473325641591574,0.25286446877673335,1.4049998000000006,-0.003672020549637514,0.9697712706547603,2.991840180353597,0,0,109
5BZQ J2118-0636,blazar,-0.0024158948287735494,-0.0016821831759644711,1.4361663243887863,0.5489997999999989,-0.5936981696835664,1.0080984124315791e-20,2.4996487901232043,0,0,203
5BZB J1747+4937,blazar,-0.07418443517333893,0.02328898443115228,-3.185387297271188,1.7879991000000004,-0.3802167296288881,2.843127834275178e-16,-3.8004719685415442,0,0,431
5BZU J2327+1524,blazar,0.0631210575071572,-0.07571445956702737,-0.8336724301819566,0.42599965999999867,0.546296163513242,1.3596338012737842e-18,0.5777515777820666,0,0,221
5BZB J0908+1609,blazar,0.11565718881002209,0.041177930193824736,2.8087178803214026,1.2889996000000004,-0.186326983636436,0.011786797287074963,-1.7409659276242286,0,0,182
5BZQ J2321+3204,blazar,-0.1223317609361665,0.03156367399364954,-3.8757136118177837,2.1439991999999997,-0.2170478182501186,0.0006575416773590678,4.520493972294041,0,0,243
5BZB J0909+3106,blazar,0.073428012608103,-0.04597290313628949,-1.5972019950626384,0.6289997000000014,-0.430293073481945,7.2031820346730325e-09,-1.5917812803986309,0,0,166
5BZQ J0909+5216,blazar,-0.04697207115024817,0.004358497144633618,-10.0,0.46399970000000224,-0.6133725441869583,4.445100649625628e-17,2.4506150098343635,0,1,152
5BZB J0556-4351,blazar,-0.040632797364609057,0.0429253568033892,-0.9465919538122713,1.5939998000000006,-0.04930294972558949,0.3384472531885191,-3.7820171899822044,0,0,379
4FGL J0442.6-0017,blazar,-0.004896460978038304,-0.037464905466396727,0.13069460384545933,1.052000099999999,-0.2250318091275995,0.0015622650108979273,-4.7264027908473665,0,0,195
5BZQ J1942-7015,blazar,0.12568850376402763,0.06433261531105691,1.9537291179024308,1.9390002000000006,-0.5468920271417188,1.2841615038608872e-22,3.5180631843539985,0,0,272
5BZQ J0810+3847,blazar,-0.03450245101545088,0.27303386779917577,-0.1263669276400114,1.4069994999999995,-0.45032934195057983,0.00011654147279409143,0.9893728461724849,0,0,68
5BZB J2340+2641,blazar,0.20593397884490924,0.3963063378281294,0.5196333219738185,1.3519992999999975,-0.5340137730654069,3.819679215470257e-05,-0.9451852613741266,0,0,53
5BZB J2353-3037,blazar,-0.03935532410534383,-0.05441732779390579,0.7232130959166878,0.9939994999999993,-0.061248865914573083,0.44900137779824373,4.34891307311622,0,0,155
5BZQ J0456-3136,blazar,0.14616649154375566,0.20708264734028972,0.7058365025803768,1.407000700000001,0.06916648533568436,0.34689832803073045,-5.125028620653382,0,0,187
5BZQ J0554+6857,blazar,-0.12289234240618832,0.0552206334500242,-2.2254786794035675,1.9440002999999972,0.048068785242046684,0.4147758283484397,0.44777166673552427,0,0,290
5BZQ J1930-6056,blazar,0.08157567499359608,0.029913024382646584,2.72709552702135,1.5519999999999996,-0.4127249110559631,5.284022130277412e-09,-0.5225155270262838,0,0,185
5BZB J1917-1921,blazar,0.024876998926036294,-0.048155084427424236,-0.5166017092863591,0.21399960000000107,0.4960652146041318,4.479655183294336e-06,0.37994989148364144,0,0,77
5BZB J1936-4719,blazar,0.002615270323540151,-0.026823674147609864,-0.09749858685086905,3.58799928,-0.11661074776849359,0.11295501221827108,4.41751471659754,0,0,186
5BZQ J1743-0350,blazar,-0.047138709056220196,0.02562100227226934,-1.8398464101945127,0.42099959999999825,-0.371225155512218,1.3471192924250986e-06,-0.949915894784668,0,0,160
5BZB J0955+3551,blazar,0.0049509245935504135,0.20890131555229097,0.023699824869274827,1.9300003000000014,-0.25456336049623013,0.00043833011498055504,-2.686101532514165,0,0,187
5BZQ J0928+4446,blazar,-0.14892629143149672,-0.012626508108352958,10.0,11.59199941,-0.4864959009675675,2.9343335317644685e-16,-1.5918483854587266,0,0,250
5BZB J0621-3411,blazar,-0.04467677519161777,-0.09341307908576046,0.47827109039624977,1.4270001000000008,-0.40289773117919603,5.401457441359313e-10,-2.9849344413963044,0,0,220
5BZQ J0631-4154,blazar,0.010058062411879648,0.02835032952059342,0.3547776192362619,1.9590005999999995,-0.39912599076480376,1.3611318334137508e-11,1.2937352325245735,0,0,266
5BZQ J1738-5334,blazar,-0.01393805144132675,0.10047427275598776,-0.13872259095795358,0.432001099999999,-0.532667233181469,2.9587455360593946e-09,-0.6498258176999314,0,0,108
5BZB J2134-0153,blazar,0.04414861090417071,0.1002992845371262,0.4401687520296211,0.4759998000000003,-0.4687717762328398,3.147927454224916e-10,6.897930619535935,0,0,162
5BZU J2034+1154,blazar,-0.19487419365032516,0.040132378135926815,-4.855784847593476,0.8699998999999998,0.7372374392485802,1.5661453253889029e-34,0.0,0,0,194
5BZQ J2039-7206,blazar,-0.027832851544187947,0.009726570816940361,-2.861527671778489,1.7169999999999987,-0.3842584710739606,1.5211208934688308e-09,0.9975404037585224,0,1,231
5BZB J2325+1646,blazar,-0.025216189939973654,0.10915750858196975,-0.23100737885601372,1.2360001,-0.11849353326439431,0.16168007686721242,1.4179504741983564,0,0,141
5BZQ J1848+3219,blazar,-0.051861028685086935,-0.004851847383182994,10.0,0.8769998000000001,-0.16693561165659926,0.0037350419768629075,5.225171188023267,0,0,300
5BZU J2159-2841,blazar,0.08636191217969046,0.03117422117982217,2.7702989492994643,0.7490006000000005,0.1958552514368485,0.013959440465662594,-0.19995148738124582,0,0,157
5BZQ J2106+2135,blazar,-0.028609427386495512,-0.04829475395734215,0.5923920310633672,1.1430005999999988,0.05531233107901272,0.4132198667712558,0.7998783568536619,0,0,221
5BZB J2056-3208,blazar,-0.019738605244774044,0.007028244548033335,-2.8084687591437554,0.9919996999999992,0.1693680864722641,0.04704460779807392,0.49956663969883586,0,0,138
5BZG J2311-0946,blazar,0.036408628779655526,0.24834364519235125,0.14660584027207826,1.6909999999999972,-0.3820323729305418,1.6650841760542076e-05,-1.7497255672806298,0,0,120
5BZB J0951+0102,blazar,0.02218216630692207,-0.0012304338464522008,-10.0,1.5269993999999993,-0.39409168895273117,2.8540547450283034e-08,7.710223039511294,0,0,185
4FGL J0201.1+0036,blazar,0.2266608423502177,0.04343893195540389,5.217919321380107,1.892998699999998,-0.5448656129385543,3.2419557458448056e-06,5.5213029246299765,0,0,64
5BZG J2140-2339,blazar,0.07624677104758291,-0.2199500832440991,-0.3466548860677846,2.024001199999999,-0.4431937659546686,1.6913897844731256e-08,-5.999173830718674,0,0,148
5BZU J2209-4710,blazar,0.03615406941188164,0.09428480689907827,0.38345594164053043,0.4330000899999993,0.1788088357367349,0.011719519112485845,0.4999430587967141,0,0,198
5BZU J0619-1140,blazar,0.15524294256819715,0.10116265864083183,1.5345874125290844,1.461999800000001,0.08932703958119183,0.37925792071700865,2.919224474045179,0,0,99
5BZQ J1936-0402,blazar,-0.026847031859826388,0.008842742897536103,-3.036052520231806,0.6869992999999983,-0.49519932195824035,4.335920799192541e-09,4.999117178083504,0,0,125
5BZU J2211-1328,blazar,0.03284313953515559,0.042520140138043665,0.7724137180293565,0.25300030000000007,-0.2780068365830591,0.0002419335316335923,4.24620239271321,0,0,170
5BZB J0754+4823,blazar,0.03778015161979074,0.015047805094287664,2.510675236891031,0.34999939999999974,-0.22776385704237262,0.00015125579822535651,1.367779179757563,0,0,272
5BZB J2143-3929,blazar,0.004877210759430346,0.06223038607856561,0.07837346137099145,1.1309994999999997,0.18759219806594343,0.015198721228603513,7.998311611947977,0,0,167
5BZQ J0516-1537,blazar,-0.033778148946731666,-0.2620865176109119,0.12888167332925532,1.636000600000001,-0.527922380243351,2.3216694069403432e-08,1.9900540236988382,0,0,98
5BZQ J2038+5119,blazar,-0.0016565394940562367,-0.0847945761923054,0.019535913361951065,1.7500009999999993,-0.17982410761864215,0.00434031154600202,-0.8497032740229975,0,0,250
5BZQ J1918+5520,blazar,0.15545205308700738,0.03570249312887034,4.354095175535604,1.7829999999999995,-0.2307832615812836,7.895708857683059e-07,3.2500838945256665,0,0,448
5BZU J0908-0959,blazar,-0.03927997837851317,-0.009534711103231314,4.119682070409159,0.5589999999999993,-0.5648234637778926,6.67644653468987e-09,0.7958140812594122,0,0,90
5BZQ J1832+1357,blazar,0.014518855623950883,0.6234823704523434,0.02328671396661511,2.2220001000000007,-0.13580142075098792,0.11493433323466946,2.300336843157838,0,0,136
5BZQ J0505-0419,blazar,0.05807135518868273,0.026912500657549663,2.15778369790368,1.2159996,0.004907063756685301,0.9486122899364353,-0.8970731075236137,0,0,175
5BZQ J1938-1749,blazar,0.06298196391117016,0.18913148913704111,0.3330062286219013,1.3049993999999998,0.01637614816782613,0.8407657685184172,-2.1849286652402484,0,0,153
5BZB J1849-4314,blazar,0.04628068619853116,-0.005226424499223501,-8.855133410117597,0.3309993999999996,-0.49642622506195827,1.8946453058050593e-09,-4.845340103242445,0,0,130
5BZG J2256+2618,blazar,0.01707106113487722,-0.04999069015791448,-0.3414848060899304,0.5279997999999999,0.036135583179098055,0.6169193195221919,2.9416193953357967,0,0,194
5BZQ J2318-4010,blazar,0.10201281297771556,-0.40513388818189733,-0.2518002466678714,1.7709998999999996,-0.07595240134021272,0.5058705115107379,6.943637402716351,0,0,79
5BZQ J1849+3024,blazar,-0.08477911350717852,0.11307311570352957,-0.7497725076353596,0.6869992999999983,-0.271951037451601,0.0777031299077301,5.108957728344696,0,0,43
5BZQ J2145+1115,blazar,-0.013597924519358812,0.003535192206336384,-3.84644560343459,0.4139994999999974,-0.5669879021061868,1.2744832599250046e-24,1.59859597470226,0,1,273
5BZQ J2333-0131,blazar,0.14721252561725062,0.04851643647565545,3.0342814994485185,1.6630000000000003,0.012946800742931683,0.885591172403335,-7.549164029314452,0,0,126
5BZQ J2246-5607,blazar,0.13718086833924115,-0.1651187351618146,-0.830801351553507,3.5520001000000008,-0.308945854145746,1.600947070217345e-06,-1.6994317703386732,0,0,232
5BZB J0623-5257,blazar,-0.08157254721136316,0.05823544477367018,-1.4007370859515493,1.9130000999999996,-0.651885322668112,6.101012745286294e-30,0.5474737167622175,0,0,236
5BZB J0533-4632,blazar,-0.10131331392081529,0.03699291517760535,-2.738722088659507,1.8250007999999998,-0.5599508756397908,7.90802641221902e-26,-2.0427024707282677,0,0,296
5BZB J2227+0037,blazar,-0.12345046266806914,-0.0193511939463991,6.37947524116676,1.0069990000000004,-0.2378578202828191,0.001388299748098101,1.9825048673363455,0,0,178
5BZB J0650+2502,blazar,-0.021653069626964595,-0.040659393776966785,0.5325477734798615,0.23499979999999887,-0.09074331969339323,0.21554243398629716,0.746207881591376,0,0,188
5BZG J1804+0042,blazar,0.05568776680775057,0.055395518309570464,1.0052756704350505,1.2949991000000018,-0.8129520064033279,1.7591990298549006e-42,1.3498867459663253,0,0,175
5BZQ J2327+0940,blazar,-0.10746872110648707,0.07136762167833474,-1.5058470294956128,1.4089995000000002,-0.08616955418968722,0.21365543715439117,5.830637700758519,0,0,210
5BZB J2047-2908,blazar,0.05334721990917027,-0.06724629828426004,-0.7933108776287385,1.4639987000000012,-0.4458795269094768,5.276061817330049e-07,2.1481500433456526,0,0,116
5BZQ J2108-2911,blazar,0.04792326668596683,0.12141450430697348,0.39470792192011894,1.183999,-0.07934778485593286,0.6713434854833952,3.846309847130179,0,0,31
5BZQ J0750+1823,blazar,0.024998880812309106,-0.1578448358111746,-0.15837629836819353,1.5929994999999995,-0.3914152957496211,3.309704411339091e-08,-5.419216784621501,0,0,186
5BZQ J2010+6116,blazar,-0.02016796733645694,0.6099668763526955,-0.03306403694746762,2.2379998999999984,-0.22458974110319418,9.089956510986902e-06,0.9457042323400409,0,0,383
5BZQ J0905+2849,blazar,0.04885295822041746,0.04114686738914834,1.187282564147312,1.1419992000000008,-0.48450408940980944,1.8284296976829013e-13,2.984591992747433,0,0,205
5BZQ J2347-5110,blazar,0.049696694075993364,-0.36152559050326505,-0.13746383487490504,2.1100007000000005,-0.18699623411511207,0.007404257374750465,3.1973376466004106,0,0,204
5BZQ J0741+3112,blazar,0.007390858665629051,-0.026666014912611783,-0.27716397406398807,0.24300000000000033,-0.6294638326719648,1.0869942077044357e-23,6.549867314173719,0,0,202
5BZQ J0617+7816,blazar,-0.6012354699055817,-0.27494564099879953,2.1867430511771846,1.9989996000000012,-0.41964037490656125,5.34568069691213e-12,-0.845689460945106,0,0,248
5BZB J1840+5452,blazar,0.19800874448301178,-0.10581681091166543,-1.8712408999767252,2.855999999999998,-0.09031136864309997,0.03712691422016933,-3.39589613418754,0,0,533
5BZQ J2223-3455,blazar,0.027978483059221102,0.006512699752676352,4.295988472019384,0.7299995000000017,-0.7470462806099677,4.604311832407982e-26,5.49926282735797,0,0,139
5BZQ J1814+4113,blazar,0.06381976617072191,-0.29552534805922465,-0.21595361139015437,2.4939994999999993,-0.4647934434839512,2.9432331012788316e-23,-1.501574063420944,0,0,408
5BZQ J0719+3307,blazar,-0.03856599936410826,-0.01091645318508309,3.5328323870620544,1.0459986999999984,-0.31868144779360424,7.973726264741517e-07,-3.333082551307051,0,0,230
5BZQ J2215-2944,blazar,-0.029120443006305494,-0.0352616231889541,0.8258395494234546,0.5120009999999979,-0.4378521526793662,4.0943944220708365e-07,-3.4995211293963027,0,0,123
5BZB J2150+1119,blazar,0.11401881750290416,-0.17641777243807763,-0.6463000633506162,1.3559998999999987,-0.35151838377422917,2.3279895513415275e-09,2.997338588336756,0,0,273
4FGL J1125.0-5804,blazar,0.06221159079168171,-0.0019536609051985627,-10.0,1.5259999999999998,-0.2929424169193996,0.007954441733290563,1.2733979825014379,0,1,81
5BZU J0539-1550,blazar,0.011865950892763715,0.11386668878013988,0.1042091503659613,2.112999799999999,-0.9035701355266941,2.121271200736147e-77,3.3865847275154035,0,0,207
5BZQ J0544-2241,blazar,-0.0016675588618275821,-0.002114350400300141,0.7886861428412552,0.4529999999999994,-0.6312809624637097,5.696472481247146e-25,-2.440980131736753,0,0,212
5BZQ J0558-1317,blazar,-0.10421046487605772,-0.16960818689827975,0.6144188366246528,1.8299999000000007,-0.4384711943385275,3.1034659306177934e-10,2.1888662415540057,0,0,188
